"STATION","NAME","LATITUDE","LONGITUDE","ELEVATION","DATE","CDSD","EMNT","EMXT","HDSD","TAVG","TMAX","TMIN"
"USC00205690","MUNISING, MI US","46.4121","-86.6625","207.3","2000-07","23.8","4.4","27.2","68.3","16.7","21.6","11.8"
"USC00205690","MUNISING, MI US","46.4121","-86.6625","207.3","2000-08","37.9","6.7","27.8","119.7","17.1","22.1","12.2"
"USC00205690","MUNISING, MI US","46.4121","-86.6625","207.3","2000-09","43.2","0.0","30.0","284.7","13.0","17.4","8.7"
"USC00205690","MUNISING, MI US","46.4121","-86.6625","207.3","2000-10","43.2","-1.7","21.1","582.8","8.7","12.7","4.7"
"USC00205690","MUNISING, MI US","46.4121","-86.6625","207.3","2000-11","43.2","-10.0","18.3","1088.0","1.5","4.5","-1.5"
"USC00205690","MUNISING, MI US","46.4121","-86.6625","207.3","2000-12","43.2","-22.2","0.6","1932.0","-8.9","-5.4","-12.4"
"USC00203391","GRAYLING, MI US","44.64536","-84.69921","350.8","2000-07","77.8","2.8","30.6","48.1","18.0","25.0","10.9"
"USC00203391","GRAYLING, MI US","44.64536","-84.69921","350.8","2000-08","103.3","0.6","28.9","101.9","17.4","24.7","10.2"
"USC00203391","GRAYLING, MI US","44.64536","-84.69921","350.8","2000-09","125.2","-5.6","31.7","275.6","13.3","20.1","6.5"
"USC00203391","GRAYLING, MI US","44.64536","-84.69921","350.8","2000-10","125.5","-8.9","24.4","575.5","8.7","15.9","1.4"
"USC00203391","GRAYLING, MI US","44.64536","-84.69921","350.8","2000-11","125.5","-9.4","19.4","1028.2","1.4","5.0","-2.3"
"USC00203391","GRAYLING, MI US","44.64536","-84.69921","350.8","2000-12","125.5","-27.2","1.1","1872.8","-9.8","-5.4","-14.2"
"USC00205452","MILFORD GM PROVING GROUND, MI US","42.5794","-83.6844","295.7","2000-07",,"8.9","29.4","21.7","19.0","24.8","13.2"
"USC00205452","MILFORD GM PROVING GROUND, MI US","42.5794","-83.6844","295.7","2000-08",,"7.8","30.0","42.2","19.9","25.1","14.7"
"USC00205452","MILFORD GM PROVING GROUND, MI US","42.5794","-83.6844","295.7","2000-09",,"1.7","30.6","145.8","15.8","21.3","10.3"
"USC00205452","MILFORD GM PROVING GROUND, MI US","42.5794","-83.6844","295.7","2000-10",,,"23.9",,,"18.2",
"USC00205452","MILFORD GM PROVING GROUND, MI US","42.5794","-83.6844","295.7","2000-11",,"-12.2","18.9",,"2.8","6.6","-1.0"
"USC00205452","MILFORD GM PROVING GROUND, MI US","42.5794","-83.6844","295.7","2000-12",,"-27.2","3.3",,"-10.2","-4.5","-15.9"
"USC00205450","MILAN 4 ESE, MI US","42.06639","-83.61861","204.2","2000-07",,"8.9","29.4","7.8","20.1","26.1","14.1"
"USC00205450","MILAN 4 ESE, MI US","42.06639","-83.61861","204.2","2000-08",,"3.3","31.7","26.4","20.2","26.5","13.9"
"USC00205450","MILAN 4 ESE, MI US","42.06639","-83.61861","204.2","2000-09",,"0.6","30.6","107.9","16.9","23.5","10.3"
"USC00205450","MILAN 4 ESE, MI US","42.06639","-83.61861","204.2","2000-11",,"-11.1","20.0",,"4.2","8.4","0.1"
"USC00205450","MILAN 4 ESE, MI US","42.06639","-83.61861","204.2","2000-12",,"-25.0","2.8",,"-7.9","-3.8","-12.1"
"USC00201492","CHEBOYGAN, MI US","45.65225","-84.47239","177.4","2000-07","66.4","0.0","29.4","36.8","18.8","24.3","13.3"
"USC00201492","CHEBOYGAN, MI US","45.65225","-84.47239","177.4","2000-08","100.6","6.7","28.9","67.9","18.4","23.8","13.1"
"USC00201492","CHEBOYGAN, MI US","45.65225","-84.47239","177.4","2000-09","120.4","-1.7","33.3","202.9","14.5","20.4","8.6"
"USC00201492","CHEBOYGAN, MI US","45.65225","-84.47239","177.4","2000-10","124.8","-5.0","27.2","459.1","10.2","16.0","4.4"
"USC00201492","CHEBOYGAN, MI US","45.65225","-84.47239","177.4","2000-11","124.8","-8.3","20.0","908.7","3.4","6.6","0.1"
"USC00201492","CHEBOYGAN, MI US","45.65225","-84.47239","177.4","2000-12","124.8","-19.4","3.3","1704.6","-7.3","-3.7","-10.9"
"USC00207350","SANDUSKY, MI US","43.4194","-82.8191","235.9","2000-07",,"7.2","30.6","19.0","18.9","25.1","12.7"
"USC00207350","SANDUSKY, MI US","43.4194","-82.8191","235.9","2000-08",,"5.6","29.4",,"19.3","25.1","13.4"
"USC00207350","SANDUSKY, MI US","43.4194","-82.8191","235.9","2000-09",,,"31.1",,,"21.1",
"USC00207350","SANDUSKY, MI US","43.4194","-82.8191","235.9","2000-10",,,"23.9",,,"16.7",
"USC00207350","SANDUSKY, MI US","43.4194","-82.8191","235.9","2000-11",,,"19.4",,,"6.5",
"USC00207350","SANDUSKY, MI US","43.4194","-82.8191","235.9","2000-12",,"-20.0","2.8",,"-8.4","-3.3","-13.6"
"USC00208043","TAHQUAMENON FALLS S P, MI US","46.6013","-85.2238","227.1","2000-07",,"-1.7","31.1","74.7","16.4","24.3","8.6"
"USC00208043","TAHQUAMENON FALLS S P, MI US","46.6013","-85.2238","227.1","2000-08",,"-0.6","28.9","154.5","16.2","24.1","8.3"
"USC00208043","TAHQUAMENON FALLS S P, MI US","46.6013","-85.2238","227.1","2000-09",,"-3.3","30.6","356.7","11.5","18.6","4.4"
"USC00208043","TAHQUAMENON FALLS S P, MI US","46.6013","-85.2238","227.1","2000-10",,"-7.8","22.2","673.8","7.7","13.9","1.5"
"USC00208043","TAHQUAMENON FALLS S P, MI US","46.6013","-85.2238","227.1","2000-11",,"-10.0","19.4","1099.9","1.4","5.3","-2.4"
"USC00208043","TAHQUAMENON FALLS S P, MI US","46.6013","-85.2238","227.1","2000-12",,,,,,,
"USC00207190","RUDYARD 4 N, MI US","46.2963","-84.5761","229.5","2000-07","50.5","2.2","31.7","44.7","18.1","24.9","11.2"
"USC00207190","RUDYARD 4 N, MI US","46.2963","-84.5761","229.5","2000-08","79.8","1.7","31.1","86.2","17.9","24.7","11.1"
"USC00207190","RUDYARD 4 N, MI US","46.2963","-84.5761","229.5","2000-09","85.9","-1.1","25.6","246.6","12.9","18.9","6.9"
"USC00207190","RUDYARD 4 N, MI US","46.2963","-84.5761","229.5","2000-10","85.9","-6.7","22.8","551.4","8.1","13.9","2.4"
"USC00207190","RUDYARD 4 N, MI US","46.2963","-84.5761","229.5","2000-11","85.9","-14.4","17.2","1044.6","1.4","4.6","-1.8"
"USC00207190","RUDYARD 4 N, MI US","46.2963","-84.5761","229.5","2000-12","85.9","-23.9","2.2","1904.6","-10.2","-5.4","-15.1"
"USC00200718","BERGLAND DAM, MI US","46.5869","-89.5475","396.2","2000-07",,,,,,,
"USC00200718","BERGLAND DAM, MI US","46.5869","-89.5475","396.2","2000-08",,"3.3","30.0",,"17.3","24.6","10.0"
"USC00200718","BERGLAND DAM, MI US","46.5869","-89.5475","396.2","2000-09",,"-2.8","30.0",,"11.9","18.7","5.0"
"USC00200718","BERGLAND DAM, MI US","46.5869","-89.5475","396.2","2000-10",,"-5.0","26.1",,"7.7","14.8","0.6"
"USC00200718","BERGLAND DAM, MI US","46.5869","-89.5475","396.2","2000-11",,"-12.2","19.4",,"-0.3","3.4","-4.0"
"USC00200718","BERGLAND DAM, MI US","46.5869","-89.5475","396.2","2000-12",,"-27.8","0.0",,"-13.3","-8.6","-17.9"
"USW00014853","DETROIT WILLOW RUN AIRPORT, MI US","42.23666","-83.52638","215.7","2000-07",,,,,,,
"USW00014853","DETROIT WILLOW RUN AIRPORT, MI US","42.23666","-83.52638","215.7","2000-08",,"6.7","31.1",,"20.3","26.0","14.7"
"USW00014853","DETROIT WILLOW RUN AIRPORT, MI US","42.23666","-83.52638","215.7","2000-09",,"2.2","30.6",,"16.0","22.1","9.9"
"USW00014853","DETROIT WILLOW RUN AIRPORT, MI US","42.23666","-83.52638","215.7","2000-10",,"-2.8","25.6",,"12.0","17.9","6.1"
"USW00014853","DETROIT WILLOW RUN AIRPORT, MI US","42.23666","-83.52638","215.7","2000-11",,"-9.4","18.3",,"3.7","7.5","-0.2"
"USW00014853","DETROIT WILLOW RUN AIRPORT, MI US","42.23666","-83.52638","215.7","2000-12",,"-21.1","2.8",,"-8.3","-3.9","-12.8"
"USW00014850","TRAVERSE CITY CHERRY CAPITAL AIRPORT, MI US","44.73895","-85.5679","185.2","2000-07","116.0","5.0","31.7","28.0","19.5","25.6","13.4"
"USW00014850","TRAVERSE CITY CHERRY CAPITAL AIRPORT, MI US","44.73895","-85.5679","185.2","2000-08","161.6","4.4","31.7","52.4","19.0","24.9","13.1"
"USW00014850","TRAVERSE CITY CHERRY CAPITAL AIRPORT, MI US","44.73895","-85.5679","185.2","2000-09","185.6","-2.8","28.9","172.4","15.1","20.6","9.6"
"USW00014850","TRAVERSE CITY CHERRY CAPITAL AIRPORT, MI US","44.73895","-85.5679","185.2","2000-10","191.2","-5.6","25.6","408.1","10.9","16.9","5.0"
"USW00014850","TRAVERSE CITY CHERRY CAPITAL AIRPORT, MI US","44.73895","-85.5679","185.2","2000-11","191.2","-7.2","21.7","852.7","3.5","6.3","0.8"
"USW00014850","TRAVERSE CITY CHERRY CAPITAL AIRPORT, MI US","44.73895","-85.5679","185.2","2000-12","191.2","-18.9","2.8","1617.8","-6.4","-3.2","-9.5"
"USW00094889","ANN ARBOR MUNICIPAL AIRPORT, MI US","42.22393","-83.73983","250.6","2000-07","145.4","8.9","30.0","11.2","19.9","25.9","14.0"
"USW00094889","ANN ARBOR MUNICIPAL AIRPORT, MI US","42.22393","-83.73983","250.6","2000-08","221.7","6.1","31.7","27.1","20.4","26.3","14.4"
"USW00094889","ANN ARBOR MUNICIPAL AIRPORT, MI US","42.22393","-83.73983","250.6","2000-09","256.6","1.1","31.1","137.4","15.8","22.3","9.3"
"USW00094889","ANN ARBOR MUNICIPAL AIRPORT, MI US","42.22393","-83.73983","250.6","2000-10","258.3","-3.9","25.6","341.2","11.8","18.1","5.5"
"USW00094889","ANN ARBOR MUNICIPAL AIRPORT, MI US","42.22393","-83.73983","250.6","2000-11","258.3","-12.2","20.0","784.6","3.6","7.6","-0.4"
"USW00094889","ANN ARBOR MUNICIPAL AIRPORT, MI US","42.22393","-83.73983","250.6","2000-12","258.3","-27.8","3.9","1627.5","-8.9","-3.6","-14.1"
"USC00203429","GREENVILLE 2 NNE, MI US","43.2026","-85.2421","270.7","2000-07","162.2","5.6","30.0","12.2","20.2","26.7","13.8"
"USC00203429","GREENVILLE 2 NNE, MI US","43.2026","-85.2421","270.7","2000-08","238.3","6.7","31.1","22.1","20.5","26.9","14.0"
"USC00203429","GREENVILLE 2 NNE, MI US","43.2026","-85.2421","270.7","2000-09","278.9","-1.1","32.8","128.1","16.1","22.5","9.8"
"USC00203429","GREENVILLE 2 NNE, MI US","43.2026","-85.2421","270.7","2000-10","280.3","-3.3","25.6","316.6","12.3","18.7","5.9"
"USC00203429","GREENVILLE 2 NNE, MI US","43.2026","-85.2421","270.7","2000-11","280.3","-8.9","20.6","766.1","3.4","6.7","0.0"
"USC00203429","GREENVILLE 2 NNE, MI US","43.2026","-85.2421","270.7","2000-12","280.3","-23.9","2.8","1555.9","-7.1","-2.8","-11.5"
"USC00200710","BENTON HARBOR AIRPORT, MI US","42.1245","-86.4266","190.5","2000-08",,"7.8","32.2",,"21.4","27.1","15.7"
"USC00200710","BENTON HARBOR AIRPORT, MI US","42.1245","-86.4266","190.5","2000-09",,"1.7",,,,,"11.8"
"USC00200710","BENTON HARBOR AIRPORT, MI US","42.1245","-86.4266","190.5","2000-10",,"-1.1",,,,,"7.8"
"USC00200710","BENTON HARBOR AIRPORT, MI US","42.1245","-86.4266","190.5","2000-11",,"-6.1",,,,,"1.4"
"USC00200710","BENTON HARBOR AIRPORT, MI US","42.1245","-86.4266","190.5","2000-12",,"-20.6",,,,,"-10.1"
"USC00203306","GRAND LEDGE 1 NW, MI US","42.7621","-84.7617","244.1","2000-09",,,,,,,
"USC00203306","GRAND LEDGE 1 NW, MI US","42.7621","-84.7617","244.1","2000-10",,,,,,,
"USC00203306","GRAND LEDGE 1 NW, MI US","42.7621","-84.7617","244.1","2000-11",,,,,,,
"USC00203306","GRAND LEDGE 1 NW, MI US","42.7621","-84.7617","244.1","2000-12",,,,,,,
"USC00203823","HILLSDALE, MI US","41.9352","-84.6411","329.2","2000-07","147.8","8.9","30.0","12.4","19.8","25.8","13.9"
"USC00203823","HILLSDALE, MI US","41.9352","-84.6411","329.2","2000-08","218.4","7.2","32.8","32.3","20.0","26.0","14.0"
"USC00203823","HILLSDALE, MI US","41.9352","-84.6411","329.2","2000-09","257.6","1.7","31.1","149.7","15.7","22.1","9.3"
"USC00203823","HILLSDALE, MI US","41.9352","-84.6411","329.2","2000-10","257.6","-3.3","25.6","344.2","11.9","18.3","5.6"
"USC00203823","HILLSDALE, MI US","41.9352","-84.6411","329.2","2000-12",,"-25.0","3.9",,"-9.4","-4.4","-14.3"
"USC00201802","CORNELL 5 SE, MI US","45.8269","-87.1589","242.0","2000-07",,,,,,,
"USC00201802","CORNELL 5 SE, MI US","45.8269","-87.1589","242.0","2000-08",,"3.3","29.4",,"17.9","24.7","11.0"
"USC00201802","CORNELL 5 SE, MI US","45.8269","-87.1589","242.0","2000-09",,"-2.8","30.0",,"13.3","20.1","6.4"
"USC00201802","CORNELL 5 SE, MI US","45.8269","-87.1589","242.0","2000-10",,"-3.3","24.4",,"9.3","15.3","3.2"
"USC00201802","CORNELL 5 SE, MI US","45.8269","-87.1589","242.0","2000-11",,"-13.3","18.9",,"1.2","5.0","-2.7"
"USC00201802","CORNELL 5 SE, MI US","45.8269","-87.1589","242.0","2000-12",,"-22.2","2.8",,"-9.7","-5.0","-14.5"
"USC00203947","HOWELL WWTP, MI US","42.59382","-83.93251","279.5","2000-07",,,,,,,
"USC00203947","HOWELL WWTP, MI US","42.59382","-83.93251","279.5","2000-08",,,,,,,
"USC00203947","HOWELL WWTP, MI US","42.59382","-83.93251","279.5","2000-09",,,,,,,
"USC00203947","HOWELL WWTP, MI US","42.59382","-83.93251","279.5","2000-10",,,,,,,
"USC00203947","HOWELL WWTP, MI US","42.59382","-83.93251","279.5","2000-11",,,,,,,
"USC00203947","HOWELL WWTP, MI US","42.59382","-83.93251","279.5","2000-12",,,,,,,
"USW00014847","SAULT STE MARIE SANDERSON FIELD, MI US","46.47998","-84.35809","219.8","2000-07","43.5","5.0","30.0","46.4","18.0","23.5","12.4"
"USW00014847","SAULT STE MARIE SANDERSON FIELD, MI US","46.47998","-84.35809","219.8","2000-08","66.3","6.1","31.7","84.1","17.9","23.6","12.1"
"USW00014847","SAULT STE MARIE SANDERSON FIELD, MI US","46.47998","-84.35809","219.8","2000-09","72.4","0.6","25.6","250.2","13.0","18.2","7.8"
"USW00014847","SAULT STE MARIE SANDERSON FIELD, MI US","46.47998","-84.35809","219.8","2000-10","72.4","-3.9","22.8","565.6","8.2","13.0","3.3"
"USW00014847","SAULT STE MARIE SANDERSON FIELD, MI US","46.47998","-84.35809","219.8","2000-11","72.4","-13.3","16.1","1079.3","1.2","4.1","-1.7"
"USW00014847","SAULT STE MARIE SANDERSON FIELD, MI US","46.47998","-84.35809","219.8","2000-12","72.4","-22.8","1.7","1968.8","-10.4","-6.2","-14.5"
"USC00207867","STEPHENSON 8 WNW, MI US","45.39028","-87.7025","210.3","2000-07","71.7","2.8","32.2","38.6","18.5","26.3","10.8"
"USC00207867","STEPHENSON 8 WNW, MI US","45.39028","-87.7025","210.3","2000-08","106.5","4.4","31.7","62.5","18.7","26.6","10.8"
"USC00207867","STEPHENSON 8 WNW, MI US","45.39028","-87.7025","210.3","2000-09","117.9","-1.7","33.9","208.4","13.9","21.6","6.1"
"USC00207867","STEPHENSON 8 WNW, MI US","45.39028","-87.7025","210.3","2000-10","119.6","-5.0","26.1","470.1","9.9","17.8","2.1"
"USC00207867","STEPHENSON 8 WNW, MI US","45.39028","-87.7025","210.3","2000-11","119.6","-11.1","20.6","961.0","1.4","5.8","-3.0"
"USC00207867","STEPHENSON 8 WNW, MI US","45.39028","-87.7025","210.3","2000-12","119.6","-27.8","3.3","1855.8","-10.5","-4.7","-16.4"
"USC00201361","CASS CITY 1 SSW, MI US","43.5861","-83.1805","212.8","2000-07",,"8.9","30.6","13.2","19.8","26.2","13.4"
"USC00201361","CASS CITY 1 SSW, MI US","43.5861","-83.1805","212.8","2000-08",,,"30.6",,,"26.4",
"USC00201361","CASS CITY 1 SSW, MI US","43.5861","-83.1805","212.8","2000-09",,,"32.2",,,"21.4",
"USC00201361","CASS CITY 1 SSW, MI US","43.5861","-83.1805","212.8","2000-10",,"-3.3","24.4",,"10.3","17.1","3.4"
"USC00201361","CASS CITY 1 SSW, MI US","43.5861","-83.1805","212.8","2000-11",,"-12.8","21.1",,"2.8","6.7","-1.1"
"USC00201361","CASS CITY 1 SSW, MI US","43.5861","-83.1805","212.8","2000-12",,"-23.9","2.8",,"-9.3","-3.5","-15.1"
"USC00200032","ADRIAN 2 NNE, MI US","41.91636","-84.01635","231.6","2000-07","189.6","10.0","31.7","1.7","21.0","27.1","14.9"
"USC00200032","ADRIAN 2 NNE, MI US","41.91636","-84.01635","231.6","2000-08","288.8","7.8","32.8","12.6","21.2","27.2","15.1"
"USC00200032","ADRIAN 2 NNE, MI US","41.91636","-84.01635","231.6","2000-09","333.1","1.7","32.2","99.8","16.9","23.3","10.4"
"USC00200032","ADRIAN 2 NNE, MI US","41.91636","-84.01635","231.6","2000-10","335.9","-1.7","25.6","271.1","12.8","19.1","6.5"
"USC00200032","ADRIAN 2 NNE, MI US","41.91636","-84.01635","231.6","2000-11","335.9","-11.1","21.7","674.8","4.4","9.1","-0.3"
"USC00200032","ADRIAN 2 NNE, MI US","41.91636","-84.01635","231.6","2000-12","335.9","-22.2","2.2","1408.2","-7.8","-3.1","-12.5"
"USC00204078","IONIA 2 SSW, MI US","42.953","-85.0777","245.4","2000-07","139.9","6.7","28.9","16.3","19.7","25.2","14.1"
"USC00204078","IONIA 2 SSW, MI US","42.953","-85.0777","245.4","2000-08","207.6","7.8","29.4","33.2","20.0","25.4","14.5"
"USC00204078","IONIA 2 SSW, MI US","42.953","-85.0777","245.4","2000-09","244.6","0.6","31.7","160.4","15.3","21.1","9.5"
"USC00204078","IONIA 2 SSW, MI US","42.953","-85.0777","245.4","2000-10","245.6","-2.8","24.4","368.7","11.6","17.5","5.8"
"USC00204078","IONIA 2 SSW, MI US","42.953","-85.0777","245.4","2000-11","245.6","-10.6","20.6","828.6","3.0","6.7","-0.7"
"USC00204078","IONIA 2 SSW, MI US","42.953","-85.0777","245.4","2000-12","245.6","-23.9","2.8","1657.6","-8.4","-4.1","-12.7"
"USC00203661","HASTINGS, MI US","42.64208","-85.28819","250.2","2000-07","147.3","6.7","30.0","9.8","20.0","26.8","13.3"
"USC00203661","HASTINGS, MI US","42.64208","-85.28819","250.2","2000-08","229.0","7.2","31.7","23.2","20.6","27.1","14.1"
"USC00203661","HASTINGS, MI US","42.64208","-85.28819","250.2","2000-09","272.0","1.1","33.3","132.3","16.1","23.0","9.3"
"USC00203661","HASTINGS, MI US","42.64208","-85.28819","250.2","2000-10","274.5","-2.2","26.1","296.9","12.8","19.6","6.0"
"USC00203661","HASTINGS, MI US","42.64208","-85.28819","250.2","2000-11","274.5","-9.4","21.1","740.7","3.5","8.0","-0.9"
"USC00203661","HASTINGS, MI US","42.64208","-85.28819","250.2","2000-12","274.5","-25.0","3.9","1542.5","-7.5","-2.7","-12.4"
"USC00202851","FLINT 7 W, MI US","43.0377","-83.7694","207.0","2000-07",,,,,,,
"USC00202851","FLINT 7 W, MI US","43.0377","-83.7694","207.0","2000-08",,,,,,,
"USC00202851","FLINT 7 W, MI US","43.0377","-83.7694","207.0","2000-09",,,,,,,
"USC00202851","FLINT 7 W, MI US","43.0377","-83.7694","207.0","2000-10",,,,,,,
"USC00202851","FLINT 7 W, MI US","43.0377","-83.7694","207.0","2000-11",,,,,,,
"USC00205603","MORENCI, MI US","41.7216","-84.2147","234.7","2000-07",,,,,,,
"USC00205603","MORENCI, MI US","41.7216","-84.2147","234.7","2000-08",,,,,,,
"USC00205603","MORENCI, MI US","41.7216","-84.2147","234.7","2000-09",,,,,,,
"USC00205603","MORENCI, MI US","41.7216","-84.2147","234.7","2000-10",,,,,,,
"USC00205603","MORENCI, MI US","41.7216","-84.2147","234.7","2000-11",,,,,,,
"USC00205603","MORENCI, MI US","41.7216","-84.2147","234.7","2000-12",,,,,,,
"USC00207103","ROMEO, MI US","42.7794","-82.9391","213.4","2000-12",,,"3.3",,,"-2.9",
"USC00209006","WILLIAMSTON, MI US","42.7103","-84.2503","272.8","2000-07",,,,,,,
"USC00209006","WILLIAMSTON, MI US","42.7103","-84.2503","272.8","2000-08",,,,,,,
"USC00209006","WILLIAMSTON, MI US","42.7103","-84.2503","272.8","2000-09",,,,,,,
"USC00209006","WILLIAMSTON, MI US","42.7103","-84.2503","272.8","2000-10",,,,,,,
"USC00209006","WILLIAMSTON, MI US","42.7103","-84.2503","272.8","2000-11",,,,,,,
"USC00209006","WILLIAMSTON, MI US","42.7103","-84.2503","272.8","2000-12",,,,,,,
"USC00200552","BATTLE CREEK 5 NW, MI US","42.3678","-85.2634","281.3","2000-07","163.9","6.7","30.0","8.3","20.3","26.5","14.1"
"USC00200552","BATTLE CREEK 5 NW, MI US","42.3678","-85.2634","281.3","2000-08","248.9","7.2","31.1","16.9","20.9","26.9","14.8"
"USC00200552","BATTLE CREEK 5 NW, MI US","42.3678","-85.2634","281.3","2000-10",,"-2.8","25.6",,"12.2","17.9","6.5"
"USC00200552","BATTLE CREEK 5 NW, MI US","42.3678","-85.2634","281.3","2000-11",,"-9.4","20.0",,"3.3","7.0","-0.4"
"USC00200552","BATTLE CREEK 5 NW, MI US","42.3678","-85.2634","281.3","2000-12",,"-23.3","3.9",,"-7.9","-3.3","-12.5"
"USC00201486","CHATHAM EXPERIMENT FARM 2, MI US","46.3414","-86.9242","265.2","2000-07","45.6","-0.6","30.0","48.7","17.9","25.4","10.3"
"USC00201486","CHATHAM EXPERIMENT FARM 2, MI US","46.3414","-86.9242","265.2","2000-08","71.7","-0.6","32.2","105.3","17.4","25.0","9.7"
"USC00201486","CHATHAM EXPERIMENT FARM 2, MI US","46.3414","-86.9242","265.2","2000-09","78.4","-5.6","30.6","251.7","13.7","21.0","6.4"
"USC00201486","CHATHAM EXPERIMENT FARM 2, MI US","46.3414","-86.9242","265.2","2000-10","78.4","-6.1","24.4","534.4","9.2","16.4","2.0"
"USC00201486","CHATHAM EXPERIMENT FARM 2, MI US","46.3414","-86.9242","265.2","2000-11","78.4","-11.7","18.9","1027.3","1.5","5.5","-2.6"
"USC00201486","CHATHAM EXPERIMENT FARM 2, MI US","46.3414","-86.9242","265.2","2000-12","78.4","-24.4","2.2","1881.4","-9.2","-4.7","-13.8"
"USC00207742","SPALDING 1 NW, MI US","45.7019","-87.5255","262.1","2000-07",,,,,,,
"USC00207742","SPALDING 1 NW, MI US","45.7019","-87.5255","262.1","2000-08",,,,,,,
"USC00207742","SPALDING 1 NW, MI US","45.7019","-87.5255","262.1","2000-09",,,,,,,
"USC00207742","SPALDING 1 NW, MI US","45.7019","-87.5255","262.1","2000-10",,,,,,,
"USC00207742","SPALDING 1 NW, MI US","45.7019","-87.5255","262.1","2000-11",,,,,,,
"USC00207742","SPALDING 1 NW, MI US","45.7019","-87.5255","262.1","2000-12",,,,,,,
"USC00205567","MONTAGUE 4 NW, MI US","43.461","-86.41773","198.1","2000-07",,"4.4","29.4","29.5","19.3","25.4","13.1"
"USC00205567","MONTAGUE 4 NW, MI US","43.461","-86.41773","198.1","2000-08",,"5.0","30.6","48.3","19.6","25.2","14.1"
"USC00205567","MONTAGUE 4 NW, MI US","43.461","-86.41773","198.1","2000-09",,"-0.6","30.6","161.2","15.6","21.2","10.1"
"USC00205567","MONTAGUE 4 NW, MI US","43.461","-86.41773","198.1","2000-10",,"-3.3","23.9","367.6","11.5","16.9","6.2"
"USC00205567","MONTAGUE 4 NW, MI US","43.461","-86.41773","198.1","2000-11",,"-6.1","21.1","805.6","3.7","6.7","0.8"
"USC00205567","MONTAGUE 4 NW, MI US","43.461","-86.41773","198.1","2000-12",,"-26.1","3.3","1546.6","-6.2","-3.1","-9.4"
"USC00207364","SAULT STE MARIE, MI US","46.48913","-84.31932","183.5","2000-07","39.1","2.8","30.6","54.2","17.6","24.0","11.2"
"USC00207364","SAULT STE MARIE, MI US","46.48913","-84.31932","183.5","2000-08","54.4","3.3","28.9","108.4","17.1","23.8","10.4"
"USC00207364","SAULT STE MARIE, MI US","46.48913","-84.31932","183.5","2000-09","63.6","0.0","32.2","294.3","12.4","18.6","6.3"
"USC00207364","SAULT STE MARIE, MI US","46.48913","-84.31932","183.5","2000-10","63.6","-6.1","23.3","616.9","7.9","13.8","2.1"
"USC00207364","SAULT STE MARIE, MI US","46.48913","-84.31932","183.5","2000-11","63.6","-15.6","17.2","1127.7","1.3","4.8","-2.2"
"USC00207364","SAULT STE MARIE, MI US","46.48913","-84.31932","183.5","2000-12","63.6","-25.0","2.8","2051.1","-11.4","-6.1","-16.7"
"USW00094814","HOUGHTON LAKE ROSCOMMON CO AIRPORT, MI US","44.35904","-84.6739","350.6","2000-07","81.6","1.7","29.4","47.2","18.2","25.0","11.3"
"USW00094814","HOUGHTON LAKE ROSCOMMON CO AIRPORT, MI US","44.35904","-84.6739","350.6","2000-08","116.7","3.3","30.6","88.5","18.1","24.9","11.4"
"USW00094814","HOUGHTON LAKE ROSCOMMON CO AIRPORT, MI US","44.35904","-84.6739","350.6","2000-09","138.7","-3.9","30.0","233.7","14.2","20.4","8.0"
"USW00094814","HOUGHTON LAKE ROSCOMMON CO AIRPORT, MI US","44.35904","-84.6739","350.6","2000-10","139.2","-6.1","24.4","500.4","9.8","16.3","3.2"
"USW00094814","HOUGHTON LAKE ROSCOMMON CO AIRPORT, MI US","44.35904","-84.6739","350.6","2000-11","139.2","-8.3","18.9","987.2","2.1","5.2","-0.9"
"USW00094814","HOUGHTON LAKE ROSCOMMON CO AIRPORT, MI US","44.35904","-84.6739","350.6","2000-12","139.2","-25.0","1.1","1831.9","-8.9","-4.6","-13.3"
"USW00094815","KALAMAZOO BATTLE CREEK INTERNATIONAL AIRPORT, MI US","42.22826","-85.546","263.3","2000-07","151.8","6.7","29.4","10.5","20.1","25.9","14.3"
"USW00094815","KALAMAZOO BATTLE CREEK INTERNATIONAL AIRPORT, MI US","42.22826","-85.546","263.3","2000-08","233.0","7.8","31.7","21.9","20.6","26.1","15.1"
"USW00094815","KALAMAZOO BATTLE CREEK INTERNATIONAL AIRPORT, MI US","42.22826","-85.546","263.3","2000-09","273.3","2.8","31.7","132.0","16.0","21.6","10.4"
"USW00094815","KALAMAZOO BATTLE CREEK INTERNATIONAL AIRPORT, MI US","42.22826","-85.546","263.3","2000-10","274.4","-1.1","25.6","293.0","12.8","18.6","7.0"
"USW00094815","KALAMAZOO BATTLE CREEK INTERNATIONAL AIRPORT, MI US","42.22826","-85.546","263.3","2000-11","274.4","-11.1","19.4","760.0","2.8","6.1","-0.6"
"USW00094815","KALAMAZOO BATTLE CREEK INTERNATIONAL AIRPORT, MI US","42.22826","-85.546","263.3","2000-12","274.4","-22.8","1.7","1539.1","-8.4","-4.3","-12.5"
"USW00094817","PONTIAC OAKLAND CO INTERNATIONAL AIRPORT, MI US","42.66314","-83.41016","295.4","2000-07",,"10.0","29.4","12.0","19.8","24.8","14.9"
"USW00094817","PONTIAC OAKLAND CO INTERNATIONAL AIRPORT, MI US","42.66314","-83.41016","295.4","2000-08",,"7.8","30.0","27.3","20.4","25.4","15.5"
"USW00094817","PONTIAC OAKLAND CO INTERNATIONAL AIRPORT, MI US","42.66314","-83.41016","295.4","2000-09",,"3.3","31.1","133.4","15.7","21.0","10.4"
"USW00094817","PONTIAC OAKLAND CO INTERNATIONAL AIRPORT, MI US","42.66314","-83.41016","295.4","2000-10",,"-1.7","24.4","336.1","11.9","17.1","6.6"
"USW00094817","PONTIAC OAKLAND CO INTERNATIONAL AIRPORT, MI US","42.66314","-83.41016","295.4","2000-11",,"-9.4","17.8","773.9","3.2","6.4","0.1"
"USW00094817","PONTIAC OAKLAND CO INTERNATIONAL AIRPORT, MI US","42.66314","-83.41016","295.4","2000-12",,"-21.1","3.3","1594.5","-8.1","-4.1","-12.2"
"USC00205065","MANISTEE 3 SE, MI US","44.2113","-86.2938","204.2","2000-07","124.0","5.0","28.3","23.1","19.8","25.2","14.3"
"USC00205065","MANISTEE 3 SE, MI US","44.2113","-86.2938","204.2","2000-08","160.4","4.4","30.0","58.0","18.4","23.7","13.1"
"USC00205065","MANISTEE 3 SE, MI US","44.2113","-86.2938","204.2","2000-09","197.1","-1.1","30.6","159.4","16.2","21.4","10.9"
"USC00205065","MANISTEE 3 SE, MI US","44.2113","-86.2938","204.2","2000-10","200.7","-3.3","24.4","357.4","12.1","17.3","6.8"
"USC00205065","MANISTEE 3 SE, MI US","44.2113","-86.2938","204.2","2000-11","200.7","-10.0","21.7","777.5","4.3","7.1","1.5"
"USC00205065","MANISTEE 3 SE, MI US","44.2113","-86.2938","204.2","2000-12","200.7","-20.0","3.3","1466.4","-5.4","-2.8","-7.9"
"USW00094893","IRON MOUNTAIN FORD AIRPORT, MI US","45.81339","-88.11292","343.2","2000-07","54.2","2.8","30.6","47.7","17.9","24.6","11.3"
"USW00094893","IRON MOUNTAIN FORD AIRPORT, MI US","45.81339","-88.11292","343.2","2000-08","79.9","2.8","31.7","90.2","17.8","24.8","10.8"
"USW00094893","IRON MOUNTAIN FORD AIRPORT, MI US","45.81339","-88.11292","343.2","2000-09","85.2","-3.3","29.4","263.6","12.7","19.5","5.9"
"USW00094893","IRON MOUNTAIN FORD AIRPORT, MI US","45.81339","-88.11292","343.2","2000-10","85.2","-5.6","23.3","564.9","8.6","15.5","1.7"
"USW00094893","IRON MOUNTAIN FORD AIRPORT, MI US","45.81339","-88.11292","343.2","2000-11","85.2","-11.7","16.7","1116.3","-0.1","3.4","-3.5"
"USW00094893","IRON MOUNTAIN FORD AIRPORT, MI US","45.81339","-88.11292","343.2","2000-12","85.2","-28.3","0.6","2062.4","-12.2","-7.3","-17.1"
"USC00208293","TROUT LAKE 1 SW, MI US","46.1796","-85.0311","250.9","2000-07",,"2.2","30.6","37.6","18.5","25.7","11.3"
"USC00208293","TROUT LAKE 1 SW, MI US","46.1796","-85.0311","250.9","2000-08",,"1.1","31.1","72.8","18.3","25.6","11.0"
"USC00208293","TROUT LAKE 1 SW, MI US","46.1796","-85.0311","250.9","2000-09",,"-4.4","26.7","227.7","13.3","19.8","6.9"
"USC00208293","TROUT LAKE 1 SW, MI US","46.1796","-85.0311","250.9","2000-10",,"-7.8","23.3","515.3","9.1","15.8","2.4"
"USC00208293","TROUT LAKE 1 SW, MI US","46.1796","-85.0311","250.9","2000-11",,"-12.8","21.1","1006.9","1.9","5.8","-1.9"
"USC00208293","TROUT LAKE 1 SW, MI US","46.1796","-85.0311","250.9","2000-12",,"-26.1","2.8","1839.4","-10.2","-5.2","-15.3"
"USW00094898","PORT HOPE, MI US","44.021772","-82.792932","180.0","2000-09",,"6.1","35.6",,"19.7","26.2","13.2"
"USW00094898","PORT HOPE, MI US","44.021772","-82.792932","180.0","2000-12",,"-18.9","2.8",,"-6.0","-3.0","-9.0"
"USW00094899","COPPER HARBOR, MI US","47.467386","-87.875032","185.0","2000-07","26.2","6.7","27.8","65.0","16.9","21.2","12.6"
"USW00094899","COPPER HARBOR, MI US","47.467386","-87.875032","185.0","2000-08","52.8","8.3","27.2","104.2","17.9","21.9","13.9"
"USW00094899","COPPER HARBOR, MI US","47.467386","-87.875032","185.0","2000-09","58.3","0.0","29.4","248.6","13.7","17.5","9.9"
"USW00094899","COPPER HARBOR, MI US","47.467386","-87.875032","185.0","2000-10","58.6","0.6","22.2","508.6","10.0","13.6","6.3"
"USW00094899","COPPER HARBOR, MI US","47.467386","-87.875032","185.0","2000-11","58.6","-7.2","18.3","979.9","2.6","4.9","0.3"
"USW00094899","COPPER HARBOR, MI US","47.467386","-87.875032","185.0","2000-12","58.6","-17.8","1.7","1777.6","-7.4","-4.7","-10.1"
"USC00200446","BALDWIN, MI US","43.9005","-85.8505","254.5","2000-07",,,,,,,
"USC00200446","BALDWIN, MI US","43.9005","-85.8505","254.5","2000-08",,,,,,,
"USC00200446","BALDWIN, MI US","43.9005","-85.8505","254.5","2000-09",,,,,,,
"USC00200446","BALDWIN, MI US","43.9005","-85.8505","254.5","2000-10",,"-3.3","25.6",,"11.4","18.5","4.3"
"USC00200446","BALDWIN, MI US","43.9005","-85.8505","254.5","2000-11",,,"21.1",,,"7.2",
"USC00200446","BALDWIN, MI US","43.9005","-85.8505","254.5","2000-12",,"-25.6","2.8",,"-7.4","-3.0","-11.8"
"USC00203712","HELL, MI US","42.4344","-83.9858","271.3","2000-07",,"9.4","29.4","14.7","19.3","25.4","13.3"
"USC00203712","HELL, MI US","42.4344","-83.9858","271.3","2000-08",,"7.2","31.1","21.6","20.0","26.2","13.8"
"USC00203712","HELL, MI US","42.4344","-83.9858","271.3","2000-09",,"1.7","32.2","113.8","16.2","23.3","9.1"
"USC00203712","HELL, MI US","42.4344","-83.9858","271.3","2000-10",,,,,,,
"USC00203712","HELL, MI US","42.4344","-83.9858","271.3","2000-11",,"-11.7","19.4",,"2.2","6.4","-2.1"
"USC00203712","HELL, MI US","42.4344","-83.9858","271.3","2000-12",,,"3.3",,,"-4.4",
"USW00014859","GRAND MARAIS, MI US","46.66667","-85.95","190.2","2000-07","23.0","-1.1","30.0","69.7","16.6","24.3","8.9"
"USW00014859","GRAND MARAIS, MI US","46.66667","-85.95","190.2","2000-08","53.8","-0.6","33.3","108.0","18.1","26.4","9.8"
"USW00014859","GRAND MARAIS, MI US","46.66667","-85.95","190.2","2000-09","63.8","-4.4","31.7","248.7","14.0","21.5","6.5"
"USW00014859","GRAND MARAIS, MI US","46.66667","-85.95","190.2","2000-10","63.8","-8.9","23.9","541.7","8.9","15.4","2.3"
"USW00014859","GRAND MARAIS, MI US","46.66667","-85.95","190.2","2000-11","63.8","-12.2","21.7","1052.1","1.3","5.9","-3.2"
"USW00014859","GRAND MARAIS, MI US","46.66667","-85.95","190.2","2000-12","63.8","-22.2","2.8","1893.8","-8.8","-3.9","-13.7"
"USW00014858","HANCOCK HOUGHTON CO AIRPORT, MI US","47.16594","-88.48076","323.9","2000-07","49.8","7.2","30.6","51.8","18.0","23.1","12.8"
"USW00014858","HANCOCK HOUGHTON CO AIRPORT, MI US","47.16594","-88.48076","323.9","2000-08","80.3","6.1","31.7","88.6","18.1","23.4","12.9"
"USW00014858","HANCOCK HOUGHTON CO AIRPORT, MI US","47.16594","-88.48076","323.9","2000-09","83.6","-4.4","28.9","279.5","12.1","17.7","6.5"
"USW00014858","HANCOCK HOUGHTON CO AIRPORT, MI US","47.16594","-88.48076","323.9","2000-10","83.9","-3.3","23.3","579.4","8.7","13.7","3.6"
"USW00014858","HANCOCK HOUGHTON CO AIRPORT, MI US","47.16594","-88.48076","323.9","2000-11","83.9","-11.7","18.3","1113.8","0.5","3.3","-2.2"
"USW00014858","HANCOCK HOUGHTON CO AIRPORT, MI US","47.16594","-88.48076","323.9","2000-12","83.9","-20.6","1.1","2014.7","-10.7","-7.4","-14.1"
"USC00206303","OXFORD, MI US","42.8094","-83.2569","317.0","2000-07",,,,,,,
"USC00206303","OXFORD, MI US","42.8094","-83.2569","317.0","2000-08",,,,,,,
"USC00206303","OXFORD, MI US","42.8094","-83.2569","317.0","2000-09",,,,,,,
"USC00206303","OXFORD, MI US","42.8094","-83.2569","317.0","2000-10",,,,,,,
"USC00206303","OXFORD, MI US","42.8094","-83.2569","317.0","2000-11",,,,,,,
"USC00207515","SENEY WILDLIFE REF, MI US","46.28333","-85.95","216.4","2000-07","78.3","2.8","30.6","27.1","19.4","26.2","12.6"
"USC00207515","SENEY WILDLIFE REF, MI US","46.28333","-85.95","216.4","2000-08","131.4","2.2","30.0","55.3","19.1","25.5","12.7"
"USC00207515","SENEY WILDLIFE REF, MI US","46.28333","-85.95","216.4","2000-09","142.5","-3.3","28.3","188.7","14.3","19.9","8.6"
"USC00207515","SENEY WILDLIFE REF, MI US","46.28333","-85.95","216.4","2000-10","142.5","-3.9","21.7","456.5","9.7","15.1","4.3"
"USC00207515","SENEY WILDLIFE REF, MI US","46.28333","-85.95","216.4","2000-11","142.5","-10.6","18.3","933.9","2.4","5.3","-0.5"
"USC00207515","SENEY WILDLIFE REF, MI US","46.28333","-85.95","216.4","2000-12","142.5","-22.2","1.7","1780.9","-9.0","-5.0","-13.0"
"USC00206300","OWOSSO WWTP, MI US","43.0161","-84.18","222.5","2000-07","129.1","8.9","30.6","21.9","19.2","25.4","13.1"
"USC00206300","OWOSSO WWTP, MI US","43.0161","-84.18","222.5","2000-08","192.9","7.2","29.4","39.7","19.8","25.6","14.0"
"USC00206300","OWOSSO WWTP, MI US","43.0161","-84.18","222.5","2000-09","222.6","0.6","31.7","165.4","15.1","21.1","9.2"
"USC00206300","OWOSSO WWTP, MI US","43.0161","-84.18","222.5","2000-10","222.9","-2.8","24.4","371.2","11.7","17.7","5.7"
"USC00206300","OWOSSO WWTP, MI US","43.0161","-84.18","222.5","2000-11","222.9","-8.9","20.6","799.8","3.5","7.5","-0.5"
"USC00206300","OWOSSO WWTP, MI US","43.0161","-84.18","222.5","2000-12","222.9","-23.3","3.3","1625.6","-8.3","-3.6","-13.0"
"USC00206663","PORT HOPE, MI US","43.9483","-82.7141","182.9","2000-07",,"8.3","30.0","32.7","18.6","23.6","13.7"
"USC00206663","PORT HOPE, MI US","43.9483","-82.7141","182.9","2000-08",,"7.8","28.9","57.4","18.9","23.9","13.9"
"USC00206663","PORT HOPE, MI US","43.9483","-82.7141","182.9","2000-09",,"2.8","30.6","163.8","15.4","20.3","10.5"
"USC00206663","PORT HOPE, MI US","43.9483","-82.7141","182.9","2000-10",,"-1.1","24.4","387.3","11.1","16.0","6.3"
"USC00206663","PORT HOPE, MI US","43.9483","-82.7141","182.9","2000-11",,"-8.3","16.1","834.5","3.4","6.5","0.4"
"USC00206663","PORT HOPE, MI US","43.9483","-82.7141","182.9","2000-12",,"-20.0","3.3","1536.1","-7.6","-3.6","-11.5"
"USC00200166","ALPENA 10 NW, MI US","45.1627","-83.5905","225.6","2000-07","86.6","3.3","31.1","40.6","18.6","25.4","11.9"
"USC00200166","ALPENA 10 NW, MI US","45.1627","-83.5905","225.6","2000-08","111.5","3.3","30.0","80.3","17.9","24.7","11.1"
"USC00200166","ALPENA 10 NW, MI US","45.1627","-83.5905","225.6","2000-09","132.4","-2.8","31.7","219.7","14.0","20.4","7.6"
"USC00200166","ALPENA 10 NW, MI US","45.1627","-83.5905","225.6","2000-10","135.1","-6.7","26.1","473.9","9.6","16.8","2.5"
"USC00200166","ALPENA 10 NW, MI US","45.1627","-83.5905","225.6","2000-11","135.1","-10.0","19.4","897.7","2.6","6.5","-1.4"
"USC00200166","ALPENA 10 NW, MI US","45.1627","-83.5905","225.6","2000-12","135.1","-19.4","2.8","1664.7","-8.1","-3.9","-12.3"
"USC00201896","CROSS VILLAGE 1 E, MI US","45.6413","-85.0141","219.8","2000-07","38.7","1.1","29.4","54.3","17.4","23.5","11.3"
"USC00201896","CROSS VILLAGE 1 E, MI US","45.6413","-85.0141","219.8","2000-08","59.0","3.3","27.8","103.3","17.4","23.1","11.6"
"USC00201896","CROSS VILLAGE 1 E, MI US","45.6413","-85.0141","219.8","2000-09","71.8","-3.9","31.1","256.6","13.4","19.0","7.9"
"USC00201896","CROSS VILLAGE 1 E, MI US","45.6413","-85.0141","219.8","2000-10","74.0","-6.7","25.0","523.0","9.1","14.4","3.7"
"USC00201896","CROSS VILLAGE 1 E, MI US","45.6413","-85.0141","219.8","2000-11",,,,,,,
"USC00201896","CROSS VILLAGE 1 E, MI US","45.6413","-85.0141","219.8","2000-12",,"-21.7","2.8",,"-7.3","-4.0","-10.6"
"USC00202984","FRANKFORT 2 NE, MI US","44.64822","-86.20986","289.0","2000-07","78.2","7.2","28.9","20.1","19.4","24.7","14.2"
"USC00202984","FRANKFORT 2 NE, MI US","44.64822","-86.20986","289.0","2000-08","132.3","8.9","31.1","35.4","19.6","24.5","14.7"
"USC00202984","FRANKFORT 2 NE, MI US","44.64822","-86.20986","289.0","2000-09","152.6","0.0","26.7","136.0","15.7","20.2","11.1"
"USC00202984","FRANKFORT 2 NE, MI US","44.64822","-86.20986","289.0","2000-10","153.7","-2.8","23.3","349.3","11.5","15.9","7.1"
"USC00202984","FRANKFORT 2 NE, MI US","44.64822","-86.20986","289.0","2000-11","153.7","-7.8","26.1","777.8","4.1","6.9","1.2"
"USC00202984","FRANKFORT 2 NE, MI US","44.64822","-86.20986","289.0","2000-12","153.7","-13.9","2.2","1436.3","-5.2","-2.4","-8.0"
"USC00206680","PORT HURON, MI US","42.975","-82.4194","179.8","2000-07","188.9","11.7","31.7","3.0","20.9","26.0","15.9"
"USC00206680","PORT HURON, MI US","42.975","-82.4194","179.8","2000-08","293.1","10.6","31.7","7.7","22.0","26.1","17.9"
"USC00206680","PORT HURON, MI US","42.975","-82.4194","179.8","2000-09","340.4","5.6","32.8","79.6","17.5","22.3","12.7"
"USC00206680","PORT HURON, MI US","42.975","-82.4194","179.8","2000-10","341.8","0.6","25.6","239.8","13.1","18.3","8.0"
"USC00206680","PORT HURON, MI US","42.975","-82.4194","179.8","2000-11","341.8","-7.8","19.4","590.6","5.1","8.2","2.0"
"USC00206680","PORT HURON, MI US","42.975","-82.4194","179.8","2000-12","341.8","-19.4","4.4","1350.9","-7.0","-2.9","-11.1"
"USC00205073","MANISTIQUE WWTP, MI US","45.9512","-86.2513","182.9","2000-07","28.6","4.4","29.4","41.3","17.8","22.4","13.3"
"USC00205073","MANISTIQUE WWTP, MI US","45.9512","-86.2513","182.9","2000-08","42.9","3.9","27.8","83.9","17.4","22.4","12.5"
"USC00205073","MANISTIQUE WWTP, MI US","45.9512","-86.2513","182.9","2000-09","45.7","-1.7","23.3","245.3","13.1","17.6","8.5"
"USC00205073","MANISTIQUE WWTP, MI US","45.9512","-86.2513","182.9","2000-10","45.7","-1.1","23.3","530.9","9.1","13.6","4.6"
"USC00205073","MANISTIQUE WWTP, MI US","45.9512","-86.2513","182.9","2000-11","45.7","-9.4","13.9","1027.5","1.8","4.8","-1.2"
"USC00205073","MANISTIQUE WWTP, MI US","45.9512","-86.2513","182.9","2000-12","45.7","-19.4","2.8","1884.0","-9.3","-5.2","-13.4"
"USC00203290","GRAND HAVEN FIRE DEPARTMENT, MI US","43.06222","-86.22444","189.0","2000-07",,,,,,,
"USC00203290","GRAND HAVEN FIRE DEPARTMENT, MI US","43.06222","-86.22444","189.0","2000-08",,"10.0",,,,,"16.5"
"USC00203290","GRAND HAVEN FIRE DEPARTMENT, MI US","43.06222","-86.22444","189.0","2000-09",,"2.8","29.4",,"16.4","21.9","10.9"
"USC00203290","GRAND HAVEN FIRE DEPARTMENT, MI US","43.06222","-86.22444","189.0","2000-10",,"-0.6","25.0",,"13.1","17.7","8.5"
"USC00203290","GRAND HAVEN FIRE DEPARTMENT, MI US","43.06222","-86.22444","189.0","2000-11",,"-5.6","20.6",,"4.3","6.7","1.9"
"USC00203290","GRAND HAVEN FIRE DEPARTMENT, MI US","43.06222","-86.22444","189.0","2000-12",,,,,,,
"USC00208184","THREE RIVERS, MI US","41.9299","-85.6385","246.9","2000-07","161.8","7.8","30.6","5.1","20.4","27.1","13.7"
"USC00208184","THREE RIVERS, MI US","41.9299","-85.6385","246.9","2000-08","250.4","7.8","32.8","15.4","20.9","27.5","14.3"
"USC00208184","THREE RIVERS, MI US","41.9299","-85.6385","246.9","2000-09","302.9","1.1","33.9","116.2","16.8","24.1","9.4"
"USC00208184","THREE RIVERS, MI US","41.9299","-85.6385","246.9","2000-10","304.6","-2.2","27.2","303.1","12.4","19.7","5.0"
"USC00208184","THREE RIVERS, MI US","41.9299","-85.6385","246.9","2000-11","304.6","-11.7","20.0","750.2","3.0","8.3","-2.3"
"USC00208184","THREE RIVERS, MI US","41.9299","-85.6385","246.9","2000-12","304.6","-23.3","4.4","1474.9","-8.6","-3.0","-14.2"
"USC00207094","ROGERS CITY, MI US","45.4169","-83.8158","187.5","2000-07","81.9","5.0","32.8","23.1","19.4","26.2","12.5"
"USC00207094","ROGERS CITY, MI US","45.4169","-83.8158","187.5","2000-08","108.5","5.6","30.0","50.8","18.4","25.0","11.7"
"USC00207094","ROGERS CITY, MI US","45.4169","-83.8158","187.5","2000-09","127.9","-1.7","33.9","190.2","14.3","20.7","8.0"
"USC00207094","ROGERS CITY, MI US","45.4169","-83.8158","187.5","2000-10","131.2","-5.6","27.2","447.9","10.1","16.1","4.1"
"USC00207094","ROGERS CITY, MI US","45.4169","-83.8158","187.5","2000-11","131.2","-8.3","20.0","908.1","3.0","6.7","-0.8"
"USC00207094","ROGERS CITY, MI US","45.4169","-83.8158","187.5","2000-12","131.2","-16.1","2.8","1688.5","-6.8","-3.3","-10.4"
"USC00203969","HUDSON 3 E, MI US","41.8483","-84.2938","266.7","2000-07",,,,,,,
"USC00203969","HUDSON 3 E, MI US","41.8483","-84.2938","266.7","2000-08",,,,,,,
"USC00203969","HUDSON 3 E, MI US","41.8483","-84.2938","266.7","2000-09",,,,,,,
"USC00203969","HUDSON 3 E, MI US","41.8483","-84.2938","266.7","2000-10",,,,,,,
"USC00203969","HUDSON 3 E, MI US","41.8483","-84.2938","266.7","2000-11",,,,,,,
"USC00203969","HUDSON 3 E, MI US","41.8483","-84.2938","266.7","2000-12",,,,,,,
"USC00201780","COPPER HARBOR FORT WILKINS, MI US","47.4679","-87.8671","190.5","2000-07","24.6","5.6","30.0","47.2","17.4","22.9","12.0"
"USC00201780","COPPER HARBOR FORT WILKINS, MI US","47.4679","-87.8671","190.5","2000-08","59.5","7.2","28.3","74.5","18.6","23.5","13.6"
"USC00201780","COPPER HARBOR FORT WILKINS, MI US","47.4679","-87.8671","190.5","2000-09","66.5","-0.6","30.6","214.5","13.8","18.1","9.5"
"USC00201780","COPPER HARBOR FORT WILKINS, MI US","47.4679","-87.8671","190.5","2000-10","68.2","-0.6","23.3","457.9","10.1","14.3","5.9"
"USC00201780","COPPER HARBOR FORT WILKINS, MI US","47.4679","-87.8671","190.5","2000-11","68.2","-8.3","18.3","896.7","2.5","5.1","-0.1"
"USC00204257","KALKASKA, MI US","44.728","-85.1727","315.5","2000-07","80.2","2.8","30.0","41.2","18.1","24.7","11.5"
"USC00204257","KALKASKA, MI US","44.728","-85.1727","315.5","2000-08","100.0","2.2","28.3","86.9","17.4","24.3","10.6"
"USC00204257","KALKASKA, MI US","44.728","-85.1727","315.5","2000-09","119.7","-5.0","31.1","245.8","13.7","20.0","7.4"
"USC00204257","KALKASKA, MI US","44.728","-85.1727","315.5","2000-10","121.3","-5.6","25.0","522.6","9.5","16.2","2.7"
"USC00204257","KALKASKA, MI US","44.728","-85.1727","315.5","2000-11","121.3","-11.1","19.4","995.2","1.7","5.2","-1.8"
"USC00204257","KALKASKA, MI US","44.728","-85.1727","315.5","2000-12","121.3","-27.8","1.1","1841.5","-9.0","-4.9","-13.0"
"USC00206158","OLD MISSION 3 SSW, MI US","44.9215","-85.5161","199.9","2000-07",,,"31.7",,,"25.5",
"USC00206158","OLD MISSION 3 SSW, MI US","44.9215","-85.5161","199.9","2000-08",,"2.8","27.8",,"17.9","24.5","11.4"
"USC00206158","OLD MISSION 3 SSW, MI US","44.9215","-85.5161","199.9","2000-09",,"-2.8","32.2",,"14.4","20.8","7.9"
"USC00206158","OLD MISSION 3 SSW, MI US","44.9215","-85.5161","199.9","2000-10",,"-5.6","25.6",,"9.9","16.3","3.6"
"USC00206158","OLD MISSION 3 SSW, MI US","44.9215","-85.5161","199.9","2000-11",,"-7.8","21.1",,"3.0","7.1","-1.0"
"USC00206158","OLD MISSION 3 SSW, MI US","44.9215","-85.5161","199.9","2000-12",,"-16.1","10.0",,"-6.9","-3.2","-10.6"
"USC00205981","N HIGGINS LAKE ST PARK, MI US","44.51556","-84.76083","358.7","2000-07",,"2.2","30.0","36.0","18.3","25.6","10.9"
"USC00205981","N HIGGINS LAKE ST PARK, MI US","44.51556","-84.76083","358.7","2000-08",,"2.8","28.9","78.9","17.6","24.8","10.4"
"USC00205981","N HIGGINS LAKE ST PARK, MI US","44.51556","-84.76083","358.7","2000-09",,,,,,,
"USC00205981","N HIGGINS LAKE ST PARK, MI US","44.51556","-84.76083","358.7","2000-10",,,,,,,
"USC00205981","N HIGGINS LAKE ST PARK, MI US","44.51556","-84.76083","358.7","2000-11",,,,,,,
"USC00202631","ESSEXVILLE, MI US","43.6155","-83.845","179.2","2000-07","153.4","10.0","30.6","12.8","19.7","25.1","14.4"
"USC00202631","ESSEXVILLE, MI US","43.6155","-83.845","179.2","2000-08","225.1","8.9","30.6","25.6","20.5","26.1","15.0"
"USC00202631","ESSEXVILLE, MI US","43.6155","-83.845","179.2","2000-09","256.0","2.8","32.8","125.7","15.6","21.1","10.2"
"USC00202631","ESSEXVILLE, MI US","43.6155","-83.845","179.2","2000-10","259.7","-1.1","27.8","317.8","12.1","17.7","6.5"
"USC00202631","ESSEXVILLE, MI US","43.6155","-83.845","179.2","2000-11","259.7","-7.8","23.9","730.1","3.9","7.4","0.3"
"USC00202631","ESSEXVILLE, MI US","43.6155","-83.845","179.2","2000-12","259.7","-20.0","3.3","1433.9","-7.8","-3.5","-12.1"
"USC00204655","LAPEER WWTP, MI US","43.0608","-83.3074","249.9","2000-07","138.7","8.9","30.6","21.0","19.0","24.9","13.1"
"USC00204655","LAPEER WWTP, MI US","43.0608","-83.3074","249.9","2000-08","201.8","6.1","30.0","45.3","19.6","25.6","13.6"
"USC00204655","LAPEER WWTP, MI US","43.0608","-83.3074","249.9","2000-09","222.0","1.1","32.2","163.8","15.0","21.5","8.4"
"USC00204655","LAPEER WWTP, MI US","43.0608","-83.3074","249.9","2000-10","222.8","-2.2","25.0","368.4","11.8","17.8","5.7"
"USC00204655","LAPEER WWTP, MI US","43.0608","-83.3074","249.9","2000-11","222.8","-11.7","20.6","798.2","3.0","7.1","-1.1"
"USC00204655","LAPEER WWTP, MI US","43.0608","-83.3074","249.9","2000-12","222.8","-22.8","3.9","1585.9","-8.9","-3.8","-13.9"
"USC00202094","DETOUR VILLAGE, MI US","45.9983","-83.9013","181.4","2000-07","45.6","7.8","26.7","23.2","18.8","22.8","14.7"
"USC00202094","DETOUR VILLAGE, MI US","45.9983","-83.9013","181.4","2000-08","75.4","7.8","26.7","46.2","18.6","22.8","14.4"
"USC00202094","DETOUR VILLAGE, MI US","45.9983","-83.9013","181.4","2000-09","84.0","2.2","26.7","182.7","14.1","18.0","10.2"
"USC00202094","DETOUR VILLAGE, MI US","45.9983","-83.9013","181.4","2000-10","84.0","0.6","22.2","459.0","9.4","13.4","5.5"
"USC00202094","DETOUR VILLAGE, MI US","45.9983","-83.9013","181.4","2000-11","84.0","-11.1","14.4","916.2","2.7","5.2","0.1"
"USC00202094","DETOUR VILLAGE, MI US","45.9983","-83.9013","181.4","2000-12","84.0","-21.7","3.3","1763.7","-9.0","-5.2","-12.8"
"USC00206297","OWOSSO 5 SSE, MI US","42.92611","-84.15472","252.1","2000-07",,,,,,,
"USC00206297","OWOSSO 5 SSE, MI US","42.92611","-84.15472","252.1","2000-08",,,,,,,
"USC00206297","OWOSSO 5 SSE, MI US","42.92611","-84.15472","252.1","2000-09",,,,,,,
"USC00206297","OWOSSO 5 SSE, MI US","42.92611","-84.15472","252.1","2000-10",,,,,,,
"USC00206297","OWOSSO 5 SSE, MI US","42.92611","-84.15472","252.1","2000-11",,,,,,,
"USC00206297","OWOSSO 5 SSE, MI US","42.92611","-84.15472","252.1","2000-12",,,,,,,
"USC00202250","DOWAGIAC 1 W, MI US","41.9856","-86.132","225.6","2000-07","163.8","8.3","30.6","5.6","20.6","26.9","14.3"
"USC00202250","DOWAGIAC 1 W, MI US","41.9856","-86.132","225.6","2000-08","240.9","7.8","32.2","17.3","20.5","26.9","14.1"
"USC00202250","DOWAGIAC 1 W, MI US","41.9856","-86.132","225.6","2000-09","283.1","-0.6","33.9","130.0","16.1","23.2","9.0"
"USC00202250","DOWAGIAC 1 W, MI US","41.9856","-86.132","225.6","2000-10","285.6","-2.2","27.8","301.7","12.4","19.5","5.2"
"USC00202250","DOWAGIAC 1 W, MI US","41.9856","-86.132","225.6","2000-11","285.6","-10.0","22.2","698.9","3.3","8.1","-1.5"
"USC00202250","DOWAGIAC 1 W, MI US","41.9856","-86.132","225.6","2000-12","285.6","-22.8","3.9","1483.2","-7.7","-2.5","-13.0"
"USW00004839","HOLLAND TULIP CITY AIRPORT, MI US","42.74634","-86.09677","206.5","2000-07","148.4","9.4","30.0","9.1","20.6","25.7","15.5"
"USW00004839","HOLLAND TULIP CITY AIRPORT, MI US","42.74634","-86.09677","206.5","2000-08","235.9","8.3","32.2","18.2","20.9","26.0","15.7"
"USW00004839","HOLLAND TULIP CITY AIRPORT, MI US","42.74634","-86.09677","206.5","2000-09","278.1","1.7","31.1","122.4","16.3","21.5","11.0"
"USW00004839","HOLLAND TULIP CITY AIRPORT, MI US","42.74634","-86.09677","206.5","2000-10","281.2","-0.6","26.1","304.0","12.6","17.9","7.2"
"USW00004839","HOLLAND TULIP CITY AIRPORT, MI US","42.74634","-86.09677","206.5","2000-11","281.2","-6.1","21.7","733.8","4.0","6.9","1.1"
"USW00004839","HOLLAND TULIP CITY AIRPORT, MI US","42.74634","-86.09677","206.5","2000-12","281.2","-22.2","2.8","1481.6","-5.8","-2.4","-9.2"
"USC00203858","HOLLAND WTP, MI US","42.7989","-86.20635","184.4","2000-07",,"5.6","33.3","7.8","21.1","27.1","15.0"
"USC00203858","HOLLAND WTP, MI US","42.7989","-86.20635","184.4","2000-08",,,"30.0",,,"27.2",
"USC00203858","HOLLAND WTP, MI US","42.7989","-86.20635","184.4","2000-09",,"3.3","33.9",,"17.0","23.8","10.3"
"USC00203858","HOLLAND WTP, MI US","42.7989","-86.20635","184.4","2000-10",,"-1.7","27.8",,"12.5","18.7","6.4"
"USC00203858","HOLLAND WTP, MI US","42.7989","-86.20635","184.4","2000-11",,"-6.1","22.8",,"5.2","9.1","1.3"
"USC00203858","HOLLAND WTP, MI US","42.7989","-86.20635","184.4","2000-12",,,"4.4",,,"-1.7",
"USC00200864","BLOOMINGDALE, MI US","42.3838","-85.9626","224.3","2000-07",,"6.7","31.7","10.6","20.0","26.7","13.2"
"USC00200864","BLOOMINGDALE, MI US","42.3838","-85.9626","224.3","2000-08",,"6.7","31.7","19.7","20.6","27.2","14.0"
"USC00200864","BLOOMINGDALE, MI US","42.3838","-85.9626","224.3","2000-09",,"0.0","33.9","115.8","16.0","22.7","9.4"
"USC00200864","BLOOMINGDALE, MI US","42.3838","-85.9626","224.3","2000-10",,"-2.8","26.7","289.7","11.9","19.2","4.5"
"USC00200864","BLOOMINGDALE, MI US","42.3838","-85.9626","224.3","2000-11",,"-10.0","21.1","701.6","3.4","7.8","-0.9"
"USC00200864","BLOOMINGDALE, MI US","42.3838","-85.9626","224.3","2000-12",,"-22.2","3.9",,"-6.8","-2.5","-11.1"
"USC00205759","NAUBINWAY 6 E, MI US","46.09083","-85.32194","179.5","2000-07",,"-0.6","27.2","68.3","16.6","22.9","10.3"
"USC00205759","NAUBINWAY 6 E, MI US","46.09083","-85.32194","179.5","2000-08",,"2.8","27.2","146.5","16.0","23.0","9.1"
"USC00205759","NAUBINWAY 6 E, MI US","46.09083","-85.32194","179.5","2000-09",,"-4.4","27.2","337.4","12.2","18.4","5.9"
"USC00205759","NAUBINWAY 6 E, MI US","46.09083","-85.32194","179.5","2000-10",,"-7.2","19.4","653.9","7.8","13.8","1.8"
"USC00204944","LOWELL, MI US","42.92793","-85.34013","199.9","2000-07",,,,,,,
"USC00204944","LOWELL, MI US","42.92793","-85.34013","199.9","2000-08",,,,,,,
"USC00204944","LOWELL, MI US","42.92793","-85.34013","199.9","2000-09",,,,,,,
"USC00204944","LOWELL, MI US","42.92793","-85.34013","199.9","2000-10",,,,,,,
"USC00204944","LOWELL, MI US","42.92793","-85.34013","199.9","2000-11",,,,,,,
"USC00204944","LOWELL, MI US","42.92793","-85.34013","199.9","2000-12",,,,,,,
"USC00202804","FILION 5 NNW, MI US","43.9158","-83.083","193.5","2000-07","75.5","8.3","28.3","48.9","17.5","22.9","12.0"
"USC00202804","FILION 5 NNW, MI US","43.9158","-83.083","193.5","2000-08","101.5","4.4","27.2","76.8","18.0","23.4","12.5"
"USC00202804","FILION 5 NNW, MI US","43.9158","-83.083","193.5","2000-09","122.4","1.7","28.9","214.4","14.3","19.5","9.1"
"USC00202804","FILION 5 NNW, MI US","43.9158","-83.083","193.5","2000-10","122.4","-5.0","23.9","448.0","10.1","15.5","4.6"
"USC00207419","SEBEWAING, MI US","43.73194","-83.45917","178.0","2000-07",,,,,,,
"USC00207419","SEBEWAING, MI US","43.73194","-83.45917","178.0","2000-08",,,,,,,
"USC00207419","SEBEWAING, MI US","43.73194","-83.45917","178.0","2000-09",,,,,,,
"USC00207419","SEBEWAING, MI US","43.73194","-83.45917","178.0","2000-10",,,,,,,
"USC00207419","SEBEWAING, MI US","43.73194","-83.45917","178.0","2000-11",,,,,,,
"USC00207419","SEBEWAING, MI US","43.73194","-83.45917","178.0","2000-12",,,,,,,
"USC00201439","CHAMPION VAN RIPER P, MI US","46.5193","-87.9859","487.4","2000-07","11.4","-3.9","30.6","88.4","15.5","25.5","5.4"
"USC00201439","CHAMPION VAN RIPER P, MI US","46.5193","-87.9859","487.4","2000-08","20.1","-2.2","31.7","184.1","15.4","25.0","5.9"
"USC00201439","CHAMPION VAN RIPER P, MI US","46.5193","-87.9859","487.4","2000-09","21.5","-9.4","26.7","412.4","10.4","19.0","1.8"
"USC00201439","CHAMPION VAN RIPER P, MI US","46.5193","-87.9859","487.4","2000-10","21.5","-9.4","25.6","752.7","7.0","16.1","-2.1"
"USC00201439","CHAMPION VAN RIPER P, MI US","46.5193","-87.9859","487.4","2000-11","21.5","-18.3","18.3","1297.1","-1.1","4.6","-6.8"
"USC00201439","CHAMPION VAN RIPER P, MI US","46.5193","-87.9859","487.4","2000-12",,,,,,,
"USC00207812","STAMBAUGH 2 SSE, MI US","46.0555","-88.6275","442.0","2000-07","24.5","0.0","28.9","67.2","16.7","23.6","9.7"
"USC00207812","STAMBAUGH 2 SSE, MI US","46.0555","-88.6275","442.0","2000-08","35.3","1.7","29.4","142.1","16.3","23.9","8.6"
"USC00207812","STAMBAUGH 2 SSE, MI US","46.0555","-88.6275","442.0","2000-09","40.3","-3.9","31.1","338.7","11.5","18.7","4.3"
"USC00207812","STAMBAUGH 2 SSE, MI US","46.0555","-88.6275","442.0","2000-10","40.3","-7.2","25.0","680.7","7.3","14.7","-0.1"
"USC00207812","STAMBAUGH 2 SSE, MI US","46.0555","-88.6275","442.0","2000-11","40.3","-12.8","18.9","1257.1","-0.9","2.9","-4.6"
"USC00207812","STAMBAUGH 2 SSE, MI US","46.0555","-88.6275","442.0","2000-12","40.3","-31.1","-0.6","2259.9","-14.0","-8.5","-19.5"
"USC00208869","WHEELER 7 NE, MI US","43.48056","-84.38861","207.9","2000-07",,,,,,,
"USC00208869","WHEELER 7 NE, MI US","43.48056","-84.38861","207.9","2000-08",,,,,,,
"USC00208869","WHEELER 7 NE, MI US","43.48056","-84.38861","207.9","2000-09",,,,,,,
"USC00208869","WHEELER 7 NE, MI US","43.48056","-84.38861","207.9","2000-10",,,,,,,
"USC00208869","WHEELER 7 NE, MI US","43.48056","-84.38861","207.9","2000-11",,,,,,,
"USC00208869","WHEELER 7 NE, MI US","43.48056","-84.38861","207.9","2000-12",,,,,,,
"USC00204662","LAPEER 4 SW, MI US","43.00806","-83.375","271.3","2000-07",,,,,,,
"USC00204662","LAPEER 4 SW, MI US","43.00806","-83.375","271.3","2000-08",,,,,,,
"USC00204662","LAPEER 4 SW, MI US","43.00806","-83.375","271.3","2000-09",,,,,,,
"USC00204662","LAPEER 4 SW, MI US","43.00806","-83.375","271.3","2000-10",,,,,,,
"USC00204662","LAPEER 4 SW, MI US","43.00806","-83.375","271.3","2000-11",,,,,,,
"USC00204662","LAPEER 4 SW, MI US","43.00806","-83.375","271.3","2000-12",,,,,,,
"USC00208468","VESTABURG, MI US","43.3925","-84.90917","278.9","2000-07",,,,,,,
"USC00208468","VESTABURG, MI US","43.3925","-84.90917","278.9","2000-08",,,,,,,
"USC00208468","VESTABURG, MI US","43.3925","-84.90917","278.9","2000-11",,,,,,,
"USC00208468","VESTABURG, MI US","43.3925","-84.90917","278.9","2000-12",,,,,,,
"USC00200343","ATLANTA 5 WNW, MI US","45.02833","-84.23306","359.7","2000-07","53.0","2.2","30.0","46.3","17.8","24.1","11.5"
"USC00200343","ATLANTA 5 WNW, MI US","45.02833","-84.23306","359.7","2000-08",,,,,,,
"USC00200343","ATLANTA 5 WNW, MI US","45.02833","-84.23306","359.7","2000-09",,"-3.9","31.7",,"12.9","18.6","7.2"
"USC00200343","ATLANTA 5 WNW, MI US","45.02833","-84.23306","359.7","2000-10",,"-5.0","25.0",,"9.0","14.1","3.9"
"USC00200343","ATLANTA 5 WNW, MI US","45.02833","-84.23306","359.7","2000-11",,"-12.8","18.3",,"2.1","6.3","-2.1"
"USC00200343","ATLANTA 5 WNW, MI US","45.02833","-84.23306","359.7","2000-12",,"-23.9","1.7",,"-7.7","-3.2","-12.2"
"USC00201675","COLDWATER ST SCHOOL, MI US","41.9622","-84.9925","299.9","2000-07","143.7","9.4","30.0","13.6","19.8","25.1","14.5"
"USC00201675","COLDWATER ST SCHOOL, MI US","41.9622","-84.9925","299.9","2000-08","200.5","7.8","30.6","33.6","19.7","25.1","14.3"
"USC00201675","COLDWATER ST SCHOOL, MI US","41.9622","-84.9925","299.9","2000-09","226.7","1.7","30.0","148.3","15.1","20.7","9.5"
"USC00201675","COLDWATER ST SCHOOL, MI US","41.9622","-84.9925","299.9","2000-10","226.7","-2.2","24.4","353.9","11.5","16.5","6.5"
"USC00201675","COLDWATER ST SCHOOL, MI US","41.9622","-84.9925","299.9","2000-11","226.7","-11.1","18.9","831.4","2.4","5.7","-0.8"
"USC00201675","COLDWATER ST SCHOOL, MI US","41.9622","-84.9925","299.9","2000-12","226.7","-23.3","3.9","1602.1","-9.1","-4.9","-13.2"
"USC00206184","ONAWAY 4 N, MI US","45.4108","-84.2233","227.1","2000-07","121.0","3.3","31.1","15.1","20.1","27.1","13.2"
"USC00206184","ONAWAY 4 N, MI US","45.4108","-84.2233","227.1","2000-08","180.1","4.4","33.3","36.4","19.7","26.3","13.1"
"USC00206184","ONAWAY 4 N, MI US","45.4108","-84.2233","227.1","2000-09","205.8","-2.8","33.3","142.5","15.6","22.4","8.9"
"USC00206184","ONAWAY 4 N, MI US","45.4108","-84.2233","227.1","2000-10","206.4","-6.7","27.8","354.8","11.2","18.0","4.5"
"USC00206184","ONAWAY 4 N, MI US","45.4108","-84.2233","227.1","2000-11","206.4","-8.3","21.7","765.9","4.0","8.1","0.0"
"USC00206184","ONAWAY 4 N, MI US","45.4108","-84.2233","227.1","2000-12","206.4","-23.3","3.3","1565.7","-7.5","-3.1","-11.8"
"USW00094847","DETROIT METRO AIRPORT, MI US","42.23113","-83.33121","191.9","2000-07","220.6","12.2","30.6","0.8","21.3","26.0","16.5"
"USW00094847","DETROIT METRO AIRPORT, MI US","42.23113","-83.33121","191.9","2000-08","327.2","10.6","31.1","8.8","21.5","26.2","16.8"
"USW00094847","DETROIT METRO AIRPORT, MI US","42.23113","-83.33121","191.9","2000-09","369.1","4.4","30.0","93.4","16.9","22.0","11.9"
"USW00094847","DETROIT METRO AIRPORT, MI US","42.23113","-83.33121","191.9","2000-10","371.3","0.0","26.1","266.9","12.8","17.8","7.8"
"USW00094847","DETROIT METRO AIRPORT, MI US","42.23113","-83.33121","191.9","2000-11","371.3","-7.2","18.3","680.2","4.6","7.8","1.3"
"USW00094847","DETROIT METRO AIRPORT, MI US","42.23113","-83.33121","191.9","2000-12","371.3","-19.4","3.3","1468.9","-7.1","-3.2","-11.0"
"USC00207277","BEAVER ISLAND, MI US","45.6911","-85.5463","204.8","2000-07",,"1.7","28.3","29.9","18.6","23.4","13.7"
"USC00207277","BEAVER ISLAND, MI US","45.6911","-85.5463","204.8","2000-08",,"7.2","30.6","46.5","18.8","23.8","13.8"
"USC00207277","BEAVER ISLAND, MI US","45.6911","-85.5463","204.8","2000-09",,"-2.8","30.6","158.0","14.6","19.2","10.0"
"USC00207277","BEAVER ISLAND, MI US","45.6911","-85.5463","204.8","2000-10",,"0.6","22.8","373.4","10.7","14.7","6.8"
"USC00207277","BEAVER ISLAND, MI US","45.6911","-85.5463","204.8","2000-11",,"-8.9","15.6","812.0","3.2","5.6","0.8"
"USC00207277","BEAVER ISLAND, MI US","45.6911","-85.5463","204.8","2000-12",,"-16.1","2.8","1464.3","-6.6","-3.7","-9.6"
"USW00094849","ALPENA CO REGIONAL AIRPORT, MI US","45.0716","-83.56451","208.3","2000-07","75.6","5.6","31.1","44.4","18.2","24.6","11.8"
"USW00094849","ALPENA CO REGIONAL AIRPORT, MI US","45.0716","-83.56451","208.3","2000-08","101.0","2.8","31.7","91.2","17.6","24.1","11.2"
"USW00094849","ALPENA CO REGIONAL AIRPORT, MI US","45.0716","-83.56451","208.3","2000-09","112.9","-2.8","27.8","243.0","13.7","19.8","7.6"
"USW00094849","ALPENA CO REGIONAL AIRPORT, MI US","45.0716","-83.56451","208.3","2000-10","112.9","-6.1","25.6","523.1","9.3","15.8","2.8"
"USW00094849","ALPENA CO REGIONAL AIRPORT, MI US","45.0716","-83.56451","208.3","2000-11","112.9","-8.9","18.9","1008.1","2.2","5.4","-1.0"
"USW00094849","ALPENA CO REGIONAL AIRPORT, MI US","45.0716","-83.56451","208.3","2000-12","112.9","-22.2","2.2","1841.7","-8.6","-4.4","-12.7"
"USC00202381","EAST JORDAN, MI US","45.15179","-85.1324","178.9","2000-07","93.7","3.3","31.1","26.4","19.2","27.1","11.4"
"USC00202381","EAST JORDAN, MI US","45.15179","-85.1324","178.9","2000-08","140.0","1.7","32.2","50.0","19.1","26.1","12.1"
"USC00202381","EAST JORDAN, MI US","45.15179","-85.1324","178.9","2000-09","156.1","-3.9","32.8","174.4","14.7","22.6","6.9"
"USC00202381","EAST JORDAN, MI US","45.15179","-85.1324","178.9","2000-10","157.5","-7.8","26.7","398.7","11.1","18.8","3.5"
"USC00202381","EAST JORDAN, MI US","45.15179","-85.1324","178.9","2000-11","157.5","-8.3","22.2","817.9","3.9","7.6","0.1"
"USC00202381","EAST JORDAN, MI US","45.15179","-85.1324","178.9","2000-12","157.5","-23.3","2.8","1556.6","-6.5","-2.3","-10.7"
"USC00205892","NILES, MI US","41.8405","-86.2658","198.1","2000-07",,,,,,,
"USC00205892","NILES, MI US","41.8405","-86.2658","198.1","2000-08",,,,,,,
"USC00205892","NILES, MI US","41.8405","-86.2658","198.1","2000-09",,,,,,,
"USC00205892","NILES, MI US","41.8405","-86.2658","198.1","2000-10",,,,,,,
"USC00205892","NILES, MI US","41.8405","-86.2658","198.1","2000-11",,,,,,,
"USC00205892","NILES, MI US","41.8405","-86.2658","198.1","2000-12",,,,,,,
"USC00201052","BROWN CITY, MI US","43.2172","-82.9905","246.9","2000-07",,"6.7","30.6","32.9","18.6","25.2","12.0"
"USC00201052","BROWN CITY, MI US","43.2172","-82.9905","246.9","2000-08",,,,,,,
"USC00201052","BROWN CITY, MI US","43.2172","-82.9905","246.9","2000-09",,,,,,,
"USC00201052","BROWN CITY, MI US","43.2172","-82.9905","246.9","2000-10",,,,,,,
"USC00201052","BROWN CITY, MI US","43.2172","-82.9905","246.9","2000-11",,"-11.1",,,,,"-0.7"
"USC00201052","BROWN CITY, MI US","43.2172","-82.9905","246.9","2000-12",,,,,,,
"USC00206220","ONTONAGON 6 SE, MI US","46.8343","-89.2074","240.8","2000-07","75.5","2.2","31.7","38.1","18.8","25.6","12.0"
"USC00206220","ONTONAGON 6 SE, MI US","46.8343","-89.2074","240.8","2000-08","127.5","5.6","31.7","61.0","19.3","25.9","12.7"
"USC00206220","ONTONAGON 6 SE, MI US","46.8343","-89.2074","240.8","2000-09","138.8","-2.8","31.1","209.0","13.8","20.8","6.8"
"USC00206220","ONTONAGON 6 SE, MI US","46.8343","-89.2074","240.8","2000-10","143.8","-3.9","27.2","454.5","10.1","17.1","3.0"
"USC00206220","ONTONAGON 6 SE, MI US","46.8343","-89.2074","240.8","2000-11","143.8","-13.3","21.1","957.1","1.6","5.1","-2.0"
"USC00206220","ONTONAGON 6 SE, MI US","46.8343","-89.2074","240.8","2000-12","143.8","-26.1","1.7","1846.2","-10.4","-6.2","-14.5"
"USC00205097","MAPLE CITY 1 E, MI US","44.855","-85.8352","243.5","2000-07",,,,,,,
"USC00205097","MAPLE CITY 1 E, MI US","44.855","-85.8352","243.5","2000-08",,,,,,,
"USC00205097","MAPLE CITY 1 E, MI US","44.855","-85.8352","243.5","2000-09",,,,,,,
"USC00205097","MAPLE CITY 1 E, MI US","44.855","-85.8352","243.5","2000-10",,,,,,,
"USC00205097","MAPLE CITY 1 E, MI US","44.855","-85.8352","243.5","2000-11",,"-5.6",,,,,"1.1"
"USC00205097","MAPLE CITY 1 E, MI US","44.855","-85.8352","243.5","2000-12",,"-13.3",,,,,"-7.3"
"USC00200084","AKRON 7 NW, MI US","43.6097","-83.6336","179.5","2000-07",,"6.7","29.4","34.2","18.6","24.1","13.0"
"USC00200084","AKRON 7 NW, MI US","43.6097","-83.6336","179.5","2000-08",,"6.7","29.4","59.4","19.1","24.0","14.2"
"USC00200084","AKRON 7 NW, MI US","43.6097","-83.6336","179.5","2000-09",,"2.8","31.1","197.0","14.4","19.9","8.9"
"USC00200084","AKRON 7 NW, MI US","43.6097","-83.6336","179.5","2000-10",,"-2.8","24.4","445.1","10.3","16.1","4.6"
"USC00200084","AKRON 7 NW, MI US","43.6097","-83.6336","179.5","2000-11",,"-7.8","21.7","883.4","3.3","6.9","-0.4"
"USC00200084","AKRON 7 NW, MI US","43.6097","-83.6336","179.5","2000-12",,"-24.4","3.9","1725.1","-8.8","-4.2","-13.5"
"USC00201172","BYRON 4 WSW, MI US","42.80861","-84.035","262.1","2000-07","128.7","8.3","30.6","17.2","19.4","25.8","12.9"
"USC00201172","BYRON 4 WSW, MI US","42.80861","-84.035","262.1","2000-08",,,,,,,
"USC00201172","BYRON 4 WSW, MI US","42.80861","-84.035","262.1","2000-09",,"0.6","32.2",,"15.3","21.9","8.6"
"USC00201172","BYRON 4 WSW, MI US","42.80861","-84.035","262.1","2000-10",,"-3.3","25.6",,"11.9","18.4","5.4"
"USC00201172","BYRON 4 WSW, MI US","42.80861","-84.035","262.1","2000-11",,"-11.1","20.6",,"3.5","7.9","-1.0"
"USC00201172","BYRON 4 WSW, MI US","42.80861","-84.035","262.1","2000-12",,"-25.6","3.9",,"-8.7","-3.3","-14.1"
"USC00207274","ST IGNACE MACKINAC B, MI US","45.8488","-84.7227","181.4","2000-07","51.6","6.1","26.1","24.6","19.1","23.4","14.7"
"USC00207274","ST IGNACE MACKINAC B, MI US","45.8488","-84.7227","181.4","2000-08","90.7","9.4","29.4","38.5","19.1","23.8","14.5"
"USC00207274","ST IGNACE MACKINAC B, MI US","45.8488","-84.7227","181.4","2000-09","111.0","0.0","31.7","142.5","15.4","20.4","10.4"
"USC00207274","ST IGNACE MACKINAC B, MI US","45.8488","-84.7227","181.4","2000-10","111.6","-0.6","23.9","387.8","10.2","14.4","6.0"
"USC00207274","ST IGNACE MACKINAC B, MI US","45.8488","-84.7227","181.4","2000-11","111.6","-10.6","16.7","814.8","3.6","6.0","1.2"
"USC00207274","ST IGNACE MACKINAC B, MI US","45.8488","-84.7227","181.4","2000-12","111.6","-19.4","2.2","1589.9","-7.5","-3.9","-11.1"
"USC00202140","DIMONDALE 1 WSW, MI US","42.6444","-84.6503","266.7","2000-07",,,,,,,
"USC00202140","DIMONDALE 1 WSW, MI US","42.6444","-84.6503","266.7","2000-08",,,,,,,
"USC00202140","DIMONDALE 1 WSW, MI US","42.6444","-84.6503","266.7","2000-09",,,,,,,
"USC00202140","DIMONDALE 1 WSW, MI US","42.6444","-84.6503","266.7","2000-10",,,,,,,
"USC00202140","DIMONDALE 1 WSW, MI US","42.6444","-84.6503","266.7","2000-11",,,,,,,
"USC00202140","DIMONDALE 1 WSW, MI US","42.6444","-84.6503","266.7","2000-12",,,,,,,
"USW00004847","ADRIAN LENAWEE CO AIRPORT, MI US","41.86784","-84.07946","244.1","2000-07",,"10.0","35.6","3.9","20.7","26.2","15.2"
"USW00004847","ADRIAN LENAWEE CO AIRPORT, MI US","41.86784","-84.07946","244.1","2000-08",,"8.9","31.7","14.5","20.7","26.3","15.2"
"USW00004847","ADRIAN LENAWEE CO AIRPORT, MI US","41.86784","-84.07946","244.1","2000-09",,"2.2","31.7","113.3","16.0","22.1","9.9"
"USW00004847","ADRIAN LENAWEE CO AIRPORT, MI US","41.86784","-84.07946","244.1","2000-10",,"-1.7","26.1","290.8","12.3","18.2","6.4"
"USW00004847","ADRIAN LENAWEE CO AIRPORT, MI US","41.86784","-84.07946","244.1","2000-11",,"-11.1","20.6","730.2","3.7","7.7","-0.3"
"USW00004847","ADRIAN LENAWEE CO AIRPORT, MI US","41.86784","-84.07946","244.1","2000-12",,"-21.7","7.2","1479.3","-7.5","-2.6","-12.4"
"USC00208080","TECUMSEH, MI US","42.0027","-83.9336","237.7","2000-07",,,,,,,
"USC00208080","TECUMSEH, MI US","42.0027","-83.9336","237.7","2000-08",,,,,,,
"USC00208080","TECUMSEH, MI US","42.0027","-83.9336","237.7","2000-11",,,,,,,
"USC00208080","TECUMSEH, MI US","42.0027","-83.9336","237.7","2000-12",,,,,,,
"USC00203504","GULL LAKE BIOLOGICAL STATION, MI US","42.3941","-85.385","281.9","2000-07","208.7","7.2","31.7","2.8","21.2","28.1","14.4"
"USC00203504","GULL LAKE BIOLOGICAL STATION, MI US","42.3941","-85.385","281.9","2000-08","319.3","6.7","32.2","7.3","21.7","28.4","15.0"
"USC00203504","GULL LAKE BIOLOGICAL STATION, MI US","42.3941","-85.385","281.9","2000-09","376.1","1.7","33.9","81.4","17.7","24.2","11.1"
"USC00203504","GULL LAKE BIOLOGICAL STATION, MI US","42.3941","-85.385","281.9","2000-10","381.6","-1.7","25.6","204.6","14.0","20.6","7.4"
"USC00203504","GULL LAKE BIOLOGICAL STATION, MI US","42.3941","-85.385","281.9","2000-11","381.6","-10.6","20.6","634.4","4.0","7.8","0.2"
"USC00203504","GULL LAKE BIOLOGICAL STATION, MI US","42.3941","-85.385","281.9","2000-12","381.6","-24.4","3.3","1419.9","-7.0","-2.8","-11.2"
"USW00014804","MOUNT CLEMENS ANG BASE, MI US","42.6083","-82.8183","176.8","2000-07","156.4","9.4","31.7","11.5","19.9","25.5","14.3"
"USW00014804","MOUNT CLEMENS ANG BASE, MI US","42.6083","-82.8183","176.8","2000-08","237.2","7.8","30.6","23.9","20.5","25.9","15.2"
"USW00014804","MOUNT CLEMENS ANG BASE, MI US","42.6083","-82.8183","176.8","2000-09","273.3","2.8","30.6","120.1","16.3","21.8","10.8"
"USW00014804","MOUNT CLEMENS ANG BASE, MI US","42.6083","-82.8183","176.8","2000-10","275.0","-2.2","25.6","316.9","11.7","17.5","6.0"
"USW00014804","MOUNT CLEMENS ANG BASE, MI US","42.6083","-82.8183","176.8","2000-11","275.0","-9.4","18.3","708.2","4.0","8.0","0.1"
"USW00014804","MOUNT CLEMENS ANG BASE, MI US","42.6083","-82.8183","176.8","2000-12","275.0","-19.4","3.3","1417.9","-7.0","-2.9","-11.1"
"USW00004854","GAYLORD OTSEGO CO AIRPORT, MI US","45.01657","-84.68942","405.9","2000-07","64.2","1.7","28.9","58.9","17.6","24.0","11.1"
"USW00004854","GAYLORD OTSEGO CO AIRPORT, MI US","45.01657","-84.68942","405.9","2000-08","81.7","1.7","30.6","119.2","16.9","23.2","10.7"
"USW00004854","GAYLORD OTSEGO CO AIRPORT, MI US","45.01657","-84.68942","405.9","2000-09","90.3","-5.6","27.2","293.1","12.8","18.7","6.9"
"USW00004854","GAYLORD OTSEGO CO AIRPORT, MI US","45.01657","-84.68942","405.9","2000-10","90.9","-7.8","23.9","583.7","9.0","15.0","2.9"
"USW00004854","GAYLORD OTSEGO CO AIRPORT, MI US","45.01657","-84.68942","405.9","2000-11","90.9","-10.0","19.4","1099.9","1.1","3.9","-1.7"
"USW00004854","GAYLORD OTSEGO CO AIRPORT, MI US","45.01657","-84.68942","405.9","2000-12","90.9","-27.2","0.6","1973.2","-9.8","-5.9","-13.8"
"USC00203628","HARRISVILLE STATE PARK, MI US","44.64975","-83.29585","186.5","2000-07","72.1","8.9","31.1","31.7","18.6","23.8","13.4"
"USC00203628","HARRISVILLE STATE PARK, MI US","44.64975","-83.29585","186.5","2000-08","100.5","7.8","30.6","50.8","18.6","23.6","13.7"
"USC00203628","HARRISVILLE STATE PARK, MI US","44.64975","-83.29585","186.5","2000-09","119.4","2.8","27.8","170.7","15.0","20.1","9.9"
"USC00203628","HARRISVILLE STATE PARK, MI US","44.64975","-83.29585","186.5","2000-10","119.4","-1.7","26.1","414.9","10.4","15.7","5.2"
"USC00203628","HARRISVILLE STATE PARK, MI US","44.64975","-83.29585","186.5","2000-11","119.4","-10.6","16.7","874.0","3.0","6.4","-0.4"
"USC00203628","HARRISVILLE STATE PARK, MI US","44.64975","-83.29585","186.5","2000-12","119.4","-18.3","3.9","1670.1","-7.4","-3.0","-11.7"
"USC00205807","NEW BALTIMORE 5 SW, MI US","42.6502","-82.8044","173.7","2000-07",,,,,,,
"USC00205807","NEW BALTIMORE 5 SW, MI US","42.6502","-82.8044","173.7","2000-08",,,,,,,
"USC00205807","NEW BALTIMORE 5 SW, MI US","42.6502","-82.8044","173.7","2000-09",,,,,,,
"USC00205807","NEW BALTIMORE 5 SW, MI US","42.6502","-82.8044","173.7","2000-10",,,,,,,
"USC00205807","NEW BALTIMORE 5 SW, MI US","42.6502","-82.8044","173.7","2000-11",,,,,,,
"USC00205807","NEW BALTIMORE 5 SW, MI US","42.6502","-82.8044","173.7","2000-12",,,,,,,
"USW00004856","MANISTIQUE, MI US","45.95","-86.22972","178.0","2000-07","23.9","3.9","28.9","55.5","17.3","21.8","12.8"
"USW00004856","MANISTIQUE, MI US","45.95","-86.22972","178.0","2000-08","38.3","3.9","27.2","99.2","17.4","22.1","12.7"
"USW00004856","MANISTIQUE, MI US","45.95","-86.22972","178.0","2000-09","42.0","-1.7","21.7","257.2","13.2","17.4","9.0"
"USW00004856","MANISTIQUE, MI US","45.95","-86.22972","178.0","2000-10","42.0","-1.7","22.2","550.8","8.9","13.4","4.3"
"USW00004856","MANISTIQUE, MI US","45.95","-86.22972","178.0","2000-11","42.0","-9.4","13.9","1032.3","2.3","5.0","-0.4"
"USW00004856","MANISTIQUE, MI US","45.95","-86.22972","178.0","2000-12","42.0","-19.4","2.2","1864.2","-8.5","-4.6","-12.4"
"USC00203585","HARBOR BEACH 1 SSE, MI US","43.8322","-82.6427","181.4","2000-07","91.0","8.9","29.4","37.6","18.3","22.5","14.1"
"USC00203585","HARBOR BEACH 1 SSE, MI US","43.8322","-82.6427","181.4","2000-08","133.8","8.3","28.3","67.0","18.8","23.1","14.4"
"USC00203585","HARBOR BEACH 1 SSE, MI US","43.8322","-82.6427","181.4","2000-09","154.9","3.3","28.3","180.5","15.1","20.0","10.3"
"USC00203585","HARBOR BEACH 1 SSE, MI US","43.8322","-82.6427","181.4","2000-10","155.2","-0.6","24.4","391.6","11.5","16.8","6.2"
"USC00203585","HARBOR BEACH 1 SSE, MI US","43.8322","-82.6427","181.4","2000-11","155.2","-8.9","17.2","839.5","3.4","6.7","0.1"
"USC00203585","HARBOR BEACH 1 SSE, MI US","43.8322","-82.6427","181.4","2000-12","155.2","-20.6","4.4","1526.6","-7.0","-2.8","-11.2"
"USC00205488","MILLINGTON 3 SE, MI US","43.2836","-83.4791","249.9","2000-07",,,,,,,
"USC00205488","MILLINGTON 3 SE, MI US","43.2836","-83.4791","249.9","2000-08",,,,,,,
"USC00205488","MILLINGTON 3 SE, MI US","43.2836","-83.4791","249.9","2000-09",,,,,,,
"USC00205488","MILLINGTON 3 SE, MI US","43.2836","-83.4791","249.9","2000-10",,,,,,,
"USC00205488","MILLINGTON 3 SE, MI US","43.2836","-83.4791","249.9","2000-11",,,,,,,
"USC00205488","MILLINGTON 3 SE, MI US","43.2836","-83.4791","249.9","2000-12",,,,,,,
"USC00200197","AMASA 1 W, MI US","46.2347","-88.4544","448.1","2000-07","27.8","-0.6","29.4","52.8","17.0","24.0","10.1"
"USC00200197","AMASA 1 W, MI US","46.2347","-88.4544","448.1","2000-08","41.2","1.7","30.0","107.6","16.7","24.1","9.4"
"USC00200197","AMASA 1 W, MI US","46.2347","-88.4544","448.1","2000-11",,"-12.2","17.8",,"-0.8","3.0","-4.7"
"USC00200197","AMASA 1 W, MI US","46.2347","-88.4544","448.1","2000-12",,"-30.0","0.0",,"-12.9","-7.8","-18.0"
"USC00200230","ANN ARBOR U OF MICH, MI US","42.29806","-83.66388","247.8","2000-07","192.0","10.6","30.0","3.9","20.6","25.8","15.4"
"USC00200230","ANN ARBOR U OF MICH, MI US","42.29806","-83.66388","247.8","2000-08","290.9","8.3","31.7","12.8","21.2","26.8","15.7"
"USC00200230","ANN ARBOR U OF MICH, MI US","42.29806","-83.66388","247.8","2000-09","336.8","3.3","31.1","94.4","17.1","23.0","11.3"
"USC00200230","ANN ARBOR U OF MICH, MI US","42.29806","-83.66388","247.8","2000-10",,"-1.1",,,,,"6.9"
"USC00200230","ANN ARBOR U OF MICH, MI US","42.29806","-83.66388","247.8","2000-11",,"-9.4","18.3",,"4.1","7.6","0.6"
"USC00200230","ANN ARBOR U OF MICH, MI US","42.29806","-83.66388","247.8","2000-12",,"-21.1","2.8",,"-7.4","-3.6","-11.2"
"USC00202376","EAST HOUGHTON LAKE, MI US","44.36694","-84.68917","349.6","2000-07","68.0","5.0","27.8","40.5","18.1","23.4","12.7"
"USC00202376","EAST HOUGHTON LAKE, MI US","44.36694","-84.68917","349.6","2000-08","96.2","5.6","26.7","84.2","17.8","23.5","12.2"
"USC00202376","EAST HOUGHTON LAKE, MI US","44.36694","-84.68917","349.6","2000-09","117.3","-2.2","28.3","232.3","14.0","19.3","8.7"
"USC00202376","EAST HOUGHTON LAKE, MI US","44.36694","-84.68917","349.6","2000-10","117.3","-5.6","21.1","496.6","9.5","15.3","3.7"
"USC00202376","EAST HOUGHTON LAKE, MI US","44.36694","-84.68917","349.6","2000-11","117.3","-8.3","18.3","980.4","2.2","5.6","-1.2"
"USC00202376","EAST HOUGHTON LAKE, MI US","44.36694","-84.68917","349.6","2000-12","117.3","-23.9","1.1","1823.3","-8.9","-4.8","-12.9"
"USC00202015","DEARBORN, MI US","42.31917","-83.23839","184.4","2000-07","195.4","9.4","31.1","3.0","20.8","27.6","14.1"
"USC00202015","DEARBORN, MI US","42.31917","-83.23839","184.4","2000-08","299.9","7.8","31.7","10.2","21.5","28.1","14.9"
"USC00202015","DEARBORN, MI US","42.31917","-83.23839","184.4","2000-09","350.1","1.7","32.8","93.4","17.1","24.0","10.3"
"USC00202015","DEARBORN, MI US","42.31917","-83.23839","184.4","2000-10","350.9","-2.8","26.7","251.1","13.0","20.1","5.9"
"USC00202015","DEARBORN, MI US","42.31917","-83.23839","184.4","2000-11","350.9","-11.1","20.0","646.5","4.7","9.4","0.0"
"USC00202015","DEARBORN, MI US","42.31917","-83.23839","184.4","2000-12","350.9","-20.6","6.7","1424.1","-6.7","-1.7","-11.8"
"USC00204954","LUDINGTON, MI US","43.9066","-86.3942","210.3","2000-07","124.2","7.2","31.1","13.3","20.1","26.4","13.9"
"USC00204954","LUDINGTON, MI US","43.9066","-86.3942","210.3","2000-08","188.8","6.1","31.1","26.1","20.2","26.0","14.3"
"USC00204954","LUDINGTON, MI US","43.9066","-86.3942","210.3","2000-09","224.7","-1.7","31.1","115.3","16.5","22.0","10.9"
"USC00204954","LUDINGTON, MI US","43.9066","-86.3942","210.3","2000-10",,,,,,,
"USC00204954","LUDINGTON, MI US","43.9066","-86.3942","210.3","2000-11",,"-6.1","21.1",,"4.6","7.5","1.7"
"USC00204954","LUDINGTON, MI US","43.9066","-86.3942","210.3","2000-12",,"-17.2","4.4",,"-5.1","-1.9","-8.3"
"USC00203744","HERMAN, MI US","46.6653","-88.3772","523.3","2000-07","35.8","0.0","30.6","44.7","17.5","25.1","9.9"
"USC00203744","HERMAN, MI US","46.6653","-88.3772","523.3","2000-09",,"-11.7","31.7",,"12.1","19.4","4.8"
"USC00203744","HERMAN, MI US","46.6653","-88.3772","523.3","2000-10",,,,,,,
"USC00203744","HERMAN, MI US","46.6653","-88.3772","523.3","2000-11",,"-16.7","18.3",,"0.1","3.7","-3.4"
"USC00203744","HERMAN, MI US","46.6653","-88.3772","523.3","2000-12",,"-25.0","0.0",,"-11.5","-7.6","-15.5"
"USC00207820","STANDISH 4 NE, MI US","44.0126","-83.8977","187.5","2000-07","102.4","7.2","30.6","30.1","18.8","25.6","12.0"
"USC00207820","STANDISH 4 NE, MI US","44.0126","-83.8977","187.5","2000-08","145.4","5.0","28.9","59.5","18.8","25.2","12.3"
"USC00207820","STANDISH 4 NE, MI US","44.0126","-83.8977","187.5","2000-09","172.7","-1.1","32.2","209.6","14.2","21.1","7.4"
"USC00207820","STANDISH 4 NE, MI US","44.0126","-83.8977","187.5","2000-10","173.9","-3.9","25.6","456.8","10.4","17.4","3.4"
"USC00207820","STANDISH 4 NE, MI US","44.0126","-83.8977","187.5","2000-11","173.9","-8.9","20.6","930.1","2.6","6.6","-1.5"
"USC00207820","STANDISH 4 NE, MI US","44.0126","-83.8977","187.5","2000-12","173.9","-27.2","2.8","1765.6","-8.6","-3.6","-13.7"
"USC00208772","WELLSTON TIPPY DAM, MI US","44.2586","-85.9394","198.1","2000-07",,,,,,,
"USC00208772","WELLSTON TIPPY DAM, MI US","44.2586","-85.9394","198.1","2000-08",,,,,,,
"USC00208772","WELLSTON TIPPY DAM, MI US","44.2586","-85.9394","198.1","2000-09",,,,,,,
"USC00208772","WELLSTON TIPPY DAM, MI US","44.2586","-85.9394","198.1","2000-10",,,,,,,
"USC00208772","WELLSTON TIPPY DAM, MI US","44.2586","-85.9394","198.1","2000-11",,,,,,,
"USC00208772","WELLSTON TIPPY DAM, MI US","44.2586","-85.9394","198.1","2000-12",,,,,,,
"USC00208774","WELLSTON 1 N, MI US","44.2294","-85.9572","235.6","2000-07",,,"30.0",,,"25.1",
"USC00208774","WELLSTON 1 N, MI US","44.2294","-85.9572","235.6","2000-08",,,"29.4",,,"24.7",
"USC00208774","WELLSTON 1 N, MI US","44.2294","-85.9572","235.6","2000-09",,,"31.1",,,"21.1",
"USC00202270","DRYDEN 5 W, MI US","42.95833","-83.22167","313.9","2000-07",,,,,,,
"USC00202270","DRYDEN 5 W, MI US","42.95833","-83.22167","313.9","2000-08",,,,,,,
"USC00202270","DRYDEN 5 W, MI US","42.95833","-83.22167","313.9","2000-09",,,,,,,
"USC00202270","DRYDEN 5 W, MI US","42.95833","-83.22167","313.9","2000-10",,,,,,,
"USC00208252","TRAVERSE CITY AIRPORT NUMBER 2, MI US","44.745","-85.58444","189.9","2000-07","142.9","6.7","33.9","21.4","20.1","26.0","14.1"
"USC00208252","TRAVERSE CITY AIRPORT NUMBER 2, MI US","44.745","-85.58444","189.9","2000-08","199.1","5.0","29.4","40.8","19.7","25.7","13.7"
"USC00208252","TRAVERSE CITY AIRPORT NUMBER 2, MI US","44.745","-85.58444","189.9","2000-09","232.6","-2.2","33.9","153.0","15.7","21.6","9.9"
"USC00208252","TRAVERSE CITY AIRPORT NUMBER 2, MI US","44.745","-85.58444","189.9","2000-10","236.5","-3.9","26.1","361.0","11.6","17.6","5.5"
"USC00208252","TRAVERSE CITY AIRPORT NUMBER 2, MI US","44.745","-85.58444","189.9","2000-11","236.5","-7.8","22.8","802.4","3.6","7.2","0.1"
"USC00208252","TRAVERSE CITY AIRPORT NUMBER 2, MI US","44.745","-85.58444","189.9","2000-12","236.5","-16.7","2.8","1558.5","-6.1","-2.7","-9.4"
"USC00200094","ALBION, MI US","42.24941","-84.7732","285.0","2000-07",,,,,,,
"USC00200094","ALBION, MI US","42.24941","-84.7732","285.0","2000-08",,,,,,,
"USC00200094","ALBION, MI US","42.24941","-84.7732","285.0","2000-09",,,,,,,
"USC00200094","ALBION, MI US","42.24941","-84.7732","285.0","2000-10",,,,,,,
"USC00200094","ALBION, MI US","42.24941","-84.7732","285.0","2000-11",,,,,,,
"USC00200094","ALBION, MI US","42.24941","-84.7732","285.0","2000-12",,,,,,,
"USC00208890","WHITE CLOUD 9 E, MI US","43.5491","-85.5841","263.7","2000-07",,,,,,,
"USC00208890","WHITE CLOUD 9 E, MI US","43.5491","-85.5841","263.7","2000-08",,,,,,,
"USC00208890","WHITE CLOUD 9 E, MI US","43.5491","-85.5841","263.7","2000-09",,,,,,,
"USC00208890","WHITE CLOUD 9 E, MI US","43.5491","-85.5841","263.7","2000-10",,,,,,,
"USC00208890","WHITE CLOUD 9 E, MI US","43.5491","-85.5841","263.7","2000-11",,,,,,,
"USC00208890","WHITE CLOUD 9 E, MI US","43.5491","-85.5841","263.7","2000-12",,,,,,,
"USC00209188","YALE 1 NNW, MI US","43.1447","-82.8011","249.9","2000-07",,,,,,,
"USC00209188","YALE 1 NNW, MI US","43.1447","-82.8011","249.9","2000-08",,,,,,,
"USC00209188","YALE 1 NNW, MI US","43.1447","-82.8011","249.9","2000-09",,,,,,,
"USC00209188","YALE 1 NNW, MI US","43.1447","-82.8011","249.9","2000-10",,,,,,,
"USC00209188","YALE 1 NNW, MI US","43.1447","-82.8011","249.9","2000-11",,,,,,,
"USC00209188","YALE 1 NNW, MI US","43.1447","-82.8011","249.9","2000-12",,,,,,,
"USW00014822","DETROIT CITY AIRPORT, MI US","42.40725","-83.00899","189.8","2000-07","262.5","13.3","32.2","0.0","22.0","27.0","17.0"
"USW00014822","DETROIT CITY AIRPORT, MI US","42.40725","-83.00899","189.8","2000-08","388.0","10.0","31.7","6.2","22.2","27.0","17.4"
"USW00014822","DETROIT CITY AIRPORT, MI US","42.40725","-83.00899","189.8","2000-09","422.4","0.6","32.2","84.0","16.9","22.7","11.1"
"USW00014822","DETROIT CITY AIRPORT, MI US","42.40725","-83.00899","189.8","2000-10","425.8","-0.6","25.6","246.0","13.2","18.0","8.5"
"USW00014822","DETROIT CITY AIRPORT, MI US","42.40725","-83.00899","189.8","2000-11","425.8","-6.7","18.3","653.9","4.7","7.7","1.8"
"USW00014822","DETROIT CITY AIRPORT, MI US","42.40725","-83.00899","189.8","2000-12","425.8","-19.4","3.3","1425.2","-6.6","-3.2","-9.9"
"USW00094850","MARQUETTE WEATHER FORECAST OFFICE, MI US","46.5313","-87.5491","431.3","2000-07","40.9","2.2","29.4","68.3","17.1","23.3","10.9"
"USW00094850","MARQUETTE WEATHER FORECAST OFFICE, MI US","46.5313","-87.5491","431.3","2000-08","59.2","2.8","32.2","131.5","16.9","23.3","10.5"
"USW00094850","MARQUETTE WEATHER FORECAST OFFICE, MI US","46.5313","-87.5491","431.3","2000-09","62.0","-3.9","30.0","311.1","12.4","18.3","6.6"
"USW00094850","MARQUETTE WEATHER FORECAST OFFICE, MI US","46.5313","-87.5491","431.3","2000-10","62.6","-2.8","23.9","616.5","8.5","14.1","2.9"
"USW00094850","MARQUETTE WEATHER FORECAST OFFICE, MI US","46.5313","-87.5491","431.3","2000-11","62.6","-16.1","18.9","1177.4","-0.4","2.8","-3.5"
"USW00094850","MARQUETTE WEATHER FORECAST OFFICE, MI US","46.5313","-87.5491","431.3","2000-12","62.6","-25.6","0.6","2088.6","-11.1","-7.4","-14.7"
"USC00207280","SAINT JOHNS, MI US","43.0128","-84.5547","226.5","2000-07","147.5","9.4","30.6","11.7","20.1","26.3","13.8"
"USC00207280","SAINT JOHNS, MI US","43.0128","-84.5547","226.5","2000-08","225.7","7.8","29.4","26.4","20.4","26.4","14.4"
"USC00207280","SAINT JOHNS, MI US","43.0128","-84.5547","226.5","2000-09","262.3","0.6","32.8","141.1","15.7","21.7","9.7"
"USC00207280","SAINT JOHNS, MI US","43.0128","-84.5547","226.5","2000-10",,"-2.8",,,,,"6.2"
"USC00207280","SAINT JOHNS, MI US","43.0128","-84.5547","226.5","2000-11",,,,,,,
"USC00207280","SAINT JOHNS, MI US","43.0128","-84.5547","226.5","2000-12",,"-21.1","3.3",,"-8.2","-3.4","-13.0"
"USC00205816","NEWBERRY LUCE CO ROAD COMMISSION, MI US","46.35155","-85.51629","241.4","2000-07","53.6","1.7","30.0","41.3","18.5","25.1","12.0"
"USC00205816","NEWBERRY LUCE CO ROAD COMMISSION, MI US","46.35155","-85.51629","241.4","2000-08","92.8","2.8","30.6","69.6","18.7","25.3","12.1"
"USC00205816","NEWBERRY LUCE CO ROAD COMMISSION, MI US","46.35155","-85.51629","241.4","2000-09","102.8","-3.3","28.9","218.2","13.7","19.4","8.1"
"USC00205816","NEWBERRY LUCE CO ROAD COMMISSION, MI US","46.35155","-85.51629","241.4","2000-10","102.8","-3.9","21.1","483.7","9.2","14.5","3.8"
"USC00205816","NEWBERRY LUCE CO ROAD COMMISSION, MI US","46.35155","-85.51629","241.4","2000-11","102.8","-10.0","18.3","980.2","1.8","4.7","-1.1"
"USC00205816","NEWBERRY LUCE CO ROAD COMMISSION, MI US","46.35155","-85.51629","241.4","2000-12","102.8","-22.8","1.1","1789.8","-9.6","-5.6","-13.5"
"USC00200128","ALLEGAN 5 NE, MI US","42.5799","-85.7893","228.6","2000-07","103.9","7.2","29.4","12.2","19.5","25.5","13.4"
"USC00200128","ALLEGAN 5 NE, MI US","42.5799","-85.7893","228.6","2000-08","166.1","8.3","29.4","26.4","20.0","26.1","13.9"
"USC00200128","ALLEGAN 5 NE, MI US","42.5799","-85.7893","228.6","2000-09","202.6","1.1","32.2","146.6","15.4","21.8","9.1"
"USC00200128","ALLEGAN 5 NE, MI US","42.5799","-85.7893","228.6","2000-10","203.4","-1.7","26.1","324.2","11.9","18.3","5.5"
"USC00200128","ALLEGAN 5 NE, MI US","42.5799","-85.7893","228.6","2000-11","203.4","-9.4","21.1","737.0","3.0","7.0","-1.0"
"USC00200128","ALLEGAN 5 NE, MI US","42.5799","-85.7893","228.6","2000-12","203.4","-25.0","1.7","1480.2","-8.2","-4.6","-11.9"
"USC00206507","PETOSKEY, MI US","45.3725","-84.9766","182.6","2000-07","71.1","4.4","30.6","32.0","19.1","23.8","14.5"
"USC00206507","PETOSKEY, MI US","45.3725","-84.9766","182.6","2000-08","106.0","6.1","28.3","63.3","18.4","22.8","14.1"
"USC00206507","PETOSKEY, MI US","45.3725","-84.9766","182.6","2000-09","127.7","-1.7","32.8","195.5","14.5","19.4","9.6"
"USC00206507","PETOSKEY, MI US","45.3725","-84.9766","182.6","2000-10","130.7","-2.8","26.1","437.7","10.6","15.3","5.9"
"USC00206507","PETOSKEY, MI US","45.3725","-84.9766","182.6","2000-11","130.7","-7.2","21.7","880.2","3.6","6.4","0.8"
"USC00206507","PETOSKEY, MI US","45.3725","-84.9766","182.6","2000-12","130.7","-22.2","2.2","1640.0","-7.0","-4.0","-9.9"
"USC00204328","KENTON, MI US","46.4863","-88.8916","355.7","2000-07",,,,,,,
"USC00204328","KENTON, MI US","46.4863","-88.8916","355.7","2000-08",,"2.2",,,,,"11.6"
"USC00204328","KENTON, MI US","46.4863","-88.8916","355.7","2000-09",,"-3.3","27.8",,"13.4","20.0","6.8"
"USC00204328","KENTON, MI US","46.4863","-88.8916","355.7","2000-10",,"-6.1","26.1",,"9.4","16.1","2.7"
"USC00204328","KENTON, MI US","46.4863","-88.8916","355.7","2000-11",,"-15.0","18.3",,"-0.3","3.2","-3.8"
"USW00014817","CADILLAC, MI US","44.2655","-85.3966","394.7","2000-07",,,"30.6",,,"24.8",
"USW00014817","CADILLAC, MI US","44.2655","-85.3966","394.7","2000-08",,"2.8","29.4",,"17.9","24.4","11.4"
"USW00014817","CADILLAC, MI US","44.2655","-85.3966","394.7","2000-09",,,"31.7",,,"20.1",
"USW00014817","CADILLAC, MI US","44.2655","-85.3966","394.7","2000-10",,"-6.1","24.4",,"9.6","16.3","2.9"
"USW00014817","CADILLAC, MI US","44.2655","-85.3966","394.7","2000-11",,"-12.2","18.9",,"1.7","5.5","-2.2"
"USW00014817","CADILLAC, MI US","44.2655","-85.3966","394.7","2000-12",,"-25.6","1.7",,"-8.0","-4.7","-11.4"
"USC00204967","LUPTON 1 S, MI US","44.4199","-84.0232","276.8","2000-07",,"5.0","29.4","41.0","17.8","25.0","10.6"
"USC00204967","LUPTON 1 S, MI US","44.4199","-84.0232","276.8","2000-08",,,,,,,
"USC00204967","LUPTON 1 S, MI US","44.4199","-84.0232","276.8","2000-09",,"-3.3","30.6",,"13.4","20.7","6.0"
"USC00204967","LUPTON 1 S, MI US","44.4199","-84.0232","276.8","2000-10",,"-6.1","25.0",,"9.5","17.4","1.7"
"USC00204967","LUPTON 1 S, MI US","44.4199","-84.0232","276.8","2000-11",,"-12.2","19.4",,"1.6","6.7","-3.5"
"USC00203917","HOUGHTON MTU, MI US","47.11667","-88.55","259.1","2000-07","85.3","5.6","30.6","31.1","19.4","25.5","13.2"
"USC00203917","HOUGHTON MTU, MI US","47.11667","-88.55","259.1","2000-08","148.8","5.6","32.2","52.2","19.7","25.8","13.6"
"USC00203917","HOUGHTON MTU, MI US","47.11667","-88.55","259.1","2000-09","164.2","-3.3","31.7","184.1","14.4","20.8","8.1"
"USC00203917","HOUGHTON MTU, MI US","47.11667","-88.55","259.1","2000-10","167.2","-3.3","25.0","430.8","10.3","16.2","4.4"
"USC00203917","HOUGHTON MTU, MI US","47.11667","-88.55","259.1","2000-11","167.2","-11.1","20.6","922.3","1.9","5.1","-1.2"
"USC00203917","HOUGHTON MTU, MI US","47.11667","-88.55","259.1","2000-12","167.2","-21.1","2.8","1782.3","-9.4","-5.6","-13.3"
"USW00014815","BATTLE CREEK KELLOGG AIRPORT, MI US","42.31192","-85.24147","282.5","2000-07","166.6","7.8","30.0","7.5","20.5","26.1","14.9"
"USW00014815","BATTLE CREEK KELLOGG AIRPORT, MI US","42.31192","-85.24147","282.5","2000-08","261.2","8.9","32.2","16.4","21.1","26.4","15.8"
"USW00014815","BATTLE CREEK KELLOGG AIRPORT, MI US","42.31192","-85.24147","282.5","2000-09","305.4","2.2","31.7","117.0","16.4","22.0","10.9"
"USW00014815","BATTLE CREEK KELLOGG AIRPORT, MI US","42.31192","-85.24147","282.5","2000-10","307.3","-1.7","25.0","298.1","12.6","18.2","6.9"
"USW00014815","BATTLE CREEK KELLOGG AIRPORT, MI US","42.31192","-85.24147","282.5","2000-11","307.3","-9.4","19.4","746.7","3.4","6.5","0.3"
"USW00014815","BATTLE CREEK KELLOGG AIRPORT, MI US","42.31192","-85.24147","282.5","2000-12","307.3","-24.4","3.3","1582.3","-8.6","-4.3","-12.9"
"USW00014814","ALPENA WASTEWATER PLANT, MI US","45.0605","-83.428","179.8","2000-07",,,"31.7",,,"24.0",
"USW00014814","ALPENA WASTEWATER PLANT, MI US","45.0605","-83.428","179.8","2000-08",,"8.3","30.6",,"18.9","23.4","14.3"
"USW00014814","ALPENA WASTEWATER PLANT, MI US","45.0605","-83.428","179.8","2000-09",,"1.1","27.2",,"14.3","19.7","8.9"
"USW00014814","ALPENA WASTEWATER PLANT, MI US","45.0605","-83.428","179.8","2000-10",,"-1.1","25.6",,"10.3","15.2","5.3"
"USW00014814","ALPENA WASTEWATER PLANT, MI US","45.0605","-83.428","179.8","2000-11",,"-8.3","15.6",,"2.5","5.7","-0.6"
"USW00014814","ALPENA WASTEWATER PLANT, MI US","45.0605","-83.428","179.8","2000-12",,"-17.2","3.3",,"-7.7","-3.3","-12.1"
"USC00200925","BOYNE FALLS, MI US","45.1672","-84.9138","221.9","2000-07","135.6","1.7","31.7","20.6","20.2","27.4","12.9"
"USC00200925","BOYNE FALLS, MI US","45.1672","-84.9138","221.9","2000-08","203.5","3.3","33.3","37.3","20.0","26.6","13.4"
"USC00200925","BOYNE FALLS, MI US","45.1672","-84.9138","221.9","2000-09","233.4","-4.4","32.8","143.5","15.8","22.1","9.5"
"USC00200925","BOYNE FALLS, MI US","45.1672","-84.9138","221.9","2000-10","239.7","-6.7","26.7","348.8","11.5","18.3","4.7"
"USC00200925","BOYNE FALLS, MI US","45.1672","-84.9138","221.9","2000-11","239.7","-8.9","22.8","784.6","3.3","6.2","0.5"
"USC00200925","BOYNE FALLS, MI US","45.1672","-84.9138","221.9","2000-12","239.7","-26.7","1.7","1540.5","-7.7","-4.0","-11.4"
"USC00205531","MIO HYDRO PLANT, MI US","44.6613","-84.1316","292.6","2000-07",,"6.1","30.0","28.9","18.6","25.9","11.4"
"USC00205531","MIO HYDRO PLANT, MI US","44.6613","-84.1316","292.6","2000-08",,"3.9","29.4","61.8","17.9","25.4","10.5"
"USC00205531","MIO HYDRO PLANT, MI US","44.6613","-84.1316","292.6","2000-09",,"-3.3","30.6","195.3","14.2","21.0","7.4"
"USC00205531","MIO HYDRO PLANT, MI US","44.6613","-84.1316","292.6","2000-10",,"-6.1","25.0","434.3","9.9","17.3","2.5"
"USC00205531","MIO HYDRO PLANT, MI US","44.6613","-84.1316","292.6","2000-11",,"-10.0","19.4","861.9","2.3","6.3","-1.7"
"USC00205531","MIO HYDRO PLANT, MI US","44.6613","-84.1316","292.6","2000-12",,"-25.6","2.2",,"-8.9","-3.6","-14.2"
"USC00204320","KENT CITY 2 SW, MI US","43.2036","-85.7776","247.8","2000-07",,,,,,,
"USC00204320","KENT CITY 2 SW, MI US","43.2036","-85.7776","247.8","2000-08",,,,,,,
"USC00204320","KENT CITY 2 SW, MI US","43.2036","-85.7776","247.8","2000-09",,,,,,,
"USC00204320","KENT CITY 2 SW, MI US","43.2036","-85.7776","247.8","2000-10",,,,,,,
"USC00204320","KENT CITY 2 SW, MI US","43.2036","-85.7776","247.8","2000-11",,,,,,,
"USC00204320","KENT CITY 2 SW, MI US","43.2036","-85.7776","247.8","2000-12",,,,,,,
"USC00201299","CARO WWTP, MI US","43.4838","-83.3919","210.3","2000-09",,,,,,,
"USC00201299","CARO WWTP, MI US","43.4838","-83.3919","210.3","2000-10",,"-3.9","26.1",,"11.7","18.4","5.1"
"USC00201299","CARO WWTP, MI US","43.4838","-83.3919","210.3","2000-11",,"-11.1","21.7",,"3.7","7.6","-0.3"
"USC00201299","CARO WWTP, MI US","43.4838","-83.3919","210.3","2000-12",,"-27.8","3.3",,"-8.6","-3.6","-13.7"
"USC00203477","GROSSE POINTE FARMS, MI US","42.4077","-82.8891","186.8","2000-07","214.7","11.7","30.6","3.7","20.9","25.6","16.3"
"USC00203477","GROSSE POINTE FARMS, MI US","42.4077","-82.8891","186.8","2000-08","311.4","10.0","31.7","10.1","21.5","26.3","16.8"
"USC00203477","GROSSE POINTE FARMS, MI US","42.4077","-82.8891","186.8","2000-09","359.8","0.0","28.3","63.4","18.0","23.6","12.5"
"USC00203477","GROSSE POINTE FARMS, MI US","42.4077","-82.8891","186.8","2000-10","365.9","0.0","25.6","220.4","13.1","18.0","8.2"
"USC00203477","GROSSE POINTE FARMS, MI US","42.4077","-82.8891","186.8","2000-11","365.9","-7.2","18.3","584.9","4.9","7.9","1.8"
"USC00203477","GROSSE POINTE FARMS, MI US","42.4077","-82.8891","186.8","2000-12","365.9","-19.4","4.4","1314.9","-5.9","-2.4","-9.5"
"USC00208920","WHITEFISH POINT, MI US","46.7475","-84.9857","189.6","2000-07","20.5","3.3","30.0","61.9","17.0","22.4","11.5"
"USC00208920","WHITEFISH POINT, MI US","46.7475","-84.9857","189.6","2000-08","49.1","6.1","31.1","93.7","18.2","23.8","12.7"
"USC00208920","WHITEFISH POINT, MI US","46.7475","-84.9857","189.6","2000-09","59.1","1.7","30.6","225.2","14.3","19.2","9.3"
"USC00208920","WHITEFISH POINT, MI US","46.7475","-84.9857","189.6","2000-10","59.1","-3.9","21.7","503.0","9.4","13.7","5.0"
"USC00208920","WHITEFISH POINT, MI US","46.7475","-84.9857","189.6","2000-11","59.1","-10.0","14.4","987.8","2.2","4.6","-0.3"
"USC00208920","WHITEFISH POINT, MI US","46.7475","-84.9857","189.6","2000-12","59.1","-19.4","2.2","1811.9","-8.2","-5.1","-11.4"
"USC00203632","HART 3 WSW, MI US","43.6751","-86.4228","236.2","2000-08",,"8.3","30.6",,"19.7","24.8","14.6"
"USC00203632","HART 3 WSW, MI US","43.6751","-86.4228","236.2","2000-09",,"-1.1","30.6",,"15.7","21.1","10.3"
"USC00203632","HART 3 WSW, MI US","43.6751","-86.4228","236.2","2000-10",,"-2.8","23.3",,"11.3","16.9","5.8"
"USC00203632","HART 3 WSW, MI US","43.6751","-86.4228","236.2","2000-11",,"-6.1","21.1",,"3.4","6.6","0.3"
"USC00203632","HART 3 WSW, MI US","43.6751","-86.4228","236.2","2000-12",,"-21.1","2.2",,"-6.8","-3.2","-10.4"
"USC00208800","WEST BRANCH 3 SE, MI US","44.2541","-84.2011","269.7","2000-07","79.2","6.7","29.4","30.0","18.6","25.2","12.0"
"USC00208800","WEST BRANCH 3 SE, MI US","44.2541","-84.2011","269.7","2000-08","117.4","5.0","30.0","57.2","18.8","25.5","12.0"
"USC00208800","WEST BRANCH 3 SE, MI US","44.2541","-84.2011","269.7","2000-09","143.2","-2.2","31.1","209.8","13.9","21.2","6.7"
"USC00208800","WEST BRANCH 3 SE, MI US","44.2541","-84.2011","269.7","2000-10","143.2","-4.4","25.0","459.2","10.3","17.9","2.7"
"USC00208800","WEST BRANCH 3 SE, MI US","44.2541","-84.2011","269.7","2000-11","143.2","-11.7","20.6","917.3","2.4","7.0","-2.1"
"USC00208800","WEST BRANCH 3 SE, MI US","44.2541","-84.2011","269.7","2000-12","143.2","-23.3","3.3","1754.7","-8.7","-3.4","-13.9"
"USC00202423","EAST TAWAS, MI US","44.2838","-83.5036","178.6","2000-07","109.7","6.7","30.6","28.0","19.2","25.2","13.1"
"USC00202423","EAST TAWAS, MI US","44.2838","-83.5036","178.6","2000-08","154.8","5.0","31.1","53.4","19.0","24.7","13.3"
"USC00202423","EAST TAWAS, MI US","44.2838","-83.5036","178.6","2000-09","179.6","-1.1","31.7","176.9","15.1","20.4","9.7"
"USC00202423","EAST TAWAS, MI US","44.2838","-83.5036","178.6","2000-10","179.6","-4.4","25.6","410.2","10.8","17.2","4.4"
"USC00202423","EAST TAWAS, MI US","44.2838","-83.5036","178.6","2000-11","179.6","-11.7","17.8","844.4","3.4","7.1","-0.4"
"USC00202423","EAST TAWAS, MI US","44.2838","-83.5036","178.6","2000-12","179.6","-22.2","3.3","1645.1","-7.5","-2.5","-12.4"
"USC00203096","GAYLORD, MI US","45.0332","-84.7113","401.7","2000-07","75.9","2.2","28.9","38.9","18.4","24.8","12.0"
"USC00203096","GAYLORD, MI US","45.0332","-84.7113","401.7","2000-08","104.6","5.0","30.6","69.2","18.3","24.4","12.1"
"USC00203096","GAYLORD, MI US","45.0332","-84.7113","401.7","2000-09","119.8","-3.3","28.9","204.1","14.3","19.9","8.8"
"USC00203096","GAYLORD, MI US","45.0332","-84.7113","401.7","2000-10","120.4","-4.4","23.9","440.7","10.3","15.9","4.7"
"USC00203096","GAYLORD, MI US","45.0332","-84.7113","401.7","2000-11","120.4","-11.7","19.4","937.8","1.8","4.5","-0.9"
"USC00203096","GAYLORD, MI US","45.0332","-84.7113","401.7","2000-12","120.4","-23.3","0.6","1785.3","-9.0","-5.4","-12.6"
"USW00094860","GRAND RAPIDS GERALD R FORD INTERNATIONAL AIRPORT, MI US","42.8821","-85.52297","240.3","2000-07","151.8","7.8","29.4","9.1","20.3","25.7","15.0"
"USW00094860","GRAND RAPIDS GERALD R FORD INTERNATIONAL AIRPORT, MI US","42.8821","-85.52297","240.3","2000-08","234.1","8.9","30.6","20.2","20.6","25.9","15.4"
"USW00094860","GRAND RAPIDS GERALD R FORD INTERNATIONAL AIRPORT, MI US","42.8821","-85.52297","240.3","2000-09","269.6","1.1","31.7","133.0","15.8","21.2","10.3"
"USW00094860","GRAND RAPIDS GERALD R FORD INTERNATIONAL AIRPORT, MI US","42.8821","-85.52297","240.3","2000-10","270.4","-1.7","25.0","330.6","12.0","17.5","6.4"
"USW00094860","GRAND RAPIDS GERALD R FORD INTERNATIONAL AIRPORT, MI US","42.8821","-85.52297","240.3","2000-11","270.4","-8.9","20.0","788.6","3.1","6.0","0.1"
"USW00094860","GRAND RAPIDS GERALD R FORD INTERNATIONAL AIRPORT, MI US","42.8821","-85.52297","240.3","2000-12","270.4","-22.8","2.8","1581.4","-7.2","-3.6","-10.9"
"USW00014833","JACKSON REYNOLDS FIELD, MI US","42.26373","-84.45644","295.9","2000-07","169.0","10.0","30.0","8.3","20.3","25.8","14.8"
"USW00014833","JACKSON REYNOLDS FIELD, MI US","42.26373","-84.45644","295.9","2000-08","255.3","7.8","31.7","21.1","20.7","26.2","15.2"
"USW00014833","JACKSON REYNOLDS FIELD, MI US","42.26373","-84.45644","295.9","2000-09","289.2","1.7","30.0","135.3","15.7","21.5","9.8"
"USW00014833","JACKSON REYNOLDS FIELD, MI US","42.26373","-84.45644","295.9","2000-10","291.2","-2.8","25.6","333.9","12.0","17.7","6.3"
"USW00014833","JACKSON REYNOLDS FIELD, MI US","42.26373","-84.45644","295.9","2000-11",,,,,,,
"USW00014833","JACKSON REYNOLDS FIELD, MI US","42.26373","-84.45644","295.9","2000-12",,"-25.6","3.9",,"-9.0","-4.5","-13.6"
"USC00203769","HESPERIA 4 WNW, MI US","43.5908","-86.1056","237.7","2000-07","86.8","1.7","31.1","27.0","19.3","26.7","11.9"
"USC00203769","HESPERIA 4 WNW, MI US","43.5908","-86.1056","237.7","2000-08","129.7","5.0","30.6","46.2","19.1","25.7","12.5"
"USC00203769","HESPERIA 4 WNW, MI US","43.5908","-86.1056","237.7","2000-09","167.0","-2.8","32.2","179.5","15.0","21.9","8.1"
"USC00203769","HESPERIA 4 WNW, MI US","43.5908","-86.1056","237.7","2000-10","167.0","-3.3","25.6","411.9","10.8","17.8","3.9"
"USC00203769","HESPERIA 4 WNW, MI US","43.5908","-86.1056","237.7","2000-11","167.0","-8.3","18.3","866.4","3.2","6.8","-0.4"
"USC00203769","HESPERIA 4 WNW, MI US","43.5908","-86.1056","237.7","2000-12","167.0","-23.3","3.9","1627.3","-6.9","-2.5","-11.4"
"USC00202437","EATON RAPIDS, MI US","42.518","-84.6521","265.2","2000-07",,,,,,,
"USC00202437","EATON RAPIDS, MI US","42.518","-84.6521","265.2","2000-08",,,,,,,
"USC00202437","EATON RAPIDS, MI US","42.518","-84.6521","265.2","2000-09",,,,,,,
"USC00202437","EATON RAPIDS, MI US","42.518","-84.6521","265.2","2000-10",,,,,,,
"USC00202437","EATON RAPIDS, MI US","42.518","-84.6521","265.2","2000-11",,,,,,,
"USC00202437","EATON RAPIDS, MI US","42.518","-84.6521","265.2","2000-12",,,,,,,
"USC00201502","CHELSEA, MI US","42.3263","-84.0133","274.3","2000-07",,,,,,,
"USC00201502","CHELSEA, MI US","42.3263","-84.0133","274.3","2000-08",,,,,,,
"USC00201502","CHELSEA, MI US","42.3263","-84.0133","274.3","2000-09",,,,,,,
"USC00201502","CHELSEA, MI US","42.3263","-84.0133","274.3","2000-10",,,,,,,
"USC00201502","CHELSEA, MI US","42.3263","-84.0133","274.3","2000-11",,,,,,,
"USC00201502","CHELSEA, MI US","42.3263","-84.0133","274.3","2000-12",,,,,,,
"USC00201468","CHARLEVOIX, MI US","45.3172","-85.2672","180.7","2000-07","87.0","6.7","30.0","25.9","19.5","23.9","15.1"
"USC00201468","CHARLEVOIX, MI US","45.3172","-85.2672","180.7","2000-08","127.5","8.3","28.9","45.9","19.1","23.4","14.8"
"USC00201468","CHARLEVOIX, MI US","45.3172","-85.2672","180.7","2000-09","152.8","0.0","32.8","165.1","15.2","20.0","10.5"
"USC00201468","CHARLEVOIX, MI US","45.3172","-85.2672","180.7","2000-10","156.7","-1.7","25.6","388.2","11.3","15.8","6.8"
"USC00201468","CHARLEVOIX, MI US","45.3172","-85.2672","180.7","2000-11","156.7","-5.6","22.8","791.8","4.4","7.3","1.4"
"USC00201468","CHARLEVOIX, MI US","45.3172","-85.2672","180.7","2000-12","156.7","-15.0","2.8","1524.0","-5.3","-2.7","-7.9"
"USW00014828","GLADWIN, MI US","43.9758","-84.4908","236.2","2000-07","86.0","6.7","30.6","23.8","19.1","26.2","11.9"
"USW00014828","GLADWIN, MI US","43.9758","-84.4908","236.2","2000-08","130.5","6.1","30.0","48.2","19.0","25.4","12.6"
"USW00014828","GLADWIN, MI US","43.9758","-84.4908","236.2","2000-09","167.5","-1.7","31.7","187.0","14.9","22.1","7.8"
"USW00014828","GLADWIN, MI US","43.9758","-84.4908","236.2","2000-10","167.5","-3.9","25.0","423.2","10.4","17.9","2.9"
"USW00014828","GLADWIN, MI US","43.9758","-84.4908","236.2","2000-11","167.5","-9.4","20.6","887.9","2.8","7.0","-1.3"
"USW00014828","GLADWIN, MI US","43.9758","-84.4908","236.2","2000-12","167.5","-22.8","3.3","1716.0","-8.4","-2.9","-13.9"
"USC00200779","BIG RAPIDS WATER TREATMENT PLANT, MI US","43.7072","-85.4819","273.7","2000-07","102.3","0.0","31.1","30.6","19.2","25.9","12.4"
"USC00200779","BIG RAPIDS WATER TREATMENT PLANT, MI US","43.7072","-85.4819","273.7","2000-08","166.2","5.6","31.7","52.2","19.7","26.6","12.8"
"USC00200779","BIG RAPIDS WATER TREATMENT PLANT, MI US","43.7072","-85.4819","273.7","2000-09","194.9","-2.8","33.3","190.2","14.7","21.4","8.0"
"USC00200779","BIG RAPIDS WATER TREATMENT PLANT, MI US","43.7072","-85.4819","273.7","2000-10","194.9","-4.4","25.6","417.2","10.6","17.8","3.4"
"USC00200779","BIG RAPIDS WATER TREATMENT PLANT, MI US","43.7072","-85.4819","273.7","2000-11","194.9","-8.9","19.4","859.3","2.4","6.2","-1.3"
"USC00200779","BIG RAPIDS WATER TREATMENT PLANT, MI US","43.7072","-85.4819","273.7","2000-12","194.9","-25.0","2.2","1647.0","-7.9","-2.7","-13.1"
"USC00200417","BAD AXE, MI US","43.808","-82.9938","217.9","2000-07","106.2","8.9","28.9","26.7","18.8","24.3","13.3"
"USC00200417","BAD AXE, MI US","43.808","-82.9938","217.9","2000-08","145.2","6.1","27.8","55.0","18.8","24.2","13.4"
"USC00200417","BAD AXE, MI US","43.808","-82.9938","217.9","2000-09","173.3","2.8","30.0","182.2","14.9","20.2","9.6"
"USC00200417","BAD AXE, MI US","43.808","-82.9938","217.9","2000-10","173.6","-2.8","23.9","381.3","10.9","16.4","5.4"
"USC00200417","BAD AXE, MI US","43.808","-82.9938","217.9","2000-11","173.6","-8.9","20.0","822.9","3.2","6.9","-0.6"
"USC00200417","BAD AXE, MI US","43.808","-82.9938","217.9","2000-12","173.6","-19.4","2.2","1573.9","-7.6","-3.8","-11.4"
"USW00014826","FLINT FCWOS, MI US","42.96684","-83.74996","234.8","2000-07","151.3","7.2","30.0","16.4","19.7","25.6","13.7"
"USW00014826","FLINT FCWOS, MI US","42.96684","-83.74996","234.8","2000-08","225.0","7.2","30.0","32.6","20.2","25.8","14.6"
"USW00014826","FLINT FCWOS, MI US","42.96684","-83.74996","234.8","2000-09","255.5","1.7","31.1","145.7","15.6","21.3","9.9"
"USW00014826","FLINT FCWOS, MI US","42.96684","-83.74996","234.8","2000-10","257.7","-3.3","25.0","346.3","11.9","17.6","6.2"
"USW00014826","FLINT FCWOS, MI US","42.96684","-83.74996","234.8","2000-11","257.7","-10.6","20.0","787.6","3.6","7.2","0.0"
"USW00014826","FLINT FCWOS, MI US","42.96684","-83.74996","234.8","2000-12","257.7","-25.0","3.9","1621.4","-8.6","-3.8","-13.3"
"USC00203529","HALE LOUD DAM, MI US","44.4633","-83.7216","221.9","2000-07","69.8","7.8","28.3","30.3","18.4","24.6","12.2"
"USC00203529","HALE LOUD DAM, MI US","44.4633","-83.7216","221.9","2000-08","99.9","5.6","28.9","60.9","18.3","24.2","12.4"
"USC00203529","HALE LOUD DAM, MI US","44.4633","-83.7216","221.9","2000-09","125.0","-1.7","30.6","184.1","14.9","21.2","8.5"
"USC00203529","HALE LOUD DAM, MI US","44.4633","-83.7216","221.9","2000-10","125.8","-3.9","24.4","422.7","10.7","17.0","4.3"
"USC00203529","HALE LOUD DAM, MI US","44.4633","-83.7216","221.9","2000-11","125.8","-13.3","18.9","912.4","2.0","5.9","-1.9"
"USC00203529","HALE LOUD DAM, MI US","44.4633","-83.7216","221.9","2000-12","125.8","-25.6","2.2","1707.2","-9.0","-3.9","-14.2"
"USC00208417","VANDERBILT 11 ENE, MI US","45.1702","-84.4397","275.8","2000-07","70.9","-0.6","31.1","59.6","17.5","26.2","8.7"
"USC00208417","VANDERBILT 11 ENE, MI US","45.1702","-84.4397","275.8","2000-08","87.9","0.0","28.9","126.3","16.7","24.5","8.9"
"USC00208417","VANDERBILT 11 ENE, MI US","45.1702","-84.4397","275.8","2000-09","99.8","-6.1","31.7","321.2","12.1","19.6","4.7"
"USC00208417","VANDERBILT 11 ENE, MI US","45.1702","-84.4397","275.8","2000-10","100.9","-9.4","25.6","629.6","8.2","15.8","0.6"
"USC00208417","VANDERBILT 11 ENE, MI US","45.1702","-84.4397","275.8","2000-11","100.9","-11.1","20.0","1135.4","1.5","5.8","-2.9"
"USC00208417","VANDERBILT 11 ENE, MI US","45.1702","-84.4397","275.8","2000-12","100.9","-27.2","1.1","2019.1","-10.2","-5.1","-15.2"
"USC00202395","EAST LANSING 4 S, MI US","42.67417","-84.485","268.2","2000-07",,"8.9","30.6","13.1","19.9","25.9","13.9"
"USC00202395","EAST LANSING 4 S, MI US","42.67417","-84.485","268.2","2000-08",,"7.2","31.1","31.1","20.4","26.1","14.7"
"USC00202395","EAST LANSING 4 S, MI US","42.67417","-84.485","268.2","2000-10",,"-2.2","25.6",,"12.6","18.6","6.6"
"USC00202395","EAST LANSING 4 S, MI US","42.67417","-84.485","268.2","2000-11",,"-11.1","21.1",,"4.3","8.3","0.2"
"USC00202395","EAST LANSING 4 S, MI US","42.67417","-84.485","268.2","2000-12",,"-23.9","3.9",,"-8.1","-3.5","-12.8"
"USC00200373","AVOCA 4 N, MI US","43.12556","-82.68861","234.7","2000-07","115.5","7.8","29.4","28.6","18.6","24.2","13.0"
"USC00200373","AVOCA 4 N, MI US","43.12556","-82.68861","234.7","2000-08",,,,,,,
"USC00200373","AVOCA 4 N, MI US","43.12556","-82.68861","234.7","2000-09",,"2.2","31.1",,"15.5","21.6","9.5"
"USC00200373","AVOCA 4 N, MI US","43.12556","-82.68861","234.7","2000-10",,"-2.8","24.4",,"11.4","17.1","5.8"
"USC00200373","AVOCA 4 N, MI US","43.12556","-82.68861","234.7","2000-11",,,,,,,
"USC00200373","AVOCA 4 N, MI US","43.12556","-82.68861","234.7","2000-12",,"-21.1","4.4",,"-8.0","-3.6","-12.5"
"US1MIKZ0006","WESTERN MICHIGAN UNIVERSITY, MI US","42.283","-85.615","271.9","2000-10",,,,,,,
"US1MIKZ0006","WESTERN MICHIGAN UNIVERSITY, MI US","42.283","-85.615","271.9","2000-11",,,,,,,
"US1MIKZ0006","WESTERN MICHIGAN UNIVERSITY, MI US","42.283","-85.615","271.9","2000-12",,,,,,,
"USC00207220","SAGINAW 9 W, MI US","43.4099","-84.1316","195.1","2000-07",,,,,,,
"USC00207220","SAGINAW 9 W, MI US","43.4099","-84.1316","195.1","2000-08",,,,,,,
"USC00207220","SAGINAW 9 W, MI US","43.4099","-84.1316","195.1","2000-09",,,,,,,
"USC00207220","SAGINAW 9 W, MI US","43.4099","-84.1316","195.1","2000-10",,,,,,,
"USC00207220","SAGINAW 9 W, MI US","43.4099","-84.1316","195.1","2000-11",,,,,,,
"USC00207220","SAGINAW 9 W, MI US","43.4099","-84.1316","195.1","2000-12",,,,,,,
"USC00207222","SAGINAW NUMBER 3, MI US","43.4122","-83.9561","182.9","2000-07",,,,,,,
"USC00207222","SAGINAW NUMBER 3, MI US","43.4122","-83.9561","182.9","2000-08",,,,,,,
"USC00207222","SAGINAW NUMBER 3, MI US","43.4122","-83.9561","182.9","2000-09",,,,,,,
"USC00207222","SAGINAW NUMBER 3, MI US","43.4122","-83.9561","182.9","2000-10",,,,,,,
"USC00207222","SAGINAW NUMBER 3, MI US","43.4122","-83.9561","182.9","2000-11",,,,,,,
"USC00207222","SAGINAW NUMBER 3, MI US","43.4122","-83.9561","182.9","2000-12",,,,,,,
"USC00206012","NW MICHIGAN RESEARCH FARM, MI US","44.883","-85.6752","249.9","2000-07","121.8","8.3","30.6","18.4","20.2","25.3","15.1"
"USC00206012","NW MICHIGAN RESEARCH FARM, MI US","44.883","-85.6752","249.9","2000-08","171.4","8.9","27.8","36.1","19.4","24.3","14.6"
"USC00206012","NW MICHIGAN RESEARCH FARM, MI US","44.883","-85.6752","249.9","2000-09","196.1","1.7","32.2","150.0","15.4","19.8","10.9"
"USC00206012","NW MICHIGAN RESEARCH FARM, MI US","44.883","-85.6752","249.9","2000-10","198.6","0.0","25.6","365.8","11.4","15.8","7.1"
"USC00206012","NW MICHIGAN RESEARCH FARM, MI US","44.883","-85.6752","249.9","2000-11","198.6","-5.6","21.1","791.4","4.1","6.5","1.8"
"USC00206012","NW MICHIGAN RESEARCH FARM, MI US","44.883","-85.6752","249.9","2000-12","198.6","-14.4","2.2","1520.6","-6.0","-3.7","-8.2"
"USW00094871","BENTON HARBOR, MI US","42.12894","-86.41518","195.4","2000-07","151.9","9.4","30.0","13.9","20.0","24.8","15.2"
"USW00094871","BENTON HARBOR, MI US","42.12894","-86.41518","195.4","2000-08",,,,,,,
"USW00094871","BENTON HARBOR, MI US","42.12894","-86.41518","195.4","2000-09",,"1.1","30.0",,"16.2","21.7","10.8"
"USW00094871","BENTON HARBOR, MI US","42.12894","-86.41518","195.4","2000-10",,"-2.2","26.7",,"12.3","17.9","6.8"
"USW00094871","BENTON HARBOR, MI US","42.12894","-86.41518","195.4","2000-11",,"-7.2","21.7",,"3.7","7.0","0.4"
"USW00094871","BENTON HARBOR, MI US","42.12894","-86.41518","195.4","2000-12",,"-21.1","2.8",,"-6.6","-2.4","-10.7"
"USW00014845","SAGINAW MBS INTERNATIONAL AIRPORT, MI US","43.52808","-84.08133","201.7","2000-07","151.7","8.9","30.6","13.9","19.9","25.5","14.4"
"USW00014845","SAGINAW MBS INTERNATIONAL AIRPORT, MI US","43.52808","-84.08133","201.7","2000-08","214.7","7.8","29.4","32.8","19.8","25.2","14.3"
"USW00014845","SAGINAW MBS INTERNATIONAL AIRPORT, MI US","43.52808","-84.08133","201.7","2000-09","241.3","0.6","31.1","154.4","15.2","20.6","9.7"
"USW00014845","SAGINAW MBS INTERNATIONAL AIRPORT, MI US","43.52808","-84.08133","201.7","2000-10","242.1","-1.7","25.0","367.2","11.5","17.4","5.6"
"USW00014845","SAGINAW MBS INTERNATIONAL AIRPORT, MI US","43.52808","-84.08133","201.7","2000-11","242.1","-8.9","21.1","810.4","3.6","6.7","0.4"
"USW00014845","SAGINAW MBS INTERNATIONAL AIRPORT, MI US","43.52808","-84.08133","201.7","2000-12","242.1","-20.6","2.8","1632.8","-8.2","-3.9","-12.5"
"USC00207180","RUBY, MI US","43.0341","-82.608","213.7","2000-07",,,,,,,
"USC00207180","RUBY, MI US","43.0341","-82.608","213.7","2000-08",,,,,,,
"USC00207180","RUBY, MI US","43.0341","-82.608","213.7","2000-09",,,,,,,
"USC00207180","RUBY, MI US","43.0341","-82.608","213.7","2000-10",,,,,,,
"USC00207180","RUBY, MI US","43.0341","-82.608","213.7","2000-11",,,,,,,
"USC00207180","RUBY, MI US","43.0341","-82.608","213.7","2000-12",,,,,,,
"USW00014841","PELLSTON REGIONAL AIRPORT, MI US","45.5644","-84.79291","215.3","2000-07","84.1","0.6","30.0","39.4","18.6","25.1","12.2"
"USW00014841","PELLSTON REGIONAL AIRPORT, MI US","45.5644","-84.79291","215.3","2000-08","102.1","0.0","32.8","96.9","17.1","24.9","9.2"
"USW00014841","PELLSTON REGIONAL AIRPORT, MI US","45.5644","-84.79291","215.3","2000-09","114.0","-7.2","28.3","279.7","12.6","19.9","5.4"
"USW00014841","PELLSTON REGIONAL AIRPORT, MI US","45.5644","-84.79291","215.3","2000-10","117.4","-10.0","26.1","593.5","8.3","15.7","0.9"
"USW00014841","PELLSTON REGIONAL AIRPORT, MI US","45.5644","-84.79291","215.3","2000-11","117.4","-9.4","21.1","1087.8","1.9","5.5","-1.8"
"USW00014841","PELLSTON REGIONAL AIRPORT, MI US","45.5644","-84.79291","215.3","2000-12","117.4","-29.4","1.7","1952.8","-9.6","-4.5","-14.6"
"USW00014840","MUSKEGON CO AIRPORT, MI US","43.17111","-86.23685","190.3","2000-07","119.3","7.2","30.0","16.1","20.2","25.4","14.9"
"USW00014840","MUSKEGON CO AIRPORT, MI US","43.17111","-86.23685","190.3","2000-08","201.8","8.9","30.6","25.9","20.7","25.5","15.8"
"USW00014840","MUSKEGON CO AIRPORT, MI US","43.17111","-86.23685","190.3","2000-09","240.7","0.6","30.6","133.4","16.0","21.1","10.9"
"USW00014840","MUSKEGON CO AIRPORT, MI US","43.17111","-86.23685","190.3","2000-10","243.8","-2.2","26.1","327.2","12.2","17.2","7.2"
"USW00014840","MUSKEGON CO AIRPORT, MI US","43.17111","-86.23685","190.3","2000-11","243.8","-5.6","21.1","752.8","4.1","7.1","1.2"
"USW00014840","MUSKEGON CO AIRPORT, MI US","43.17111","-86.23685","190.3","2000-12","243.8","-20.6","3.9","1489.5","-5.4","-2.1","-8.7"
"USC00203932","HOUGHTON LAKE 6 WSW, MI US","44.3119","-84.8922","345.9","2000-07",,"0.0","32.2","50.6","18.0","25.9","10.1"
"USC00203932","HOUGHTON LAKE 6 WSW, MI US","44.3119","-84.8922","345.9","2000-08",,"0.0","30.6","106.4","17.7","25.6","9.8"
"USC00203932","HOUGHTON LAKE 6 WSW, MI US","44.3119","-84.8922","345.9","2000-09",,"-7.8","31.7","283.3","13.0","21.2","4.8"
"USC00203932","HOUGHTON LAKE 6 WSW, MI US","44.3119","-84.8922","345.9","2000-10",,"-9.4","25.6","575.1","8.7","17.0","0.5"
"USC00203932","HOUGHTON LAKE 6 WSW, MI US","44.3119","-84.8922","345.9","2000-11",,"-11.7","19.4","1015.2","1.9","6.6","-2.9"
"USC00203932","HOUGHTON LAKE 6 WSW, MI US","44.3119","-84.8922","345.9","2000-12",,"-27.8","2.8","1800.1","-8.7","-3.5","-13.9"
"USW00014838","MARQUETTE, MI US","46.5458","-87.3795","186.8","2000-07","62.9","7.8","29.4","37.3","18.7","22.6","14.8"
"USW00014838","MARQUETTE, MI US","46.5458","-87.3795","186.8","2000-08","125.4","11.1","31.1","47.3","20.1","23.6","16.5"
"USW00014838","MARQUETTE, MI US","46.5458","-87.3795","186.8","2000-09","135.8","4.4","28.9","158.8","15.0","19.0","10.9"
"USW00014838","MARQUETTE, MI US","46.5458","-87.3795","186.8","2000-10","136.7","-0.6","22.8","376.6","11.3","16.2","6.5"
"USW00014838","MARQUETTE, MI US","46.5458","-87.3795","186.8","2000-11","136.7","-9.4","22.2","842.8","2.8","5.5","0.1"
"USW00014838","MARQUETTE, MI US","46.5458","-87.3795","186.8","2000-12","136.7","-19.4","2.8","1620.4","-6.7","-3.9","-9.6"
"USW00014836","LANSING CAPITAL CITY AIRPORT, MI US","42.77609","-84.59972","261.2","2000-07","135.2","6.7","31.1","22.8","19.3","25.8","12.8"
"USW00014836","LANSING CAPITAL CITY AIRPORT, MI US","42.77609","-84.59972","261.2","2000-08","212.4","5.0","31.7","44.4","20.1","26.3","14.0"
"USW00014836","LANSING CAPITAL CITY AIRPORT, MI US","42.77609","-84.59972","261.2","2000-09","247.4","0.6","31.7","160.9","15.6","21.7","9.5"
"USW00014836","LANSING CAPITAL CITY AIRPORT, MI US","42.77609","-84.59972","261.2","2000-10","248.5","-3.9","25.0","369.6","11.6","17.8","5.5"
"USW00014836","LANSING CAPITAL CITY AIRPORT, MI US","42.77609","-84.59972","261.2","2000-11","248.5","-11.7","20.6","825.4","3.1","6.7","-0.4"
"USW00014836","LANSING CAPITAL CITY AIRPORT, MI US","42.77609","-84.59972","261.2","2000-12","248.5","-27.8","3.3","1676.6","-9.1","-3.9","-14.4"
"USC00205434","MIDLAND, MI US","43.6088","-84.2011","195.1","2000-07","189.9","8.3","30.6","9.4","20.6","26.8","14.5"
"USC00205434","MIDLAND, MI US","43.6088","-84.2011","195.1","2000-08","275.3","8.3","30.0","19.6","20.8","26.4","15.1"
"USC00205434","MIDLAND, MI US","43.6088","-84.2011","195.1","2000-09","320.3","0.0","31.7","115.2","16.6","22.3","11.0"
"USC00205434","MIDLAND, MI US","43.6088","-84.2011","195.1","2000-10","323.9","-1.7","25.0","297.4","12.6","18.3","6.9"
"USC00205434","MIDLAND, MI US","43.6088","-84.2011","195.1","2000-11","323.9","-7.8","21.1","722.9","4.1","7.4","0.9"
"USC00205434","MIDLAND, MI US","43.6088","-84.2011","195.1","2000-12","323.9","-20.0","3.9","1501.8","-6.8","-2.8","-10.8"
"USC00203099","GAYLORD 9 SSW, MI US","44.90715","-84.71891","447.4","2000-07","63.2","2.8","28.3","41.4","18.0","23.7","12.4"
"USC00203099","GAYLORD 9 SSW, MI US","44.90715","-84.71891","447.4","2000-08","80.6","5.6","27.2","85.1","17.5","23.0","12.0"
"USC00203099","GAYLORD 9 SSW, MI US","44.90715","-84.71891","447.4","2000-09","95.4","-2.8","30.6","254.3","13.1","18.7","7.5"
"USC00203099","GAYLORD 9 SSW, MI US","44.90715","-84.71891","447.4","2000-10","95.4","-3.3","23.9","529.2","9.5","15.1","3.9"
"USC00203099","GAYLORD 9 SSW, MI US","44.90715","-84.71891","447.4","2000-11","95.4","-11.1","20.0","1042.2","1.2","4.0","-1.6"
"USC00203099","GAYLORD 9 SSW, MI US","44.90715","-84.71891","447.4","2000-12","95.4","-22.2","0.0","1909.4","-9.6","-6.4","-12.9"
"USC00201476","CHARLOTTE, MI US","42.5499","-84.825","274.9","2000-07","130.7","8.9","31.7","14.2","19.8","25.7","13.9"
"USC00201476","CHARLOTTE, MI US","42.5499","-84.825","274.9","2000-08","204.7","8.3","30.6","29.6","20.2","25.8","14.6"
"USC00201476","CHARLOTTE, MI US","42.5499","-84.825","274.9","2000-09","238.8","1.7","31.7","148.9","15.5","21.7","9.3"
"USC00201476","CHARLOTTE, MI US","42.5499","-84.825","274.9","2000-10","239.1","-2.2","25.0","349.6","11.9","18.0","5.7"
"USC00201476","CHARLOTTE, MI US","42.5499","-84.825","274.9","2000-11","239.1","-11.1","20.0","778.6","3.5","7.8","-0.7"
"USC00201476","CHARLOTTE, MI US","42.5499","-84.825","274.9","2000-12","239.1","-25.0","3.3","1618.1","-8.7","-4.0","-13.5"
"USC00203930","HOUGHTON LAKE 2 NW, MI US","44.3122","-84.7747","353.9","2000-07",,"2.2","30.0","41.6","18.4","25.3","11.4"
"USC00203930","HOUGHTON LAKE 2 NW, MI US","44.3122","-84.7747","353.9","2000-08",,"4.4","28.9","79.1","18.0","25.1","11.0"
"USC00203930","HOUGHTON LAKE 2 NW, MI US","44.3122","-84.7747","353.9","2000-09",,"-2.2","31.1","230.2","14.1","20.6","7.7"
"USC00203930","HOUGHTON LAKE 2 NW, MI US","44.3122","-84.7747","353.9","2000-10",,"-5.6","25.0","498.6","9.7","16.8","2.6"
"USC00203930","HOUGHTON LAKE 2 NW, MI US","44.3122","-84.7747","353.9","2000-11",,"-12.8","19.4","994.9","1.8","6.0","-2.4"
"USC00203930","HOUGHTON LAKE 2 NW, MI US","44.3122","-84.7747","353.9","2000-12",,"-26.1","3.9","1837.4","-8.8","-3.7","-14.0"
"USC00204502","LAKE CITY EXPERIMENTAL FARM, MI US","44.3088","-85.205","374.9","2000-07","71.6","2.2","30.0","42.4","18.1","24.8","11.5"
"USC00204502","LAKE CITY EXPERIMENTAL FARM, MI US","44.3088","-85.205","374.9","2000-08","101.7","2.8","28.9","87.8","17.8","24.6","11.1"
"USC00204502","LAKE CITY EXPERIMENTAL FARM, MI US","44.3088","-85.205","374.9","2000-09","126.8","-5.0","31.1","259.6","13.4","20.2","6.7"
"USC00204502","LAKE CITY EXPERIMENTAL FARM, MI US","44.3088","-85.205","374.9","2000-10","127.1","-7.8","23.9","534.7","9.5","16.2","2.7"
"USC00204502","LAKE CITY EXPERIMENTAL FARM, MI US","44.3088","-85.205","374.9","2000-11","127.1","-12.8","18.9","1037.1","1.6","5.4","-2.3"
"USC00204502","LAKE CITY EXPERIMENTAL FARM, MI US","44.3088","-85.205","374.9","2000-12","127.1","-26.1","1.1","1882.2","-8.9","-4.6","-13.3"
"USC00208941","WHITE LAKE 4 E, MI US","42.698","-83.4716","321.0","2000-07",,"8.3","29.4","23.6","19.0","24.5","13.5"
"USC00208941","WHITE LAKE 4 E, MI US","42.698","-83.4716","321.0","2000-08",,"5.6","29.4","43.0","19.8","25.4","14.1"
"USC00208941","WHITE LAKE 4 E, MI US","42.698","-83.4716","321.0","2000-09",,"1.7","31.1","162.7","15.4","21.1","9.7"
"USC00208941","WHITE LAKE 4 E, MI US","42.698","-83.4716","321.0","2000-10",,"-3.3","24.4","361.6","11.8","17.4","6.1"
"USC00208941","WHITE LAKE 4 E, MI US","42.698","-83.4716","321.0","2000-11",,"-12.8","18.9","818.9","3.1","6.5","-0.4"
"USC00208941","WHITE LAKE 4 E, MI US","42.698","-83.4716","321.0","2000-12",,"-22.2","3.3","1637.4","-8.9","-4.3","-13.4"
"USC00200420","BAD AXE 8 E, MI US","43.8302","-82.8425","225.6","2000-07",,"5.0","30.0","51.9","17.7","24.6","10.8"
"USC00200420","BAD AXE 8 E, MI US","43.8302","-82.8425","225.6","2000-08",,"2.8","28.3","91.8","17.9","24.8","11.1"
"USC00200420","BAD AXE 8 E, MI US","43.8302","-82.8425","225.6","2000-09",,"-0.6","31.7","215.9","14.3","20.7","8.0"
"USC00200420","BAD AXE 8 E, MI US","43.8302","-82.8425","225.6","2000-10",,"-6.1","24.4",,"9.4","16.8","2.1"
"USC00200420","BAD AXE 8 E, MI US","43.8302","-82.8425","225.6","2000-11",,"-12.2","16.7",,"1.8","6.4","-2.9"
"USC00200420","BAD AXE 8 E, MI US","43.8302","-82.8425","225.6","2000-12",,"-24.4","2.2",,"-9.3","-3.4","-15.2"
"USC00205558","MONROE, MI US","41.91389","-83.39417","179.8","2000-07","219.5","12.8","30.6","0.6","21.1","25.7","16.5"
"USC00205558","MONROE, MI US","41.91389","-83.39417","179.8","2000-08","319.4","11.7","31.7","5.6","21.4","26.0","16.8"
"USC00205558","MONROE, MI US","41.91389","-83.39417","179.8","2000-09","359.8","5.0","29.4","86.3","17.1","22.4","11.8"
"USC00205558","MONROE, MI US","41.91389","-83.39417","179.8","2000-10","361.8","0.0","26.7","258.2","12.8","18.2","7.4"
"USC00205558","MONROE, MI US","41.91389","-83.39417","179.8","2000-11","361.8","-7.8","18.9","634.0","4.5","8.0","1.1"
"USC00205558","MONROE, MI US","41.91389","-83.39417","179.8","2000-12","361.8","-19.4","5.0","1423.7","-7.1","-3.2","-11.1"
"USC00204104","IRONWOOD, MI US","46.4656","-90.1892","435.9","2000-07","52.1","3.3","29.4","40.1","18.3","23.5","13.1"
"USC00204104","IRONWOOD, MI US","46.4656","-90.1892","435.9","2000-08","78.2","6.1","30.0","70.5","18.2","24.1","12.3"
"USC00204104","IRONWOOD, MI US","46.4656","-90.1892","435.9","2000-09","86.9","-1.7","28.3","250.8","12.6","18.9","6.3"
"USC00204104","IRONWOOD, MI US","46.4656","-90.1892","435.9","2000-10","86.9","-2.8","25.6","535.9","9.1","15.2","3.1"
"USC00204104","IRONWOOD, MI US","46.4656","-90.1892","435.9","2000-11","86.9","-13.3","19.4","1094.5","-0.3","2.9","-3.5"
"USC00204104","IRONWOOD, MI US","46.4656","-90.1892","435.9","2000-12","86.9","-30.0","-1.1","2098.1","-14.0","-9.7","-18.4"
"USC00200146","ALMA, MI US","43.38686","-84.64818","221.9","2000-07","160.4","8.3","30.6","13.4","20.2","26.4","13.9"
"USC00200146","ALMA, MI US","43.38686","-84.64818","221.9","2000-08","226.8","8.3","29.4","26.3","20.1","26.5","13.6"
"USC00200146","ALMA, MI US","43.38686","-84.64818","221.9","2000-09","259.4","0.0","33.9","148.0","15.4","21.6","9.2"
"USC00200146","ALMA, MI US","43.38686","-84.64818","221.9","2000-10","260.0","-2.8","25.6","359.4","11.5","18.0","5.1"
"USC00200146","ALMA, MI US","43.38686","-84.64818","221.9","2000-11","260.0","-8.9","21.1","805.0","3.5","7.5","-0.5"
"USC00200146","ALMA, MI US","43.38686","-84.64818","221.9","2000-12","260.0","-22.2","3.9","1624.3","-8.1","-2.9","-13.2"
"USC00202445","EAU CLAIRE 4 NE, MI US","42.0153","-86.243","256.0","2000-07","220.9","11.7","31.1","2.5","21.6","26.9","16.2"
"USC00202445","EAU CLAIRE 4 NE, MI US","42.0153","-86.243","256.0","2000-08","331.3","10.6","31.7","6.3","21.8","27.0","16.5"
"USC00202445","EAU CLAIRE 4 NE, MI US","42.0153","-86.243","256.0","2000-09","386.2","2.8","32.2","88.1","17.4","23.0","11.9"
"USC00202445","EAU CLAIRE 4 NE, MI US","42.0153","-86.243","256.0","2000-10","392.7","0.0","26.7","243.1","13.5","18.5","8.6"
"USC00202445","EAU CLAIRE 4 NE, MI US","42.0153","-86.243","256.0","2000-11","392.7","-7.8","20.6","679.9","3.8","7.0","0.6"
"USC00202445","EAU CLAIRE 4 NE, MI US","42.0153","-86.243","256.0","2000-12","392.7","-22.2","2.8","1477.1","-7.4","-3.6","-11.2"
"USC00206007","NORTHPORT 2 W, MI US","45.1322","-85.6472","227.4","2000-07",,,,,,,
"USC00206007","NORTHPORT 2 W, MI US","45.1322","-85.6472","227.4","2000-08",,,,,,,
"USC00206007","NORTHPORT 2 W, MI US","45.1322","-85.6472","227.4","2000-09",,,,,,,
"USC00206007","NORTHPORT 2 W, MI US","45.1322","-85.6472","227.4","2000-10",,,,,,,
"USC00206007","NORTHPORT 2 W, MI US","45.1322","-85.6472","227.4","2000-11",,,,,,,
"USC00206007","NORTHPORT 2 W, MI US","45.1322","-85.6472","227.4","2000-12",,,,,,,
