"STATION","NAME","LATITUDE","LONGITUDE","ELEVATION","DATE","CDSD","EMNT","EMXT","HDSD","TAVG","TMAX","TMIN"
"USC00205690","MUNISING, MI US","46.4121","-86.6625","207.3","2020-07","95.3","10.6","30.6","21.1","19.8","24.3","15.4"
"USC00205690","MUNISING, MI US","46.4121","-86.6625","207.3","2020-08","123.0","8.3","28.3","56.7","18.1","22.0","14.1"
"USC00205690","MUNISING, MI US","46.4121","-86.6625","207.3","2020-09","123.0","1.7","23.9","226.2","12.7","17.0","8.4"
"USC00205690","MUNISING, MI US","46.4121","-86.6625","207.3","2020-10","123.0","-6.1","18.3","645.5","4.4","7.7","1.0"
"USC00205690","MUNISING, MI US","46.4121","-86.6625","207.3","2020-11","123.0","-6.7","20.6","1080.9","2.8","7.0","-1.4"
"USC00205690","MUNISING, MI US","46.4121","-86.6625","207.3","2020-12","123.0","-16.1","6.1","1740.8","-2.9","-0.2","-5.7"
"USC00203270","GLADSTONE NUMBER 2, MI US","45.8433","-87.0391","218.5","2020-07",,,,,,,
"USC00203270","GLADSTONE NUMBER 2, MI US","45.8433","-87.0391","218.5","2020-08",,,,,,,
"USC00203270","GLADSTONE NUMBER 2, MI US","45.8433","-87.0391","218.5","2020-09",,,,,,,
"USC00203270","GLADSTONE NUMBER 2, MI US","45.8433","-87.0391","218.5","2020-10",,,,,,,
"USC00203270","GLADSTONE NUMBER 2, MI US","45.8433","-87.0391","218.5","2020-11",,,,,,,
"USC00203270","GLADSTONE NUMBER 2, MI US","45.8433","-87.0391","218.5","2020-12",,,,,,,
"USC00203391","GRAYLING, MI US","44.64536","-84.69921","350.8","2020-07","166.4","7.8","33.3","6.3","21.4","28.7","14.0"
"USC00203391","GRAYLING, MI US","44.64536","-84.69921","350.8","2020-08","223.1","6.7","30.6","34.6","19.3","26.0","12.5"
"USC00203391","GRAYLING, MI US","44.64536","-84.69921","350.8","2020-09","225.9","-4.4","26.7","200.8","12.9","19.4","6.4"
"USC00203391","GRAYLING, MI US","44.64536","-84.69921","350.8","2020-10","225.9","-10.0","22.8","609.1","5.2","10.6","-0.3"
"USC00203391","GRAYLING, MI US","44.64536","-84.69921","350.8","2020-11","225.9","-11.1","23.3","1044.5","3.8","9.4","-1.8"
"USC00203391","GRAYLING, MI US","44.64536","-84.69921","350.8","2020-12","225.9","-12.8","7.8","1705.1","-3.0","0.1","-6.1"
"US1MILV0026","FENTON 6.2 WSW, MI US","42.768322","-83.829286","267.3","2020-07",,,,,,,
"US1MILV0026","FENTON 6.2 WSW, MI US","42.768322","-83.829286","267.3","2020-08",,,,,,,
"US1MILV0026","FENTON 6.2 WSW, MI US","42.768322","-83.829286","267.3","2020-09",,,,,,,
"US1MILV0026","FENTON 6.2 WSW, MI US","42.768322","-83.829286","267.3","2020-10",,,,,,,
"US1MILV0026","FENTON 6.2 WSW, MI US","42.768322","-83.829286","267.3","2020-11",,,,,,,
"US1MILV0026","FENTON 6.2 WSW, MI US","42.768322","-83.829286","267.3","2020-12",,,,,,,
"USC00206662","PORT AUSTIN WWTP, MI US","44.0469","-82.9702","184.4","2020-07",,,,,,,
"USC00206662","PORT AUSTIN WWTP, MI US","44.0469","-82.9702","184.4","2020-08",,,,,,,
"USC00206662","PORT AUSTIN WWTP, MI US","44.0469","-82.9702","184.4","2020-09",,,,,,,
"USC00206662","PORT AUSTIN WWTP, MI US","44.0469","-82.9702","184.4","2020-10",,,,,,,
"USC00206662","PORT AUSTIN WWTP, MI US","44.0469","-82.9702","184.4","2020-11",,,,,,,
"USC00205452","MILFORD GM PROVING GROUND, MI US","42.5794","-83.6844","295.7","2020-07",,,,,,,
"USC00205452","MILFORD GM PROVING GROUND, MI US","42.5794","-83.6844","295.7","2020-08",,,,,,,
"USC00205452","MILFORD GM PROVING GROUND, MI US","42.5794","-83.6844","295.7","2020-09",,,,,,,
"USC00205452","MILFORD GM PROVING GROUND, MI US","42.5794","-83.6844","295.7","2020-10",,,,,,,
"USC00205451","MILAN WWTP, MI US","42.0811","-83.6769","207.3","2020-07","313.6","15.0","37.2","0.0","24.5","30.6","18.5"
"USC00205451","MILAN WWTP, MI US","42.0811","-83.6769","207.3","2020-08","431.8","11.7","33.9","1.4","22.4","28.6","16.2"
"USC00205451","MILAN WWTP, MI US","42.0811","-83.6769","207.3","2020-09","458.1","1.7","29.4","64.1","16.9","24.1","9.7"
"USC00205451","MILAN WWTP, MI US","42.0811","-83.6769","207.3","2020-10",,,,,,,
"USC00205451","MILAN WWTP, MI US","42.0811","-83.6769","207.3","2020-11",,,,,,,
"US1MILV0024","HOWELL 4.9 ESE, MI US","42.579228","-83.847953","294.1","2020-07",,,,,,,
"US1MILV0024","HOWELL 4.9 ESE, MI US","42.579228","-83.847953","294.1","2020-08",,,,,,,
"US1MILV0024","HOWELL 4.9 ESE, MI US","42.579228","-83.847953","294.1","2020-09",,,,,,,
"USC00206780","QUINCY HILL, MI US","47.1364","-88.5795","349.0","2020-07",,,,,,,
"USC00206780","QUINCY HILL, MI US","47.1364","-88.5795","349.0","2020-08",,,,,,,
"USC00206780","QUINCY HILL, MI US","47.1364","-88.5795","349.0","2020-09",,,,,,,
"USC00206780","QUINCY HILL, MI US","47.1364","-88.5795","349.0","2020-10",,,,,,,
"USC00206780","QUINCY HILL, MI US","47.1364","-88.5795","349.0","2020-11",,,,,,,
"USC00206780","QUINCY HILL, MI US","47.1364","-88.5795","349.0","2020-12",,,,,,,
"US1MIVB0013","PAW PAW 2.0 NE, MI US","42.23743","-85.861711","231.6","2020-07",,,,,,,
"US1MIVB0013","PAW PAW 2.0 NE, MI US","42.23743","-85.861711","231.6","2020-10",,,,,,,
"US1MIVB0013","PAW PAW 2.0 NE, MI US","42.23743","-85.861711","231.6","2020-11",,,,,,,
"US1MIVB0013","PAW PAW 2.0 NE, MI US","42.23743","-85.861711","231.6","2020-12",,,,,,,
"US1MIME0008","LAKEVIEW 2.5 NNE, MI US","43.4821245074272","-85.262514129281","303.6","2020-07",,,,,,,
"US1MIME0008","LAKEVIEW 2.5 NNE, MI US","43.4821245074272","-85.262514129281","303.6","2020-08",,,,,,,
"US1MIME0008","LAKEVIEW 2.5 NNE, MI US","43.4821245074272","-85.262514129281","303.6","2020-09",,,,,,,
"US1MIVB0012","PAW PAW 0.7 ESE, MI US","42.215832","-85.877419","227.7","2020-07",,,,,,,
"US1MIVB0012","PAW PAW 0.7 ESE, MI US","42.215832","-85.877419","227.7","2020-09",,,,,,,
"US1MIVB0012","PAW PAW 0.7 ESE, MI US","42.215832","-85.877419","227.7","2020-10",,,,,,,
"US1MIVB0012","PAW PAW 0.7 ESE, MI US","42.215832","-85.877419","227.7","2020-11",,,,,,,
"US1MIVB0006","GRAND JUNCTION 1.4 NW, MI US","42.424964","-86.079324","203.0","2020-07",,,,,,,
"US1MIVB0006","GRAND JUNCTION 1.4 NW, MI US","42.424964","-86.079324","203.0","2020-08",,,,,,,
"US1MIVB0006","GRAND JUNCTION 1.4 NW, MI US","42.424964","-86.079324","203.0","2020-09",,,,,,,
"US1MIOW0014","HOLLAND 4.4 NW, MI US","42.823464","-86.151194","199.0","2020-07",,,,,,,
"US1MIOW0014","HOLLAND 4.4 NW, MI US","42.823464","-86.151194","199.0","2020-08",,,,,,,
"US1MIOW0014","HOLLAND 4.4 NW, MI US","42.823464","-86.151194","199.0","2020-09",,,,,,,
"US1MIOW0014","HOLLAND 4.4 NW, MI US","42.823464","-86.151194","199.0","2020-10",,,,,,,
"US1MIOW0014","HOLLAND 4.4 NW, MI US","42.823464","-86.151194","199.0","2020-11",,,,,,,
"US1MIOW0014","HOLLAND 4.4 NW, MI US","42.823464","-86.151194","199.0","2020-12",,,,,,,
"USC00203025","FREMONT 4 WSW, MI US","43.44527","-86.02646","242.9","2020-07","257.5","13.3","34.4","0.0","23.5","29.9","17.1"
"USC00203025","FREMONT 4 WSW, MI US","43.44527","-86.02646","242.9","2020-08",,,,,,,
"USC00203025","FREMONT 4 WSW, MI US","43.44527","-86.02646","242.9","2020-09",,,,,,,
"USC00203025","FREMONT 4 WSW, MI US","43.44527","-86.02646","242.9","2020-10",,,,,,,
"USC00203025","FREMONT 4 WSW, MI US","43.44527","-86.02646","242.9","2020-11",,,,,,,
"USC00203025","FREMONT 4 WSW, MI US","43.44527","-86.02646","242.9","2020-12",,,,,,,
"US1MIAN0001","WAYLAND 2.0 W, MI US","42.6732292","-85.68013763","225.2","2020-07",,,,,,,
"US1MIAN0001","WAYLAND 2.0 W, MI US","42.6732292","-85.68013763","225.2","2020-08",,,,,,,
"US1MIAN0001","WAYLAND 2.0 W, MI US","42.6732292","-85.68013763","225.2","2020-09",,,,,,,
"US1MIAN0001","WAYLAND 2.0 W, MI US","42.6732292","-85.68013763","225.2","2020-10",,,,,,,
"US1MIAN0001","WAYLAND 2.0 W, MI US","42.6732292","-85.68013763","225.2","2020-11",,,,,,,
"US1MIAN0001","WAYLAND 2.0 W, MI US","42.6732292","-85.68013763","225.2","2020-12",,,,,,,
"USC00206658","PONTIAC WWTP, MI US","42.6388","-83.2555","271.3","2020-07","303.3","15.0","35.6","0.0","24.8","30.8","18.7"
"USC00206658","PONTIAC WWTP, MI US","42.6388","-83.2555","271.3","2020-08","428.4","11.7","33.3","1.7","22.3","27.9","16.7"
"USC00206658","PONTIAC WWTP, MI US","42.6388","-83.2555","271.3","2020-09","448.7","2.2","29.4","74.8","16.6","22.4","10.8"
"USC00206658","PONTIAC WWTP, MI US","42.6388","-83.2555","271.3","2020-10","448.7","-2.8","24.4","351.3","9.4","14.4","4.4"
"USC00206658","PONTIAC WWTP, MI US","42.6388","-83.2555","271.3","2020-11","448.7","-5.0","23.9","712.1","6.3","11.7","0.9"
"USC00206658","PONTIAC WWTP, MI US","42.6388","-83.2555","271.3","2020-12","448.7","-7.8","12.2","1291.5","-0.4","2.7","-3.4"
"USC00205567","MONTAGUE 4 NW, MI US","43.461","-86.41773","198.1","2020-07","211.4","11.1","33.3","0.0","23.1","29.2","17.0"
"USC00205567","MONTAGUE 4 NW, MI US","43.461","-86.41773","198.1","2020-08","296.5","7.2","31.1","11.2","20.7","26.8","14.7"
"USC00205567","MONTAGUE 4 NW, MI US","43.461","-86.41773","198.1","2020-09","305.1","0.0","25.0","96.3","15.7","20.4","10.9"
"USC00205567","MONTAGUE 4 NW, MI US","43.461","-86.41773","198.1","2020-10","305.1","-10.0","21.7","410.5","8.2","12.4","4.0"
"USC00205567","MONTAGUE 4 NW, MI US","43.461","-86.41773","198.1","2020-11","305.1","-5.0","21.7","767.2","6.4","10.1","2.8"
"USC00205567","MONTAGUE 4 NW, MI US","43.461","-86.41773","198.1","2020-12","305.1","-10.0","10.6","1340.1","-0.1","2.5","-2.8"
"US1MILV0014","BRIGHTON 2.5 E, MI US","42.5330831855536","-83.7359697371721","285.0","2020-10",,,,,,,
"USC00207880","STEUBEN, MI US","46.18535","-86.46418","221.9","2020-07",,,,,,,
"USC00207880","STEUBEN, MI US","46.18535","-86.46418","221.9","2020-08",,,,,,,
"USC00207880","STEUBEN, MI US","46.18535","-86.46418","221.9","2020-09",,,,,,,
"USC00207880","STEUBEN, MI US","46.18535","-86.46418","221.9","2020-10",,,,,,,
"USC00207880","STEUBEN, MI US","46.18535","-86.46418","221.9","2020-11",,,,,,,
"USC00207880","STEUBEN, MI US","46.18535","-86.46418","221.9","2020-12",,,,,,,
"USC00208972","WHITMORE LAKE 1 NW, MI US","42.4355","-83.783","276.1","2020-07",,"13.9","32.2","0.0","22.8","28.7","16.9"
"USC00208972","WHITMORE LAKE 1 NW, MI US","42.4355","-83.783","276.1","2020-08",,"10.0","31.7","10.3","20.6","26.8","14.4"
"USC00208972","WHITMORE LAKE 1 NW, MI US","42.4355","-83.783","276.1","2020-09",,"0.6","28.3","108.8","15.3","21.6","9.1"
"USC00208972","WHITMORE LAKE 1 NW, MI US","42.4355","-83.783","276.1","2020-10",,"-3.3","25.0","419.0","8.3","14.1","2.6"
"USC00208972","WHITMORE LAKE 1 NW, MI US","42.4355","-83.783","276.1","2020-11",,"-7.2","24.4","798.5","5.7","11.7","-0.4"
"USC00208972","WHITMORE LAKE 1 NW, MI US","42.4355","-83.783","276.1","2020-12",,"-9.4","11.7","1382.5","-1.1","2.5","-4.8"
"US1MIME0011","BIG RAPIDS 5.4 S, MI US","43.6263","-85.476","270.4","2020-08",,,,,,,
"US1MIME0011","BIG RAPIDS 5.4 S, MI US","43.6263","-85.476","270.4","2020-09",,,,,,,
"US1MIME0011","BIG RAPIDS 5.4 S, MI US","43.6263","-85.476","270.4","2020-10",,,,,,,
"US1MIME0011","BIG RAPIDS 5.4 S, MI US","43.6263","-85.476","270.4","2020-11",,,,,,,
"US1MIME0011","BIG RAPIDS 5.4 S, MI US","43.6263","-85.476","270.4","2020-12",,,,,,,
"US1MIAN0004","FENNVILLE 0.8 W, MI US","42.594218","-86.120119","204.2","2020-07",,,,,,,
"US1MIAN0004","FENNVILLE 0.8 W, MI US","42.594218","-86.120119","204.2","2020-08",,,,,,,
"US1MIAN0004","FENNVILLE 0.8 W, MI US","42.594218","-86.120119","204.2","2020-09",,,,,,,
"US1MIAN0004","FENNVILLE 0.8 W, MI US","42.594218","-86.120119","204.2","2020-10",,,,,,,
"US1MIAN0004","FENNVILLE 0.8 W, MI US","42.594218","-86.120119","204.2","2020-11",,,,,,,
"US1MIAN0004","FENNVILLE 0.8 W, MI US","42.594218","-86.120119","204.2","2020-12",,,,,,,
"USC00204130","ISHPEMING WWTP, MI US","46.4911","-87.6894","428.5","2020-07","144.3","8.9","33.9","18.9","20.6","27.4","13.9"
"USC00204130","ISHPEMING WWTP, MI US","46.4911","-87.6894","428.5","2020-08","180.7","3.9","31.1","56.7","18.3","24.4","12.1"
"USC00204130","ISHPEMING WWTP, MI US","46.4911","-87.6894","428.5","2020-09","181.8","-3.3","27.2","246.4","12.1","18.1","6.0"
"USC00204130","ISHPEMING WWTP, MI US","46.4911","-87.6894","428.5","2020-10","181.8","-12.8","22.8","716.1","3.2","8.0","-1.6"
"USC00204130","ISHPEMING WWTP, MI US","46.4911","-87.6894","428.5","2020-11","181.8","-12.8","23.9","1205.7","2.0","7.5","-3.5"
"USC00204130","ISHPEMING WWTP, MI US","46.4911","-87.6894","428.5","2020-12","181.8","-20.0","7.8","1938.2","-5.3","-2.0","-8.6"
"US1MIME0010","MECOSTA 4.6 SSW, MI US","43.562697","-85.280632","297.2","2020-07",,,,,,,
"US1MIME0010","MECOSTA 4.6 SSW, MI US","43.562697","-85.280632","297.2","2020-08",,,,,,,
"US1MIME0010","MECOSTA 4.6 SSW, MI US","43.562697","-85.280632","297.2","2020-09",,,,,,,
"US1MIME0012","BIG RAPIDS 3.1 SE, MI US","43.677222","-85.435194","287.1","2020-08",,,,,,,
"US1MIME0012","BIG RAPIDS 3.1 SE, MI US","43.677222","-85.435194","287.1","2020-09",,,,,,,
"US1MIME0012","BIG RAPIDS 3.1 SE, MI US","43.677222","-85.435194","287.1","2020-10",,,,,,,
"US1MIME0012","BIG RAPIDS 3.1 SE, MI US","43.677222","-85.435194","287.1","2020-11",,,,,,,
"US1MIME0012","BIG RAPIDS 3.1 SE, MI US","43.677222","-85.435194","287.1","2020-12",,,,,,,
"US1MISH0001","MANISTIQUE 2.7 NW, MI US","45.99042","-86.282664","190.5","2020-07",,,,,,,
"US1MISH0001","MANISTIQUE 2.7 NW, MI US","45.99042","-86.282664","190.5","2020-08",,,,,,,
"US1MISH0001","MANISTIQUE 2.7 NW, MI US","45.99042","-86.282664","190.5","2020-09",,,,,,,
"US1MISH0001","MANISTIQUE 2.7 NW, MI US","45.99042","-86.282664","190.5","2020-10",,,,,,,
"US1MISH0001","MANISTIQUE 2.7 NW, MI US","45.99042","-86.282664","190.5","2020-11",,,,,,,
"US1MISH0001","MANISTIQUE 2.7 NW, MI US","45.99042","-86.282664","190.5","2020-12",,,,,,,
"US1MIVB0004","PAW PAW 3.6 NNE, MI US","42.265824","-85.861936","216.1","2020-07",,,,,,,
"US1MIVB0004","PAW PAW 3.6 NNE, MI US","42.265824","-85.861936","216.1","2020-08",,,,,,,
"US1MIVB0004","PAW PAW 3.6 NNE, MI US","42.265824","-85.861936","216.1","2020-09",,,,,,,
"US1MIVB0004","PAW PAW 3.6 NNE, MI US","42.265824","-85.861936","216.1","2020-10",,,,,,,
"US1MIVB0004","PAW PAW 3.6 NNE, MI US","42.265824","-85.861936","216.1","2020-11",,,,,,,
"US1MIVB0004","PAW PAW 3.6 NNE, MI US","42.265824","-85.861936","216.1","2020-12",,,,,,,
"USR0000MSPI","SPINCICH LAKE MICHIGAN, MI US","46.4578","-85.6272","273.1","2020-07","95.3","3.9","32.8","26.7","19.6","26.9","12.1"
"USR0000MSPI","SPINCICH LAKE MICHIGAN, MI US","46.4578","-85.6272","273.1","2020-08","123.1","2.8","31.1","75.4","17.7","24.6","10.7"
"USR0000MSPI","SPINCICH LAKE MICHIGAN, MI US","46.4578","-85.6272","273.1","2020-09","123.4","-4.4","26.1","280.2","11.5","18.2","4.9"
"USR0000MSPI","SPINCICH LAKE MICHIGAN, MI US","46.4578","-85.6272","273.1","2020-10","123.4","-8.9","18.3","749.9","3.2","8.7","-2.3"
"USR0000MSPI","SPINCICH LAKE MICHIGAN, MI US","46.4578","-85.6272","273.1","2020-11","123.4","-10.6","21.1","1219.5","2.7","7.8","-2.4"
"USR0000MSPI","SPINCICH LAKE MICHIGAN, MI US","46.4578","-85.6272","273.1","2020-12","123.4","-18.9","7.2","1903.9","-3.7","0.1","-7.5"
"US1MIVB0002","GRAND JUNCTION 1.3 ENE, MI US","42.40925586","-86.04813018","202.7","2020-07",,,,,,,
"US1MIVB0002","GRAND JUNCTION 1.3 ENE, MI US","42.40925586","-86.04813018","202.7","2020-08",,,,,,,
"US1MIVB0002","GRAND JUNCTION 1.3 ENE, MI US","42.40925586","-86.04813018","202.7","2020-09",,,,,,,
"US1MIVB0002","GRAND JUNCTION 1.3 ENE, MI US","42.40925586","-86.04813018","202.7","2020-10",,,,,,,
"US1MIVB0002","GRAND JUNCTION 1.3 ENE, MI US","42.40925586","-86.04813018","202.7","2020-11",,,,,,,
"US1MIVB0002","GRAND JUNCTION 1.3 ENE, MI US","42.40925586","-86.04813018","202.7","2020-12",,,,,,,
"US1MISH0002","MANISTIQUE 2.3 E, MI US","45.9644","-86.202","183.5","2020-07",,,,,,,
"US1MISH0002","MANISTIQUE 2.3 E, MI US","45.9644","-86.202","183.5","2020-08",,,,,,,
"US1MISH0002","MANISTIQUE 2.3 E, MI US","45.9644","-86.202","183.5","2020-09",,,,,,,
"US1MISH0002","MANISTIQUE 2.3 E, MI US","45.9644","-86.202","183.5","2020-10",,,,,,,
"US1MISH0002","MANISTIQUE 2.3 E, MI US","45.9644","-86.202","183.5","2020-11",,,,,,,
"US1MISH0002","MANISTIQUE 2.3 E, MI US","45.9644","-86.202","183.5","2020-12",,,,,,,
"US1MIOW0002","HOLLAND 3.9 NNE, MI US","42.822957","-86.06784","188.1","2020-07",,,,,,,
"US1MIOW0002","HOLLAND 3.9 NNE, MI US","42.822957","-86.06784","188.1","2020-08",,,,,,,
"US1MIOW0002","HOLLAND 3.9 NNE, MI US","42.822957","-86.06784","188.1","2020-09",,,,,,,
"US1MIOW0002","HOLLAND 3.9 NNE, MI US","42.822957","-86.06784","188.1","2020-10",,,,,,,
"US1MIOW0002","HOLLAND 3.9 NNE, MI US","42.822957","-86.06784","188.1","2020-11",,,,,,,
"US1MIOW0002","HOLLAND 3.9 NNE, MI US","42.822957","-86.06784","188.1","2020-12",,,,,,,
"US1MIAG0006","MUNISING 11.1 SSW, MI US","46.278055","-86.75747","264.3","2020-07",,,,,,,
"US1MIAG0006","MUNISING 11.1 SSW, MI US","46.278055","-86.75747","264.3","2020-08",,,,,,,
"US1MIAG0006","MUNISING 11.1 SSW, MI US","46.278055","-86.75747","264.3","2020-09",,,,,,,
"US1MIAG0006","MUNISING 11.1 SSW, MI US","46.278055","-86.75747","264.3","2020-10",,,,,,,
"US1MIAG0006","MUNISING 11.1 SSW, MI US","46.278055","-86.75747","264.3","2020-11",,,,,,,
"US1MIAG0006","MUNISING 11.1 SSW, MI US","46.278055","-86.75747","264.3","2020-12",,,,,,,
"USC00203278","GOODRICH, MI US","42.9163","-83.5097","277.4","2020-07","283.1","13.9","35.0","0.0","23.8","30.1","17.5"
"USC00203278","GOODRICH, MI US","42.9163","-83.5097","277.4","2020-08","379.6","10.0","32.2","8.6","21.2","27.3","15.0"
"USC00203278","GOODRICH, MI US","42.9163","-83.5097","277.4","2020-09","391.4","0.6","27.8","99.9","15.7","21.4","9.9"
"USC00203278","GOODRICH, MI US","42.9163","-83.5097","277.4","2020-10","391.4","-2.2","23.9","396.6","8.8","14.2","3.3"
"USC00203278","GOODRICH, MI US","42.9163","-83.5097","277.4","2020-11","393.4","-6.7","25.6","753.9","6.5","11.9","1.1"
"USC00203278","GOODRICH, MI US","42.9163","-83.5097","277.4","2020-12","393.4","-8.3","11.1","1346.8","-0.8","2.5","-4.1"
"USC00208967","WILLIAMSBURG 6 N, MI US","44.8561","-85.4161","210.3","2020-07",,,,,,,
"USC00208967","WILLIAMSBURG 6 N, MI US","44.8561","-85.4161","210.3","2020-08",,,,,,,
"USC00208967","WILLIAMSBURG 6 N, MI US","44.8561","-85.4161","210.3","2020-09",,,,,,,
"USC00208967","WILLIAMSBURG 6 N, MI US","44.8561","-85.4161","210.3","2020-10",,,,,,,
"USC00208967","WILLIAMSBURG 6 N, MI US","44.8561","-85.4161","210.3","2020-11",,,,,,,
"USC00206300","OWOSSO WWTP, MI US","43.0161","-84.18","222.5","2020-07","266.9","13.9","33.9","0.0","23.9","30.2","17.5"
"USC00206300","OWOSSO WWTP, MI US","43.0161","-84.18","222.5","2020-08","369.0","10.6","32.2","4.1","21.6","28.2","15.0"
"USC00206300","OWOSSO WWTP, MI US","43.0161","-84.18","222.5","2020-09","378.8","1.1","28.9","120.3","14.8","21.5","8.1"
"USC00206300","OWOSSO WWTP, MI US","43.0161","-84.18","222.5","2020-10","378.8","-5.6","26.1","417.0","8.1","13.9","2.2"
"USC00206300","OWOSSO WWTP, MI US","43.0161","-84.18","222.5","2020-11","378.8","-6.1","24.4","764.9","6.2","11.8","0.6"
"USC00206300","OWOSSO WWTP, MI US","43.0161","-84.18","222.5","2020-12","378.8","-7.8","11.7","1352.0","-0.6","2.4","-3.6"
"US1MILV0008","FENTON 5.6 WSW, MI US","42.7728706598282","-83.8187252730131","263.0","2020-07",,,,,,,
"US1MILV0008","FENTON 5.6 WSW, MI US","42.7728706598282","-83.8187252730131","263.0","2020-08",,,,,,,
"US1MILV0008","FENTON 5.6 WSW, MI US","42.7728706598282","-83.8187252730131","263.0","2020-09",,,,,,,
"US1MILV0008","FENTON 5.6 WSW, MI US","42.7728706598282","-83.8187252730131","263.0","2020-10",,,,,,,
"US1MILV0008","FENTON 5.6 WSW, MI US","42.7728706598282","-83.8187252730131","263.0","2020-11",,,,,,,
"US1MILV0008","FENTON 5.6 WSW, MI US","42.7728706598282","-83.8187252730131","263.0","2020-12",,,,,,,
"USC00205591","MORAN, MI US","45.9902","-84.8361","211.8","2020-07","101.8","6.7","32.2","9.2","20.6","26.9","14.3"
"USC00205591","MORAN, MI US","45.9902","-84.8361","211.8","2020-08","135.8","5.6","29.4","31.9","18.7","24.8","12.6"
"USC00205591","MORAN, MI US","45.9902","-84.8361","211.8","2020-09","135.8","-1.7","24.4","185.7","13.2","18.8","7.6"
"USC00205591","MORAN, MI US","45.9902","-84.8361","211.8","2020-10","135.8","-7.2","20.0","609.4","4.7","9.5","-0.1"
"USC00205591","MORAN, MI US","45.9902","-84.8361","211.8","2020-11","135.8","-8.3","23.3","1042.1","3.9","8.0","-0.2"
"USC00205591","MORAN, MI US","45.9902","-84.8361","211.8","2020-12","135.8","-13.9","7.8","1697.6","-2.8","0.6","-6.2"
"USC00206680","PORT HURON, MI US","42.975","-82.4194","179.8","2020-07","323.0","14.4","36.1","0.0","25.0","30.1","19.9"
"USC00206680","PORT HURON, MI US","42.975","-82.4194","179.8","2020-08","466.5","13.9","31.7","0.0","23.0","27.2","18.7"
"USC00206680","PORT HURON, MI US","42.975","-82.4194","179.8","2020-09","499.2","5.0","28.3","50.6","17.7","22.2","13.3"
"USC00206680","PORT HURON, MI US","42.975","-82.4194","179.8","2020-10","499.2","-0.6","24.4","286.8","10.7","14.6","6.8"
"USC00206680","PORT HURON, MI US","42.975","-82.4194","179.8","2020-11","499.8","-2.8","22.2","607.2","7.7","11.4","3.9"
"USC00206680","PORT HURON, MI US","42.975","-82.4194","179.8","2020-12","499.8","-6.7","11.1","1149.3","0.9","3.3","-1.6"
"US1MIAN0019","SAUGATUCK 0.6 E, MI US","42.656209","-86.193185","187.8","2020-07",,,,,,,
"US1MIAN0019","SAUGATUCK 0.6 E, MI US","42.656209","-86.193185","187.8","2020-08",,,,,,,
"US1MIAN0019","SAUGATUCK 0.6 E, MI US","42.656209","-86.193185","187.8","2020-09",,,,,,,
"US1MIAN0019","SAUGATUCK 0.6 E, MI US","42.656209","-86.193185","187.8","2020-10",,,,,,,
"US1MIAN0019","SAUGATUCK 0.6 E, MI US","42.656209","-86.193185","187.8","2020-11",,,,,,,
"US1MIAN0019","SAUGATUCK 0.6 E, MI US","42.656209","-86.193185","187.8","2020-12",,,,,,,
"USC00203295","GRAND HAVEN WASTEWATER PLANT, MI US","43.0618","-86.2044","182.9","2020-07",,"14.4","32.2","0.0","24.2","29.0","19.3"
"USC00203295","GRAND HAVEN WASTEWATER PLANT, MI US","43.0618","-86.2044","182.9","2020-09",,,,,,,
"USC00203295","GRAND HAVEN WASTEWATER PLANT, MI US","43.0618","-86.2044","182.9","2020-10",,"-0.6","23.3",,"9.3","13.4","5.2"
"USC00203295","GRAND HAVEN WASTEWATER PLANT, MI US","43.0618","-86.2044","182.9","2020-12",,"-8.3","12.2",,"0.9","3.6","-1.9"
"US1MIAN0016","HOLLAND 4.1 WSW, MI US","42.7551855146885","-86.1808294057846","192.9","2020-07",,,,,,,
"US1MIAN0016","HOLLAND 4.1 WSW, MI US","42.7551855146885","-86.1808294057846","192.9","2020-08",,,,,,,
"US1MIAN0016","HOLLAND 4.1 WSW, MI US","42.7551855146885","-86.1808294057846","192.9","2020-09",,,,,,,
"US1MIAN0016","HOLLAND 4.1 WSW, MI US","42.7551855146885","-86.1808294057846","192.9","2020-10",,,,,,,
"US1MIKW0001","EAGLE HARBOR 6.0 E, MI US","47.472311","-88.036706","186.8","2020-07",,,,,,,
"US1MIKW0001","EAGLE HARBOR 6.0 E, MI US","47.472311","-88.036706","186.8","2020-08",,,,,,,
"US1MIKW0001","EAGLE HARBOR 6.0 E, MI US","47.472311","-88.036706","186.8","2020-09",,,,,,,
"US1MIMT0009","FENWICK 3.3 E, MI US","43.15067","-85.01435","255.1","2020-08",,,,,,,
"US1MIMT0009","FENWICK 3.3 E, MI US","43.15067","-85.01435","255.1","2020-10",,,,,,,
"US1MIMT0009","FENWICK 3.3 E, MI US","43.15067","-85.01435","255.1","2020-11",,,,,,,
"US1MIMT0009","FENWICK 3.3 E, MI US","43.15067","-85.01435","255.1","2020-12",,,,,,,
"US1MIMT0008","EDMORE 3.8 ESE, MI US","43.3797492980957","-84.9731903076172","307.2","2020-07",,,,,,,
"US1MIMT0008","EDMORE 3.8 ESE, MI US","43.3797492980957","-84.9731903076172","307.2","2020-08",,,,,,,
"US1MIMT0008","EDMORE 3.8 ESE, MI US","43.3797492980957","-84.9731903076172","307.2","2020-09",,,,,,,
"US1MIMT0008","EDMORE 3.8 ESE, MI US","43.3797492980957","-84.9731903076172","307.2","2020-10",,,,,,,
"US1MIMT0008","EDMORE 3.8 ESE, MI US","43.3797492980957","-84.9731903076172","307.2","2020-11",,,,,,,
"US1MIMT0008","EDMORE 3.8 ESE, MI US","43.3797492980957","-84.9731903076172","307.2","2020-12",,,,,,,
"USC00204257","KALKASKA, MI US","44.728","-85.1727","315.5","2020-07","170.7","7.8","33.9","9.5","21.4","28.3","14.5"
"USC00204257","KALKASKA, MI US","44.728","-85.1727","315.5","2020-08","231.3","5.0","30.6","35.6","19.5","25.9","13.1"
"USC00204257","KALKASKA, MI US","44.728","-85.1727","315.5","2020-09","234.9","-2.2","26.1","191.3","13.3","19.4","7.1"
"USC00204257","KALKASKA, MI US","44.728","-85.1727","315.5","2020-10","234.9","-5.6","23.9","597.5","5.2","10.1","0.4"
"USC00204257","KALKASKA, MI US","44.728","-85.1727","315.5","2020-11","234.9","-7.8","23.9","1030.1","3.9","9.2","-1.3"
"USC00204257","KALKASKA, MI US","44.728","-85.1727","315.5","2020-12","234.9","-10.0","8.3","1683.1","-2.7","-0.6","-4.9"
"US1MIAN0025","PLAINWELL 0.5 WSW, MI US","42.4431800842285","-85.6537475585938","225.6","2020-07",,,,,,,
"US1MIAN0025","PLAINWELL 0.5 WSW, MI US","42.4431800842285","-85.6537475585938","225.6","2020-08",,,,,,,
"US1MIAN0025","PLAINWELL 0.5 WSW, MI US","42.4431800842285","-85.6537475585938","225.6","2020-09",,,,,,,
"US1MIAN0025","PLAINWELL 0.5 WSW, MI US","42.4431800842285","-85.6537475585938","225.6","2020-10",,,,,,,
"US1MIAN0025","PLAINWELL 0.5 WSW, MI US","42.4431800842285","-85.6537475585938","225.6","2020-11",,,,,,,
"US1MIAN0025","PLAINWELL 0.5 WSW, MI US","42.4431800842285","-85.6537475585938","225.6","2020-12",,,,,,,
"USC00207407","SCOTTVILLE 2 SE, MI US","43.93364","-86.24508","203.0","2020-07",,,,,,,
"USC00207407","SCOTTVILLE 2 SE, MI US","43.93364","-86.24508","203.0","2020-08",,,,,,,
"USC00207407","SCOTTVILLE 2 SE, MI US","43.93364","-86.24508","203.0","2020-09",,,,,,,
"USC00207407","SCOTTVILLE 2 SE, MI US","43.93364","-86.24508","203.0","2020-10",,,,,,,
"USC00207407","SCOTTVILLE 2 SE, MI US","43.93364","-86.24508","203.0","2020-11",,,,,,,
"USC00207407","SCOTTVILLE 2 SE, MI US","43.93364","-86.24508","203.0","2020-12",,,,,,,
"US1MIAN0020","HOLLAND 5.3 WSW, MI US","42.749","-86.202","204.2","2020-07",,,,,,,
"US1MIAN0020","HOLLAND 5.3 WSW, MI US","42.749","-86.202","204.2","2020-08",,,,,,,
"US1MIAN0020","HOLLAND 5.3 WSW, MI US","42.749","-86.202","204.2","2020-09",,,,,,,
"US1MIAN0020","HOLLAND 5.3 WSW, MI US","42.749","-86.202","204.2","2020-10",,,,,,,
"US1MIAN0020","HOLLAND 5.3 WSW, MI US","42.749","-86.202","204.2","2020-11",,,,,,,
"US1MIAN0020","HOLLAND 5.3 WSW, MI US","42.749","-86.202","204.2","2020-12",,,,,,,
"USC00204258","KALKASKA 11 SE, MI US","44.5897","-85.0486","330.1","2020-07","125.3","6.7","32.8","17.3","20.3","27.2","13.3"
"USC00204258","KALKASKA 11 SE, MI US","44.5897","-85.0486","330.1","2020-08","159.9","3.9","29.4","63.7","17.9","24.6","11.3"
"USC00204258","KALKASKA 11 SE, MI US","44.5897","-85.0486","330.1","2020-09","161.3","-3.3","25.0","254.9","12.0","18.3","5.7"
"USC00204258","KALKASKA 11 SE, MI US","44.5897","-85.0486","330.1","2020-10","161.3","-6.7","22.2","682.7","4.5","9.6","-0.6"
"USC00204258","KALKASKA 11 SE, MI US","44.5897","-85.0486","330.1","2020-11","161.3","-8.9","23.3","1138.1","3.1","8.5","-2.2"
"USC00204258","KALKASKA 11 SE, MI US","44.5897","-85.0486","330.1","2020-12","161.3","-13.9","6.1","1809.3","-3.3","-0.9","-5.7"
"US1MIMM0001","SPALDING 0.5 NW, MI US","45.698937","-87.5153","262.7","2020-07",,,,,,,
"US1MIMM0001","SPALDING 0.5 NW, MI US","45.698937","-87.5153","262.7","2020-08",,,,,,,
"US1MIMM0001","SPALDING 0.5 NW, MI US","45.698937","-87.5153","262.7","2020-09",,,,,,,
"US1MIMM0001","SPALDING 0.5 NW, MI US","45.698937","-87.5153","262.7","2020-10",,,,,,,
"US1MIMM0001","SPALDING 0.5 NW, MI US","45.698937","-87.5153","262.7","2020-11",,,,,,,
"US1MIHG0003","CHASSELL 4.0 N, MI US","47.083129","-88.526941","213.1","2020-07",,,,,,,
"US1MIHG0003","CHASSELL 4.0 N, MI US","47.083129","-88.526941","213.1","2020-08",,,,,,,
"US1MIHG0003","CHASSELL 4.0 N, MI US","47.083129","-88.526941","213.1","2020-09",,,,,,,
"US1MIMM0008","MENOMINEE 4.1 NW, MI US","45.16128","-87.68621","198.7","2020-07",,,,,,,
"US1MIMM0008","MENOMINEE 4.1 NW, MI US","45.16128","-87.68621","198.7","2020-08",,,,,,,
"US1MIMM0008","MENOMINEE 4.1 NW, MI US","45.16128","-87.68621","198.7","2020-09",,,,,,,
"US1MIMM0008","MENOMINEE 4.1 NW, MI US","45.16128","-87.68621","198.7","2020-10",,,,,,,
"US1MIMM0008","MENOMINEE 4.1 NW, MI US","45.16128","-87.68621","198.7","2020-11",,,,,,,
"US1MIMM0008","MENOMINEE 4.1 NW, MI US","45.16128","-87.68621","198.7","2020-12",,,,,,,
"USC00202094","DETOUR VILLAGE, MI US","45.9983","-83.9013","181.4","2020-07","111.8","12.8","31.7","4.8","21.2","25.9","16.5"
"USC00202094","DETOUR VILLAGE, MI US","45.9983","-83.9013","181.4","2020-08","156.7","11.7","27.8","19.8","19.3","23.4","15.2"
"USC00202094","DETOUR VILLAGE, MI US","45.9983","-83.9013","181.4","2020-09","156.7","3.9","23.3","169.4","13.4","17.0","9.7"
"USC00202094","DETOUR VILLAGE, MI US","45.9983","-83.9013","181.4","2020-10","156.7","-5.0","18.3","560.3","5.7","9.1","2.4"
"USC00202094","DETOUR VILLAGE, MI US","45.9983","-83.9013","181.4","2020-11","156.7","-6.1","18.9","960.6","4.0","7.6","0.4"
"USC00202094","DETOUR VILLAGE, MI US","45.9983","-83.9013","181.4","2020-12","156.7","-11.1","8.3","1596.6","-2.9","-0.1","-5.7"
"US1MIMM0005","DAGGETT 4.8 N, MI US","45.53069","-87.61922","241.1","2020-07",,,,,,,
"US1MIMM0005","DAGGETT 4.8 N, MI US","45.53069","-87.61922","241.1","2020-08",,,,,,,
"US1MIMM0005","DAGGETT 4.8 N, MI US","45.53069","-87.61922","241.1","2020-11",,,,,,,
"US1MIAN0027","OTSEGO 0.9 WNW, MI US","42.462","-85.713","219.5","2020-07",,,,,,,
"US1MIAN0027","OTSEGO 0.9 WNW, MI US","42.462","-85.713","219.5","2020-08",,,,,,,
"US1MIAN0027","OTSEGO 0.9 WNW, MI US","42.462","-85.713","219.5","2020-09",,,,,,,
"US1MIAN0027","OTSEGO 0.9 WNW, MI US","42.462","-85.713","219.5","2020-10",,,,,,,
"US1MIAN0027","OTSEGO 0.9 WNW, MI US","42.462","-85.713","219.5","2020-11",,,,,,,
"US1MIHG0001","HOUGHTON 1.6 ESE, MI US","47.107741","-88.529386","190.8","2020-07",,,,,,,
"US1MIHG0001","HOUGHTON 1.6 ESE, MI US","47.107741","-88.529386","190.8","2020-08",,,,,,,
"US1MIHG0001","HOUGHTON 1.6 ESE, MI US","47.107741","-88.529386","190.8","2020-09",,,,,,,
"US1MIHG0001","HOUGHTON 1.6 ESE, MI US","47.107741","-88.529386","190.8","2020-10",,,,,,,
"US1MIHG0001","HOUGHTON 1.6 ESE, MI US","47.107741","-88.529386","190.8","2020-11",,,,,,,
"US1MIHG0001","HOUGHTON 1.6 ESE, MI US","47.107741","-88.529386","190.8","2020-12",,,,,,,
"USC00204161","JACOBSVILLE, MI US","47.0083","-88.4318","198.1","2020-07","81.6","7.8","32.2","23.3","19.6","26.4","12.9"
"USC00204161","JACOBSVILLE, MI US","47.0083","-88.4318","198.1","2020-08","106.0","5.0","30.0","75.4","17.4","23.8","11.1"
"USC00204161","JACOBSVILLE, MI US","47.0083","-88.4318","198.1","2020-09","106.8","-2.2","26.7","273.7","11.8","17.9","5.6"
"USC00204161","JACOBSVILLE, MI US","47.0083","-88.4318","198.1","2020-10","106.8","-6.1","25.0","721.8","3.9","7.6","0.2"
"USC00204161","JACOBSVILLE, MI US","47.0083","-88.4318","198.1","2020-11","106.8","-10.0","25.0","1198.2","2.4","7.4","-2.4"
"USC00204161","JACOBSVILLE, MI US","47.0083","-88.4318","198.1","2020-12","106.8","-17.2","6.1","1905.1","-4.5","-1.1","-7.9"
"US1MIJC0010","HANOVER 4.1 E, MI US","42.092634","-84.472924","317.9","2020-07",,,,,,,
"US1MIJC0010","HANOVER 4.1 E, MI US","42.092634","-84.472924","317.9","2020-08",,,,,,,
"US1MIJC0010","HANOVER 4.1 E, MI US","42.092634","-84.472924","317.9","2020-09",,,,,,,
"US1MIJC0010","HANOVER 4.1 E, MI US","42.092634","-84.472924","317.9","2020-10",,,,,,,
"US1MIJC0010","HANOVER 4.1 E, MI US","42.092634","-84.472924","317.9","2020-11",,,,,,,
"US1MIJC0010","HANOVER 4.1 E, MI US","42.092634","-84.472924","317.9","2020-12",,,,,,,
"USC00204280","KEARSARGE, MI US","47.2752","-88.417","341.4","2020-08",,,,,,,
"USC00204280","KEARSARGE, MI US","47.2752","-88.417","341.4","2020-09",,,,,,,
"USC00204280","KEARSARGE, MI US","47.2752","-88.417","341.4","2020-10",,"-5.6","21.1",,"4.0","7.6","0.4"
"USC00204280","KEARSARGE, MI US","47.2752","-88.417","341.4","2020-11",,"-10.0","23.9",,"2.1","6.7","-2.5"
"USC00204280","KEARSARGE, MI US","47.2752","-88.417","341.4","2020-12",,"-14.4","3.9",,"-5.0","-2.3","-7.7"
"USC00206583","PICKFORD 3 NE, MI US","46.1863","-84.3238","191.7","2020-07",,"6.7","34.4","7.0","21.0","28.7","13.3"
"USC00206583","PICKFORD 3 NE, MI US","46.1863","-84.3238","191.7","2020-08",,"5.0","31.1","33.4","18.8","25.5","12.0"
"USC00206583","PICKFORD 3 NE, MI US","46.1863","-84.3238","191.7","2020-09",,"-2.8","25.6","187.0","13.2","19.3","7.2"
"US1MIJC0013","HANOVER 3.8 W, MI US","42.107","-84.626","328.0","2020-07",,,,,,,
"US1MIJC0013","HANOVER 3.8 W, MI US","42.107","-84.626","328.0","2020-08",,,,,,,
"US1MIJC0013","HANOVER 3.8 W, MI US","42.107","-84.626","328.0","2020-09",,,,,,,
"US1MIJC0013","HANOVER 3.8 W, MI US","42.107","-84.626","328.0","2020-10",,,,,,,
"US1MIJC0013","HANOVER 3.8 W, MI US","42.107","-84.626","328.0","2020-11",,,,,,,
"US1MIJC0013","HANOVER 3.8 W, MI US","42.107","-84.626","328.0","2020-12",,,,,,,
"US1MIJC0011","JACKSON 3.2 W, MI US","42.240611","-84.466918","304.2","2020-08",,,,,,,
"US1MIJC0011","JACKSON 3.2 W, MI US","42.240611","-84.466918","304.2","2020-09",,,,,,,
"US1MIJC0011","JACKSON 3.2 W, MI US","42.240611","-84.466918","304.2","2020-10",,,,,,,
"US1MIJC0011","JACKSON 3.2 W, MI US","42.240611","-84.466918","304.2","2020-11",,,,,,,
"US1MIJC0011","JACKSON 3.2 W, MI US","42.240611","-84.466918","304.2","2020-12",,,,,,,
"US1MICB0007","MACKINAW CITY 1.1 ENE, MI US","45.784734","-84.728905","181.7","2020-07",,,,,,,
"US1MICB0007","MACKINAW CITY 1.1 ENE, MI US","45.784734","-84.728905","181.7","2020-08",,,,,,,
"US1MICB0007","MACKINAW CITY 1.1 ENE, MI US","45.784734","-84.728905","181.7","2020-09",,,,,,,
"US1MICB0007","MACKINAW CITY 1.1 ENE, MI US","45.784734","-84.728905","181.7","2020-10",,,,,,,
"US1MICB0007","MACKINAW CITY 1.1 ENE, MI US","45.784734","-84.728905","181.7","2020-11",,,,,,,
"US1MICX0004","CHARLEVOIX 4.3 SSE, MI US","45.2572","-85.2165","235.3","2020-07",,,,,,,
"US1MICX0004","CHARLEVOIX 4.3 SSE, MI US","45.2572","-85.2165","235.3","2020-08",,,,,,,
"US1MICX0004","CHARLEVOIX 4.3 SSE, MI US","45.2572","-85.2165","235.3","2020-09",,,,,,,
"US1MICX0004","CHARLEVOIX 4.3 SSE, MI US","45.2572","-85.2165","235.3","2020-10",,,,,,,
"US1MICX0004","CHARLEVOIX 4.3 SSE, MI US","45.2572","-85.2165","235.3","2020-11",,,,,,,
"US1MICX0004","CHARLEVOIX 4.3 SSE, MI US","45.2572","-85.2165","235.3","2020-12",,,,,,,
"US1MICX0007","EAST JORDAN 2.1 NNW, MI US","45.186389","-85.1475","198.7","2020-07",,,,,,,
"US1MICX0007","EAST JORDAN 2.1 NNW, MI US","45.186389","-85.1475","198.7","2020-08",,,,,,,
"US1MICX0007","EAST JORDAN 2.1 NNW, MI US","45.186389","-85.1475","198.7","2020-09",,,,,,,
"US1MICX0007","EAST JORDAN 2.1 NNW, MI US","45.186389","-85.1475","198.7","2020-10",,,,,,,
"US1MICX0007","EAST JORDAN 2.1 NNW, MI US","45.186389","-85.1475","198.7","2020-11",,,,,,,
"US1MICX0007","EAST JORDAN 2.1 NNW, MI US","45.186389","-85.1475","198.7","2020-12",,,,,,,
"USC00205488","MILLINGTON 3 SE, MI US","43.2836","-83.4791","249.9","2020-07",,,,,,,
"USC00205488","MILLINGTON 3 SE, MI US","43.2836","-83.4791","249.9","2020-08",,,,,,,
"USC00205488","MILLINGTON 3 SE, MI US","43.2836","-83.4791","249.9","2020-09",,,,,,,
"USC00205488","MILLINGTON 3 SE, MI US","43.2836","-83.4791","249.9","2020-10",,,,,,,
"USC00205488","MILLINGTON 3 SE, MI US","43.2836","-83.4791","249.9","2020-11",,,,,,,
"USC00205488","MILLINGTON 3 SE, MI US","43.2836","-83.4791","249.9","2020-12",,,,,,,
"USC00207308","SALINE WWTP, MI US","42.1611","-83.7819","228.6","2020-07",,,,,,,
"USC00207308","SALINE WWTP, MI US","42.1611","-83.7819","228.6","2020-08",,,,,,,
"USC00207308","SALINE WWTP, MI US","42.1611","-83.7819","228.6","2020-09",,,,,,,
"USC00207308","SALINE WWTP, MI US","42.1611","-83.7819","228.6","2020-10",,,,,,,
"USC00203188","GLENNIE 2 SE, MI US","44.5358","-83.7022","272.5","2020-07",,,"34.4",,,"28.9",
"USC00203188","GLENNIE 2 SE, MI US","44.5358","-83.7022","272.5","2020-08",,"8.3","30.0",,"19.2","25.4","13.0"
"USC00203188","GLENNIE 2 SE, MI US","44.5358","-83.7022","272.5","2020-09",,"-1.7","26.7",,"13.3","19.8","6.8"
"USC00203188","GLENNIE 2 SE, MI US","44.5358","-83.7022","272.5","2020-10",,"-9.4","21.7",,"5.8","11.7","-0.2"
"USC00203188","GLENNIE 2 SE, MI US","44.5358","-83.7022","272.5","2020-11",,"-8.9","23.3",,"4.0","10.0","-1.9"
"USC00203188","GLENNIE 2 SE, MI US","44.5358","-83.7022","272.5","2020-12",,"-13.3","7.8",,"-2.6","0.4","-5.5"
"USR0000MDOE","DOE LAKE MICHIGAN, MI US","46.2536","-86.7142","248.4","2020-07","93.3","5.0","33.9","26.4","19.7","27.2","12.3"
"USR0000MDOE","DOE LAKE MICHIGAN, MI US","46.2536","-86.7142","248.4","2020-08","118.9","2.2","32.2","82.3","17.4","24.9","9.9"
"USR0000MDOE","DOE LAKE MICHIGAN, MI US","46.2536","-86.7142","248.4","2020-09","119.2","-4.4","28.3","279.5","11.8","18.6","4.9"
"USR0000MDOE","DOE LAKE MICHIGAN, MI US","46.2536","-86.7142","248.4","2020-10","119.2","-8.9","19.4","759.3","2.9","8.6","-2.9"
"USR0000MDOE","DOE LAKE MICHIGAN, MI US","46.2536","-86.7142","248.4","2020-11","119.2","-13.3","22.8","1246.9","2.1","7.8","-3.6"
"USR0000MDOE","DOE LAKE MICHIGAN, MI US","46.2536","-86.7142","248.4","2020-12","119.2","-20.6","8.3","1865.1","-3.3","0.5","-7.0"
"USC00205382","MENOMINEE NUMBER 2, MI US","45.111","-87.6117","180.1","2020-07",,,,,,,
"USC00205382","MENOMINEE NUMBER 2, MI US","45.111","-87.6117","180.1","2020-08",,,,,,,
"USC00205382","MENOMINEE NUMBER 2, MI US","45.111","-87.6117","180.1","2020-09",,,,,,,
"USC00205382","MENOMINEE NUMBER 2, MI US","45.111","-87.6117","180.1","2020-10",,,,,,,
"USC00205382","MENOMINEE NUMBER 2, MI US","45.111","-87.6117","180.1","2020-11",,,,,,,
"USC00205382","MENOMINEE NUMBER 2, MI US","45.111","-87.6117","180.1","2020-12",,,,,,,
"USC00208772","WELLSTON TIPPY DAM, MI US","44.2586","-85.9394","198.1","2020-07",,,,,,,
"USC00208772","WELLSTON TIPPY DAM, MI US","44.2586","-85.9394","198.1","2020-08",,,,,,,
"USC00208772","WELLSTON TIPPY DAM, MI US","44.2586","-85.9394","198.1","2020-09",,,,,,,
"USC00208772","WELLSTON TIPPY DAM, MI US","44.2586","-85.9394","198.1","2020-10",,,,,,,
"USC00208772","WELLSTON TIPPY DAM, MI US","44.2586","-85.9394","198.1","2020-11",,,,,,,
"USC00208772","WELLSTON TIPPY DAM, MI US","44.2586","-85.9394","198.1","2020-12",,,,,,,
"USC00208774","WELLSTON 1 N, MI US","44.2294","-85.9572","235.6","2020-07","160.1","9.4","33.9","2.8","21.6","29.4","13.8"
"USC00208774","WELLSTON 1 N, MI US","44.2294","-85.9572","235.6","2020-08","227.3","5.6","31.1","28.0","19.7","26.8","12.6"
"USC00208774","WELLSTON 1 N, MI US","44.2294","-85.9572","235.6","2020-09","229.8","-1.7","26.7","170.1","13.7","20.3","7.1"
"USC00208774","WELLSTON 1 N, MI US","44.2294","-85.9572","235.6","2020-10","229.8","-7.2","23.9","562.8","5.7","11.4","-0.1"
"USC00208774","WELLSTON 1 N, MI US","44.2294","-85.9572","235.6","2020-11","229.8","-10.6","23.3","997.7","3.8","10.2","-2.5"
"USC00208774","WELLSTON 1 N, MI US","44.2294","-85.9572","235.6","2020-12","229.8","-14.4","10.0","1623.2","-1.8","1.4","-5.1"
"USC00206354","PARADISE, MI US","46.6038","-85.0396","191.4","2020-07","68.7","8.3","31.7","22.3","19.2","24.8","13.6"
"USC00206354","PARADISE, MI US","46.6038","-85.0396","191.4","2020-08","92.0","8.3","28.9","57.4","17.9","23.4","12.5"
"USC00206354","PARADISE, MI US","46.6038","-85.0396","191.4","2020-09","92.0","0.0","22.8","245.1","12.1","17.3","6.8"
"USC00206354","PARADISE, MI US","46.6038","-85.0396","191.4","2020-10","92.0","-5.0","18.3","687.8","4.1","8.2","-0.1"
"USC00206354","PARADISE, MI US","46.6038","-85.0396","191.4","2020-11","92.0","-5.6","21.7","1149.0","3.0","7.3","-1.3"
"USC00206354","PARADISE, MI US","46.6038","-85.0396","191.4","2020-12","92.0","-13.3","5.6","1797.9","-3.3","-0.5","-6.1"
"US1MIGR0003","ALMA 0.3 NW, MI US","43.3818367","-84.6586301","224.9","2020-07",,,,,,,
"US1MIGR0003","ALMA 0.3 NW, MI US","43.3818367","-84.6586301","224.9","2020-08",,,,,,,
"US1MIGR0003","ALMA 0.3 NW, MI US","43.3818367","-84.6586301","224.9","2020-09",,,,,,,
"US1MIGR0003","ALMA 0.3 NW, MI US","43.3818367","-84.6586301","224.9","2020-10",,,,,,,
"US1MIGR0003","ALMA 0.3 NW, MI US","43.3818367","-84.6586301","224.9","2020-11",,,,,,,
"US1MIGR0003","ALMA 0.3 NW, MI US","43.3818367","-84.6586301","224.9","2020-12",,,,,,,
"USC00200925","BOYNE FALLS, MI US","45.1672","-84.9138","221.9","2020-07","280.1","8.3","35.6","1.1","23.8","30.8","16.8"
"USC00200925","BOYNE FALLS, MI US","45.1672","-84.9138","221.9","2020-08","395.5","6.7","32.2","7.3","21.9","28.4","15.3"
"USC00200925","BOYNE FALLS, MI US","45.1672","-84.9138","221.9","2020-09","412.5","-1.7","27.8","109.3","15.5","21.3","9.7"
"USC00200925","BOYNE FALLS, MI US","45.1672","-84.9138","221.9","2020-10","412.5","-5.6","24.4","469.1","6.7","11.4","2.1"
"USC00200925","BOYNE FALLS, MI US","45.1672","-84.9138","221.9","2020-11","416.9","-7.8","25.6","829.5","6.5","11.1","1.8"
"USC00200925","BOYNE FALLS, MI US","45.1672","-84.9138","221.9","2020-12","416.9","-10.0","8.3","1447.0","-1.6","0.9","-4.1"
"US1MIHG0020","CALUMET 1.1 SSW, MI US","47.231658","-88.458232","374.0","2020-10",,,,,,,
"US1MIHG0020","CALUMET 1.1 SSW, MI US","47.231658","-88.458232","374.0","2020-11",,,,,,,
"US1MIHG0020","CALUMET 1.1 SSW, MI US","47.231658","-88.458232","374.0","2020-12",,,,,,,
"USC00203078","GARDEN CORNERS, MI US","45.8983","-86.5485","178.9","2020-07","114.7","8.3","33.3","7.5","21.1","27.3","14.9"
"USC00203078","GARDEN CORNERS, MI US","45.8983","-86.5485","178.9","2020-08","150.9","4.4","28.9","38.6","18.5","24.9","12.1"
"USC00203078","GARDEN CORNERS, MI US","45.8983","-86.5485","178.9","2020-09","151.2","-1.7","25.6","192.2","13.2","19.0","7.4"
"USC00203078","GARDEN CORNERS, MI US","45.8983","-86.5485","178.9","2020-10","151.2","-5.0","17.2","609.6","4.9","9.9","-0.2"
"USC00203078","GARDEN CORNERS, MI US","45.8983","-86.5485","178.9","2020-11","151.2","-8.3","15.6","1080.1","2.6","7.1","-1.8"
"USC00203078","GARDEN CORNERS, MI US","45.8983","-86.5485","178.9","2020-12","151.2","-17.8","7.2","1724.0","-2.4","0.8","-5.7"
"USC00207312","SALINE 4 SW, MI US","42.1236","-83.8199","256.0","2020-07","294.9","12.8","35.0","0.0","24.4","31.3","17.4"
"USC00207312","SALINE 4 SW, MI US","42.1236","-83.8199","256.0","2020-08","407.5","10.0","35.0","2.7","22.4","29.7","15.1"
"USC00207312","SALINE 4 SW, MI US","42.1236","-83.8199","256.0","2020-09","425.9","1.1","31.1","67.4","16.6","23.5","9.7"
"USC00207312","SALINE 4 SW, MI US","42.1236","-83.8199","256.0","2020-10","425.9","-3.3","26.7","336.3","9.7","15.9","3.4"
"USC00207312","SALINE 4 SW, MI US","42.1236","-83.8199","256.0","2020-11","427.8","-7.8","26.1","683.7","6.8","12.8","0.8"
"USC00207312","SALINE 4 SW, MI US","42.1236","-83.8199","256.0","2020-12","427.8","-8.9","12.2","1175.6","0.1","4.2","-4.0"
"USC00203096","GAYLORD, MI US","45.0332","-84.7113","401.7","2020-07","130.5","7.2","33.3","11.4","20.6","27.0","14.2"
"USC00203096","GAYLORD, MI US","45.0332","-84.7113","401.7","2020-08","168.7","6.1","29.4","46.7","18.4","24.2","12.6"
"USC00203096","GAYLORD, MI US","45.0332","-84.7113","401.7","2020-09","168.7","-2.8","24.4","229.6","12.2","17.8","6.6"
"USC00203096","GAYLORD, MI US","45.0332","-84.7113","401.7","2020-10","168.7","-7.8","22.8","667.7","4.2","8.7","-0.3"
"USC00203096","GAYLORD, MI US","45.0332","-84.7113","401.7","2020-11","169.0","-10.0","22.8","1119.7","3.3","8.1","-1.5"
"USC00203096","GAYLORD, MI US","45.0332","-84.7113","401.7","2020-12","169.0","-10.6","6.7","1797.8","-3.5","-1.3","-5.8"
"US1MIIH0047","EDGEMONT PARK 0.7 NNE, MI US","42.755576","-84.586801","249.9","2020-11",,,,,,,
"US1MIIH0047","EDGEMONT PARK 0.7 NNE, MI US","42.755576","-84.586801","249.9","2020-12",,,,,,,
"US1MIOG0006","WEST BRANCH 2.1 SSW, MI US","44.2481446266174","-84.2508915066719","336.2","2020-09",,,,,,,
"US1MIOG0006","WEST BRANCH 2.1 SSW, MI US","44.2481446266174","-84.2508915066719","336.2","2020-10",,,,,,,
"US1MIOG0006","WEST BRANCH 2.1 SSW, MI US","44.2481446266174","-84.2508915066719","336.2","2020-11",,,,,,,
"US1MIOG0006","WEST BRANCH 2.1 SSW, MI US","44.2481446266174","-84.2508915066719","336.2","2020-12",,,,,,,
"US1MIMS0001","SCOTTVILLE 6.6 NNW, MI US","44.035312","-86.340031","209.7","2020-07",,,,,,,
"US1MIMS0001","SCOTTVILLE 6.6 NNW, MI US","44.035312","-86.340031","209.7","2020-08",,,,,,,
"US1MIMS0001","SCOTTVILLE 6.6 NNW, MI US","44.035312","-86.340031","209.7","2020-09",,,,,,,
"US1MIMS0001","SCOTTVILLE 6.6 NNW, MI US","44.035312","-86.340031","209.7","2020-10",,,,,,,
"US1MIMS0001","SCOTTVILLE 6.6 NNW, MI US","44.035312","-86.340031","209.7","2020-11",,,,,,,
"US1MIMS0001","SCOTTVILLE 6.6 NNW, MI US","44.035312","-86.340031","209.7","2020-12",,,,,,,
"US1MIEM0008","PETOSKEY 1.7 SSW, MI US","45.3420906066895","-84.9653244018555","268.8","2020-07",,,,,,,
"US1MIEM0008","PETOSKEY 1.7 SSW, MI US","45.3420906066895","-84.9653244018555","268.8","2020-08",,,,,,,
"US1MIEM0008","PETOSKEY 1.7 SSW, MI US","45.3420906066895","-84.9653244018555","268.8","2020-09",,,,,,,
"US1MIEM0008","PETOSKEY 1.7 SSW, MI US","45.3420906066895","-84.9653244018555","268.8","2020-10",,,,,,,
"US1MIEM0008","PETOSKEY 1.7 SSW, MI US","45.3420906066895","-84.9653244018555","268.8","2020-11",,,,,,,
"US1MIEM0008","PETOSKEY 1.7 SSW, MI US","45.3420906066895","-84.9653244018555","268.8","2020-12",,,,,,,
"US1MIIH0045","LANSING 1.0 ENE, MI US","42.714802","-84.534909","260.0","2020-07",,,,,,,
"US1MIIH0045","LANSING 1.0 ENE, MI US","42.714802","-84.534909","260.0","2020-08",,,,,,,
"US1MIIH0045","LANSING 1.0 ENE, MI US","42.714802","-84.534909","260.0","2020-09",,,,,,,
"US1MIIH0045","LANSING 1.0 ENE, MI US","42.714802","-84.534909","260.0","2020-10",,,,,,,
"US1MIIH0045","LANSING 1.0 ENE, MI US","42.714802","-84.534909","260.0","2020-11",,,,,,,
"US1MIIH0045","LANSING 1.0 ENE, MI US","42.714802","-84.534909","260.0","2020-12",,,,,,,
"US1MIEM0005","HARBOR SPRINGS 0.7 ENE, MI US","45.4345","-84.9754","208.5","2020-07",,,,,,,
"US1MIEM0005","HARBOR SPRINGS 0.7 ENE, MI US","45.4345","-84.9754","208.5","2020-08",,,,,,,
"US1MIEM0005","HARBOR SPRINGS 0.7 ENE, MI US","45.4345","-84.9754","208.5","2020-09",,,,,,,
"US1MIEM0005","HARBOR SPRINGS 0.7 ENE, MI US","45.4345","-84.9754","208.5","2020-10",,,,,,,
"US1MIEM0005","HARBOR SPRINGS 0.7 ENE, MI US","45.4345","-84.9754","208.5","2020-11",,,,,,,
"US1MIEM0005","HARBOR SPRINGS 0.7 ENE, MI US","45.4345","-84.9754","208.5","2020-12",,,,,,,
"USC00208417","VANDERBILT 11 ENE, MI US","45.1702","-84.4397","275.8","2020-07","116.8","5.6","33.9","16.1","20.2","28.3","12.0"
"USC00208417","VANDERBILT 11 ENE, MI US","45.1702","-84.4397","275.8","2020-08","144.0","3.9","30.0","56.3","17.9","25.2","10.6"
"USC00208417","VANDERBILT 11 ENE, MI US","45.1702","-84.4397","275.8","2020-09","145.9","-3.3","25.0","254.5","11.8","18.6","5.0"
"USC00208417","VANDERBILT 11 ENE, MI US","45.1702","-84.4397","275.8","2020-10","145.9","-7.2","22.8","690.1","4.3","9.6","-1.1"
"USC00208417","VANDERBILT 11 ENE, MI US","45.1702","-84.4397","275.8","2020-11","146.2","-8.9","23.9","1126.9","3.8","9.4","-1.8"
"USC00208417","VANDERBILT 11 ENE, MI US","45.1702","-84.4397","275.8","2020-12","146.2","-11.1","7.8","1785.0","-2.9","0.0","-5.8"
"US1MILN0017","BLISSFIELD 6.1 W, MI US","41.81615","-83.9807","216.4","2020-07",,,,,,,
"US1MILN0017","BLISSFIELD 6.1 W, MI US","41.81615","-83.9807","216.4","2020-08",,,,,,,
"US1MILN0017","BLISSFIELD 6.1 W, MI US","41.81615","-83.9807","216.4","2020-09",,,,,,,
"US1MILN0017","BLISSFIELD 6.1 W, MI US","41.81615","-83.9807","216.4","2020-10",,,,,,,
"US1MILN0017","BLISSFIELD 6.1 W, MI US","41.81615","-83.9807","216.4","2020-11",,,,,,,
"US1MILN0016","CLINTON 0.5 NE, MI US","42.0771","-83.9653","260.0","2020-07",,,,,,,
"US1MILN0016","CLINTON 0.5 NE, MI US","42.0771","-83.9653","260.0","2020-09",,,,,,,
"US1MILN0016","CLINTON 0.5 NE, MI US","42.0771","-83.9653","260.0","2020-10",,,,,,,
"US1MILN0016","CLINTON 0.5 NE, MI US","42.0771","-83.9653","260.0","2020-11",,,,,,,
"US1MILN0016","CLINTON 0.5 NE, MI US","42.0771","-83.9653","260.0","2020-12",,,,,,,
"USC00207221","SAGINAW 8 NW, MI US","43.4954","-84.0963","188.4","2020-07",,,,,,,
"USC00207221","SAGINAW 8 NW, MI US","43.4954","-84.0963","188.4","2020-08",,,,,,,
"USC00207221","SAGINAW 8 NW, MI US","43.4954","-84.0963","188.4","2020-10",,,,,,,
"USC00207221","SAGINAW 8 NW, MI US","43.4954","-84.0963","188.4","2020-11",,,,,,,
"USC00207221","SAGINAW 8 NW, MI US","43.4954","-84.0963","188.4","2020-12",,,,,,,
"USC00207222","SAGINAW NUMBER 3, MI US","43.4122","-83.9561","182.9","2020-07","328.4","15.0","35.0","0.0","24.7","30.8","18.5"
"USC00207222","SAGINAW NUMBER 3, MI US","43.4122","-83.9561","182.9","2020-08","447.8","11.1","32.8","3.0","22.3","28.4","16.2"
"USC00207222","SAGINAW NUMBER 3, MI US","43.4122","-83.9561","182.9","2020-09","462.5","2.2","28.9","79.1","16.1","22.2","10.1"
"USC00207222","SAGINAW NUMBER 3, MI US","43.4122","-83.9561","182.9","2020-10","462.5","-2.2","25.0","380.4","8.6","13.9","3.3"
"USC00207222","SAGINAW NUMBER 3, MI US","43.4122","-83.9561","182.9","2020-11","463.9","-6.1","25.0","737.6","6.5","11.6","1.4"
"USC00207222","SAGINAW NUMBER 3, MI US","43.4122","-83.9561","182.9","2020-12","463.9","-7.8","10.6","1306.3","-0.7","2.3","-3.7"
"US1MISW0005","DURAND 6.2 WNW, MI US","42.9299547","-84.1046428","249.9","2020-07",,,,,,,
"US1MISW0005","DURAND 6.2 WNW, MI US","42.9299547","-84.1046428","249.9","2020-08",,,,,,,
"US1MISW0005","DURAND 6.2 WNW, MI US","42.9299547","-84.1046428","249.9","2020-09",,,,,,,
"US1MISW0005","DURAND 6.2 WNW, MI US","42.9299547","-84.1046428","249.9","2020-10",,,,,,,
"US1MISW0005","DURAND 6.2 WNW, MI US","42.9299547","-84.1046428","249.9","2020-11",,,,,,,
"US1MISW0005","DURAND 6.2 WNW, MI US","42.9299547","-84.1046428","249.9","2020-12",,,,,,,
"USC00206013","NWSFO GRAND RAPIDS, MI US","42.89336","-85.54472","236.2","2020-07","293.3","15.0","33.3","0.0","24.1","29.6","18.6"
"USC00206013","NWSFO GRAND RAPIDS, MI US","42.89336","-85.54472","236.2","2020-08","406.3","8.9","31.7","2.7","21.9","27.7","16.1"
"USC00206013","NWSFO GRAND RAPIDS, MI US","42.89336","-85.54472","236.2","2020-09","424.6","1.1","28.3","79.6","16.2","21.4","11.1"
"USC00206013","NWSFO GRAND RAPIDS, MI US","42.89336","-85.54472","236.2","2020-10","424.6","-3.3","26.1","386.5","8.4","13.7","3.1"
"USC00206013","NWSFO GRAND RAPIDS, MI US","42.89336","-85.54472","236.2","2020-11","425.4","-5.6","24.4","735.8","6.7","11.6","1.8"
"USC00206013","NWSFO GRAND RAPIDS, MI US","42.89336","-85.54472","236.2","2020-12","425.4","-8.3","11.1","1304.1","0.0","2.9","-2.9"
"USC00206012","NW MICHIGAN RESEARCH FARM, MI US","44.883","-85.6752","249.9","2020-07","222.8","12.2","32.8","3.1","22.9","27.5","18.3"
"USC00206012","NW MICHIGAN RESEARCH FARM, MI US","44.883","-85.6752","249.9","2020-08","324.5","11.7","30.6","12.0","21.3","25.8","16.8"
"USC00206012","NW MICHIGAN RESEARCH FARM, MI US","44.883","-85.6752","249.9","2020-09","336.5","3.3","26.1","110.0","15.5","19.6","11.3"
"USC00206012","NW MICHIGAN RESEARCH FARM, MI US","44.883","-85.6752","249.9","2020-10","336.5","-1.7","23.9","447.1","7.5","10.6","4.4"
"USC00206012","NW MICHIGAN RESEARCH FARM, MI US","44.883","-85.6752","249.9","2020-11","339.5","-2.8","24.4","807.4","6.4","10.2","2.6"
"USC00206012","NW MICHIGAN RESEARCH FARM, MI US","44.883","-85.6752","249.9","2020-12","339.5","-8.3","10.0","1393.6","-0.6","1.3","-2.4"
"US1MIJC0005","JACKSON 2.8 WSW, MI US","42.228812","-84.456537","302.4","2020-07",,,,,,,
"US1MIJC0005","JACKSON 2.8 WSW, MI US","42.228812","-84.456537","302.4","2020-08",,,,,,,
"US1MIJC0005","JACKSON 2.8 WSW, MI US","42.228812","-84.456537","302.4","2020-09",,,,,,,
"US1MIJC0005","JACKSON 2.8 WSW, MI US","42.228812","-84.456537","302.4","2020-10",,,,,,,
"USW00054810","CHATHAM 1 SE, MI US","46.3345","-86.92","266.7","2020-07","97.7","7.9","32.0","20.1","20.0","25.6","14.3"
"USW00054810","CHATHAM 1 SE, MI US","46.3345","-86.92","266.7","2020-08","127.0","4.9","30.8","64.8","17.8","23.5","12.2"
"USW00054810","CHATHAM 1 SE, MI US","46.3345","-86.92","266.7","2020-09","127.1","-1.3","27.2","241.0","12.5","18.0","6.9"
"USW00054810","CHATHAM 1 SE, MI US","46.3345","-86.92","266.7","2020-10","127.1","-9.9","20.3","700.8","3.5","8.4","-1.4"
"USW00054810","CHATHAM 1 SE, MI US","46.3345","-86.92","266.7","2020-11","127.1","-9.9","24.7","1167.6","2.8","7.7","-2.2"
"USW00054810","CHATHAM 1 SE, MI US","46.3345","-86.92","266.7","2020-12","127.1","-16.9","7.7","1829.8","-3.0","-0.2","-5.9"
"US1MIEM0013","HARBOR SPRINGS 4.8 NW, MI US","45.473702","-85.068963","246.9","2020-07",,,,,,,
"US1MIEM0013","HARBOR SPRINGS 4.8 NW, MI US","45.473702","-85.068963","246.9","2020-08",,,,,,,
"US1MIEM0013","HARBOR SPRINGS 4.8 NW, MI US","45.473702","-85.068963","246.9","2020-09",,,,,,,
"US1MIEM0013","HARBOR SPRINGS 4.8 NW, MI US","45.473702","-85.068963","246.9","2020-10",,,,,,,
"US1MICP0014","SAULT STE. MARIE 2.2 E, MI US","46.489331","-84.319716","182.9","2020-07",,,,,,,
"US1MICP0014","SAULT STE. MARIE 2.2 E, MI US","46.489331","-84.319716","182.9","2020-08",,,,,,,
"US1MICP0014","SAULT STE. MARIE 2.2 E, MI US","46.489331","-84.319716","182.9","2020-09",,,,,,,
"US1MICP0014","SAULT STE. MARIE 2.2 E, MI US","46.489331","-84.319716","182.9","2020-10",,,,,,,
"US1MICP0014","SAULT STE. MARIE 2.2 E, MI US","46.489331","-84.319716","182.9","2020-11",,,,,,,
"US1MICP0014","SAULT STE. MARIE 2.2 E, MI US","46.489331","-84.319716","182.9","2020-12",,,,,,,
"USW00054813","MUNSING LAKESHORE, MI US","46.412036","-86.650452","186.5","2020-07","121.0","9.4","32.2","20.5","20.2","24.9","15.6"
"USW00054813","MUNSING LAKESHORE, MI US","46.412036","-86.650452","186.5","2020-08","157.7","7.2","31.7","50.2","18.6","23.3","13.9"
"USW00054813","MUNSING LAKESHORE, MI US","46.412036","-86.650452","186.5","2020-09","158.5","-0.5","27.2","196.1","13.5","18.1","8.9"
"USW00054813","MUNSING LAKESHORE, MI US","46.412036","-86.650452","186.5","2020-10","158.5","-5.5","20.0","604.7","5.1","9.5","0.8"
"USW00054813","MUNSING LAKESHORE, MI US","46.412036","-86.650452","186.5","2020-11","158.5","-6.0","23.9","1020.8","4.5","8.6","0.3"
"USW00054813","MUNSING LAKESHORE, MI US","46.412036","-86.650452","186.5","2020-12","158.5","-16.6","7.2","1646.4","-1.9","1.0","-4.7"
"USC00203099","GAYLORD 9 SSW, MI US","44.90715","-84.71891","447.4","2020-07","166.3","8.9","32.8","7.0","21.3","27.2","15.4"
"USC00203099","GAYLORD 9 SSW, MI US","44.90715","-84.71891","447.4","2020-08","222.5","7.2","30.0","36.9","19.2","24.4","13.9"
"USC00203099","GAYLORD 9 SSW, MI US","44.90715","-84.71891","447.4","2020-09","222.8","0.6","25.0","192.1","13.2","18.2","8.1"
"USC00203099","GAYLORD 9 SSW, MI US","44.90715","-84.71891","447.4","2020-10","222.8","-5.0","22.8","597.5","5.3","9.8","0.7"
"USC00203099","GAYLORD 9 SSW, MI US","44.90715","-84.71891","447.4","2020-11","222.8","-7.2","22.8","1002.6","4.8","9.0","0.6"
"USC00203099","GAYLORD 9 SSW, MI US","44.90715","-84.71891","447.4","2020-12","222.8","-9.4","7.2","1654.5","-2.7","-0.4","-5.0"
"USC00206007","NORTHPORT 2 W, MI US","45.1322","-85.6472","227.4","2020-07","131.6","11.1","30.6","5.6","21.2","25.6","16.9"
"USC00206007","NORTHPORT 2 W, MI US","45.1322","-85.6472","227.4","2020-08","194.7","11.1","29.4","18.2","20.0","24.1","15.8"
"USC00206007","NORTHPORT 2 W, MI US","45.1322","-85.6472","227.4","2020-09","198.5","2.2","24.4","130.4","14.7","18.8","10.7"
"USC00206007","NORTHPORT 2 W, MI US","45.1322","-85.6472","227.4","2020-10","198.5","-2.2","23.3","465.6","7.5","10.7","4.4"
"USC00206007","NORTHPORT 2 W, MI US","45.1322","-85.6472","227.4","2020-11","200.7","-5.6","25.0","818.6","6.6","10.8","2.5"
"USC00206007","NORTHPORT 2 W, MI US","45.1322","-85.6472","227.4","2020-12","200.7","-7.2","8.9","1400.3","-0.4","1.6","-2.5"
"USC00201250","CARLETON 2 W, MI US","42.0636","-83.4358","191.1","2020-07","328.6","15.0","33.9","0.0","24.4","30.2","18.6"
"USC00201250","CARLETON 2 W, MI US","42.0636","-83.4358","191.1","2020-08","456.0","10.0","34.4","1.6","22.4","28.5","16.3"
"USC00201250","CARLETON 2 W, MI US","42.0636","-83.4358","191.1","2020-09","489.0","2.2","30.0","60.0","17.5","23.7","11.3"
"USC00201250","CARLETON 2 W, MI US","42.0636","-83.4358","191.1","2020-10",,,,,,,
"USC00201492","CHEBOYGAN, MI US","45.65225","-84.47239","177.4","2020-07","121.2","10.6","32.8","5.5","21.3","26.4","16.2"
"USC00201492","CHEBOYGAN, MI US","45.65225","-84.47239","177.4","2020-08","175.3","9.4","30.0","21.9","19.6","24.3","14.8"
"USC00201492","CHEBOYGAN, MI US","45.65225","-84.47239","177.4","2020-09","177.8","1.1","25.0","153.8","14.0","19.0","9.0"
"USC00201492","CHEBOYGAN, MI US","45.65225","-84.47239","177.4","2020-10","177.8","-3.9","23.3","531.8","6.1","10.3","2.0"
"USC00201492","CHEBOYGAN, MI US","45.65225","-84.47239","177.4","2020-11","178.4","-5.0","25.6","924.5","5.3","9.9","0.6"
"USC00201492","CHEBOYGAN, MI US","45.65225","-84.47239","177.4","2020-12","178.4","-8.3","8.9","1537.7","-1.4","1.1","-4.0"
"US1MIIH0026","MASON 0.8 NW, MI US","42.59076667","-84.45436667","273.7","2020-08",,,,,,,
"US1MIOC0002","MONTAGUE 8.1 NW, MI US","43.5","-86.47","224.6","2020-07",,,,,,,
"US1MIOC0002","MONTAGUE 8.1 NW, MI US","43.5","-86.47","224.6","2020-08",,,,,,,
"US1MIOC0002","MONTAGUE 8.1 NW, MI US","43.5","-86.47","224.6","2020-09",,,,,,,
"USW00014853","DETROIT WILLOW RUN AIRPORT, MI US","42.23666","-83.52638","215.7","2020-07","393.9","15.0","36.7","0.0","25.8","32.3","19.2"
"USW00014853","DETROIT WILLOW RUN AIRPORT, MI US","42.23666","-83.52638","215.7","2020-08","537.1","11.1","35.0","0.0","22.9","29.7","16.2"
"USW00014853","DETROIT WILLOW RUN AIRPORT, MI US","42.23666","-83.52638","215.7","2020-09","573.6","1.1","30.6","49.0","17.9","24.6","11.2"
"USW00014853","DETROIT WILLOW RUN AIRPORT, MI US","42.23666","-83.52638","215.7","2020-10","575.5","-2.7","28.3","270.5","11.3","16.9","5.6"
"USW00014853","DETROIT WILLOW RUN AIRPORT, MI US","42.23666","-83.52638","215.7","2020-11","577.7","-6.0","27.2","580.4","8.1","13.9","2.2"
"USW00014853","DETROIT WILLOW RUN AIRPORT, MI US","42.23666","-83.52638","215.7","2020-12","577.7","-7.7","13.9","1107.8","1.3","5.4","-2.7"
"US1MIBR0022","BATTLE CREEK 11.7 NNW, MI US","42.462339","-85.288936","299.0","2020-07",,,,,,,
"US1MIBR0022","BATTLE CREEK 11.7 NNW, MI US","42.462339","-85.288936","299.0","2020-08",,,,,,,
"US1MIBR0022","BATTLE CREEK 11.7 NNW, MI US","42.462339","-85.288936","299.0","2020-09",,,,,,,
"US1MIBR0022","BATTLE CREEK 11.7 NNW, MI US","42.462339","-85.288936","299.0","2020-10",,,,,,,
"US1MIBR0022","BATTLE CREEK 11.7 NNW, MI US","42.462339","-85.288936","299.0","2020-11",,,,,,,
"US1MIBR0021","MIDDLEVILLE 0.5 WNW, MI US","42.7151","-85.4753","241.1","2020-08",,,,,,,
"US1MIBR0021","MIDDLEVILLE 0.5 WNW, MI US","42.7151","-85.4753","241.1","2020-09",,,,,,,
"US1MICL0005","HARRISON 5.2 ESE, MI US","43.9886536449194","-84.7022844851017","296.9","2020-07",,,,,,,
"US1MICL0005","HARRISON 5.2 ESE, MI US","43.9886536449194","-84.7022844851017","296.9","2020-08",,,,,,,
"US1MICL0005","HARRISON 5.2 ESE, MI US","43.9886536449194","-84.7022844851017","296.9","2020-09",,,,,,,
"US1MICL0005","HARRISON 5.2 ESE, MI US","43.9886536449194","-84.7022844851017","296.9","2020-10",,,,,,,
"US1MICL0005","HARRISON 5.2 ESE, MI US","43.9886536449194","-84.7022844851017","296.9","2020-11",,,,,,,
"US1MICL0005","HARRISON 5.2 ESE, MI US","43.9886536449194","-84.7022844851017","296.9","2020-12",,,,,,,
"USW00014850","TRAVERSE CITY CHERRY CAPITAL AIRPORT, MI US","44.73895","-85.5679","185.2","2020-07","246.1","11.1","35.0","1.1","23.4","29.4","17.3"
"USW00014850","TRAVERSE CITY CHERRY CAPITAL AIRPORT, MI US","44.73895","-85.5679","185.2","2020-08","363.1","8.9","32.8","6.8","21.9","27.6","16.3"
"USW00014850","TRAVERSE CITY CHERRY CAPITAL AIRPORT, MI US","44.73895","-85.5679","185.2","2020-09","378.9","0.6","27.8","94.0","15.9","21.3","10.6"
"USW00014850","TRAVERSE CITY CHERRY CAPITAL AIRPORT, MI US","44.73895","-85.5679","185.2","2020-10","378.9","-3.2","25.6","426.6","7.6","12.4","2.8"
"USW00014850","TRAVERSE CITY CHERRY CAPITAL AIRPORT, MI US","44.73895","-85.5679","185.2","2020-11","382.8","-6.0","25.6","766.2","7.1","11.9","2.4"
"USW00014850","TRAVERSE CITY CHERRY CAPITAL AIRPORT, MI US","44.73895","-85.5679","185.2","2020-12","382.8","-12.1","10.6","1336.7","-0.1","2.3","-2.5"
"US1MIBR0020","DELTON 1.0 SE, MI US","42.492422","-85.391616","286.2","2020-07",,,,,,,
"USW00094889","ANN ARBOR MUNICIPAL AIRPORT, MI US","42.22393","-83.73983","250.6","2020-07","191.1","11.1","33.9","0.0","22.7","30.1","15.4"
"USW00094889","ANN ARBOR MUNICIPAL AIRPORT, MI US","42.22393","-83.73983","250.6","2020-08","264.2","7.2","34.4","12.2","20.3","28.2","12.4"
"USW00094889","ANN ARBOR MUNICIPAL AIRPORT, MI US","42.22393","-83.73983","250.6","2020-09","276.2","-1.6","29.4","110.7","15.4","22.9","8.0"
"USW00094889","ANN ARBOR MUNICIPAL AIRPORT, MI US","42.22393","-83.73983","250.6","2020-10","276.7","-6.0","26.1","383.1","9.0","15.3","2.6"
"USW00094889","ANN ARBOR MUNICIPAL AIRPORT, MI US","42.22393","-83.73983","250.6","2020-11",,,,,,,
"USW00094889","ANN ARBOR MUNICIPAL AIRPORT, MI US","42.22393","-83.73983","250.6","2020-12",,"-11.0","10.0",,"-1.4","2.7","-5.6"
"USC00203429","GREENVILLE 2 NNE, MI US","43.2026","-85.2421","270.7","2020-07","240.5","10.6","35.0","0.0","23.2","31.0","15.3"
"USC00203429","GREENVILLE 2 NNE, MI US","43.2026","-85.2421","270.7","2020-08","335.8","6.1","33.3","12.3","21.0","29.0","13.1"
"USC00203429","GREENVILLE 2 NNE, MI US","43.2026","-85.2421","270.7","2020-09","347.3","-2.2","29.4","114.9","15.3","22.5","8.1"
"USC00203429","GREENVILLE 2 NNE, MI US","43.2026","-85.2421","270.7","2020-10","347.3","-5.6","26.1","445.0","7.5","14.2","0.8"
"USC00203429","GREENVILLE 2 NNE, MI US","43.2026","-85.2421","270.7","2020-11","349.0","-9.4","25.6","813.2","6.1","12.4","-0.2"
"USC00203429","GREENVILLE 2 NNE, MI US","43.2026","-85.2421","270.7","2020-12","349.0","-12.2","11.1","1423.5","-1.4","3.0","-5.7"
"US1MIBY0001","BAY CITY 4.8 N, MI US","43.6595101","-83.8884558","178.3","2020-08",,,,,,,
"US1MIBY0001","BAY CITY 4.8 N, MI US","43.6595101","-83.8884558","178.3","2020-11",,,,,,,
"US1MIBR0013","HASTINGS 4.3 SSW, MI US","42.5917797","-85.3160631","277.4","2020-07",,,,,,,
"US1MIBR0013","HASTINGS 4.3 SSW, MI US","42.5917797","-85.3160631","277.4","2020-08",,,,,,,
"US1MIBR0013","HASTINGS 4.3 SSW, MI US","42.5917797","-85.3160631","277.4","2020-09",,,,,,,
"US1MIBR0013","HASTINGS 4.3 SSW, MI US","42.5917797","-85.3160631","277.4","2020-10",,,,,,,
"US1MIBR0013","HASTINGS 4.3 SSW, MI US","42.5917797","-85.3160631","277.4","2020-11",,,,,,,
"USC00203306","GRAND LEDGE 1 NW, MI US","42.7621","-84.7617","244.1","2020-07",,,,,,,
"USC00203306","GRAND LEDGE 1 NW, MI US","42.7621","-84.7617","244.1","2020-08",,,,,,,
"USC00203306","GRAND LEDGE 1 NW, MI US","42.7621","-84.7617","244.1","2020-09",,,,,,,
"USC00203306","GRAND LEDGE 1 NW, MI US","42.7621","-84.7617","244.1","2020-10",,,,,,,
"USC00203306","GRAND LEDGE 1 NW, MI US","42.7621","-84.7617","244.1","2020-11",,,,,,,
"USC00203306","GRAND LEDGE 1 NW, MI US","42.7621","-84.7617","244.1","2020-12",,,,,,,
"US1MIBR0012","FREEPORT 1.6 S, MI US","42.740322","-85.31609","264.0","2020-07",,,,,,,
"US1MIBR0012","FREEPORT 1.6 S, MI US","42.740322","-85.31609","264.0","2020-09",,,,,,,
"US1MIBR0012","FREEPORT 1.6 S, MI US","42.740322","-85.31609","264.0","2020-10",,,,,,,
"US1MIBR0012","FREEPORT 1.6 S, MI US","42.740322","-85.31609","264.0","2020-11",,,,,,,
"US1MIMN0006","WELLSTON 3.9 WNW, MI US","44.2337","-86.0358","222.5","2020-07",,,,,,,
"US1MIMN0006","WELLSTON 3.9 WNW, MI US","44.2337","-86.0358","222.5","2020-08",,,,,,,
"US1MIMN0006","WELLSTON 3.9 WNW, MI US","44.2337","-86.0358","222.5","2020-09",,,,,,,
"US1MIMN0006","WELLSTON 3.9 WNW, MI US","44.2337","-86.0358","222.5","2020-10",,,,,,,
"US1MIMN0006","WELLSTON 3.9 WNW, MI US","44.2337","-86.0358","222.5","2020-11",,,,,,,
"US1MIMN0006","WELLSTON 3.9 WNW, MI US","44.2337","-86.0358","222.5","2020-12",,,,,,,
"USW00014847","SAULT STE MARIE SANDERSON FIELD, MI US","46.47998","-84.35809","219.8","2020-07","142.2","10.0","32.2","5.0","21.3","26.8","15.8"
"USW00014847","SAULT STE MARIE SANDERSON FIELD, MI US","46.47998","-84.35809","219.8","2020-08","195.7","9.4","29.4","22.2","19.5","24.4","14.6"
"USW00014847","SAULT STE MARIE SANDERSON FIELD, MI US","46.47998","-84.35809","219.8","2020-09","195.7","1.1","26.1","168.1","13.5","18.0","9.0"
"USW00014847","SAULT STE MARIE SANDERSON FIELD, MI US","46.47998","-84.35809","219.8","2020-10","195.7","-5.5","18.9","560.4","5.7","9.6","1.7"
"USW00014847","SAULT STE MARIE SANDERSON FIELD, MI US","46.47998","-84.35809","219.8","2020-11","196.3","-7.1","23.9","968.3","4.8","9.2","0.4"
"USW00014847","SAULT STE MARIE SANDERSON FIELD, MI US","46.47998","-84.35809","219.8","2020-12","196.3","-13.2","6.7","1610.5","-2.4","0.7","-5.4"
"US1MIBY0008","BAY CITY 2.4 W, MI US","43.586536","-83.936528","182.0","2020-07",,,,,,,
"US1MIBY0008","BAY CITY 2.4 W, MI US","43.586536","-83.936528","182.0","2020-08",,,,,,,
"US1MIBY0008","BAY CITY 2.4 W, MI US","43.586536","-83.936528","182.0","2020-10",,,,,,,
"US1MIBY0008","BAY CITY 2.4 W, MI US","43.586536","-83.936528","182.0","2020-11",,,,,,,
"US1MIBY0008","BAY CITY 2.4 W, MI US","43.586536","-83.936528","182.0","2020-12",,,,,,,
"USC00203421","GREENLAND 6 N, MI US","46.8736","-89.1006","241.1","2020-07","127.1","8.9","34.4","17.5","20.6","27.3","13.9"
"USC00203421","GREENLAND 6 N, MI US","46.8736","-89.1006","241.1","2020-08","170.8","4.4","30.0","66.0","18.2","24.5","11.9"
"USC00203421","GREENLAND 6 N, MI US","46.8736","-89.1006","241.1","2020-09","171.6","-1.7","25.6","252.1","12.2","18.1","6.3"
"USC00203421","GREENLAND 6 N, MI US","46.8736","-89.1006","241.1","2020-10","171.6","-7.2","26.1","689.9","4.2","7.8","0.6"
"USC00203421","GREENLAND 6 N, MI US","46.8736","-89.1006","241.1","2020-11","171.6","-6.7","25.0","1148.4","3.1","7.4","-1.3"
"USC00203421","GREENLAND 6 N, MI US","46.8736","-89.1006","241.1","2020-12","171.6","-16.1","7.8","1828.9","-3.6","-0.5","-6.8"
"USC00201361","CASS CITY 1 SSW, MI US","43.5861","-83.1805","212.8","2020-07","202.4","12.2","33.3","0.0","22.3","29.2","15.4"
"USC00201361","CASS CITY 1 SSW, MI US","43.5861","-83.1805","212.8","2020-08","285.5","8.9","31.1","12.3","20.7","27.3","14.1"
"USC00201361","CASS CITY 1 SSW, MI US","43.5861","-83.1805","212.8","2020-09","292.7","-0.6","28.3","124.2","14.8","21.6","8.1"
"USC00201361","CASS CITY 1 SSW, MI US","43.5861","-83.1805","212.8","2020-10","292.7","-6.1","23.3","432.3","8.1","13.6","2.7"
"USC00201361","CASS CITY 1 SSW, MI US","43.5861","-83.1805","212.8","2020-11","292.7","-7.8","24.4","805.3","5.9","11.5","0.3"
"USC00201361","CASS CITY 1 SSW, MI US","43.5861","-83.1805","212.8","2020-12","292.7","-9.4","10.0","1403.2","-0.9","1.9","-3.8"
"USC00200032","ADRIAN 2 NNE, MI US","41.91636","-84.01635","231.6","2020-07","277.5","13.3","36.1","0.0","24.1","31.0","17.1"
"USC00200032","ADRIAN 2 NNE, MI US","41.91636","-84.01635","231.6","2020-08","384.7","9.4","33.3","3.1","21.7","28.9","14.5"
"USC00200032","ADRIAN 2 NNE, MI US","41.91636","-84.01635","231.6","2020-09","408.6","3.3","30.6","74.3","16.8","24.1","9.4"
"USC00200032","ADRIAN 2 NNE, MI US","41.91636","-84.01635","231.6","2020-10","410.0","-2.8","27.8","329.7","9.8","15.9","3.6"
"USC00200032","ADRIAN 2 NNE, MI US","41.91636","-84.01635","231.6","2020-11","411.7","-6.1","26.7","674.6","6.2","12.3","0.0"
"USC00200032","ADRIAN 2 NNE, MI US","41.91636","-84.01635","231.6","2020-12","411.7","-11.1","12.8","1245.8","-0.1","4.4","-4.6"
"US1MILP0009","COLUMBIAVILLE 5.7 ENE, MI US","43.1766","-83.2973","253.9","2020-07",,,,,,,
"US1MILP0009","COLUMBIAVILLE 5.7 ENE, MI US","43.1766","-83.2973","253.9","2020-08",,,,,,,
"US1MILP0009","COLUMBIAVILLE 5.7 ENE, MI US","43.1766","-83.2973","253.9","2020-10",,,,,,,
"USC00203661","HASTINGS, MI US","42.64208","-85.28819","250.2","2020-07","251.5","13.9","33.3","0.0","23.3","29.6","17.1"
"USC00203661","HASTINGS, MI US","42.64208","-85.28819","250.2","2020-08","345.5","8.9","32.2","9.2","21.1","27.9","14.3"
"USC00203661","HASTINGS, MI US","42.64208","-85.28819","250.2","2020-09","356.9","0.0","28.9","102.7","15.6","21.9","9.3"
"USC00203661","HASTINGS, MI US","42.64208","-85.28819","250.2","2020-10","356.9","-3.9","26.1","415.8","8.2","14.2","2.3"
"USC00203661","HASTINGS, MI US","42.64208","-85.28819","250.2","2020-11","357.4","-6.1","24.4","782.7","6.1","11.8","0.5"
"USC00203661","HASTINGS, MI US","42.64208","-85.28819","250.2","2020-12","357.4","-9.4","11.1","1370.2","-0.6","2.4","-3.6"
"USC00205603","MORENCI, MI US","41.7216","-84.2147","234.7","2020-07","311.2","12.8","36.7","0.0","24.4","32.0","16.7"
"USC00205603","MORENCI, MI US","41.7216","-84.2147","234.7","2020-08","409.9","8.3","34.4","6.1","21.5","29.2","13.8"
"USC00205603","MORENCI, MI US","41.7216","-84.2147","234.7","2020-09","434.3","1.1","30.0","72.3","16.9","24.5","9.4"
"USC00205603","MORENCI, MI US","41.7216","-84.2147","234.7","2020-10","434.9","-2.8","27.8","336.9","9.8","16.2","3.4"
"USC00205603","MORENCI, MI US","41.7216","-84.2147","234.7","2020-11","434.9","-7.8","26.1","691.0","6.5","13.1","0.0"
"USC00205603","MORENCI, MI US","41.7216","-84.2147","234.7","2020-12","434.9","-8.3","14.4","1254.5","0.1","4.1","-3.7"
"USC00201486","CHATHAM EXPERIMENT FARM 2, MI US","46.3414","-86.9242","265.2","2020-07","124.9","8.3","33.9","16.6","20.6","27.1","14.1"
"USC00201486","CHATHAM EXPERIMENT FARM 2, MI US","46.3414","-86.9242","265.2","2020-08","167.2","5.0","31.7","51.9","18.6","24.6","12.5"
"USC00201486","CHATHAM EXPERIMENT FARM 2, MI US","46.3414","-86.9242","265.2","2020-09","167.7","-1.7","28.3","212.0","13.0","19.0","7.0"
"USC00201486","CHATHAM EXPERIMENT FARM 2, MI US","46.3414","-86.9242","265.2","2020-10","167.7","-10.0","20.6","660.1","3.9","8.9","-1.1"
"USC00201486","CHATHAM EXPERIMENT FARM 2, MI US","46.3414","-86.9242","265.2","2020-11","167.7","-11.7","25.0","1131.1","2.6","7.5","-2.2"
"USC00201486","CHATHAM EXPERIMENT FARM 2, MI US","46.3414","-86.9242","265.2","2020-12","167.7","-17.2","8.3","1800.2","-3.2","0.1","-6.6"
"USW00094893","IRON MOUNTAIN FORD AIRPORT, MI US","45.81339","-88.11292","343.2","2020-07","167.8","9.4","33.9","3.9","21.6","28.1","15.1"
"USW00094893","IRON MOUNTAIN FORD AIRPORT, MI US","45.81339","-88.11292","343.2","2020-08","229.1","5.0","30.6","37.8","19.2","25.8","12.6"
"USW00094893","IRON MOUNTAIN FORD AIRPORT, MI US","45.81339","-88.11292","343.2","2020-09","232.5","-1.6","28.3","200.4","13.0","19.0","7.0"
"USW00094893","IRON MOUNTAIN FORD AIRPORT, MI US","45.81339","-88.11292","343.2","2020-10","232.5","-10.5","23.3","654.2","3.7","8.9","-1.6"
"USW00094893","IRON MOUNTAIN FORD AIRPORT, MI US","45.81339","-88.11292","343.2","2020-11","232.5","-10.5","25.0","1110.9","3.1","8.8","-2.6"
"USW00094893","IRON MOUNTAIN FORD AIRPORT, MI US","45.81339","-88.11292","343.2","2020-12","232.5","-22.1","9.4","1801.5","-3.9","-0.3","-7.6"
"USW00094898","PORT HOPE, MI US","44.021772","-82.792932","180.0","2020-07","181.3","13.9","33.3","0.0","22.6","26.9","18.3"
"USW00094898","PORT HOPE, MI US","44.021772","-82.792932","180.0","2020-08","282.6","11.7","31.7","3.3","21.5","25.6","17.4"
"USW00094898","PORT HOPE, MI US","44.021772","-82.792932","180.0","2020-09","304.0","2.2","28.9","73.0","16.7","20.9","12.6"
"USW00094898","PORT HOPE, MI US","44.021772","-82.792932","180.0","2020-10","304.0","-3.8","22.8","314.7","9.7","13.7","5.7"
"USW00094898","PORT HOPE, MI US","44.021772","-82.792932","180.0","2020-11","307.6","-2.1","25.0","615.0","8.1","12.0","4.2"
"USW00094898","PORT HOPE, MI US","44.021772","-82.792932","180.0","2020-12","307.6","-7.1","10.0","1159.5","0.8","2.8","-1.3"
"USW00094899","COPPER HARBOR, MI US","47.467386","-87.875032","185.0","2020-07","92.7","11.1","31.7","12.2","20.2","24.7","15.6"
"USW00094899","COPPER HARBOR, MI US","47.467386","-87.875032","185.0","2020-08","148.8","10.6","30.0","37.5","19.3","22.8","15.8"
"USW00094899","COPPER HARBOR, MI US","47.467386","-87.875032","185.0","2020-09","149.4","2.2","25.0","175.2","13.8","17.3","10.2"
"USW00094899","COPPER HARBOR, MI US","47.467386","-87.875032","185.0","2020-10","149.4","-2.1","23.3","568.7","5.6","8.6","2.6"
"USW00094899","COPPER HARBOR, MI US","47.467386","-87.875032","185.0","2020-11","149.4","-4.3","21.1","1005.1","3.8","7.2","0.4"
"USW00094899","COPPER HARBOR, MI US","47.467386","-87.875032","185.0","2020-12","149.4","-9.9","6.1","1630.7","-1.9","0.5","-4.2"
"US1MIIH0032","WILLIAMSTON 4.0 ESE, MI US","42.6585884094238","-84.2163162231445","271.3","2020-07",,,,,,,
"US1MIIH0032","WILLIAMSTON 4.0 ESE, MI US","42.6585884094238","-84.2163162231445","271.3","2020-08",,,,,,,
"US1MIIH0032","WILLIAMSTON 4.0 ESE, MI US","42.6585884094238","-84.2163162231445","271.3","2020-09",,,,,,,
"US1MIIH0032","WILLIAMSTON 4.0 ESE, MI US","42.6585884094238","-84.2163162231445","271.3","2020-10",,,,,,,
"US1MIIH0032","WILLIAMSTON 4.0 ESE, MI US","42.6585884094238","-84.2163162231445","271.3","2020-11",,,,,,,
"US1MIIH0032","WILLIAMSTON 4.0 ESE, MI US","42.6585884094238","-84.2163162231445","271.3","2020-12",,,,,,,
"USW00014858","HANCOCK HOUGHTON CO AIRPORT, MI US","47.16594","-88.48076","323.9","2020-07","152.4","9.4","32.8","13.7","21.1","26.8","15.4"
"USW00014858","HANCOCK HOUGHTON CO AIRPORT, MI US","47.16594","-88.48076","323.9","2020-08","203.9","6.1","30.0","48.2","18.9","23.7","14.1"
"USW00014858","HANCOCK HOUGHTON CO AIRPORT, MI US","47.16594","-88.48076","323.9","2020-09","205.0","-1.6","25.6","216.8","12.8","17.7","7.8"
"USW00014858","HANCOCK HOUGHTON CO AIRPORT, MI US","47.16594","-88.48076","323.9","2020-10","205.0","-4.9","23.9","645.0","4.5","7.9","1.1"
"USW00014858","HANCOCK HOUGHTON CO AIRPORT, MI US","47.16594","-88.48076","323.9","2020-11","205.0","-8.2","25.0","1109.2","2.9","6.8","-1.1"
"USW00014858","HANCOCK HOUGHTON CO AIRPORT, MI US","47.16594","-88.48076","323.9","2020-12","205.0","-12.7","6.1","1780.8","-3.3","-0.6","-6.0"
"US1MIIH0034","MASON 5.8 ENE, MI US","42.614303","-84.338132","283.8","2020-07",,,,,,,
"US1MIIH0034","MASON 5.8 ENE, MI US","42.614303","-84.338132","283.8","2020-08",,,,,,,
"US1MIIH0034","MASON 5.8 ENE, MI US","42.614303","-84.338132","283.8","2020-09",,,,,,,
"US1MIIH0034","MASON 5.8 ENE, MI US","42.614303","-84.338132","283.8","2020-10",,,,,,,
"US1MIIH0034","MASON 5.8 ENE, MI US","42.614303","-84.338132","283.8","2020-11",,,,,,,
"US1MIIH0034","MASON 5.8 ENE, MI US","42.614303","-84.338132","283.8","2020-12",,,,,,,
"US1MIBR0009","PLAINWELL 5.4 E, MI US","42.450664","-85.537907","278.3","2020-09",,,,,,,
"US1MIBR0009","PLAINWELL 5.4 E, MI US","42.450664","-85.537907","278.3","2020-10",,,,,,,
"US1MIBR0009","PLAINWELL 5.4 E, MI US","42.450664","-85.537907","278.3","2020-11",,,,,,,
"USC00201150","BURTON 4 N, MI US","43.0675","-83.5919","230.7","2020-07",,,,,,,
"USC00201150","BURTON 4 N, MI US","43.0675","-83.5919","230.7","2020-08",,"9.4","32.8",,"21.0","27.9","14.1"
"USC00201150","BURTON 4 N, MI US","43.0675","-83.5919","230.7","2020-09",,"-0.6","28.9",,"15.3","22.1","8.5"
"USC00201150","BURTON 4 N, MI US","43.0675","-83.5919","230.7","2020-10",,"-3.9","24.4",,"8.6","14.5","2.6"
"USC00201150","BURTON 4 N, MI US","43.0675","-83.5919","230.7","2020-11",,"-7.8","25.6",,"6.0","12.2","-0.1"
"USC00201150","BURTON 4 N, MI US","43.0675","-83.5919","230.7","2020-12",,"-9.4","10.6",,"-1.1","2.4","-4.5"
"US1MIIH0006","LANSING 2.6 NE, MI US","42.737319","-84.521177","260.3","2020-10",,,,,,,
"USC00206839","RAPID RIVER 1 SW, MI US","45.91513","-86.98793","185.9","2020-07",,,,,,,
"USC00206839","RAPID RIVER 1 SW, MI US","45.91513","-86.98793","185.9","2020-08",,,,,,,
"USC00206839","RAPID RIVER 1 SW, MI US","45.91513","-86.98793","185.9","2020-09",,,,,,,
"USC00206839","RAPID RIVER 1 SW, MI US","45.91513","-86.98793","185.9","2020-10",,,,,,,
"USC00206839","RAPID RIVER 1 SW, MI US","45.91513","-86.98793","185.9","2020-11",,,,,,,
"USC00206839","RAPID RIVER 1 SW, MI US","45.91513","-86.98793","185.9","2020-12",,,,,,,
"USC00204659","LAPEER 2 W, MI US","43.05733","-83.36032","255.1","2020-07","280.3","13.3","35.0","0.0","23.7","29.9","17.4"
"USC00204659","LAPEER 2 W, MI US","43.05733","-83.36032","255.1","2020-08","379.5","9.4","31.7","8.4","21.3","27.4","15.1"
"USC00204659","LAPEER 2 W, MI US","43.05733","-83.36032","255.1","2020-09","392.7","-1.1","28.9","102.8","15.6","21.8","9.4"
"USC00204659","LAPEER 2 W, MI US","43.05733","-83.36032","255.1","2020-10","392.7","-7.8","24.4","399.2","8.8","14.1","3.5"
"USC00204659","LAPEER 2 W, MI US","43.05733","-83.36032","255.1","2020-11","395.5","-7.8","25.6","749.0","6.8","11.6","1.9"
"USC00204659","LAPEER 2 W, MI US","43.05733","-83.36032","255.1","2020-12","395.5","-8.3","10.6","1333.1","-0.5","2.4","-3.4"
"US1MIIS0007","MOUNT PLEASANT 3.8 ESE, MI US","43.5786","-84.7072","232.6","2020-07",,,,,,,
"US1MIIS0007","MOUNT PLEASANT 3.8 ESE, MI US","43.5786","-84.7072","232.6","2020-08",,,,,,,
"US1MIIS0007","MOUNT PLEASANT 3.8 ESE, MI US","43.5786","-84.7072","232.6","2020-09",,,,,,,
"US1MIIS0007","MOUNT PLEASANT 3.8 ESE, MI US","43.5786","-84.7072","232.6","2020-10",,,,,,,
"US1MIIS0007","MOUNT PLEASANT 3.8 ESE, MI US","43.5786","-84.7072","232.6","2020-11",,,,,,,
"US1MIMD0010","MIDLAND 1.5 NNE, MI US","43.644126","-84.217296","199.0","2020-07",,,,,,,
"US1MIMD0010","MIDLAND 1.5 NNE, MI US","43.644126","-84.217296","199.0","2020-08",,,,,,,
"US1MIMD0010","MIDLAND 1.5 NNE, MI US","43.644126","-84.217296","199.0","2020-09",,,,,,,
"US1MIMD0010","MIDLAND 1.5 NNE, MI US","43.644126","-84.217296","199.0","2020-10",,,,,,,
"US1MIMD0010","MIDLAND 1.5 NNE, MI US","43.644126","-84.217296","199.0","2020-11",,,,,,,
"US1MIMD0010","MIDLAND 1.5 NNE, MI US","43.644126","-84.217296","199.0","2020-12",,,,,,,
"US1MIMK0001","LAKE CITY 5.0 SSW, MI US","44.265899","-85.255264","374.3","2020-07",,,,,,,
"US1MIMK0001","LAKE CITY 5.0 SSW, MI US","44.265899","-85.255264","374.3","2020-08",,,,,,,
"US1MIMK0001","LAKE CITY 5.0 SSW, MI US","44.265899","-85.255264","374.3","2020-09",,,,,,,
"US1MIMK0001","LAKE CITY 5.0 SSW, MI US","44.265899","-85.255264","374.3","2020-10",,,,,,,
"US1MIMK0001","LAKE CITY 5.0 SSW, MI US","44.265899","-85.255264","374.3","2020-11",,,,,,,
"US1MIMK0001","LAKE CITY 5.0 SSW, MI US","44.265899","-85.255264","374.3","2020-12",,,,,,,
"USC00202598","ENGADINE MDOT, MI US","46.128","-85.5696","208.8","2020-07","89.9","7.8","33.3","13.3","20.4","26.8","13.9"
"USC00202598","ENGADINE MDOT, MI US","46.128","-85.5696","208.8","2020-08","130.5","7.8","30.0","38.1","18.8","24.7","13.0"
"USC00202598","ENGADINE MDOT, MI US","46.128","-85.5696","208.8","2020-09","130.5","-1.1","23.9","210.5","12.6","18.1","7.1"
"USC00202598","ENGADINE MDOT, MI US","46.128","-85.5696","208.8","2020-10","130.5","-7.2","19.4","642.4","4.4","9.5","-0.7"
"USC00202598","ENGADINE MDOT, MI US","46.128","-85.5696","208.8","2020-11","130.5","-7.8","20.6","1097.9","3.1","7.8","-1.5"
"USC00202598","ENGADINE MDOT, MI US","46.128","-85.5696","208.8","2020-12","130.5","-15.6","7.8","1752.4","-2.8","0.6","-6.2"
"USC00204655","LAPEER WWTP, MI US","43.0608","-83.3074","249.9","2020-07","291.8","13.9","35.0","0.0","24.0","30.5","17.5"
"USC00204655","LAPEER WWTP, MI US","43.0608","-83.3074","249.9","2020-08","394.5","10.6","32.8","4.7","21.5","27.8","15.2"
"USC00204655","LAPEER WWTP, MI US","43.0608","-83.3074","249.9","2020-09","409.2","0.0","29.4","93.1","15.8","22.5","9.1"
"USC00204655","LAPEER WWTP, MI US","43.0608","-83.3074","249.9","2020-10","409.2","-5.0","24.4","382.0","9.0","14.6","3.4"
"USC00204655","LAPEER WWTP, MI US","43.0608","-83.3074","249.9","2020-11","409.2","-7.2","25.6","746.9","6.2","11.9","0.4"
"USC00204655","LAPEER WWTP, MI US","43.0608","-83.3074","249.9","2020-12","409.2","-7.8","11.1","1316.7","-0.7","2.5","-3.9"
"USC00202250","DOWAGIAC 1 W, MI US","41.9856","-86.132","225.6","2020-07","270.5","13.3","32.8","0.0","23.2","29.0","17.3"
"USC00202250","DOWAGIAC 1 W, MI US","41.9856","-86.132","225.6","2020-08","372.5","8.3","32.8","6.3","21.4","27.8","15.0"
"USC00202250","DOWAGIAC 1 W, MI US","41.9856","-86.132","225.6","2020-09","392.2","0.0","28.3","75.8","16.7","22.4","10.9"
"USC00202250","DOWAGIAC 1 W, MI US","41.9856","-86.132","225.6","2020-10","395.5","-2.8","27.2","335.8","10.1","15.2","4.9"
"USC00202250","DOWAGIAC 1 W, MI US","41.9856","-86.132","225.6","2020-11","398.0","-5.0","23.9","649.4","8.0","13.0","2.9"
"USC00202250","DOWAGIAC 1 W, MI US","41.9856","-86.132","225.6","2020-12","398.0","-12.8","11.1","1217.2","0.0","3.5","-3.5"
"USW00004839","HOLLAND TULIP CITY AIRPORT, MI US","42.74634","-86.09677","206.5","2020-07","287.5","13.3","33.3","0.0","23.9","29.3","18.4"
"USW00004839","HOLLAND TULIP CITY AIRPORT, MI US","42.74634","-86.09677","206.5","2020-08","400.6","8.9","32.2","4.9","21.8","28.0","15.7"
"USW00004839","HOLLAND TULIP CITY AIRPORT, MI US","42.74634","-86.09677","206.5","2020-09","414.4","1.1","27.8","77.9","16.4","21.5","11.2"
"USW00004839","HOLLAND TULIP CITY AIRPORT, MI US","42.74634","-86.09677","206.5","2020-10","414.4","-1.6","25.0","355.1","9.4","14.4","4.3"
"USW00004839","HOLLAND TULIP CITY AIRPORT, MI US","42.74634","-86.09677","206.5","2020-11","416.4","-4.3","25.0","679.0","7.6","12.0","3.2"
"USW00004839","HOLLAND TULIP CITY AIRPORT, MI US","42.74634","-86.09677","206.5","2020-12","416.4","-14.3","12.2","1222.1","0.8","3.7","-2.1"
"US1MIIS0005","SHEPHERD 3.7 SSE, MI US","43.47427","-84.66728","238.4","2020-07",,,,,,,
"US1MIIS0005","SHEPHERD 3.7 SSE, MI US","43.47427","-84.66728","238.4","2020-08",,,,,,,
"US1MIIS0005","SHEPHERD 3.7 SSE, MI US","43.47427","-84.66728","238.4","2020-09",,,,,,,
"US1MIIS0005","SHEPHERD 3.7 SSE, MI US","43.47427","-84.66728","238.4","2020-10",,,,,,,
"US1MIIS0005","SHEPHERD 3.7 SSE, MI US","43.47427","-84.66728","238.4","2020-11",,,,,,,
"US1MIIS0005","SHEPHERD 3.7 SSE, MI US","43.47427","-84.66728","238.4","2020-12",,,,,,,
"US1MIBG0003","THREE LAKES, MI US","46.5573","-88.2077","496.5","2020-07",,,,,,,
"US1MIBG0003","THREE LAKES, MI US","46.5573","-88.2077","496.5","2020-08",,,,,,,
"US1MIBG0003","THREE LAKES, MI US","46.5573","-88.2077","496.5","2020-09",,,,,,,
"US1MIBG0003","THREE LAKES, MI US","46.5573","-88.2077","496.5","2020-11",,,,,,,
"US1MIBG0003","THREE LAKES, MI US","46.5573","-88.2077","496.5","2020-12",,,,,,,
"US1MIAT0006","MANCELONA 0.5 ESE, MI US","44.8998127877712","-85.0509964674711","348.4","2020-07",,,,,,,
"US1MIAT0006","MANCELONA 0.5 ESE, MI US","44.8998127877712","-85.0509964674711","348.4","2020-08",,,,,,,
"US1MIAT0006","MANCELONA 0.5 ESE, MI US","44.8998127877712","-85.0509964674711","348.4","2020-09",,,,,,,
"US1MIAT0006","MANCELONA 0.5 ESE, MI US","44.8998127877712","-85.0509964674711","348.4","2020-10",,,,,,,
"US1MIAT0006","MANCELONA 0.5 ESE, MI US","44.8998127877712","-85.0509964674711","348.4","2020-11",,,,,,,
"US1MIAT0006","MANCELONA 0.5 ESE, MI US","44.8998127877712","-85.0509964674711","348.4","2020-12",,,,,,,
"USC00207812","STAMBAUGH 2 SSE, MI US","46.0555","-88.6275","442.0","2020-07","95.7","6.1","31.7","31.7","19.3","26.3","12.4"
"USC00207812","STAMBAUGH 2 SSE, MI US","46.0555","-88.6275","442.0","2020-08","109.5","2.2","28.3","116.8","16.0","22.8","9.2"
"USC00207812","STAMBAUGH 2 SSE, MI US","46.0555","-88.6275","442.0","2020-09","109.5","-3.3","26.1","333.7","11.1","17.8","4.4"
"USC00207812","STAMBAUGH 2 SSE, MI US","46.0555","-88.6275","442.0","2020-10","109.5","-13.3","21.7","836.7","2.1","7.1","-2.9"
"USC00207812","STAMBAUGH 2 SSE, MI US","46.0555","-88.6275","442.0","2020-11","109.5","-13.9","22.8","1352.1","1.1","6.5","-4.2"
"USC00207812","STAMBAUGH 2 SSE, MI US","46.0555","-88.6275","442.0","2020-12","109.5","-26.7","9.4","2111.4","-6.2","-2.1","-10.2"
"US1MIAT0001","ELK RAPIDS 0.5 ESE, MI US","44.892486","-85.394556","186.2","2020-07",,,,,,,
"USC00206840","RAPID RIVER 4 SSE, MI US","45.8727","-86.9496","182.3","2020-07",,,,,,,
"USC00206840","RAPID RIVER 4 SSE, MI US","45.8727","-86.9496","182.3","2020-08",,"5.6","29.4",,"19.3","24.3","14.4"
"USC00206840","RAPID RIVER 4 SSE, MI US","45.8727","-86.9496","182.3","2020-09",,"-2.2","23.3",,"12.8","18.9","6.8"
"USC00206840","RAPID RIVER 4 SSE, MI US","45.8727","-86.9496","182.3","2020-10",,,,,,,
"USC00206840","RAPID RIVER 4 SSE, MI US","45.8727","-86.9496","182.3","2020-11",,"-10.0","18.9",,"2.7","7.3","-2.0"
"US1MIRS0003","HOUGHTON LAKE 0.7 SSE, MI US","44.30331","-84.7597","367.6","2020-07",,,,,,,
"US1MIRS0003","HOUGHTON LAKE 0.7 SSE, MI US","44.30331","-84.7597","367.6","2020-08",,,,,,,
"USC00204425","K.I. SAWYER WWTP, MI US","46.3341","-87.3779","340.2","2020-07","176.6","9.4","35.6","10.8","21.6","27.5","15.8"
"USC00204425","K.I. SAWYER WWTP, MI US","46.3341","-87.3779","340.2","2020-08","222.0","5.6","30.0","45.7","18.7","24.2","13.1"
"USC00204425","K.I. SAWYER WWTP, MI US","46.3341","-87.3779","340.2","2020-09","222.8","1.1","25.0","218.2","12.6","18.2","7.0"
"USC00204425","K.I. SAWYER WWTP, MI US","46.3341","-87.3779","340.2","2020-10","222.8","-6.7","21.1","661.8","4.0","8.1","0.0"
"USC00204425","K.I. SAWYER WWTP, MI US","46.3341","-87.3779","340.2","2020-11","222.8","-7.8","21.1","1107.2","3.0","7.5","-1.5"
"USC00204425","K.I. SAWYER WWTP, MI US","46.3341","-87.3779","340.2","2020-12","222.8","-16.7","7.2","1762.8","-2.8","-0.1","-5.6"
"USC00204668","CALUMET TAMARACK, MI US","47.24559","-88.46793","377.6","2020-07",,,,,,,
"USC00204668","CALUMET TAMARACK, MI US","47.24559","-88.46793","377.6","2020-08",,,,,,,
"USC00204668","CALUMET TAMARACK, MI US","47.24559","-88.46793","377.6","2020-09",,,,,,,
"USC00204668","CALUMET TAMARACK, MI US","47.24559","-88.46793","377.6","2020-10",,,,,,,
"USC00204668","CALUMET TAMARACK, MI US","47.24559","-88.46793","377.6","2020-12",,,,,,,
"US1MIMD0008","MIDLAND 2.9 SW, MI US","43.5934143066406","-84.2682266235352","193.2","2020-07",,,,,,,
"US1MIMD0008","MIDLAND 2.9 SW, MI US","43.5934143066406","-84.2682266235352","193.2","2020-08",,,,,,,
"US1MIMD0008","MIDLAND 2.9 SW, MI US","43.5934143066406","-84.2682266235352","193.2","2020-09",,,,,,,
"US1MIMD0008","MIDLAND 2.9 SW, MI US","43.5934143066406","-84.2682266235352","193.2","2020-10",,,,,,,
"US1MIMD0008","MIDLAND 2.9 SW, MI US","43.5934143066406","-84.2682266235352","193.2","2020-11",,,,,,,
"US1MIMD0008","MIDLAND 2.9 SW, MI US","43.5934143066406","-84.2682266235352","193.2","2020-12",,,,,,,
"USW00094847","DETROIT METRO AIRPORT, MI US","42.23113","-83.33121","191.9","2020-07","355.8","16.7","35.0","0.0","25.3","30.5","20.1"
"USW00094847","DETROIT METRO AIRPORT, MI US","42.23113","-83.33121","191.9","2020-08","502.8","13.3","34.4","0.0","23.1","28.6","17.6"
"USW00094847","DETROIT METRO AIRPORT, MI US","42.23113","-83.33121","191.9","2020-09","532.4","3.3","29.4","56.8","17.4","22.9","12.0"
"USW00094847","DETROIT METRO AIRPORT, MI US","42.23113","-83.33121","191.9","2020-10","532.9","-1.6","25.6","297.8","10.6","15.4","5.7"
"USW00094847","DETROIT METRO AIRPORT, MI US","42.23113","-83.33121","191.9","2020-11","534.0","-4.3","25.0","620.1","7.6","12.7","2.6"
"USW00094847","DETROIT METRO AIRPORT, MI US","42.23113","-83.33121","191.9","2020-12","534.0","-7.1","14.4","1171.8","0.5","3.9","-2.9"
"USW00094849","ALPENA CO REGIONAL AIRPORT, MI US","45.0716","-83.56451","208.3","2020-07","185.2","10.6","35.6","2.2","22.3","29.1","15.4"
"USW00094849","ALPENA CO REGIONAL AIRPORT, MI US","45.0716","-83.56451","208.3","2020-08","248.6","8.3","32.8","16.9","19.9","26.0","13.8"
"USW00094849","ALPENA CO REGIONAL AIRPORT, MI US","45.0716","-83.56451","208.3","2020-09","252.5","-2.1","27.2","155.7","13.8","20.1","7.5"
"USW00094849","ALPENA CO REGIONAL AIRPORT, MI US","45.0716","-83.56451","208.3","2020-10","252.5","-8.2","22.8","524.8","6.4","11.9","1.0"
"USW00094849","ALPENA CO REGIONAL AIRPORT, MI US","45.0716","-83.56451","208.3","2020-11","253.0","-6.6","25.0","895.0","6.0","11.1","0.9"
"USW00094849","ALPENA CO REGIONAL AIRPORT, MI US","45.0716","-83.56451","208.3","2020-12","253.0","-16.0","7.8","1510.1","-1.5","1.2","-4.3"
"USC00202381","EAST JORDAN, MI US","45.15179","-85.1324","178.9","2020-07",,,,,,,
"USC00202381","EAST JORDAN, MI US","45.15179","-85.1324","178.9","2020-08",,"7.8","30.0",,"19.4","25.8","13.0"
"USC00202381","EAST JORDAN, MI US","45.15179","-85.1324","178.9","2020-09",,"-1.1","26.1",,"14.0","20.0","8.0"
"USC00202381","EAST JORDAN, MI US","45.15179","-85.1324","178.9","2020-10",,"-4.4","23.9",,"5.8","10.2","1.3"
"USC00202381","EAST JORDAN, MI US","45.15179","-85.1324","178.9","2020-11",,"-6.7","25.6",,"4.9","9.9","-0.1"
"USC00202381","EAST JORDAN, MI US","45.15179","-85.1324","178.9","2020-12",,"-10.6","8.9",,"-1.4","1.1","-3.9"
"USC00205892","NILES, MI US","41.8405","-86.2658","198.1","2020-07","331.0","8.9","33.9","0.0","24.2","30.3","18.1"
"USC00205892","NILES, MI US","41.8405","-86.2658","198.1","2020-08","458.5","10.0","33.3","3.1","22.4","28.5","16.2"
"USC00205892","NILES, MI US","41.8405","-86.2658","198.1","2020-09","483.3","2.2","28.9","49.7","17.6","23.7","11.5"
"USC00205892","NILES, MI US","41.8405","-86.2658","198.1","2020-10","486.1","-2.8","27.2","269.0","11.1","16.4","5.8"
"USC00205892","NILES, MI US","41.8405","-86.2658","198.1","2020-11","486.1","-4.4","24.4","568.0","8.4","13.9","2.8"
"USC00205892","NILES, MI US","41.8405","-86.2658","198.1","2020-12","486.1","-10.0","12.2","1102.7","1.1","5.1","-2.9"
"US1MIWS0007","ANN ARBOR 3.1 SE, MI US","42.239144","-83.69582","251.5","2020-08",,,,,,,
"US1MIWS0007","ANN ARBOR 3.1 SE, MI US","42.239144","-83.69582","251.5","2020-09",,,,,,,
"US1MIWS0007","ANN ARBOR 3.1 SE, MI US","42.239144","-83.69582","251.5","2020-10",,,,,,,
"US1MIWS0007","ANN ARBOR 3.1 SE, MI US","42.239144","-83.69582","251.5","2020-11",,,,,,,
"US1MIWS0007","ANN ARBOR 3.1 SE, MI US","42.239144","-83.69582","251.5","2020-12",,,,,,,
"USC00202382","EAST JORDAN 2 NW, MI US","45.1863","-85.1477","196.9","2020-07","154.5","7.2","33.3","8.3","21.3","27.6","15.1"
"USC00202382","EAST JORDAN 2 NW, MI US","45.1863","-85.1477","196.9","2020-08","213.1","7.2","31.7","30.0","19.5","25.6","13.5"
"USC00202382","EAST JORDAN 2 NW, MI US","45.1863","-85.1477","196.9","2020-09","216.2","-1.7","25.6","188.3","13.2","19.2","7.1"
"USC00202382","EAST JORDAN 2 NW, MI US","45.1863","-85.1477","196.9","2020-10","216.2","-6.1","22.2","591.9","5.3","9.5","1.1"
"USC00202382","EAST JORDAN 2 NW, MI US","45.1863","-85.1477","196.9","2020-11","217.0","-7.8","23.9","1014.6","4.3","8.8","-0.3"
"USC00202382","EAST JORDAN 2 NW, MI US","45.1863","-85.1477","196.9","2020-12","217.0","-9.4","7.8","1653.7","-2.3","0.0","-4.6"
"US1MIWS0005","ANN ARBOR 3.0 SE, MI US","42.2436","-83.692","249.9","2020-07",,,,,,,
"US1MIWS0005","ANN ARBOR 3.0 SE, MI US","42.2436","-83.692","249.9","2020-08",,,,,,,
"US1MIWS0005","ANN ARBOR 3.0 SE, MI US","42.2436","-83.692","249.9","2020-09",,,,,,,
"US1MIWS0005","ANN ARBOR 3.0 SE, MI US","42.2436","-83.692","249.9","2020-10",,,,,,,
"US1MIWS0005","ANN ARBOR 3.0 SE, MI US","42.2436","-83.692","249.9","2020-11",,,,,,,
"USW00004847","ADRIAN LENAWEE CO AIRPORT, MI US","41.86784","-84.07946","244.1","2020-07","296.3","13.9","35.0","0.0","24.3","30.6","18.0"
"USW00004847","ADRIAN LENAWEE CO AIRPORT, MI US","41.86784","-84.07946","244.1","2020-08","404.7","10.0","33.9","2.2","21.8","28.4","15.1"
"USW00004847","ADRIAN LENAWEE CO AIRPORT, MI US","41.86784","-84.07946","244.1","2020-09","423.3","1.1","28.9","73.3","16.5","23.3","9.8"
"USW00004847","ADRIAN LENAWEE CO AIRPORT, MI US","41.86784","-84.07946","244.1","2020-10","424.7","-2.1","27.2","336.5","9.9","15.3","4.4"
"USW00004847","ADRIAN LENAWEE CO AIRPORT, MI US","41.86784","-84.07946","244.1","2020-11","425.8","-6.6","25.0","684.1","6.8","12.2","1.3"
"USW00004847","ADRIAN LENAWEE CO AIRPORT, MI US","41.86784","-84.07946","244.1","2020-12","425.8","-8.8","13.9","1259.2","-0.2","3.6","-4.0"
"US1MIOW0057","HUDSONVILLE 1.7 SE, MI US","42.847917","-85.838628","222.2","2020-08",,,,,,,
"US1MIOW0057","HUDSONVILLE 1.7 SE, MI US","42.847917","-85.838628","222.2","2020-09",,,,,,,
"US1MIOW0057","HUDSONVILLE 1.7 SE, MI US","42.847917","-85.838628","222.2","2020-10",,,,,,,
"US1MIOW0057","HUDSONVILLE 1.7 SE, MI US","42.847917","-85.838628","222.2","2020-12",,,,,,,
"USC00205406","MICHIGAMME 3 WNW, MI US","46.5453","-88.18","521.2","2020-07",,,,,,,
"USC00205406","MICHIGAMME 3 WNW, MI US","46.5453","-88.18","521.2","2020-08",,,,,,,
"USC00205406","MICHIGAMME 3 WNW, MI US","46.5453","-88.18","521.2","2020-09",,,,,,,
"USC00205406","MICHIGAMME 3 WNW, MI US","46.5453","-88.18","521.2","2020-10",,,,,,,
"USC00205406","MICHIGAMME 3 WNW, MI US","46.5453","-88.18","521.2","2020-11",,,,,,,
"USC00205406","MICHIGAMME 3 WNW, MI US","46.5453","-88.18","521.2","2020-12",,,,,,,
"USW00004854","GAYLORD OTSEGO CO AIRPORT, MI US","45.01657","-84.68942","405.9","2020-07","145.6","6.7","32.8","7.4","21.1","27.3","14.9"
"USW00004854","GAYLORD OTSEGO CO AIRPORT, MI US","45.01657","-84.68942","405.9","2020-08","200.5","5.0","30.0","38.4","19.1","24.6","13.6"
"USW00004854","GAYLORD OTSEGO CO AIRPORT, MI US","45.01657","-84.68942","405.9","2020-09","202.2","-2.1","25.6","198.0","13.1","18.6","7.6"
"USW00004854","GAYLORD OTSEGO CO AIRPORT, MI US","45.01657","-84.68942","405.9","2020-10","202.2","-5.5","23.3","608.7","5.1","9.7","0.4"
"USW00004854","GAYLORD OTSEGO CO AIRPORT, MI US","45.01657","-84.68942","405.9","2020-11","202.5","-8.2","23.3","1005.8","5.1","9.7","0.5"
"USW00004854","GAYLORD OTSEGO CO AIRPORT, MI US","45.01657","-84.68942","405.9","2020-12","202.5","-8.8","7.8","1627.4","-1.7","0.6","-4.1"
"USC00203585","HARBOR BEACH 1 SSE, MI US","43.8322","-82.6427","181.4","2020-07","172.6","13.3","33.3","0.0","22.3","26.9","17.7"
"USC00203585","HARBOR BEACH 1 SSE, MI US","43.8322","-82.6427","181.4","2020-08","254.7","11.7","30.6","9.7","20.7","25.3","16.0"
"USC00203585","HARBOR BEACH 1 SSE, MI US","43.8322","-82.6427","181.4","2020-09","266.7","1.7","28.9","97.7","15.8","20.7","10.9"
"USC00203585","HARBOR BEACH 1 SSE, MI US","43.8322","-82.6427","181.4","2020-10","266.7","-3.9","23.9","385.4","9.1","13.6","4.5"
"USC00203585","HARBOR BEACH 1 SSE, MI US","43.8322","-82.6427","181.4","2020-11","266.7","-4.4","24.4","743.3","6.4","11.2","1.6"
"USC00203585","HARBOR BEACH 1 SSE, MI US","43.8322","-82.6427","181.4","2020-12","266.7","-6.7","10.0","1315.4","-0.1","2.1","-2.4"
"US1MIWS0003","PLYMOUTH 5.4 W, MI US","42.382785","-83.571244","266.4","2020-07",,,,,,,
"US1MIWS0003","PLYMOUTH 5.4 W, MI US","42.382785","-83.571244","266.4","2020-08",,,,,,,
"US1MIWS0003","PLYMOUTH 5.4 W, MI US","42.382785","-83.571244","266.4","2020-09",,,,,,,
"US1MIWS0003","PLYMOUTH 5.4 W, MI US","42.382785","-83.571244","266.4","2020-10",,,,,,,
"US1MIWS0003","PLYMOUTH 5.4 W, MI US","42.382785","-83.571244","266.4","2020-11",,,,,,,
"US1MIWS0003","PLYMOUTH 5.4 W, MI US","42.382785","-83.571244","266.4","2020-12",,,,,,,
"USC00200197","AMASA 1 W, MI US","46.2347","-88.4544","448.1","2020-07","128.6","7.8","33.3","19.8","20.4","27.8","13.1"
"USC00200197","AMASA 1 W, MI US","46.2347","-88.4544","448.1","2020-08",,,,,,,
"USC00200197","AMASA 1 W, MI US","46.2347","-88.4544","448.1","2020-09",,"-3.3","28.3",,"11.9","18.4","5.4"
"USC00200197","AMASA 1 W, MI US","46.2347","-88.4544","448.1","2020-10",,"-13.9","23.3",,"3.0","7.8","-1.9"
"USC00200197","AMASA 1 W, MI US","46.2347","-88.4544","448.1","2020-11",,"-14.4","23.9",,"1.3","7.1","-4.5"
"USC00200197","AMASA 1 W, MI US","46.2347","-88.4544","448.1","2020-12",,"-26.7","8.9",,"-5.9","-1.8","-10.1"
"USC00204793","LINDEN WWTP, MI US","42.8133","-83.8038","263.0","2020-07","234.4","13.3","33.3","0.0","22.8","29.3","16.4"
"USC00204793","LINDEN WWTP, MI US","42.8133","-83.8038","263.0","2020-08","320.3","10.0","31.1","10.8","20.8","26.9","14.6"
"USC00204793","LINDEN WWTP, MI US","42.8133","-83.8038","263.0","2020-09","323.4","0.6","27.8","122.1","14.6","20.9","8.3"
"USC00204793","LINDEN WWTP, MI US","42.8133","-83.8038","263.0","2020-10","323.4","-4.4","23.3","432.5","8.0","13.9","2.1"
"USC00204793","LINDEN WWTP, MI US","42.8133","-83.8038","263.0","2020-11","323.4","-6.7","24.4","802.6","6.0","11.5","0.5"
"USC00204793","LINDEN WWTP, MI US","42.8133","-83.8038","263.0","2020-12","323.4","-8.9","11.1","1411.9","-1.3","1.8","-4.4"
"US1MIOD0003","LUZERNE 2.4 NE, MI US","44.6414","-84.2383","344.1","2020-07",,,,,,,
"US1MIOD0003","LUZERNE 2.4 NE, MI US","44.6414","-84.2383","344.1","2020-08",,,,,,,
"US1MIOD0003","LUZERNE 2.4 NE, MI US","44.6414","-84.2383","344.1","2020-09",,,,,,,
"US1MIOD0003","LUZERNE 2.4 NE, MI US","44.6414","-84.2383","344.1","2020-10",,,,,,,
"US1MIOD0003","LUZERNE 2.4 NE, MI US","44.6414","-84.2383","344.1","2020-11",,,,,,,
"US1MIOD0003","LUZERNE 2.4 NE, MI US","44.6414","-84.2383","344.1","2020-12",,,,,,,
"US1MIOW0051","ALLENDALE 1.7 SE, MI US","42.971005","-85.9254","200.9","2020-07",,,,,,,
"US1MIOW0051","ALLENDALE 1.7 SE, MI US","42.971005","-85.9254","200.9","2020-08",,,,,,,
"US1MIOW0051","ALLENDALE 1.7 SE, MI US","42.971005","-85.9254","200.9","2020-09",,,,,,,
"US1MIOW0051","ALLENDALE 1.7 SE, MI US","42.971005","-85.9254","200.9","2020-10",,,,,,,
"US1MIOW0051","ALLENDALE 1.7 SE, MI US","42.971005","-85.9254","200.9","2020-11",,,,,,,
"US1MIOW0051","ALLENDALE 1.7 SE, MI US","42.971005","-85.9254","200.9","2020-12",,,,,,,
"USC00202375","EAST GRAND RAPIDS, MI US","42.9378","-85.6131","227.4","2020-07","254.8","13.9","33.3","0.0","23.5","29.8","17.1"
"USC00202375","EAST GRAND RAPIDS, MI US","42.9378","-85.6131","227.4","2020-08","357.5","9.4","32.2","8.0","21.4","28.1","14.7"
"USC00202375","EAST GRAND RAPIDS, MI US","42.9378","-85.6131","227.4","2020-09","368.2","1.1","28.9","94.7","15.8","21.8","9.8"
"USC00202375","EAST GRAND RAPIDS, MI US","42.9378","-85.6131","227.4","2020-10","368.2","-3.9","25.6","413.1","8.1","13.8","2.3"
"USC00202375","EAST GRAND RAPIDS, MI US","42.9378","-85.6131","227.4","2020-11","369.0","-5.6","25.0","782.2","6.1","11.5","0.6"
"USC00202375","EAST GRAND RAPIDS, MI US","42.9378","-85.6131","227.4","2020-12","369.0","-8.3","11.7","1359.2","-0.3","2.6","-3.1"
"USC00202015","DEARBORN, MI US","42.31917","-83.23839","184.4","2020-07",,,,,,,
"USC00202015","DEARBORN, MI US","42.31917","-83.23839","184.4","2020-08",,,,,,,
"USC00202015","DEARBORN, MI US","42.31917","-83.23839","184.4","2020-09",,,,,,,
"USC00202015","DEARBORN, MI US","42.31917","-83.23839","184.4","2020-10",,,,,,,
"USC00202015","DEARBORN, MI US","42.31917","-83.23839","184.4","2020-11",,,,,,,
"USC00202015","DEARBORN, MI US","42.31917","-83.23839","184.4","2020-12",,,,,,,
"USC00207820","STANDISH 4 NE, MI US","44.0126","-83.8977","187.5","2020-07","221.7","11.1","35.0","0.3","22.8","29.3","16.3"
"USC00207820","STANDISH 4 NE, MI US","44.0126","-83.8977","187.5","2020-08","304.0","9.4","32.2","9.8","20.7","26.5","14.9"
"USC00207820","STANDISH 4 NE, MI US","44.0126","-83.8977","187.5","2020-09","315.3","-0.6","28.9","122.7","14.9","21.1","8.8"
"USC00207820","STANDISH 4 NE, MI US","44.0126","-83.8977","187.5","2020-10","315.3","-3.9","23.9","449.6","7.8","13.2","2.4"
"USC00207820","STANDISH 4 NE, MI US","44.0126","-83.8977","187.5","2020-11","315.3","-8.3","24.4","828.6","5.7","11.0","0.4"
"USC00207820","STANDISH 4 NE, MI US","44.0126","-83.8977","187.5","2020-12","315.3","-13.3","9.4","1435.2","-1.2","1.6","-4.1"
"USC00202016","DEARBORN NUMBER 2, MI US","42.3469","-83.1736","184.4","2020-07","360.7","17.2","35.0","0.0","25.9","31.3","20.5"
"USC00202016","DEARBORN NUMBER 2, MI US","42.3469","-83.1736","184.4","2020-08",,,,,,,
"USC00202016","DEARBORN NUMBER 2, MI US","42.3469","-83.1736","184.4","2020-09",,,,,,,
"USC00202016","DEARBORN NUMBER 2, MI US","42.3469","-83.1736","184.4","2020-10",,,,,,,
"US1MIOW0054","SPRING LAKE 1.4 NNW, MI US","43.093378","-86.200323","185.6","2020-07",,,,,,,
"US1MIOW0054","SPRING LAKE 1.4 NNW, MI US","43.093378","-86.200323","185.6","2020-08",,,,,,,
"US1MIOW0054","SPRING LAKE 1.4 NNW, MI US","43.093378","-86.200323","185.6","2020-09",,,,,,,
"US1MIOW0054","SPRING LAKE 1.4 NNW, MI US","43.093378","-86.200323","185.6","2020-10",,,,,,,
"US1MIOW0054","SPRING LAKE 1.4 NNW, MI US","43.093378","-86.200323","185.6","2020-11",,,,,,,
"US1MIOW0054","SPRING LAKE 1.4 NNW, MI US","43.093378","-86.200323","185.6","2020-12",,,,,,,
"US1MIHL0009","MONTGOMERY 1.9 SSE, MI US","41.751678","-84.789526","326.7","2020-08",,,,,,,
"US1MIHL0009","MONTGOMERY 1.9 SSE, MI US","41.751678","-84.789526","326.7","2020-09",,,,,,,
"US1MIHL0009","MONTGOMERY 1.9 SSE, MI US","41.751678","-84.789526","326.7","2020-10",,,,,,,
"US1MIHL0009","MONTGOMERY 1.9 SSE, MI US","41.751678","-84.789526","326.7","2020-11",,,,,,,
"US1MIHL0009","MONTGOMERY 1.9 SSE, MI US","41.751678","-84.789526","326.7","2020-12",,,,,,,
"US1MIWS0018","YPSILANTI 1.1 ENE, MI US","42.252142","-83.602779","233.2","2020-08",,,,,,,
"USC00200094","ALBION, MI US","42.24941","-84.7732","285.0","2020-09",,,,,,,
"US1MIHL0001","LITCHFIELD 0.3 ENE, MI US","42.045278","-84.753056","317.0","2020-07",,,,,,,
"US1MIHL0001","LITCHFIELD 0.3 ENE, MI US","42.045278","-84.753056","317.0","2020-08",,,,,,,
"US1MIHL0001","LITCHFIELD 0.3 ENE, MI US","42.045278","-84.753056","317.0","2020-09",,,,,,,
"US1MIHL0001","LITCHFIELD 0.3 ENE, MI US","42.045278","-84.753056","317.0","2020-10",,,,,,,
"US1MIHL0001","LITCHFIELD 0.3 ENE, MI US","42.045278","-84.753056","317.0","2020-11",,,,,,,
"US1MIHL0001","LITCHFIELD 0.3 ENE, MI US","42.045278","-84.753056","317.0","2020-12",,,,,,,
"USW00094850","MARQUETTE WEATHER FORECAST OFFICE, MI US","46.5313","-87.5491","431.3","2020-07","136.0","8.3","32.2","23.0","20.2","25.7","14.7"
"USW00094850","MARQUETTE WEATHER FORECAST OFFICE, MI US","46.5313","-87.5491","431.3","2020-08","168.9","5.6","30.6","73.5","17.8","23.0","12.6"
"USW00094850","MARQUETTE WEATHER FORECAST OFFICE, MI US","46.5313","-87.5491","431.3","2020-09","168.9","0.0","26.7","255.3","12.3","17.3","7.3"
"USW00094850","MARQUETTE WEATHER FORECAST OFFICE, MI US","46.5313","-87.5491","431.3","2020-10","168.9","-11.0","23.3","727.3","3.1","7.4","-1.1"
"USW00094850","MARQUETTE WEATHER FORECAST OFFICE, MI US","46.5313","-87.5491","431.3","2020-11","168.9","-12.1","23.9","1207.3","2.3","6.7","-2.0"
"USW00094850","MARQUETTE WEATHER FORECAST OFFICE, MI US","46.5313","-87.5491","431.3","2020-12","168.9","-17.1","7.2","1907.7","-4.3","-1.5","-7.0"
"US1MIHL0004","JONESVILLE 5.9 ENE, MI US","42.014718","-84.561902","364.8","2020-07",,,,,,,
"US1MIHL0004","JONESVILLE 5.9 ENE, MI US","42.014718","-84.561902","364.8","2020-08",,,,,,,
"US1MIHL0004","JONESVILLE 5.9 ENE, MI US","42.014718","-84.561902","364.8","2020-09",,,,,,,
"US1MIHL0004","JONESVILLE 5.9 ENE, MI US","42.014718","-84.561902","364.8","2020-10",,,,,,,
"US1MIHL0004","JONESVILLE 5.9 ENE, MI US","42.014718","-84.561902","364.8","2020-11",,,,,,,
"US1MIHL0004","JONESVILLE 5.9 ENE, MI US","42.014718","-84.561902","364.8","2020-12",,,,,,,
"USW00094853","ESCANABA DELTA CO AIRPORT, MI US","45.73333","-87.08333","181.1","2020-07","92.9","10.0","32.2","6.4","20.9","26.5","15.4"
"USW00094853","ESCANABA DELTA CO AIRPORT, MI US","45.73333","-87.08333","181.1","2020-08","135.4","5.6","29.4","32.1","19.0","24.4","13.5"
"USW00094853","ESCANABA DELTA CO AIRPORT, MI US","45.73333","-87.08333","181.1","2020-09",,,,,,,
"USW00094853","ESCANABA DELTA CO AIRPORT, MI US","45.73333","-87.08333","181.1","2020-10",,"-6.0","18.9",,"4.8","10.1","-0.6"
"USW00094853","ESCANABA DELTA CO AIRPORT, MI US","45.73333","-87.08333","181.1","2020-11",,"-9.3","16.7",,"2.9","7.8","-2.0"
"USW00094853","ESCANABA DELTA CO AIRPORT, MI US","45.73333","-87.08333","181.1","2020-12",,"-19.3","10.0",,"-2.3","1.1","-5.7"
"US1MIBZ0001","BENZONIA 5.3 S, MI US","44.53975658","-86.10645586","245.4","2020-07",,,,,,,
"US1MIBZ0001","BENZONIA 5.3 S, MI US","44.53975658","-86.10645586","245.4","2020-08",,,,,,,
"US1MIBZ0001","BENZONIA 5.3 S, MI US","44.53975658","-86.10645586","245.4","2020-09",,,,,,,
"US1MIBZ0001","BENZONIA 5.3 S, MI US","44.53975658","-86.10645586","245.4","2020-10",,,,,,,
"US1MIBZ0001","BENZONIA 5.3 S, MI US","44.53975658","-86.10645586","245.4","2020-12",,,,,,,
"US1MIOW0046","HUDSONVILLE 2.8 NNW, MI US","42.9014","-85.8857","205.7","2020-07",,,,,,,
"US1MIOW0046","HUDSONVILLE 2.8 NNW, MI US","42.9014","-85.8857","205.7","2020-08",,,,,,,
"US1MIOW0046","HUDSONVILLE 2.8 NNW, MI US","42.9014","-85.8857","205.7","2020-09",,,,,,,
"US1MISG0018","SAGINAW 4.1 WNW, MI US","43.440854","-84.026733","189.6","2020-07",,,,,,,
"US1MISG0018","SAGINAW 4.1 WNW, MI US","43.440854","-84.026733","189.6","2020-08",,,,,,,
"US1MISG0018","SAGINAW 4.1 WNW, MI US","43.440854","-84.026733","189.6","2020-09",,,,,,,
"US1MISG0018","SAGINAW 4.1 WNW, MI US","43.440854","-84.026733","189.6","2020-11",,,,,,,
"US1MISG0018","SAGINAW 4.1 WNW, MI US","43.440854","-84.026733","189.6","2020-12",,,,,,,
"US1MIPI0001","ROGERS CITY 0.2 WSW, MI US","45.4174","-83.8106","183.5","2020-07",,,,,,,
"US1MIPI0001","ROGERS CITY 0.2 WSW, MI US","45.4174","-83.8106","183.5","2020-08",,,,,,,
"US1MIPI0001","ROGERS CITY 0.2 WSW, MI US","45.4174","-83.8106","183.5","2020-09",,,,,,,
"US1MIPI0001","ROGERS CITY 0.2 WSW, MI US","45.4174","-83.8106","183.5","2020-10",,,,,,,
"US1MIPI0001","ROGERS CITY 0.2 WSW, MI US","45.4174","-83.8106","183.5","2020-11",,,,,,,
"US1MIPI0001","ROGERS CITY 0.2 WSW, MI US","45.4174","-83.8106","183.5","2020-12",,,,,,,
"USC00206507","PETOSKEY, MI US","45.3725","-84.9766","182.6","2020-07","125.6","10.6","32.2","0.8","21.9","26.2","17.6"
"USC00206507","PETOSKEY, MI US","45.3725","-84.9766","182.6","2020-08","175.3","10.0","31.1","16.2","19.5","23.6","15.4"
"USC00206507","PETOSKEY, MI US","45.3725","-84.9766","182.6","2020-09","182.8","1.7","25.6","140.2","14.4","19.1","9.8"
"USC00206507","PETOSKEY, MI US","45.3725","-84.9766","182.6","2020-10","182.8","-3.9","22.2","500.2","6.7","10.2","3.2"
"USC00206507","PETOSKEY, MI US","45.3725","-84.9766","182.6","2020-11","182.8","-5.6","24.4","869.0","5.6","9.8","1.4"
"USC00206507","PETOSKEY, MI US","45.3725","-84.9766","182.6","2020-12","182.8","-7.2","9.4","1465.7","-0.9","1.4","-3.2"
"US1MIGG0004","WATERSMEET 5.0 SE, MI US","46.203333","-89.131667","518.5","2020-07",,,,,,,
"US1MIGG0004","WATERSMEET 5.0 SE, MI US","46.203333","-89.131667","518.5","2020-08",,,,,,,
"US1MIGG0004","WATERSMEET 5.0 SE, MI US","46.203333","-89.131667","518.5","2020-09",,,,,,,
"US1MIGG0004","WATERSMEET 5.0 SE, MI US","46.203333","-89.131667","518.5","2020-10",,,,,,,
"US1MIGG0004","WATERSMEET 5.0 SE, MI US","46.203333","-89.131667","518.5","2020-11",,,,,,,
"US1MIGG0004","WATERSMEET 5.0 SE, MI US","46.203333","-89.131667","518.5","2020-12",,,,,,,
"US1MIPI0003","HURON BEACH 1.9 NW, MI US","45.51382","-84.117893","180.1","2020-08",,,,,,,
"US1MIPI0003","HURON BEACH 1.9 NW, MI US","45.51382","-84.117893","180.1","2020-09",,,,,,,
"US1MIPI0003","HURON BEACH 1.9 NW, MI US","45.51382","-84.117893","180.1","2020-10",,,,,,,
"US1MISG0017","SAGINAW 6.4 W, MI US","43.422715","-84.077575","186.8","2020-07",,,,,,,
"US1MISG0017","SAGINAW 6.4 W, MI US","43.422715","-84.077575","186.8","2020-08",,,,,,,
"US1MISG0017","SAGINAW 6.4 W, MI US","43.422715","-84.077575","186.8","2020-10",,,,,,,
"US1MISG0017","SAGINAW 6.4 W, MI US","43.422715","-84.077575","186.8","2020-11",,,,,,,
"US1MISG0017","SAGINAW 6.4 W, MI US","43.422715","-84.077575","186.8","2020-12",,,,,,,
"US1MIOW0049","HOLLAND 4.2 NW, MI US","42.8217","-86.14896","189.6","2020-07",,,,,,,
"US1MIOW0049","HOLLAND 4.2 NW, MI US","42.8217","-86.14896","189.6","2020-08",,,,,,,
"US1MIOW0049","HOLLAND 4.2 NW, MI US","42.8217","-86.14896","189.6","2020-09",,,,,,,
"US1MIOW0049","HOLLAND 4.2 NW, MI US","42.8217","-86.14896","189.6","2020-10",,,,,,,
"US1MIOW0049","HOLLAND 4.2 NW, MI US","42.8217","-86.14896","189.6","2020-11",,,,,,,
"US1MIOW0049","HOLLAND 4.2 NW, MI US","42.8217","-86.14896","189.6","2020-12",,,,,,,
"USC00205533","MIO WWTP, MI US","44.6466","-84.1158","316.1","2020-07","214.8","7.8","36.1","3.1","22.4","30.0","14.9"
"USC00205533","MIO WWTP, MI US","44.6466","-84.1158","316.1","2020-08","283.7","6.7","31.7","24.1","19.9","26.7","13.1"
"USC00205533","MIO WWTP, MI US","44.6466","-84.1158","316.1","2020-09","289.3","-2.8","27.8","158.6","14.0","20.6","7.5"
"USC00205533","MIO WWTP, MI US","44.6466","-84.1158","316.1","2020-10","289.3","-8.3","22.8","536.4","6.1","11.7","0.6"
"USC00205533","MIO WWTP, MI US","44.6466","-84.1158","316.1","2020-11","291.5","-7.2","25.0","928.7","5.3","10.5","0.1"
"USC00205533","MIO WWTP, MI US","44.6466","-84.1158","316.1","2020-12","291.5","-11.7","7.8","1562.0","-2.1","0.9","-5.1"
"USC00204320","KENT CITY 2 SW, MI US","43.2036","-85.7776","247.8","2020-07",,"10.6","35.0","0.0","23.4","31.1","15.6"
"USC00204320","KENT CITY 2 SW, MI US","43.2036","-85.7776","247.8","2020-08",,"6.1","33.9","12.0","20.9","29.1","12.8"
"USC00204320","KENT CITY 2 SW, MI US","43.2036","-85.7776","247.8","2020-09",,"-1.1","28.9","110.8","15.3","23.2","7.3"
"USC00204320","KENT CITY 2 SW, MI US","43.2036","-85.7776","247.8","2020-10",,"-5.0","26.7","434.2","7.6","15.2","-0.1"
"USC00204320","KENT CITY 2 SW, MI US","43.2036","-85.7776","247.8","2020-11",,,,,,,
"USC00204320","KENT CITY 2 SW, MI US","43.2036","-85.7776","247.8","2020-12",,"-12.2","12.2",,"-1.4","3.1","-5.9"
"USC00206982","RICHMOND 4 NNW, MI US","42.8783","-82.7958","233.2","2020-07","305.0","14.4","36.7","0.0","24.4","30.7","18.1"
"USC00206982","RICHMOND 4 NNW, MI US","42.8783","-82.7958","233.2","2020-08","411.3","11.1","33.3","4.7","21.6","27.4","15.8"
"USC00206982","RICHMOND 4 NNW, MI US","42.8783","-82.7958","233.2","2020-09","427.7","0.0","29.4","90.9","16.0","22.2","9.8"
"USC00206982","RICHMOND 4 NNW, MI US","42.8783","-82.7958","233.2","2020-10","427.7","-4.4","25.6","380.0","9.0","14.6","3.4"
"USC00206982","RICHMOND 4 NNW, MI US","42.8783","-82.7958","233.2","2020-11","427.7","-5.6","23.3","737.8","6.4","11.6","1.2"
"USC00206982","RICHMOND 4 NNW, MI US","42.8783","-82.7958","233.2","2020-12","427.7","-7.8","11.7","1316.7","-0.3","2.6","-3.3"
"USC00200089","ALBERTA FORD FOR CENTER, MI US","46.6448","-88.4812","399.3","2020-07",,"8.3","32.2","18.1","20.9","26.9","14.9"
"USC00200089","ALBERTA FORD FOR CENTER, MI US","46.6448","-88.4812","399.3","2020-08",,"5.0","30.6","64.1","18.5","24.2","12.9"
"USC00200089","ALBERTA FORD FOR CENTER, MI US","46.6448","-88.4812","399.3","2020-09",,"-1.7","26.7","233.8","12.7","18.0","7.4"
"USC00200089","ALBERTA FORD FOR CENTER, MI US","46.6448","-88.4812","399.3","2020-10",,"-12.8","23.9","642.0","3.8","8.1","-0.6"
"USC00200089","ALBERTA FORD FOR CENTER, MI US","46.6448","-88.4812","399.3","2020-11",,"-12.8","23.3","1139.6","1.8","6.3","-2.8"
"USC00200089","ALBERTA FORD FOR CENTER, MI US","46.6448","-88.4812","399.3","2020-12",,"-22.2","8.3","1860.8","-6.5","-2.7","-10.4"
"US1MIWS0011","ANN ARBOR 2.1 WNW, MI US","42.283233","-83.771503","275.5","2020-07",,,,,,,
"US1MIWS0011","ANN ARBOR 2.1 WNW, MI US","42.283233","-83.771503","275.5","2020-08",,,,,,,
"US1MIWS0011","ANN ARBOR 2.1 WNW, MI US","42.283233","-83.771503","275.5","2020-10",,,,,,,
"US1MIWS0011","ANN ARBOR 2.1 WNW, MI US","42.283233","-83.771503","275.5","2020-11",,,,,,,
"US1MIWS0011","ANN ARBOR 2.1 WNW, MI US","42.283233","-83.771503","275.5","2020-12",,,,,,,
"USC00201178","CADILLAC 9 AND 10 NEWS, MI US","44.21138","-85.40865","415.4","2020-07","176.2","10.0","32.2","2.5","21.8","28.2","15.3"
"USC00201178","CADILLAC 9 AND 10 NEWS, MI US","44.21138","-85.40865","415.4","2020-08","245.0","7.2","28.9","22.7","19.9","25.6","14.2"
"USC00201178","CADILLAC 9 AND 10 NEWS, MI US","44.21138","-85.40865","415.4","2020-09","247.3","0.6","25.0","167.0","13.6","19.0","8.2"
"USC00201178","CADILLAC 9 AND 10 NEWS, MI US","44.21138","-85.40865","415.4","2020-10","247.3","-4.4","22.8","555.4","5.8","11.0","0.6"
"USC00201178","CADILLAC 9 AND 10 NEWS, MI US","44.21138","-85.40865","415.4","2020-11","247.9","-7.8","22.8","942.6","5.0","9.4","0.6"
"USC00201178","CADILLAC 9 AND 10 NEWS, MI US","44.21138","-85.40865","415.4","2020-12","247.9","-13.3","8.3","1591.7","-2.6","-0.1","-5.1"
"USC00201299","CARO WWTP, MI US","43.4838","-83.3919","210.3","2020-07","280.2","12.8","35.0","0.0","23.7","30.4","17.0"
"USC00201299","CARO WWTP, MI US","43.4838","-83.3919","210.3","2020-08","383.0","10.0","32.8","7.2","21.4","27.8","15.1"
"USC00201299","CARO WWTP, MI US","43.4838","-83.3919","210.3","2020-09","397.2","-0.6","29.4","102.5","15.6","21.9","9.4"
"USC00201299","CARO WWTP, MI US","43.4838","-83.3919","210.3","2020-10","397.2","-5.6","23.3","396.1","8.6","13.9","3.3"
"USC00201299","CARO WWTP, MI US","43.4838","-83.3919","210.3","2020-11","397.8","-7.8","25.0","757.3","6.3","11.7","0.9"
"USC00201299","CARO WWTP, MI US","43.4838","-83.3919","210.3","2020-12","397.8","-7.8","10.6","1353.8","-0.9","2.1","-3.9"
"USC00203477","GROSSE POINTE FARMS, MI US","42.4077","-82.8891","186.8","2020-07",,"16.1",,,,,"19.5"
"USC00203477","GROSSE POINTE FARMS, MI US","42.4077","-82.8891","186.8","2020-08",,,,,,,
"USC00203477","GROSSE POINTE FARMS, MI US","42.4077","-82.8891","186.8","2020-09",,"6.1","30.0",,"17.6","22.5","12.8"
"USC00203477","GROSSE POINTE FARMS, MI US","42.4077","-82.8891","186.8","2020-10",,"-2.2","25.6",,"10.1","15.2","5.0"
"USC00203477","GROSSE POINTE FARMS, MI US","42.4077","-82.8891","186.8","2020-11",,"-3.9","23.3",,"6.9","11.7","2.2"
"USC00203477","GROSSE POINTE FARMS, MI US","42.4077","-82.8891","186.8","2020-12",,"-7.8","12.8",,"0.3","3.3","-2.8"
"US1MIOW0044","HOLLAND 3.0 W, MI US","42.7706909179688","-86.1620559692383","189.6","2020-07",,,,,,,
"US1MIOW0044","HOLLAND 3.0 W, MI US","42.7706909179688","-86.1620559692383","189.6","2020-08",,,,,,,
"US1MIOW0044","HOLLAND 3.0 W, MI US","42.7706909179688","-86.1620559692383","189.6","2020-09",,,,,,,
"US1MIOW0044","HOLLAND 3.0 W, MI US","42.7706909179688","-86.1620559692383","189.6","2020-10",,,,,,,
"US1MIOW0044","HOLLAND 3.0 W, MI US","42.7706909179688","-86.1620559692383","189.6","2020-11",,,,,,,
"US1MIOW0044","HOLLAND 3.0 W, MI US","42.7706909179688","-86.1620559692383","189.6","2020-12",,,,,,,
"USC00208800","WEST BRANCH 3 SE, MI US","44.2541","-84.2011","269.7","2020-07","211.0","11.7","35.0","0.0","22.6","29.9","15.4"
"USC00208800","WEST BRANCH 3 SE, MI US","44.2541","-84.2011","269.7","2020-08","285.6","8.3","31.1","16.4","20.2","27.0","13.4"
"USC00208800","WEST BRANCH 3 SE, MI US","44.2541","-84.2011","269.7","2020-09","288.9","-1.1","27.2","143.1","14.2","20.6","7.9"
"USC00208800","WEST BRANCH 3 SE, MI US","44.2541","-84.2011","269.7","2020-10","288.9","-7.8","22.8","515.3","6.3","12.2","0.4"
"USC00208800","WEST BRANCH 3 SE, MI US","44.2541","-84.2011","269.7","2020-11","288.9","-8.9","23.3","930.6","4.5","10.3","-1.3"
"USC00208800","WEST BRANCH 3 SE, MI US","44.2541","-84.2011","269.7","2020-12","288.9","-16.7","7.8","1579.4","-2.6","0.3","-5.5"
"USW00094860","GRAND RAPIDS GERALD R FORD INTERNATIONAL AIRPORT, MI US","42.8821","-85.52297","240.3","2020-07","304.5","14.4","34.4","0.0","24.3","29.9","18.6"
"USW00094860","GRAND RAPIDS GERALD R FORD INTERNATIONAL AIRPORT, MI US","42.8821","-85.52297","240.3","2020-08","427.1","11.1","32.8","1.1","22.3","28.4","16.1"
"USW00094860","GRAND RAPIDS GERALD R FORD INTERNATIONAL AIRPORT, MI US","42.8821","-85.52297","240.3","2020-09","445.4","2.2","29.4","78.2","16.4","21.9","10.9"
"USW00094860","GRAND RAPIDS GERALD R FORD INTERNATIONAL AIRPORT, MI US","42.8821","-85.52297","240.3","2020-10","445.4","-3.8","26.1","373.8","8.8","14.2","3.4"
"USW00094860","GRAND RAPIDS GERALD R FORD INTERNATIONAL AIRPORT, MI US","42.8821","-85.52297","240.3","2020-11","446.5","-5.5","25.0","719.0","6.9","11.8","2.0"
"USW00094860","GRAND RAPIDS GERALD R FORD INTERNATIONAL AIRPORT, MI US","42.8821","-85.52297","240.3","2020-12","446.5","-7.7","11.7","1278.3","0.3","3.3","-2.7"
"USW00004869","CHIPPEWA INTERNATIONAL AIRPORT, MI US","46.25","-84.46667","243.5","2020-07","115.1","7.2","32.8","11.5","20.6","26.5","14.8"
"USW00004869","CHIPPEWA INTERNATIONAL AIRPORT, MI US","46.25","-84.46667","243.5","2020-08",,,,,,,
"USW00004869","CHIPPEWA INTERNATIONAL AIRPORT, MI US","46.25","-84.46667","243.5","2020-09",,"0.0","25.0",,"12.6","17.7","7.4"
"USW00004869","CHIPPEWA INTERNATIONAL AIRPORT, MI US","46.25","-84.46667","243.5","2020-10",,"-7.1","19.4",,"4.7","9.2","0.3"
"USW00004869","CHIPPEWA INTERNATIONAL AIRPORT, MI US","46.25","-84.46667","243.5","2020-11",,"-7.1","23.9",,"3.9","8.3","-0.4"
"USW00004869","CHIPPEWA INTERNATIONAL AIRPORT, MI US","46.25","-84.46667","243.5","2020-12",,"-14.9","7.2",,"-3.5","0.0","-7.0"
"USC00206510","PETOSKEY NCMC, MI US","45.3613","-84.9512","228.0","2020-07","143.5","8.9","32.2","8.6","21.1","26.3","15.8"
"USC00206510","PETOSKEY NCMC, MI US","45.3613","-84.9512","228.0","2020-08","189.6","8.3","30.6","31.4","19.1","24.2","14.0"
"USC00206510","PETOSKEY NCMC, MI US","45.3613","-84.9512","228.0","2020-09","197.4","-1.7","25.6","181.5","13.6","18.9","8.3"
"USC00206510","PETOSKEY NCMC, MI US","45.3613","-84.9512","228.0","2020-10","197.4","-5.0","22.8","570.1","5.8","10.0","1.6"
"USC00206510","PETOSKEY NCMC, MI US","45.3613","-84.9512","228.0","2020-11","197.7","-7.8","24.4","973.4","4.9","9.2","0.6"
"USC00206510","PETOSKEY NCMC, MI US","45.3613","-84.9512","228.0","2020-12","197.7","-9.4","9.4","1607.3","-2.1","0.3","-4.5"
"US1MIBH0007","QUINCY 0.3 NE, MI US","41.94725","-84.8789","309.7","2020-07",,,,,,,
"US1MIBH0007","QUINCY 0.3 NE, MI US","41.94725","-84.8789","309.7","2020-08",,,,,,,
"US1MIBH0007","QUINCY 0.3 NE, MI US","41.94725","-84.8789","309.7","2020-10",,,,,,,
"USC00205662","CENTRAL MICHIGAN UNIVERSITY, MI US","43.5859","-84.7694","242.3","2020-07","327.7","15.0","36.1","0.0","25.0","31.7","18.3"
"USC00205662","CENTRAL MICHIGAN UNIVERSITY, MI US","43.5859","-84.7694","242.3","2020-08","459.1","11.1","35.0","1.7","22.7","29.2","16.2"
"USC00205662","CENTRAL MICHIGAN UNIVERSITY, MI US","43.5859","-84.7694","242.3","2020-09","480.9","3.3","30.6","78.4","16.5","22.3","10.7"
"USC00205662","CENTRAL MICHIGAN UNIVERSITY, MI US","43.5859","-84.7694","242.3","2020-10","480.9","-1.1","25.0","371.7","8.9","13.8","3.9"
"USC00205662","CENTRAL MICHIGAN UNIVERSITY, MI US","43.5859","-84.7694","242.3","2020-11","481.2","-5.6","24.4","729.2","6.4","11.5","1.4"
"USC00205662","CENTRAL MICHIGAN UNIVERSITY, MI US","43.5859","-84.7694","242.3","2020-12","481.2","-7.8","10.0","1315.2","-0.6","1.8","-3.0"
"US1MIBH0006","COLON 3.5 SE, MI US","41.919357","-85.282117","276.5","2020-07",,,,,,,
"US1MIBH0006","COLON 3.5 SE, MI US","41.919357","-85.282117","276.5","2020-08",,,,,,,
"US1MIBH0006","COLON 3.5 SE, MI US","41.919357","-85.282117","276.5","2020-10",,,,,,,
"USW00094871","BENTON HARBOR, MI US","42.12894","-86.41518","195.4","2020-07","296.5","11.7","35.0","0.0","23.9","29.5","18.2"
"USW00094871","BENTON HARBOR, MI US","42.12894","-86.41518","195.4","2020-08","408.8","8.9","33.9","4.4","21.8","28.1","15.5"
"USW00094871","BENTON HARBOR, MI US","42.12894","-86.41518","195.4","2020-09","431.2","1.1","30.6","58.4","17.3","22.9","11.7"
"USW00094871","BENTON HARBOR, MI US","42.12894","-86.41518","195.4","2020-10","431.2","-1.6","27.2","306.8","10.3","15.4","5.2"
"USW00094871","BENTON HARBOR, MI US","42.12894","-86.41518","195.4","2020-11","433.4","-5.5","25.0","612.1","8.2","13.0","3.5"
"USW00094871","BENTON HARBOR, MI US","42.12894","-86.41518","195.4","2020-12","433.4","-11.6","12.8","1147.7","1.1","4.1","-2.0"
"US1MIMC0003","CEDARVILLE 3.2 ESE, MI US","45.9893775","-84.2977821","189.6","2020-07",,,,,,,
"US1MIMC0003","CEDARVILLE 3.2 ESE, MI US","45.9893775","-84.2977821","189.6","2020-08",,,,,,,
"US1MIMC0003","CEDARVILLE 3.2 ESE, MI US","45.9893775","-84.2977821","189.6","2020-09",,,,,,,
"US1MIMC0003","CEDARVILLE 3.2 ESE, MI US","45.9893775","-84.2977821","189.6","2020-10",,,,,,,
"US1MIMC0003","CEDARVILLE 3.2 ESE, MI US","45.9893775","-84.2977821","189.6","2020-12",,,,,,,
"US1MIMC0006","ENGADINE 4.0 NE, MI US","46.154749","-85.499874","189.9","2020-07",,,,,,,
"US1MIMC0006","ENGADINE 4.0 NE, MI US","46.154749","-85.499874","189.9","2020-08",,,,,,,
"US1MIMC0006","ENGADINE 4.0 NE, MI US","46.154749","-85.499874","189.9","2020-09",,,,,,,
"US1MIMC0006","ENGADINE 4.0 NE, MI US","46.154749","-85.499874","189.9","2020-10",,,,,,,
"US1MIMC0006","ENGADINE 4.0 NE, MI US","46.154749","-85.499874","189.9","2020-11",,,,,,,
"US1MIMC0006","ENGADINE 4.0 NE, MI US","46.154749","-85.499874","189.9","2020-12",,,,,,,
"US1MIOW0025","HOLLAND 5.1 WNW, MI US","42.801147","-86.194791","182.6","2020-08",,,,,,,
"USC00208706","WATTON 2 WSW, MI US","46.52664","-88.64243","424.9","2020-07","136.5","8.3","31.7","21.2","20.3","26.4","14.1"
"USC00208706","WATTON 2 WSW, MI US","46.52664","-88.64243","424.9","2020-08","182.3","4.4","30.6","74.8","18.1","24.0","12.2"
"USC00208706","WATTON 2 WSW, MI US","46.52664","-88.64243","424.9","2020-09","182.3","-2.2","26.7","269.5","11.8","17.4","6.3"
"USC00208706","WATTON 2 WSW, MI US","46.52664","-88.64243","424.9","2020-10","182.3","-10.0","23.9","746.0","3.0","6.7","-0.7"
"USC00208706","WATTON 2 WSW, MI US","46.52664","-88.64243","424.9","2020-11","182.3","-10.6","23.3","1235.7","2.0","6.3","-2.2"
"USC00208706","WATTON 2 WSW, MI US","46.52664","-88.64243","424.9","2020-12","182.3","-21.1","8.3","1980.2","-5.7","-2.6","-8.8"
"USC00205434","MIDLAND, MI US","43.6088","-84.2011","195.1","2020-07","288.2","13.9","35.0","0.0","24.0","29.8","18.1"
"USC00205434","MIDLAND, MI US","43.6088","-84.2011","195.1","2020-08","395.7","10.0","32.8","5.8","21.6","27.2","16.0"
"USC00205434","MIDLAND, MI US","43.6088","-84.2011","195.1","2020-09","413.5","1.7","28.9","91.8","16.0","21.3","10.6"
"USC00205434","MIDLAND, MI US","43.6088","-84.2011","195.1","2020-10","413.5","-2.2","26.1","399.0","8.4","13.1","3.7"
"USC00205434","MIDLAND, MI US","43.6088","-84.2011","195.1","2020-11","414.3","-5.6","23.9","749.6","6.7","11.3","2.0"
"USC00205434","MIDLAND, MI US","43.6088","-84.2011","195.1","2020-12","414.3","-8.3","10.0","1343.0","-0.8","1.8","-3.4"
"USC00206884","REED CITY WWTP, MI US","43.875","-85.4968","319.1","2020-07",,,,,,,
"USC00206884","REED CITY WWTP, MI US","43.875","-85.4968","319.1","2020-08",,,,,,,
"USC00206884","REED CITY WWTP, MI US","43.875","-85.4968","319.1","2020-09",,,,,,,
"USC00206884","REED CITY WWTP, MI US","43.875","-85.4968","319.1","2020-10",,,,,,,
"USR0000MSEN","SENEY MICHIGAN, MI US","46.2403","-85.9428","221.3","2020-07","123.0","8.1","32.3","9.0","21.0","27.3","14.6"
"USR0000MSEN","SENEY MICHIGAN, MI US","46.2403","-85.9428","221.3","2020-08","167.7","5.3","31.1","41.0","18.7","24.8","12.7"
"USR0000MSEN","SENEY MICHIGAN, MI US","46.2403","-85.9428","221.3","2020-09","168.4","-2.1","26.2","205.5","12.9","18.5","7.3"
"USR0000MSEN","SENEY MICHIGAN, MI US","46.2403","-85.9428","221.3","2020-10","168.4","-6.4","19.4","640.7","4.3","9.4","-0.8"
"USR0000MSEN","SENEY MICHIGAN, MI US","46.2403","-85.9428","221.3","2020-11","168.4","-7.7","19.8","1086.4","3.5","8.1","-1.1"
"USR0000MSEN","SENEY MICHIGAN, MI US","46.2403","-85.9428","221.3","2020-12","168.4","-15.6","7.8","1740.5","-2.8","0.6","-6.1"
"US1MIIR0001","TROUT CREEK 9.6 SSE, MI US","46.3596383","-88.9121902","501.7","2020-07",,,,,,,
"US1MIIR0001","TROUT CREEK 9.6 SSE, MI US","46.3596383","-88.9121902","501.7","2020-08",,,,,,,
"USC00208941","WHITE LAKE 4 E, MI US","42.698","-83.4716","321.0","2020-07","159.4","11.1","32.2","0.3","21.6","28.3","14.9"
"USC00208941","WHITE LAKE 4 E, MI US","42.698","-83.4716","321.0","2020-08","225.9","6.7","32.2","16.8","19.9","26.9","13.0"
"USC00208941","WHITE LAKE 4 E, MI US","42.698","-83.4716","321.0","2020-09","232.5","-2.8","28.3","144.9","14.3","20.6","8.0"
"USC00208941","WHITE LAKE 4 E, MI US","42.698","-83.4716","321.0","2020-10","232.5","-5.6","22.8","486.0","7.3","12.8","1.8"
"USC00208941","WHITE LAKE 4 E, MI US","42.698","-83.4716","321.0","2020-11","233.6","-9.4","24.4","875.2","5.4","11.0","-0.2"
"USC00208941","WHITE LAKE 4 E, MI US","42.698","-83.4716","321.0","2020-12","233.6","-10.6","11.1","1502.7","-1.9","1.6","-5.4"
"USC00204104","IRONWOOD, MI US","46.4656","-90.1892","435.9","2020-07","131.3","10.0","31.7","21.4","20.4","26.3","14.6"
"USC00204104","IRONWOOD, MI US","46.4656","-90.1892","435.9","2020-08","176.5","6.1","28.9","63.9","18.4","24.2","12.6"
"USC00204104","IRONWOOD, MI US","46.4656","-90.1892","435.9","2020-09","176.5","-2.2","27.2","256.8","11.9","17.4","6.4"
"USC00204104","IRONWOOD, MI US","46.4656","-90.1892","435.9","2020-10","176.5","-14.4","24.4","737.6","2.8","7.1","-1.4"
"USC00204104","IRONWOOD, MI US","46.4656","-90.1892","435.9","2020-11","176.5","-12.2","22.2","1237.4","1.7","6.1","-2.7"
"USC00204104","IRONWOOD, MI US","46.4656","-90.1892","435.9","2020-12","176.5","-23.9","7.8","1998.7","-6.2","-2.5","-9.9"
"USC00204105","IRONWOOD NUMBER 2, MI US","46.46521","-90.13827","463.3","2020-07","128.2","8.3","32.2","19.2","20.5","26.9","14.2"
"USC00204105","IRONWOOD NUMBER 2, MI US","46.46521","-90.13827","463.3","2020-08","168.0","5.0","28.9","62.2","18.2","24.7","11.8"
"USC00204105","IRONWOOD NUMBER 2, MI US","46.46521","-90.13827","463.3","2020-09","168.0","-2.8","26.7","251.6","11.8","17.7","5.9"
"USC00204105","IRONWOOD NUMBER 2, MI US","46.46521","-90.13827","463.3","2020-10","168.0","-13.9","23.9","691.6","3.2","7.4","-1.1"
"USC00204105","IRONWOOD NUMBER 2, MI US","46.46521","-90.13827","463.3","2020-11","168.0","-13.3","22.8","1190.7","1.7","6.1","-2.7"
"USC00204105","IRONWOOD NUMBER 2, MI US","46.46521","-90.13827","463.3","2020-12","168.0","-24.4","7.8","1944.2","-6.0","-1.8","-10.2"
"US1MIIR0002","CRYSTAL FALLS 20.5 N, MI US","46.394","-88.313","465.4","2020-07",,,,,,,
"US1MIKN0068","KENTWOOD 1.8 SSE, MI US","42.8612","-85.5731","231.3","2020-07",,,,,,,
"US1MIKN0068","KENTWOOD 1.8 SSE, MI US","42.8612","-85.5731","231.3","2020-11",,,,,,,
"USC00208043","TAHQUAMENON FALLS S P, MI US","46.6013","-85.2238","227.1","2020-07","68.2","7.8","32.8","14.5","19.2","25.9","12.5"
"USC00208043","TAHQUAMENON FALLS S P, MI US","46.6013","-85.2238","227.1","2020-08","94.6","4.4","31.7","65.4","17.6","24.3","10.8"
"USC00208043","TAHQUAMENON FALLS S P, MI US","46.6013","-85.2238","227.1","2020-09","94.6","-2.8","25.0","280.1","11.2","17.1","5.3"
"USC00208043","TAHQUAMENON FALLS S P, MI US","46.6013","-85.2238","227.1","2020-10","94.6","-8.3","17.8","753.2","3.1","8.0","-1.9"
"USC00208043","TAHQUAMENON FALLS S P, MI US","46.6013","-85.2238","227.1","2020-11","94.6","-8.9","20.6","1214.8","2.9","7.5","-1.6"
"USC00208043","TAHQUAMENON FALLS S P, MI US","46.6013","-85.2238","227.1","2020-12","94.6","-16.1","5.0","1946.2","-5.3","-1.9","-8.6"
"US1MIWS0049","CHELSEA 2.4 S, MI US","42.2808479","-84.03025","298.7","2020-09",,,,,,,
"US1MIWS0049","CHELSEA 2.4 S, MI US","42.2808479","-84.03025","298.7","2020-10",,,,,,,
"US1MIWS0049","CHELSEA 2.4 S, MI US","42.2808479","-84.03025","298.7","2020-11",,,,,,,
"US1MIWS0049","CHELSEA 2.4 S, MI US","42.2808479","-84.03025","298.7","2020-12",,,,,,,
"US1MIKN0065","BELMONT 1.0 WNW, MI US","43.07895","-85.6282","239.3","2020-07",,,,,,,
"US1MIKN0065","BELMONT 1.0 WNW, MI US","43.07895","-85.6282","239.3","2020-08",,,,,,,
"US1MIKN0065","BELMONT 1.0 WNW, MI US","43.07895","-85.6282","239.3","2020-09",,,,,,,
"US1MIKN0065","BELMONT 1.0 WNW, MI US","43.07895","-85.6282","239.3","2020-10",,,,,,,
"US1MIKN0065","BELMONT 1.0 WNW, MI US","43.07895","-85.6282","239.3","2020-11",,,,,,,
"US1MIKN0065","BELMONT 1.0 WNW, MI US","43.07895","-85.6282","239.3","2020-12",,,,,,,
"USC00207070","ROCKFORD, MI US","43.1158","-85.5642","218.2","2020-07",,,,,,,
"USC00207070","ROCKFORD, MI US","43.1158","-85.5642","218.2","2020-08",,,,,,,
"USC00207070","ROCKFORD, MI US","43.1158","-85.5642","218.2","2020-09",,,,,,,
"USC00207070","ROCKFORD, MI US","43.1158","-85.5642","218.2","2020-10",,,,,,,
"USC00207070","ROCKFORD, MI US","43.1158","-85.5642","218.2","2020-11",,,,,,,
"USC00207070","ROCKFORD, MI US","43.1158","-85.5642","218.2","2020-12",,,,,,,
"US1MICN0013","BATTLE CREEK 0.5 N, MI US","42.3058263212442","-85.2300761640072","284.4","2020-07",,,,,,,
"US1MICN0013","BATTLE CREEK 0.5 N, MI US","42.3058263212442","-85.2300761640072","284.4","2020-08",,,,,,,
"US1MICN0013","BATTLE CREEK 0.5 N, MI US","42.3058263212442","-85.2300761640072","284.4","2020-09",,,,,,,
"US1MICN0013","BATTLE CREEK 0.5 N, MI US","42.3058263212442","-85.2300761640072","284.4","2020-10",,,,,,,
"US1MICN0013","BATTLE CREEK 0.5 N, MI US","42.3058263212442","-85.2300761640072","284.4","2020-11",,,,,,,
"US1MICN0013","BATTLE CREEK 0.5 N, MI US","42.3058263212442","-85.2300761640072","284.4","2020-12",,,,,,,
"USC00203823","HILLSDALE, MI US","41.9352","-84.6411","329.2","2020-07","266.7","12.8","33.9","0.0","23.7","30.0","17.4"
"USC00203823","HILLSDALE, MI US","41.9352","-84.6411","329.2","2020-08","366.5","10.0","33.3","7.4","21.3","28.0","14.6"
"USC00203823","HILLSDALE, MI US","41.9352","-84.6411","329.2","2020-09","380.1","0.0","30.0","78.9","16.4","23.2","9.6"
"USC00203823","HILLSDALE, MI US","41.9352","-84.6411","329.2","2020-10","380.1","-3.3","26.7","367.3","9.0","14.9","3.2"
"USC00203823","HILLSDALE, MI US","41.9352","-84.6411","329.2","2020-11","380.1","-7.8","25.6","729.6","6.3","12.3","0.2"
"USC00203823","HILLSDALE, MI US","41.9352","-84.6411","329.2","2020-12","380.1","-10.0","12.8","1331.9","-1.1","2.7","-4.9"
"US1MIKN0060","COMSTOCK PARK 3.7 NNE, MI US","43.09387","-85.642839","239.0","2020-07",,,,,,,
"US1MIKN0060","COMSTOCK PARK 3.7 NNE, MI US","43.09387","-85.642839","239.0","2020-08",,,,,,,
"US1MIAR0002","ALGER 2.4 ENE, MI US","44.1337316483259","-84.0743129700422","238.4","2020-07",,,,,,,
"US1MIAR0002","ALGER 2.4 ENE, MI US","44.1337316483259","-84.0743129700422","238.4","2020-08",,,,,,,
"US1MIAR0002","ALGER 2.4 ENE, MI US","44.1337316483259","-84.0743129700422","238.4","2020-09",,,,,,,
"US1MIAR0002","ALGER 2.4 ENE, MI US","44.1337316483259","-84.0743129700422","238.4","2020-11",,,,,,,
"US1MIAR0002","ALGER 2.4 ENE, MI US","44.1337316483259","-84.0743129700422","238.4","2020-12",,,,,,,
"USC00202851","FLINT 7 W, MI US","43.0377","-83.7694","207.0","2020-07","255.9","13.3","33.9","0.0","23.5","29.6","17.4"
"USC00202851","FLINT 7 W, MI US","43.0377","-83.7694","207.0","2020-08","350.2","10.0","31.7","12.5","21.0","27.0","15.0"
"USC00202851","FLINT 7 W, MI US","43.0377","-83.7694","207.0","2020-09","361.6","0.6","28.3","111.0","15.4","21.1","9.7"
"USC00202851","FLINT 7 W, MI US","43.0377","-83.7694","207.0","2020-10","361.6","-3.3","23.9","420.7","8.3","14.0","2.6"
"USC00202851","FLINT 7 W, MI US","43.0377","-83.7694","207.0","2020-11","361.6","-7.2","25.0","787.5","6.1","12.1","0.1"
"USC00202851","FLINT 7 W, MI US","43.0377","-83.7694","207.0","2020-12","361.6","-8.3","10.6","1383.0","-0.9","2.3","-4.0"
"USC00200552","BATTLE CREEK 5 NW, MI US","42.3678","-85.2634","281.3","2020-07","278.2","12.2","33.9","0.0","23.5","30.4","16.6"
"USC00200552","BATTLE CREEK 5 NW, MI US","42.3678","-85.2634","281.3","2020-08","387.5","7.2","33.9","8.9","21.6","28.8","14.3"
"USC00200552","BATTLE CREEK 5 NW, MI US","42.3678","-85.2634","281.3","2020-09","398.9","-2.2","28.3","99.2","15.7","22.6","8.8"
"USC00200552","BATTLE CREEK 5 NW, MI US","42.3678","-85.2634","281.3","2020-10","400.0","1.1","26.1","339.8","10.6","14.6","6.7"
"USC00200552","BATTLE CREEK 5 NW, MI US","42.3678","-85.2634","281.3","2020-11","401.4","-7.2","25.6","651.9","8.0","13.2","2.8"
"USC00200552","BATTLE CREEK 5 NW, MI US","42.3678","-85.2634","281.3","2020-12","401.4","-11.7","11.7","1202.1","0.0","3.8","-3.8"
"US1MIWS0042","ANN ARBOR 4.5 W, MI US","42.27814","-83.818844","278.6","2020-07",,,,,,,
"US1MIWS0042","ANN ARBOR 4.5 W, MI US","42.27814","-83.818844","278.6","2020-08",,,,,,,
"US1MIWS0042","ANN ARBOR 4.5 W, MI US","42.27814","-83.818844","278.6","2020-09",,,,,,,
"US1MIWS0042","ANN ARBOR 4.5 W, MI US","42.27814","-83.818844","278.6","2020-10",,,,,,,
"US1MIWS0042","ANN ARBOR 4.5 W, MI US","42.27814","-83.818844","278.6","2020-11",,,,,,,
"US1MIWS0042","ANN ARBOR 4.5 W, MI US","42.27814","-83.818844","278.6","2020-12",,,,,,,
"USC00201522","CHESANING, MI US","43.1936","-84.1113","189.0","2020-07",,,,,,,
"USC00201522","CHESANING, MI US","43.1936","-84.1113","189.0","2020-08",,,,,,,
"USC00201522","CHESANING, MI US","43.1936","-84.1113","189.0","2020-09",,,,,,,
"USC00201522","CHESANING, MI US","43.1936","-84.1113","189.0","2020-10",,,,,,,
"USC00201522","CHESANING, MI US","43.1936","-84.1113","189.0","2020-11",,,,,,,
"USC00201522","CHESANING, MI US","43.1936","-84.1113","189.0","2020-12",,,,,,,
"US1MIWS0041","ANN ARBOR 7.1 W, MI US","42.2639","-83.8694","273.7","2020-07",,,,,,,
"US1MIWS0041","ANN ARBOR 7.1 W, MI US","42.2639","-83.8694","273.7","2020-08",,,,,,,
"US1MIWS0041","ANN ARBOR 7.1 W, MI US","42.2639","-83.8694","273.7","2020-09",,,,,,,
"US1MIWS0041","ANN ARBOR 7.1 W, MI US","42.2639","-83.8694","273.7","2020-10",,,,,,,
"US1MIWS0041","ANN ARBOR 7.1 W, MI US","42.2639","-83.8694","273.7","2020-11",,,,,,,
"US1MIWS0041","ANN ARBOR 7.1 W, MI US","42.2639","-83.8694","273.7","2020-12",,,,,,,
"USW00094814","HOUGHTON LAKE ROSCOMMON CO AIRPORT, MI US","44.35904","-84.6739","350.6","2020-07","190.7","8.3","33.9","3.4","22.2","29.5","14.8"
"USW00094814","HOUGHTON LAKE ROSCOMMON CO AIRPORT, MI US","44.35904","-84.6739","350.6","2020-08","256.6","3.9","31.1","25.9","19.7","26.7","12.7"
"USW00094814","HOUGHTON LAKE ROSCOMMON CO AIRPORT, MI US","44.35904","-84.6739","350.6","2020-09","261.4","-3.2","27.2","168.1","13.8","19.9","7.6"
"USW00094814","HOUGHTON LAKE ROSCOMMON CO AIRPORT, MI US","44.35904","-84.6739","350.6","2020-10","261.4","-7.7","23.3","554.1","5.9","11.3","0.4"
"USW00094814","HOUGHTON LAKE ROSCOMMON CO AIRPORT, MI US","44.35904","-84.6739","350.6","2020-11","261.4","-8.8","22.8","958.4","4.9","9.6","0.1"
"USW00094814","HOUGHTON LAKE ROSCOMMON CO AIRPORT, MI US","44.35904","-84.6739","350.6","2020-12","261.4","-12.7","8.3","1599.3","-2.3","0.3","-5.0"
"USW00094815","KALAMAZOO BATTLE CREEK INTERNATIONAL AIRPORT, MI US","42.22826","-85.546","263.3","2020-07","340.1","14.4","35.0","0.0","24.8","31.0","18.7"
"USW00094815","KALAMAZOO BATTLE CREEK INTERNATIONAL AIRPORT, MI US","42.22826","-85.546","263.3","2020-08","470.8","10.0","35.0","1.2","22.5","29.3","15.8"
"USW00094815","KALAMAZOO BATTLE CREEK INTERNATIONAL AIRPORT, MI US","42.22826","-85.546","263.3","2020-09","495.1","0.6","30.0","62.8","17.1","22.8","11.4"
"USW00094815","KALAMAZOO BATTLE CREEK INTERNATIONAL AIRPORT, MI US","42.22826","-85.546","263.3","2020-10","495.1","-3.2","27.8","338.3","9.4","15.1","3.8"
"USW00094815","KALAMAZOO BATTLE CREEK INTERNATIONAL AIRPORT, MI US","42.22826","-85.546","263.3","2020-11","495.7","-6.0","25.0","675.1","7.1","12.7","1.5"
"USW00094815","KALAMAZOO BATTLE CREEK INTERNATIONAL AIRPORT, MI US","42.22826","-85.546","263.3","2020-12","495.7","-9.9","11.1","1223.0","0.7","4.3","-3.0"
"US1MIKN0077","COMSTOCK PARK 1.0 NNW, MI US","43.057961","-85.680295","227.7","2020-07",,,,,,,
"US1MIKN0077","COMSTOCK PARK 1.0 NNW, MI US","43.057961","-85.680295","227.7","2020-08",,,,,,,
"US1MIKN0077","COMSTOCK PARK 1.0 NNW, MI US","43.057961","-85.680295","227.7","2020-09",,,,,,,
"US1MIKN0077","COMSTOCK PARK 1.0 NNW, MI US","43.057961","-85.680295","227.7","2020-10",,,,,,,
"US1MIKN0077","COMSTOCK PARK 1.0 NNW, MI US","43.057961","-85.680295","227.7","2020-11",,,,,,,
"USW00094817","PONTIAC OAKLAND CO INTERNATIONAL AIRPORT, MI US","42.66314","-83.41016","295.4","2020-07","309.7","15.6","34.4","0.0","24.5","30.3","18.8"
"USW00094817","PONTIAC OAKLAND CO INTERNATIONAL AIRPORT, MI US","42.66314","-83.41016","295.4","2020-08","428.9","11.7","33.3","0.8","22.1","27.9","16.4"
"USW00094817","PONTIAC OAKLAND CO INTERNATIONAL AIRPORT, MI US","42.66314","-83.41016","295.4","2020-09","446.1","1.7","28.9","80.2","16.3","21.9","10.7"
"USW00094817","PONTIAC OAKLAND CO INTERNATIONAL AIRPORT, MI US","42.66314","-83.41016","295.4","2020-10","446.1","-2.7","25.0","361.7","9.3","14.2","4.3"
"USW00094817","PONTIAC OAKLAND CO INTERNATIONAL AIRPORT, MI US","42.66314","-83.41016","295.4","2020-11","447.5","-6.0","24.4","707.3","6.9","12.1","1.7"
"USW00094817","PONTIAC OAKLAND CO INTERNATIONAL AIRPORT, MI US","42.66314","-83.41016","295.4","2020-12","447.5","-7.7","11.7","1285.2","-0.3","2.9","-3.5"
"US1MIWS0051","SALINE 2.7 SSW, MI US","42.1389363","-83.7970346","243.2","2020-07",,,,,,,
"US1MIWS0051","SALINE 2.7 SSW, MI US","42.1389363","-83.7970346","243.2","2020-08",,,,,,,
"US1MIWS0051","SALINE 2.7 SSW, MI US","42.1389363","-83.7970346","243.2","2020-09",,,,,,,
"US1MIWS0051","SALINE 2.7 SSW, MI US","42.1389363","-83.7970346","243.2","2020-10",,,,,,,
"US1MIWS0051","SALINE 2.7 SSW, MI US","42.1389363","-83.7970346","243.2","2020-11",,,,,,,
"US1MIWS0051","SALINE 2.7 SSW, MI US","42.1389363","-83.7970346","243.2","2020-12",,,,,,,
"US1MIWS0050","YPSILANTI 2.3 E, MI US","42.241871","-83.576647","225.9","2020-07",,,,,,,
"US1MIWS0050","YPSILANTI 2.3 E, MI US","42.241871","-83.576647","225.9","2020-08",,,,,,,
"US1MIWS0050","YPSILANTI 2.3 E, MI US","42.241871","-83.576647","225.9","2020-09",,,,,,,
"US1MIWS0050","YPSILANTI 2.3 E, MI US","42.241871","-83.576647","225.9","2020-10",,,,,,,
"US1MIWS0050","YPSILANTI 2.3 E, MI US","42.241871","-83.576647","225.9","2020-11",,,,,,,
"US1MIMB0033","ROSEVILLE 1.7 ENE, MI US","42.5147724151611","-82.9042267799377","180.4","2020-07",,,,,,,
"US1MIMB0033","ROSEVILLE 1.7 ENE, MI US","42.5147724151611","-82.9042267799377","180.4","2020-08",,,,,,,
"US1MIMB0033","ROSEVILLE 1.7 ENE, MI US","42.5147724151611","-82.9042267799377","180.4","2020-09",,,,,,,
"US1MIMB0033","ROSEVILLE 1.7 ENE, MI US","42.5147724151611","-82.9042267799377","180.4","2020-10",,,,,,,
"US1MIMB0033","ROSEVILLE 1.7 ENE, MI US","42.5147724151611","-82.9042267799377","180.4","2020-11",,,,,,,
"US1MIMB0033","ROSEVILLE 1.7 ENE, MI US","42.5147724151611","-82.9042267799377","180.4","2020-12",,,,,,,
"USC00204808","LEXINGTON WATER PLANT, MI US","43.26319","-82.5327","189.6","2020-07","189.8","13.3","33.3","0.3","22.5","28.0","17.0"
"USC00204808","LEXINGTON WATER PLANT, MI US","43.26319","-82.5327","189.6","2020-08","270.1","11.7","31.1","8.0","20.8","25.8","15.7"
"USC00204808","LEXINGTON WATER PLANT, MI US","43.26319","-82.5327","189.6","2020-09","284.9","1.1","28.3","84.9","16.2","21.6","10.8"
"USC00204808","LEXINGTON WATER PLANT, MI US","43.26319","-82.5327","189.6","2020-10","284.9","-5.0","25.0","364.3","9.1","14.2","4.0"
"USC00204808","LEXINGTON WATER PLANT, MI US","43.26319","-82.5327","189.6","2020-11","284.9","-5.0","23.9","672.3","6.9","12.4","1.5"
"USC00204808","LEXINGTON WATER PLANT, MI US","43.26319","-82.5327","189.6","2020-12","284.9","-7.8","11.1","1231.3","-0.3","2.5","-3.1"
"US1MIMB0030","SHELBY 2.6 SW, MI US","42.64333333","-83.06916667","215.2","2020-07",,,,,,,
"US1MIMB0030","SHELBY 2.6 SW, MI US","42.64333333","-83.06916667","215.2","2020-08",,,,,,,
"US1MIMB0030","SHELBY 2.6 SW, MI US","42.64333333","-83.06916667","215.2","2020-09",,,,,,,
"US1MIMB0030","SHELBY 2.6 SW, MI US","42.64333333","-83.06916667","215.2","2020-10",,,,,,,
"US1MIMB0030","SHELBY 2.6 SW, MI US","42.64333333","-83.06916667","215.2","2020-11",,,,,,,
"US1MIWS0056","YPSILANTI 1.2 WSW, MI US","42.2399","-83.6433","236.8","2020-08",,,,,,,
"US1MIWS0056","YPSILANTI 1.2 WSW, MI US","42.2399","-83.6433","236.8","2020-10",,,,,,,
"US1MIWS0056","YPSILANTI 1.2 WSW, MI US","42.2399","-83.6433","236.8","2020-11",,,,,,,
"US1MIWS0055","SOUTH LYON 2.6 SW, MI US","42.43423","-83.68679","296.0","2020-09",,,,,,,
"US1MIWS0055","SOUTH LYON 2.6 SW, MI US","42.43423","-83.68679","296.0","2020-10",,,,,,,
"US1MIWS0055","SOUTH LYON 2.6 SW, MI US","42.43423","-83.68679","296.0","2020-11",,,,,,,
"US1MIWS0054","YPSILANTI 2.5 SSE, MI US","42.21244","-83.599173","224.0","2020-08",,,,,,,
"US1MIWS0054","YPSILANTI 2.5 SSE, MI US","42.21244","-83.599173","224.0","2020-09",,,,,,,
"US1MIWS0054","YPSILANTI 2.5 SSE, MI US","42.21244","-83.599173","224.0","2020-10",,,,,,,
"US1MIWS0054","YPSILANTI 2.5 SSE, MI US","42.21244","-83.599173","224.0","2020-11",,,,,,,
"US1MIWS0054","YPSILANTI 2.5 SSE, MI US","42.21244","-83.599173","224.0","2020-12",,,,,,,
"US1MIWS0053","CHELSEA 3.7 NNE, MI US","42.3636","-83.9933","288.3","2020-07",,,,,,,
"US1MIWS0053","CHELSEA 3.7 NNE, MI US","42.3636","-83.9933","288.3","2020-08",,,,,,,
"US1MIWS0053","CHELSEA 3.7 NNE, MI US","42.3636","-83.9933","288.3","2020-09",,,,,,,
"US1MIWS0053","CHELSEA 3.7 NNE, MI US","42.3636","-83.9933","288.3","2020-10",,,,,,,
"US1MIWS0053","CHELSEA 3.7 NNE, MI US","42.3636","-83.9933","288.3","2020-11",,,,,,,
"US1MIWS0053","CHELSEA 3.7 NNE, MI US","42.3636","-83.9933","288.3","2020-12",,,,,,,
"USC00201896","CROSS VILLAGE 1 E, MI US","45.6413","-85.0141","219.8","2020-07","113.8","10.6","30.0","10.8","20.6","24.9","16.2"
"USC00201896","CROSS VILLAGE 1 E, MI US","45.6413","-85.0141","219.8","2020-08","160.5","10.0","27.8","29.7","19.3","23.2","15.3"
"USC00201896","CROSS VILLAGE 1 E, MI US","45.6413","-85.0141","219.8","2020-09","161.9","1.1","22.2","171.4","13.7","17.6","9.7"
"USC00201896","CROSS VILLAGE 1 E, MI US","45.6413","-85.0141","219.8","2020-10","161.9","-3.3","21.7","553.6","6.0","9.3","2.7"
"USC00201896","CROSS VILLAGE 1 E, MI US","45.6413","-85.0141","219.8","2020-11","161.9","-6.1","24.4","937.1","5.6","9.6","1.5"
"USC00201896","CROSS VILLAGE 1 E, MI US","45.6413","-85.0141","219.8","2020-12","161.9","-7.8","10.0","1522.7","-1.2","1.3","-3.7"
"USC00202984","FRANKFORT 2 NE, MI US","44.64822","-86.20986","289.0","2020-07",,"12.8","30.0","0.0","22.7","26.8","18.6"
"USC00202984","FRANKFORT 2 NE, MI US","44.64822","-86.20986","289.0","2020-08",,"11.1","29.4","5.6","20.9","24.9","16.9"
"USC00202984","FRANKFORT 2 NE, MI US","44.64822","-86.20986","289.0","2020-09",,"4.4","23.9","96.3","15.3","18.8","11.8"
"USC00202984","FRANKFORT 2 NE, MI US","44.64822","-86.20986","289.0","2020-10",,"-3.3","20.6","433.9","7.4","10.6","4.3"
"USC00202984","FRANKFORT 2 NE, MI US","44.64822","-86.20986","289.0","2020-11",,"-3.9","21.7","803.5","6.1","9.7","2.4"
"USC00202984","FRANKFORT 2 NE, MI US","44.64822","-86.20986","289.0","2020-12",,"-9.4","10.6","1392.3","-0.7","1.8","-3.1"
"USR0000MRAC","RACO MICHIGAN, MI US","46.25","-84.5833","274.3","2020-07","94.6","7.2","33.3","15.1","19.9","26.4","13.4"
"USR0000MRAC","RACO MICHIGAN, MI US","46.25","-84.5833","274.3","2020-08","127.3","5.6","29.4","58.2","18.0","24.0","11.9"
"USR0000MRAC","RACO MICHIGAN, MI US","46.25","-84.5833","274.3","2020-09","127.3","-2.8","25.6","256.5","11.7","17.5","5.9"
"USR0000MRAC","RACO MICHIGAN, MI US","46.25","-84.5833","274.3","2020-10","127.3","-8.3","18.9","704.1","3.9","8.6","-0.8"
"USR0000MRAC","RACO MICHIGAN, MI US","46.25","-84.5833","274.3","2020-11","127.3","-8.9","22.8","1162.9","3.0","7.6","-1.5"
"USR0000MRAC","RACO MICHIGAN, MI US","46.25","-84.5833","274.3","2020-12","127.3","-16.7","5.0","1850.6","-3.9","-0.7","-7.0"
"USC00208184","THREE RIVERS, MI US","41.9299","-85.6385","246.9","2020-07","290.0","14.4","34.4","0.0","24.0","30.0","17.9"
"USC00208184","THREE RIVERS, MI US","41.9299","-85.6385","246.9","2020-08","401.0","9.4","34.4","3.8","21.8","28.5","15.1"
"USC00208184","THREE RIVERS, MI US","41.9299","-85.6385","246.9","2020-09","412.2","1.1","30.0","72.8","16.4","23.0","9.8"
"USC00208184","THREE RIVERS, MI US","41.9299","-85.6385","246.9","2020-10","412.2","-3.9","27.2","358.2","9.1","15.1","3.2"
"USC00208184","THREE RIVERS, MI US","41.9299","-85.6385","246.9","2020-11","412.2","-6.1","24.4","714.9","6.4","12.4","0.5"
"USC00208184","THREE RIVERS, MI US","41.9299","-85.6385","246.9","2020-12","412.2","-11.1","11.1","1288.6","-0.2","3.8","-4.2"
"US1MIKN0086","GRAND RAPIDS 5.5 SSE, MI US","42.891167","-85.60239","234.4","2020-07",,,,,,,
"US1MIKN0086","GRAND RAPIDS 5.5 SSE, MI US","42.891167","-85.60239","234.4","2020-08",,,,,,,
"US1MIKN0086","GRAND RAPIDS 5.5 SSE, MI US","42.891167","-85.60239","234.4","2020-09",,,,,,,
"US1MIKN0086","GRAND RAPIDS 5.5 SSE, MI US","42.891167","-85.60239","234.4","2020-10",,,,,,,
"US1MIKN0086","GRAND RAPIDS 5.5 SSE, MI US","42.891167","-85.60239","234.4","2020-11",,,,,,,
"US1MIKN0086","GRAND RAPIDS 5.5 SSE, MI US","42.891167","-85.60239","234.4","2020-12",,,,,,,
"US1MIWS0028","DEXTER 0.3 ENE, MI US","42.333667755127","-83.875129699707","274.0","2020-07",,,,,,,
"US1MIWS0028","DEXTER 0.3 ENE, MI US","42.333667755127","-83.875129699707","274.0","2020-08",,,,,,,
"US1MIWS0028","DEXTER 0.3 ENE, MI US","42.333667755127","-83.875129699707","274.0","2020-09",,,,,,,
"US1MIWS0028","DEXTER 0.3 ENE, MI US","42.333667755127","-83.875129699707","274.0","2020-10",,,,,,,
"US1MIWS0028","DEXTER 0.3 ENE, MI US","42.333667755127","-83.875129699707","274.0","2020-11",,,,,,,
"US1MIWS0028","DEXTER 0.3 ENE, MI US","42.333667755127","-83.875129699707","274.0","2020-12",,,,,,,
"US1MIHL0012","JONESVILLE 0.2 WSW, MI US","41.97964","-84.6696","334.1","2020-07",,,,,,,
"US1MIHL0013","OSSEO 2.7 NE, MI US","41.900713","-84.493602","356.6","2020-07",,,,,,,
"US1MIHL0013","OSSEO 2.7 NE, MI US","41.900713","-84.493602","356.6","2020-08",,,,,,,
"US1MIHL0013","OSSEO 2.7 NE, MI US","41.900713","-84.493602","356.6","2020-10",,,,,,,
"US1MIHR0002","BAD AXE 0.5 SSW, MI US","43.796139","-82.999626","228.0","2020-07",,,,,,,
"US1MIHR0002","BAD AXE 0.5 SSW, MI US","43.796139","-82.999626","228.0","2020-08",,,,,,,
"US1MIHR0002","BAD AXE 0.5 SSW, MI US","43.796139","-82.999626","228.0","2020-09",,,,,,,
"USR0000MBAL","BALDWIN MICHIGAN, MI US","43.8933","-85.8506","253.6","2020-07","185.0","8.9","35.0","0.1","22.1","30.1","14.0"
"USR0000MBAL","BALDWIN MICHIGAN, MI US","43.8933","-85.8506","253.6","2020-08","263.2","5.0","31.7","19.2","20.2","27.5","13.0"
"USR0000MBAL","BALDWIN MICHIGAN, MI US","43.8933","-85.8506","253.6","2020-09","265.4","-3.9","27.2","153.7","13.9","20.8","7.1"
"USR0000MBAL","BALDWIN MICHIGAN, MI US","43.8933","-85.8506","253.6","2020-10","265.4","-8.3","23.9","544.3","5.7","12.4","-0.9"
"USR0000MBAL","BALDWIN MICHIGAN, MI US","43.8933","-85.8506","253.6","2020-11","265.7","-11.7","23.3","940.2","4.4","10.7","-2.1"
"USR0000MBAL","BALDWIN MICHIGAN, MI US","43.8933","-85.8506","253.6","2020-12","265.7","-12.2","10.6","1546.0","-1.2","1.8","-4.2"
"US1MIGN0022","GRAND BLANC 2.9 SE, MI US","42.8908670693636","-83.585834428668","283.8","2020-07",,,,,,,
"US1MIGN0022","GRAND BLANC 2.9 SE, MI US","42.8908670693636","-83.585834428668","283.8","2020-08",,,,,,,
"US1MIGN0022","GRAND BLANC 2.9 SE, MI US","42.8908670693636","-83.585834428668","283.8","2020-09",,,,,,,
"US1MIGN0022","GRAND BLANC 2.9 SE, MI US","42.8908670693636","-83.585834428668","283.8","2020-10",,,,,,,
"US1MIGN0022","GRAND BLANC 2.9 SE, MI US","42.8908670693636","-83.585834428668","283.8","2020-11",,,,,,,
"US1MIGN0022","GRAND BLANC 2.9 SE, MI US","42.8908670693636","-83.585834428668","283.8","2020-12",,,,,,,
"US1MIKN0084","GRAND RAPIDS 4.6 ESE, MI US","42.9281463623047","-85.5768508911133","239.6","2020-07",,,,,,,
"US1MIKN0084","GRAND RAPIDS 4.6 ESE, MI US","42.9281463623047","-85.5768508911133","239.6","2020-08",,,,,,,
"US1MIKN0084","GRAND RAPIDS 4.6 ESE, MI US","42.9281463623047","-85.5768508911133","239.6","2020-09",,,,,,,
"US1MIKN0084","GRAND RAPIDS 4.6 ESE, MI US","42.9281463623047","-85.5768508911133","239.6","2020-10",,,,,,,
"US1MIGN0027","CLIO 2.4 WNW, MI US","43.195918","-83.777093","206.3","2020-07",,,,,,,
"US1MIGN0027","CLIO 2.4 WNW, MI US","43.195918","-83.777093","206.3","2020-08",,,,,,,
"US1MIGN0027","CLIO 2.4 WNW, MI US","43.195918","-83.777093","206.3","2020-09",,,,,,,
"US1MIWS0025","SALINE 3.8 SSW, MI US","42.12618","-83.81094","249.9","2020-07",,,,,,,
"US1MIWS0025","SALINE 3.8 SSW, MI US","42.12618","-83.81094","249.9","2020-08",,,,,,,
"US1MIWS0025","SALINE 3.8 SSW, MI US","42.12618","-83.81094","249.9","2020-09",,,,,,,
"US1MIWS0025","SALINE 3.8 SSW, MI US","42.12618","-83.81094","249.9","2020-10",,,,,,,
"US1MIWS0025","SALINE 3.8 SSW, MI US","42.12618","-83.81094","249.9","2020-11",,,,,,,
"US1MIWS0025","SALINE 3.8 SSW, MI US","42.12618","-83.81094","249.9","2020-12",,,,,,,
"US1MIMB0009","NEW BALTIMORE 0.4 SSE, MI US","42.677025","-82.735671","175.0","2020-07",,,,,,,
"US1MIMB0009","NEW BALTIMORE 0.4 SSE, MI US","42.677025","-82.735671","175.0","2020-08",,,,,,,
"US1MIMB0009","NEW BALTIMORE 0.4 SSE, MI US","42.677025","-82.735671","175.0","2020-09",,,,,,,
"US1MIMB0009","NEW BALTIMORE 0.4 SSE, MI US","42.677025","-82.735671","175.0","2020-10",,,,,,,
"US1MIMB0009","NEW BALTIMORE 0.4 SSE, MI US","42.677025","-82.735671","175.0","2020-11",,,,,,,
"US1MIMB0009","NEW BALTIMORE 0.4 SSE, MI US","42.677025","-82.735671","175.0","2020-12",,,,,,,
"US1MIMB0007","SHELBY 0.4 SSE, MI US","42.665936","-83.028694","207.3","2020-07",,,,,,,
"US1MIMB0007","SHELBY 0.4 SSE, MI US","42.665936","-83.028694","207.3","2020-08",,,,,,,
"US1MIMB0007","SHELBY 0.4 SSE, MI US","42.665936","-83.028694","207.3","2020-09",,,,,,,
"US1MIMB0007","SHELBY 0.4 SSE, MI US","42.665936","-83.028694","207.3","2020-10",,,,,,,
"US1MIMB0007","SHELBY 0.4 SSE, MI US","42.665936","-83.028694","207.3","2020-11",,,,,,,
"US1MIMB0007","SHELBY 0.4 SSE, MI US","42.665936","-83.028694","207.3","2020-12",,,,,,,
"US1MIGN0029","DAVISON 5.2 N, MI US","43.1077855","-83.5113726","234.7","2020-07",,,,,,,
"US1MIGN0029","DAVISON 5.2 N, MI US","43.1077855","-83.5113726","234.7","2020-08",,,,,,,
"US1MIGN0029","DAVISON 5.2 N, MI US","43.1077855","-83.5113726","234.7","2020-09",,,,,,,
"US1MIGN0029","DAVISON 5.2 N, MI US","43.1077855","-83.5113726","234.7","2020-10",,,,,,,
"US1MIGN0029","DAVISON 5.2 N, MI US","43.1077855","-83.5113726","234.7","2020-11",,,,,,,
"US1MIGN0029","DAVISON 5.2 N, MI US","43.1077855","-83.5113726","234.7","2020-12",,,,,,,
"US1MIWS0039","DEXTER 0.9 NW, MI US","42.3404","-83.8916","261.8","2020-08",,,,,,,
"US1MIWS0039","DEXTER 0.9 NW, MI US","42.3404","-83.8916","261.8","2020-10",,,,,,,
"US1MIWS0039","DEXTER 0.9 NW, MI US","42.3404","-83.8916","261.8","2020-11",,,,,,,
"US1MIWS0039","DEXTER 0.9 NW, MI US","42.3404","-83.8916","261.8","2020-12",,,,,,,
"USC00203858","HOLLAND WTP, MI US","42.7989","-86.20635","184.4","2020-08",,,,,,,
"USC00203858","HOLLAND WTP, MI US","42.7989","-86.20635","184.4","2020-09",,,,,,,
"USC00203858","HOLLAND WTP, MI US","42.7989","-86.20635","184.4","2020-10",,,,,,,
"USC00203858","HOLLAND WTP, MI US","42.7989","-86.20635","184.4","2020-11",,,,,,,
"USC00203858","HOLLAND WTP, MI US","42.7989","-86.20635","184.4","2020-12",,,,,,,
"USC00201435","CLARKSBURG, MI US","46.49909","-87.84506","473.7","2020-07","99.0","6.7","32.8","27.7","19.5","27.4","11.6"
"USC00201435","CLARKSBURG, MI US","46.49909","-87.84506","473.7","2020-08","123.6","2.8","31.1","85.7","17.3","24.5","10.0"
"USC00201435","CLARKSBURG, MI US","46.49909","-87.84506","473.7","2020-09","123.9","-2.8","26.7","298.1","11.3","18.2","4.3"
"USC00201435","CLARKSBURG, MI US","46.49909","-87.84506","473.7","2020-10","123.9","-13.9","22.8","802.1","2.1","6.9","-2.8"
"USC00201435","CLARKSBURG, MI US","46.49909","-87.84506","473.7","2020-11","123.9","-14.4","23.3","1337.2","-0.1","5.6","-5.8"
"USC00201435","CLARKSBURG, MI US","46.49909","-87.84506","473.7","2020-12","123.9","-20.0","6.7","2082.7","-5.7","-2.0","-9.4"
"USC00200106","ALGONAC WWTP, MI US","42.6158","-82.5436","178.3","2020-07",,"13.3","36.7","0.0","24.5","31.7","17.2"
"USC00200106","ALGONAC WWTP, MI US","42.6158","-82.5436","178.3","2020-08",,"10.6","33.9","1.1","22.3","29.0","15.6"
"USC00200106","ALGONAC WWTP, MI US","42.6158","-82.5436","178.3","2020-09",,"0.6","30.0","66.3","16.9","23.9","9.9"
"USC00200106","ALGONAC WWTP, MI US","42.6158","-82.5436","178.3","2020-10",,"-2.8","25.6","326.7","9.9","15.8","4.0"
"USC00200106","ALGONAC WWTP, MI US","42.6158","-82.5436","178.3","2020-11",,"-5.0","24.4","678.7","6.6","12.1","1.1"
"USC00200106","ALGONAC WWTP, MI US","42.6158","-82.5436","178.3","2020-12",,"-11.1","11.7","1217.9","0.4","4.4","-3.7"
"USC00204944","LOWELL, MI US","42.92793","-85.34013","199.9","2020-07",,,,,,,
"USC00204944","LOWELL, MI US","42.92793","-85.34013","199.9","2020-08",,,,,,,
"USC00204944","LOWELL, MI US","42.92793","-85.34013","199.9","2020-09",,,,,,,
"USC00204944","LOWELL, MI US","42.92793","-85.34013","199.9","2020-10",,,,,,,
"USC00204944","LOWELL, MI US","42.92793","-85.34013","199.9","2020-11",,,,,,,
"USC00204944","LOWELL, MI US","42.92793","-85.34013","199.9","2020-12",,,,,,,
"USC00200228","ANN ARBOR SE, MI US","42.2416","-83.6933","253.6","2020-07","270.5","13.9","33.9","0.0","23.8","30.6","17.1"
"USC00200228","ANN ARBOR SE, MI US","42.2416","-83.6933","253.6","2020-08","374.5","10.0","33.9","4.7","21.5","28.4","14.7"
"USC00200228","ANN ARBOR SE, MI US","42.2416","-83.6933","253.6","2020-09","388.9","0.0","30.0","88.9","16.0","23.0","9.0"
"USC00200228","ANN ARBOR SE, MI US","42.2416","-83.6933","253.6","2020-10","388.9","-5.0","26.7","376.4","9.1","15.3","2.9"
"USC00200228","ANN ARBOR SE, MI US","42.2416","-83.6933","253.6","2020-11","388.9","-7.2","25.6","751.2","5.8","12.4","-0.7"
"USC00200228","ANN ARBOR SE, MI US","42.2416","-83.6933","253.6","2020-12","388.9","-8.9","12.2","1339.7","-0.6","3.2","-4.5"
"US1MIGN0034","DAVISON 3.4 NNW, MI US","43.07662","-83.54797","248.7","2020-11",,,,,,,
"US1MIGN0034","DAVISON 3.4 NNW, MI US","43.07662","-83.54797","248.7","2020-12",,,,,,,
"US1MIWS0037","PLYMOUTH 6.3 W, MI US","42.382058","-83.589714","276.8","2020-07",,,,,,,
"US1MIWS0037","PLYMOUTH 6.3 W, MI US","42.382058","-83.589714","276.8","2020-08",,,,,,,
"US1MIWS0037","PLYMOUTH 6.3 W, MI US","42.382058","-83.589714","276.8","2020-09",,,,,,,
"US1MIWS0037","PLYMOUTH 6.3 W, MI US","42.382058","-83.589714","276.8","2020-10",,,,,,,
"US1MIWS0037","PLYMOUTH 6.3 W, MI US","42.382058","-83.589714","276.8","2020-11",,,,,,,
"US1MIWS0037","PLYMOUTH 6.3 W, MI US","42.382058","-83.589714","276.8","2020-12",,,,,,,
"US1MIWY0125","CANTON 2.7 N, MI US","42.347327","-83.472867","210.6","2020-07",,,,,,,
"US1MIWY0125","CANTON 2.7 N, MI US","42.347327","-83.472867","210.6","2020-08",,,,,,,
"US1MIWY0125","CANTON 2.7 N, MI US","42.347327","-83.472867","210.6","2020-09",,,,,,,
"US1MIWY0125","CANTON 2.7 N, MI US","42.347327","-83.472867","210.6","2020-10",,,,,,,
"US1MIWY0125","CANTON 2.7 N, MI US","42.347327","-83.472867","210.6","2020-11",,,,,,,
"US1MIWY0125","CANTON 2.7 N, MI US","42.347327","-83.472867","210.6","2020-12",,,,,,,
"US1MIKN0096","LOWELL 3.5 SSW, MI US","42.8855","-85.36715","255.7","2020-07",,,,,,,
"US1MIKN0096","LOWELL 3.5 SSW, MI US","42.8855","-85.36715","255.7","2020-09",,,,,,,
"US1MIKN0093","GRANDVILLE 0.6 SSW, MI US","42.89531","-85.76006","192.0","2020-07",,,,,,,
"US1MIKN0093","GRANDVILLE 0.6 SSW, MI US","42.89531","-85.76006","192.0","2020-08",,,,,,,
"US1MIKN0093","GRANDVILLE 0.6 SSW, MI US","42.89531","-85.76006","192.0","2020-09",,,,,,,
"US1MIKN0093","GRANDVILLE 0.6 SSW, MI US","42.89531","-85.76006","192.0","2020-10",,,,,,,
"US1MIKN0093","GRANDVILLE 0.6 SSW, MI US","42.89531","-85.76006","192.0","2020-11",,,,,,,
"US1MIKN0093","GRANDVILLE 0.6 SSW, MI US","42.89531","-85.76006","192.0","2020-12",,,,,,,
"US1MIKN0094","CALEDONIA 2.6 NNW, MI US","42.82742","-85.534945","250.9","2020-07",,,,,,,
"US1MIKN0094","CALEDONIA 2.6 NNW, MI US","42.82742","-85.534945","250.9","2020-08",,,,,,,
"US1MIKN0094","CALEDONIA 2.6 NNW, MI US","42.82742","-85.534945","250.9","2020-09",,,,,,,
"US1MIKN0094","CALEDONIA 2.6 NNW, MI US","42.82742","-85.534945","250.9","2020-10",,,,,,,
"US1MIKN0094","CALEDONIA 2.6 NNW, MI US","42.82742","-85.534945","250.9","2020-11",,,,,,,
"US1MIKN0094","CALEDONIA 2.6 NNW, MI US","42.82742","-85.534945","250.9","2020-12",,,,,,,
"USC00200342","ATLANTA, MI US","45.00471","-84.14043","267.9","2020-07","193.2","8.3","32.8","2.5","22.2","29.0","15.4"
"USC00200342","ATLANTA, MI US","45.00471","-84.14043","267.9","2020-08","249.7","7.2","31.7","21.6","19.5","26.1","12.9"
"USC00200342","ATLANTA, MI US","45.00471","-84.14043","267.9","2020-09","252.2","-2.2","26.1","183.4","13.0","19.8","6.3"
"USC00200342","ATLANTA, MI US","45.00471","-84.14043","267.9","2020-10","252.2","-7.8","22.8","587.5","5.3","10.4","0.2"
"USC00200342","ATLANTA, MI US","45.00471","-84.14043","267.9","2020-11","254.2","-7.2","23.9","1003.3","4.5","9.7","-0.6"
"USC00200342","ATLANTA, MI US","45.00471","-84.14043","267.9","2020-12","254.2","-11.7","7.8","1656.4","-2.7","-0.1","-5.4"
"US1MIKN0092","KENTWOOD 1.7 SSE, MI US","42.85995","-85.57959","224.0","2020-07",,,,,,,
"US1MIKN0092","KENTWOOD 1.7 SSE, MI US","42.85995","-85.57959","224.0","2020-08",,,,,,,
"US1MIKN0092","KENTWOOD 1.7 SSE, MI US","42.85995","-85.57959","224.0","2020-09",,,,,,,
"US1MIKN0092","KENTWOOD 1.7 SSE, MI US","42.85995","-85.57959","224.0","2020-10",,,,,,,
"US1MIKN0092","KENTWOOD 1.7 SSE, MI US","42.85995","-85.57959","224.0","2020-11",,,,,,,
"US1MIWY0122","DEARBORN HEIGHTS 4.0 S, MI US","42.26993","-83.28569","187.5","2020-08",,,,,,,
"US1MIWY0122","DEARBORN HEIGHTS 4.0 S, MI US","42.26993","-83.28569","187.5","2020-09",,,,,,,
"US1MIWS0031","DEXTER 2.2 SE, MI US","42.304488","-83.855344","285.6","2020-07",,,,,,,
"US1MIWS0031","DEXTER 2.2 SE, MI US","42.304488","-83.855344","285.6","2020-08",,,,,,,
"US1MIWS0031","DEXTER 2.2 SE, MI US","42.304488","-83.855344","285.6","2020-09",,,,,,,
"US1MIWS0031","DEXTER 2.2 SE, MI US","42.304488","-83.855344","285.6","2020-10",,,,,,,
"US1MIWS0031","DEXTER 2.2 SE, MI US","42.304488","-83.855344","285.6","2020-11",,,,,,,
"US1MIWS0031","DEXTER 2.2 SE, MI US","42.304488","-83.855344","285.6","2020-12",,,,,,,
"US1MIWY0123","FLAT ROCK 0.7 NNW, MI US","42.1113439","-83.2793","183.8","2020-08",,,,,,,
"US1MIWY0123","FLAT ROCK 0.7 NNW, MI US","42.1113439","-83.2793","183.8","2020-09",,,,,,,
"US1MIWY0123","FLAT ROCK 0.7 NNW, MI US","42.1113439","-83.2793","183.8","2020-10",,,,,,,
"USC00201675","COLDWATER ST SCHOOL, MI US","41.9622","-84.9925","299.9","2020-07","252.2","13.3","35.6","0.0","23.1","29.2","17.1"
"USC00201675","COLDWATER ST SCHOOL, MI US","41.9622","-84.9925","299.9","2020-08","336.0","10.0","33.3","8.0","20.8","27.3","14.2"
"USC00201675","COLDWATER ST SCHOOL, MI US","41.9622","-84.9925","299.9","2020-09","346.9","0.6","28.3","95.5","15.8","22.0","9.5"
"USC00201675","COLDWATER ST SCHOOL, MI US","41.9622","-84.9925","299.9","2020-10","346.9","-3.3","26.7","394.4","8.7","14.3","3.1"
"USC00201675","COLDWATER ST SCHOOL, MI US","41.9622","-84.9925","299.9","2020-11","346.9","-6.1","25.0","764.0","6.0","11.2","0.8"
"USC00201675","COLDWATER ST SCHOOL, MI US","41.9622","-84.9925","299.9","2020-12","346.9","-10.0","11.1","1359.9","-0.9","2.8","-4.6"
"US1MIGT0021","KINGSLEY 2.7 ENE, MI US","44.59871667","-85.48426667","281.3","2020-07",,,,,,,
"US1MIGT0021","KINGSLEY 2.7 ENE, MI US","44.59871667","-85.48426667","281.3","2020-08",,,,,,,
"US1MIGT0021","KINGSLEY 2.7 ENE, MI US","44.59871667","-85.48426667","281.3","2020-09",,,,,,,
"US1MIGT0021","KINGSLEY 2.7 ENE, MI US","44.59871667","-85.48426667","281.3","2020-10",,,,,,,
"US1MIGT0021","KINGSLEY 2.7 ENE, MI US","44.59871667","-85.48426667","281.3","2020-11",,,,,,,
"US1MIGT0021","KINGSLEY 2.7 ENE, MI US","44.59871667","-85.48426667","281.3","2020-12",,,,,,,
"US1MIOK0119","WIXOM 2.0 NNW, MI US","42.550782","-83.551323","292.0","2020-07",,,,,,,
"US1MIOK0119","WIXOM 2.0 NNW, MI US","42.550782","-83.551323","292.0","2020-08",,,,,,,
"US1MIOK0119","WIXOM 2.0 NNW, MI US","42.550782","-83.551323","292.0","2020-09",,,,,,,
"US1MIOK0119","WIXOM 2.0 NNW, MI US","42.550782","-83.551323","292.0","2020-10",,,,,,,
"US1MIOK0119","WIXOM 2.0 NNW, MI US","42.550782","-83.551323","292.0","2020-11",,,,,,,
"US1MIOK0119","WIXOM 2.0 NNW, MI US","42.550782","-83.551323","292.0","2020-12",,,,,,,
"US1MIOK0116","SOUTH LYON 3.7 N, MI US","42.5149152","-83.649561","289.3","2020-07",,,,,,,
"US1MIOK0116","SOUTH LYON 3.7 N, MI US","42.5149152","-83.649561","289.3","2020-08",,,,,,,
"USC00208080","TECUMSEH, MI US","42.0027","-83.9336","237.7","2020-07","245.5","12.8","36.1","0.0","23.8","32.0","15.7"
"USC00208080","TECUMSEH, MI US","42.0027","-83.9336","237.7","2020-08","333.3","8.9","36.1","4.5","21.3","29.6","13.0"
"USC00208080","TECUMSEH, MI US","42.0027","-83.9336","237.7","2020-09","345.7","-1.1","31.1","80.5","15.9","24.1","7.7"
"USC00208080","TECUMSEH, MI US","42.0027","-83.9336","237.7","2020-10","345.7","-3.9","27.2","351.6","9.0","16.2","1.8"
"USC00208080","TECUMSEH, MI US","42.0027","-83.9336","237.7","2020-11",,,,,,,
"USC00208080","TECUMSEH, MI US","42.0027","-83.9336","237.7","2020-12",,"-8.9","13.3",,"-0.7","3.2","-4.6"
"USC00204958","LUDINGTON STATE PARK, MI US","44.0334","-86.5043","179.2","2020-07",,,,,,,
"USC00204958","LUDINGTON STATE PARK, MI US","44.0334","-86.5043","179.2","2020-08",,,,,,,
"USC00204958","LUDINGTON STATE PARK, MI US","44.0334","-86.5043","179.2","2020-09",,,,,,,
"USC00204958","LUDINGTON STATE PARK, MI US","44.0334","-86.5043","179.2","2020-12",,,,,,,
"US1MIOK0112","TROY 2.8 W, MI US","42.57358","-83.19643","242.3","2020-07",,,,,,,
"US1MIOK0112","TROY 2.8 W, MI US","42.57358","-83.19643","242.3","2020-08",,,,,,,
"USC00203504","GULL LAKE BIOLOGICAL STATION, MI US","42.3941","-85.385","281.9","2020-07",,,,,,,
"USC00203504","GULL LAKE BIOLOGICAL STATION, MI US","42.3941","-85.385","281.9","2020-08",,,,,,,
"USC00203504","GULL LAKE BIOLOGICAL STATION, MI US","42.3941","-85.385","281.9","2020-09",,,,,,,
"USC00203504","GULL LAKE BIOLOGICAL STATION, MI US","42.3941","-85.385","281.9","2020-10",,,,,,,
"USC00203504","GULL LAKE BIOLOGICAL STATION, MI US","42.3941","-85.385","281.9","2020-11",,,,,,,
"USC00203504","GULL LAKE BIOLOGICAL STATION, MI US","42.3941","-85.385","281.9","2020-12",,,,,,,
"US1MIMB0065","CHESTERFIELD 2.4 E, MI US","42.66549","-82.79473","178.9","2020-07",,,,,,,
"US1MIMB0065","CHESTERFIELD 2.4 E, MI US","42.66549","-82.79473","178.9","2020-08",,,,,,,
"US1MIMB0065","CHESTERFIELD 2.4 E, MI US","42.66549","-82.79473","178.9","2020-09",,,,,,,
"US1MIMB0065","CHESTERFIELD 2.4 E, MI US","42.66549","-82.79473","178.9","2020-10",,,,,,,
"US1MIMB0065","CHESTERFIELD 2.4 E, MI US","42.66549","-82.79473","178.9","2020-11",,,,,,,
"US1MIMB0065","CHESTERFIELD 2.4 E, MI US","42.66549","-82.79473","178.9","2020-12",,,,,,,
"USW00014804","MOUNT CLEMENS ANG BASE, MI US","42.6083","-82.8183","176.8","2020-07","282.4","13.9","33.3","0.0","24.2","29.9","18.5"
"USW00014804","MOUNT CLEMENS ANG BASE, MI US","42.6083","-82.8183","176.8","2020-08","390.1","12.2","33.9","0.3","21.8","27.4","16.2"
"USW00014804","MOUNT CLEMENS ANG BASE, MI US","42.6083","-82.8183","176.8","2020-09","412.0","0.6","29.4","76.4","16.5","22.4","10.7"
"USW00014804","MOUNT CLEMENS ANG BASE, MI US","42.6083","-82.8183","176.8","2020-10","412.0","-2.8","25.0","335.0","10.0","14.9","5.0"
"USW00014804","MOUNT CLEMENS ANG BASE, MI US","42.6083","-82.8183","176.8","2020-11","412.0","-6.1","23.3","671.9","7.1","12.2","2.0"
"USW00014804","MOUNT CLEMENS ANG BASE, MI US","42.6083","-82.8183","176.8","2020-12","412.0","-7.2","11.7","1226.1","0.5","3.8","-2.8"
"USC00203628","HARRISVILLE STATE PARK, MI US","44.64975","-83.29585","186.5","2020-07","79.2","11.7","31.7","8.1","20.3","24.6","16.0"
"USC00203628","HARRISVILLE STATE PARK, MI US","44.64975","-83.29585","186.5","2020-08","133.9","10.6","30.0","26.6","19.5","23.8","15.2"
"USC00203628","HARRISVILLE STATE PARK, MI US","44.64975","-83.29585","186.5","2020-09","135.5","1.7","26.1","151.5","14.2","18.7","9.7"
"USC00203628","HARRISVILLE STATE PARK, MI US","44.64975","-83.29585","186.5","2020-10","135.5","-5.0","20.0","502.5","7.0","11.7","2.3"
"USC00203628","HARRISVILLE STATE PARK, MI US","44.64975","-83.29585","186.5","2020-11","135.5","-5.0","21.7","907.0","4.9","9.4","0.3"
"USC00203628","HARRISVILLE STATE PARK, MI US","44.64975","-83.29585","186.5","2020-12","135.5","-11.7","6.7","1523.1","-1.5","0.9","-4.0"
"USR0000MWDO","WINDIGO MICHIGAN, MI US","47.9117","-89.1547","213.4","2020-07","122.4","11.1","33.9","8.4","20.9","26.2","15.5"
"USR0000MWDO","WINDIGO MICHIGAN, MI US","47.9117","-89.1547","213.4","2020-08","163.5","10.0","28.9","35.1","18.8","23.1","14.6"
"USR0000MWDO","WINDIGO MICHIGAN, MI US","47.9117","-89.1547","213.4","2020-09","163.5","3.3","22.8","209.1","12.5","16.2","8.9"
"USR0000MWDO","WINDIGO MICHIGAN, MI US","47.9117","-89.1547","213.4","2020-10","163.5","-5.0","18.3","639.4","4.0","6.5","1.5"
"USR0000MWDO","WINDIGO MICHIGAN, MI US","47.9117","-89.1547","213.4","2020-11","163.5","-8.9","18.9","1061.0","1.5","4.9","-1.8"
"USR0000MWDO","WINDIGO MICHIGAN, MI US","47.9117","-89.1547","213.4","2020-12","163.5","-17.8","7.2","1777.5","-4.8","-1.9","-7.6"
"US1MIGT0016","TRAVERSE CITY 0.9 NNE, MI US","44.7662018","-85.5949477","181.1","2020-10",,,,,,,
"US1MIGT0016","TRAVERSE CITY 0.9 NNE, MI US","44.7662018","-85.5949477","181.1","2020-11",,,,,,,
"US1MIGT0016","TRAVERSE CITY 0.9 NNE, MI US","44.7662018","-85.5949477","181.1","2020-12",,,,,,,
"USC00200230","ANN ARBOR U OF MICH, MI US","42.29806","-83.66388","247.8","2020-07","269.1","12.8","34.4","0.0","23.9","30.4","17.3"
"USC00200230","ANN ARBOR U OF MICH, MI US","42.29806","-83.66388","247.8","2020-08","371.8","8.9","32.8","4.2","21.5","28.4","14.6"
"USC00200230","ANN ARBOR U OF MICH, MI US","42.29806","-83.66388","247.8","2020-09","392.9","-1.7","28.9","77.7","16.6","23.4","9.7"
"USC00200230","ANN ARBOR U OF MICH, MI US","42.29806","-83.66388","247.8","2020-10","394.0","-5.0","26.1","347.5","9.7","15.5","3.8"
"USC00200230","ANN ARBOR U OF MICH, MI US","42.29806","-83.66388","247.8","2020-11","394.0","-8.3","25.6","698.3","6.6","12.7","0.6"
"USC00200230","ANN ARBOR U OF MICH, MI US","42.29806","-83.66388","247.8","2020-12","394.0","-10.0","12.2","1273.2","-0.2","3.6","-4.0"
"USC00203744","HERMAN, MI US","46.6653","-88.3772","523.3","2020-07","116.5","7.2","31.1","27.0","19.8","25.5","14.0"
"USC00203744","HERMAN, MI US","46.6653","-88.3772","523.3","2020-08","145.6","3.9","29.4","80.6","17.5","22.8","12.3"
"USC00203744","HERMAN, MI US","46.6653","-88.3772","523.3","2020-09","145.6","-3.3","25.0","285.8","11.5","16.5","6.5"
"USC00203744","HERMAN, MI US","46.6653","-88.3772","523.3","2020-10","145.6","-11.7","22.2","782.5","2.3","5.8","-1.2"
"USC00203744","HERMAN, MI US","46.6653","-88.3772","523.3","2020-11","145.6","-11.1","22.2","1303.9","0.9","5.0","-3.1"
"USC00203744","HERMAN, MI US","46.6653","-88.3772","523.3","2020-12","145.6","-20.6","7.2","2073.4","-6.5","-3.6","-9.4"
"US1MIIC0003","EAST TAWAS 0.8 WSW, MI US","44.2832232","-83.4992036","179.8","2020-07",,,,,,,
"US1MIIC0003","EAST TAWAS 0.8 WSW, MI US","44.2832232","-83.4992036","179.8","2020-08",,,,,,,
"US1MIIC0003","EAST TAWAS 0.8 WSW, MI US","44.2832232","-83.4992036","179.8","2020-09",,,,,,,
"US1MIIC0003","EAST TAWAS 0.8 WSW, MI US","44.2832232","-83.4992036","179.8","2020-10",,,,,,,
"US1MIIC0003","EAST TAWAS 0.8 WSW, MI US","44.2832232","-83.4992036","179.8","2020-11",,,,,,,
"US1MIIC0003","EAST TAWAS 0.8 WSW, MI US","44.2832232","-83.4992036","179.8","2020-12",,,,,,,
"USC00200234","ARNOLD 2 N, MI US","46.07511","-87.48987","338.6","2020-07",,,,,,,
"USC00200234","ARNOLD 2 N, MI US","46.07511","-87.48987","338.6","2020-08",,,,,,,
"USC00200234","ARNOLD 2 N, MI US","46.07511","-87.48987","338.6","2020-09",,,,,,,
"USC00200234","ARNOLD 2 N, MI US","46.07511","-87.48987","338.6","2020-11",,,,,,,
"USC00200234","ARNOLD 2 N, MI US","46.07511","-87.48987","338.6","2020-12",,,,,,,
"US1MICF0009","GRAYLING 15.8 NE, MI US","44.804643","-84.463138","353.0","2020-07",,,,,,,
"US1MICF0009","GRAYLING 15.8 NE, MI US","44.804643","-84.463138","353.0","2020-08",,,,,,,
"US1MICF0009","GRAYLING 15.8 NE, MI US","44.804643","-84.463138","353.0","2020-10",,,,,,,
"US1MICF0009","GRAYLING 15.8 NE, MI US","44.804643","-84.463138","353.0","2020-11",,,,,,,
"US1MICF0009","GRAYLING 15.8 NE, MI US","44.804643","-84.463138","353.0","2020-12",,,,,,,
"US1MIKN0033","GRAND RAPIDS 3.0 NW, MI US","42.995024","-85.692186","189.3","2020-09",,,,,,,
"US1MIKN0033","GRAND RAPIDS 3.0 NW, MI US","42.995024","-85.692186","189.3","2020-10",,,,,,,
"US1MICT0001","LAINGSBURG 5.0 SW, MI US","42.8402777","-84.4197222","247.2","2020-07",,,,,,,
"US1MICT0001","LAINGSBURG 5.0 SW, MI US","42.8402777","-84.4197222","247.2","2020-08",,,,,,,
"US1MICT0001","LAINGSBURG 5.0 SW, MI US","42.8402777","-84.4197222","247.2","2020-11",,,,,,,
"US1MICT0001","LAINGSBURG 5.0 SW, MI US","42.8402777","-84.4197222","247.2","2020-12",,,,,,,
"US1MICT0002","HASLETT 1.2 N, MI US","42.76997","-84.40314","263.0","2020-07",,,,,,,
"US1MICT0002","HASLETT 1.2 N, MI US","42.76997","-84.40314","263.0","2020-08",,,,,,,
"US1MICT0002","HASLETT 1.2 N, MI US","42.76997","-84.40314","263.0","2020-09",,,,,,,
"US1MICT0002","HASLETT 1.2 N, MI US","42.76997","-84.40314","263.0","2020-10",,,,,,,
"US1MICT0002","HASLETT 1.2 N, MI US","42.76997","-84.40314","263.0","2020-11",,,,,,,
"US1MICT0002","HASLETT 1.2 N, MI US","42.76997","-84.40314","263.0","2020-12",,,,,,,
"US1MICT0003","DE WITT 1.2 W, MI US","42.832602","-84.598212","244.1","2020-07",,,,,,,
"US1MICT0003","DE WITT 1.2 W, MI US","42.832602","-84.598212","244.1","2020-08",,,,,,,
"US1MICT0003","DE WITT 1.2 W, MI US","42.832602","-84.598212","244.1","2020-09",,,,,,,
"US1MIKN0032","GRAND RAPIDS 2.9 NW, MI US","42.991906","-85.694373","194.2","2020-07",,,,,,,
"US1MIKN0032","GRAND RAPIDS 2.9 NW, MI US","42.991906","-85.694373","194.2","2020-08",,,,,,,
"US1MIKN0032","GRAND RAPIDS 2.9 NW, MI US","42.991906","-85.694373","194.2","2020-09",,,,,,,
"US1MIKN0032","GRAND RAPIDS 2.9 NW, MI US","42.991906","-85.694373","194.2","2020-10",,,,,,,
"US1MIKN0032","GRAND RAPIDS 2.9 NW, MI US","42.991906","-85.694373","194.2","2020-11",,,,,,,
"US1MIKN0032","GRAND RAPIDS 2.9 NW, MI US","42.991906","-85.694373","194.2","2020-12",,,,,,,
"USC00209188","YALE 1 NNW, MI US","43.1447","-82.8011","249.9","2020-07",,"11.7","34.4","0.0","22.2","29.1","15.3"
"USC00209188","YALE 1 NNW, MI US","43.1447","-82.8011","249.9","2020-08",,,"31.7",,,"26.4",
"USC00209188","YALE 1 NNW, MI US","43.1447","-82.8011","249.9","2020-09",,"0.6","27.8",,"14.9","21.6","8.1"
"USC00209188","YALE 1 NNW, MI US","43.1447","-82.8011","249.9","2020-10",,"-5.0","24.4",,"8.8","14.4","3.2"
"USC00209188","YALE 1 NNW, MI US","43.1447","-82.8011","249.9","2020-11",,"-6.7","24.4",,"6.0","11.9","0.2"
"USC00209188","YALE 1 NNW, MI US","43.1447","-82.8011","249.9","2020-12",,"-7.8","10.6",,"-0.6","2.3","-3.4"
"USW00014822","DETROIT CITY AIRPORT, MI US","42.40725","-83.00899","189.8","2020-07","365.4","17.2","35.0","0.0","25.5","30.6","20.4"
"USW00014822","DETROIT CITY AIRPORT, MI US","42.40725","-83.00899","189.8","2020-08","516.5","14.4","33.9","0.0","23.2","28.1","18.3"
"USW00014822","DETROIT CITY AIRPORT, MI US","42.40725","-83.00899","189.8","2020-09","552.3","3.9","29.4","51.6","17.8","22.9","12.7"
"USW00014822","DETROIT CITY AIRPORT, MI US","42.40725","-83.00899","189.8","2020-10","552.6","-2.1","25.6","284.6","10.8","15.4","6.3"
"USW00014822","DETROIT CITY AIRPORT, MI US","42.40725","-83.00899","189.8","2020-11","554.3","-3.8","24.4","598.7","7.9","12.5","3.4"
"USW00014822","DETROIT CITY AIRPORT, MI US","42.40725","-83.00899","189.8","2020-12","554.3","-6.6","13.3","1134.8","1.0","4.1","-2.1"
"US1MIOK0109","HIGHLAND 1.3 NE, MI US","42.678772","-83.593618","312.1","2020-07",,,,,,,
"US1MIOK0109","HIGHLAND 1.3 NE, MI US","42.678772","-83.593618","312.1","2020-08",,,,,,,
"US1MIOK0109","HIGHLAND 1.3 NE, MI US","42.678772","-83.593618","312.1","2020-09",,,,,,,
"US1MIOK0109","HIGHLAND 1.3 NE, MI US","42.678772","-83.593618","312.1","2020-10",,,,,,,
"US1MIOK0109","HIGHLAND 1.3 NE, MI US","42.678772","-83.593618","312.1","2020-11",,,,,,,
"US1MIOK0109","HIGHLAND 1.3 NE, MI US","42.678772","-83.593618","312.1","2020-12",,,,,,,
"US1MIOK0107","CLARKSTON 1.4 NE, MI US","42.749556","-83.401394","311.2","2020-07",,,,,,,
"US1MIOK0107","CLARKSTON 1.4 NE, MI US","42.749556","-83.401394","311.2","2020-09",,,,,,,
"US1MIOK0107","CLARKSTON 1.4 NE, MI US","42.749556","-83.401394","311.2","2020-10",,,,,,,
"US1MIOK0107","CLARKSTON 1.4 NE, MI US","42.749556","-83.401394","311.2","2020-11",,,,,,,
"USW00014817","CADILLAC, MI US","44.2655","-85.3966","394.7","2020-07","208.3","9.4","34.4","1.7","22.6","29.4","15.8"
"USW00014817","CADILLAC, MI US","44.2655","-85.3966","394.7","2020-08","296.1","7.2","31.1","21.2","20.5","26.9","14.2"
"USW00014817","CADILLAC, MI US","44.2655","-85.3966","394.7","2020-09","298.9","-1.7","26.1","164.2","13.7","19.6","7.7"
"USW00014817","CADILLAC, MI US","44.2655","-85.3966","394.7","2020-10","298.9","-5.0","23.9","542.2","6.1","11.2","1.1"
"USW00014817","CADILLAC, MI US","44.2655","-85.3966","394.7","2020-11","300.3","-11.7","23.3","959.4","4.5","9.6","-0.6"
"USW00014817","CADILLAC, MI US","44.2655","-85.3966","394.7","2020-12","300.3","-13.9","9.4","1591.8","-2.1","0.5","-4.7"
"USC00204967","LUPTON 1 S, MI US","44.4199","-84.0232","276.8","2020-07","186.8","9.4","36.1","1.1","22.3","30.5","14.1"
"USC00204967","LUPTON 1 S, MI US","44.4199","-84.0232","276.8","2020-08","254.6","7.2","31.7","19.4","19.9","27.4","12.4"
"USC00204967","LUPTON 1 S, MI US","44.4199","-84.0232","276.8","2020-09","259.0","-2.8","28.3","159.7","13.8","21.0","6.6"
"USC00204967","LUPTON 1 S, MI US","44.4199","-84.0232","276.8","2020-10","259.0","-8.9","22.8","546.3","5.9","12.0","-0.2"
"USC00204967","LUPTON 1 S, MI US","44.4199","-84.0232","276.8","2020-11","259.0","-8.9","23.9","985.5","3.7","10.1","-2.7"
"USC00204967","LUPTON 1 S, MI US","44.4199","-84.0232","276.8","2020-12","259.0","-11.1","7.8","1612.2","-1.9","1.2","-5.0"
"USC00202308","DUNDEE, MI US","41.9552","-83.6488","201.2","2020-07","297.5","15.0","35.0","0.0","24.6","30.9","18.3"
"USC00202308","DUNDEE, MI US","41.9552","-83.6488","201.2","2020-08","428.6","11.7","34.4","1.1","22.5","29.1","16.0"
"USC00202308","DUNDEE, MI US","41.9552","-83.6488","201.2","2020-09","456.2","2.2","30.6","55.6","17.4","24.2","10.6"
"USC00202308","DUNDEE, MI US","41.9552","-83.6488","201.2","2020-10","457.3","-2.8","27.2","299.9","10.1","16.0","4.1"
"USC00202308","DUNDEE, MI US","41.9552","-83.6488","201.2","2020-11","457.3","-5.0","26.7","594.6","7.4","13.4","1.4"
"USC00202308","DUNDEE, MI US","41.9552","-83.6488","201.2","2020-12","457.3","-8.3","14.4","1148.1","-0.1","3.4","-3.6"
"USW00014815","BATTLE CREEK KELLOGG AIRPORT, MI US","42.31192","-85.24147","282.5","2020-07","317.2","14.4","34.4","0.0","24.4","30.3","18.5"
"USW00014815","BATTLE CREEK KELLOGG AIRPORT, MI US","42.31192","-85.24147","282.5","2020-08","444.7","10.0","34.4","1.9","22.4","28.8","16.0"
"USW00014815","BATTLE CREEK KELLOGG AIRPORT, MI US","42.31192","-85.24147","282.5","2020-09","465.9","1.1","28.9","70.4","16.8","22.3","11.3"
"USW00014815","BATTLE CREEK KELLOGG AIRPORT, MI US","42.31192","-85.24147","282.5","2020-10","465.9","-1.6","26.7","348.5","9.4","14.8","4.0"
"USW00014815","BATTLE CREEK KELLOGG AIRPORT, MI US","42.31192","-85.24147","282.5","2020-11","467.5","-4.9","25.0","687.5","7.1","12.3","1.8"
"USW00014815","BATTLE CREEK KELLOGG AIRPORT, MI US","42.31192","-85.24147","282.5","2020-12","467.5","-8.8","11.1","1245.8","0.3","3.9","-3.3"
"USW00014814","ALPENA WASTEWATER PLANT, MI US","45.0605","-83.428","179.8","2020-07","169.0","11.7","33.3","1.4","22.4","27.7","17.2"
"USW00014814","ALPENA WASTEWATER PLANT, MI US","45.0605","-83.428","179.8","2020-08","253.7","10.6","31.1","17.8","20.5","25.3","15.8"
"USW00014814","ALPENA WASTEWATER PLANT, MI US","45.0605","-83.428","179.8","2020-09","254.5","2.8","26.1","141.2","14.3","19.2","9.3"
"USW00014814","ALPENA WASTEWATER PLANT, MI US","45.0605","-83.428","179.8","2020-10","254.5","-5.0","21.7","506.0","6.6","10.8","2.4"
"USW00014814","ALPENA WASTEWATER PLANT, MI US","45.0605","-83.428","179.8","2020-11","254.5","-3.9","22.8","899.8","5.2","9.9","0.5"
"USW00014814","ALPENA WASTEWATER PLANT, MI US","45.0605","-83.428","179.8","2020-12","254.5","-10.6","6.1","1524.4","-1.8","0.6","-4.3"
"USC00203639","HARVEY, MI US","46.4907","-87.3544","195.1","2020-07",,,,,,,
"USC00203639","HARVEY, MI US","46.4907","-87.3544","195.1","2020-08",,,,,,,
"USC00203639","HARVEY, MI US","46.4907","-87.3544","195.1","2020-09",,,,,,,
"USC00203639","HARVEY, MI US","46.4907","-87.3544","195.1","2020-10",,,,,,,
"USC00203639","HARVEY, MI US","46.4907","-87.3544","195.1","2020-11",,,,,,,
"USC00200361","AUBURN 2 NE, MI US","43.6252","-84.0188","184.4","2020-08",,,,,,,
"USC00200361","AUBURN 2 NE, MI US","43.6252","-84.0188","184.4","2020-10",,,,,,,
"USC00200361","AUBURN 2 NE, MI US","43.6252","-84.0188","184.4","2020-12",,"-7.8","10.6",,"-0.6","2.5","-3.7"
"US1MIGT0027","TRAVERSE CITY 4.7 W, MI US","44.75372779","-85.69934777","309.1","2020-08",,,,,,,
"US1MIGT0027","TRAVERSE CITY 4.7 W, MI US","44.75372779","-85.69934777","309.1","2020-09",,,,,,,
"US1MIGT0027","TRAVERSE CITY 4.7 W, MI US","44.75372779","-85.69934777","309.1","2020-10",,,,,,,
"US1MIGT0027","TRAVERSE CITY 4.7 W, MI US","44.75372779","-85.69934777","309.1","2020-11",,,,,,,
"US1MIGT0027","TRAVERSE CITY 4.7 W, MI US","44.75372779","-85.69934777","309.1","2020-12",,,,,,,
"USC00202783","FIFE LAKE 2 WNW, MI US","44.5848","-85.3653","320.6","2020-07","162.4","8.3","34.4","8.9","21.6","28.8","14.5"
"USC00202783","FIFE LAKE 2 WNW, MI US","44.5848","-85.3653","320.6","2020-08","225.2","6.1","31.7","35.3","19.6","26.5","12.7"
"USC00202783","FIFE LAKE 2 WNW, MI US","44.5848","-85.3653","320.6","2020-09","228.6","-1.1","26.1","178.7","13.3","19.3","7.3"
"USC00202783","FIFE LAKE 2 WNW, MI US","44.5848","-85.3653","320.6","2020-10","228.6","-6.7","23.3","531.5","5.7","10.7","0.8"
"USC00202783","FIFE LAKE 2 WNW, MI US","44.5848","-85.3653","320.6","2020-11","229.4","-8.3","23.9","964.5","3.9","9.2","-1.3"
"USC00202783","FIFE LAKE 2 WNW, MI US","44.5848","-85.3653","320.6","2020-12","229.4","-16.1","7.2","1625.1","-3.0","-0.5","-5.5"
"USC00203632","HART 3 WSW, MI US","43.6751","-86.4228","236.2","2020-07",,,,,,,
"USC00203632","HART 3 WSW, MI US","43.6751","-86.4228","236.2","2020-08",,,,,,,
"USC00203632","HART 3 WSW, MI US","43.6751","-86.4228","236.2","2020-09",,,,,,,
"USC00203632","HART 3 WSW, MI US","43.6751","-86.4228","236.2","2020-10",,,,,,,
"USC00203632","HART 3 WSW, MI US","43.6751","-86.4228","236.2","2020-11",,,,,,,
"USC00203632","HART 3 WSW, MI US","43.6751","-86.4228","236.2","2020-12",,,,,,,
"USC00202423","EAST TAWAS, MI US","44.2838","-83.5036","178.6","2020-07","206.5","13.3","34.4","0.0","23.1","28.9","17.3"
"USC00202423","EAST TAWAS, MI US","44.2838","-83.5036","178.6","2020-08","294.4","10.0","32.2","5.0","21.0","27.0","15.0"
"USC00202423","EAST TAWAS, MI US","44.2838","-83.5036","178.6","2020-09","300.9","0.0","27.8","112.1","14.9","20.9","8.8"
"USC00202423","EAST TAWAS, MI US","44.2838","-83.5036","178.6","2020-10","300.9","-6.7","21.7","438.8","7.8","13.2","2.4"
"USC00202423","EAST TAWAS, MI US","44.2838","-83.5036","178.6","2020-11","300.9","-7.2","22.2","830.7","5.3","10.8","-0.2"
"USC00202423","EAST TAWAS, MI US","44.2838","-83.5036","178.6","2020-12","300.9","-13.3","8.9","1431.5","-1.1","2.0","-4.1"
"US1MIKN0048","KENTWOOD 1.6 WSW, MI US","42.874211","-85.622056","227.1","2020-07",,,,,,,
"US1MIKN0048","KENTWOOD 1.6 WSW, MI US","42.874211","-85.622056","227.1","2020-08",,,,,,,
"US1MIKN0048","KENTWOOD 1.6 WSW, MI US","42.874211","-85.622056","227.1","2020-10",,,,,,,
"US1MIKN0048","KENTWOOD 1.6 WSW, MI US","42.874211","-85.622056","227.1","2020-11",,,,,,,
"US1MIKN0048","KENTWOOD 1.6 WSW, MI US","42.874211","-85.622056","227.1","2020-12",,,,,,,
"US1MIOT0017","GAYLORD 4.1 S, MI US","44.963889","-84.684674","392.9","2020-07",,,,,,,
"US1MIOT0017","GAYLORD 4.1 S, MI US","44.963889","-84.684674","392.9","2020-08",,,,,,,
"US1MIOT0017","GAYLORD 4.1 S, MI US","44.963889","-84.684674","392.9","2020-09",,,,,,,
"US1MIOT0017","GAYLORD 4.1 S, MI US","44.963889","-84.684674","392.9","2020-10",,,,,,,
"US1MIOT0017","GAYLORD 4.1 S, MI US","44.963889","-84.684674","392.9","2020-11",,,,,,,
"US1MIOT0017","GAYLORD 4.1 S, MI US","44.963889","-84.684674","392.9","2020-12",,,,,,,
"US1MIOT0016","CRESTWOOD SUBDIVISION, MI US","44.994419","-84.658205","395.9","2020-07",,,,,,,
"US1MIOT0016","CRESTWOOD SUBDIVISION, MI US","44.994419","-84.658205","395.9","2020-08",,,,,,,
"US1MIOT0016","CRESTWOOD SUBDIVISION, MI US","44.994419","-84.658205","395.9","2020-09",,,,,,,
"US1MIOT0016","CRESTWOOD SUBDIVISION, MI US","44.994419","-84.658205","395.9","2020-10",,,,,,,
"US1MIOT0016","CRESTWOOD SUBDIVISION, MI US","44.994419","-84.658205","395.9","2020-11",,,,,,,
"US1MIOT0016","CRESTWOOD SUBDIVISION, MI US","44.994419","-84.658205","395.9","2020-12",,,,,,,
"US1MIKN0043","CALEDONIA 4.4 WNW, MI US","42.825262288","-85.589418411","232.3","2020-07",,,,,,,
"US1MIKN0043","CALEDONIA 4.4 WNW, MI US","42.825262288","-85.589418411","232.3","2020-08",,,,,,,
"US1MIKN0043","CALEDONIA 4.4 WNW, MI US","42.825262288","-85.589418411","232.3","2020-09",,,,,,,
"US1MIKN0043","CALEDONIA 4.4 WNW, MI US","42.825262288","-85.589418411","232.3","2020-10",,,,,,,
"US1MIKN0043","CALEDONIA 4.4 WNW, MI US","42.825262288","-85.589418411","232.3","2020-11",,,,,,,
"US1MIKN0043","CALEDONIA 4.4 WNW, MI US","42.825262288","-85.589418411","232.3","2020-12",,,,,,,
"US1MISJ0007","THREE RIVERS 2.4 NE, MI US","41.97145","-85.60233","250.2","2020-07",,,,,,,
"US1MISJ0007","THREE RIVERS 2.4 NE, MI US","41.97145","-85.60233","250.2","2020-09",,,,,,,
"US1MISJ0007","THREE RIVERS 2.4 NE, MI US","41.97145","-85.60233","250.2","2020-10",,,,,,,
"US1MISJ0007","THREE RIVERS 2.4 NE, MI US","41.97145","-85.60233","250.2","2020-11",,,,,,,
"US1MISJ0007","THREE RIVERS 2.4 NE, MI US","41.97145","-85.60233","250.2","2020-12",,,,,,,
"USW00014833","JACKSON REYNOLDS FIELD, MI US","42.26373","-84.45644","295.9","2020-07","231.5","12.2","33.9","0.0","22.9","29.4","16.4"
"USW00014833","JACKSON REYNOLDS FIELD, MI US","42.26373","-84.45644","295.9","2020-08","327.2","9.4","32.8","7.0","21.2","27.8","14.6"
"USW00014833","JACKSON REYNOLDS FIELD, MI US","42.26373","-84.45644","295.9","2020-09","343.3","0.0","29.4","88.2","16.2","22.3","10.1"
"USW00014833","JACKSON REYNOLDS FIELD, MI US","42.26373","-84.45644","295.9","2020-10","343.3","-4.9","26.1","376.7","9.0","14.7","3.4"
"USW00014833","JACKSON REYNOLDS FIELD, MI US","42.26373","-84.45644","295.9","2020-11","345.5","-6.6","25.6","720.5","6.9","12.4","1.4"
"USW00014833","JACKSON REYNOLDS FIELD, MI US","42.26373","-84.45644","295.9","2020-12","345.5","-9.3","12.2","1293.2","-0.1","3.7","-4.0"
"USC00202437","EATON RAPIDS, MI US","42.518","-84.6521","265.2","2020-07","287.6","13.9","33.9","0.0","23.8","29.9","17.7"
"USC00202437","EATON RAPIDS, MI US","42.518","-84.6521","265.2","2020-08","376.1","8.9","32.2","7.5","21.1","27.8","14.5"
"USC00202437","EATON RAPIDS, MI US","42.518","-84.6521","265.2","2020-09","386.4","0.6","28.3","77.1","16.1","22.6","9.6"
"USC00202437","EATON RAPIDS, MI US","42.518","-84.6521","265.2","2020-10","386.4","-2.8","26.1","376.9","8.7","14.4","2.9"
"USC00202437","EATON RAPIDS, MI US","42.518","-84.6521","265.2","2020-11","386.4","-5.6","25.0","706.8","6.6","12.2","0.9"
"USC00202437","EATON RAPIDS, MI US","42.518","-84.6521","265.2","2020-12",,,,,,,
"USC00203528","HALE 5 SSW NUMBER 2, MI US","44.3122","-83.8377","248.7","2020-07","168.7","9.4","35.0","1.4","21.8","29.7","13.9"
"USC00203528","HALE 5 SSW NUMBER 2, MI US","44.3122","-83.8377","248.7","2020-08","222.6","6.7","31.1","25.6","19.3","26.4","12.2"
"USC00203528","HALE 5 SSW NUMBER 2, MI US","44.3122","-83.8377","248.7","2020-09","225.6","-3.3","27.8","177.5","13.4","20.2","6.5"
"USC00203528","HALE 5 SSW NUMBER 2, MI US","44.3122","-83.8377","248.7","2020-10","225.6","-9.4","22.2","564.2","5.9","12.2","-0.5"
"USC00203528","HALE 5 SSW NUMBER 2, MI US","44.3122","-83.8377","248.7","2020-11","225.6","-10.0","23.3","993.6","3.5","9.8","-2.7"
"USC00203528","HALE 5 SSW NUMBER 2, MI US","44.3122","-83.8377","248.7","2020-12","225.6","-17.8","7.8","1656.3","-3.0","0.3","-6.4"
"USC00201468","CHARLEVOIX, MI US","45.3172","-85.2672","180.7","2020-07","170.3","12.8","33.3","3.3","22.2","26.0","18.4"
"USC00201468","CHARLEVOIX, MI US","45.3172","-85.2672","180.7","2020-08","255.7","12.8","31.1","11.9","20.8","24.4","17.2"
"USC00201468","CHARLEVOIX, MI US","45.3172","-85.2672","180.7","2020-09","264.0","2.8","26.1","114.9","15.2","19.6","10.8"
"USC00201468","CHARLEVOIX, MI US","45.3172","-85.2672","180.7","2020-10","264.0","-3.3","22.2","438.5","7.9","11.5","4.3"
"USC00201468","CHARLEVOIX, MI US","45.3172","-85.2672","180.7","2020-11","264.0","-3.3","24.4","798.1","6.4","10.3","2.4"
"USC00201468","CHARLEVOIX, MI US","45.3172","-85.2672","180.7","2020-12","264.0","-6.7","8.9","1370.9","-0.1","2.0","-2.3"
"US1MIOK0013","PLEASANT RIDGE 0.5 WNW, MI US","42.472465","-83.153615","200.3","2020-07",,,,,,,
"US1MIOK0013","PLEASANT RIDGE 0.5 WNW, MI US","42.472465","-83.153615","200.3","2020-08",,,,,,,
"US1MIOK0013","PLEASANT RIDGE 0.5 WNW, MI US","42.472465","-83.153615","200.3","2020-09",,,,,,,
"US1MIOK0013","PLEASANT RIDGE 0.5 WNW, MI US","42.472465","-83.153615","200.3","2020-10",,,,,,,
"US1MIOK0013","PLEASANT RIDGE 0.5 WNW, MI US","42.472465","-83.153615","200.3","2020-11",,,,,,,
"US1MIOK0013","PLEASANT RIDGE 0.5 WNW, MI US","42.472465","-83.153615","200.3","2020-12",,,,,,,
"USW00014828","GLADWIN, MI US","43.9758","-84.4908","236.2","2020-07","242.1","12.8","36.1","0.0","23.4","30.8","16.1"
"USW00014828","GLADWIN, MI US","43.9758","-84.4908","236.2","2020-08","330.4","9.4","32.8","11.2","20.8","27.6","14.1"
"USW00014828","GLADWIN, MI US","43.9758","-84.4908","236.2","2020-09","335.4","0.0","27.8","120.8","14.9","21.3","8.4"
"USW00014828","GLADWIN, MI US","43.9758","-84.4908","236.2","2020-10","335.4","-4.4","24.4","463.9","7.3","13.2","1.4"
"USW00014828","GLADWIN, MI US","43.9758","-84.4908","236.2","2020-11","335.4","-8.9","24.4","878.3","4.5","11.0","-1.9"
"USW00014828","GLADWIN, MI US","43.9758","-84.4908","236.2","2020-12","335.4","-12.8","8.9","1495.9","-1.6","1.8","-4.9"
"USW00014826","FLINT FCWOS, MI US","42.96684","-83.74996","234.8","2020-07","319.9","11.7","36.1","0.0","23.7","30.2","17.2"
"USW00014826","FLINT FCWOS, MI US","42.96684","-83.74996","234.8","2020-08","405.0","8.3","32.2","9.0","20.8","27.4","14.2"
"USW00014826","FLINT FCWOS, MI US","42.96684","-83.74996","234.8","2020-09","414.7","-1.0","28.3","112.0","15.2","21.3","9.2"
"USW00014826","FLINT FCWOS, MI US","42.96684","-83.74996","234.8","2020-10","414.7","-2.1","25.0","383.6","9.6","15.0","4.1"
"USW00014826","FLINT FCWOS, MI US","42.96684","-83.74996","234.8","2020-11","420.0","-7.1","26.1","698.5","8.0","13.3","2.7"
"USW00014826","FLINT FCWOS, MI US","42.96684","-83.74996","234.8","2020-12","420.0","-6.6","11.7","1246.3","0.7","4.1","-2.8"
"USC00203529","HALE LOUD DAM, MI US","44.4633","-83.7216","221.9","2020-07","217.8","12.2","35.0","0.0","22.8","29.5","16.1"
"USC00203529","HALE LOUD DAM, MI US","44.4633","-83.7216","221.9","2020-08","292.5","8.3","31.1","10.9","20.6","27.1","14.2"
"USC00203529","HALE LOUD DAM, MI US","44.4633","-83.7216","221.9","2020-09","298.7","-0.6","27.2","136.8","14.2","20.5","7.9"
"USC00203529","HALE LOUD DAM, MI US","44.4633","-83.7216","221.9","2020-10","298.7","-8.3","22.2","470.5","7.2","12.3","2.2"
"USC00203529","HALE LOUD DAM, MI US","44.4633","-83.7216","221.9","2020-11","298.7","-8.3","23.9","840.0","5.1","10.7","-0.4"
"USC00203529","HALE LOUD DAM, MI US","44.4633","-83.7216","221.9","2020-12","298.7","-14.4","8.3","1479.4","-2.3","0.8","-5.4"
"USW00014824","ESCANABA, MI US","45.7438","-87.0406","180.1","2020-07",,,,,,,
"USW00014824","ESCANABA, MI US","45.7438","-87.0406","180.1","2020-08",,,,,,,
"USW00014824","ESCANABA, MI US","45.7438","-87.0406","180.1","2020-09",,,,,,,
"USW00014824","ESCANABA, MI US","45.7438","-87.0406","180.1","2020-10",,,,,,,
"USW00014824","ESCANABA, MI US","45.7438","-87.0406","180.1","2020-11",,,,,,,
"USW00014824","ESCANABA, MI US","45.7438","-87.0406","180.1","2020-12",,,,,,,
"US1MIKZ0009","KALAMAZOO 5.6 E, MI US","42.26897","-85.47888","260.9","2020-10",,,,,,,
"US1MIKZ0006","WESTERN MICHIGAN UNIVERSITY, MI US","42.283","-85.615","271.9","2020-11",,,,,,,
"US1MIKZ0006","WESTERN MICHIGAN UNIVERSITY, MI US","42.283","-85.615","271.9","2020-12",,,,,,,
"USC00200497","BARAGA 7 NW, MI US","46.8208","-88.6064","198.7","2020-07",,"6.7","34.4","22.9","20.6","28.2","13.0"
"USC00200497","BARAGA 7 NW, MI US","46.8208","-88.6064","198.7","2020-08",,"3.9","31.7","71.0","18.4","25.7","11.0"
"USC00200497","BARAGA 7 NW, MI US","46.8208","-88.6064","198.7","2020-09",,"-3.3","27.8","261.8","12.0","18.9","5.0"
"USC00200497","BARAGA 7 NW, MI US","46.8208","-88.6064","198.7","2020-10",,"-8.9","25.0","733.4","3.1","7.6","-1.4"
"USC00200497","BARAGA 7 NW, MI US","46.8208","-88.6064","198.7","2020-11",,"-11.1","25.0","1213.0","2.0","7.9","-3.8"
"USC00200497","BARAGA 7 NW, MI US","46.8208","-88.6064","198.7","2020-12",,"-19.4","9.4","1955.5","-5.6","-1.4","-9.8"
"USC00205822","NEWPORT 4 SSE, MI US","41.9497","-83.28","176.2","2020-07","291.9","15.6","32.2","0.0","24.4","29.5","19.3"
"USC00205822","NEWPORT 4 SSE, MI US","41.9497","-83.28","176.2","2020-08","405.5","10.6","35.0","2.5","21.9","27.4","16.4"
"USC00205822","NEWPORT 4 SSE, MI US","41.9497","-83.28","176.2","2020-09","428.4","0.0","28.9","65.5","17.0","22.3","11.7"
"USC00205822","NEWPORT 4 SSE, MI US","41.9497","-83.28","176.2","2020-10","429.5","-2.2","26.7","323.6","10.0","15.4","4.7"
"USC00205822","NEWPORT 4 SSE, MI US","41.9497","-83.28","176.2","2020-11","429.5","-5.6","22.2","662.2","6.7","11.8","1.5"
"USC00205822","NEWPORT 4 SSE, MI US","41.9497","-83.28","176.2","2020-12","429.5","-7.8","11.7","1229.1","0.1","3.1","-3.0"
"US1MIKZ0001","KALAMAZOO 6.0 SW, MI US","42.206126","-85.658962","274.0","2020-07",,,,,,,
"US1MIKZ0001","KALAMAZOO 6.0 SW, MI US","42.206126","-85.658962","274.0","2020-08",,,,,,,
"US1MIKZ0001","KALAMAZOO 6.0 SW, MI US","42.206126","-85.658962","274.0","2020-10",,,,,,,
"US1MIKZ0001","KALAMAZOO 6.0 SW, MI US","42.206126","-85.658962","274.0","2020-12",,,,,,,
"USC00202691","FARMINGTON, MI US","42.4669","-83.3625","219.5","2020-07","267.6","14.4","34.4","0.0","23.9","30.3","17.5"
"USC00202691","FARMINGTON, MI US","42.4669","-83.3625","219.5","2020-08","373.4","11.1","32.8","2.5","21.7","28.1","15.3"
"USC00202691","FARMINGTON, MI US","42.4669","-83.3625","219.5","2020-09","386.8","1.7","29.4","89.7","15.9","22.2","9.5"
"USC00202691","FARMINGTON, MI US","42.4669","-83.3625","219.5","2020-10","386.8","-3.9","25.6","382.9","8.9","14.5","3.3"
"USC00202691","FARMINGTON, MI US","42.4669","-83.3625","219.5","2020-11","386.8","-6.7","25.0","762.7","5.7","11.7","-0.4"
"USC00202691","FARMINGTON, MI US","42.4669","-83.3625","219.5","2020-12","386.8","-10.0","12.2","1367.8","-1.2","2.3","-4.7"
"USW00014845","SAGINAW MBS INTERNATIONAL AIRPORT, MI US","43.52808","-84.08133","201.7","2020-07","318.7","15.0","35.0","0.0","24.4","30.4","18.4"
"USW00014845","SAGINAW MBS INTERNATIONAL AIRPORT, MI US","43.52808","-84.08133","201.7","2020-08","440.0","10.0","33.9","2.7","22.2","28.2","16.1"
"USW00014845","SAGINAW MBS INTERNATIONAL AIRPORT, MI US","43.52808","-84.08133","201.7","2020-09","460.9","2.2","29.4","83.7","16.3","21.9","10.8"
"USW00014845","SAGINAW MBS INTERNATIONAL AIRPORT, MI US","43.52808","-84.08133","201.7","2020-10","460.9","-1.6","25.6","378.7","8.8","13.7","3.9"
"USW00014845","SAGINAW MBS INTERNATIONAL AIRPORT, MI US","43.52808","-84.08133","201.7","2020-11","462.8","-5.5","25.0","720.8","7.0","11.9","2.1"
"USW00014845","SAGINAW MBS INTERNATIONAL AIRPORT, MI US","43.52808","-84.08133","201.7","2020-12","462.8","-7.7","10.6","1292.1","-0.1","2.7","-2.9"
"USW00014841","PELLSTON REGIONAL AIRPORT, MI US","45.5644","-84.79291","215.3","2020-07","132.2","6.7","33.9","5.9","20.9","28.3","13.6"
"USW00014841","PELLSTON REGIONAL AIRPORT, MI US","45.5644","-84.79291","215.3","2020-08","184.2","5.0","31.7","30.0","19.2","25.9","12.5"
"USW00014841","PELLSTON REGIONAL AIRPORT, MI US","45.5644","-84.79291","215.3","2020-09","187.3","-2.1","26.7","190.4","13.1","19.6","6.6"
"USW00014841","PELLSTON REGIONAL AIRPORT, MI US","45.5644","-84.79291","215.3","2020-10","187.3","-7.7","23.9","587.0","5.5","11.0","0.0"
"USW00014841","PELLSTON REGIONAL AIRPORT, MI US","45.5644","-84.79291","215.3","2020-11","190.9","-9.9","25.6","970.4","5.7","10.6","0.8"
"USW00014841","PELLSTON REGIONAL AIRPORT, MI US","45.5644","-84.79291","215.3","2020-12","190.9","-9.9","10.0","1585.5","-1.5","1.6","-4.6"
"USW00014840","MUSKEGON CO AIRPORT, MI US","43.17111","-86.23685","190.3","2020-07","299.7","12.8","33.3","0.0","24.4","29.9","19.1"
"USW00014840","MUSKEGON CO AIRPORT, MI US","43.17111","-86.23685","190.3","2020-08","427.0","9.4","32.8","3.3","22.3","27.9","16.8"
"USW00014840","MUSKEGON CO AIRPORT, MI US","43.17111","-86.23685","190.3","2020-09","447.9","2.8","27.2","61.4","17.1","22.0","12.2"
"USW00014840","MUSKEGON CO AIRPORT, MI US","43.17111","-86.23685","190.3","2020-10","447.9","-1.6","23.9","320.7","10.0","15.0","4.9"
"USW00014840","MUSKEGON CO AIRPORT, MI US","43.17111","-86.23685","190.3","2020-11","449.9","-4.3","23.9","641.2","7.7","11.9","3.5"
"USW00014840","MUSKEGON CO AIRPORT, MI US","43.17111","-86.23685","190.3","2020-12","449.9","-8.8","12.2","1186.6","0.7","3.4","-1.9"
"US1MIOK0125","FARMINGTON HILLS 2.4 SSW, MI US","42.456306","-83.401299","248.7","2020-10",,,,,,,
"US1MIOK0125","FARMINGTON HILLS 2.4 SSW, MI US","42.456306","-83.401299","248.7","2020-11",,,,,,,
"US1MIOK0123","CLARKSTON 1.6 N, MI US","42.758947","-83.423344","338.9","2020-08",,,,,,,
"US1MIOK0123","CLARKSTON 1.6 N, MI US","42.758947","-83.423344","338.9","2020-09",,,,,,,
"US1MIOK0123","CLARKSTON 1.6 N, MI US","42.758947","-83.423344","338.9","2020-10",,,,,,,
"US1MIOK0123","CLARKSTON 1.6 N, MI US","42.758947","-83.423344","338.9","2020-11",,,,,,,
"US1MIOK0123","CLARKSTON 1.6 N, MI US","42.758947","-83.423344","338.9","2020-12",,,,,,,
"USC00202328","DURAND WWTP, MI US","42.9269","-83.9894","234.7","2020-07","302.2","10.6","35.6","0.0","24.3","30.7","17.9"
"USC00202328","DURAND WWTP, MI US","42.9269","-83.9894","234.7","2020-08","397.2","9.4","33.3","5.3","21.6","28.3","14.9"
"USC00202328","DURAND WWTP, MI US","42.9269","-83.9894","234.7","2020-09",,,,,,,
"USC00202328","DURAND WWTP, MI US","42.9269","-83.9894","234.7","2020-10",,"-1.7","25.6",,"9.3","15.9","2.6"
"USC00202328","DURAND WWTP, MI US","42.9269","-83.9894","234.7","2020-11",,"-7.8","25.6",,"6.5","12.5","0.5"
"USC00202328","DURAND WWTP, MI US","42.9269","-83.9894","234.7","2020-12",,"-8.3","12.2",,"-0.2","3.2","-3.6"
"US1MIOK0122","BERKLEY 0.5 WSW, MI US","42.493633","-83.195037","209.4","2020-07",,,,,,,
"US1MIOK0122","BERKLEY 0.5 WSW, MI US","42.493633","-83.195037","209.4","2020-08",,,,,,,
"US1MIOK0122","BERKLEY 0.5 WSW, MI US","42.493633","-83.195037","209.4","2020-10",,,,,,,
"US1MIOK0122","BERKLEY 0.5 WSW, MI US","42.493633","-83.195037","209.4","2020-11",,,,,,,
"US1MIMB0055","FRASER 1.2 N, MI US","42.556972","-82.949386","186.2","2020-07",,,,,,,
"US1MIMB0055","FRASER 1.2 N, MI US","42.556972","-82.949386","186.2","2020-09",,,,,,,
"US1MIMB0055","FRASER 1.2 N, MI US","42.556972","-82.949386","186.2","2020-10",,,,,,,
"US1MIMB0055","FRASER 1.2 N, MI US","42.556972","-82.949386","186.2","2020-11",,,,,,,
"US1MIMB0055","FRASER 1.2 N, MI US","42.556972","-82.949386","186.2","2020-12",,,,,,,
"US1MIDL0004","GLADSTONE 2.1 SW, MI US","45.83218","-87.05727","217.3","2020-07",,,,,,,
"US1MIDL0004","GLADSTONE 2.1 SW, MI US","45.83218","-87.05727","217.3","2020-08",,,,,,,
"US1MIDL0004","GLADSTONE 2.1 SW, MI US","45.83218","-87.05727","217.3","2020-09",,,,,,,
"US1MIDL0004","GLADSTONE 2.1 SW, MI US","45.83218","-87.05727","217.3","2020-10",,,,,,,
"US1MIDL0004","GLADSTONE 2.1 SW, MI US","45.83218","-87.05727","217.3","2020-11",,,,,,,
"US1MIDL0004","GLADSTONE 2.1 SW, MI US","45.83218","-87.05727","217.3","2020-12",,,,,,,
"USW00014838","MARQUETTE, MI US","46.5458","-87.3795","186.8","2020-07","123.6","13.3","33.3","8.1","21.0","25.0","17.0"
"USW00014838","MARQUETTE, MI US","46.5458","-87.3795","186.8","2020-08","189.6","10.6","31.1","28.6","19.8","23.3","16.3"
"USW00014838","MARQUETTE, MI US","46.5458","-87.3795","186.8","2020-09","192.1","5.6","26.1","152.3","14.3","18.0","10.6"
"USW00014838","MARQUETTE, MI US","46.5458","-87.3795","186.8","2020-10","192.1","-6.7","23.3","549.8","5.5","8.8","2.2"
"USW00014838","MARQUETTE, MI US","46.5458","-87.3795","186.8","2020-11","192.1","-5.0","25.0","978.4","4.1","8.1","-0.1"
"USW00014838","MARQUETTE, MI US","46.5458","-87.3795","186.8","2020-12","192.1","-14.4","8.3","1623.0","-2.5","0.1","-5.0"
"US1MIMB0054","UTICA 2.9 E, MI US","42.635189","-82.965289","183.5","2020-07",,,,,,,
"US1MIMB0054","UTICA 2.9 E, MI US","42.635189","-82.965289","183.5","2020-08",,,,,,,
"US1MIMB0054","UTICA 2.9 E, MI US","42.635189","-82.965289","183.5","2020-09",,,,,,,
"US1MIMB0054","UTICA 2.9 E, MI US","42.635189","-82.965289","183.5","2020-10",,,,,,,
"US1MIMB0054","UTICA 2.9 E, MI US","42.635189","-82.965289","183.5","2020-11",,,,,,,
"US1MIMB0054","UTICA 2.9 E, MI US","42.635189","-82.965289","183.5","2020-12",,,,,,,
"USW00014836","LANSING CAPITAL CITY AIRPORT, MI US","42.77609","-84.59972","261.2","2020-07","308.5","13.9","35.0","0.0","24.3","30.6","18.1"
"USW00014836","LANSING CAPITAL CITY AIRPORT, MI US","42.77609","-84.59972","261.2","2020-08","426.4","9.4","33.3","4.8","22.0","28.4","15.6"
"USW00014836","LANSING CAPITAL CITY AIRPORT, MI US","42.77609","-84.59972","261.2","2020-09","444.0","1.1","28.9","85.9","16.2","21.9","10.6"
"USW00014836","LANSING CAPITAL CITY AIRPORT, MI US","42.77609","-84.59972","261.2","2020-10","444.0","-3.8","25.6","387.0","8.6","14.0","3.2"
"USW00014836","LANSING CAPITAL CITY AIRPORT, MI US","42.77609","-84.59972","261.2","2020-11","445.1","-6.0","25.0","735.8","6.7","11.7","1.7"
"USW00014836","LANSING CAPITAL CITY AIRPORT, MI US","42.77609","-84.59972","261.2","2020-12","445.1","-8.8","11.1","1307.5","-0.1","3.2","-3.4"
"USC00203530","HALFWAY LAKE, MI US","46.4748","-85.5925","258.2","2020-07",,,,,,,
"USC00203530","HALFWAY LAKE, MI US","46.4748","-85.5925","258.2","2020-08",,,,,,,
"USC00203530","HALFWAY LAKE, MI US","46.4748","-85.5925","258.2","2020-09",,,,,,,
"USC00201476","CHARLOTTE, MI US","42.5499","-84.825","274.9","2020-07",,,,,,,
"USC00201476","CHARLOTTE, MI US","42.5499","-84.825","274.9","2020-08",,,,,,,
"USC00201476","CHARLOTTE, MI US","42.5499","-84.825","274.9","2020-09",,,,,,,
"USC00201476","CHARLOTTE, MI US","42.5499","-84.825","274.9","2020-10",,,,,,,
"USC00201476","CHARLOTTE, MI US","42.5499","-84.825","274.9","2020-11",,,,,,,
"USC00201476","CHARLOTTE, MI US","42.5499","-84.825","274.9","2020-12",,,,,,,
"USC00203413","GREEN GARDEN NUMBER 2, MI US","46.4533","-87.3038","205.7","2020-07",,,,,,,
"USC00203413","GREEN GARDEN NUMBER 2, MI US","46.4533","-87.3038","205.7","2020-08",,,,,,,
"USC00203413","GREEN GARDEN NUMBER 2, MI US","46.4533","-87.3038","205.7","2020-09",,,,,,,
"USC00203413","GREEN GARDEN NUMBER 2, MI US","46.4533","-87.3038","205.7","2020-10",,,,,,,
"USC00203413","GREEN GARDEN NUMBER 2, MI US","46.4533","-87.3038","205.7","2020-11",,,,,,,
"USC00203413","GREEN GARDEN NUMBER 2, MI US","46.4533","-87.3038","205.7","2020-12",,,,,,,
"USC00204502","LAKE CITY EXPERIMENTAL FARM, MI US","44.3088","-85.205","374.9","2020-07","163.0","7.8","34.4","5.0","21.7","29.5","13.8"
"USC00204502","LAKE CITY EXPERIMENTAL FARM, MI US","44.3088","-85.205","374.9","2020-08","227.8","3.9","31.7","26.9","19.7","27.4","12.0"
"USC00204502","LAKE CITY EXPERIMENTAL FARM, MI US","44.3088","-85.205","374.9","2020-09","228.3","-3.9","25.6","191.3","12.9","20.1","5.6"
"USC00204502","LAKE CITY EXPERIMENTAL FARM, MI US","44.3088","-85.205","374.9","2020-10","228.3","-5.6","23.9","592.7","5.4","11.5","-0.7"
"USC00204502","LAKE CITY EXPERIMENTAL FARM, MI US","44.3088","-85.205","374.9","2020-11","228.6","-9.4","24.4","1029.4","3.8","9.9","-2.3"
"USC00204502","LAKE CITY EXPERIMENTAL FARM, MI US","44.3088","-85.205","374.9","2020-12","228.6","-17.8","8.9","1686.2","-2.9","0.6","-6.3"
"USC00200146","ALMA, MI US","43.38686","-84.64818","221.9","2020-07",,,,,,,
"USC00200146","ALMA, MI US","43.38686","-84.64818","221.9","2020-08",,,,,,,
"USC00200146","ALMA, MI US","43.38686","-84.64818","221.9","2020-09",,,,,,,
"USC00200146","ALMA, MI US","43.38686","-84.64818","221.9","2020-10",,,,,,,
"USC00200146","ALMA, MI US","43.38686","-84.64818","221.9","2020-11",,"-7.2","24.4",,"6.0","11.7","0.2"
"US1MIMR0016","OTTAWA LAKE 1.4 SSW, MI US","41.782787","-83.738953","209.7","2020-07",,,,,,,
"US1MIMR0016","OTTAWA LAKE 1.4 SSW, MI US","41.782787","-83.738953","209.7","2020-08",,,,,,,
"US1MIMR0016","OTTAWA LAKE 1.4 SSW, MI US","41.782787","-83.738953","209.7","2020-10",,,,,,,
"US1MIMR0016","OTTAWA LAKE 1.4 SSW, MI US","41.782787","-83.738953","209.7","2020-11",,,,,,,
"US1MIMR0016","OTTAWA LAKE 1.4 SSW, MI US","41.782787","-83.738953","209.7","2020-12",,,,,,,
"US1MIAP0002","OSSINEKE 1.0 NNE, MI US","44.9215","-83.427","180.1","2020-07",,,,,,,
"US1MIAP0002","OSSINEKE 1.0 NNE, MI US","44.9215","-83.427","180.1","2020-08",,,,,,,
"US1MIAP0002","OSSINEKE 1.0 NNE, MI US","44.9215","-83.427","180.1","2020-09",,,,,,,
"US1MIAP0002","OSSINEKE 1.0 NNE, MI US","44.9215","-83.427","180.1","2020-10",,,,,,,
"US1MIAP0002","OSSINEKE 1.0 NNE, MI US","44.9215","-83.427","180.1","2020-11",,,,,,,
"US1MIAP0002","OSSINEKE 1.0 NNE, MI US","44.9215","-83.427","180.1","2020-12",,,,,,,
"USC00208443","VASSAR, MI US","43.3656","-83.5828","192.0","2020-07",,"11.7","34.4","0.0","22.9","30.3","15.5"
"USC00208443","VASSAR, MI US","43.3656","-83.5828","192.0","2020-08",,"8.3","32.8","10.5","20.7","28.1","13.3"
"USC00208443","VASSAR, MI US","43.3656","-83.5828","192.0","2020-09",,"-1.7","29.4","116.5","15.2","22.5","7.9"
"USC00208443","VASSAR, MI US","43.3656","-83.5828","192.0","2020-10",,"-6.1","23.3","397.3","8.1","14.3","2.0"
"USC00208443","VASSAR, MI US","43.3656","-83.5828","192.0","2020-11",,"-8.9","26.1","757.3","6.0","12.2","-0.2"
"USC00208443","VASSAR, MI US","43.3656","-83.5828","192.0","2020-12",,"-10.0","10.6","1349.5","-0.8","2.9","-4.4"
"USC00205050","MANCHESTER, MI US","42.1508","-84.0236","294.1","2020-07","278.0","13.9","35.0","0.0","24.0","30.4","17.6"
"USC00205050","MANCHESTER, MI US","42.1508","-84.0236","294.1","2020-08","387.3","10.6","33.9","4.2","21.7","28.4","15.0"
"USC00205050","MANCHESTER, MI US","42.1508","-84.0236","294.1","2020-09","406.7","0.6","29.4","76.2","16.6","23.2","9.9"
"USC00205050","MANCHESTER, MI US","42.1508","-84.0236","294.1","2020-10","406.7","-3.3","26.7","352.1","9.2","15.5","2.9"
"USC00205050","MANCHESTER, MI US","42.1508","-84.0236","294.1","2020-11","406.7","-7.2","25.6","715.6","6.2","12.6","-0.2"
"USC00205050","MANCHESTER, MI US","42.1508","-84.0236","294.1","2020-12","406.7","-8.9","13.3","1303.1","-0.6","3.1","-4.4"
"USC00208202","TIPTON 2 WNW, MI US","42.0283","-84.1108","295.7","2020-07",,"13.3","36.1","0.0","23.8","31.3","16.3"
"USC00208202","TIPTON 2 WNW, MI US","42.0283","-84.1108","295.7","2020-08",,"9.4","35.0","4.2","21.3","28.9","13.6"
"USC00208202","TIPTON 2 WNW, MI US","42.0283","-84.1108","295.7","2020-09",,"1.1","30.6","86.9","15.7","23.8","7.5"
"USC00208202","TIPTON 2 WNW, MI US","42.0283","-84.1108","295.7","2020-10",,"-5.0","26.7","386.8","8.7","15.6","1.8"
"USC00208202","TIPTON 2 WNW, MI US","42.0283","-84.1108","295.7","2020-11",,"-9.4","25.6","714.0","5.5","12.8","-1.9"
"USC00208202","TIPTON 2 WNW, MI US","42.0283","-84.1108","295.7","2020-12",,"-10.6","11.7","1218.8","-1.3","3.4","-6.0"
"US1MIKN0102","LOWELL 5.5 NW, MI US","42.987608","-85.424039","253.3","2020-08",,,,,,,
"US1MIKN0102","LOWELL 5.5 NW, MI US","42.987608","-85.424039","253.3","2020-09",,,,,,,
"US1MIKN0102","LOWELL 5.5 NW, MI US","42.987608","-85.424039","253.3","2020-10",,,,,,,
"US1MIKN0102","LOWELL 5.5 NW, MI US","42.987608","-85.424039","253.3","2020-11",,,,,,,
"US1MIKN0102","LOWELL 5.5 NW, MI US","42.987608","-85.424039","253.3","2020-12",,,,,,,
"US1MIBN0004","NILES 2.7 W, MI US","41.83705","-86.30048","219.2","2020-07",,,,,,,
"US1MIBN0004","NILES 2.7 W, MI US","41.83705","-86.30048","219.2","2020-08",,,,,,,
"US1MIBN0004","NILES 2.7 W, MI US","41.83705","-86.30048","219.2","2020-09",,,,,,,
"US1MIBN0004","NILES 2.7 W, MI US","41.83705","-86.30048","219.2","2020-10",,,,,,,
"US1MIBN0004","NILES 2.7 W, MI US","41.83705","-86.30048","219.2","2020-11",,,,,,,
"US1MIBN0004","NILES 2.7 W, MI US","41.83705","-86.30048","219.2","2020-12",,,,,,,
"US1MIBN0003","BUCHANAN 1.4 ESE, MI US","41.818287","-86.342251","231.3","2020-07",,,,,,,
"US1MIBN0003","BUCHANAN 1.4 ESE, MI US","41.818287","-86.342251","231.3","2020-08",,,,,,,
"US1MIBN0003","BUCHANAN 1.4 ESE, MI US","41.818287","-86.342251","231.3","2020-09",,,,,,,
"US1MIBN0003","BUCHANAN 1.4 ESE, MI US","41.818287","-86.342251","231.3","2020-10",,,,,,,
"US1MIBN0003","BUCHANAN 1.4 ESE, MI US","41.818287","-86.342251","231.3","2020-11",,,,,,,
"US1MIBN0003","BUCHANAN 1.4 ESE, MI US","41.818287","-86.342251","231.3","2020-12",,,,,,,
"US1MIMY0003","HILLMAN 6.9 WSW, MI US","45.01577899","-84.02238487","267.0","2020-07",,,,,,,
"US1MIBN0002","STEVENSVILLE 1.7 SSE, MI US","41.991137","-86.508585","187.8","2020-07",,,,,,,
"US1MIBN0002","STEVENSVILLE 1.7 SSE, MI US","41.991137","-86.508585","187.8","2020-08",,,,,,,
"US1MIBN0002","STEVENSVILLE 1.7 SSE, MI US","41.991137","-86.508585","187.8","2020-09",,,,,,,
"US1MIBN0002","STEVENSVILLE 1.7 SSE, MI US","41.991137","-86.508585","187.8","2020-10",,,,,,,
"US1MIBN0002","STEVENSVILLE 1.7 SSE, MI US","41.991137","-86.508585","187.8","2020-11",,,,,,,
"US1MIBN0002","STEVENSVILLE 1.7 SSE, MI US","41.991137","-86.508585","187.8","2020-12",,,,,,,
"US1MIWY0070","GROSSE ILE 1.6 N, MI US","42.1510887145996","-83.1492309570313","181.1","2020-07",,,,,,,
"US1MIWY0070","GROSSE ILE 1.6 N, MI US","42.1510887145996","-83.1492309570313","181.1","2020-08",,,,,,,
"US1MIWY0070","GROSSE ILE 1.6 N, MI US","42.1510887145996","-83.1492309570313","181.1","2020-09",,,,,,,
"US1MIWY0070","GROSSE ILE 1.6 N, MI US","42.1510887145996","-83.1492309570313","181.1","2020-10",,,,,,,
"US1MIWY0070","GROSSE ILE 1.6 N, MI US","42.1510887145996","-83.1492309570313","181.1","2020-11",,,,,,,
"USC00208682","WATERSMEET 12 WSW, MI US","46.2231","-89.4085","515.1","2020-07",,,,,,,
"USC00208682","WATERSMEET 12 WSW, MI US","46.2231","-89.4085","515.1","2020-08",,,,,,,
"USC00208682","WATERSMEET 12 WSW, MI US","46.2231","-89.4085","515.1","2020-09",,,,,,,
"USC00208682","WATERSMEET 12 WSW, MI US","46.2231","-89.4085","515.1","2020-10",,,,,,,
"USC00208682","WATERSMEET 12 WSW, MI US","46.2231","-89.4085","515.1","2020-11",,,,,,,
"USC00208682","WATERSMEET 12 WSW, MI US","46.2231","-89.4085","515.1","2020-12",,,,,,,
"USC00200718","BERGLAND DAM, MI US","46.5869","-89.5475","396.2","2020-07","131.7","8.3","32.8","18.3","20.6","27.2","14.0"
"USC00200718","BERGLAND DAM, MI US","46.5869","-89.5475","396.2","2020-08","175.6","4.4","30.0","62.6","18.3","24.5","12.2"
"USC00200718","BERGLAND DAM, MI US","46.5869","-89.5475","396.2","2020-09","175.9","-1.7","27.2","248.1","12.2","18.1","6.3"
"USC00200718","BERGLAND DAM, MI US","46.5869","-89.5475","396.2","2020-10","175.9","-11.7","23.9","696.5","2.9","7.2","-1.5"
"USC00200718","BERGLAND DAM, MI US","46.5869","-89.5475","396.2","2020-11","175.9","-11.7","22.8","1103.7","2.1","6.7","-2.6"
"USC00200718","BERGLAND DAM, MI US","46.5869","-89.5475","396.2","2020-12","175.9","-23.9","7.2","1864.9","-6.2","-2.4","-10.1"
"US1MIKN0109","EAST GRAND RAPIDS 1.2 WNW, MI US","42.955757","-85.626862","228.0","2020-08",,,,,,,
"US1MIKN0109","EAST GRAND RAPIDS 1.2 WNW, MI US","42.955757","-85.626862","228.0","2020-09",,,,,,,
"US1MINW0007","WHITE CLOUD 2.9 NW, MI US","43.591","-85.798","294.7","2020-07",,,,,,,
"US1MINW0007","WHITE CLOUD 2.9 NW, MI US","43.591","-85.798","294.7","2020-08",,,,,,,
"US1MINW0007","WHITE CLOUD 2.9 NW, MI US","43.591","-85.798","294.7","2020-09",,,,,,,
"US1MINW0007","WHITE CLOUD 2.9 NW, MI US","43.591","-85.798","294.7","2020-10",,,,,,,
"US1MINW0007","WHITE CLOUD 2.9 NW, MI US","43.591","-85.798","294.7","2020-11",,,,,,,
"US1MINW0007","WHITE CLOUD 2.9 NW, MI US","43.591","-85.798","294.7","2020-12",,,,,,,
"US1MIKN0108","LOWELL 0.6 W, MI US","42.93447","-85.35712","197.2","2020-07",,,,,,,
"US1MIKN0108","LOWELL 0.6 W, MI US","42.93447","-85.35712","197.2","2020-08",,,,,,,
"US1MIKN0108","LOWELL 0.6 W, MI US","42.93447","-85.35712","197.2","2020-09",,,,,,,
"US1MIKN0108","LOWELL 0.6 W, MI US","42.93447","-85.35712","197.2","2020-10",,,,,,,
"US1MINW0002","GRANT 4.8 NW, MI US","43.381844","-85.879724","189.9","2020-08",,,,,,,
"US1MINW0002","GRANT 4.8 NW, MI US","43.381844","-85.879724","189.9","2020-09",,,,,,,
"US1MINW0002","GRANT 4.8 NW, MI US","43.381844","-85.879724","189.9","2020-10",,,,,,,
"US1MIKN0106","LOWELL 5.5 N, MI US","43.0124","-85.3512","245.4","2020-07",,,,,,,
"US1MIKN0106","LOWELL 5.5 N, MI US","43.0124","-85.3512","245.4","2020-10",,,,,,,
"US1MIKN0106","LOWELL 5.5 N, MI US","43.0124","-85.3512","245.4","2020-11",,,,,,,
"US1MIKN0106","LOWELL 5.5 N, MI US","43.0124","-85.3512","245.4","2020-12",,,,,,,
"USC00200710","BENTON HARBOR AIRPORT, MI US","42.1245","-86.4266","190.5","2020-07","325.3","12.2","34.4","0.0","24.6","30.3","18.8"
"USC00200710","BENTON HARBOR AIRPORT, MI US","42.1245","-86.4266","190.5","2020-08","446.5","8.3","33.9","4.2","22.3","28.5","16.1"
"USC00200710","BENTON HARBOR AIRPORT, MI US","42.1245","-86.4266","190.5","2020-09","478.4","1.1","30.0","52.9","17.8","23.0","12.5"
"USC00200710","BENTON HARBOR AIRPORT, MI US","42.1245","-86.4266","190.5","2020-10","483.1","-1.1","27.2","272.9","10.9","16.0","5.8"
"USC00200710","BENTON HARBOR AIRPORT, MI US","42.1245","-86.4266","190.5","2020-11","485.9","-5.0","25.0","564.9","8.7","13.4","4.0"
"USC00200710","BENTON HARBOR AIRPORT, MI US","42.1245","-86.4266","190.5","2020-12","485.9","-12.8","12.2","1103.1","1.0","4.4","-2.5"
"US1MIOK0035","WATERFORD 2.1 NW, MI US","42.687418","-83.413166","299.3","2020-07",,,,,,,
"US1MIOK0035","WATERFORD 2.1 NW, MI US","42.687418","-83.413166","299.3","2020-08",,,,,,,
"US1MIOK0035","WATERFORD 2.1 NW, MI US","42.687418","-83.413166","299.3","2020-09",,,,,,,
"US1MIOK0035","WATERFORD 2.1 NW, MI US","42.687418","-83.413166","299.3","2020-10",,,,,,,
"US1MIOK0035","WATERFORD 2.1 NW, MI US","42.687418","-83.413166","299.3","2020-11",,,,,,,
"US1MIOK0035","WATERFORD 2.1 NW, MI US","42.687418","-83.413166","299.3","2020-12",,,,,,,
"US1MIOK0031","WATERFORD 2.6 N, MI US","42.70081","-83.39073","294.1","2020-07",,,,,,,
"US1MIOK0031","WATERFORD 2.6 N, MI US","42.70081","-83.39073","294.1","2020-08",,,,,,,
"US1MIOK0031","WATERFORD 2.6 N, MI US","42.70081","-83.39073","294.1","2020-09",,,,,,,
"US1MIOK0031","WATERFORD 2.6 N, MI US","42.70081","-83.39073","294.1","2020-10",,,,,,,
"US1MIKZ0025","PORTAGE 0.8 WSW, MI US","42.19781","-85.60467","267.0","2020-12",,,,,,,
"US1MIMR0004","MONROE 3.0 S, MI US","41.872635","-83.380939","182.3","2020-07",,,,,,,
"US1MIMR0004","MONROE 3.0 S, MI US","41.872635","-83.380939","182.3","2020-08",,,,,,,
"US1MIMR0004","MONROE 3.0 S, MI US","41.872635","-83.380939","182.3","2020-09",,,,,,,
"US1MIMR0004","MONROE 3.0 S, MI US","41.872635","-83.380939","182.3","2020-10",,,,,,,
"US1MIMR0004","MONROE 3.0 S, MI US","41.872635","-83.380939","182.3","2020-11",,,,,,,
"US1MIMR0004","MONROE 3.0 S, MI US","41.872635","-83.380939","182.3","2020-12",,,,,,,
"USC00207364","SAULT STE MARIE, MI US","46.48913","-84.31932","183.5","2020-07","118.8","8.9","32.8","10.2","20.6","26.5","14.6"
"USC00207364","SAULT STE MARIE, MI US","46.48913","-84.31932","183.5","2020-08","158.5","8.3","29.4","37.8","18.7","24.3","13.1"
"USC00207364","SAULT STE MARIE, MI US","46.48913","-84.31932","183.5","2020-09","158.5","-0.6","26.1","214.9","12.4","17.6","7.3"
"USC00207364","SAULT STE MARIE, MI US","46.48913","-84.31932","183.5","2020-10","158.5","-6.1","18.3","635.3","4.8","8.7","0.9"
"USC00207364","SAULT STE MARIE, MI US","46.48913","-84.31932","183.5","2020-11","158.5","-8.3","24.4","1092.8","3.1","7.8","-1.7"
"USC00207364","SAULT STE MARIE, MI US","46.48913","-84.31932","183.5","2020-12","158.5","-17.2","5.6","1777.2","-3.7","-0.3","-7.2"
"USC00206398","PAULDING, MI US","46.3976","-89.1794","416.7","2020-07","145.7","7.2","32.8","18.7","20.8","28.1","13.6"
"USC00206398","PAULDING, MI US","46.3976","-89.1794","416.7","2020-08","209.3","3.9","31.7","58.1","19.2","26.0","12.3"
"USC00206398","PAULDING, MI US","46.3976","-89.1794","416.7","2020-09","210.3","-2.8","27.2","231.4","12.6","18.7","6.5"
"USC00206398","PAULDING, MI US","46.3976","-89.1794","416.7","2020-10","210.3","-12.8","20.6","663.0","3.0","6.8","-0.9"
"USC00206398","PAULDING, MI US","46.3976","-89.1794","416.7","2020-11","210.3","-12.8","23.3","1155.9","1.9","6.9","-3.1"
"USC00206398","PAULDING, MI US","46.3976","-89.1794","416.7","2020-12","210.3","-23.9","7.2","1892.5","-6.1","-2.2","-9.9"
"US1MIMR0009","CARLETON 2.5 S, MI US","42.0212526619434","-83.3944923430681","187.5","2020-07",,,,,,,
"US1MIMR0009","CARLETON 2.5 S, MI US","42.0212526619434","-83.3944923430681","187.5","2020-08",,,,,,,
"US1MIMR0009","CARLETON 2.5 S, MI US","42.0212526619434","-83.3944923430681","187.5","2020-09",,,,,,,
"US1MIMR0009","CARLETON 2.5 S, MI US","42.0212526619434","-83.3944923430681","187.5","2020-10",,,,,,,
"US1MIMR0009","CARLETON 2.5 S, MI US","42.0212526619434","-83.3944923430681","187.5","2020-11",,,,,,,
"US1MIMR0009","CARLETON 2.5 S, MI US","42.0212526619434","-83.3944923430681","187.5","2020-12",,,,,,,
"US1MIKN0111","NORTHVIEW 1.9 WSW, MI US","43.031451","-85.633783","217.9","2020-07",,,,,,,
"US1MIKN0111","NORTHVIEW 1.9 WSW, MI US","43.031451","-85.633783","217.9","2020-08",,,,,,,
"US1MIKN0111","NORTHVIEW 1.9 WSW, MI US","43.031451","-85.633783","217.9","2020-09",,,,,,,
"USC00205065","MANISTEE 3 SE, MI US","44.2113","-86.2938","204.2","2020-07","185.4","11.7","32.8","0.6","22.1","27.4","16.8"
"USC00205065","MANISTEE 3 SE, MI US","44.2113","-86.2938","204.2","2020-08","276.1","7.8","30.6","15.3","20.8","26.1","15.4"
"USC00205065","MANISTEE 3 SE, MI US","44.2113","-86.2938","204.2","2020-09","281.3","0.0","25.6","119.5","15.0","20.1","10.0"
"USC00205065","MANISTEE 3 SE, MI US","44.2113","-86.2938","204.2","2020-10","281.3","-2.8","22.8","468.5","7.1","11.8","2.4"
"USC00205065","MANISTEE 3 SE, MI US","44.2113","-86.2938","204.2","2020-11","281.3","-5.6","22.8","833.2","5.8","10.2","1.3"
"USC00205065","MANISTEE 3 SE, MI US","44.2113","-86.2938","204.2","2020-12","281.3","-10.6","11.1","1416.5","-0.5","2.0","-2.9"
"US1MIMG0019","NORTH MUSKEGON 2.4 NW, MI US","43.2774122804403","-86.302200704813","188.1","2020-07",,,,,,,
"US1MIMG0019","NORTH MUSKEGON 2.4 NW, MI US","43.2774122804403","-86.302200704813","188.1","2020-08",,,,,,,
"US1MIMG0019","NORTH MUSKEGON 2.4 NW, MI US","43.2774122804403","-86.302200704813","188.1","2020-09",,,,,,,
"USC00204090","IRON MTN KINGSFORD WWTP, MI US","45.7858","-88.0841","326.4","2020-07","188.5","11.1","33.3","5.4","21.9","28.1","15.8"
"USC00204090","IRON MTN KINGSFORD WWTP, MI US","45.7858","-88.0841","326.4","2020-08","261.5","6.7","31.1","29.6","19.9","25.9","13.9"
"USC00204090","IRON MTN KINGSFORD WWTP, MI US","45.7858","-88.0841","326.4","2020-09","265.1","-1.1","27.8","179.9","13.4","19.1","7.7"
"USC00204090","IRON MTN KINGSFORD WWTP, MI US","45.7858","-88.0841","326.4","2020-10","265.1","-8.3","23.3","618.9","4.2","9.3","-0.9"
"USC00204090","IRON MTN KINGSFORD WWTP, MI US","45.7858","-88.0841","326.4","2020-11","265.1","-9.4","25.0","1074.9","3.1","9.1","-2.9"
"USC00204090","IRON MTN KINGSFORD WWTP, MI US","45.7858","-88.0841","326.4","2020-12","265.1","-21.1","8.9","1774.6","-4.2","-0.4","-8.0"
"US1MIMG0018","NORTON SHORES 2.3 SSE, MI US","43.1269","-86.2431","182.6","2020-09",,,,,,,
"US1MIMG0018","NORTON SHORES 2.3 SSE, MI US","43.1269","-86.2431","182.6","2020-12",,,,,,,
"US1MIMG0013","MUSKEGON 3.5 SSE, MI US","43.1791279","-86.2363559","189.3","2020-09",,,,,,,
"US1MIMG0013","MUSKEGON 3.5 SSE, MI US","43.1791279","-86.2363559","189.3","2020-11",,,,,,,
"US1MIMG0013","MUSKEGON 3.5 SSE, MI US","43.1791279","-86.2363559","189.3","2020-12",,,,,,,
"US1MIAP0001","ALPENA 1.6 SSW, MI US","45.051565","-83.44876","178.9","2020-07",,,,,,,
"US1MIAP0001","ALPENA 1.6 SSW, MI US","45.051565","-83.44876","178.9","2020-08",,,,,,,
"US1MIAP0001","ALPENA 1.6 SSW, MI US","45.051565","-83.44876","178.9","2020-09",,,,,,,
"US1MIAP0001","ALPENA 1.6 SSW, MI US","45.051565","-83.44876","178.9","2020-10",,,,,,,
"US1MIAP0001","ALPENA 1.6 SSW, MI US","45.051565","-83.44876","178.9","2020-11",,,,,,,
"US1MIAP0001","ALPENA 1.6 SSW, MI US","45.051565","-83.44876","178.9","2020-12",,,,,,,
"US1MIBN0022","SHOREHAM 2.0 SE, MI US","42.0349","-86.4885","191.7","2020-07",,,,,,,
"US1MIBN0022","SHOREHAM 2.0 SE, MI US","42.0349","-86.4885","191.7","2020-08",,,,,,,
"US1MIBN0022","SHOREHAM 2.0 SE, MI US","42.0349","-86.4885","191.7","2020-09",,,,,,,
"US1MIBN0022","SHOREHAM 2.0 SE, MI US","42.0349","-86.4885","191.7","2020-10",,,,,,,
"US1MIBN0022","SHOREHAM 2.0 SE, MI US","42.0349","-86.4885","191.7","2020-11",,,,,,,
"US1MIBN0022","SHOREHAM 2.0 SE, MI US","42.0349","-86.4885","191.7","2020-12",,,,,,,
"USC00205195","MARSHALL, MI US","42.26477","-84.9696","272.8","2020-07",,,,,,,
"USC00205195","MARSHALL, MI US","42.26477","-84.9696","272.8","2020-08",,,,,,,
"USC00205195","MARSHALL, MI US","42.26477","-84.9696","272.8","2020-09",,,,,,,
"USC00205195","MARSHALL, MI US","42.26477","-84.9696","272.8","2020-10",,,,,,,
"USC00205073","MANISTIQUE WWTP, MI US","45.9512","-86.2513","182.9","2020-07","68.6","10.6","31.7","10.8","20.1","24.2","16.0"
"USC00205073","MANISTIQUE WWTP, MI US","45.9512","-86.2513","182.9","2020-08","90.6","8.9","26.1","37.8","18.2","22.3","14.0"
"USC00205073","MANISTIQUE WWTP, MI US","45.9512","-86.2513","182.9","2020-09","90.6","1.7","20.6","201.0","12.7","16.6","8.8"
"USC00205073","MANISTIQUE WWTP, MI US","45.9512","-86.2513","182.9","2020-10","90.6","-3.3","17.2","611.1","5.1","8.8","1.4"
"USC00205073","MANISTIQUE WWTP, MI US","45.9512","-86.2513","182.9","2020-11","90.6","-7.2","13.9","1076.7","2.8","6.6","-1.0"
"USC00205073","MANISTIQUE WWTP, MI US","45.9512","-86.2513","182.9","2020-12","90.6","-15.6","6.7","1733.4","-2.9","0.1","-5.8"
"US1MICT0018","LAINGSBURG 2.1 NNW, MI US","42.9166107","-84.3680344","250.9","2020-07",,,,,,,
"US1MICT0018","LAINGSBURG 2.1 NNW, MI US","42.9166107","-84.3680344","250.9","2020-08",,,,,,,
"US1MICT0018","LAINGSBURG 2.1 NNW, MI US","42.9166107","-84.3680344","250.9","2020-09",,,,,,,
"US1MICT0018","LAINGSBURG 2.1 NNW, MI US","42.9166107","-84.3680344","250.9","2020-10",,,,,,,
"US1MICT0018","LAINGSBURG 2.1 NNW, MI US","42.9166107","-84.3680344","250.9","2020-11",,,,,,,
"US1MICT0018","LAINGSBURG 2.1 NNW, MI US","42.9166107","-84.3680344","250.9","2020-12",,,,,,,
"US1MICT0011","DEWITT 1.0 NNW, MI US","42.849203","-84.584367","258.5","2020-07",,,,,,,
"US1MICT0011","DEWITT 1.0 NNW, MI US","42.849203","-84.584367","258.5","2020-08",,,,,,,
"US1MICT0011","DEWITT 1.0 NNW, MI US","42.849203","-84.584367","258.5","2020-09",,,,,,,
"US1MICT0011","DEWITT 1.0 NNW, MI US","42.849203","-84.584367","258.5","2020-10",,,,,,,
"US1MICS0010","THREE RIVERS 7.2 WSW, MI US","41.90317","-85.76184","271.3","2020-07",,,,,,,
"US1MICS0010","THREE RIVERS 7.2 WSW, MI US","41.90317","-85.76184","271.3","2020-09",,,,,,,
"US1MICS0010","THREE RIVERS 7.2 WSW, MI US","41.90317","-85.76184","271.3","2020-10",,,,,,,
"US1MICS0010","THREE RIVERS 7.2 WSW, MI US","41.90317","-85.76184","271.3","2020-11",,,,,,,
"US1MICS0010","THREE RIVERS 7.2 WSW, MI US","41.90317","-85.76184","271.3","2020-12",,,,,,,
"US1MICS0011","CASSOPOLIS 9.0 SSE, MI US","41.789096","-85.949489","259.1","2020-08",,,,,,,
"US1MICS0011","CASSOPOLIS 9.0 SSE, MI US","41.789096","-85.949489","259.1","2020-09",,,,,,,
"US1MICS0011","CASSOPOLIS 9.0 SSE, MI US","41.789096","-85.949489","259.1","2020-10",,,,,,,
"US1MICS0011","CASSOPOLIS 9.0 SSE, MI US","41.789096","-85.949489","259.1","2020-11",,,,,,,
"US1MICS0011","CASSOPOLIS 9.0 SSE, MI US","41.789096","-85.949489","259.1","2020-12",,,,,,,
"US1MIKN0008","GRAND RAPIDS 3.1 NNE, MI US","43.0053","-85.641146","212.4","2020-07",,,,,,,
"US1MIKN0008","GRAND RAPIDS 3.1 NNE, MI US","43.0053","-85.641146","212.4","2020-08",,,,,,,
"US1MIKN0008","GRAND RAPIDS 3.1 NNE, MI US","43.0053","-85.641146","212.4","2020-09",,,,,,,
"US1MIKN0008","GRAND RAPIDS 3.1 NNE, MI US","43.0053","-85.641146","212.4","2020-10",,,,,,,
"US1MIKN0008","GRAND RAPIDS 3.1 NNE, MI US","43.0053","-85.641146","212.4","2020-11",,,,,,,
"US1MIKN0008","GRAND RAPIDS 3.1 NNE, MI US","43.0053","-85.641146","212.4","2020-12",,,,,,,
"US1MICS0005","NILES 3.5 E, MI US","41.840575709939","-86.1795915663242","233.5","2020-07",,,,,,,
"US1MICS0005","NILES 3.5 E, MI US","41.840575709939","-86.1795915663242","233.5","2020-08",,,,,,,
"US1MICS0005","NILES 3.5 E, MI US","41.840575709939","-86.1795915663242","233.5","2020-09",,,,,,,
"US1MICS0005","NILES 3.5 E, MI US","41.840575709939","-86.1795915663242","233.5","2020-10",,,,,,,
"US1MICS0005","NILES 3.5 E, MI US","41.840575709939","-86.1795915663242","233.5","2020-11",,,,,,,
"US1MICS0005","NILES 3.5 E, MI US","41.840575709939","-86.1795915663242","233.5","2020-12",,,,,,,
"US1MIOK0051","FARMINGTON HILLS 2.3 WNW, MI US","42.4935029","-83.41952","265.8","2020-07",,,,,,,
"US1MIOK0051","FARMINGTON HILLS 2.3 WNW, MI US","42.4935029","-83.41952","265.8","2020-08",,,,,,,
"US1MIOK0051","FARMINGTON HILLS 2.3 WNW, MI US","42.4935029","-83.41952","265.8","2020-12",,,,,,,
"US1MIOK0050","WHITE LAKE 5.2 SSE, MI US","42.617482","-83.543782","291.7","2020-08",,,,,,,
"US1MIOK0050","WHITE LAKE 5.2 SSE, MI US","42.617482","-83.543782","291.7","2020-09",,,,,,,
"US1MIOK0050","WHITE LAKE 5.2 SSE, MI US","42.617482","-83.543782","291.7","2020-11",,,,,,,
"US1MIOK0050","WHITE LAKE 5.2 SSE, MI US","42.617482","-83.543782","291.7","2020-12",,,,,,,
"USC00206158","OLD MISSION 3 SSW, MI US","44.9215","-85.5161","199.9","2020-07",,,,,,,
"USC00206158","OLD MISSION 3 SSW, MI US","44.9215","-85.5161","199.9","2020-08",,,,,,,
"USC00206158","OLD MISSION 3 SSW, MI US","44.9215","-85.5161","199.9","2020-09",,,,,,,
"USC00206158","OLD MISSION 3 SSW, MI US","44.9215","-85.5161","199.9","2020-10",,,,,,,
"USC00206158","OLD MISSION 3 SSW, MI US","44.9215","-85.5161","199.9","2020-11",,,,,,,
"USC00206158","OLD MISSION 3 SSW, MI US","44.9215","-85.5161","199.9","2020-12",,,,,,,
"US1MILL0001","NORTHPORT 5.0 SSW, MI US","45.061489","-85.648567","273.7","2020-07",,,,,,,
"US1MILL0001","NORTHPORT 5.0 SSW, MI US","45.061489","-85.648567","273.7","2020-08",,,,,,,
"US1MILL0001","NORTHPORT 5.0 SSW, MI US","45.061489","-85.648567","273.7","2020-09",,,,,,,
"US1MILL0001","NORTHPORT 5.0 SSW, MI US","45.061489","-85.648567","273.7","2020-10",,,,,,,
"US1MILL0001","NORTHPORT 5.0 SSW, MI US","45.061489","-85.648567","273.7","2020-11",,,,,,,
"US1MILL0001","NORTHPORT 5.0 SSW, MI US","45.061489","-85.648567","273.7","2020-12",,,,,,,
"US1MIKN0016","GRAND RAPIDS 2.5 ENE, MI US","42.9697","-85.6075","233.8","2020-07",,,,,,,
"US1MIKN0016","GRAND RAPIDS 2.5 ENE, MI US","42.9697","-85.6075","233.8","2020-08",,,,,,,
"US1MIKN0016","GRAND RAPIDS 2.5 ENE, MI US","42.9697","-85.6075","233.8","2020-09",,,,,,,
"US1MIKN0016","GRAND RAPIDS 2.5 ENE, MI US","42.9697","-85.6075","233.8","2020-10",,,,,,,
"US1MIKN0016","GRAND RAPIDS 2.5 ENE, MI US","42.9697","-85.6075","233.8","2020-11",,,,,,,
"US1MIKN0016","GRAND RAPIDS 2.5 ENE, MI US","42.9697","-85.6075","233.8","2020-12",,,,,,,
"US1MINW0010","WHITE CLOUD 9.6 E, MI US","43.525879","-85.584618","260.9","2020-07",,,,,,,
"US1MINW0010","WHITE CLOUD 9.6 E, MI US","43.525879","-85.584618","260.9","2020-08",,,,,,,
"US1MINW0010","WHITE CLOUD 9.6 E, MI US","43.525879","-85.584618","260.9","2020-09",,,,,,,
"US1MINW0010","WHITE CLOUD 9.6 E, MI US","43.525879","-85.584618","260.9","2020-10",,,,,,,
"US1MIKN0011","LOWELL 1.4 ESE, MI US","42.923687","-85.322221","215.8","2020-07",,,,,,,
"US1MIKN0011","LOWELL 1.4 ESE, MI US","42.923687","-85.322221","215.8","2020-08",,,,,,,
"US1MIKN0011","LOWELL 1.4 ESE, MI US","42.923687","-85.322221","215.8","2020-09",,,,,,,
"US1MIKN0011","LOWELL 1.4 ESE, MI US","42.923687","-85.322221","215.8","2020-10",,,,,,,
"US1MIKN0011","LOWELL 1.4 ESE, MI US","42.923687","-85.322221","215.8","2020-11",,,,,,,
"US1MIKN0011","LOWELL 1.4 ESE, MI US","42.923687","-85.322221","215.8","2020-12",,,,,,,
"US1MIBN0013","ST. JOSEPH 1.5 SSE, MI US","42.077448","-86.480321","192.6","2020-07",,,,,,,
"US1MIBN0013","ST. JOSEPH 1.5 SSE, MI US","42.077448","-86.480321","192.6","2020-08",,,,,,,
"US1MIBN0013","ST. JOSEPH 1.5 SSE, MI US","42.077448","-86.480321","192.6","2020-09",,,,,,,
"US1MIBN0013","ST. JOSEPH 1.5 SSE, MI US","42.077448","-86.480321","192.6","2020-10",,,,,,,
"US1MIBN0013","ST. JOSEPH 1.5 SSE, MI US","42.077448","-86.480321","192.6","2020-11",,,,,,,
"USR0000MWAT","WATERSMEET MICHIGAN, MI US","46.2689","-89.17","489.2","2020-07","137.6","7.8","32.8","18.9","20.3","26.9","13.7"
"USR0000MWAT","WATERSMEET MICHIGAN, MI US","46.2689","-89.17","489.2","2020-08","182.8","2.8","30.0","71.8","18.1","24.6","11.6"
"USR0000MWAT","WATERSMEET MICHIGAN, MI US","46.2689","-89.17","489.2","2020-09","183.6","-3.3","27.2","263.1","12.0","17.7","6.3"
"USR0000MWAT","WATERSMEET MICHIGAN, MI US","46.2689","-89.17","489.2","2020-10","183.6","-13.9","23.3","740.4","2.9","7.5","-1.6"
"USR0000MWAT","WATERSMEET MICHIGAN, MI US","46.2689","-89.17","489.2","2020-11","183.6","-13.3","22.8","1225.5","1.3","6.5","-4.0"
"USR0000MWAT","WATERSMEET MICHIGAN, MI US","46.2689","-89.17","489.2","2020-12","183.6","-22.8","9.4","1915.5","-5.5","-1.4","-9.6"
"US1MIOK0047","BLOOMFIELD TOWNSHIP 3.1 SW, MI US","42.54516","-83.317685","262.7","2020-07",,,,,,,
"US1MIOK0047","BLOOMFIELD TOWNSHIP 3.1 SW, MI US","42.54516","-83.317685","262.7","2020-08",,,,,,,
"US1MIOK0047","BLOOMFIELD TOWNSHIP 3.1 SW, MI US","42.54516","-83.317685","262.7","2020-09",,,,,,,
"US1MIOK0047","BLOOMFIELD TOWNSHIP 3.1 SW, MI US","42.54516","-83.317685","262.7","2020-10",,,,,,,
"US1MIOK0047","BLOOMFIELD TOWNSHIP 3.1 SW, MI US","42.54516","-83.317685","262.7","2020-11",,,,,,,
"US1MIOK0047","BLOOMFIELD TOWNSHIP 3.1 SW, MI US","42.54516","-83.317685","262.7","2020-12",,,,,,,
"USW00054854","GAYLORD 9 SSW, MI US","44.908","-84.7203","445.3","2020-07","145.9","8.5","31.8","7.4","20.9","26.7","15.2"
"USW00054854","GAYLORD 9 SSW, MI US","44.908","-84.7203","445.3","2020-08","194.1","6.6","28.9","41.1","18.8","24.1","13.5"
"USW00054854","GAYLORD 9 SSW, MI US","44.908","-84.7203","445.3","2020-09","194.5","-0.1","25.1","202.1","13.0","18.2","7.7"
"USW00054854","GAYLORD 9 SSW, MI US","44.908","-84.7203","445.3","2020-10","194.5","-5.8","23.0","614.1","5.0","9.8","0.3"
"USW00054854","GAYLORD 9 SSW, MI US","44.908","-84.7203","445.3","2020-11","194.8","-8.7","23.0","1026.1","4.6","8.9","0.3"
"USW00054854","GAYLORD 9 SSW, MI US","44.908","-84.7203","445.3","2020-12","194.8","-10.4","6.6","1692.3","-3.2","-0.9","-5.4"
"USC00200864","BLOOMINGDALE, MI US","42.3838","-85.9626","224.3","2020-07","274.3","12.2","35.0","0.0","23.5","30.4","16.6"
"USC00200864","BLOOMINGDALE, MI US","42.3838","-85.9626","224.3","2020-08","365.3","7.2","33.3","11.4","21.0","28.7","13.4"
"USC00200864","BLOOMINGDALE, MI US","42.3838","-85.9626","224.3","2020-09","375.9","-0.6","29.4","101.7","15.7","22.9","8.5"
"USC00200864","BLOOMINGDALE, MI US","42.3838","-85.9626","224.3","2020-10","375.9","-3.9","27.8","418.0","8.1","15.0","1.3"
"USC00200864","BLOOMINGDALE, MI US","42.3838","-85.9626","224.3","2020-11","376.7","-7.8","25.0","780.7","6.0","12.4","-0.4"
"USC00200864","BLOOMINGDALE, MI US","42.3838","-85.9626","224.3","2020-12","376.7","-15.0","12.8","1336.1","-0.8","3.8","-5.3"
"US1MIOK0046","ORCHARD LAKE VILLAGE 0.9 WSW, MI US","42.577345","-83.394211","285.9","2020-07",,,,,,,
"US1MIOK0046","ORCHARD LAKE VILLAGE 0.9 WSW, MI US","42.577345","-83.394211","285.9","2020-08",,,,,,,
"US1MIOK0046","ORCHARD LAKE VILLAGE 0.9 WSW, MI US","42.577345","-83.394211","285.9","2020-09",,,,,,,
"US1MIOK0046","ORCHARD LAKE VILLAGE 0.9 WSW, MI US","42.577345","-83.394211","285.9","2020-10",,,,,,,
"US1MIOK0044","MILFORD 4.3 ESE, MI US","42.5727","-83.517587","283.8","2020-10",,,,,,,
"US1MIOK0044","MILFORD 4.3 ESE, MI US","42.5727","-83.517587","283.8","2020-11",,,,,,,
"US1MINW0008","WHITE CLOUD 7.5 ENE, MI US","43.606302","-85.641918","298.1","2020-07",,,,,,,
"US1MINW0008","WHITE CLOUD 7.5 ENE, MI US","43.606302","-85.641918","298.1","2020-08",,,,,,,
"US1MINW0008","WHITE CLOUD 7.5 ENE, MI US","43.606302","-85.641918","298.1","2020-09",,,,,,,
"US1MINW0008","WHITE CLOUD 7.5 ENE, MI US","43.606302","-85.641918","298.1","2020-10",,,,,,,
"US1MINW0008","WHITE CLOUD 7.5 ENE, MI US","43.606302","-85.641918","298.1","2020-11",,,,,,,
"US1MINW0008","WHITE CLOUD 7.5 ENE, MI US","43.606302","-85.641918","298.1","2020-12",,,,,,,
"USC00202804","FILION 5 NNW, MI US","43.9158","-83.083","193.5","2020-07",,"13.9","33.9","0.0","23.5","29.4","17.6"
"USC00202804","FILION 5 NNW, MI US","43.9158","-83.083","193.5","2020-08",,"11.7","32.2","0.8","21.9","27.3","16.6"
"USC00202804","FILION 5 NNW, MI US","43.9158","-83.083","193.5","2020-09",,"3.3","28.9",,"17.0","22.1","12.0"
"USC00202804","FILION 5 NNW, MI US","43.9158","-83.083","193.5","2020-10",,"-1.7","23.3",,"10.3","14.6","6.1"
"USC00202804","FILION 5 NNW, MI US","43.9158","-83.083","193.5","2020-11",,"-6.1","25.6",,"7.8","12.2","3.4"
"USC00202804","FILION 5 NNW, MI US","43.9158","-83.083","193.5","2020-12",,"-3.9","10.6",,"1.4","3.3","-0.5"
"US1MIBN0005","BUCHANAN 1.3 WNW, MI US","41.836342","-86.388989","228.3","2020-07",,,,,,,
"US1MIBN0005","BUCHANAN 1.3 WNW, MI US","41.836342","-86.388989","228.3","2020-08",,,,,,,
"US1MIBN0005","BUCHANAN 1.3 WNW, MI US","41.836342","-86.388989","228.3","2020-09",,,,,,,
"US1MIBN0005","BUCHANAN 1.3 WNW, MI US","41.836342","-86.388989","228.3","2020-10",,,,,,,
"US1MIBN0005","BUCHANAN 1.3 WNW, MI US","41.836342","-86.388989","228.3","2020-11",,,,,,,
"US1MIBN0005","BUCHANAN 1.3 WNW, MI US","41.836342","-86.388989","228.3","2020-12",,,,,,,
"USC00207275","ST. IGNACE, MI US","45.8608","-84.7196","201.5","2020-07","99.0","10.0","30.6","9.1","20.7","25.8","15.6"
"USC00207275","ST. IGNACE, MI US","45.8608","-84.7196","201.5","2020-08","139.9","10.0","27.8","27.3","19.1","23.8","14.3"
"USC00207275","ST. IGNACE, MI US","45.8608","-84.7196","201.5","2020-09","139.9","1.1","23.3","167.0","13.7","18.3","9.1"
"USC00207275","ST. IGNACE, MI US","45.8608","-84.7196","201.5","2020-10","139.9","-5.6","21.7","560.3","5.6","9.8","1.5"
"USC00207275","ST. IGNACE, MI US","45.8608","-84.7196","201.5","2020-11","139.9","-5.6","23.3","975.5","4.5","8.3","0.7"
"USC00207275","ST. IGNACE, MI US","45.8608","-84.7196","201.5","2020-12","139.9","-10.0","7.8","1607.2","-2.1","0.9","-5.0"
"USC00206184","ONAWAY 4 N, MI US","45.4108","-84.2233","227.1","2020-07","147.2","8.3","32.2","4.5","21.3","27.9","14.7"
"USC00206184","ONAWAY 4 N, MI US","45.4108","-84.2233","227.1","2020-08","192.2","7.2","30.6","19.0","19.3","25.4","13.3"
"USC00206184","ONAWAY 4 N, MI US","45.4108","-84.2233","227.1","2020-09","195.1","-1.1","25.6","160.0","13.7","19.5","7.9"
"USC00206184","ONAWAY 4 N, MI US","45.4108","-84.2233","227.1","2020-10","195.1","-6.1","24.4","542.7","6.0","10.5","1.5"
"USC00206184","ONAWAY 4 N, MI US","45.4108","-84.2233","227.1","2020-11","196.8","-7.2","24.4","924.6","5.7","10.6","0.8"
"USC00206184","ONAWAY 4 N, MI US","45.4108","-84.2233","227.1","2020-12","196.8","-11.7","7.8","1563.1","-2.3","0.6","-5.2"
"USC00207277","BEAVER ISLAND, MI US","45.6911","-85.5463","204.8","2020-07","122.2","10.6","30.6","3.5","21.1","25.6","16.5"
"USC00207277","BEAVER ISLAND, MI US","45.6911","-85.5463","204.8","2020-08","185.4","10.6","28.3","18.0","19.9","23.6","16.2"
"USC00207277","BEAVER ISLAND, MI US","45.6911","-85.5463","204.8","2020-09","185.7","2.8","22.2","146.7","14.1","17.8","10.3"
"USC00207277","BEAVER ISLAND, MI US","45.6911","-85.5463","204.8","2020-10","185.7","-4.4","19.4","514.8","6.5","9.9","3.1"
"USC00207277","BEAVER ISLAND, MI US","45.6911","-85.5463","204.8","2020-11","186.3","-6.1","22.2","892.7","5.8","9.6","1.9"
"USC00207277","BEAVER ISLAND, MI US","45.6911","-85.5463","204.8","2020-12","186.3","-8.9","8.9","1497.6","-1.2","1.4","-3.8"
"USC00208245","TRAVERSE CITY 4.7ESE, MI US","44.73389","-85.51208","245.1","2020-07",,,,,,,
"USC00208245","TRAVERSE CITY 4.7ESE, MI US","44.73389","-85.51208","245.1","2020-08",,,,,,,
"USC00208245","TRAVERSE CITY 4.7ESE, MI US","44.73389","-85.51208","245.1","2020-09",,,,,,,
"USC00208245","TRAVERSE CITY 4.7ESE, MI US","44.73389","-85.51208","245.1","2020-10",,,,,,,
"USC00208245","TRAVERSE CITY 4.7ESE, MI US","44.73389","-85.51208","245.1","2020-11",,,,,,,
"USC00208245","TRAVERSE CITY 4.7ESE, MI US","44.73389","-85.51208","245.1","2020-12",,,,,,,
"USR0000MMIO","MIO MICHIGAN, MI US","44.6761","-84.1283","320.0","2020-07","178.2","8.3","35.6","3.6","21.8","29.5","14.1"
"USR0000MMIO","MIO MICHIGAN, MI US","44.6761","-84.1283","320.0","2020-08","237.6","6.1","31.1","30.0","19.4","26.4","12.4"
"USR0000MMIO","MIO MICHIGAN, MI US","44.6761","-84.1283","320.0","2020-09","240.9","-3.9","27.2","182.7","13.4","20.1","6.6"
"USR0000MMIO","MIO MICHIGAN, MI US","44.6761","-84.1283","320.0","2020-10","240.9","-10.0","22.8","585.2","5.4","11.4","-0.7"
"USR0000MMIO","MIO MICHIGAN, MI US","44.6761","-84.1283","320.0","2020-11","240.9","-8.3","23.9","989.2","4.9","10.5","-0.7"
"USR0000MMIO","MIO MICHIGAN, MI US","44.6761","-84.1283","320.0","2020-12","240.9","-12.2","8.9","1629.4","-2.3","0.6","-5.3"
"USC00205097","MAPLE CITY 1 E, MI US","44.855","-85.8352","243.5","2020-07",,,,,,,
"USC00205097","MAPLE CITY 1 E, MI US","44.855","-85.8352","243.5","2020-08",,,,,,,
"USC00205097","MAPLE CITY 1 E, MI US","44.855","-85.8352","243.5","2020-09",,"0.0","25.6",,"15.3","19.9","10.7"
"USC00205097","MAPLE CITY 1 E, MI US","44.855","-85.8352","243.5","2020-10",,"-3.9","23.3",,"7.0","10.9","3.0"
"USC00205097","MAPLE CITY 1 E, MI US","44.855","-85.8352","243.5","2020-11",,"-6.7","25.0",,"6.6","11.2","2.1"
"USC00205097","MAPLE CITY 1 E, MI US","44.855","-85.8352","243.5","2020-12",,"-12.8","10.0",,"-0.8","1.8","-3.4"
"US1MIMQ0018","MARQUETTE 0.7 SSW, MI US","46.5409780293703","-87.4019466340542","221.6","2020-07",,,,,,,
"US1MIMQ0018","MARQUETTE 0.7 SSW, MI US","46.5409780293703","-87.4019466340542","221.6","2020-08",,,,,,,
"US1MIMQ0018","MARQUETTE 0.7 SSW, MI US","46.5409780293703","-87.4019466340542","221.6","2020-09",,,,,,,
"US1MIMQ0018","MARQUETTE 0.7 SSW, MI US","46.5409780293703","-87.4019466340542","221.6","2020-10",,,,,,,
"US1MIMQ0018","MARQUETTE 0.7 SSW, MI US","46.5409780293703","-87.4019466340542","221.6","2020-11",,,,,,,
"US1MIMQ0018","MARQUETTE 0.7 SSW, MI US","46.5409780293703","-87.4019466340542","221.6","2020-12",,,,,,,
"US1MIMQ0019","ISHPEMING 7.2 SW, MI US","46.4055","-87.7567","445.9","2020-07",,,,,,,
"US1MIMQ0019","ISHPEMING 7.2 SW, MI US","46.4055","-87.7567","445.9","2020-08",,,,,,,
"US1MIMQ0019","ISHPEMING 7.2 SW, MI US","46.4055","-87.7567","445.9","2020-09",,,,,,,
"US1MIMQ0019","ISHPEMING 7.2 SW, MI US","46.4055","-87.7567","445.9","2020-10",,,,,,,
"US1MIMQ0019","ISHPEMING 7.2 SW, MI US","46.4055","-87.7567","445.9","2020-11",,,,,,,
"US1MIMQ0019","ISHPEMING 7.2 SW, MI US","46.4055","-87.7567","445.9","2020-12",,,,,,,
"USC00201845","COVINGTON 1 NNW, MI US","46.5588","-88.5419","491.0","2020-07",,,,,,,
"USC00201845","COVINGTON 1 NNW, MI US","46.5588","-88.5419","491.0","2020-08",,"5.0","31.1",,"17.9","23.9","12.0"
"USC00201845","COVINGTON 1 NNW, MI US","46.5588","-88.5419","491.0","2020-09",,"-1.7","26.7",,"11.9","17.4","6.5"
"USC00201845","COVINGTON 1 NNW, MI US","46.5588","-88.5419","491.0","2020-10",,"-11.7","23.3",,"2.6","6.3","-1.0"
"USC00201845","COVINGTON 1 NNW, MI US","46.5588","-88.5419","491.0","2020-11",,"-11.7","23.9",,"1.8","6.3","-2.7"
"USC00201845","COVINGTON 1 NNW, MI US","46.5588","-88.5419","491.0","2020-12",,"-21.7","8.3",,"-6.0","-2.7","-9.2"
"US1MIOK0077","WHITE LAKE 0.5 E, MI US","42.69242","-83.54549","316.7","2020-07",,,,,,,
"US1MIOK0077","WHITE LAKE 0.5 E, MI US","42.69242","-83.54549","316.7","2020-08",,,,,,,
"US1MIOK0077","WHITE LAKE 0.5 E, MI US","42.69242","-83.54549","316.7","2020-09",,,,,,,
"US1MIOK0077","WHITE LAKE 0.5 E, MI US","42.69242","-83.54549","316.7","2020-10",,,,,,,
"US1MIOK0077","WHITE LAKE 0.5 E, MI US","42.69242","-83.54549","316.7","2020-12",,,,,,,
"USC00200758","BEULAH 7 SSW, MI US","44.5316","-86.1311","235.6","2020-07","213.9","11.1","32.8","2.5","22.7","28.2","17.2"
"USC00200758","BEULAH 7 SSW, MI US","44.5316","-86.1311","235.6","2020-08","308.9","9.4","31.1","15.0","21.0","26.5","15.5"
"USC00200758","BEULAH 7 SSW, MI US","44.5316","-86.1311","235.6","2020-09","320.3","1.7","26.1","119.1","15.2","20.4","10.1"
"USC00200758","BEULAH 7 SSW, MI US","44.5316","-86.1311","235.6","2020-10","320.3","-2.8","23.9","464.9","7.2","11.0","3.4"
"USC00200758","BEULAH 7 SSW, MI US","44.5316","-86.1311","235.6","2020-11","322.5","-6.7","23.9","845.9","5.7","10.1","1.3"
"USC00200758","BEULAH 7 SSW, MI US","44.5316","-86.1311","235.6","2020-12","322.5","-11.1","10.0","1441.9","-0.9","1.7","-3.4"
"US1MIWY0038","DETROIT 4.4 S, MI US","42.319995","-83.09005","180.1","2020-07",,,,,,,
"US1MIWY0038","DETROIT 4.4 S, MI US","42.319995","-83.09005","180.1","2020-08",,,,,,,
"US1MIWY0038","DETROIT 4.4 S, MI US","42.319995","-83.09005","180.1","2020-09",,,,,,,
"US1MIWY0038","DETROIT 4.4 S, MI US","42.319995","-83.09005","180.1","2020-10",,,,,,,
"US1MIWY0038","DETROIT 4.4 S, MI US","42.319995","-83.09005","180.1","2020-11",,,,,,,
"US1MIWY0038","DETROIT 4.4 S, MI US","42.319995","-83.09005","180.1","2020-12",,,,,,,
"US1MIWY0033","LIVONIA 2.3 NNW, MI US","42.431002","-83.381911","210.9","2020-07",,,,,,,
"US1MIWY0033","LIVONIA 2.3 NNW, MI US","42.431002","-83.381911","210.9","2020-08",,,,,,,
"US1MIWY0033","LIVONIA 2.3 NNW, MI US","42.431002","-83.381911","210.9","2020-09",,,,,,,
"US1MIWY0033","LIVONIA 2.3 NNW, MI US","42.431002","-83.381911","210.9","2020-10",,,,,,,
"US1MIWY0033","LIVONIA 2.3 NNW, MI US","42.431002","-83.381911","210.9","2020-11",,,,,,,
"US1MIWY0033","LIVONIA 2.3 NNW, MI US","42.431002","-83.381911","210.9","2020-12",,,,,,,
"US1MIWY0020","LIVONIA 2.2 WNW, MI US","42.406371","-83.413232","208.2","2020-08",,,,,,,
"US1MIWY0020","LIVONIA 2.2 WNW, MI US","42.406371","-83.413232","208.2","2020-09",,,,,,,
"US1MIWY0020","LIVONIA 2.2 WNW, MI US","42.406371","-83.413232","208.2","2020-10",,,,,,,
"US1MIHR0010","BAY PORT 3.2 SSW, MI US","43.807469","-83.400139","178.3","2020-07",,,,,,,
"US1MIHR0010","BAY PORT 3.2 SSW, MI US","43.807469","-83.400139","178.3","2020-08",,,,,,,
"US1MIHR0010","BAY PORT 3.2 SSW, MI US","43.807469","-83.400139","178.3","2020-09",,,,,,,
"US1MIHR0010","BAY PORT 3.2 SSW, MI US","43.807469","-83.400139","178.3","2020-10",,,,,,,
"US1MIHR0010","BAY PORT 3.2 SSW, MI US","43.807469","-83.400139","178.3","2020-11",,,,,,,
"US1MIHR0010","BAY PORT 3.2 SSW, MI US","43.807469","-83.400139","178.3","2020-12",,,,,,,
"USC00207280","SAINT JOHNS, MI US","43.0128","-84.5547","226.5","2020-07",,,,,,,
"USC00207280","SAINT JOHNS, MI US","43.0128","-84.5547","226.5","2020-08",,,,,,,
"USC00207280","SAINT JOHNS, MI US","43.0128","-84.5547","226.5","2020-09",,,,,,,
"USC00207280","SAINT JOHNS, MI US","43.0128","-84.5547","226.5","2020-10",,,,,,,
"USC00207280","SAINT JOHNS, MI US","43.0128","-84.5547","226.5","2020-11",,,,,,,
"USC00207280","SAINT JOHNS, MI US","43.0128","-84.5547","226.5","2020-12",,,,,,,
"US1MIOK0069","SOUTHFIELD 2.8 NNE, MI US","42.51303","-83.238","216.1","2020-07",,,,,,,
"US1MIOK0069","SOUTHFIELD 2.8 NNE, MI US","42.51303","-83.238","216.1","2020-08",,,,,,,
"US1MIOK0069","SOUTHFIELD 2.8 NNE, MI US","42.51303","-83.238","216.1","2020-09",,,,,,,
"US1MIOK0069","SOUTHFIELD 2.8 NNE, MI US","42.51303","-83.238","216.1","2020-10",,,,,,,
"US1MIET0001","LANSING 3.8 WNW, MI US","42.722426","-84.626935","267.9","2020-07",,,,,,,
"US1MIET0001","LANSING 3.8 WNW, MI US","42.722426","-84.626935","267.9","2020-08",,,,,,,
"US1MIET0001","LANSING 3.8 WNW, MI US","42.722426","-84.626935","267.9","2020-09",,,,,,,
"US1MIET0001","LANSING 3.8 WNW, MI US","42.722426","-84.626935","267.9","2020-10",,,,,,,
"US1MIET0001","LANSING 3.8 WNW, MI US","42.722426","-84.626935","267.9","2020-11",,,,,,,
"US1MIET0001","LANSING 3.8 WNW, MI US","42.722426","-84.626935","267.9","2020-12",,,,,,,
"US1MIOK0066","DAVISBURG 1.3 ESE, MI US","42.7443389892578","-83.5173797607422","314.6","2020-07",,,,,,,
"US1MIOK0066","DAVISBURG 1.3 ESE, MI US","42.7443389892578","-83.5173797607422","314.6","2020-08",,,,,,,
"US1MIOK0066","DAVISBURG 1.3 ESE, MI US","42.7443389892578","-83.5173797607422","314.6","2020-09",,,,,,,
"US1MIOK0066","DAVISBURG 1.3 ESE, MI US","42.7443389892578","-83.5173797607422","314.6","2020-10",,,,,,,
"US1MIOK0066","DAVISBURG 1.3 ESE, MI US","42.7443389892578","-83.5173797607422","314.6","2020-11",,,,,,,
"US1MIOK0066","DAVISBURG 1.3 ESE, MI US","42.7443389892578","-83.5173797607422","314.6","2020-12",,,,,,,
"USR0000MBRR","BEAR MICHIGAN, MI US","44.8019","-86.0508","289.9","2020-07","153.1","8.9","31.7","3.9","21.4","27.0","15.7"
"USR0000MBRR","BEAR MICHIGAN, MI US","44.8019","-86.0508","289.9","2020-08","221.0","8.3","30.6","20.4","20.0","25.1","14.9"
"USR0000MBRR","BEAR MICHIGAN, MI US","44.8019","-86.0508","289.9","2020-09","225.5","-0.6","25.0","138.5","14.6","19.6","9.5"
"USR0000MBRR","BEAR MICHIGAN, MI US","44.8019","-86.0508","289.9","2020-10","225.5","-3.3","22.8","495.1","6.8","11.1","2.6"
"USR0000MBRR","BEAR MICHIGAN, MI US","44.8019","-86.0508","289.9","2020-11","227.7","-6.7","23.9","866.2","6.0","10.1","1.9"
"USR0000MBRR","BEAR MICHIGAN, MI US","44.8019","-86.0508","289.9","2020-12","227.7","-8.9","10.6","1451.0","-0.5","1.8","-2.8"
"US1MIOK0063","FENTON 2.7 SSE, MI US","42.7672157287598","-83.6855316162109","296.0","2020-07",,,,,,,
"US1MIOK0063","FENTON 2.7 SSE, MI US","42.7672157287598","-83.6855316162109","296.0","2020-08",,,,,,,
"US1MIOK0063","FENTON 2.7 SSE, MI US","42.7672157287598","-83.6855316162109","296.0","2020-09",,,,,,,
"US1MIOK0063","FENTON 2.7 SSE, MI US","42.7672157287598","-83.6855316162109","296.0","2020-10",,,,,,,
"US1MIOK0063","FENTON 2.7 SSE, MI US","42.7672157287598","-83.6855316162109","296.0","2020-11",,,,,,,
"US1MIOK0063","FENTON 2.7 SSE, MI US","42.7672157287598","-83.6855316162109","296.0","2020-12",,,,,,,
"US1MIIN0001","SARANAC 2.6 NE, MI US","42.957642","-85.173759","203.3","2020-07",,,,,,,
"US1MIIN0001","SARANAC 2.6 NE, MI US","42.957642","-85.173759","203.3","2020-08",,,,,,,
"US1MIIN0001","SARANAC 2.6 NE, MI US","42.957642","-85.173759","203.3","2020-09",,,,,,,
"US1MIIN0001","SARANAC 2.6 NE, MI US","42.957642","-85.173759","203.3","2020-10",,,,,,,
"US1MIIN0001","SARANAC 2.6 NE, MI US","42.957642","-85.173759","203.3","2020-11",,,,,,,
"US1MIIN0001","SARANAC 2.6 NE, MI US","42.957642","-85.173759","203.3","2020-12",,,,,,,
"US1MIOK0062","LAKE ORION 4.3 SSE, MI US","42.722807","-83.225595","317.0","2020-07",,,,,,,
"US1MIOK0062","LAKE ORION 4.3 SSE, MI US","42.722807","-83.225595","317.0","2020-08",,,,,,,
"US1MIOK0062","LAKE ORION 4.3 SSE, MI US","42.722807","-83.225595","317.0","2020-09",,,,,,,
"USC00208249","TRAVERSE CITY MUNSON, MI US","44.7607","-85.6443","193.5","2020-07","185.9","11.1","33.9","1.4","22.4","28.4","16.5"
"USC00208249","TRAVERSE CITY MUNSON, MI US","44.7607","-85.6443","193.5","2020-08","270.6","10.0","30.6","16.1","20.7","26.4","14.9"
"USC00208249","TRAVERSE CITY MUNSON, MI US","44.7607","-85.6443","193.5","2020-09","274.7","0.6","26.1","137.1","14.4","20.2","8.6"
"USC00208249","TRAVERSE CITY MUNSON, MI US","44.7607","-85.6443","193.5","2020-10","274.7","-5.0","23.9","493.8","6.8","11.5","2.1"
"USC00208249","TRAVERSE CITY MUNSON, MI US","44.7607","-85.6443","193.5","2020-11","276.1","-6.1","24.4","889.9","5.2","9.9","0.4"
"USC00208249","TRAVERSE CITY MUNSON, MI US","44.7607","-85.6443","193.5","2020-12","276.1","-12.8","8.9","1491.3","-1.1","1.6","-3.7"
"US1MISC0014","PORT HURON 2.8 WSW, MI US","42.981609","-82.485512","189.9","2020-07",,,,,,,
"US1MISC0014","PORT HURON 2.8 WSW, MI US","42.981609","-82.485512","189.9","2020-08",,,,,,,
"US1MISC0014","PORT HURON 2.8 WSW, MI US","42.981609","-82.485512","189.9","2020-09",,,,,,,
"US1MISC0014","PORT HURON 2.8 WSW, MI US","42.981609","-82.485512","189.9","2020-10",,,,,,,
"US1MISC0014","PORT HURON 2.8 WSW, MI US","42.981609","-82.485512","189.9","2020-11",,,,,,,
"US1MISC0014","PORT HURON 2.8 WSW, MI US","42.981609","-82.485512","189.9","2020-12",,,,,,,
"US1MIWY0052","LIVONIA 2.0 NE, MI US","42.417046","-83.343613","195.7","2020-07",,,,,,,
"US1MIWY0052","LIVONIA 2.0 NE, MI US","42.417046","-83.343613","195.7","2020-08",,,,,,,
"US1MIWY0052","LIVONIA 2.0 NE, MI US","42.417046","-83.343613","195.7","2020-09",,,,,,,
"US1MIWY0052","LIVONIA 2.0 NE, MI US","42.417046","-83.343613","195.7","2020-10",,,,,,,
"US1MIWY0052","LIVONIA 2.0 NE, MI US","42.417046","-83.343613","195.7","2020-11",,,,,,,
"US1MIWY0052","LIVONIA 2.0 NE, MI US","42.417046","-83.343613","195.7","2020-12",,,,,,,
"USC00209110","WYANDOTTE, MI US","42.20844","-83.1626","176.8","2020-07",,,,,,,
"USC00209110","WYANDOTTE, MI US","42.20844","-83.1626","176.8","2020-08",,,,,,,
"USC00209110","WYANDOTTE, MI US","42.20844","-83.1626","176.8","2020-09",,,,,,,
"USC00209110","WYANDOTTE, MI US","42.20844","-83.1626","176.8","2020-10",,,,,,,
"USC00209110","WYANDOTTE, MI US","42.20844","-83.1626","176.8","2020-11",,,,,,,
"USC00209110","WYANDOTTE, MI US","42.20844","-83.1626","176.8","2020-12",,,,,,,
"USC00206080","OIL CITY 2 S, MI US","43.5816","-84.5888","207.3","2020-07",,"11.1","33.9","0.0","22.5","29.4","15.6"
"USC00206080","OIL CITY 2 S, MI US","43.5816","-84.5888","207.3","2020-08",,"7.8",,,,,"13.6"
"USC00206080","OIL CITY 2 S, MI US","43.5816","-84.5888","207.3","2020-09",,"-2.2","28.3",,"13.9","20.4","7.3"
"USC00206080","OIL CITY 2 S, MI US","43.5816","-84.5888","207.3","2020-10",,"-6.1","24.4",,"6.8","12.8","0.8"
"USC00206080","OIL CITY 2 S, MI US","43.5816","-84.5888","207.3","2020-11",,"-9.4","24.4",,"5.0","11.4","-1.4"
"USC00206080","OIL CITY 2 S, MI US","43.5816","-84.5888","207.3","2020-12",,"-11.1",,,,,"-4.1"
"USC00201502","CHELSEA, MI US","42.3263","-84.0133","274.3","2020-07","277.9","13.3","34.4","0.0","23.7","29.9","17.4"
"USC00201502","CHELSEA, MI US","42.3263","-84.0133","274.3","2020-08","383.9","10.0","32.8","7.1","21.5","27.9","15.2"
"USC00201502","CHELSEA, MI US","42.3263","-84.0133","274.3","2020-09","403.4","-0.6","28.9","83.4","16.4","22.9","10.0"
"USC00201502","CHELSEA, MI US","42.3263","-84.0133","274.3","2020-10","403.4","-4.4","25.6","374.0","9.0","14.7","3.3"
"USC00201502","CHELSEA, MI US","42.3263","-84.0133","274.3","2020-11","403.7","-8.3","25.6","733.3","6.4","12.3","0.4"
"USC00201502","CHELSEA, MI US","42.3263","-84.0133","274.3","2020-12","403.7","-9.4","11.7","1321.9","-0.6","2.7","-4.0"
"USC00202955","FRANKENMUTH 1 SE, MI US","43.3194","-83.7161","193.5","2020-07",,,,,,,
"USC00202955","FRANKENMUTH 1 SE, MI US","43.3194","-83.7161","193.5","2020-08",,,,,,,
"USC00202955","FRANKENMUTH 1 SE, MI US","43.3194","-83.7161","193.5","2020-09",,,,,,,
"USC00202955","FRANKENMUTH 1 SE, MI US","43.3194","-83.7161","193.5","2020-10",,,,,,,
"USC00200779","BIG RAPIDS WATER TREATMENT PLANT, MI US","43.7072","-85.4819","273.7","2020-07","189.2","11.7","34.4","0.0","22.8","30.2","15.3"
"USC00200779","BIG RAPIDS WATER TREATMENT PLANT, MI US","43.7072","-85.4819","273.7","2020-08","270.2","7.8","32.2","14.8","20.5","27.5","13.5"
"USC00200779","BIG RAPIDS WATER TREATMENT PLANT, MI US","43.7072","-85.4819","273.7","2020-09","273.5","-1.1","27.8","145.4","14.1","20.7","7.5"
"USC00200779","BIG RAPIDS WATER TREATMENT PLANT, MI US","43.7072","-85.4819","273.7","2020-10","273.5","-5.6","24.4","516.2","6.4","12.2","0.6"
"USC00200779","BIG RAPIDS WATER TREATMENT PLANT, MI US","43.7072","-85.4819","273.7","2020-11","273.5","-8.9","23.3","939.7","4.2","10.2","-1.8"
"USC00200779","BIG RAPIDS WATER TREATMENT PLANT, MI US","43.7072","-85.4819","273.7","2020-12","273.5","-11.7","8.9","1541.6","-1.7","0.9","-4.3"
"USC00200417","BAD AXE, MI US","43.808","-82.9938","217.9","2020-07","239.4","13.9","34.4","0.0","23.1","29.3","16.9"
"USC00200417","BAD AXE, MI US","43.808","-82.9938","217.9","2020-08","333.4","10.0","31.7","11.0","21.0","26.7","15.3"
"USC00200417","BAD AXE, MI US","43.808","-82.9938","217.9","2020-09","345.7","0.0","28.9","100.7","15.6","21.5","9.6"
"USC00200417","BAD AXE, MI US","43.808","-82.9938","217.9","2020-10","345.7","-5.6","23.3","403.7","8.6","13.3","3.8"
"USC00200417","BAD AXE, MI US","43.808","-82.9938","217.9","2020-11","346.5","-5.6","24.4","768.8","6.2","11.1","1.3"
"USC00200417","BAD AXE, MI US","43.808","-82.9938","217.9","2020-12","346.5","-8.9","8.9","1362.1","-0.8","1.5","-3.1"
"USC00203925","HOPKINS 1 N, MI US","42.6352","-85.761","214.9","2020-07",,,,,,,
"USC00203925","HOPKINS 1 N, MI US","42.6352","-85.761","214.9","2020-08",,,,,,,
"USC00203925","HOPKINS 1 N, MI US","42.6352","-85.761","214.9","2020-09",,,,,,,
"USC00203925","HOPKINS 1 N, MI US","42.6352","-85.761","214.9","2020-10",,,,,,,
"USC00203925","HOPKINS 1 N, MI US","42.6352","-85.761","214.9","2020-11",,,,,,,
"USC00203925","HOPKINS 1 N, MI US","42.6352","-85.761","214.9","2020-12",,,,,,,
"US1MIOK0094","FARMINGTON HILLS 1.4 N, MI US","42.5066","-83.3791","267.6","2020-07",,,,,,,
"US1MIOK0094","FARMINGTON HILLS 1.4 N, MI US","42.5066","-83.3791","267.6","2020-08",,,,,,,
"US1MIOK0094","FARMINGTON HILLS 1.4 N, MI US","42.5066","-83.3791","267.6","2020-09",,,,,,,
"US1MIOK0094","FARMINGTON HILLS 1.4 N, MI US","42.5066","-83.3791","267.6","2020-10",,,,,,,
"US1MIOK0094","FARMINGTON HILLS 1.4 N, MI US","42.5066","-83.3791","267.6","2020-11",,,,,,,
"US1MIOK0094","FARMINGTON HILLS 1.4 N, MI US","42.5066","-83.3791","267.6","2020-12",,,,,,,
"USC00200770","BIG BAY 1 NW, MI US","46.8325","-87.7504","233.2","2020-07","151.3","9.4","33.9","15.5","20.9","26.2","15.6"
"USC00200770","BIG BAY 1 NW, MI US","46.8325","-87.7504","233.2","2020-08","194.4","6.7","30.6","51.3","18.6","23.1","14.1"
"USC00200770","BIG BAY 1 NW, MI US","46.8325","-87.7504","233.2","2020-09","196.0","1.1","25.6","204.6","13.3","18.3","8.3"
"USC00200770","BIG BAY 1 NW, MI US","46.8325","-87.7504","233.2","2020-10","196.0","-7.8","24.4","634.2","4.5","8.1","0.9"
"USC00200770","BIG BAY 1 NW, MI US","46.8325","-87.7504","233.2","2020-11","197.9","-8.3","26.1","1080.8","3.5","8.0","-1.0"
"USC00200770","BIG BAY 1 NW, MI US","46.8325","-87.7504","233.2","2020-12","197.9","-16.1","9.4","1754.8","-3.4","-0.6","-6.2"
"USC00200771","BIG BAY 9 SW, MI US","46.7462","-87.8816","445.0","2020-07",,,,,,,
"USC00200771","BIG BAY 9 SW, MI US","46.7462","-87.8816","445.0","2020-08",,,,,,,
"USC00200771","BIG BAY 9 SW, MI US","46.7462","-87.8816","445.0","2020-09",,,,,,,
"USC00200771","BIG BAY 9 SW, MI US","46.7462","-87.8816","445.0","2020-10",,,,,,,
"USC00200771","BIG BAY 9 SW, MI US","46.7462","-87.8816","445.0","2020-11",,,,,,,
"USC00200771","BIG BAY 9 SW, MI US","46.7462","-87.8816","445.0","2020-12",,,,,,,
"US1MISC0003","PORT HURON 1.6 W, MI US","42.996173","-82.464307","186.2","2020-07",,,,,,,
"US1MISC0003","PORT HURON 1.6 W, MI US","42.996173","-82.464307","186.2","2020-08",,,,,,,
"US1MISC0003","PORT HURON 1.6 W, MI US","42.996173","-82.464307","186.2","2020-09",,,,,,,
"US1MISC0003","PORT HURON 1.6 W, MI US","42.996173","-82.464307","186.2","2020-10",,,,,,,
"US1MISC0003","PORT HURON 1.6 W, MI US","42.996173","-82.464307","186.2","2020-11",,,,,,,
"US1MISC0003","PORT HURON 1.6 W, MI US","42.996173","-82.464307","186.2","2020-12",,,,,,,
"USC00207188","RUDYARD 5 SE, MI US","46.19076","-84.50852","203.3","2020-07","70.6","7.2","32.2","24.8","19.3","26.5","12.1"
"USC00207188","RUDYARD 5 SE, MI US","46.19076","-84.50852","203.3","2020-08","87.5","4.4","28.9","65.3","17.6","24.2","10.9"
"USC00207188","RUDYARD 5 SE, MI US","46.19076","-84.50852","203.3","2020-09","87.5","-3.9","23.9","264.8","11.7","18.0","5.4"
"USC00207188","RUDYARD 5 SE, MI US","46.19076","-84.50852","203.3","2020-10","87.5","-7.8","19.4","707.6","4.1","9.1","-0.9"
"USC00207188","RUDYARD 5 SE, MI US","46.19076","-84.50852","203.3","2020-11","87.5","-6.7","23.3","1164.4","3.1","7.7","-1.5"
"USC00207188","RUDYARD 5 SE, MI US","46.19076","-84.50852","203.3","2020-12","87.5","-19.4","7.2","1871.0","-4.5","-0.6","-8.3"
"US1MIET0015","EATON RAPIDS 6.6 N, MI US","42.60421","-84.67487","277.7","2020-09",,,,,,,
"US1MIET0015","EATON RAPIDS 6.6 N, MI US","42.60421","-84.67487","277.7","2020-12",,,,,,,
"US1MIET0014","VERMONTVILLE 4.3 N, MI US","42.687542","-85.033386","270.7","2020-07",,,,,,,
"US1MIET0014","VERMONTVILLE 4.3 N, MI US","42.687542","-85.033386","270.7","2020-08",,,,,,,
"USC00203932","HOUGHTON LAKE 6 WSW, MI US","44.3119","-84.8922","345.9","2020-07","185.2","6.7","35.0","5.0","21.9","30.4","13.4"
"USC00203932","HOUGHTON LAKE 6 WSW, MI US","44.3119","-84.8922","345.9","2020-08","257.8","3.9","31.7","28.4","19.9","27.4","12.5"
"USC00203932","HOUGHTON LAKE 6 WSW, MI US","44.3119","-84.8922","345.9","2020-09","261.5","-3.9","28.3","180.0","13.4","20.8","6.0"
"USC00203932","HOUGHTON LAKE 6 WSW, MI US","44.3119","-84.8922","345.9","2020-10","261.5","-6.1","23.9","570.5","5.7","12.3","-0.8"
"USC00203932","HOUGHTON LAKE 6 WSW, MI US","44.3119","-84.8922","345.9","2020-11","261.8","-10.6","23.9","998.8","4.1","10.5","-2.3"
"USC00203932","HOUGHTON LAKE 6 WSW, MI US","44.3119","-84.8922","345.9","2020-12","261.8","-11.1","8.3","1622.3","-1.8","1.1","-4.7"
"US1MIMQ0028","CARLSHEND, MI US","46.316389","-87.19944","343.2","2020-11",,,,,,,
"US1MIMQ0028","CARLSHEND, MI US","46.316389","-87.19944","343.2","2020-12",,,,,,,
"US1MIOK0088","LEONARD 2.7 SE, MI US","42.839966","-83.103111","305.1","2020-08",,,,,,,
"US1MIOK0088","LEONARD 2.7 SE, MI US","42.839966","-83.103111","305.1","2020-09",,,,,,,
"US1MIOK0087","ORTONVILLE 2.3 S, MI US","42.818733215332","-83.4431304931641","297.2","2020-07",,,,,,,
"US1MIOK0087","ORTONVILLE 2.3 S, MI US","42.818733215332","-83.4431304931641","297.2","2020-08",,,,,,,
"US1MIOK0087","ORTONVILLE 2.3 S, MI US","42.818733215332","-83.4431304931641","297.2","2020-09",,,,,,,
"US1MIOK0087","ORTONVILLE 2.3 S, MI US","42.818733215332","-83.4431304931641","297.2","2020-10",,,,,,,
"US1MIOK0087","ORTONVILLE 2.3 S, MI US","42.818733215332","-83.4431304931641","297.2","2020-11",,,,,,,
"US1MIOK0087","ORTONVILLE 2.3 S, MI US","42.818733215332","-83.4431304931641","297.2","2020-12",,,,,,,
"US1MIOK0085","TROY 1.8 S, MI US","42.5543327331543","-83.1391754150391","203.3","2020-07",,,,,,,
"US1MIOK0085","TROY 1.8 S, MI US","42.5543327331543","-83.1391754150391","203.3","2020-08",,,,,,,
"US1MIOK0085","TROY 1.8 S, MI US","42.5543327331543","-83.1391754150391","203.3","2020-09",,,,,,,
"US1MIOK0085","TROY 1.8 S, MI US","42.5543327331543","-83.1391754150391","203.3","2020-10",,,,,,,
"US1MIOK0085","TROY 1.8 S, MI US","42.5543327331543","-83.1391754150391","203.3","2020-11",,,,,,,
"US1MIOK0085","TROY 1.8 S, MI US","42.5543327331543","-83.1391754150391","203.3","2020-12",,,,,,,
"US1MIWY0047","BELLEVILLE 2.8 ESE, MI US","42.182333","-83.436367","201.5","2020-07",,,,,,,
"US1MIWY0047","BELLEVILLE 2.8 ESE, MI US","42.182333","-83.436367","201.5","2020-08",,,,,,,
"US1MIWY0047","BELLEVILLE 2.8 ESE, MI US","42.182333","-83.436367","201.5","2020-09",,,,,,,
"US1MIWY0047","BELLEVILLE 2.8 ESE, MI US","42.182333","-83.436367","201.5","2020-10",,,,,,,
"US1MIWY0047","BELLEVILLE 2.8 ESE, MI US","42.182333","-83.436367","201.5","2020-11",,,,,,,
"US1MIWY0047","BELLEVILLE 2.8 ESE, MI US","42.182333","-83.436367","201.5","2020-12",,,,,,,
"US1MIWY0043","DEARBORN HEIGHTS 1.8 NW, MI US","42.3419570922852","-83.3020706176758","185.6","2020-07",,,,,,,
"US1MIWY0043","DEARBORN HEIGHTS 1.8 NW, MI US","42.3419570922852","-83.3020706176758","185.6","2020-08",,,,,,,
"US1MIWY0043","DEARBORN HEIGHTS 1.8 NW, MI US","42.3419570922852","-83.3020706176758","185.6","2020-09",,,,,,,
"US1MIWY0043","DEARBORN HEIGHTS 1.8 NW, MI US","42.3419570922852","-83.3020706176758","185.6","2020-10",,,,,,,
"US1MIWY0043","DEARBORN HEIGHTS 1.8 NW, MI US","42.3419570922852","-83.3020706176758","185.6","2020-11",,,,,,,
"US1MIWY0043","DEARBORN HEIGHTS 1.8 NW, MI US","42.3419570922852","-83.3020706176758","185.6","2020-12",,,,,,,
"US1MIMQ0025","ISHPEMING 6.3 NW, MI US","46.541401","-87.771535","486.5","2020-09",,,,,,,
"US1MIGL0004","GLADWIN 10.4 NNW, MI US","44.118652","-84.584704","321.6","2020-12",,,,,,,
"US1MIMQ0024","WOBIC 0.5 ESE, MI US","46.498396","-87.940723","491.0","2020-07",,,,,,,
"US1MIMQ0024","WOBIC 0.5 ESE, MI US","46.498396","-87.940723","491.0","2020-08",,,,,,,
"US1MIMQ0024","WOBIC 0.5 ESE, MI US","46.498396","-87.940723","491.0","2020-09",,,,,,,
"US1MIMQ0024","WOBIC 0.5 ESE, MI US","46.498396","-87.940723","491.0","2020-10",,,,,,,
"US1MIMQ0024","WOBIC 0.5 ESE, MI US","46.498396","-87.940723","491.0","2020-11",,,,,,,
"US1MIMQ0024","WOBIC 0.5 ESE, MI US","46.498396","-87.940723","491.0","2020-12",,,,,,,
