"STATION","NAME","LATITUDE","LONGITUDE","ELEVATION","DATE","CDSD","EMNT","EMXT","HDSD","TAVG","TMAX","TMIN"
"USC00205690","MUNISING, MI US","46.4121","-86.6625","207.3","2020-01","0.0","-14.4","3.3","2554.7","-4.7","-2.0","-7.4"
"USC00205690","MUNISING, MI US","46.4121","-86.6625","207.3","2020-02","0.0","-20.6","6.1","3295.7","-7.2","-3.3","-11.2"
"USC00205690","MUNISING, MI US","46.4121","-86.6625","207.3","2020-03","0.0","-11.1","8.9","3903.0","-1.3","2.0","-4.5"
"USC00205690","MUNISING, MI US","46.4121","-86.6625","207.3","2020-04","0.0","-8.9","12.2","4429.3","0.8","4.6","-3.1"
"USC00205690","MUNISING, MI US","46.4121","-86.6625","207.3","2020-05","8.6","-4.4","30.6","4725.0","8.8","13.8","3.7"
"USC00205690","MUNISING, MI US","46.4121","-86.6625","207.3","2020-06","29.4","2.2","29.4","4842.5","15.1","20.9","9.3"
"USC00203270","GLADSTONE NUMBER 2, MI US","45.8433","-87.0391","218.5","2020-01",,,,,,,
"USC00203270","GLADSTONE NUMBER 2, MI US","45.8433","-87.0391","218.5","2020-02",,,,,,,
"USC00203270","GLADSTONE NUMBER 2, MI US","45.8433","-87.0391","218.5","2020-03",,,,,,,
"USC00203270","GLADSTONE NUMBER 2, MI US","45.8433","-87.0391","218.5","2020-04",,,,,,,
"USC00203270","GLADSTONE NUMBER 2, MI US","45.8433","-87.0391","218.5","2020-05",,,,,,,
"USC00203270","GLADSTONE NUMBER 2, MI US","45.8433","-87.0391","218.5","2020-06",,,,,,,
"USC00203391","GRAYLING, MI US","44.64536","-84.69921","350.8","2020-01","0.0","-25.6","6.7","2516.0","-4.2","-0.6","-7.9"
"USC00203391","GRAYLING, MI US","44.64536","-84.69921","350.8","2020-02","0.0","-26.7","10.0","3242.8","-6.7","-1.2","-12.3"
"USC00203391","GRAYLING, MI US","44.64536","-84.69921","350.8","2020-03","0.0","-18.3","12.8","3827.1","-0.5","5.3","-6.3"
"USC00203391","GRAYLING, MI US","44.64536","-84.69921","350.8","2020-04","0.0","-11.1","17.2","4288.2","3.0","9.8","-3.8"
"USC00203391","GRAYLING, MI US","44.64536","-84.69921","350.8","2020-05","18.6","-10.0","32.2","4546.1","10.6","17.4","3.8"
"USC00203391","GRAYLING, MI US","44.64536","-84.69921","350.8","2020-06","65.5","-0.6","32.8","4608.7","17.8","25.7","9.9"
"US1MILV0026","FENTON 6.2 WSW, MI US","42.768322","-83.829286","267.3","2020-01",,,,,,,
"US1MILV0026","FENTON 6.2 WSW, MI US","42.768322","-83.829286","267.3","2020-02",,,,,,,
"US1MILV0026","FENTON 6.2 WSW, MI US","42.768322","-83.829286","267.3","2020-03",,,,,,,
"US1MILV0026","FENTON 6.2 WSW, MI US","42.768322","-83.829286","267.3","2020-04",,,,,,,
"US1MILV0026","FENTON 6.2 WSW, MI US","42.768322","-83.829286","267.3","2020-05",,,,,,,
"US1MILV0026","FENTON 6.2 WSW, MI US","42.768322","-83.829286","267.3","2020-06",,,,,,,
"USC00206662","PORT AUSTIN WWTP, MI US","44.0469","-82.9702","184.4","2020-05",,,,,,,
"USC00206662","PORT AUSTIN WWTP, MI US","44.0469","-82.9702","184.4","2020-06",,,,,,,
"USC00205452","MILFORD GM PROVING GROUND, MI US","42.5794","-83.6844","295.7","2020-01","0.0","-19.4","11.7",,"-1.3","2.1","-4.8"
"USC00205452","MILFORD GM PROVING GROUND, MI US","42.5794","-83.6844","295.7","2020-02","0.0","-22.8","10.6",,"-3.3","1.3","-7.9"
"USC00205452","MILFORD GM PROVING GROUND, MI US","42.5794","-83.6844","295.7","2020-03","0.0","-10.0","16.7",,"3.6","8.8","-1.6"
"USC00205452","MILFORD GM PROVING GROUND, MI US","42.5794","-83.6844","295.7","2020-04","0.0","-6.7","21.7",,"6.2","12.4","0.0"
"USC00205452","MILFORD GM PROVING GROUND, MI US","42.5794","-83.6844","295.7","2020-05","27.0","-3.3","31.7",,"13.0","18.8","7.3"
"USC00205452","MILFORD GM PROVING GROUND, MI US","42.5794","-83.6844","295.7","2020-06","108.3","3.9","32.8",,"20.5","28.2","12.8"
"USC00205451","MILAN WWTP, MI US","42.0811","-83.6769","207.3","2020-01","0.0","-11.7","13.3",,"-0.4","2.7","-3.6"
"USC00205451","MILAN WWTP, MI US","42.0811","-83.6769","207.3","2020-02","0.0","-15.6","11.1",,"-1.8","2.2","-5.7"
"USC00205451","MILAN WWTP, MI US","42.0811","-83.6769","207.3","2020-03","0.0","-8.9","17.8",,"4.1","9.4","-1.1"
"USC00205451","MILAN WWTP, MI US","42.0811","-83.6769","207.3","2020-04","0.0","-5.6","22.2",,"6.8","12.4","1.2"
"USC00205451","MILAN WWTP, MI US","42.0811","-83.6769","207.3","2020-05","26.8","-3.3","31.1",,"13.9","18.9","8.8"
"USC00205451","MILAN WWTP, MI US","42.0811","-83.6769","207.3","2020-06","121.6","6.7","32.8",,"21.0","27.2","14.7"
"USC00206780","QUINCY HILL, MI US","47.1364","-88.5795","349.0","2020-01",,,,,,,
"USC00206780","QUINCY HILL, MI US","47.1364","-88.5795","349.0","2020-02",,,,,,,
"USC00206780","QUINCY HILL, MI US","47.1364","-88.5795","349.0","2020-03",,,,,,,
"USC00206780","QUINCY HILL, MI US","47.1364","-88.5795","349.0","2020-04",,,,,,,
"USC00206780","QUINCY HILL, MI US","47.1364","-88.5795","349.0","2020-05",,,,,,,
"USC00206780","QUINCY HILL, MI US","47.1364","-88.5795","349.0","2020-06",,,,,,,
"US1MIVB0013","PAW PAW 2.0 NE, MI US","42.23743","-85.861711","231.6","2020-01",,,,,,,
"US1MIVB0013","PAW PAW 2.0 NE, MI US","42.23743","-85.861711","231.6","2020-02",,,,,,,
"US1MIVB0013","PAW PAW 2.0 NE, MI US","42.23743","-85.861711","231.6","2020-03",,,,,,,
"US1MIVB0013","PAW PAW 2.0 NE, MI US","42.23743","-85.861711","231.6","2020-04",,,,,,,
"US1MIVB0013","PAW PAW 2.0 NE, MI US","42.23743","-85.861711","231.6","2020-05",,,,,,,
"US1MIVB0013","PAW PAW 2.0 NE, MI US","42.23743","-85.861711","231.6","2020-06",,,,,,,
"US1MIME0008","LAKEVIEW 2.5 NNE, MI US","43.4821245074272","-85.262514129281","303.6","2020-04",,,,,,,
"US1MIME0008","LAKEVIEW 2.5 NNE, MI US","43.4821245074272","-85.262514129281","303.6","2020-05",,,,,,,
"US1MIME0008","LAKEVIEW 2.5 NNE, MI US","43.4821245074272","-85.262514129281","303.6","2020-06",,,,,,,
"US1MIVB0012","PAW PAW 0.7 ESE, MI US","42.215832","-85.877419","227.7","2020-02",,,,,,,
"US1MIVB0012","PAW PAW 0.7 ESE, MI US","42.215832","-85.877419","227.7","2020-03",,,,,,,
"US1MIVB0012","PAW PAW 0.7 ESE, MI US","42.215832","-85.877419","227.7","2020-04",,,,,,,
"US1MIVB0012","PAW PAW 0.7 ESE, MI US","42.215832","-85.877419","227.7","2020-05",,,,,,,
"US1MIVB0012","PAW PAW 0.7 ESE, MI US","42.215832","-85.877419","227.7","2020-06",,,,,,,
"US1MIVB0008","DECATUR 7.0 WNW, MI US","42.131799","-86.107326","240.2","2020-01",,,,,,,
"US1MIVB0008","DECATUR 7.0 WNW, MI US","42.131799","-86.107326","240.2","2020-02",,,,,,,
"US1MIVB0008","DECATUR 7.0 WNW, MI US","42.131799","-86.107326","240.2","2020-03",,,,,,,
"US1MIVB0008","DECATUR 7.0 WNW, MI US","42.131799","-86.107326","240.2","2020-04",,,,,,,
"US1MIVB0008","DECATUR 7.0 WNW, MI US","42.131799","-86.107326","240.2","2020-05",,,,,,,
"US1MIVB0008","DECATUR 7.0 WNW, MI US","42.131799","-86.107326","240.2","2020-06",,,,,,,
"US1MIVB0006","GRAND JUNCTION 1.4 NW, MI US","42.424964","-86.079324","203.0","2020-05",,,,,,,
"US1MIVB0006","GRAND JUNCTION 1.4 NW, MI US","42.424964","-86.079324","203.0","2020-06",,,,,,,
"US1MIOW0014","HOLLAND 4.4 NW, MI US","42.823464","-86.151194","199.0","2020-01",,,,,,,
"US1MIOW0014","HOLLAND 4.4 NW, MI US","42.823464","-86.151194","199.0","2020-02",,,,,,,
"US1MIOW0014","HOLLAND 4.4 NW, MI US","42.823464","-86.151194","199.0","2020-04",,,,,,,
"US1MIOW0014","HOLLAND 4.4 NW, MI US","42.823464","-86.151194","199.0","2020-05",,,,,,,
"US1MIOW0014","HOLLAND 4.4 NW, MI US","42.823464","-86.151194","199.0","2020-06",,,,,,,
"USC00203025","FREMONT 4 WSW, MI US","43.44527","-86.02646","242.9","2020-01","0.0","-12.8","8.9","2165.2","-2.8","0.5","-6.2"
"USC00203025","FREMONT 4 WSW, MI US","43.44527","-86.02646","242.9","2020-02","0.0","-16.7","7.2","2745.7","-3.9","-0.2","-7.7"
"USC00203025","FREMONT 4 WSW, MI US","43.44527","-86.02646","242.9","2020-03","0.0","-8.3","12.8","3246.2","2.2","6.3","-1.9"
"USC00203025","FREMONT 4 WSW, MI US","43.44527","-86.02646","242.9","2020-04","0.0","-3.9","20.0","3637.1","5.3","10.2","0.4"
"USC00203025","FREMONT 4 WSW, MI US","43.44527","-86.02646","242.9","2020-05","24.2","-4.4","31.7","3847.9","12.3","17.6","7.0"
"USC00203025","FREMONT 4 WSW, MI US","43.44527","-86.02646","242.9","2020-06","97.7","2.8","31.7","3887.2","19.5","25.9","13.1"
"US1MIAN0001","WAYLAND 2.0 W, MI US","42.6732292","-85.68013763","225.2","2020-03",,,,,,,
"US1MIAN0001","WAYLAND 2.0 W, MI US","42.6732292","-85.68013763","225.2","2020-04",,,,,,,
"US1MIAN0001","WAYLAND 2.0 W, MI US","42.6732292","-85.68013763","225.2","2020-05",,,,,,,
"US1MIAN0001","WAYLAND 2.0 W, MI US","42.6732292","-85.68013763","225.2","2020-06",,,,,,,
"USC00206658","PONTIAC WWTP, MI US","42.6388","-83.2555","271.3","2020-01","0.0","-11.7","11.1","1826.5","-0.2","3.2","-3.6"
"USC00206658","PONTIAC WWTP, MI US","42.6388","-83.2555","271.3","2020-02","0.0","-17.2","12.8","2405.9","-1.6","2.8","-6.1"
"USC00206658","PONTIAC WWTP, MI US","42.6388","-83.2555","271.3","2020-03","0.0","-6.7","17.2","2841.4","4.3","9.7","-1.1"
"USC00206658","PONTIAC WWTP, MI US","42.6388","-83.2555","271.3","2020-04","0.0","-3.9","23.9","3179.2","7.1","13.2","1.0"
"USC00206658","PONTIAC WWTP, MI US","42.6388","-83.2555","271.3","2020-05","23.3","-1.7","31.1","3337.7","14.0","19.4","8.6"
"USC00206658","PONTIAC WWTP, MI US","42.6388","-83.2555","271.3","2020-06","116.4","6.7","32.8","3355.5","20.8","27.5","14.2"
"USC00205567","MONTAGUE 4 NW, MI US","43.461","-86.41773","198.1","2020-01","0.0","-12.2","7.2","2021.0","-1.0","1.7","-3.7"
"USC00205567","MONTAGUE 4 NW, MI US","43.461","-86.41773","198.1","2020-02","0.0","-12.2","6.7","2627.6","-2.6","0.5","-5.7"
"USC00205567","MONTAGUE 4 NW, MI US","43.461","-86.41773","198.1","2020-03","0.0","-10.0","12.8","3114.4","2.6","6.6","-1.4"
"USC00205567","MONTAGUE 4 NW, MI US","43.461","-86.41773","198.1","2020-04","0.0","-6.7","20.0","3482.5","6.1","11.5","0.6"
"USC00205567","MONTAGUE 4 NW, MI US","43.461","-86.41773","198.1","2020-05","18.4","-6.1","30.6","3681.8","12.5","18.6","6.4"
"USC00205567","MONTAGUE 4 NW, MI US","43.461","-86.41773","198.1","2020-06","63.7","1.1","33.9","3721.4","18.6","26.0","11.2"
"US1MILV0014","BRIGHTON 2.5 E, MI US","42.5330831855536","-83.7359697371721","285.0","2020-06",,,,,,,
"USC00207880","STEUBEN, MI US","46.18535","-86.46418","221.9","2020-02",,,,,,,
"USC00207880","STEUBEN, MI US","46.18535","-86.46418","221.9","2020-03",,,,,,,
"USC00207880","STEUBEN, MI US","46.18535","-86.46418","221.9","2020-04",,,,,,,
"USC00207880","STEUBEN, MI US","46.18535","-86.46418","221.9","2020-05",,,,,,,
"USC00207880","STEUBEN, MI US","46.18535","-86.46418","221.9","2020-06",,,,,,,
"USC00208972","WHITMORE LAKE 1 NW, MI US","42.4355","-83.783","276.1","2020-01","0.0","-14.4","11.7","2017.2","-1.4","1.9","-4.8"
"USC00208972","WHITMORE LAKE 1 NW, MI US","42.4355","-83.783","276.1","2020-02","0.0","-20.6","11.1","2639.3","-3.1","1.7","-7.9"
"USC00208972","WHITMORE LAKE 1 NW, MI US","42.4355","-83.783","276.1","2020-03","0.0","-10.0","16.7","3067.6","3.0","8.3","-2.2"
"USC00208972","WHITMORE LAKE 1 NW, MI US","42.4355","-83.783","276.1","2020-04","0.0","-6.7","21.7","3432.2","6.2","12.1","0.2"
"USC00208972","WHITMORE LAKE 1 NW, MI US","42.4355","-83.783","276.1","2020-05",,,,,,,
"USC00208972","WHITMORE LAKE 1 NW, MI US","42.4355","-83.783","276.1","2020-06",,"5.0","31.7",,"19.4","26.3","12.4"
"US1MIME0011","BIG RAPIDS 5.4 S, MI US","43.6263","-85.476","270.4","2020-01",,,,,,,
"US1MIME0011","BIG RAPIDS 5.4 S, MI US","43.6263","-85.476","270.4","2020-03",,,,,,,
"US1MIME0011","BIG RAPIDS 5.4 S, MI US","43.6263","-85.476","270.4","2020-04",,,,,,,
"US1MIME0011","BIG RAPIDS 5.4 S, MI US","43.6263","-85.476","270.4","2020-05",,,,,,,
"US1MIAN0004","FENNVILLE 0.8 W, MI US","42.594218","-86.120119","204.2","2020-01",,,,,,,
"US1MIAN0004","FENNVILLE 0.8 W, MI US","42.594218","-86.120119","204.2","2020-02",,,,,,,
"US1MIAN0004","FENNVILLE 0.8 W, MI US","42.594218","-86.120119","204.2","2020-03",,,,,,,
"US1MIAN0004","FENNVILLE 0.8 W, MI US","42.594218","-86.120119","204.2","2020-04",,,,,,,
"US1MIAN0004","FENNVILLE 0.8 W, MI US","42.594218","-86.120119","204.2","2020-05",,,,,,,
"US1MIAN0004","FENNVILLE 0.8 W, MI US","42.594218","-86.120119","204.2","2020-06",,,,,,,
"USC00204130","ISHPEMING WWTP, MI US","46.4911","-87.6894","428.5","2020-01","0.0","-21.7","1.7","2829.2","-6.8","-3.2","-10.4"
"USC00204130","ISHPEMING WWTP, MI US","46.4911","-87.6894","428.5","2020-02","0.0","-26.7","9.4","3629.7","-9.3","-3.4","-15.2"
"USC00204130","ISHPEMING WWTP, MI US","46.4911","-87.6894","428.5","2020-03","0.0","-21.1","12.8","4288.5","-2.9","2.6","-8.4"
"USC00204130","ISHPEMING WWTP, MI US","46.4911","-87.6894","428.5","2020-04","0.0","-16.1","16.1","4814.1","0.2","6.6","-6.1"
"USC00204130","ISHPEMING WWTP, MI US","46.4911","-87.6894","428.5","2020-05","16.1","-6.1","30.0","5094.7","9.8","16.0","3.6"
"USC00204130","ISHPEMING WWTP, MI US","46.4911","-87.6894","428.5","2020-06","58.4","0.6","31.1","5170.8","17.2","24.6","9.8"
"US1MIME0010","MECOSTA 4.6 SSW, MI US","43.562697","-85.280632","297.2","2020-01",,,,,,,
"US1MIME0010","MECOSTA 4.6 SSW, MI US","43.562697","-85.280632","297.2","2020-02",,,,,,,
"US1MIME0010","MECOSTA 4.6 SSW, MI US","43.562697","-85.280632","297.2","2020-03",,,,,,,
"US1MIME0010","MECOSTA 4.6 SSW, MI US","43.562697","-85.280632","297.2","2020-04",,,,,,,
"US1MIME0010","MECOSTA 4.6 SSW, MI US","43.562697","-85.280632","297.2","2020-05",,,,,,,
"US1MIME0010","MECOSTA 4.6 SSW, MI US","43.562697","-85.280632","297.2","2020-06",,,,,,,
"US1MIME0012","BIG RAPIDS 3.1 SE, MI US","43.677222","-85.435194","287.1","2020-01",,,,,,,
"US1MIME0012","BIG RAPIDS 3.1 SE, MI US","43.677222","-85.435194","287.1","2020-04",,,,,,,
"US1MIME0012","BIG RAPIDS 3.1 SE, MI US","43.677222","-85.435194","287.1","2020-05",,,,,,,
"US1MISH0001","MANISTIQUE 2.7 NW, MI US","45.99042","-86.282664","190.5","2020-04",,,,,,,
"US1MISH0001","MANISTIQUE 2.7 NW, MI US","45.99042","-86.282664","190.5","2020-05",,,,,,,
"US1MISH0001","MANISTIQUE 2.7 NW, MI US","45.99042","-86.282664","190.5","2020-06",,,,,,,
"US1MIVB0004","PAW PAW 3.6 NNE, MI US","42.265824","-85.861936","216.1","2020-01",,,,,,,
"US1MIVB0004","PAW PAW 3.6 NNE, MI US","42.265824","-85.861936","216.1","2020-02",,,,,,,
"US1MIVB0004","PAW PAW 3.6 NNE, MI US","42.265824","-85.861936","216.1","2020-03",,,,,,,
"US1MIVB0004","PAW PAW 3.6 NNE, MI US","42.265824","-85.861936","216.1","2020-04",,,,,,,
"US1MIVB0004","PAW PAW 3.6 NNE, MI US","42.265824","-85.861936","216.1","2020-05",,,,,,,
"US1MIVB0004","PAW PAW 3.6 NNE, MI US","42.265824","-85.861936","216.1","2020-06",,,,,,,
"USR0000MSPI","SPINCICH LAKE MICHIGAN, MI US","46.4578","-85.6272","273.1","2020-01","0.0","-15.6","2.8",,"-4.5","-1.2","-7.8"
"USR0000MSPI","SPINCICH LAKE MICHIGAN, MI US","46.4578","-85.6272","273.1","2020-02","0.0","-23.9","7.2",,"-6.9","-1.5","-12.2"
"USR0000MSPI","SPINCICH LAKE MICHIGAN, MI US","46.4578","-85.6272","273.1","2020-03","0.0","-22.2","11.1",,"-1.5","4.5","-7.4"
"USR0000MSPI","SPINCICH LAKE MICHIGAN, MI US","46.4578","-85.6272","273.1","2020-04","0.0","-16.1","16.7",,"1.3","8.2","-5.7"
"USR0000MSPI","SPINCICH LAKE MICHIGAN, MI US","46.4578","-85.6272","273.1","2020-05","12.3","-11.1","30.0",,"9.3","16.6","2.1"
"USR0000MSPI","SPINCICH LAKE MICHIGAN, MI US","46.4578","-85.6272","273.1","2020-06","30.9","-1.7","32.8",,"15.7","24.4","6.9"
"US1MIVB0002","GRAND JUNCTION 1.3 ENE, MI US","42.40925586","-86.04813018","202.7","2020-01",,,,,,,
"US1MIVB0002","GRAND JUNCTION 1.3 ENE, MI US","42.40925586","-86.04813018","202.7","2020-02",,,,,,,
"US1MIVB0002","GRAND JUNCTION 1.3 ENE, MI US","42.40925586","-86.04813018","202.7","2020-03",,,,,,,
"US1MIVB0002","GRAND JUNCTION 1.3 ENE, MI US","42.40925586","-86.04813018","202.7","2020-04",,,,,,,
"US1MIVB0002","GRAND JUNCTION 1.3 ENE, MI US","42.40925586","-86.04813018","202.7","2020-05",,,,,,,
"US1MIVB0002","GRAND JUNCTION 1.3 ENE, MI US","42.40925586","-86.04813018","202.7","2020-06",,,,,,,
"US1MISH0002","MANISTIQUE 2.3 E, MI US","45.9644","-86.202","183.5","2020-05",,,,,,,
"US1MISH0002","MANISTIQUE 2.3 E, MI US","45.9644","-86.202","183.5","2020-06",,,,,,,
"US1MIOW0002","HOLLAND 3.9 NNE, MI US","42.822957","-86.06784","188.1","2020-01",,,,,,,
"US1MIOW0002","HOLLAND 3.9 NNE, MI US","42.822957","-86.06784","188.1","2020-02",,,,,,,
"US1MIOW0002","HOLLAND 3.9 NNE, MI US","42.822957","-86.06784","188.1","2020-03",,,,,,,
"US1MIOW0002","HOLLAND 3.9 NNE, MI US","42.822957","-86.06784","188.1","2020-04",,,,,,,
"US1MIOW0002","HOLLAND 3.9 NNE, MI US","42.822957","-86.06784","188.1","2020-05",,,,,,,
"US1MIOW0002","HOLLAND 3.9 NNE, MI US","42.822957","-86.06784","188.1","2020-06",,,,,,,
"US1MIAG0006","MUNISING 11.1 SSW, MI US","46.278055","-86.75747","264.3","2020-01",,,,,,,
"US1MIAG0006","MUNISING 11.1 SSW, MI US","46.278055","-86.75747","264.3","2020-02",,,,,,,
"US1MIAG0006","MUNISING 11.1 SSW, MI US","46.278055","-86.75747","264.3","2020-03",,,,,,,
"US1MIAG0006","MUNISING 11.1 SSW, MI US","46.278055","-86.75747","264.3","2020-04",,,,,,,
"US1MIAG0006","MUNISING 11.1 SSW, MI US","46.278055","-86.75747","264.3","2020-05",,,,,,,
"US1MIAG0006","MUNISING 11.1 SSW, MI US","46.278055","-86.75747","264.3","2020-06",,,,,,,
"USC00203278","GOODRICH, MI US","42.9163","-83.5097","277.4","2020-01","0.0","-17.2","11.7","1979.6","-1.1","2.0","-4.3"
"USC00203278","GOODRICH, MI US","42.9163","-83.5097","277.4","2020-02","0.0","-22.2","11.7","2598.7","-3.0","1.5","-7.5"
"USC00203278","GOODRICH, MI US","42.9163","-83.5097","277.4","2020-03","0.0","-8.9","17.2","3051.3","3.7","9.2","-1.7"
"USC00203278","GOODRICH, MI US","42.9163","-83.5097","277.4","2020-04","0.0","-5.0","22.2","3417.5","6.1","12.2","0.1"
"USC00203278","GOODRICH, MI US","42.9163","-83.5097","277.4","2020-05","29.4","-2.8","32.2","3600.8","13.4","19.0","7.8"
"USC00203278","GOODRICH, MI US","42.9163","-83.5097","277.4","2020-06","112.7","5.0","32.2","3629.4","20.2","27.2","13.1"
"USC00208967","WILLIAMSBURG 6 N, MI US","44.8561","-85.4161","210.3","2020-04",,,,,,,
"USC00208967","WILLIAMSBURG 6 N, MI US","44.8561","-85.4161","210.3","2020-05",,,,,,,
"USC00208967","WILLIAMSBURG 6 N, MI US","44.8561","-85.4161","210.3","2020-06",,,,,,,
"USC00206300","OWOSSO WWTP, MI US","43.0161","-84.18","222.5","2020-01","0.0","-14.4","10.6","1980.5","-1.2","1.7","-4.1"
"USC00206300","OWOSSO WWTP, MI US","43.0161","-84.18","222.5","2020-02","0.0","-18.9","10.6","2600.0","-3.0","1.1","-7.1"
"USC00206300","OWOSSO WWTP, MI US","43.0161","-84.18","222.5","2020-03","0.0","-8.9","17.2","3061.7","3.4","8.7","-1.8"
"USC00206300","OWOSSO WWTP, MI US","43.0161","-84.18","222.5","2020-04","0.0","-5.0","22.2","3433.1","5.9","11.8","0.1"
"USC00206300","OWOSSO WWTP, MI US","43.0161","-84.18","222.5","2020-05","30.4","-3.9","32.8","3617.4","13.4","19.4","7.4"
"USC00206300","OWOSSO WWTP, MI US","43.0161","-84.18","222.5","2020-06","96.0","4.4","31.7","3652.8","19.3","26.4","12.3"
"US1MILV0008","FENTON 5.6 WSW, MI US","42.7728706598282","-83.8187252730131","263.0","2020-03",,,,,,,
"US1MILV0008","FENTON 5.6 WSW, MI US","42.7728706598282","-83.8187252730131","263.0","2020-04",,,,,,,
"US1MILV0008","FENTON 5.6 WSW, MI US","42.7728706598282","-83.8187252730131","263.0","2020-05",,,,,,,
"US1MILV0008","FENTON 5.6 WSW, MI US","42.7728706598282","-83.8187252730131","263.0","2020-06",,,,,,,
"USC00205591","MORAN, MI US","45.9902","-84.8361","211.8","2020-01","0.0","-18.3","4.4","2506.1","-3.6","-0.4","-6.9"
"USC00205591","MORAN, MI US","45.9902","-84.8361","211.8","2020-02","0.0","-23.9","7.2","3213.9","-6.1","-1.1","-11.0"
"USC00205591","MORAN, MI US","45.9902","-84.8361","211.8","2020-03","0.0","-16.1","11.1","3813.5","-1.0","3.8","-5.8"
"USC00205591","MORAN, MI US","45.9902","-84.8361","211.8","2020-04","0.0","-8.3","17.2","4295.4","2.3","7.3","-2.8"
"USC00205591","MORAN, MI US","45.9902","-84.8361","211.8","2020-05","6.4","-7.8","30.6","4579.1","9.4","15.9","2.9"
"USC00205591","MORAN, MI US","45.9902","-84.8361","211.8","2020-06","21.5","1.7","31.7","4658.7","16.2","23.4","9.0"
"USC00206680","PORT HURON, MI US","42.975","-82.4194","179.8","2020-01","0.0","-8.9","11.1","1778.2","0.4","2.7","-1.9"
"USC00206680","PORT HURON, MI US","42.975","-82.4194","179.8","2020-02","0.0","-15.6","8.9","2351.7","-1.4","1.6","-4.4"
"USC00206680","PORT HURON, MI US","42.975","-82.4194","179.8","2020-03","0.0","-5.0","17.8","2790.9","4.2","7.9","0.4"
"USC00206680","PORT HURON, MI US","42.975","-82.4194","179.8","2020-04","0.0","-2.8","18.3","3151.6","6.3","10.6","2.0"
"USC00206680","PORT HURON, MI US","42.975","-82.4194","179.8","2020-05","25.9","-1.1","31.7","3339.9","13.1","17.6","8.6"
"USC00206680","PORT HURON, MI US","42.975","-82.4194","179.8","2020-06","116.7","9.4","32.2","3357.9","20.8","26.3","15.2"
"US1MIAN0019","SAUGATUCK 0.6 E, MI US","42.656209","-86.193185","187.8","2020-01",,,,,,,
"US1MIAN0019","SAUGATUCK 0.6 E, MI US","42.656209","-86.193185","187.8","2020-02",,,,,,,
"US1MIAN0019","SAUGATUCK 0.6 E, MI US","42.656209","-86.193185","187.8","2020-03",,,,,,,
"US1MIAN0019","SAUGATUCK 0.6 E, MI US","42.656209","-86.193185","187.8","2020-04",,,,,,,
"US1MIAN0019","SAUGATUCK 0.6 E, MI US","42.656209","-86.193185","187.8","2020-05",,,,,,,
"US1MIAN0019","SAUGATUCK 0.6 E, MI US","42.656209","-86.193185","187.8","2020-06",,,,,,,
"USC00203295","GRAND HAVEN WASTEWATER PLANT, MI US","43.0618","-86.2044","182.9","2020-01","0.0","-7.8","8.9","1700.8","0.0","2.6","-2.5"
"USC00203295","GRAND HAVEN WASTEWATER PLANT, MI US","43.0618","-86.2044","182.9","2020-02","0.0","-13.9","9.4","2217.9","-1.6","1.4","-4.5"
"USC00203295","GRAND HAVEN WASTEWATER PLANT, MI US","43.0618","-86.2044","182.9","2020-04",,,"21.1",,,"10.6",
"USC00203295","GRAND HAVEN WASTEWATER PLANT, MI US","43.0618","-86.2044","182.9","2020-05",,"-2.8","31.7",,"13.0","17.5","8.5"
"USC00203295","GRAND HAVEN WASTEWATER PLANT, MI US","43.0618","-86.2044","182.9","2020-06",,"7.2","33.9",,"19.8","25.5","14.0"
"US1MIAN0016","HOLLAND 4.1 WSW, MI US","42.7551855146885","-86.1808294057846","192.9","2020-04",,,,,,,
"US1MIAN0016","HOLLAND 4.1 WSW, MI US","42.7551855146885","-86.1808294057846","192.9","2020-05",,,,,,,
"US1MIAN0016","HOLLAND 4.1 WSW, MI US","42.7551855146885","-86.1808294057846","192.9","2020-06",,,,,,,
"US1MIMT0009","FENWICK 3.3 E, MI US","43.15067","-85.01435","255.1","2020-01",,,,,,,
"US1MIMT0009","FENWICK 3.3 E, MI US","43.15067","-85.01435","255.1","2020-02",,,,,,,
"US1MIMT0009","FENWICK 3.3 E, MI US","43.15067","-85.01435","255.1","2020-03",,,,,,,
"US1MIMT0009","FENWICK 3.3 E, MI US","43.15067","-85.01435","255.1","2020-04",,,,,,,
"US1MIMT0009","FENWICK 3.3 E, MI US","43.15067","-85.01435","255.1","2020-05",,,,,,,
"US1MIMT0009","FENWICK 3.3 E, MI US","43.15067","-85.01435","255.1","2020-06",,,,,,,
"US1MIMT0008","EDMORE 3.8 ESE, MI US","43.3797492980957","-84.9731903076172","307.2","2020-01",,,,,,,
"US1MIMT0008","EDMORE 3.8 ESE, MI US","43.3797492980957","-84.9731903076172","307.2","2020-02",,,,,,,
"US1MIMT0008","EDMORE 3.8 ESE, MI US","43.3797492980957","-84.9731903076172","307.2","2020-03",,,,,,,
"US1MIMT0008","EDMORE 3.8 ESE, MI US","43.3797492980957","-84.9731903076172","307.2","2020-04",,,,,,,
"US1MIMT0008","EDMORE 3.8 ESE, MI US","43.3797492980957","-84.9731903076172","307.2","2020-05",,,,,,,
"US1MIMT0008","EDMORE 3.8 ESE, MI US","43.3797492980957","-84.9731903076172","307.2","2020-06",,,,,,,
"USC00204257","KALKASKA, MI US","44.728","-85.1727","315.5","2020-01","0.0","-16.7","6.7","2487.3","-4.1","-1.2","-7.1"
"USC00204257","KALKASKA, MI US","44.728","-85.1727","315.5","2020-02","0.0","-19.4","8.9","3200.8","-6.3","-1.8","-10.7"
"USC00204257","KALKASKA, MI US","44.728","-85.1727","315.5","2020-03","0.0","-16.7","13.3","3788.1","-0.6","4.3","-5.6"
"USC00204257","KALKASKA, MI US","44.728","-85.1727","315.5","2020-04","0.0","-8.9","17.2","4241.7","3.2","8.9","-2.5"
"USC00204257","KALKASKA, MI US","44.728","-85.1727","315.5","2020-05","19.2","-7.2","31.1","4503.7","10.5","16.9","4.1"
"USC00204257","KALKASKA, MI US","44.728","-85.1727","315.5","2020-06","66.7","1.7","33.3","4565.9","17.8","25.2","10.5"
"US1MIAN0025","PLAINWELL 0.5 WSW, MI US","42.4431800842285","-85.6537475585938","225.6","2020-01",,,,,,,
"US1MIAN0025","PLAINWELL 0.5 WSW, MI US","42.4431800842285","-85.6537475585938","225.6","2020-02",,,,,,,
"US1MIAN0025","PLAINWELL 0.5 WSW, MI US","42.4431800842285","-85.6537475585938","225.6","2020-04",,,,,,,
"US1MIAN0025","PLAINWELL 0.5 WSW, MI US","42.4431800842285","-85.6537475585938","225.6","2020-05",,,,,,,
"US1MIAN0025","PLAINWELL 0.5 WSW, MI US","42.4431800842285","-85.6537475585938","225.6","2020-06",,,,,,,
"USC00207407","SCOTTVILLE 2 SE, MI US","43.93364","-86.24508","203.0","2020-01",,,,,,,
"USC00207407","SCOTTVILLE 2 SE, MI US","43.93364","-86.24508","203.0","2020-02",,,,,,,
"USC00207407","SCOTTVILLE 2 SE, MI US","43.93364","-86.24508","203.0","2020-03",,,,,,,
"USC00207407","SCOTTVILLE 2 SE, MI US","43.93364","-86.24508","203.0","2020-04",,,,,,,
"USC00207407","SCOTTVILLE 2 SE, MI US","43.93364","-86.24508","203.0","2020-05",,,,,,,
"USC00207407","SCOTTVILLE 2 SE, MI US","43.93364","-86.24508","203.0","2020-06",,,,,,,
"US1MIAN0020","HOLLAND 5.3 WSW, MI US","42.749","-86.202","204.2","2020-01",,,,,,,
"US1MIAN0020","HOLLAND 5.3 WSW, MI US","42.749","-86.202","204.2","2020-02",,,,,,,
"US1MIAN0020","HOLLAND 5.3 WSW, MI US","42.749","-86.202","204.2","2020-03",,,,,,,
"US1MIAN0020","HOLLAND 5.3 WSW, MI US","42.749","-86.202","204.2","2020-04",,,,,,,
"US1MIAN0020","HOLLAND 5.3 WSW, MI US","42.749","-86.202","204.2","2020-05",,,,,,,
"US1MIAN0020","HOLLAND 5.3 WSW, MI US","42.749","-86.202","204.2","2020-06",,,,,,,
"USC00204258","KALKASKA 11 SE, MI US","44.5897","-85.0486","330.1","2020-01","0.0","-18.3","6.1","2607.1","-4.4","-1.5","-7.2"
"USC00204258","KALKASKA 11 SE, MI US","44.5897","-85.0486","330.1","2020-02","0.0","-18.9","8.9","3326.0","-6.5","-2.0","-10.9"
"USC00204258","KALKASKA 11 SE, MI US","44.5897","-85.0486","330.1","2020-03","0.0","-15.0","11.7","3914.9","-0.7","4.2","-5.5"
"USC00204258","KALKASKA 11 SE, MI US","44.5897","-85.0486","330.1","2020-04","0.0","-9.4","16.7","4384.0","2.7","8.6","-3.2"
"USC00204258","KALKASKA 11 SE, MI US","44.5897","-85.0486","330.1","2020-05","15.3","-7.8","31.7","4653.1","10.1","16.7","3.6"
"USC00204258","KALKASKA 11 SE, MI US","44.5897","-85.0486","330.1","2020-06","47.8","0.6","31.7","4729.4","16.9","24.6","9.2"
"US1MIHG0006","CALUMET 5.8 ENE, MI US","47.272","-88.334","271.3","2020-01",,,,,,,
"US1MIHG0006","CALUMET 5.8 ENE, MI US","47.272","-88.334","271.3","2020-02",,,,,,,
"US1MIHG0006","CALUMET 5.8 ENE, MI US","47.272","-88.334","271.3","2020-03",,,,,,,
"US1MIHG0006","CALUMET 5.8 ENE, MI US","47.272","-88.334","271.3","2020-04",,,,,,,
"US1MIMM0001","SPALDING 0.5 NW, MI US","45.698937","-87.5153","262.7","2020-01",,,,,,,
"US1MIMM0001","SPALDING 0.5 NW, MI US","45.698937","-87.5153","262.7","2020-02",,,,,,,
"US1MIMM0001","SPALDING 0.5 NW, MI US","45.698937","-87.5153","262.7","2020-04",,,,,,,
"US1MIMM0001","SPALDING 0.5 NW, MI US","45.698937","-87.5153","262.7","2020-05",,,,,,,
"US1MIHG0003","CHASSELL 4.0 N, MI US","47.083129","-88.526941","213.1","2020-05",,,,,,,
"US1MIHG0003","CHASSELL 4.0 N, MI US","47.083129","-88.526941","213.1","2020-06",,,,,,,
"US1MIMM0008","MENOMINEE 4.1 NW, MI US","45.16128","-87.68621","198.7","2020-01",,,,,,,
"US1MIMM0008","MENOMINEE 4.1 NW, MI US","45.16128","-87.68621","198.7","2020-02",,,,,,,
"US1MIMM0008","MENOMINEE 4.1 NW, MI US","45.16128","-87.68621","198.7","2020-03",,,,,,,
"US1MIMM0008","MENOMINEE 4.1 NW, MI US","45.16128","-87.68621","198.7","2020-04",,,,,,,
"US1MIMM0008","MENOMINEE 4.1 NW, MI US","45.16128","-87.68621","198.7","2020-05",,,,,,,
"US1MIMM0008","MENOMINEE 4.1 NW, MI US","45.16128","-87.68621","198.7","2020-06",,,,,,,
"USC00202094","DETOUR VILLAGE, MI US","45.9983","-83.9013","181.4","2020-01","0.0","-18.3","3.9","2427.0","-4.4","-1.4","-7.3"
"USC00202094","DETOUR VILLAGE, MI US","45.9983","-83.9013","181.4","2020-02","0.0","-21.1","5.0","3128.3","-6.7","-2.4","-11.0"
"USC00202094","DETOUR VILLAGE, MI US","45.9983","-83.9013","181.4","2020-03","0.0","-14.4","7.2","3704.9","-1.6","2.2","-5.3"
"USC00202094","DETOUR VILLAGE, MI US","45.9983","-83.9013","181.4","2020-04","0.0","-6.7","14.4","4164.1","2.5","6.6","-1.6"
"USC00202094","DETOUR VILLAGE, MI US","45.9983","-83.9013","181.4","2020-05","0.8","-3.9","26.1","4462.4","8.7","13.4","4.0"
"USC00202094","DETOUR VILLAGE, MI US","45.9983","-83.9013","181.4","2020-06","18.3","3.9","28.3","4542.0","16.3","21.6","10.9"
"US1MIMM0005","DAGGETT 4.8 N, MI US","45.53069","-87.61922","241.1","2020-05",,,,,,,
"US1MIAN0027","OTSEGO 0.9 WNW, MI US","42.462","-85.713","219.5","2020-03",,,,,,,
"US1MIAN0027","OTSEGO 0.9 WNW, MI US","42.462","-85.713","219.5","2020-04",,,,,,,
"US1MIAN0027","OTSEGO 0.9 WNW, MI US","42.462","-85.713","219.5","2020-05",,,,,,,
"US1MIAN0027","OTSEGO 0.9 WNW, MI US","42.462","-85.713","219.5","2020-06",,,,,,,
"US1MIHG0001","HOUGHTON 1.6 ESE, MI US","47.107741","-88.529386","190.8","2020-01",,,,,,,
"US1MIHG0001","HOUGHTON 1.6 ESE, MI US","47.107741","-88.529386","190.8","2020-02",,,,,,,
"US1MIHG0001","HOUGHTON 1.6 ESE, MI US","47.107741","-88.529386","190.8","2020-03",,,,,,,
"US1MIHG0001","HOUGHTON 1.6 ESE, MI US","47.107741","-88.529386","190.8","2020-04",,,,,,,
"US1MIHG0001","HOUGHTON 1.6 ESE, MI US","47.107741","-88.529386","190.8","2020-05",,,,,,,
"US1MIHG0001","HOUGHTON 1.6 ESE, MI US","47.107741","-88.529386","190.8","2020-06",,,,,,,
"US1MIHG0018","CALUMET 0.7 W TAMARACK, MI US","47.245602","-88.467918","377.6","2020-01",,,,,,,
"USC00204161","JACOBSVILLE, MI US","47.0083","-88.4318","198.1","2020-01","0.0","-21.1","1.1","2733.5","-5.8","-2.3","-9.3"
"USC00204161","JACOBSVILLE, MI US","47.0083","-88.4318","198.1","2020-02","0.0","-23.9","9.4","3479.2","-7.4","-2.3","-12.5"
"USC00204161","JACOBSVILLE, MI US","47.0083","-88.4318","198.1","2020-03","0.0","-20.0","12.2","4131.5","-2.7","2.7","-8.1"
"USC00204161","JACOBSVILLE, MI US","47.0083","-88.4318","198.1","2020-04","0.0","-9.4","13.9","4654.8","0.9","5.4","-3.6"
"USC00204161","JACOBSVILLE, MI US","47.0083","-88.4318","198.1","2020-05","2.7","-5.6","28.3","4977.9","8.0","14.4","1.6"
"USC00204161","JACOBSVILLE, MI US","47.0083","-88.4318","198.1","2020-06","18.7","0.6","31.1","5084.2","15.3","22.6","8.0"
"US1MIJC0010","HANOVER 4.1 E, MI US","42.092634","-84.472924","317.9","2020-04",,,,,,,
"US1MIJC0010","HANOVER 4.1 E, MI US","42.092634","-84.472924","317.9","2020-05",,,,,,,
"US1MIJC0010","HANOVER 4.1 E, MI US","42.092634","-84.472924","317.9","2020-06",,,,,,,
"USC00204280","KEARSARGE, MI US","47.2752","-88.417","341.4","2020-01","0.0","-17.2","2.8",,"-5.9","-2.5","-9.2"
"USC00204280","KEARSARGE, MI US","47.2752","-88.417","341.4","2020-02","0.0","-18.9","8.9",,"-6.4","-2.8","-10.0"
"USC00204280","KEARSARGE, MI US","47.2752","-88.417","341.4","2020-03","0.0","-19.4","15.0",,"-2.4","4.0","-8.8"
"USC00204280","KEARSARGE, MI US","47.2752","-88.417","341.4","2020-04","0.0","-11.1","13.9",,"1.1","7.0","-4.7"
"USC00204280","KEARSARGE, MI US","47.2752","-88.417","341.4","2020-05",,,,,,,
"USC00204280","KEARSARGE, MI US","47.2752","-88.417","341.4","2020-06",,,,,,,
"US1MIHG0019","LAURIUM, MI US","47.237759","-88.441666","376.1","2020-05",,,,,,,
"US1MIHG0019","LAURIUM, MI US","47.237759","-88.441666","376.1","2020-06",,,,,,,
"USC00206583","PICKFORD 3 NE, MI US","46.1863","-84.3238","191.7","2020-05",,"-7.8","31.7",,"10.1","17.4","2.7"
"USC00206583","PICKFORD 3 NE, MI US","46.1863","-84.3238","191.7","2020-06",,"-1.1","31.1",,"16.4","24.7","8.1"
"US1MIJC0013","HANOVER 3.8 W, MI US","42.107","-84.626","328.0","2020-04",,,,,,,
"US1MIJC0013","HANOVER 3.8 W, MI US","42.107","-84.626","328.0","2020-05",,,,,,,
"US1MIJC0013","HANOVER 3.8 W, MI US","42.107","-84.626","328.0","2020-06",,,,,,,
"US1MIJC0011","JACKSON 3.2 W, MI US","42.240611","-84.466918","304.2","2020-01",,,,,,,
"US1MIJC0011","JACKSON 3.2 W, MI US","42.240611","-84.466918","304.2","2020-02",,,,,,,
"US1MIJC0011","JACKSON 3.2 W, MI US","42.240611","-84.466918","304.2","2020-03",,,,,,,
"US1MIJC0011","JACKSON 3.2 W, MI US","42.240611","-84.466918","304.2","2020-04",,,,,,,
"US1MIJC0011","JACKSON 3.2 W, MI US","42.240611","-84.466918","304.2","2020-05",,,,,,,
"US1MIJC0011","JACKSON 3.2 W, MI US","42.240611","-84.466918","304.2","2020-06",,,,,,,
"US1MICB0007","MACKINAW CITY 1.1 ENE, MI US","45.784734","-84.728905","181.7","2020-04",,,,,,,
"US1MICB0007","MACKINAW CITY 1.1 ENE, MI US","45.784734","-84.728905","181.7","2020-05",,,,,,,
"US1MICB0007","MACKINAW CITY 1.1 ENE, MI US","45.784734","-84.728905","181.7","2020-06",,,,,,,
"US1MICX0004","CHARLEVOIX 4.3 SSE, MI US","45.2572","-85.2165","235.3","2020-01",,,,,,,
"US1MICX0004","CHARLEVOIX 4.3 SSE, MI US","45.2572","-85.2165","235.3","2020-02",,,,,,,
"US1MICX0004","CHARLEVOIX 4.3 SSE, MI US","45.2572","-85.2165","235.3","2020-03",,,,,,,
"US1MICX0004","CHARLEVOIX 4.3 SSE, MI US","45.2572","-85.2165","235.3","2020-04",,,,,,,
"US1MICX0004","CHARLEVOIX 4.3 SSE, MI US","45.2572","-85.2165","235.3","2020-05",,,,,,,
"US1MICX0004","CHARLEVOIX 4.3 SSE, MI US","45.2572","-85.2165","235.3","2020-06",,,,,,,
"US1MICX0007","EAST JORDAN 2.1 NNW, MI US","45.186389","-85.1475","198.7","2020-01",,,,,,,
"US1MICX0007","EAST JORDAN 2.1 NNW, MI US","45.186389","-85.1475","198.7","2020-02",,,,,,,
"US1MICX0007","EAST JORDAN 2.1 NNW, MI US","45.186389","-85.1475","198.7","2020-03",,,,,,,
"US1MICX0007","EAST JORDAN 2.1 NNW, MI US","45.186389","-85.1475","198.7","2020-04",,,,,,,
"US1MICX0007","EAST JORDAN 2.1 NNW, MI US","45.186389","-85.1475","198.7","2020-05",,,,,,,
"US1MICX0007","EAST JORDAN 2.1 NNW, MI US","45.186389","-85.1475","198.7","2020-06",,,,,,,
"USC00205488","MILLINGTON 3 SE, MI US","43.2836","-83.4791","249.9","2020-01",,,,,,,
"USC00205488","MILLINGTON 3 SE, MI US","43.2836","-83.4791","249.9","2020-02",,,,,,,
"USC00205488","MILLINGTON 3 SE, MI US","43.2836","-83.4791","249.9","2020-03",,,,,,,
"USC00205488","MILLINGTON 3 SE, MI US","43.2836","-83.4791","249.9","2020-04",,,,,,,
"USC00205488","MILLINGTON 3 SE, MI US","43.2836","-83.4791","249.9","2020-05",,,,,,,
"USC00205488","MILLINGTON 3 SE, MI US","43.2836","-83.4791","249.9","2020-06",,,,,,,
"USC00207308","SALINE WWTP, MI US","42.1611","-83.7819","228.6","2020-06",,,,,,,
"USC00203188","GLENNIE 2 SE, MI US","44.5358","-83.7022","272.5","2020-01","0.0","-18.9","6.7","2421.0","-3.4","-0.2","-6.6"
"USC00203188","GLENNIE 2 SE, MI US","44.5358","-83.7022","272.5","2020-02","0.0","-24.4","7.8","3140.1","-6.5","-1.1","-11.8"
"USC00203188","GLENNIE 2 SE, MI US","44.5358","-83.7022","272.5","2020-03","0.0","-13.9","12.8","3708.5","0.0","5.6","-5.6"
"USC00203188","GLENNIE 2 SE, MI US","44.5358","-83.7022","272.5","2020-04","0.0","-7.8","16.1","4145.6","3.8","10.2","-2.7"
"USC00203188","GLENNIE 2 SE, MI US","44.5358","-83.7022","272.5","2020-05","17.8","-6.7","31.1","4388.7","11.1","17.5","4.6"
"USC00203188","GLENNIE 2 SE, MI US","44.5358","-83.7022","272.5","2020-06","49.5","1.7","32.2","4450.1","17.3","25.3","9.4"
"US1MIHG0011","HOUGHTON 3.0 SSW, MI US","47.077049","-88.5968","284.1","2020-01",,,,,,,
"USR0000MDOE","DOE LAKE MICHIGAN, MI US","46.2536","-86.7142","248.4","2020-01","0.0","-25.0","3.9","2758.3","-5.0","-1.1","-8.8"
"USR0000MDOE","DOE LAKE MICHIGAN, MI US","46.2536","-86.7142","248.4","2020-02","0.0","-28.9","10.0","3524.9","-8.1","-1.7","-14.5"
"USR0000MDOE","DOE LAKE MICHIGAN, MI US","46.2536","-86.7142","248.4","2020-03","0.0","-20.6","10.6","4138.6","-1.5","4.0","-6.9"
"USR0000MDOE","DOE LAKE MICHIGAN, MI US","46.2536","-86.7142","248.4","2020-04","0.0","-20.0","18.9","4667.5","0.7","8.4","-7.0"
"USR0000MDOE","DOE LAKE MICHIGAN, MI US","46.2536","-86.7142","248.4","2020-05","10.1","-10.6","30.6","4961.6","9.2","16.3","2.0"
"USR0000MDOE","DOE LAKE MICHIGAN, MI US","46.2536","-86.7142","248.4","2020-06","24.1","-1.7","31.1","5058.3","15.6","24.6","6.5"
"USC00205382","MENOMINEE NUMBER 2, MI US","45.111","-87.6117","180.1","2020-02",,,,,,,
"USC00205382","MENOMINEE NUMBER 2, MI US","45.111","-87.6117","180.1","2020-03",,,,,,,
"USC00205382","MENOMINEE NUMBER 2, MI US","45.111","-87.6117","180.1","2020-04",,,,,,,
"USC00205382","MENOMINEE NUMBER 2, MI US","45.111","-87.6117","180.1","2020-05",,,,,,,
"USC00208772","WELLSTON TIPPY DAM, MI US","44.2586","-85.9394","198.1","2020-01",,,,,,,
"USC00208772","WELLSTON TIPPY DAM, MI US","44.2586","-85.9394","198.1","2020-02",,,,,,,
"USC00208772","WELLSTON TIPPY DAM, MI US","44.2586","-85.9394","198.1","2020-03",,,,,,,
"USC00208772","WELLSTON TIPPY DAM, MI US","44.2586","-85.9394","198.1","2020-04",,,,,,,
"USC00208772","WELLSTON TIPPY DAM, MI US","44.2586","-85.9394","198.1","2020-05",,,,,,,
"USC00208772","WELLSTON TIPPY DAM, MI US","44.2586","-85.9394","198.1","2020-06",,,,,,,
"USC00208774","WELLSTON 1 N, MI US","44.2294","-85.9572","235.6","2020-01","0.0","-16.1","8.3","2355.1","-3.3","0.1","-6.8"
"USC00208774","WELLSTON 1 N, MI US","44.2294","-85.9572","235.6","2020-02","0.0","-18.9","8.3","3042.4","-5.4","-0.6","-10.2"
"USC00208774","WELLSTON 1 N, MI US","44.2294","-85.9572","235.6","2020-03","0.0","-12.8","15.6","3574.5","1.2","6.4","-4.1"
"USC00208774","WELLSTON 1 N, MI US","44.2294","-85.9572","235.6","2020-04","0.0","-9.4","20.6","4022.9","3.4","10.6","-3.8"
"USC00208774","WELLSTON 1 N, MI US","44.2294","-85.9572","235.6","2020-05","17.6","-7.2","32.8","4264.8","11.1","18.5","3.7"
"USC00208774","WELLSTON 1 N, MI US","44.2294","-85.9572","235.6","2020-06","57.4","-2.2","32.2","4327.7","17.6","26.5","8.6"
"USC00206354","PARADISE, MI US","46.6038","-85.0396","191.4","2020-01","0.0","-16.1","1.7","2626.4","-4.7","-2.2","-7.2"
"USC00206354","PARADISE, MI US","46.6038","-85.0396","191.4","2020-02","0.0","-20.0","6.7","3349.0","-6.6","-1.8","-11.3"
"USC00206354","PARADISE, MI US","46.6038","-85.0396","191.4","2020-03","0.0","-14.4","10.0","3976.8","-1.9","2.4","-6.3"
"USC00206354","PARADISE, MI US","46.6038","-85.0396","191.4","2020-04","0.0","-8.3","15.0","4497.0","1.0","5.8","-3.8"
"USC00206354","PARADISE, MI US","46.6038","-85.0396","191.4","2020-05","7.5","-5.6","32.2","4818.9","8.2","13.9","2.5"
"USC00206354","PARADISE, MI US","46.6038","-85.0396","191.4","2020-06","19.4","1.1","31.1","4940.2","14.7","21.4","8.0"
"US1MIGR0003","ALMA 0.3 NW, MI US","43.3818367","-84.6586301","224.9","2020-01",,,,,,,
"US1MIGR0003","ALMA 0.3 NW, MI US","43.3818367","-84.6586301","224.9","2020-03",,,,,,,
"US1MIGR0003","ALMA 0.3 NW, MI US","43.3818367","-84.6586301","224.9","2020-04",,,,,,,
"US1MIGR0003","ALMA 0.3 NW, MI US","43.3818367","-84.6586301","224.9","2020-05",,,,,,,
"US1MIGR0003","ALMA 0.3 NW, MI US","43.3818367","-84.6586301","224.9","2020-06",,,,,,,
"USC00200925","BOYNE FALLS, MI US","45.1672","-84.9138","221.9","2020-01","0.0","-18.3","7.2","2170.4","-2.2","0.6","-4.9"
"USC00200925","BOYNE FALLS, MI US","45.1672","-84.9138","221.9","2020-02","0.0","-19.4","9.4","2818.6","-4.0","0.1","-8.2"
"USC00200925","BOYNE FALLS, MI US","45.1672","-84.9138","221.9","2020-03","0.0","-14.4","15.0","3316.2","2.3","7.2","-2.6"
"USC00200925","BOYNE FALLS, MI US","45.1672","-84.9138","221.9","2020-04","0.0","-9.4","17.8","3727.9","4.6","11.2","-2.0"
"USC00200925","BOYNE FALLS, MI US","45.1672","-84.9138","221.9","2020-05","25.5","-7.2","33.3","3948.0","12.1","18.8","5.3"
"USC00200925","BOYNE FALLS, MI US","45.1672","-84.9138","221.9","2020-06","108.3","1.7","34.4","3983.5","19.9","28.1","11.7"
"USC00203078","GARDEN CORNERS, MI US","45.8983","-86.5485","178.9","2020-01","0.0","-22.8","3.3","2524.1","-4.7","-0.4","-8.9"
"USC00203078","GARDEN CORNERS, MI US","45.8983","-86.5485","178.9","2020-02","0.0","-26.1","8.3","3311.6","-8.8","-2.0","-15.6"
"USC00203078","GARDEN CORNERS, MI US","45.8983","-86.5485","178.9","2020-03","0.0","-17.2","7.8","3907.2","-0.9","4.1","-5.8"
"USC00203078","GARDEN CORNERS, MI US","45.8983","-86.5485","178.9","2020-04","0.0","-7.8","17.2","4391.3","2.2","7.4","-3.0"
"USC00203078","GARDEN CORNERS, MI US","45.8983","-86.5485","178.9","2020-05","5.1","-6.1","25.6","4660.4","9.8","15.7","3.9"
"USC00203078","GARDEN CORNERS, MI US","45.8983","-86.5485","178.9","2020-06","20.9","2.2","28.9","4736.1","16.3","23.3","9.4"
"USC00207312","SALINE 4 SW, MI US","42.1236","-83.8199","256.0","2020-01","0.0","-12.2","12.8","1813.3","-0.6","2.8","-4.1"
"USC00207312","SALINE 4 SW, MI US","42.1236","-83.8199","256.0","2020-02","0.0","-17.2","11.7","2375.5","-1.7","3.0","-6.5"
"USC00207312","SALINE 4 SW, MI US","42.1236","-83.8199","256.0","2020-03","0.0","-11.1","17.2","2794.0","4.4","9.8","-1.0"
"USC00207312","SALINE 4 SW, MI US","42.1236","-83.8199","256.0","2020-04","0.0","-5.6","22.8","3130.3","6.7","12.6","0.9"
"USC00207312","SALINE 4 SW, MI US","42.1236","-83.8199","256.0","2020-05","23.7","-2.2","32.2","3300.4","13.6","19.4","7.8"
"USC00207312","SALINE 4 SW, MI US","42.1236","-83.8199","256.0","2020-06","107.8","5.0","33.9","3318.4","20.6","28.0","13.3"
"USC00203096","GAYLORD, MI US","45.0332","-84.7113","401.7","2020-01","0.0","-19.4","5.6","2636.7","-4.9","-2.0","-7.7"
"USC00203096","GAYLORD, MI US","45.0332","-84.7113","401.7","2020-02","0.0","-23.3","8.3","3375.0","-7.1","-2.9","-11.4"
"USC00203096","GAYLORD, MI US","45.0332","-84.7113","401.7","2020-03","0.0","-17.8","12.2","3990.4","-1.5","3.4","-6.5"
"USC00203096","GAYLORD, MI US","45.0332","-84.7113","401.7","2020-04","0.0","-11.1","15.0","4483.6","1.9","7.7","-3.9"
"USC00203096","GAYLORD, MI US","45.0332","-84.7113","401.7","2020-05","13.0","-7.8","30.0","4759.2","9.9","16.1","3.6"
"USC00203096","GAYLORD, MI US","45.0332","-84.7113","401.7","2020-06","48.2","2.2","31.1","4831.8","17.1","24.2","9.9"
"US1MIOG0006","WEST BRANCH 2.1 SSW, MI US","44.2481446266174","-84.2508915066719","336.2","2020-01",,,,,,,
"US1MIOG0006","WEST BRANCH 2.1 SSW, MI US","44.2481446266174","-84.2508915066719","336.2","2020-02",,,,,,,
"US1MIMS0001","SCOTTVILLE 6.6 NNW, MI US","44.035312","-86.340031","209.7","2020-01",,,,,,,
"US1MIMS0001","SCOTTVILLE 6.6 NNW, MI US","44.035312","-86.340031","209.7","2020-02",,,,,,,
"US1MIMS0001","SCOTTVILLE 6.6 NNW, MI US","44.035312","-86.340031","209.7","2020-03",,,,,,,
"US1MIMS0001","SCOTTVILLE 6.6 NNW, MI US","44.035312","-86.340031","209.7","2020-04",,,,,,,
"US1MIMS0001","SCOTTVILLE 6.6 NNW, MI US","44.035312","-86.340031","209.7","2020-05",,,,,,,
"US1MIMS0001","SCOTTVILLE 6.6 NNW, MI US","44.035312","-86.340031","209.7","2020-06",,,,,,,
"US1MIEM0008","PETOSKEY 1.7 SSW, MI US","45.3420906066895","-84.9653244018555","268.8","2020-02",,,,,,,
"US1MIEM0008","PETOSKEY 1.7 SSW, MI US","45.3420906066895","-84.9653244018555","268.8","2020-05",,,,,,,
"US1MIEM0008","PETOSKEY 1.7 SSW, MI US","45.3420906066895","-84.9653244018555","268.8","2020-06",,,,,,,
"US1MIIH0045","LANSING 1.0 ENE, MI US","42.714802","-84.534909","260.0","2020-01",,,,,,,
"US1MIIH0045","LANSING 1.0 ENE, MI US","42.714802","-84.534909","260.0","2020-02",,,,,,,
"US1MIIH0045","LANSING 1.0 ENE, MI US","42.714802","-84.534909","260.0","2020-03",,,,,,,
"US1MIIH0045","LANSING 1.0 ENE, MI US","42.714802","-84.534909","260.0","2020-04",,,,,,,
"US1MIIH0045","LANSING 1.0 ENE, MI US","42.714802","-84.534909","260.0","2020-05",,,,,,,
"US1MIIH0045","LANSING 1.0 ENE, MI US","42.714802","-84.534909","260.0","2020-06",,,,,,,
"US1MIEM0005","HARBOR SPRINGS 0.7 ENE, MI US","45.4345","-84.9754","208.5","2020-01",,,,,,,
"US1MIEM0005","HARBOR SPRINGS 0.7 ENE, MI US","45.4345","-84.9754","208.5","2020-02",,,,,,,
"US1MIEM0005","HARBOR SPRINGS 0.7 ENE, MI US","45.4345","-84.9754","208.5","2020-03",,,,,,,
"US1MIEM0005","HARBOR SPRINGS 0.7 ENE, MI US","45.4345","-84.9754","208.5","2020-04",,,,,,,
"US1MIEM0005","HARBOR SPRINGS 0.7 ENE, MI US","45.4345","-84.9754","208.5","2020-05",,,,,,,
"US1MIEM0005","HARBOR SPRINGS 0.7 ENE, MI US","45.4345","-84.9754","208.5","2020-06",,,,,,,
"USC00208417","VANDERBILT 11 ENE, MI US","45.1702","-84.4397","275.8","2020-01","0.0","-23.9","5.6","2605.2","-4.3","-1.1","-7.5"
"USC00208417","VANDERBILT 11 ENE, MI US","45.1702","-84.4397","275.8","2020-02","0.0","-25.0","10.0","3336.3","-6.9","-1.7","-12.0"
"USC00208417","VANDERBILT 11 ENE, MI US","45.1702","-84.4397","275.8","2020-03","0.0","-17.8","13.9","3935.1","-1.0","4.9","-6.9"
"USC00208417","VANDERBILT 11 ENE, MI US","45.1702","-84.4397","275.8","2020-04","0.0","-10.6","15.6","4414.3","2.4","9.4","-4.6"
"USC00208417","VANDERBILT 11 ENE, MI US","45.1702","-84.4397","275.8","2020-05","16.9","-8.9","32.8","4686.3","10.1","18.2","2.1"
"USC00208417","VANDERBILT 11 ENE, MI US","45.1702","-84.4397","275.8","2020-06","43.9","-1.7","32.8","4768.0","16.5","26.0","7.0"
"US1MILN0017","BLISSFIELD 6.1 W, MI US","41.81615","-83.9807","216.4","2020-05",,,,,,,
"US1MILN0017","BLISSFIELD 6.1 W, MI US","41.81615","-83.9807","216.4","2020-06",,,,,,,
"US1MILN0016","CLINTON 0.5 NE, MI US","42.0771","-83.9653","260.0","2020-01",,,,,,,
"US1MILN0016","CLINTON 0.5 NE, MI US","42.0771","-83.9653","260.0","2020-02",,,,,,,
"US1MILN0016","CLINTON 0.5 NE, MI US","42.0771","-83.9653","260.0","2020-04",,,,,,,
"US1MILN0016","CLINTON 0.5 NE, MI US","42.0771","-83.9653","260.0","2020-06",,,,,,,
"USC00207221","SAGINAW 8 NW, MI US","43.4954","-84.0963","188.4","2020-01",,,,,,,
"USC00207221","SAGINAW 8 NW, MI US","43.4954","-84.0963","188.4","2020-02",,,,,,,
"USC00207221","SAGINAW 8 NW, MI US","43.4954","-84.0963","188.4","2020-03",,,,,,,
"USC00207221","SAGINAW 8 NW, MI US","43.4954","-84.0963","188.4","2020-04",,,,,,,
"USC00207221","SAGINAW 8 NW, MI US","43.4954","-84.0963","188.4","2020-05",,,,,,,
"USC00207221","SAGINAW 8 NW, MI US","43.4954","-84.0963","188.4","2020-06",,,,,,,
"USC00207222","SAGINAW NUMBER 3, MI US","43.4122","-83.9561","182.9","2020-01","0.0","-12.2","8.3","2005.9","-1.6","1.2","-4.3"
"USC00207222","SAGINAW NUMBER 3, MI US","43.4122","-83.9561","182.9","2020-02","0.0","-15.6","10.0","2573.6","-2.8","1.1","-6.7"
"USC00207222","SAGINAW NUMBER 3, MI US","43.4122","-83.9561","182.9","2020-03","0.0","-8.9","16.7","3042.3","3.2","8.4","-2.0"
"USC00207222","SAGINAW NUMBER 3, MI US","43.4122","-83.9561","182.9","2020-04","0.0","-4.4","22.2","3408.3","6.1","11.9","0.4"
"USC00207222","SAGINAW NUMBER 3, MI US","43.4122","-83.9561","182.9","2020-05","36.2","-2.2","33.3","3589.0","13.5","19.2","7.8"
"USC00207222","SAGINAW NUMBER 3, MI US","43.4122","-83.9561","182.9","2020-06","137.2","6.1","34.4","3611.0","21.0","27.7","14.2"
"US1MISW0005","DURAND 6.2 WNW, MI US","42.9299547","-84.1046428","249.9","2020-01",,,,,,,
"US1MISW0005","DURAND 6.2 WNW, MI US","42.9299547","-84.1046428","249.9","2020-02",,,,,,,
"US1MISW0005","DURAND 6.2 WNW, MI US","42.9299547","-84.1046428","249.9","2020-03",,,,,,,
"US1MISW0005","DURAND 6.2 WNW, MI US","42.9299547","-84.1046428","249.9","2020-04",,,,,,,
"US1MISW0005","DURAND 6.2 WNW, MI US","42.9299547","-84.1046428","249.9","2020-05",,,,,,,
"US1MISW0005","DURAND 6.2 WNW, MI US","42.9299547","-84.1046428","249.9","2020-06",,,,,,,
"USC00206013","NWSFO GRAND RAPIDS, MI US","42.89336","-85.54472","236.2","2020-01","0.0","-11.1","9.4","1979.0","-0.9","1.9","-3.6"
"USC00206013","NWSFO GRAND RAPIDS, MI US","42.89336","-85.54472","236.2","2020-02","0.0","-15.6","9.4","2585.8","-2.6","0.8","-6.0"
"USC00206013","NWSFO GRAND RAPIDS, MI US","42.89336","-85.54472","236.2","2020-03","0.0","-8.3","16.7","3046.5","3.5","8.3","-1.4"
"USC00206013","NWSFO GRAND RAPIDS, MI US","42.89336","-85.54472","236.2","2020-04","0.0","-4.4","23.3","3400.0","6.6","11.9","1.2"
"USC00206013","NWSFO GRAND RAPIDS, MI US","42.89336","-85.54472","236.2","2020-05","27.5","-3.9","32.2","3570.6","13.7","19.1","8.4"
"USC00206013","NWSFO GRAND RAPIDS, MI US","42.89336","-85.54472","236.2","2020-06","115.6","5.6","33.9","3589.7","20.6","27.1","14.1"
"USC00206012","NW MICHIGAN RESEARCH FARM, MI US","44.883","-85.6752","249.9","2020-01","0.0","-9.4","7.8","2112.5","-2.0","0.1","-4.1"
"USC00206012","NW MICHIGAN RESEARCH FARM, MI US","44.883","-85.6752","249.9","2020-02","0.0","-12.8","8.9","2742.8","-3.4","-0.7","-6.1"
"USC00206012","NW MICHIGAN RESEARCH FARM, MI US","44.883","-85.6752","249.9","2020-03","0.0","-7.8","13.3","3264.1","1.5","4.7","-1.6"
"USC00206012","NW MICHIGAN RESEARCH FARM, MI US","44.883","-85.6752","249.9","2020-04","0.0","-4.4","15.0","3687.9","4.2","8.3","0.1"
"USC00206012","NW MICHIGAN RESEARCH FARM, MI US","44.883","-85.6752","249.9","2020-05","19.2","-3.3","30.6","3920.8","11.4","16.1","6.8"
"USC00206012","NW MICHIGAN RESEARCH FARM, MI US","44.883","-85.6752","249.9","2020-06","78.6","6.1","31.1","3968.2","18.7","24.2","13.2"
"US1MIJC0005","JACKSON 2.8 WSW, MI US","42.228812","-84.456537","302.4","2020-05",,,,,,,
"US1MIJC0005","JACKSON 2.8 WSW, MI US","42.228812","-84.456537","302.4","2020-06",,,,,,,
"US1MICP0011","SAULT STE. MARIE 7.8 SE, MI US","46.3928490132093","-84.2700029164553","183.2","2020-06",,,,,,,
"USW00054810","CHATHAM 1 SE, MI US","46.3345","-86.92","266.7","2020-01","0.0","-22.4","2.2","2694.0","-5.1","-2.0","-8.3"
"USW00054810","CHATHAM 1 SE, MI US","46.3345","-86.92","266.7","2020-02","0.0","-27.2","10.9","3453.1","-7.8","-2.4","-13.2"
"USW00054810","CHATHAM 1 SE, MI US","46.3345","-86.92","266.7","2020-03","0.0","-17.6","8.3","4082.4","-2.0","2.4","-6.4"
"USW00054810","CHATHAM 1 SE, MI US","46.3345","-86.92","266.7","2020-04","0.0","-13.4","13.5","4603.8","0.9","6.5","-4.6"
"USW00054810","CHATHAM 1 SE, MI US","46.3345","-86.92","266.7","2020-05","9.3","-6.4","29.0","4890.6","9.4","15.3","3.4"
"USW00054810","CHATHAM 1 SE, MI US","46.3345","-86.92","266.7","2020-06","26.3","1.0","29.6","4981.1","15.9","23.1","8.7"
"US1MIEM0013","HARBOR SPRINGS 4.8 NW, MI US","45.473702","-85.068963","246.9","2020-05",,,,,,,
"US1MIEM0013","HARBOR SPRINGS 4.8 NW, MI US","45.473702","-85.068963","246.9","2020-06",,,,,,,
"US1MICP0014","SAULT STE. MARIE 2.2 E, MI US","46.489331","-84.319716","182.9","2020-01",,,,,,,
"US1MICP0014","SAULT STE. MARIE 2.2 E, MI US","46.489331","-84.319716","182.9","2020-02",,,,,,,
"US1MICP0014","SAULT STE. MARIE 2.2 E, MI US","46.489331","-84.319716","182.9","2020-03",,,,,,,
"US1MICP0014","SAULT STE. MARIE 2.2 E, MI US","46.489331","-84.319716","182.9","2020-04",,,,,,,
"US1MICP0014","SAULT STE. MARIE 2.2 E, MI US","46.489331","-84.319716","182.9","2020-05",,,,,,,
"US1MICP0014","SAULT STE. MARIE 2.2 E, MI US","46.489331","-84.319716","182.9","2020-06",,,,,,,
"USW00054813","MUNSING LAKESHORE, MI US","46.412036","-86.650452","186.5","2020-01","0.0","-14.9","2.8","2404.0","-3.5","-0.9","-6.1"
"USW00054813","MUNSING LAKESHORE, MI US","46.412036","-86.650452","186.5","2020-02","0.0","-22.7","9.4","3105.3","-5.9","-1.8","-9.9"
"USW00054813","MUNSING LAKESHORE, MI US","46.412036","-86.650452","186.5","2020-03","0.0","-13.2","10.0","3693.0","-0.6","3.1","-4.3"
"USW00054813","MUNSING LAKESHORE, MI US","46.412036","-86.650452","186.5","2020-04","0.0","-9.9","15.0","4204.3","1.3","5.5","-2.9"
"USW00054813","MUNSING LAKESHORE, MI US","46.412036","-86.650452","186.5","2020-05","9.7","-4.9","31.1","4503.7","9.0","14.2","3.8"
"USW00054813","MUNSING LAKESHORE, MI US","46.412036","-86.650452","186.5","2020-06","41.9","0.6","31.7","4610.6","15.9","22.1","9.5"
"USC00203099","GAYLORD 9 SSW, MI US","44.90715","-84.71891","447.4","2020-01","0.0","-14.4","5.6","2450.4","-3.6","-1.2","-6.0"
"USC00203099","GAYLORD 9 SSW, MI US","44.90715","-84.71891","447.4","2020-02","0.0","-18.3","8.9","3134.8","-5.3","-1.7","-8.8"
"USC00203099","GAYLORD 9 SSW, MI US","44.90715","-84.71891","447.4","2020-03","0.0","-12.8","12.8","3690.0","0.4","4.6","-3.8"
"USC00203099","GAYLORD 9 SSW, MI US","44.90715","-84.71891","447.4","2020-04","0.0","-8.3","16.7","4134.4","3.5","8.7","-1.6"
"USC00203099","GAYLORD 9 SSW, MI US","44.90715","-84.71891","447.4","2020-05","18.9","-3.9","31.1","4384.4","10.9","16.8","5.0"
"USC00203099","GAYLORD 9 SSW, MI US","44.90715","-84.71891","447.4","2020-06","66.6","3.9","32.2","4436.3","18.2","25.0","11.4"
"USC00206007","NORTHPORT 2 W, MI US","45.1322","-85.6472","227.4","2020-01","0.0","-12.2","8.3","2132.6","-1.9","0.6","-4.3"
"USC00206007","NORTHPORT 2 W, MI US","45.1322","-85.6472","227.4","2020-02","0.0","-13.3","8.3","2769.7","-3.6","-0.4","-6.9"
"USC00206007","NORTHPORT 2 W, MI US","45.1322","-85.6472","227.4","2020-03","0.0","-9.4","13.3","3301.5","1.2","4.9","-2.6"
"USC00206007","NORTHPORT 2 W, MI US","45.1322","-85.6472","227.4","2020-04","0.0","-4.4","14.4","3740.5","3.7","7.9","-0.5"
"USC00206007","NORTHPORT 2 W, MI US","45.1322","-85.6472","227.4","2020-05","11.1","-5.0","28.3","4012.5","9.9","14.8","5.0"
"USC00206007","NORTHPORT 2 W, MI US","45.1322","-85.6472","227.4","2020-06","39.6","3.9","29.4","4085.6","16.9","22.1","11.6"
"USC00201250","CARLETON 2 W, MI US","42.0636","-83.4358","191.1","2020-01","0.0","-10.0","15.0",,"0.7","4.0","-2.6"
"USC00201250","CARLETON 2 W, MI US","42.0636","-83.4358","191.1","2020-02","0.0","-13.3","11.7",,"-1.6","2.6","-5.7"
"USC00201250","CARLETON 2 W, MI US","42.0636","-83.4358","191.1","2020-03","0.0","-10.0","19.4",,"5.3","10.2","0.3"
"USC00201250","CARLETON 2 W, MI US","42.0636","-83.4358","191.1","2020-04","0.0","-2.8","22.8",,"7.7","13.0","2.3"
"USC00201250","CARLETON 2 W, MI US","42.0636","-83.4358","191.1","2020-05","30.3","-3.3","31.1",,"14.6","19.7","9.6"
"USC00201250","CARLETON 2 W, MI US","42.0636","-83.4358","191.1","2020-06","139.7","8.3","33.3",,"21.7","27.9","15.5"
"USC00201492","CHEBOYGAN, MI US","45.65225","-84.47239","177.4","2020-01","0.0","-17.8","7.2","2271.7","-2.6","0.4","-5.7"
"USC00201492","CHEBOYGAN, MI US","45.65225","-84.47239","177.4","2020-02","0.0","-19.4","10.0","2955.7","-5.2","-0.5","-10.0"
"USC00201492","CHEBOYGAN, MI US","45.65225","-84.47239","177.4","2020-03","0.0","-12.8","14.4","3519.3","0.1","4.6","-4.3"
"USC00201492","CHEBOYGAN, MI US","45.65225","-84.47239","177.4","2020-04","0.0","-7.8","13.3","3988.4","2.7","7.4","-2.0"
"USC00201492","CHEBOYGAN, MI US","45.65225","-84.47239","177.4","2020-05","2.5","-5.0","29.4","4281.3","9.0","14.1","3.8"
"USC00201492","CHEBOYGAN, MI US","45.65225","-84.47239","177.4","2020-06","23.4","4.4","28.9","4348.5","16.8","22.5","11.1"
"US1MIIH0026","MASON 0.8 NW, MI US","42.59076667","-84.45436667","273.7","2020-06",,,,,,,
"US1MIOC0002","MONTAGUE 8.1 NW, MI US","43.5","-86.47","224.6","2020-03",,,,,,,
"US1MIOC0002","MONTAGUE 8.1 NW, MI US","43.5","-86.47","224.6","2020-04",,,,,,,
"US1MIOC0002","MONTAGUE 8.1 NW, MI US","43.5","-86.47","224.6","2020-05",,,,,,,
"US1MIOC0002","MONTAGUE 8.1 NW, MI US","43.5","-86.47","224.6","2020-06",,,,,,,
"USW00014853","DETROIT WILLOW RUN AIRPORT, MI US","42.23666","-83.52638","215.7","2020-01","0.0","-10.5","13.9","1732.7","0.8","4.0","-2.4"
"USW00014853","DETROIT WILLOW RUN AIRPORT, MI US","42.23666","-83.52638","215.7","2020-02","0.0","-16.6","12.2","2281.9","-0.6","3.3","-4.6"
"USW00014853","DETROIT WILLOW RUN AIRPORT, MI US","42.23666","-83.52638","215.7","2020-03","0.0","-7.7","18.9","2650.4","5.6","10.7","0.5"
"USW00014853","DETROIT WILLOW RUN AIRPORT, MI US","42.23666","-83.52638","215.7","2020-04","0.0","-4.3","23.3","2922.2","8.6","14.6","2.6"
"USW00014853","DETROIT WILLOW RUN AIRPORT, MI US","42.23666","-83.52638","215.7","2020-05","38.3","-2.1","33.9","3048.9","15.5","21.1","9.8"
"USW00014853","DETROIT WILLOW RUN AIRPORT, MI US","42.23666","-83.52638","215.7","2020-06","178.6","7.2","35.6","3056.1","22.8","30.0","15.6"
"US1MIBR0022","BATTLE CREEK 11.7 NNW, MI US","42.462339","-85.288936","299.0","2020-05",,,,,,,
"US1MIBR0022","BATTLE CREEK 11.7 NNW, MI US","42.462339","-85.288936","299.0","2020-06",,,,,,,
"US1MICL0005","HARRISON 5.2 ESE, MI US","43.9886536449194","-84.7022844851017","296.9","2020-01",,,,,,,
"US1MICL0005","HARRISON 5.2 ESE, MI US","43.9886536449194","-84.7022844851017","296.9","2020-02",,,,,,,
"US1MICL0005","HARRISON 5.2 ESE, MI US","43.9886536449194","-84.7022844851017","296.9","2020-03",,,,,,,
"US1MICL0005","HARRISON 5.2 ESE, MI US","43.9886536449194","-84.7022844851017","296.9","2020-04",,,,,,,
"US1MICL0005","HARRISON 5.2 ESE, MI US","43.9886536449194","-84.7022844851017","296.9","2020-05",,,,,,,
"US1MICL0005","HARRISON 5.2 ESE, MI US","43.9886536449194","-84.7022844851017","296.9","2020-06",,,,,,,
"USW00014850","TRAVERSE CITY CHERRY CAPITAL AIRPORT, MI US","44.73895","-85.5679","185.2","2020-01","0.0","-12.7","8.9","2058.2","-1.0","1.4","-3.4"
"USW00014850","TRAVERSE CITY CHERRY CAPITAL AIRPORT, MI US","44.73895","-85.5679","185.2","2020-02","0.0","-16.6","9.4","2685.4","-3.3","0.2","-6.8"
"USW00014850","TRAVERSE CITY CHERRY CAPITAL AIRPORT, MI US","44.73895","-85.5679","185.2","2020-03","0.0","-8.8","15.0","3172.8","2.6","6.9","-1.6"
"USW00014850","TRAVERSE CITY CHERRY CAPITAL AIRPORT, MI US","44.73895","-85.5679","185.2","2020-04","0.0","-7.1","16.7","3584.1","4.6","10.3","-1.0"
"USW00014850","TRAVERSE CITY CHERRY CAPITAL AIRPORT, MI US","44.73895","-85.5679","185.2","2020-05","20.3","-4.3","32.8","3803.8","11.9","17.7","6.1"
"USW00014850","TRAVERSE CITY CHERRY CAPITAL AIRPORT, MI US","44.73895","-85.5679","185.2","2020-06","89.5","4.4","35.0","3842.2","19.4","26.5","12.2"
"US1MIBR0020","DELTON 1.0 SE, MI US","42.492422","-85.391616","286.2","2020-06",,,,,,,
"USW00094889","ANN ARBOR MUNICIPAL AIRPORT, MI US","42.22393","-83.73983","250.6","2020-01","0.0","-11.6","12.2","1983.3","-0.6","2.6","-3.9"
"USW00094889","ANN ARBOR MUNICIPAL AIRPORT, MI US","42.22393","-83.73983","250.6","2020-02","0.0","-18.2","11.1","2582.5","-2.3","2.1","-6.8"
"USW00094889","ANN ARBOR MUNICIPAL AIRPORT, MI US","42.22393","-83.73983","250.6","2020-03","0.0","-12.1","17.2","3030.4","3.9","9.3","-1.5"
"USW00094889","ANN ARBOR MUNICIPAL AIRPORT, MI US","42.22393","-83.73983","250.6","2020-04","0.0","-7.7","21.7","3371.3","6.6","12.7","0.4"
"USW00094889","ANN ARBOR MUNICIPAL AIRPORT, MI US","42.22393","-83.73983","250.6","2020-05","15.6","-4.3","30.6","3538.8","13.1","18.9","7.3"
"USW00094889","ANN ARBOR MUNICIPAL AIRPORT, MI US","42.22393","-83.73983","250.6","2020-06","67.8","2.2","31.7","3562.7","19.3","27.3","11.2"
"USC00203429","GREENVILLE 2 NNE, MI US","43.2026","-85.2421","270.7","2020-01","0.0","-16.7","8.9","2134.9","-2.3","1.9","-6.5"
"USC00203429","GREENVILLE 2 NNE, MI US","43.2026","-85.2421","270.7","2020-02","0.0","-20.6","8.9","2780.6","-3.9","1.4","-9.3"
"USC00203429","GREENVILLE 2 NNE, MI US","43.2026","-85.2421","270.7","2020-03","0.0","-11.1","17.8","3258.0","2.9","9.3","-3.4"
"USC00203429","GREENVILLE 2 NNE, MI US","43.2026","-85.2421","270.7","2020-04","0.0","-7.8","22.2","3621.0","6.2","13.5","-1.0"
"USC00203429","GREENVILLE 2 NNE, MI US","43.2026","-85.2421","270.7","2020-05","21.8","-5.0","31.1","3810.4","12.9","20.1","5.7"
"USC00203429","GREENVILLE 2 NNE, MI US","43.2026","-85.2421","270.7","2020-06","91.0","1.7","32.8","3839.0","19.7","28.3","11.1"
"US1MIBY0001","BAY CITY 4.8 N, MI US","43.6595101","-83.8884558","178.3","2020-01",,,,,,,
"US1MIBY0001","BAY CITY 4.8 N, MI US","43.6595101","-83.8884558","178.3","2020-02",,,,,,,
"US1MIBY0001","BAY CITY 4.8 N, MI US","43.6595101","-83.8884558","178.3","2020-03",,,,,,,
"US1MIBY0001","BAY CITY 4.8 N, MI US","43.6595101","-83.8884558","178.3","2020-04",,,,,,,
"US1MIBY0001","BAY CITY 4.8 N, MI US","43.6595101","-83.8884558","178.3","2020-05",,,,,,,
"US1MIBY0001","BAY CITY 4.8 N, MI US","43.6595101","-83.8884558","178.3","2020-06",,,,,,,
"US1MIBR0013","HASTINGS 4.3 SSW, MI US","42.5917797","-85.3160631","277.4","2020-01",,,,,,,
"US1MIBR0013","HASTINGS 4.3 SSW, MI US","42.5917797","-85.3160631","277.4","2020-02",,,,,,,
"US1MIBR0013","HASTINGS 4.3 SSW, MI US","42.5917797","-85.3160631","277.4","2020-03",,,,,,,
"US1MIBR0013","HASTINGS 4.3 SSW, MI US","42.5917797","-85.3160631","277.4","2020-04",,,,,,,
"US1MIBR0013","HASTINGS 4.3 SSW, MI US","42.5917797","-85.3160631","277.4","2020-05",,,,,,,
"US1MIBR0013","HASTINGS 4.3 SSW, MI US","42.5917797","-85.3160631","277.4","2020-06",,,,,,,
"USC00203306","GRAND LEDGE 1 NW, MI US","42.7621","-84.7617","244.1","2020-01",,,,,,,
"USC00203306","GRAND LEDGE 1 NW, MI US","42.7621","-84.7617","244.1","2020-02",,,,,,,
"USC00203306","GRAND LEDGE 1 NW, MI US","42.7621","-84.7617","244.1","2020-03",,,,,,,
"USC00203306","GRAND LEDGE 1 NW, MI US","42.7621","-84.7617","244.1","2020-04",,,,,,,
"USC00203306","GRAND LEDGE 1 NW, MI US","42.7621","-84.7617","244.1","2020-05",,,,,,,
"USC00203306","GRAND LEDGE 1 NW, MI US","42.7621","-84.7617","244.1","2020-06",,,,,,,
"US1MIBR0012","FREEPORT 1.6 S, MI US","42.740322","-85.31609","264.0","2020-06",,,,,,,
"US1MIMN0006","WELLSTON 3.9 WNW, MI US","44.2337","-86.0358","222.5","2020-01",,,,,,,
"US1MIMN0006","WELLSTON 3.9 WNW, MI US","44.2337","-86.0358","222.5","2020-02",,,,,,,
"US1MIMN0006","WELLSTON 3.9 WNW, MI US","44.2337","-86.0358","222.5","2020-03",,,,,,,
"US1MIMN0006","WELLSTON 3.9 WNW, MI US","44.2337","-86.0358","222.5","2020-04",,,,,,,
"US1MIMN0006","WELLSTON 3.9 WNW, MI US","44.2337","-86.0358","222.5","2020-05",,,,,,,
"US1MIMN0006","WELLSTON 3.9 WNW, MI US","44.2337","-86.0358","222.5","2020-06",,,,,,,
"USW00014847","SAULT STE MARIE SANDERSON FIELD, MI US","46.47998","-84.35809","219.8","2020-01","0.0","-18.2","3.3","2437.2","-3.8","-1.1","-6.5"
"USW00014847","SAULT STE MARIE SANDERSON FIELD, MI US","46.47998","-84.35809","219.8","2020-02","0.0","-22.7","6.1","3144.4","-6.1","-2.0","-10.1"
"USW00014847","SAULT STE MARIE SANDERSON FIELD, MI US","46.47998","-84.35809","219.8","2020-03","0.0","-14.3","10.6","3734.2","-0.7","3.6","-5.0"
"USW00014847","SAULT STE MARIE SANDERSON FIELD, MI US","46.47998","-84.35809","219.8","2020-04","0.0","-8.2","17.2","4183.9","3.3","8.1","-1.4"
"USW00014847","SAULT STE MARIE SANDERSON FIELD, MI US","46.47998","-84.35809","219.8","2020-05","16.4","-2.7","32.2","4425.7","11.1","16.5","5.6"
"USW00014847","SAULT STE MARIE SANDERSON FIELD, MI US","46.47998","-84.35809","219.8","2020-06","45.8","2.8","30.6","4496.7","16.9","23.6","10.3"
"US1MIMN0007","ONEKAMA 1.8 NNW, MI US","44.3891","-86.2218","246.3","2020-04",,,,,,,
"US1MIMN0007","ONEKAMA 1.8 NNW, MI US","44.3891","-86.2218","246.3","2020-05",,,,,,,
"US1MIBY0008","BAY CITY 2.4 W, MI US","43.586536","-83.936528","182.0","2020-05",,,,,,,
"US1MIBY0008","BAY CITY 2.4 W, MI US","43.586536","-83.936528","182.0","2020-06",,,,,,,
"USC00203421","GREENLAND 6 N, MI US","46.8736","-89.1006","241.1","2020-01","0.0","-15.0","1.7","2591.1","-4.8","-1.7","-7.9"
"USC00203421","GREENLAND 6 N, MI US","46.8736","-89.1006","241.1","2020-02","0.0","-18.9","11.1","3294.0","-5.9","-1.2","-10.6"
"USC00203421","GREENLAND 6 N, MI US","46.8736","-89.1006","241.1","2020-03","0.0","-15.6","16.7","3881.1","-1.0","4.6","-6.6"
"USC00203421","GREENLAND 6 N, MI US","46.8736","-89.1006","241.1","2020-04","0.0","-8.3","15.6","4358.1","2.4","7.6","-2.7"
"USC00203421","GREENLAND 6 N, MI US","46.8736","-89.1006","241.1","2020-05","12.2","-5.0","30.0","4621.1","10.0","16.6","3.4"
"USC00203421","GREENLAND 6 N, MI US","46.8736","-89.1006","241.1","2020-06","43.8","0.0","34.4","4702.1","16.7","24.1","9.3"
"USC00201361","CASS CITY 1 SSW, MI US","43.5861","-83.1805","212.8","2020-01","0.0","-17.2","8.9","2106.6","-1.5","1.4","-4.5"
"USC00201361","CASS CITY 1 SSW, MI US","43.5861","-83.1805","212.8","2020-02","0.0","-22.2","11.7","2748.4","-3.8","0.7","-8.3"
"USC00201361","CASS CITY 1 SSW, MI US","43.5861","-83.1805","212.8","2020-03","0.0","-10.0","16.7","3238.7","2.5","7.8","-2.7"
"USC00201361","CASS CITY 1 SSW, MI US","43.5861","-83.1805","212.8","2020-04","0.0","-6.1","20.6","3634.3","5.1","11.4","-1.1"
"USC00201361","CASS CITY 1 SSW, MI US","43.5861","-83.1805","212.8","2020-05","25.5","-4.4","31.7","3843.0","12.4","18.7","6.1"
"USC00201361","CASS CITY 1 SSW, MI US","43.5861","-83.1805","212.8","2020-06","79.4","2.8","31.7","3887.2","18.7","26.3","11.0"
"USC00200032","ADRIAN 2 NNE, MI US","41.91636","-84.01635","231.6","2020-01","0.0","-12.2","10.0",,"-0.5","3.5","-4.4"
"USC00200032","ADRIAN 2 NNE, MI US","41.91636","-84.01635","231.6","2020-02","0.0","-13.3","11.7",,"-1.9","2.9","-6.7"
"USC00200032","ADRIAN 2 NNE, MI US","41.91636","-84.01635","231.6","2020-03","0.0","-11.7","17.2",,"4.2","9.6","-1.1"
"USC00200032","ADRIAN 2 NNE, MI US","41.91636","-84.01635","231.6","2020-04","0.0","-6.1","23.3",,"7.2","12.8","1.5"
"USC00200032","ADRIAN 2 NNE, MI US","41.91636","-84.01635","231.6","2020-05","21.5","-2.8","31.1",,"14.1","19.4","8.8"
"USC00200032","ADRIAN 2 NNE, MI US","41.91636","-84.01635","231.6","2020-06","100.3","3.9","33.9",,"20.5","27.9","13.1"
"US1MILP0009","COLUMBIAVILLE 5.7 ENE, MI US","43.1766","-83.2973","253.9","2020-06",,,,,,,
"USC00203661","HASTINGS, MI US","42.64208","-85.28819","250.2","2020-01","0.0","-16.7","11.7","2030.7","-1.4","1.6","-4.5"
"USC00203661","HASTINGS, MI US","42.64208","-85.28819","250.2","2020-02","0.0","-15.6","11.1","2647.1","-2.9","1.2","-7.1"
"USC00203661","HASTINGS, MI US","42.64208","-85.28819","250.2","2020-03","0.0","-10.0","16.7","3117.2","3.2","8.4","-2.0"
"USC00203661","HASTINGS, MI US","42.64208","-85.28819","250.2","2020-04","0.0","-5.0","23.3","3490.0","5.9","11.6","0.2"
"USC00203661","HASTINGS, MI US","42.64208","-85.28819","250.2","2020-05","26.7","-3.9","32.2","3675.5","13.2","19.1","7.4"
"USC00203661","HASTINGS, MI US","42.64208","-85.28819","250.2","2020-06","96.4","4.4","33.3","3703.6","19.7","26.8","12.6"
"USC00205603","MORENCI, MI US","41.7216","-84.2147","234.7","2020-01","0.0","-13.9","14.4",,"-0.8","3.7","-5.3"
"USC00205603","MORENCI, MI US","41.7216","-84.2147","234.7","2020-02","0.0","-16.1","12.8",,"-2.2","3.3","-7.8"
"USC00205603","MORENCI, MI US","41.7216","-84.2147","234.7","2020-03","0.0","-12.8","17.8",,"3.6","10.2","-2.9"
"USC00205603","MORENCI, MI US","41.7216","-84.2147","234.7","2020-04","0.0","-6.7","23.9",,"6.3","14.0","-1.4"
"USC00205603","MORENCI, MI US","41.7216","-84.2147","234.7","2020-05","28.3","-5.0","33.9",,"13.8","20.5","7.1"
"USC00205603","MORENCI, MI US","41.7216","-84.2147","234.7","2020-06","123.7","5.6","36.1",,"21.0","28.9","13.1"
"USC00201486","CHATHAM EXPERIMENT FARM 2, MI US","46.3414","-86.9242","265.2","2020-01","0.0","-23.3","2.8","2630.1","-5.4","-1.6","-9.2"
"USC00201486","CHATHAM EXPERIMENT FARM 2, MI US","46.3414","-86.9242","265.2","2020-02","0.0","-28.3","11.1","3386.0","-7.7","-2.0","-13.4"
"USC00201486","CHATHAM EXPERIMENT FARM 2, MI US","46.3414","-86.9242","265.2","2020-03","0.0","-17.8","10.0","4003.2","-1.6","3.3","-6.4"
"USC00201486","CHATHAM EXPERIMENT FARM 2, MI US","46.3414","-86.9242","265.2","2020-04","0.0","-13.3","15.6","4519.2","1.1","7.0","-4.7"
"USC00201486","CHATHAM EXPERIMENT FARM 2, MI US","46.3414","-86.9242","265.2","2020-05","12.0","-6.1","30.0","4804.2","9.5","15.9","3.2"
"USC00201486","CHATHAM EXPERIMENT FARM 2, MI US","46.3414","-86.9242","265.2","2020-06","38.8","0.6","30.6","4890.9","16.3","23.9","8.7"
"USW00094893","IRON MOUNTAIN FORD AIRPORT, MI US","45.81339","-88.11292","343.2","2020-01","0.0","-24.9","2.8","2643.8","-5.7","-1.9","-9.6"
"USW00094893","IRON MOUNTAIN FORD AIRPORT, MI US","45.81339","-88.11292","343.2","2020-02","0.0","-26.6","11.1","3409.1","-8.1","-1.5","-14.6"
"USW00094893","IRON MOUNTAIN FORD AIRPORT, MI US","45.81339","-88.11292","343.2","2020-03","0.0","-14.9","12.8","3979.7","-0.1","4.5","-4.7"
"USW00094893","IRON MOUNTAIN FORD AIRPORT, MI US","45.81339","-88.11292","343.2","2020-04","0.0","-14.9","17.2","4453.2","2.6","9.2","-4.1"
"USW00094893","IRON MOUNTAIN FORD AIRPORT, MI US","45.81339","-88.11292","343.2","2020-05","16.4","-7.1","30.0","4695.4","11.1","18.1","4.0"
"USW00094893","IRON MOUNTAIN FORD AIRPORT, MI US","45.81339","-88.11292","343.2","2020-06","62.0","1.7","33.3","4751.2","18.0","25.8","10.2"
"USW00094898","PORT HOPE, MI US","44.021772","-82.792932","180.0","2020-01","0.0","-7.7","8.9",,"-0.5","1.6","-2.7"
"USW00094898","PORT HOPE, MI US","44.021772","-82.792932","180.0","2020-02","0.0","-13.2","10.6",,"-2.6","0.2","-5.3"
"USW00094898","PORT HOPE, MI US","44.021772","-82.792932","180.0","2020-03","0.0","-7.7","17.8",,"3.0","6.4","-0.4"
"USW00094898","PORT HOPE, MI US","44.021772","-82.792932","180.0","2020-04","0.0","-4.3","13.9",,"4.3","8.3","0.4"
"USW00094898","PORT HOPE, MI US","44.021772","-82.792932","180.0","2020-05","8.6","-2.7","30.0",,"10.4","14.6","6.3"
"USW00094898","PORT HOPE, MI US","44.021772","-82.792932","180.0","2020-06","49.6","7.2","32.8",,"17.9","22.7","13.1"
"USW00094899","COPPER HARBOR, MI US","47.467386","-87.875032","185.0","2020-01","0.0","-12.7","2.2","2318.7","-3.6","-1.2","-6.0"
"USW00094899","COPPER HARBOR, MI US","47.467386","-87.875032","185.0","2020-02","0.0","-18.8","8.3","2987.8","-4.7","-1.3","-8.1"
"USW00094899","COPPER HARBOR, MI US","47.467386","-87.875032","185.0","2020-03","0.0","-12.7","11.7","3566.0","-0.3","3.1","-3.7"
"USW00094899","COPPER HARBOR, MI US","47.467386","-87.875032","185.0","2020-04","0.0","-7.7","13.9","4041.9","2.5","6.0","-1.0"
"USW00094899","COPPER HARBOR, MI US","47.467386","-87.875032","185.0","2020-05","0.0","-3.2","27.8","4328.6","9.1","14.0","4.2"
"USW00094899","COPPER HARBOR, MI US","47.467386","-87.875032","185.0","2020-06","25.8","3.9","28.3","4412.7","16.3","22.0","10.7"
"US1MIIH0032","WILLIAMSTON 4.0 ESE, MI US","42.6585884094238","-84.2163162231445","271.3","2020-01",,,,,,,
"US1MIIH0032","WILLIAMSTON 4.0 ESE, MI US","42.6585884094238","-84.2163162231445","271.3","2020-02",,,,,,,
"US1MIIH0032","WILLIAMSTON 4.0 ESE, MI US","42.6585884094238","-84.2163162231445","271.3","2020-03",,,,,,,
"US1MIIH0032","WILLIAMSTON 4.0 ESE, MI US","42.6585884094238","-84.2163162231445","271.3","2020-04",,,,,,,
"US1MIIH0032","WILLIAMSTON 4.0 ESE, MI US","42.6585884094238","-84.2163162231445","271.3","2020-05",,,,,,,
"US1MIIH0032","WILLIAMSTON 4.0 ESE, MI US","42.6585884094238","-84.2163162231445","271.3","2020-06",,,,,,,
"USW00014858","HANCOCK HOUGHTON CO AIRPORT, MI US","47.16594","-88.48076","323.9","2020-01","0.0","-17.7","1.1","2611.6","-5.1","-2.4","-7.9"
"USW00014858","HANCOCK HOUGHTON CO AIRPORT, MI US","47.16594","-88.48076","323.9","2020-02","0.0","-20.5","8.3","3333.2","-6.6","-2.3","-10.8"
"USW00014858","HANCOCK HOUGHTON CO AIRPORT, MI US","47.16594","-88.48076","323.9","2020-03","0.0","-18.8","12.8","3955.5","-1.7","3.0","-6.5"
"USW00014858","HANCOCK HOUGHTON CO AIRPORT, MI US","47.16594","-88.48076","323.9","2020-04","0.0","-11.6","13.3","4441.2","2.1","6.3","-2.1"
"USW00014858","HANCOCK HOUGHTON CO AIRPORT, MI US","47.16594","-88.48076","323.9","2020-05","8.9","-5.5","28.9","4705.7","10.1","15.7","4.5"
"USW00014858","HANCOCK HOUGHTON CO AIRPORT, MI US","47.16594","-88.48076","323.9","2020-06","52.6","1.1","33.9","4782.5","17.2","23.8","10.7"
"US1MIIH0034","MASON 5.8 ENE, MI US","42.614303","-84.338132","283.8","2020-01",,,,,,,
"US1MIIH0034","MASON 5.8 ENE, MI US","42.614303","-84.338132","283.8","2020-02",,,,,,,
"US1MIIH0034","MASON 5.8 ENE, MI US","42.614303","-84.338132","283.8","2020-03",,,,,,,
"US1MIIH0034","MASON 5.8 ENE, MI US","42.614303","-84.338132","283.8","2020-04",,,,,,,
"US1MIIH0034","MASON 5.8 ENE, MI US","42.614303","-84.338132","283.8","2020-05",,,,,,,
"US1MIIH0034","MASON 5.8 ENE, MI US","42.614303","-84.338132","283.8","2020-06",,,,,,,
"US1MIBR0009","PLAINWELL 5.4 E, MI US","42.450664","-85.537907","278.3","2020-01",,,,,,,
"US1MIBR0009","PLAINWELL 5.4 E, MI US","42.450664","-85.537907","278.3","2020-03",,,,,,,
"US1MIBR0009","PLAINWELL 5.4 E, MI US","42.450664","-85.537907","278.3","2020-04",,,,,,,
"USC00201150","BURTON 4 N, MI US","43.0675","-83.5919","230.7","2020-01","0.0","-17.8","10.6","2016.1","-1.4","1.8","-4.6"
"USC00201150","BURTON 4 N, MI US","43.0675","-83.5919","230.7","2020-02","0.0","-21.7","12.8","2646.0","-3.4","1.2","-7.9"
"USC00201150","BURTON 4 N, MI US","43.0675","-83.5919","230.7","2020-03","0.0","-10.0","17.8","3088.5","3.6","9.5","-2.3"
"USC00201150","BURTON 4 N, MI US","43.0675","-83.5919","230.7","2020-04","0.0","-6.7","22.2","3473.6","5.5","12.2","-1.2"
"USC00201150","BURTON 4 N, MI US","43.0675","-83.5919","230.7","2020-05","29.3","-3.9","32.8","3662.3","13.2","19.5","6.9"
"USC00201150","BURTON 4 N, MI US","43.0675","-83.5919","230.7","2020-06","97.7","4.4","32.2","3696.6","19.5","27.0","12.0"
"USC00206839","RAPID RIVER 1 SW, MI US","45.91513","-86.98793","185.9","2020-01",,,,,,,
"USC00206839","RAPID RIVER 1 SW, MI US","45.91513","-86.98793","185.9","2020-02",,,,,,,
"USC00206839","RAPID RIVER 1 SW, MI US","45.91513","-86.98793","185.9","2020-03",,,,,,,
"USC00206839","RAPID RIVER 1 SW, MI US","45.91513","-86.98793","185.9","2020-04",,,,,,,
"USC00206839","RAPID RIVER 1 SW, MI US","45.91513","-86.98793","185.9","2020-05",,,,,,,
"USC00206839","RAPID RIVER 1 SW, MI US","45.91513","-86.98793","185.9","2020-06",,,,,,,
"USC00204659","LAPEER 2 W, MI US","43.05733","-83.36032","255.1","2020-01","0.0","-14.4","10.6","1929.4","-1.4","1.4","-4.2"
"USC00204659","LAPEER 2 W, MI US","43.05733","-83.36032","255.1","2020-02","0.0","-21.1","12.2","2534.7","-2.5","1.3","-6.4"
"USC00204659","LAPEER 2 W, MI US","43.05733","-83.36032","255.1","2020-03","0.0","-9.4","16.7","2976.1","4.1","9.0","-0.8"
"USC00204659","LAPEER 2 W, MI US","43.05733","-83.36032","255.1","2020-04","0.0","-5.0","21.7","3334.8","6.4","11.5","1.2"
"USC00204659","LAPEER 2 W, MI US","43.05733","-83.36032","255.1","2020-05","30.3","-4.4","33.9","3519.7","13.4","19.1","7.6"
"USC00204659","LAPEER 2 W, MI US","43.05733","-83.36032","255.1","2020-06","114.8","5.0","33.3","3549.4","20.2","27.1","13.2"
"US1MIIS0007","MOUNT PLEASANT 3.8 ESE, MI US","43.5786","-84.7072","232.6","2020-05",,,,,,,
"US1MIIS0007","MOUNT PLEASANT 3.8 ESE, MI US","43.5786","-84.7072","232.6","2020-06",,,,,,,
"US1MIMD0010","MIDLAND 1.5 NNE, MI US","43.644126","-84.217296","199.0","2020-01",,,,,,,
"US1MIMD0010","MIDLAND 1.5 NNE, MI US","43.644126","-84.217296","199.0","2020-02",,,,,,,
"US1MIMD0010","MIDLAND 1.5 NNE, MI US","43.644126","-84.217296","199.0","2020-03",,,,,,,
"US1MIMD0010","MIDLAND 1.5 NNE, MI US","43.644126","-84.217296","199.0","2020-04",,,,,,,
"US1MIMD0010","MIDLAND 1.5 NNE, MI US","43.644126","-84.217296","199.0","2020-05",,,,,,,
"US1MIMD0010","MIDLAND 1.5 NNE, MI US","43.644126","-84.217296","199.0","2020-06",,,,,,,
"US1MIMK0001","LAKE CITY 5.0 SSW, MI US","44.265899","-85.255264","374.3","2020-01",,,,,,,
"US1MIMK0001","LAKE CITY 5.0 SSW, MI US","44.265899","-85.255264","374.3","2020-02",,,,,,,
"US1MIMK0001","LAKE CITY 5.0 SSW, MI US","44.265899","-85.255264","374.3","2020-03",,,,,,,
"US1MIMK0001","LAKE CITY 5.0 SSW, MI US","44.265899","-85.255264","374.3","2020-04",,,,,,,
"US1MIMK0001","LAKE CITY 5.0 SSW, MI US","44.265899","-85.255264","374.3","2020-05",,,,,,,
"US1MIMK0001","LAKE CITY 5.0 SSW, MI US","44.265899","-85.255264","374.3","2020-06",,,,,,,
"USC00202598","ENGADINE MDOT, MI US","46.128","-85.5696","208.8","2020-01","0.0","-16.1","4.4","2562.9","-3.9","-0.8","-6.9"
"USC00202598","ENGADINE MDOT, MI US","46.128","-85.5696","208.8","2020-02","0.0","-23.9","6.1","3312.8","-7.5","-2.1","-13.0"
"USC00202598","ENGADINE MDOT, MI US","46.128","-85.5696","208.8","2020-03","0.0","-19.4","7.2","3916.6","-1.1","3.1","-5.4"
"USC00202598","ENGADINE MDOT, MI US","46.128","-85.5696","208.8","2020-04","0.0","-8.3","16.1","4395.8","2.4","7.5","-2.8"
"USC00202598","ENGADINE MDOT, MI US","46.128","-85.5696","208.8","2020-05","4.4","-7.2","28.9","4683.0","9.2","15.1","3.3"
"USC00202598","ENGADINE MDOT, MI US","46.128","-85.5696","208.8","2020-06","14.2","-1.1","29.4","4770.9","15.7","23.4","8.1"
"USC00204655","LAPEER WWTP, MI US","43.0608","-83.3074","249.9","2020-01","0.0","-15.0","11.1","1973.0","-1.2","1.8","-4.2"
"USC00204655","LAPEER WWTP, MI US","43.0608","-83.3074","249.9","2020-02","0.0","-18.9","12.2","2586.0","-2.8","1.3","-6.9"
"USC00204655","LAPEER WWTP, MI US","43.0608","-83.3074","249.9","2020-03","0.0","-9.4","16.7","3041.3","3.6","9.1","-1.8"
"USC00204655","LAPEER WWTP, MI US","43.0608","-83.3074","249.9","2020-04","0.0","-4.4","21.7","3416.9","5.8","11.8","-0.1"
"USC00204655","LAPEER WWTP, MI US","43.0608","-83.3074","249.9","2020-05","30.3","-3.3","32.8","3603.1","13.3","19.1","7.5"
"USC00204655","LAPEER WWTP, MI US","43.0608","-83.3074","249.9","2020-06","116.3","5.6","32.8","3630.5","20.3","27.6","13.0"
"USC00202250","DOWAGIAC 1 W, MI US","41.9856","-86.132","225.6","2020-01","0.0","-16.7","12.2","1910.9","-0.6","2.9","-4.0"
"USC00202250","DOWAGIAC 1 W, MI US","41.9856","-86.132","225.6","2020-02","0.0","-16.1","12.2","2480.6","-1.3","3.2","-5.8"
"USC00202250","DOWAGIAC 1 W, MI US","41.9856","-86.132","225.6","2020-03","0.0","-7.8","16.7","2917.8","4.2","9.3","-0.8"
"USC00202250","DOWAGIAC 1 W, MI US","41.9856","-86.132","225.6","2020-04","0.0","-3.3","24.4","3217.9","7.9","13.9","1.9"
"USC00202250","DOWAGIAC 1 W, MI US","41.9856","-86.132","225.6","2020-05","26.6","-5.0","31.1","3387.0","13.7","19.7","7.8"
"USC00202250","DOWAGIAC 1 W, MI US","41.9856","-86.132","225.6","2020-06","120.9","5.0","32.8","3405.1","20.9","27.9","13.9"
"USW00004839","HOLLAND TULIP CITY AIRPORT, MI US","42.74634","-86.09677","206.5","2020-01","0.0","-12.1","10.6","1852.9","0.2","2.8","-2.4"
"USW00004839","HOLLAND TULIP CITY AIRPORT, MI US","42.74634","-86.09677","206.5","2020-02","0.0","-15.5","10.0","2424.1","-1.4","1.8","-4.5"
"USW00004839","HOLLAND TULIP CITY AIRPORT, MI US","42.74634","-86.09677","206.5","2020-03","0.0","-6.6","17.2","2862.8","4.2","9.0","-0.6"
"USW00004839","HOLLAND TULIP CITY AIRPORT, MI US","42.74634","-86.09677","206.5","2020-04","0.0","-3.2","22.2","3206.2","6.9","11.9","1.8"
"USW00004839","HOLLAND TULIP CITY AIRPORT, MI US","42.74634","-86.09677","206.5","2020-05","24.4","-3.2","32.2","3378.5","13.6","18.3","8.8"
"USW00004839","HOLLAND TULIP CITY AIRPORT, MI US","42.74634","-86.09677","206.5","2020-06","115.8","7.2","33.9","3391.3","20.9","27.2","14.7"
"US1MIIS0005","SHEPHERD 3.7 SSE, MI US","43.47427","-84.66728","238.4","2020-01",,,,,,,
"US1MIIS0005","SHEPHERD 3.7 SSE, MI US","43.47427","-84.66728","238.4","2020-02",,,,,,,
"US1MIIS0005","SHEPHERD 3.7 SSE, MI US","43.47427","-84.66728","238.4","2020-03",,,,,,,
"US1MIIS0005","SHEPHERD 3.7 SSE, MI US","43.47427","-84.66728","238.4","2020-04",,,,,,,
"US1MIIS0005","SHEPHERD 3.7 SSE, MI US","43.47427","-84.66728","238.4","2020-05",,,,,,,
"US1MIIS0005","SHEPHERD 3.7 SSE, MI US","43.47427","-84.66728","238.4","2020-06",,,,,,,
"US1MIBG0003","THREE LAKES, MI US","46.5573","-88.2077","496.5","2020-01",,,,,,,
"US1MIBG0003","THREE LAKES, MI US","46.5573","-88.2077","496.5","2020-02",,,,,,,
"US1MIBG0003","THREE LAKES, MI US","46.5573","-88.2077","496.5","2020-03",,,,,,,
"US1MIBG0003","THREE LAKES, MI US","46.5573","-88.2077","496.5","2020-04",,,,,,,
"US1MIBG0003","THREE LAKES, MI US","46.5573","-88.2077","496.5","2020-05",,,,,,,
"US1MIBG0003","THREE LAKES, MI US","46.5573","-88.2077","496.5","2020-06",,,,,,,
"US1MIAT0006","MANCELONA 0.5 ESE, MI US","44.8998127877712","-85.0509964674711","348.4","2020-01",,,,,,,
"US1MIAT0006","MANCELONA 0.5 ESE, MI US","44.8998127877712","-85.0509964674711","348.4","2020-02",,,,,,,
"US1MIAT0006","MANCELONA 0.5 ESE, MI US","44.8998127877712","-85.0509964674711","348.4","2020-03",,,,,,,
"US1MIAT0006","MANCELONA 0.5 ESE, MI US","44.8998127877712","-85.0509964674711","348.4","2020-04",,,,,,,
"US1MIAT0006","MANCELONA 0.5 ESE, MI US","44.8998127877712","-85.0509964674711","348.4","2020-05",,,,,,,
"US1MIAT0006","MANCELONA 0.5 ESE, MI US","44.8998127877712","-85.0509964674711","348.4","2020-06",,,,,,,
"USC00207812","STAMBAUGH 2 SSE, MI US","46.0555","-88.6275","442.0","2020-01","0.0","-26.1","1.1","2976.9","-7.8","-3.4","-12.2"
"USC00207812","STAMBAUGH 2 SSE, MI US","46.0555","-88.6275","442.0","2020-02","0.0","-30.6","10.0","3801.1","-10.1","-2.6","-17.6"
"USC00207812","STAMBAUGH 2 SSE, MI US","46.0555","-88.6275","442.0","2020-03","0.0","-21.1","14.4","4419.8","-2.3","4.2","-8.8"
"USC00207812","STAMBAUGH 2 SSE, MI US","46.0555","-88.6275","442.0","2020-04","0.0","-20.0","17.2","4935.6","1.1","7.9","-5.6"
"USC00207812","STAMBAUGH 2 SSE, MI US","46.0555","-88.6275","442.0","2020-05","12.3","-7.8","28.9","5215.7","9.7","16.6","2.7"
"USC00207812","STAMBAUGH 2 SSE, MI US","46.0555","-88.6275","442.0","2020-06","33.1","-1.1","31.1","5305.5","16.0","23.9","8.2"
"US1MIAT0001","ELK RAPIDS 0.5 ESE, MI US","44.892486","-85.394556","186.2","2020-04",,,,,,,
"US1MIAT0001","ELK RAPIDS 0.5 ESE, MI US","44.892486","-85.394556","186.2","2020-05",,,,,,,
"US1MIAT0001","ELK RAPIDS 0.5 ESE, MI US","44.892486","-85.394556","186.2","2020-06",,,,,,,
"USC00206840","RAPID RIVER 4 SSE, MI US","45.8727","-86.9496","182.3","2020-01","0.0","-22.2","3.9",,"-5.9","-1.2","-10.5"
"USC00206840","RAPID RIVER 4 SSE, MI US","45.8727","-86.9496","182.3","2020-02","0.0","-25.0","7.8",,"-7.8","-1.9","-13.7"
"USC00206840","RAPID RIVER 4 SSE, MI US","45.8727","-86.9496","182.3","2020-03","0.0","-15.6","9.4",,"-1.0","3.8","-5.7"
"USC00206840","RAPID RIVER 4 SSE, MI US","45.8727","-86.9496","182.3","2020-04","0.0","-8.9","15.0",,"2.3","7.7","-3.1"
"USC00206840","RAPID RIVER 4 SSE, MI US","45.8727","-86.9496","182.3","2020-05","3.9","-6.1","30.0",,"9.2","15.6","2.8"
"US1MIRS0003","HOUGHTON LAKE 0.7 SSE, MI US","44.30331","-84.7597","367.6","2020-04",,,,,,,
"US1MIRS0003","HOUGHTON LAKE 0.7 SSE, MI US","44.30331","-84.7597","367.6","2020-05",,,,,,,
"US1MIRS0003","HOUGHTON LAKE 0.7 SSE, MI US","44.30331","-84.7597","367.6","2020-06",,,,,,,
"USC00204425","K.I. SAWYER WWTP, MI US","46.3341","-87.3779","340.2","2020-01","0.0","-18.9","3.3","2592.6","-4.4","-1.2","-7.6"
"USC00204425","K.I. SAWYER WWTP, MI US","46.3341","-87.3779","340.2","2020-02","0.0","-26.1","7.8","3321.1","-6.8","-1.3","-12.3"
"USC00204425","K.I. SAWYER WWTP, MI US","46.3341","-87.3779","340.2","2020-03","0.0","-15.0","10.0","3917.4","-0.9","3.4","-5.1"
"USC00204425","K.I. SAWYER WWTP, MI US","46.3341","-87.3779","340.2","2020-04","0.0","-9.4","14.4","4390.0","2.6","8.1","-3.0"
"USC00204425","K.I. SAWYER WWTP, MI US","46.3341","-87.3779","340.2","2020-05","21.0","-3.9","30.6","4652.9","10.5","16.3","4.8"
"USC00204425","K.I. SAWYER WWTP, MI US","46.3341","-87.3779","340.2","2020-06","63.2","1.7","32.2","4718.9","17.5","24.7","10.4"
"USC00204668","CALUMET TAMARACK, MI US","47.24559","-88.46793","377.6","2020-01",,,,,,,
"USC00204668","CALUMET TAMARACK, MI US","47.24559","-88.46793","377.6","2020-02",,,,,,,
"USC00204668","CALUMET TAMARACK, MI US","47.24559","-88.46793","377.6","2020-03",,,,,,,
"USC00204668","CALUMET TAMARACK, MI US","47.24559","-88.46793","377.6","2020-04",,,,,,,
"USC00204668","CALUMET TAMARACK, MI US","47.24559","-88.46793","377.6","2020-05",,,,,,,
"USC00204668","CALUMET TAMARACK, MI US","47.24559","-88.46793","377.6","2020-06",,,,,,,
"US1MIMD0008","MIDLAND 2.9 SW, MI US","43.5934143066406","-84.2682266235352","193.2","2020-01",,,,,,,
"US1MIMD0008","MIDLAND 2.9 SW, MI US","43.5934143066406","-84.2682266235352","193.2","2020-02",,,,,,,
"US1MIMD0008","MIDLAND 2.9 SW, MI US","43.5934143066406","-84.2682266235352","193.2","2020-03",,,,,,,
"US1MIMD0008","MIDLAND 2.9 SW, MI US","43.5934143066406","-84.2682266235352","193.2","2020-04",,,,,,,
"US1MIMD0008","MIDLAND 2.9 SW, MI US","43.5934143066406","-84.2682266235352","193.2","2020-05",,,,,,,
"US1MIMD0008","MIDLAND 2.9 SW, MI US","43.5934143066406","-84.2682266235352","193.2","2020-06",,,,,,,
"USW00094847","DETROIT METRO AIRPORT, MI US","42.23113","-83.33121","191.9","2020-01","0.0","-10.5","12.8","1768.0","0.3","3.2","-2.7"
"USW00094847","DETROIT METRO AIRPORT, MI US","42.23113","-83.33121","191.9","2020-02","0.0","-15.5","12.2","2329.4","-1.0","2.6","-4.6"
"USW00094847","DETROIT METRO AIRPORT, MI US","42.23113","-83.33121","191.9","2020-03","0.0","-7.7","18.3","2738.2","5.1","9.6","0.7"
"USW00094847","DETROIT METRO AIRPORT, MI US","42.23113","-83.33121","191.9","2020-04","0.0","-3.8","22.2","3053.3","7.8","13.1","2.6"
"USW00094847","DETROIT METRO AIRPORT, MI US","42.23113","-83.33121","191.9","2020-05","27.5","-2.7","30.6","3206.0","14.3","19.3","9.3"
"USW00094847","DETROIT METRO AIRPORT, MI US","42.23113","-83.33121","191.9","2020-06","140.7","7.8","32.8","3217.2","21.7","28.1","15.4"
"USW00094849","ALPENA CO REGIONAL AIRPORT, MI US","45.0716","-83.56451","208.3","2020-01","0.0","-21.0","7.8","2279.9","-2.5","0.6","-5.6"
"USW00094849","ALPENA CO REGIONAL AIRPORT, MI US","45.0716","-83.56451","208.3","2020-02","0.0","-20.5","10.6","2954.7","-4.9","-0.1","-9.7"
"USW00094849","ALPENA CO REGIONAL AIRPORT, MI US","45.0716","-83.56451","208.3","2020-03","0.0","-17.7","15.0","3508.7","0.5","5.8","-4.9"
"USW00094849","ALPENA CO REGIONAL AIRPORT, MI US","45.0716","-83.56451","208.3","2020-04","0.0","-7.1","16.1","3943.2","3.9","9.9","-2.2"
"USW00094849","ALPENA CO REGIONAL AIRPORT, MI US","45.0716","-83.56451","208.3","2020-05","12.9","-6.6","32.2","4195.7","10.6","17.0","4.2"
"USW00094849","ALPENA CO REGIONAL AIRPORT, MI US","45.0716","-83.56451","208.3","2020-06","60.1","2.2","33.3","4244.9","18.3","26.4","10.1"
"USC00202381","EAST JORDAN, MI US","45.15179","-85.1324","178.9","2020-01","0.0","-15.6","7.8",,"-3.1","-0.2","-6.1"
"USC00202381","EAST JORDAN, MI US","45.15179","-85.1324","178.9","2020-02","0.0","-18.9","8.3",,"-4.9","-0.7","-9.1"
"USC00202381","EAST JORDAN, MI US","45.15179","-85.1324","178.9","2020-03","0.0","-11.7","14.4",,"0.5","5.0","-4.0"
"USC00202381","EAST JORDAN, MI US","45.15179","-85.1324","178.9","2020-04","0.0","-7.8","16.1",,"3.2","8.6","-2.2"
"USC00202381","EAST JORDAN, MI US","45.15179","-85.1324","178.9","2020-05","17.5","-5.0","31.7",,"11.0","17.0","5.1"
"USC00202381","EAST JORDAN, MI US","45.15179","-85.1324","178.9","2020-06","64.6","3.3","32.8",,"18.0","25.1","10.8"
"USC00205892","NILES, MI US","41.8405","-86.2658","198.1","2020-01","0.0","-13.3","12.2","1716.9","0.4","3.7","-2.9"
"USC00205892","NILES, MI US","41.8405","-86.2658","198.1","2020-02","0.0","-13.9","13.9","2264.7","-0.6","3.5","-4.6"
"USC00205892","NILES, MI US","41.8405","-86.2658","198.1","2020-03","0.0","-8.9","17.8","2676.6","5.1","10.4","-0.3"
"USC00205892","NILES, MI US","41.8405","-86.2658","198.1","2020-04","0.0","-4.4","25.0","2968.2","8.6","14.2","3.0"
"USC00205892","NILES, MI US","41.8405","-86.2658","198.1","2020-05","30.6","-2.2","31.7","3093.9","15.3","20.7","9.8"
"USC00205892","NILES, MI US","41.8405","-86.2658","198.1","2020-06","150.0","6.7","32.8","3103.3","22.0","28.8","15.2"
"US1MIWS0007","ANN ARBOR 3.1 SE, MI US","42.239144","-83.69582","251.5","2020-01",,,,,,,
"US1MIWS0007","ANN ARBOR 3.1 SE, MI US","42.239144","-83.69582","251.5","2020-02",,,,,,,
"US1MIWS0007","ANN ARBOR 3.1 SE, MI US","42.239144","-83.69582","251.5","2020-03",,,,,,,
"US1MIWS0007","ANN ARBOR 3.1 SE, MI US","42.239144","-83.69582","251.5","2020-04",,,,,,,
"US1MIWS0007","ANN ARBOR 3.1 SE, MI US","42.239144","-83.69582","251.5","2020-05",,,,,,,
"US1MIWS0007","ANN ARBOR 3.1 SE, MI US","42.239144","-83.69582","251.5","2020-06",,,,,,,
"USC00202382","EAST JORDAN 2 NW, MI US","45.1863","-85.1477","196.9","2020-01","0.0","-16.7","6.1","2441.8","-3.8","-1.3","-6.4"
"USC00202382","EAST JORDAN 2 NW, MI US","45.1863","-85.1477","196.9","2020-02","0.0","-19.4","7.2","3143.3","-5.9","-1.9","-9.8"
"USC00202382","EAST JORDAN 2 NW, MI US","45.1863","-85.1477","196.9","2020-03","0.0","-14.4","12.8","3715.3","-0.1","4.2","-4.4"
"USC00202382","EAST JORDAN 2 NW, MI US","45.1863","-85.1477","196.9","2020-04","0.0","-10.0","15.6","4188.5","2.6","7.9","-2.7"
"USC00202382","EAST JORDAN 2 NW, MI US","45.1863","-85.1477","196.9","2020-05","17.2","-6.7","32.2","4444.2","10.4","16.3","4.4"
"USC00202382","EAST JORDAN 2 NW, MI US","45.1863","-85.1477","196.9","2020-06","53.9","1.1","33.3","4518.1","17.1","24.3","9.9"
"US1MIWS0005","ANN ARBOR 3.0 SE, MI US","42.2436","-83.692","249.9","2020-03",,,,,,,
"US1MIWS0005","ANN ARBOR 3.0 SE, MI US","42.2436","-83.692","249.9","2020-05",,,,,,,
"US1MIWS0005","ANN ARBOR 3.0 SE, MI US","42.2436","-83.692","249.9","2020-06",,,,,,,
"USW00004847","ADRIAN LENAWEE CO AIRPORT, MI US","41.86784","-84.07946","244.1","2020-01","0.0","-11.6","13.9","1898.3","-0.4","2.6","-3.4"
"USW00004847","ADRIAN LENAWEE CO AIRPORT, MI US","41.86784","-84.07946","244.1","2020-02","0.0","-14.9","11.1","2488.3","-2.0","1.8","-5.8"
"USW00004847","ADRIAN LENAWEE CO AIRPORT, MI US","41.86784","-84.07946","244.1","2020-03","0.0","-10.5","17.2","2922.9","4.3","9.0","-0.4"
"USW00004847","ADRIAN LENAWEE CO AIRPORT, MI US","41.86784","-84.07946","244.1","2020-04","0.0","-4.9","22.8","3254.7","7.3","12.8","1.8"
"USW00004847","ADRIAN LENAWEE CO AIRPORT, MI US","41.86784","-84.07946","244.1","2020-05","19.0","-3.2","31.7","3415.5","13.6","18.9","8.3"
"USW00004847","ADRIAN LENAWEE CO AIRPORT, MI US","41.86784","-84.07946","244.1","2020-06","112.2","6.1","33.3","3428.8","21.0","27.7","14.3"
"USC00205406","MICHIGAMME 3 WNW, MI US","46.5453","-88.18","521.2","2020-01",,,,,,,
"USC00205406","MICHIGAMME 3 WNW, MI US","46.5453","-88.18","521.2","2020-02",,,,,,,
"USC00205406","MICHIGAMME 3 WNW, MI US","46.5453","-88.18","521.2","2020-03",,,,,,,
"USC00205406","MICHIGAMME 3 WNW, MI US","46.5453","-88.18","521.2","2020-04",,,,,,,
"USC00205406","MICHIGAMME 3 WNW, MI US","46.5453","-88.18","521.2","2020-05",,,,,,,
"USC00205406","MICHIGAMME 3 WNW, MI US","46.5453","-88.18","521.2","2020-06",,,,,,,
"USW00004854","GAYLORD OTSEGO CO AIRPORT, MI US","45.01657","-84.68942","405.9","2020-01","0.0","-21.0","5.6","2543.0","-4.1","-1.3","-6.8"
"USW00004854","GAYLORD OTSEGO CO AIRPORT, MI US","45.01657","-84.68942","405.9","2020-02","0.0","-21.6","7.8","3252.2","-6.1","-2.2","-10.1"
"USW00004854","GAYLORD OTSEGO CO AIRPORT, MI US","45.01657","-84.68942","405.9","2020-03","0.0","-16.6","11.7","3833.7","-0.4","4.2","-5.0"
"USW00004854","GAYLORD OTSEGO CO AIRPORT, MI US","45.01657","-84.68942","405.9","2020-04","0.0","-11.6","15.6","4297.9","2.9","8.4","-2.7"
"USW00004854","GAYLORD OTSEGO CO AIRPORT, MI US","45.01657","-84.68942","405.9","2020-05","15.0","-8.2","30.0","4555.9","10.5","16.5","4.4"
"USW00004854","GAYLORD OTSEGO CO AIRPORT, MI US","45.01657","-84.68942","405.9","2020-06","52.1","1.7","32.8","4614.5","17.6","25.1","10.2"
"USC00203585","HARBOR BEACH 1 SSE, MI US","43.8322","-82.6427","181.4","2020-01","0.0","-9.4","8.3",,"-1.1","1.2","-3.4"
"USC00203585","HARBOR BEACH 1 SSE, MI US","43.8322","-82.6427","181.4","2020-02","0.0","-15.6","10.6",,"-3.2","0.4","-6.8"
"USC00203585","HARBOR BEACH 1 SSE, MI US","43.8322","-82.6427","181.4","2020-03","0.0","-7.8","18.3",,"2.2","5.9","-1.5"
"USC00203585","HARBOR BEACH 1 SSE, MI US","43.8322","-82.6427","181.4","2020-04","0.0","-4.4","13.9",,"4.2","8.3","0.0"
"USC00203585","HARBOR BEACH 1 SSE, MI US","43.8322","-82.6427","181.4","2020-05","10.0","-2.8","27.8",,"10.4","14.7","6.1"
"USC00203585","HARBOR BEACH 1 SSE, MI US","43.8322","-82.6427","181.4","2020-06","50.4","4.4","32.8",,"17.7","23.0","12.4"
"US1MIWS0003","PLYMOUTH 5.4 W, MI US","42.382785","-83.571244","266.4","2020-01",,,,,,,
"US1MIWS0003","PLYMOUTH 5.4 W, MI US","42.382785","-83.571244","266.4","2020-02",,,,,,,
"US1MIWS0003","PLYMOUTH 5.4 W, MI US","42.382785","-83.571244","266.4","2020-03",,,,,,,
"US1MIWS0003","PLYMOUTH 5.4 W, MI US","42.382785","-83.571244","266.4","2020-04",,,,,,,
"US1MIWS0003","PLYMOUTH 5.4 W, MI US","42.382785","-83.571244","266.4","2020-05",,,,,,,
"US1MIWS0003","PLYMOUTH 5.4 W, MI US","42.382785","-83.571244","266.4","2020-06",,,,,,,
"USC00200197","AMASA 1 W, MI US","46.2347","-88.4544","448.1","2020-01","0.0","-29.4","1.1","2763.3","-7.9","-2.9","-12.9"
"USC00200197","AMASA 1 W, MI US","46.2347","-88.4544","448.1","2020-02","0.0","-32.2","10.0","3591.7","-10.2","-2.7","-17.8"
"USC00200197","AMASA 1 W, MI US","46.2347","-88.4544","448.1","2020-03","0.0","-22.8","14.4","4196.2","-1.9","3.9","-7.7"
"USC00200197","AMASA 1 W, MI US","46.2347","-88.4544","448.1","2020-04","0.0","-20.6","18.3","4701.3","1.5","8.1","-5.1"
"USC00200197","AMASA 1 W, MI US","46.2347","-88.4544","448.1","2020-05","17.3","-7.8","29.4","4959.5","10.6","17.5","3.6"
"USC00200197","AMASA 1 W, MI US","46.2347","-88.4544","448.1","2020-06","45.8","-0.6","32.2","5032.0","16.9","25.0","8.8"
"USC00204793","LINDEN WWTP, MI US","42.8133","-83.8038","263.0","2020-01","0.0","-15.6","11.7","2011.9","-1.3","1.8","-4.4"
"USC00204793","LINDEN WWTP, MI US","42.8133","-83.8038","263.0","2020-02","0.0","-18.9","10.6","2640.0","-3.3","1.0","-7.6"
"USC00204793","LINDEN WWTP, MI US","42.8133","-83.8038","263.0","2020-03","0.0","-8.3","17.2","3106.5","3.3","8.6","-2.0"
"USC00204793","LINDEN WWTP, MI US","42.8133","-83.8038","263.0","2020-04","0.0","-6.1","21.1","3484.8","5.7","11.5","0.0"
"USC00204793","LINDEN WWTP, MI US","42.8133","-83.8038","263.0","2020-05","25.5","-2.8","31.1","3675.0","13.0","18.4","7.6"
"USC00204793","LINDEN WWTP, MI US","42.8133","-83.8038","263.0","2020-06","95.4","5.6","32.2","3705.3","19.6","26.4","12.9"
"US1MIOD0003","LUZERNE 2.4 NE, MI US","44.6414","-84.2383","344.1","2020-01",,,,,,,
"US1MIOD0003","LUZERNE 2.4 NE, MI US","44.6414","-84.2383","344.1","2020-02",,,,,,,
"US1MIOD0003","LUZERNE 2.4 NE, MI US","44.6414","-84.2383","344.1","2020-03",,,,,,,
"US1MIOD0003","LUZERNE 2.4 NE, MI US","44.6414","-84.2383","344.1","2020-04",,,,,,,
"US1MIOD0003","LUZERNE 2.4 NE, MI US","44.6414","-84.2383","344.1","2020-05",,,,,,,
"US1MIOD0003","LUZERNE 2.4 NE, MI US","44.6414","-84.2383","344.1","2020-06",,,,,,,
"US1MIOW0051","ALLENDALE 1.7 SE, MI US","42.971005","-85.9254","200.9","2020-01",,,,,,,
"US1MIOW0051","ALLENDALE 1.7 SE, MI US","42.971005","-85.9254","200.9","2020-02",,,,,,,
"US1MIOW0051","ALLENDALE 1.7 SE, MI US","42.971005","-85.9254","200.9","2020-03",,,,,,,
"US1MIOW0051","ALLENDALE 1.7 SE, MI US","42.971005","-85.9254","200.9","2020-04",,,,,,,
"US1MIOW0051","ALLENDALE 1.7 SE, MI US","42.971005","-85.9254","200.9","2020-05",,,,,,,
"US1MIOW0051","ALLENDALE 1.7 SE, MI US","42.971005","-85.9254","200.9","2020-06",,,,,,,
"USC00202375","EAST GRAND RAPIDS, MI US","42.9378","-85.6131","227.4","2020-01","0.0","-12.8","9.4","2035.7","-1.4","1.4","-4.3"
"USC00202375","EAST GRAND RAPIDS, MI US","42.9378","-85.6131","227.4","2020-02","0.0","-15.0","9.4","2648.7","-2.8","1.0","-6.6"
"USC00202375","EAST GRAND RAPIDS, MI US","42.9378","-85.6131","227.4","2020-03","0.0","-8.3","17.2","3120.1","3.1","8.1","-1.9"
"USC00202375","EAST GRAND RAPIDS, MI US","42.9378","-85.6131","227.4","2020-04","0.0","-4.4","23.3","3496.7","5.8","11.5","0.0"
"USC00202375","EAST GRAND RAPIDS, MI US","42.9378","-85.6131","227.4","2020-05","25.3","-3.9","32.8","3691.4","12.9","19.0","6.8"
"USC00202375","EAST GRAND RAPIDS, MI US","42.9378","-85.6131","227.4","2020-06","95.6","3.9","33.3","3720.9","19.7","26.9","12.5"
"USC00202015","DEARBORN, MI US","42.31917","-83.23839","184.4","2020-01","0.0","-11.7","12.8","1702.7","-0.1","3.2","-3.5"
"USC00202015","DEARBORN, MI US","42.31917","-83.23839","184.4","2020-02","0.0","-16.7","12.2","2270.4","-1.2","2.6","-5.1"
"USC00202015","DEARBORN, MI US","42.31917","-83.23839","184.4","2020-03","0.0","-7.2","18.3","2649.1","4.8","9.9","-0.2"
"USC00202015","DEARBORN, MI US","42.31917","-83.23839","184.4","2020-06",,,,,,,
"USC00207820","STANDISH 4 NE, MI US","44.0126","-83.8977","187.5","2020-01","0.0","-18.9","7.8","2136.7","-2.0","0.7","-4.6"
"USC00207820","STANDISH 4 NE, MI US","44.0126","-83.8977","187.5","2020-02","0.0","-23.3","7.8","2803.5","-4.7","-0.2","-9.1"
"USC00207820","STANDISH 4 NE, MI US","44.0126","-83.8977","187.5","2020-03","0.0","-9.4","16.7","3302.9","2.2","6.9","-2.5"
"USC00207820","STANDISH 4 NE, MI US","44.0126","-83.8977","187.5","2020-04","0.0","-5.6","18.3","3689.5","5.0","10.5","-0.5"
"USC00207820","STANDISH 4 NE, MI US","44.0126","-83.8977","187.5","2020-05","23.1","-3.9","30.0","3902.8","11.9","17.1","6.8"
"USC00207820","STANDISH 4 NE, MI US","44.0126","-83.8977","187.5","2020-06","83.2","3.9","31.7","3949.0","18.8","25.6","12.0"
"USC00202016","DEARBORN NUMBER 2, MI US","42.3469","-83.1736","184.4","2020-01","0.0","-10.6","11.7",,"0.2","3.3","-2.9"
"USC00202016","DEARBORN NUMBER 2, MI US","42.3469","-83.1736","184.4","2020-02","0.0","-15.6","13.3",,"-0.7","3.6","-5.1"
"USC00202016","DEARBORN NUMBER 2, MI US","42.3469","-83.1736","184.4","2020-03","0.0","-6.1","18.3",,"5.3","10.3","0.3"
"USC00202016","DEARBORN NUMBER 2, MI US","42.3469","-83.1736","184.4","2020-04","0.0","-3.9","22.2",,"7.8","13.2","2.5"
"USC00202016","DEARBORN NUMBER 2, MI US","42.3469","-83.1736","184.4","2020-05","22.7","-2.2","32.8",,"13.6","19.0","8.2"
"USC00202016","DEARBORN NUMBER 2, MI US","42.3469","-83.1736","184.4","2020-06","133.6","8.3","33.9",,"21.9","28.2","15.7"
"US1MIOW0054","SPRING LAKE 1.4 NNW, MI US","43.093378","-86.200323","185.6","2020-01",,,,,,,
"US1MIOW0054","SPRING LAKE 1.4 NNW, MI US","43.093378","-86.200323","185.6","2020-02",,,,,,,
"US1MIOW0054","SPRING LAKE 1.4 NNW, MI US","43.093378","-86.200323","185.6","2020-03",,,,,,,
"US1MIOW0054","SPRING LAKE 1.4 NNW, MI US","43.093378","-86.200323","185.6","2020-04",,,,,,,
"US1MIOW0054","SPRING LAKE 1.4 NNW, MI US","43.093378","-86.200323","185.6","2020-05",,,,,,,
"US1MIOW0054","SPRING LAKE 1.4 NNW, MI US","43.093378","-86.200323","185.6","2020-06",,,,,,,
"US1MIHL0009","MONTGOMERY 1.9 SSE, MI US","41.751678","-84.789526","326.7","2020-01",,,,,,,
"US1MIHL0009","MONTGOMERY 1.9 SSE, MI US","41.751678","-84.789526","326.7","2020-02",,,,,,,
"US1MIHL0009","MONTGOMERY 1.9 SSE, MI US","41.751678","-84.789526","326.7","2020-03",,,,,,,
"US1MIHL0009","MONTGOMERY 1.9 SSE, MI US","41.751678","-84.789526","326.7","2020-04",,,,,,,
"US1MIHL0009","MONTGOMERY 1.9 SSE, MI US","41.751678","-84.789526","326.7","2020-05",,,,,,,
"US1MIHL0009","MONTGOMERY 1.9 SSE, MI US","41.751678","-84.789526","326.7","2020-06",,,,,,,
"USC00200094","ALBION, MI US","42.24941","-84.7732","285.0","2020-01",,,,,,,
"USC00200094","ALBION, MI US","42.24941","-84.7732","285.0","2020-02",,,,,,,
"USC00200094","ALBION, MI US","42.24941","-84.7732","285.0","2020-03",,,,,,,
"US1MIHL0001","LITCHFIELD 0.3 ENE, MI US","42.045278","-84.753056","317.0","2020-01",,,,,,,
"US1MIHL0001","LITCHFIELD 0.3 ENE, MI US","42.045278","-84.753056","317.0","2020-02",,,,,,,
"US1MIHL0001","LITCHFIELD 0.3 ENE, MI US","42.045278","-84.753056","317.0","2020-03",,,,,,,
"US1MIHL0001","LITCHFIELD 0.3 ENE, MI US","42.045278","-84.753056","317.0","2020-04",,,,,,,
"US1MIHL0001","LITCHFIELD 0.3 ENE, MI US","42.045278","-84.753056","317.0","2020-05",,,,,,,
"US1MIHL0001","LITCHFIELD 0.3 ENE, MI US","42.045278","-84.753056","317.0","2020-06",,,,,,,
"USW00094850","MARQUETTE WEATHER FORECAST OFFICE, MI US","46.5313","-87.5491","431.3","2020-01","0.0","-20.5","1.1","2827.8","-6.4","-3.4","-9.3"
"USW00094850","MARQUETTE WEATHER FORECAST OFFICE, MI US","46.5313","-87.5491","431.3","2020-02","0.0","-27.1","9.4","3606.7","-8.5","-3.2","-13.9"
"USW00094850","MARQUETTE WEATHER FORECAST OFFICE, MI US","46.5313","-87.5491","431.3","2020-03","0.0","-20.5","12.2","4247.1","-2.3","2.4","-7.1"
"USW00094850","MARQUETTE WEATHER FORECAST OFFICE, MI US","46.5313","-87.5491","431.3","2020-04","0.0","-13.8","13.3","4791.7","0.2","5.8","-5.4"
"USW00094850","MARQUETTE WEATHER FORECAST OFFICE, MI US","46.5313","-87.5491","431.3","2020-05","14.7","-6.0","30.6","5089.2","9.2","14.9","3.5"
"USW00094850","MARQUETTE WEATHER FORECAST OFFICE, MI US","46.5313","-87.5491","431.3","2020-06","55.8","1.1","30.6","5168.3","17.1","23.8","10.4"
"US1MIHL0004","JONESVILLE 5.9 ENE, MI US","42.014718","-84.561902","364.8","2020-01",,,,,,,
"US1MIHL0004","JONESVILLE 5.9 ENE, MI US","42.014718","-84.561902","364.8","2020-04",,,,,,,
"US1MIHL0004","JONESVILLE 5.9 ENE, MI US","42.014718","-84.561902","364.8","2020-05",,,,,,,
"US1MIHL0004","JONESVILLE 5.9 ENE, MI US","42.014718","-84.561902","364.8","2020-06",,,,,,,
"USW00094853","ESCANABA DELTA CO AIRPORT, MI US","45.73333","-87.08333","181.1","2020-01","0.0","-21.0","3.3","2329.3","-4.2","-0.4","-8.0"
"USW00094853","ESCANABA DELTA CO AIRPORT, MI US","45.73333","-87.08333","181.1","2020-02","0.0","-23.8","8.3","3073.5","-7.3","-1.6","-13.1"
"USW00094853","ESCANABA DELTA CO AIRPORT, MI US","45.73333","-87.08333","181.1","2020-03","0.0","-14.3","6.7","3667.3","-0.8","3.3","-4.9"
"USW00094853","ESCANABA DELTA CO AIRPORT, MI US","45.73333","-87.08333","181.1","2020-04","0.0","-9.3","15.0","4134.6","2.2","7.3","-2.9"
"USW00094853","ESCANABA DELTA CO AIRPORT, MI US","45.73333","-87.08333","181.1","2020-05","0.9","-6.0","25.6","4390.7","9.8","15.6","4.1"
"USW00094853","ESCANABA DELTA CO AIRPORT, MI US","45.73333","-87.08333","181.1","2020-06","11.2","2.2","28.3","4465.1","16.2","22.7","9.7"
"US1MIBZ0001","BENZONIA 5.3 S, MI US","44.53975658","-86.10645586","245.4","2020-01",,,,,,,
"US1MIBZ0001","BENZONIA 5.3 S, MI US","44.53975658","-86.10645586","245.4","2020-02",,,,,,,
"US1MIBZ0001","BENZONIA 5.3 S, MI US","44.53975658","-86.10645586","245.4","2020-03",,,,,,,
"US1MIBZ0001","BENZONIA 5.3 S, MI US","44.53975658","-86.10645586","245.4","2020-04",,,,,,,
"US1MIBZ0001","BENZONIA 5.3 S, MI US","44.53975658","-86.10645586","245.4","2020-05",,,,,,,
"US1MIBZ0001","BENZONIA 5.3 S, MI US","44.53975658","-86.10645586","245.4","2020-06",,,,,,,
"US1MIOW0046","HUDSONVILLE 2.8 NNW, MI US","42.9014","-85.8857","205.7","2020-04",,,,,,,
"US1MIOW0046","HUDSONVILLE 2.8 NNW, MI US","42.9014","-85.8857","205.7","2020-05",,,,,,,
"US1MIOW0046","HUDSONVILLE 2.8 NNW, MI US","42.9014","-85.8857","205.7","2020-06",,,,,,,
"US1MISG0018","SAGINAW 4.1 WNW, MI US","43.440854","-84.026733","189.6","2020-01",,,,,,,
"US1MISG0018","SAGINAW 4.1 WNW, MI US","43.440854","-84.026733","189.6","2020-02",,,,,,,
"US1MISG0018","SAGINAW 4.1 WNW, MI US","43.440854","-84.026733","189.6","2020-03",,,,,,,
"US1MISG0018","SAGINAW 4.1 WNW, MI US","43.440854","-84.026733","189.6","2020-04",,,,,,,
"US1MISG0018","SAGINAW 4.1 WNW, MI US","43.440854","-84.026733","189.6","2020-05",,,,,,,
"US1MISG0018","SAGINAW 4.1 WNW, MI US","43.440854","-84.026733","189.6","2020-06",,,,,,,
"US1MIPI0001","ROGERS CITY 0.2 WSW, MI US","45.4174","-83.8106","183.5","2020-01",,,,,,,
"US1MIPI0001","ROGERS CITY 0.2 WSW, MI US","45.4174","-83.8106","183.5","2020-02",,,,,,,
"US1MIPI0001","ROGERS CITY 0.2 WSW, MI US","45.4174","-83.8106","183.5","2020-03",,,,,,,
"US1MIPI0001","ROGERS CITY 0.2 WSW, MI US","45.4174","-83.8106","183.5","2020-04",,,,,,,
"US1MIPI0001","ROGERS CITY 0.2 WSW, MI US","45.4174","-83.8106","183.5","2020-05",,,,,,,
"US1MIPI0001","ROGERS CITY 0.2 WSW, MI US","45.4174","-83.8106","183.5","2020-06",,,,,,,
"USC00206507","PETOSKEY, MI US","45.3725","-84.9766","182.6","2020-01","0.0","-12.8","6.1","2189.7","-2.4","-0.2","-4.6"
"USC00206507","PETOSKEY, MI US","45.3725","-84.9766","182.6","2020-02","0.0","-16.7","8.3","2856.7","-4.7","-1.1","-8.2"
"USC00206507","PETOSKEY, MI US","45.3725","-84.9766","182.6","2020-03","0.0","-10.6","13.9","3406.8","0.6","4.4","-3.2"
"USC00206507","PETOSKEY, MI US","45.3725","-84.9766","182.6","2020-04","0.0","-5.6","16.7","3875.6","2.7","6.2","-0.8"
"USC00206507","PETOSKEY, MI US","45.3725","-84.9766","182.6","2020-05","3.9","-3.3","25.6","4164.1","9.1","13.3","5.0"
"USC00206507","PETOSKEY, MI US","45.3725","-84.9766","182.6","2020-06","24.7","5.6","31.1","4240.4","16.3","21.1","11.4"
"US1MIGG0004","WATERSMEET 5.0 SE, MI US","46.203333","-89.131667","518.5","2020-03",,,,,,,
"US1MIGG0004","WATERSMEET 5.0 SE, MI US","46.203333","-89.131667","518.5","2020-04",,,,,,,
"US1MIGG0004","WATERSMEET 5.0 SE, MI US","46.203333","-89.131667","518.5","2020-06",,,,,,,
"US1MISG0017","SAGINAW 6.4 W, MI US","43.422715","-84.077575","186.8","2020-02",,,,,,,
"US1MISG0017","SAGINAW 6.4 W, MI US","43.422715","-84.077575","186.8","2020-03",,,,,,,
"US1MISG0017","SAGINAW 6.4 W, MI US","43.422715","-84.077575","186.8","2020-04",,,,,,,
"US1MISG0017","SAGINAW 6.4 W, MI US","43.422715","-84.077575","186.8","2020-05",,,,,,,
"US1MISG0017","SAGINAW 6.4 W, MI US","43.422715","-84.077575","186.8","2020-06",,,,,,,
"US1MIOW0049","HOLLAND 4.2 NW, MI US","42.8217","-86.14896","189.6","2020-01",,,,,,,
"US1MIOW0049","HOLLAND 4.2 NW, MI US","42.8217","-86.14896","189.6","2020-02",,,,,,,
"US1MIOW0049","HOLLAND 4.2 NW, MI US","42.8217","-86.14896","189.6","2020-03",,,,,,,
"US1MIOW0049","HOLLAND 4.2 NW, MI US","42.8217","-86.14896","189.6","2020-04",,,,,,,
"US1MIOW0049","HOLLAND 4.2 NW, MI US","42.8217","-86.14896","189.6","2020-05",,,,,,,
"US1MIOW0049","HOLLAND 4.2 NW, MI US","42.8217","-86.14896","189.6","2020-06",,,,,,,
"USC00205533","MIO WWTP, MI US","44.6466","-84.1158","316.1","2020-01","0.0","-22.2","7.2","2345.0","-3.0","0.4","-6.4"
"USC00205533","MIO WWTP, MI US","44.6466","-84.1158","316.1","2020-02","0.0","-23.3","10.6","3025.2","-5.1","0.5","-10.7"
"USC00205533","MIO WWTP, MI US","44.6466","-84.1158","316.1","2020-03","0.0","-14.4","14.4","3561.6","1.0","6.5","-4.5"
"USC00205533","MIO WWTP, MI US","44.6466","-84.1158","316.1","2020-04","0.0","-8.9","17.8","3981.1","4.4","10.6","-1.9"
"USC00205533","MIO WWTP, MI US","44.6466","-84.1158","316.1","2020-05","24.6","-7.2","32.8","4219.1","11.4","18.5","4.4"
"USC00205533","MIO WWTP, MI US","44.6466","-84.1158","316.1","2020-06","88.7","1.1","33.9","4270.6","18.8","27.3","10.2"
"USC00204320","KENT CITY 2 SW, MI US","43.2036","-85.7776","247.8","2020-01","0.0","-17.2","10.0",,"-1.9","2.3","-6.1"
"USC00204320","KENT CITY 2 SW, MI US","43.2036","-85.7776","247.8","2020-03",,"-10.0","15.6",,"2.6","8.4","-3.2"
"USC00204320","KENT CITY 2 SW, MI US","43.2036","-85.7776","247.8","2020-04",,"-6.7","23.9",,"6.4","12.6","0.1"
"USC00204320","KENT CITY 2 SW, MI US","43.2036","-85.7776","247.8","2020-05",,"-6.7","33.3",,"13.1","19.8","6.5"
"USC00204320","KENT CITY 2 SW, MI US","43.2036","-85.7776","247.8","2020-06",,"3.3","34.4",,"20.1","28.0","12.2"
"USC00206982","RICHMOND 4 NNW, MI US","42.8783","-82.7958","233.2","2020-01","0.0","-13.3","10.0","1935.2","-0.8","2.2","-3.8"
"USC00206982","RICHMOND 4 NNW, MI US","42.8783","-82.7958","233.2","2020-02","0.0","-18.3","10.6","2543.2","-2.6","1.3","-6.6"
"USC00206982","RICHMOND 4 NNW, MI US","42.8783","-82.7958","233.2","2020-03","0.0","-8.3","17.8","3000.7","3.6","8.7","-1.5"
"USC00206982","RICHMOND 4 NNW, MI US","42.8783","-82.7958","233.2","2020-04","0.0","-5.0","20.0","3366.7","6.1","11.1","1.1"
"USC00206982","RICHMOND 4 NNW, MI US","42.8783","-82.7958","233.2","2020-05","25.8","-2.8","33.3","3558.9","13.0","18.3","7.7"
"USC00206982","RICHMOND 4 NNW, MI US","42.8783","-82.7958","233.2","2020-06","116.6","6.1","32.8","3587.1","20.4","26.8","14.0"
"USC00200089","ALBERTA FORD FOR CENTER, MI US","46.6448","-88.4812","399.3","2020-01","0.0","-22.2","1.1","2570.3","-7.6","-3.8","-11.4"
"USC00200089","ALBERTA FORD FOR CENTER, MI US","46.6448","-88.4812","399.3","2020-03",,"-23.9","15.6",,"-2.4","3.4","-8.1"
"USC00200089","ALBERTA FORD FOR CENTER, MI US","46.6448","-88.4812","399.3","2020-04",,"-14.4","15.0",,"0.9","6.6","-4.7"
"USC00200089","ALBERTA FORD FOR CENTER, MI US","46.6448","-88.4812","399.3","2020-05",,"-7.8","31.1",,"10.2","16.2","4.1"
"USC00200089","ALBERTA FORD FOR CENTER, MI US","46.6448","-88.4812","399.3","2020-06",,"-0.6","33.3",,"17.3","24.1","10.5"
"US1MIWS0011","ANN ARBOR 2.1 WNW, MI US","42.283233","-83.771503","275.5","2020-01",,,,,,,
"US1MIWS0011","ANN ARBOR 2.1 WNW, MI US","42.283233","-83.771503","275.5","2020-02",,,,,,,
"US1MIWS0011","ANN ARBOR 2.1 WNW, MI US","42.283233","-83.771503","275.5","2020-03",,,,,,,
"US1MIWS0011","ANN ARBOR 2.1 WNW, MI US","42.283233","-83.771503","275.5","2020-04",,,,,,,
"US1MIWS0011","ANN ARBOR 2.1 WNW, MI US","42.283233","-83.771503","275.5","2020-05",,,,,,,
"US1MIWS0011","ANN ARBOR 2.1 WNW, MI US","42.283233","-83.771503","275.5","2020-06",,,,,,,
"USC00201178","CADILLAC 9 AND 10 NEWS, MI US","44.21138","-85.40865","415.4","2020-01","0.0","-13.3","7.2","2363.5","-3.5","-0.3","-6.8"
"USC00201178","CADILLAC 9 AND 10 NEWS, MI US","44.21138","-85.40865","415.4","2020-02","0.0","-19.4","6.7","3038.9","-5.0","-0.5","-9.4"
"USC00201178","CADILLAC 9 AND 10 NEWS, MI US","44.21138","-85.40865","415.4","2020-03","0.0","-11.7","12.2","3518.0","1.2","5.5","-3.1"
"USC00201178","CADILLAC 9 AND 10 NEWS, MI US","44.21138","-85.40865","415.4","2020-04","0.0","-8.9","17.8","3946.5","4.1","9.9","-1.8"
"USC00201178","CADILLAC 9 AND 10 NEWS, MI US","44.21138","-85.40865","415.4","2020-05","22.8","-6.1","30.0","4181.2","11.5","17.7","5.3"
"USC00201178","CADILLAC 9 AND 10 NEWS, MI US","44.21138","-85.40865","415.4","2020-06","66.9","1.1","31.1","4229.5","18.2","25.7","10.7"
"USC00201299","CARO WWTP, MI US","43.4838","-83.3919","210.3","2020-01","0.0","-11.1","9.4","1985.3","-1.4","1.5","-4.3"
"USC00201299","CARO WWTP, MI US","43.4838","-83.3919","210.3","2020-02","0.0","-20.0","11.7","2614.7","-3.4","0.7","-7.4"
"USC00201299","CARO WWTP, MI US","43.4838","-83.3919","210.3","2020-03","0.0","-10.6","16.7","3074.3","3.1","8.2","-2.1"
"USC00201299","CARO WWTP, MI US","43.4838","-83.3919","210.3","2020-04","0.0","-4.4","21.1","3441.6","5.7","11.6","-0.1"
"USC00201299","CARO WWTP, MI US","43.4838","-83.3919","210.3","2020-05","30.8","-3.9","33.3","3635.3","12.7","18.7","6.8"
"USC00201299","CARO WWTP, MI US","43.4838","-83.3919","210.3","2020-06","113.0","3.9","32.8","3669.1","19.9","27.5","12.4"
"USC00203477","GROSSE POINTE FARMS, MI US","42.4077","-82.8891","186.8","2020-01","0.0","-10.6","12.2",,"-0.4","2.7","-3.6"
"USC00203477","GROSSE POINTE FARMS, MI US","42.4077","-82.8891","186.8","2020-02","0.0","-16.1","11.1",,"-2.2","1.6","-6.0"
"USC00203477","GROSSE POINTE FARMS, MI US","42.4077","-82.8891","186.8","2020-03","0.0","-6.7","18.9",,"3.9","8.7","-0.8"
"USC00203477","GROSSE POINTE FARMS, MI US","42.4077","-82.8891","186.8","2020-04","0.0","-6.1","21.7",,"6.1","11.0","1.3"
"USC00203477","GROSSE POINTE FARMS, MI US","42.4077","-82.8891","186.8","2020-05","22.7","-2.8","31.1",,"12.9","18.1","7.6"
"USC00203477","GROSSE POINTE FARMS, MI US","42.4077","-82.8891","186.8","2020-06","111.8","6.7","33.9",,"20.8","27.0","14.5"
"US1MIOW0044","HOLLAND 3.0 W, MI US","42.7706909179688","-86.1620559692383","189.6","2020-01",,,,,,,
"US1MIOW0044","HOLLAND 3.0 W, MI US","42.7706909179688","-86.1620559692383","189.6","2020-02",,,,,,,
"US1MIOW0044","HOLLAND 3.0 W, MI US","42.7706909179688","-86.1620559692383","189.6","2020-03",,,,,,,
"US1MIOW0044","HOLLAND 3.0 W, MI US","42.7706909179688","-86.1620559692383","189.6","2020-04",,,,,,,
"US1MIOW0044","HOLLAND 3.0 W, MI US","42.7706909179688","-86.1620559692383","189.6","2020-05",,,,,,,
"US1MIOW0044","HOLLAND 3.0 W, MI US","42.7706909179688","-86.1620559692383","189.6","2020-06",,,,,,,
"USC00208800","WEST BRANCH 3 SE, MI US","44.2541","-84.2011","269.7","2020-01","0.0","-20.6","6.7","2334.6","-3.1","0.4","-6.6"
"USC00208800","WEST BRANCH 3 SE, MI US","44.2541","-84.2011","269.7","2020-02","0.0","-23.9","7.8","3028.5","-5.6","-0.4","-10.7"
"USC00208800","WEST BRANCH 3 SE, MI US","44.2541","-84.2011","269.7","2020-03","0.0","-11.1","13.3","3558.1","1.3","6.4","-3.9"
"USC00208800","WEST BRANCH 3 SE, MI US","44.2541","-84.2011","269.7","2020-04","0.0","-7.8","18.9","3979.5","4.3","10.6","-2.1"
"USC00208800","WEST BRANCH 3 SE, MI US","44.2541","-84.2011","269.7","2020-05","21.5","-5.0","31.7","4192.2","12.2","18.8","5.5"
"USC00208800","WEST BRANCH 3 SE, MI US","44.2541","-84.2011","269.7","2020-06","77.8","3.3","32.8","4240.3","18.6","26.6","10.6"
"USW00094860","GRAND RAPIDS GERALD R FORD INTERNATIONAL AIRPORT, MI US","42.8821","-85.52297","240.3","2020-01","0.0","-11.6","9.4","1921.4","-0.3","2.4","-3.0"
"USW00094860","GRAND RAPIDS GERALD R FORD INTERNATIONAL AIRPORT, MI US","42.8821","-85.52297","240.3","2020-02","0.0","-15.5","10.6","2523.6","-2.4","1.1","-5.9"
"USW00094860","GRAND RAPIDS GERALD R FORD INTERNATIONAL AIRPORT, MI US","42.8821","-85.52297","240.3","2020-03","0.0","-8.2","17.2","2977.1","3.7","8.6","-1.2"
"USW00094860","GRAND RAPIDS GERALD R FORD INTERNATIONAL AIRPORT, MI US","42.8821","-85.52297","240.3","2020-04","0.0","-4.3","23.9","3324.0","6.8","12.2","1.3"
"USW00094860","GRAND RAPIDS GERALD R FORD INTERNATIONAL AIRPORT, MI US","42.8821","-85.52297","240.3","2020-05","27.2","-3.2","32.2","3494.6","13.7","19.2","8.2"
"USW00094860","GRAND RAPIDS GERALD R FORD INTERNATIONAL AIRPORT, MI US","42.8821","-85.52297","240.3","2020-06","119.9","5.6","33.9","3511.5","20.9","27.6","14.1"
"USW00004869","CHIPPEWA INTERNATIONAL AIRPORT, MI US","46.25","-84.46667","243.5","2020-01","0.0","-17.7","3.3","2430.3","-4.5","-1.8","-7.3"
"USW00004869","CHIPPEWA INTERNATIONAL AIRPORT, MI US","46.25","-84.46667","243.5","2020-02","0.0","-24.3","5.6","3149.6","-6.5","-2.0","-10.9"
"USW00004869","CHIPPEWA INTERNATIONAL AIRPORT, MI US","46.25","-84.46667","243.5","2020-03","0.0","-16.6","11.1","3767.8","-1.6","3.2","-6.4"
"USW00004869","CHIPPEWA INTERNATIONAL AIRPORT, MI US","46.25","-84.46667","243.5","2020-04","0.0","-9.9","15.0","4253.1","2.2","7.1","-2.8"
"USW00004869","CHIPPEWA INTERNATIONAL AIRPORT, MI US","46.25","-84.46667","243.5","2020-05","11.1","-6.0","31.1","4528.3","9.8","15.5","4.1"
"USW00004869","CHIPPEWA INTERNATIONAL AIRPORT, MI US","46.25","-84.46667","243.5","2020-06","34.2","3.3","30.6","4604.6","16.6","23.4","9.8"
"USC00206510","PETOSKEY NCMC, MI US","45.3613","-84.9512","228.0","2020-01","0.0","-17.2","6.1","2394.3","-3.8","-1.1","-6.6"
"USC00206510","PETOSKEY NCMC, MI US","45.3613","-84.9512","228.0","2020-02","0.0","-20.6","8.3","3102.6","-6.1","-2.2","-10.0"
"USC00206510","PETOSKEY NCMC, MI US","45.3613","-84.9512","228.0","2020-03","0.0","-14.4","14.4","3670.3","0.0","4.4","-4.3"
"USC00206510","PETOSKEY NCMC, MI US","45.3613","-84.9512","228.0","2020-04","0.0","-7.8","17.2","4154.4","2.2","6.6","-2.2"
"USC00206510","PETOSKEY NCMC, MI US","45.3613","-84.9512","228.0","2020-05","14.4","-6.7","30.6","4438.1","9.6","15.0","4.3"
"USC00206510","PETOSKEY NCMC, MI US","45.3613","-84.9512","228.0","2020-06","50.0","1.7","32.2","4509.5","17.1","23.4","10.9"
"US1MIBH0007","QUINCY 0.3 NE, MI US","41.94725","-84.8789","309.7","2020-06",,,,,,,
"USC00205662","CENTRAL MICHIGAN UNIVERSITY, MI US","43.5859","-84.7694","242.3","2020-01","0.0","-11.1","9.4","2039.3","-1.2","1.7","-4.1"
"USC00205662","CENTRAL MICHIGAN UNIVERSITY, MI US","43.5859","-84.7694","242.3","2020-02","0.0","-17.2","8.9","2670.7","-3.4","1.0","-7.8"
"USC00205662","CENTRAL MICHIGAN UNIVERSITY, MI US","43.5859","-84.7694","242.3","2020-03","0.0","-8.3","16.1","3146.9","3.0","8.1","-2.2"
"USC00205662","CENTRAL MICHIGAN UNIVERSITY, MI US","43.5859","-84.7694","242.3","2020-04","0.0","-4.4","21.7","3514.8","6.1","11.7","0.4"
"USC00205662","CENTRAL MICHIGAN UNIVERSITY, MI US","43.5859","-84.7694","242.3","2020-05","27.2","-3.9","34.4","3700.5","13.1","19.2","6.9"
"USC00205662","CENTRAL MICHIGAN UNIVERSITY, MI US","43.5859","-84.7694","242.3","2020-06","129.3","4.4","35.0","3723.0","21.0","28.8","13.2"
"US1MIBH0006","COLON 3.5 SE, MI US","41.919357","-85.282117","276.5","2020-01",,,,,,,
"US1MIBH0006","COLON 3.5 SE, MI US","41.919357","-85.282117","276.5","2020-02",,,,,,,
"US1MIBH0006","COLON 3.5 SE, MI US","41.919357","-85.282117","276.5","2020-03",,,,,,,
"US1MIBH0006","COLON 3.5 SE, MI US","41.919357","-85.282117","276.5","2020-04",,,,,,,
"US1MIBH0006","COLON 3.5 SE, MI US","41.919357","-85.282117","276.5","2020-05",,,,,,,
"US1MIBH0006","COLON 3.5 SE, MI US","41.919357","-85.282117","276.5","2020-06",,,,,,,
"USW00094871","BENTON HARBOR, MI US","42.12894","-86.41518","195.4","2020-01","0.0","-11.0","12.2","1786.8","0.5","3.3","-2.3"
"USW00094871","BENTON HARBOR, MI US","42.12894","-86.41518","195.4","2020-02","0.0","-14.9","12.8","2344.6","-0.9","2.5","-4.3"
"USW00094871","BENTON HARBOR, MI US","42.12894","-86.41518","195.4","2020-03","0.0","-7.7","17.8","2775.6","4.4","9.6","-0.8"
"USW00094871","BENTON HARBOR, MI US","42.12894","-86.41518","195.4","2020-04","0.0","-4.9","24.4","3118.2","6.9","12.4","1.4"
"USW00094871","BENTON HARBOR, MI US","42.12894","-86.41518","195.4","2020-05","27.3","-1.0","32.2","3282.5","13.9","19.0","8.9"
"USW00094871","BENTON HARBOR, MI US","42.12894","-86.41518","195.4","2020-06","125.2","6.1","33.9","3294.4","21.2","27.7","14.7"
"US1MIMC0003","CEDARVILLE 3.2 ESE, MI US","45.9893775","-84.2977821","189.6","2020-01",,,,,,,
"US1MIMC0003","CEDARVILLE 3.2 ESE, MI US","45.9893775","-84.2977821","189.6","2020-02",,,,,,,
"US1MIMC0003","CEDARVILLE 3.2 ESE, MI US","45.9893775","-84.2977821","189.6","2020-03",,,,,,,
"US1MIMC0003","CEDARVILLE 3.2 ESE, MI US","45.9893775","-84.2977821","189.6","2020-04",,,,,,,
"US1MIMC0003","CEDARVILLE 3.2 ESE, MI US","45.9893775","-84.2977821","189.6","2020-05",,,,,,,
"US1MIMC0003","CEDARVILLE 3.2 ESE, MI US","45.9893775","-84.2977821","189.6","2020-06",,,,,,,
"US1MIOW0025","HOLLAND 5.1 WNW, MI US","42.801147","-86.194791","182.6","2020-04",,,,,,,
"US1MIOW0025","HOLLAND 5.1 WNW, MI US","42.801147","-86.194791","182.6","2020-05",,,,,,,
"US1MIOW0025","HOLLAND 5.1 WNW, MI US","42.801147","-86.194791","182.6","2020-06",,,,,,,
"USC00208706","WATTON 2 WSW, MI US","46.52664","-88.64243","424.9","2020-01","0.0","-22.2","1.1","2819.1","-7.4","-3.5","-11.3"
"USC00208706","WATTON 2 WSW, MI US","46.52664","-88.64243","424.9","2020-02","0.0","-25.6","10.6","3616.3","-9.2","-2.8","-15.5"
"USC00208706","WATTON 2 WSW, MI US","46.52664","-88.64243","424.9","2020-03","0.0","-22.8","16.1","4243.0","-1.9","4.1","-7.9"
"USC00208706","WATTON 2 WSW, MI US","46.52664","-88.64243","424.9","2020-04","0.0","-16.7","15.6","4737.8","1.8","7.9","-4.3"
"USC00208706","WATTON 2 WSW, MI US","46.52664","-88.64243","424.9","2020-05","18.1","-7.2","30.0","4993.9","10.6","17.0","4.3"
"USC00208706","WATTON 2 WSW, MI US","46.52664","-88.64243","424.9","2020-06","55.3","0.0","32.2","5061.9","17.3","23.7","10.9"
"USC00205434","MIDLAND, MI US","43.6088","-84.2011","195.1","2020-01","0.0","-13.9","7.8","1975.3","-1.3","1.4","-4.0"
"USC00205434","MIDLAND, MI US","43.6088","-84.2011","195.1","2020-02","0.0","-18.3","8.3","2607.8","-3.5","0.3","-7.2"
"USC00205434","MIDLAND, MI US","43.6088","-84.2011","195.1","2020-03","0.0","-8.9","15.6","3055.5","3.4","7.9","-1.1"
"USC00205434","MIDLAND, MI US","43.6088","-84.2011","195.1","2020-04","0.0","-5.0","21.1","3409.7","6.1","11.5","0.8"
"USC00205434","MIDLAND, MI US","43.6088","-84.2011","195.1","2020-05","26.2","-2.8","31.7","3601.7","13.0","18.3","7.7"
"USC00205434","MIDLAND, MI US","43.6088","-84.2011","195.1","2020-06","113.7","5.6","32.2","3627.0","20.4","27.0","13.8"
"USC00206884","REED CITY WWTP, MI US","43.875","-85.4968","319.1","2020-03",,,,,,,
"USC00206884","REED CITY WWTP, MI US","43.875","-85.4968","319.1","2020-04",,,,,,,
"USC00206884","REED CITY WWTP, MI US","43.875","-85.4968","319.1","2020-05",,,,,,,
"USC00206884","REED CITY WWTP, MI US","43.875","-85.4968","319.1","2020-06",,,,,,,
"USR0000MSEN","SENEY MICHIGAN, MI US","46.2403","-85.9428","221.3","2020-01","0.0","-18.1","3.3","2560.9","-3.9","-0.9","-7.0"
"USR0000MSEN","SENEY MICHIGAN, MI US","46.2403","-85.9428","221.3","2020-02","0.0","-24.2","6.6","3295.1","-7.0","-2.1","-11.9"
"USR0000MSEN","SENEY MICHIGAN, MI US","46.2403","-85.9428","221.3","2020-03","0.0","-18.0","8.9","3894.2","-1.0","3.5","-5.5"
"USR0000MSEN","SENEY MICHIGAN, MI US","46.2403","-85.9428","221.3","2020-04","0.0","-10.7","16.4","4381.0","2.1","7.6","-3.4"
"USR0000MSEN","SENEY MICHIGAN, MI US","46.2403","-85.9428","221.3","2020-05","9.4","-7.2","28.8","4645.0","10.1","16.5","3.8"
"USR0000MSEN","SENEY MICHIGAN, MI US","46.2403","-85.9428","221.3","2020-06","32.5","1.3","30.9","4717.1","16.7","24.3","9.1"
"US1MIIR0001","TROUT CREEK 9.6 SSE, MI US","46.3596383","-88.9121902","501.7","2020-05",,,,,,,
"USC00208941","WHITE LAKE 4 E, MI US","42.698","-83.4716","321.0","2020-01","0.0","-16.7","10.0","2199.1","-2.6","0.8","-5.9"
"USC00208941","WHITE LAKE 4 E, MI US","42.698","-83.4716","321.0","2020-02","0.0","-23.9","9.4","2855.1","-4.3","-0.3","-8.3"
"USC00208941","WHITE LAKE 4 E, MI US","42.698","-83.4716","321.0","2020-03","0.0","-10.6","15.0","3353.0","2.3","7.0","-2.5"
"USC00208941","WHITE LAKE 4 E, MI US","42.698","-83.4716","321.0","2020-04","0.0","-7.2","19.4","3751.2","5.1","10.6","-0.5"
"USC00208941","WHITE LAKE 4 E, MI US","42.698","-83.4716","321.0","2020-05","16.6","-4.4","29.4","3969.8","11.8","17.1","6.6"
"USC00208941","WHITE LAKE 4 E, MI US","42.698","-83.4716","321.0","2020-06","58.3","2.8","30.6","4014.8","18.2","25.6","10.9"
"USC00204104","IRONWOOD, MI US","46.4656","-90.1892","435.9","2020-01","0.0","-25.6","1.1","2892.5","-8.3","-4.0","-12.6"
"USC00204104","IRONWOOD, MI US","46.4656","-90.1892","435.9","2020-02","0.0","-27.2","8.9","3704.1","-9.6","-3.4","-15.9"
"USC00204104","IRONWOOD, MI US","46.4656","-90.1892","435.9","2020-03","0.0","-21.7","12.8","4340.6","-2.2","3.5","-7.9"
"USC00204104","IRONWOOD, MI US","46.4656","-90.1892","435.9","2020-04","0.0","-15.0","15.0","4834.5","1.9","7.5","-3.8"
"USC00204104","IRONWOOD, MI US","46.4656","-90.1892","435.9","2020-05","8.9","-5.0","27.2","5077.3","10.8","16.3","5.2"
"USC00204104","IRONWOOD, MI US","46.4656","-90.1892","435.9","2020-06","44.4","2.8","32.2","5140.7","17.4","23.4","11.4"
"USC00204105","IRONWOOD NUMBER 2, MI US","46.46521","-90.13827","463.3","2020-01","0.0","-26.7","1.1","2816.2","-7.7","-3.9","-11.6"
"USC00204105","IRONWOOD NUMBER 2, MI US","46.46521","-90.13827","463.3","2020-02","0.0","-27.2","9.4","3580.4","-9.0","-2.9","-15.0"
"USC00204105","IRONWOOD NUMBER 2, MI US","46.46521","-90.13827","463.3","2020-03","0.0","-22.2","13.3","4209.1","-1.9","4.0","-7.9"
"USC00204105","IRONWOOD NUMBER 2, MI US","46.46521","-90.13827","463.3","2020-04","0.0","-14.4","16.1","4697.3","2.1","8.3","-4.2"
"USC00204105","IRONWOOD NUMBER 2, MI US","46.46521","-90.13827","463.3","2020-05","12.0","-5.6","27.8","4935.2","10.5","16.6","4.5"
"USC00204105","IRONWOOD NUMBER 2, MI US","46.46521","-90.13827","463.3","2020-06","44.9","1.7","32.2","4998.5","17.3","23.9","10.7"
"US1MIKN0068","KENTWOOD 1.8 SSE, MI US","42.8612","-85.5731","231.3","2020-05",,,,,,,
"US1MIKN0068","KENTWOOD 1.8 SSE, MI US","42.8612","-85.5731","231.3","2020-06",,,,,,,
"USC00208043","TAHQUAMENON FALLS S P, MI US","46.6013","-85.2238","227.1","2020-01","0.0","-16.1","2.2","2755.1","-4.7","-1.6","-7.8"
"USC00208043","TAHQUAMENON FALLS S P, MI US","46.6013","-85.2238","227.1","2020-02","0.0","-24.4","6.1","3501.9","-7.4","-2.3","-12.6"
"USC00208043","TAHQUAMENON FALLS S P, MI US","46.6013","-85.2238","227.1","2020-03","0.0","-17.8","9.4","4164.9","-3.1","2.6","-8.7"
"USC00208043","TAHQUAMENON FALLS S P, MI US","46.6013","-85.2238","227.1","2020-04","0.0","-10.6","16.1","4698.2","0.6","5.8","-4.7"
"USC00208043","TAHQUAMENON FALLS S P, MI US","46.6013","-85.2238","227.1","2020-05","12.3","-7.2","30.6","4987.5","9.4","16.1","2.7"
"USC00208043","TAHQUAMENON FALLS S P, MI US","46.6013","-85.2238","227.1","2020-06","26.5","2.8","31.1","5060.0","16.4","23.9","8.9"
"US1MIWS0049","CHELSEA 2.4 S, MI US","42.2808479","-84.03025","298.7","2020-04",,,,,,,
"US1MIWS0049","CHELSEA 2.4 S, MI US","42.2808479","-84.03025","298.7","2020-05",,,,,,,
"US1MIWS0049","CHELSEA 2.4 S, MI US","42.2808479","-84.03025","298.7","2020-06",,,,,,,
"US1MIKN0065","BELMONT 1.0 WNW, MI US","43.07895","-85.6282","239.3","2020-05",,,,,,,
"US1MIKN0065","BELMONT 1.0 WNW, MI US","43.07895","-85.6282","239.3","2020-06",,,,,,,
"USC00207070","ROCKFORD, MI US","43.1158","-85.5642","218.2","2020-01",,,,,,,
"USC00207070","ROCKFORD, MI US","43.1158","-85.5642","218.2","2020-02",,,,,,,
"USC00207070","ROCKFORD, MI US","43.1158","-85.5642","218.2","2020-03",,,,,,,
"USC00207070","ROCKFORD, MI US","43.1158","-85.5642","218.2","2020-04",,,,,,,
"USC00207070","ROCKFORD, MI US","43.1158","-85.5642","218.2","2020-05",,,,,,,
"USC00207070","ROCKFORD, MI US","43.1158","-85.5642","218.2","2020-06",,,,,,,
"US1MICN0013","BATTLE CREEK 0.5 N, MI US","42.3058263212442","-85.2300761640072","284.4","2020-01",,,,,,,
"US1MICN0013","BATTLE CREEK 0.5 N, MI US","42.3058263212442","-85.2300761640072","284.4","2020-02",,,,,,,
"US1MICN0013","BATTLE CREEK 0.5 N, MI US","42.3058263212442","-85.2300761640072","284.4","2020-03",,,,,,,
"US1MICN0013","BATTLE CREEK 0.5 N, MI US","42.3058263212442","-85.2300761640072","284.4","2020-04",,,,,,,
"US1MICN0013","BATTLE CREEK 0.5 N, MI US","42.3058263212442","-85.2300761640072","284.4","2020-05",,,,,,,
"US1MICN0013","BATTLE CREEK 0.5 N, MI US","42.3058263212442","-85.2300761640072","284.4","2020-06",,,,,,,
"USC00203823","HILLSDALE, MI US","41.9352","-84.6411","329.2","2020-01","0.0","-15.6","12.2","1982.9","-1.3","2.1","-4.6"
"USC00203823","HILLSDALE, MI US","41.9352","-84.6411","329.2","2020-02","0.0","-15.0","11.7","2592.4","-2.7","1.4","-6.8"
"USC00203823","HILLSDALE, MI US","41.9352","-84.6411","329.2","2020-03","0.0","-9.4","17.2","3047.5","3.6","8.6","-1.3"
"USC00203823","HILLSDALE, MI US","41.9352","-84.6411","329.2","2020-04","0.0","-6.1","22.8","3415.4","6.1","11.8","0.3"
"USC00203823","HILLSDALE, MI US","41.9352","-84.6411","329.2","2020-05","23.4","-3.3","31.1","3603.5","13.0","18.5","7.5"
"USC00203823","HILLSDALE, MI US","41.9352","-84.6411","329.2","2020-06","101.3","4.4","32.8","3625.2","20.2","26.9","13.5"
"US1MIKN0060","COMSTOCK PARK 3.7 NNE, MI US","43.09387","-85.642839","239.0","2020-01",,,,,,,
"US1MIKN0060","COMSTOCK PARK 3.7 NNE, MI US","43.09387","-85.642839","239.0","2020-02",,,,,,,
"US1MIKN0060","COMSTOCK PARK 3.7 NNE, MI US","43.09387","-85.642839","239.0","2020-03",,,,,,,
"US1MIKN0060","COMSTOCK PARK 3.7 NNE, MI US","43.09387","-85.642839","239.0","2020-04",,,,,,,
"US1MIKN0060","COMSTOCK PARK 3.7 NNE, MI US","43.09387","-85.642839","239.0","2020-05",,,,,,,
"US1MIKN0060","COMSTOCK PARK 3.7 NNE, MI US","43.09387","-85.642839","239.0","2020-06",,,,,,,
"US1MIAR0002","ALGER 2.4 ENE, MI US","44.1337316483259","-84.0743129700422","238.4","2020-01",,,,,,,
"US1MIAR0002","ALGER 2.4 ENE, MI US","44.1337316483259","-84.0743129700422","238.4","2020-02",,,,,,,
"US1MIAR0002","ALGER 2.4 ENE, MI US","44.1337316483259","-84.0743129700422","238.4","2020-03",,,,,,,
"US1MIAR0002","ALGER 2.4 ENE, MI US","44.1337316483259","-84.0743129700422","238.4","2020-04",,,,,,,
"US1MIAR0002","ALGER 2.4 ENE, MI US","44.1337316483259","-84.0743129700422","238.4","2020-05",,,,,,,
"US1MIAR0002","ALGER 2.4 ENE, MI US","44.1337316483259","-84.0743129700422","238.4","2020-06",,,,,,,
"USC00202851","FLINT 7 W, MI US","43.0377","-83.7694","207.0","2020-01","0.0","-16.7","10.6","2051.8","-1.4","1.7","-4.4"
"USC00202851","FLINT 7 W, MI US","43.0377","-83.7694","207.0","2020-02","0.0","-19.4","11.1","2673.2","-3.1","1.0","-7.2"
"USC00202851","FLINT 7 W, MI US","43.0377","-83.7694","207.0","2020-03","0.0","-8.3","16.7","3151.0","2.9","8.4","-2.6"
"USC00202851","FLINT 7 W, MI US","43.0377","-83.7694","207.0","2020-04","0.0","-6.1","21.1","3543.5","5.3","11.2","-0.7"
"USC00202851","FLINT 7 W, MI US","43.0377","-83.7694","207.0","2020-05","23.7","-3.3","31.7","3731.3","13.0","18.7","7.4"
"USC00202851","FLINT 7 W, MI US","43.0377","-83.7694","207.0","2020-06","95.5","4.4","32.2","3764.9","19.6","26.5","12.7"
"USC00200552","BATTLE CREEK 5 NW, MI US","42.3678","-85.2634","281.3","2020-01","0.0","-13.3","11.7","1864.4","-0.6","3.1","-4.3"
"USC00200552","BATTLE CREEK 5 NW, MI US","42.3678","-85.2634","281.3","2020-02","0.0","-17.8","12.2","2459.6","-2.2","2.6","-7.0"
"USC00200552","BATTLE CREEK 5 NW, MI US","42.3678","-85.2634","281.3","2020-03","0.0","-9.4","17.2","2891.9","4.4","9.2","-0.4"
"USC00200552","BATTLE CREEK 5 NW, MI US","42.3678","-85.2634","281.3","2020-04","0.0","-7.2","22.8","3198.2","8.1","13.5","2.7"
"USC00200552","BATTLE CREEK 5 NW, MI US","42.3678","-85.2634","281.3","2020-05","26.0","-6.7","32.2","3357.2","14.0","20.3","7.8"
"USC00200552","BATTLE CREEK 5 NW, MI US","42.3678","-85.2634","281.3","2020-06","117.3","3.9","33.3","3370.0","20.9","28.6","13.4"
"US1MIWS0042","ANN ARBOR 4.5 W, MI US","42.27814","-83.818844","278.6","2020-01",,,,,,,
"US1MIWS0042","ANN ARBOR 4.5 W, MI US","42.27814","-83.818844","278.6","2020-02",,,,,,,
"US1MIWS0042","ANN ARBOR 4.5 W, MI US","42.27814","-83.818844","278.6","2020-03",,,,,,,
"US1MIWS0042","ANN ARBOR 4.5 W, MI US","42.27814","-83.818844","278.6","2020-04",,,,,,,
"US1MIWS0042","ANN ARBOR 4.5 W, MI US","42.27814","-83.818844","278.6","2020-05",,,,,,,
"US1MIWS0042","ANN ARBOR 4.5 W, MI US","42.27814","-83.818844","278.6","2020-06",,,,,,,
"USC00201522","CHESANING, MI US","43.1936","-84.1113","189.0","2020-01",,,,,,,
"USC00201522","CHESANING, MI US","43.1936","-84.1113","189.0","2020-02",,,,,,,
"USC00201522","CHESANING, MI US","43.1936","-84.1113","189.0","2020-03",,,,,,,
"USC00201522","CHESANING, MI US","43.1936","-84.1113","189.0","2020-04",,,,,,,
"USC00201522","CHESANING, MI US","43.1936","-84.1113","189.0","2020-05",,,,,,,
"USC00201522","CHESANING, MI US","43.1936","-84.1113","189.0","2020-06",,,,,,,
"US1MIWS0041","ANN ARBOR 7.1 W, MI US","42.2639","-83.8694","273.7","2020-01",,,,,,,
"US1MIWS0041","ANN ARBOR 7.1 W, MI US","42.2639","-83.8694","273.7","2020-02",,,,,,,
"US1MIWS0041","ANN ARBOR 7.1 W, MI US","42.2639","-83.8694","273.7","2020-03",,,,,,,
"US1MIWS0041","ANN ARBOR 7.1 W, MI US","42.2639","-83.8694","273.7","2020-04",,,,,,,
"US1MIWS0041","ANN ARBOR 7.1 W, MI US","42.2639","-83.8694","273.7","2020-05",,,,,,,
"US1MIWS0041","ANN ARBOR 7.1 W, MI US","42.2639","-83.8694","273.7","2020-06",,,,,,,
"USW00094814","HOUGHTON LAKE ROSCOMMON CO AIRPORT, MI US","44.35904","-84.6739","350.6","2020-01","0.0","-22.1","6.7","2371.3","-3.0","-0.2","-5.8"
"USW00094814","HOUGHTON LAKE ROSCOMMON CO AIRPORT, MI US","44.35904","-84.6739","350.6","2020-02","0.0","-23.2","6.7","3067.2","-5.7","-1.1","-10.2"
"USW00094814","HOUGHTON LAKE ROSCOMMON CO AIRPORT, MI US","44.35904","-84.6739","350.6","2020-03","0.0","-14.9","13.3","3606.0","0.9","6.0","-4.1"
"USW00094814","HOUGHTON LAKE ROSCOMMON CO AIRPORT, MI US","44.35904","-84.6739","350.6","2020-04","0.0","-5.5","18.3","4027.0","4.3","9.9","-1.2"
"USW00094814","HOUGHTON LAKE ROSCOMMON CO AIRPORT, MI US","44.35904","-84.6739","350.6","2020-05","20.3","-5.5","31.1","4255.0","11.6","18.0","5.3"
"USW00094814","HOUGHTON LAKE ROSCOMMON CO AIRPORT, MI US","44.35904","-84.6739","350.6","2020-06","68.6","1.1","32.2","4297.4","18.5","26.5","10.5"
"USW00094815","KALAMAZOO BATTLE CREEK INTERNATIONAL AIRPORT, MI US","42.22826","-85.546","263.3","2020-01","0.0","-13.8","12.8","1848.3","-0.1","3.0","-3.1"
"USW00094815","KALAMAZOO BATTLE CREEK INTERNATIONAL AIRPORT, MI US","42.22826","-85.546","263.3","2020-02","0.0","-15.5","11.7","2435.4","-1.9","1.9","-5.8"
"USW00094815","KALAMAZOO BATTLE CREEK INTERNATIONAL AIRPORT, MI US","42.22826","-85.546","263.3","2020-03","0.0","-7.7","17.2","2863.9","4.5","9.4","-0.4"
"USW00094815","KALAMAZOO BATTLE CREEK INTERNATIONAL AIRPORT, MI US","42.22826","-85.546","263.3","2020-04","0.0","-5.5","24.4","3192.6","7.4","12.9","1.9"
"USW00094815","KALAMAZOO BATTLE CREEK INTERNATIONAL AIRPORT, MI US","42.22826","-85.546","263.3","2020-05","28.9","-4.3","31.7","3344.9","14.4","19.9","8.8"
"USW00094815","KALAMAZOO BATTLE CREEK INTERNATIONAL AIRPORT, MI US","42.22826","-85.546","263.3","2020-06","138.5","6.7","33.9","3355.1","21.6","28.6","14.7"
"US1MIKN0077","COMSTOCK PARK 1.0 NNW, MI US","43.057961","-85.680295","227.7","2020-06",,,,,,,
"USW00094817","PONTIAC OAKLAND CO INTERNATIONAL AIRPORT, MI US","42.66314","-83.41016","295.4","2020-01","0.0","-13.8","11.7","1943.4","-0.9","2.3","-4.0"
"USW00094817","PONTIAC OAKLAND CO INTERNATIONAL AIRPORT, MI US","42.66314","-83.41016","295.4","2020-02","0.0","-18.8","10.0","2553.4","-2.7","1.0","-6.4"
"USW00094817","PONTIAC OAKLAND CO INTERNATIONAL AIRPORT, MI US","42.66314","-83.41016","295.4","2020-03","0.0","-8.2","16.7","2998.0","4.0","8.9","-0.9"
"USW00094817","PONTIAC OAKLAND CO INTERNATIONAL AIRPORT, MI US","42.66314","-83.41016","295.4","2020-04","0.0","-4.3","20.6","3349.1","6.6","12.0","1.2"
"USW00094817","PONTIAC OAKLAND CO INTERNATIONAL AIRPORT, MI US","42.66314","-83.41016","295.4","2020-05","25.3","-2.1","31.1","3524.3","13.5","18.7","8.3"
"USW00094817","PONTIAC OAKLAND CO INTERNATIONAL AIRPORT, MI US","42.66314","-83.41016","295.4","2020-06","118.0","7.2","33.3","3542.3","20.8","27.6","14.1"
"US1MIWS0051","SALINE 2.7 SSW, MI US","42.1389363","-83.7970346","243.2","2020-01",,,,,,,
"US1MIWS0051","SALINE 2.7 SSW, MI US","42.1389363","-83.7970346","243.2","2020-03",,,,,,,
"US1MIWS0051","SALINE 2.7 SSW, MI US","42.1389363","-83.7970346","243.2","2020-04",,,,,,,
"US1MIWS0051","SALINE 2.7 SSW, MI US","42.1389363","-83.7970346","243.2","2020-05",,,,,,,
"US1MIWS0051","SALINE 2.7 SSW, MI US","42.1389363","-83.7970346","243.2","2020-06",,,,,,,
"US1MIWS0050","YPSILANTI 2.3 E, MI US","42.241871","-83.576647","225.9","2020-05",,,,,,,
"US1MIWS0050","YPSILANTI 2.3 E, MI US","42.241871","-83.576647","225.9","2020-06",,,,,,,
"US1MIMB0033","ROSEVILLE 1.7 ENE, MI US","42.5147724151611","-82.9042267799377","180.4","2020-01",,,,,,,
"US1MIMB0033","ROSEVILLE 1.7 ENE, MI US","42.5147724151611","-82.9042267799377","180.4","2020-02",,,,,,,
"US1MIMB0033","ROSEVILLE 1.7 ENE, MI US","42.5147724151611","-82.9042267799377","180.4","2020-03",,,,,,,
"US1MIMB0033","ROSEVILLE 1.7 ENE, MI US","42.5147724151611","-82.9042267799377","180.4","2020-04",,,,,,,
"US1MIMB0033","ROSEVILLE 1.7 ENE, MI US","42.5147724151611","-82.9042267799377","180.4","2020-05",,,,,,,
"US1MIMB0033","ROSEVILLE 1.7 ENE, MI US","42.5147724151611","-82.9042267799377","180.4","2020-06",,,,,,,
"USC00204808","LEXINGTON WATER PLANT, MI US","43.26319","-82.5327","189.6","2020-01","0.0","-11.1","10.0","1885.6","-0.9","1.8","-3.6"
"USC00204808","LEXINGTON WATER PLANT, MI US","43.26319","-82.5327","189.6","2020-02","0.0","-17.8","10.0","2473.5","-2.7","1.2","-6.6"
"USC00204808","LEXINGTON WATER PLANT, MI US","43.26319","-82.5327","189.6","2020-03","0.0","-8.3","18.3","2959.4","2.7","7.2","-1.9"
"USC00204808","LEXINGTON WATER PLANT, MI US","43.26319","-82.5327","189.6","2020-04","0.0","-5.0","17.2","3363.0","4.4","9.3","-0.5"
"USC00204808","LEXINGTON WATER PLANT, MI US","43.26319","-82.5327","189.6","2020-05","17.2","-4.4","29.4","3594.6","10.7","15.2","6.1"
"USC00204808","LEXINGTON WATER PLANT, MI US","43.26319","-82.5327","189.6","2020-06","61.2","5.0","31.7","3647.5","18.0","23.6","12.5"
"US1MIMB0030","SHELBY 2.6 SW, MI US","42.64333333","-83.06916667","215.2","2020-04",,,,,,,
"US1MIMB0030","SHELBY 2.6 SW, MI US","42.64333333","-83.06916667","215.2","2020-05",,,,,,,
"US1MIMB0030","SHELBY 2.6 SW, MI US","42.64333333","-83.06916667","215.2","2020-06",,,,,,,
"US1MIWS0054","YPSILANTI 2.5 SSE, MI US","42.21244","-83.599173","224.0","2020-04",,,,,,,
"US1MIWS0054","YPSILANTI 2.5 SSE, MI US","42.21244","-83.599173","224.0","2020-05",,,,,,,
"US1MIWS0054","YPSILANTI 2.5 SSE, MI US","42.21244","-83.599173","224.0","2020-06",,,,,,,
"US1MIWS0053","CHELSEA 3.7 NNE, MI US","42.3636","-83.9933","288.3","2020-01",,,,,,,
"US1MIWS0053","CHELSEA 3.7 NNE, MI US","42.3636","-83.9933","288.3","2020-02",,,,,,,
"US1MIWS0053","CHELSEA 3.7 NNE, MI US","42.3636","-83.9933","288.3","2020-03",,,,,,,
"US1MIWS0053","CHELSEA 3.7 NNE, MI US","42.3636","-83.9933","288.3","2020-04",,,,,,,
"US1MIWS0053","CHELSEA 3.7 NNE, MI US","42.3636","-83.9933","288.3","2020-05",,,,,,,
"US1MIWS0053","CHELSEA 3.7 NNE, MI US","42.3636","-83.9933","288.3","2020-06",,,,,,,
"USC00201896","CROSS VILLAGE 1 E, MI US","45.6413","-85.0141","219.8","2020-01","0.0","-15.0","7.2",,"-2.6","0.0","-5.3"
"USC00201896","CROSS VILLAGE 1 E, MI US","45.6413","-85.0141","219.8","2020-02","0.0","-19.4","7.2",,"-5.2","-1.0","-9.4"
"USC00201896","CROSS VILLAGE 1 E, MI US","45.6413","-85.0141","219.8","2020-03","0.0","-13.3","12.8",,"0.2","4.4","-3.9"
"USC00201896","CROSS VILLAGE 1 E, MI US","45.6413","-85.0141","219.8","2020-04","0.0","-6.1","16.7",,"3.2","7.7","-1.3"
"USC00201896","CROSS VILLAGE 1 E, MI US","45.6413","-85.0141","219.8","2020-05","11.4","-4.4","28.9",,"10.1","15.5","4.7"
"USC00201896","CROSS VILLAGE 1 E, MI US","45.6413","-85.0141","219.8","2020-06","34.2","3.3","28.3",,"16.6","21.8","11.4"
"USC00202984","FRANKFORT 2 NE, MI US","44.64822","-86.20986","289.0","2020-02",,"-13.3","5.0",,"-3.1","-0.3","-5.9"
"USC00202984","FRANKFORT 2 NE, MI US","44.64822","-86.20986","289.0","2020-03",,"-7.2","11.1",,"2.1","5.6","-1.5"
"USC00202984","FRANKFORT 2 NE, MI US","44.64822","-86.20986","289.0","2020-04",,"-5.0","18.9",,"4.7","9.2","0.3"
"USC00202984","FRANKFORT 2 NE, MI US","44.64822","-86.20986","289.0","2020-05",,"-2.8","28.9",,"11.6","16.3","7.0"
"USC00202984","FRANKFORT 2 NE, MI US","44.64822","-86.20986","289.0","2020-06",,"5.6","31.1",,"19.1","24.5","13.6"
"USR0000MRAC","RACO MICHIGAN, MI US","46.25","-84.5833","274.3","2020-01","0.0","-15.6","2.8","2706.1","-4.7","-1.9","-7.4"
"USR0000MRAC","RACO MICHIGAN, MI US","46.25","-84.5833","274.3","2020-02","0.0","-26.7","5.6","3378.9","-6.7","-1.8","-11.6"
"USR0000MRAC","RACO MICHIGAN, MI US","46.25","-84.5833","274.3","2020-03","0.0","-20.0","10.0","4011.1","-2.1","3.7","-7.8"
"USR0000MRAC","RACO MICHIGAN, MI US","46.25","-84.5833","274.3","2020-04","0.0","-14.4","15.0","4531.1","1.0","7.0","-5.0"
"USR0000MRAC","RACO MICHIGAN, MI US","46.25","-84.5833","274.3","2020-05","12.8","-11.1","31.1","4822.4","9.4","16.0","2.7"
"USR0000MRAC","RACO MICHIGAN, MI US","46.25","-84.5833","274.3","2020-06","29.5","0.0","31.1","4912.1","15.9","23.4","8.4"
"USC00208184","THREE RIVERS, MI US","41.9299","-85.6385","246.9","2020-01","0.0","-15.6","12.8","1958.5","-0.7","2.6","-4.1"
"USC00208184","THREE RIVERS, MI US","41.9299","-85.6385","246.9","2020-02","0.0","-15.6","12.8","2547.4","-2.0","1.8","-5.8"
"USC00208184","THREE RIVERS, MI US","41.9299","-85.6385","246.9","2020-03","0.0","-7.2","17.2","2999.8","3.7","8.7","-1.2"
"USC00208184","THREE RIVERS, MI US","41.9299","-85.6385","246.9","2020-04","0.0","-5.6","23.9","3359.4","6.4","11.8","0.9"
"USC00208184","THREE RIVERS, MI US","41.9299","-85.6385","246.9","2020-05","26.4","-3.9","31.1","3538.4","13.4","18.7","8.1"
"USC00208184","THREE RIVERS, MI US","41.9299","-85.6385","246.9","2020-06","115.4","6.1","32.8","3557.8","20.6","27.2","14.1"
"US1MIGT0001","TRAVERSE CITY 4.1 E, MI US","44.746623","-85.519284","195.4","2020-05",,,,,,,
"US1MIGT0001","TRAVERSE CITY 4.1 E, MI US","44.746623","-85.519284","195.4","2020-06",,,,,,,
"US1MIKN0086","GRAND RAPIDS 5.5 SSE, MI US","42.891167","-85.60239","234.4","2020-04",,,,,,,
"US1MIKN0086","GRAND RAPIDS 5.5 SSE, MI US","42.891167","-85.60239","234.4","2020-05",,,,,,,
"US1MIKN0086","GRAND RAPIDS 5.5 SSE, MI US","42.891167","-85.60239","234.4","2020-06",,,,,,,
"US1MIWS0028","DEXTER 0.3 ENE, MI US","42.333667755127","-83.875129699707","274.0","2020-02",,,,,,,
"US1MIWS0028","DEXTER 0.3 ENE, MI US","42.333667755127","-83.875129699707","274.0","2020-03",,,,,,,
"US1MIWS0028","DEXTER 0.3 ENE, MI US","42.333667755127","-83.875129699707","274.0","2020-04",,,,,,,
"US1MIWS0028","DEXTER 0.3 ENE, MI US","42.333667755127","-83.875129699707","274.0","2020-05",,,,,,,
"US1MIWS0028","DEXTER 0.3 ENE, MI US","42.333667755127","-83.875129699707","274.0","2020-06",,,,,,,
"US1MIHL0012","JONESVILLE 0.2 WSW, MI US","41.97964","-84.6696","334.1","2020-06",,,,,,,
"US1MIHL0013","OSSEO 2.7 NE, MI US","41.900713","-84.493602","356.6","2020-06",,,,,,,
"US1MIHR0002","BAD AXE 0.5 SSW, MI US","43.796139","-82.999626","228.0","2020-05",,,,,,,
"US1MIHR0002","BAD AXE 0.5 SSW, MI US","43.796139","-82.999626","228.0","2020-06",,,,,,,
"USR0000MBAL","BALDWIN MICHIGAN, MI US","43.8933","-85.8506","253.6","2020-01","0.0","-18.3","8.9","2287.4","-2.2","1.2","-5.7"
"USR0000MBAL","BALDWIN MICHIGAN, MI US","43.8933","-85.8506","253.6","2020-02","0.0","-22.2","8.3","2970.4","-5.2","0.6","-11.0"
"USR0000MBAL","BALDWIN MICHIGAN, MI US","43.8933","-85.8506","253.6","2020-03","0.0","-11.7","15.0","3479.6","1.9","7.4","-3.6"
"USR0000MBAL","BALDWIN MICHIGAN, MI US","43.8933","-85.8506","253.6","2020-04","0.0","-11.7","21.1","3898.0","4.4","11.6","-2.8"
"USR0000MBAL","BALDWIN MICHIGAN, MI US","43.8933","-85.8506","253.6","2020-05","18.0","-9.4","31.1","4112.3","12.0","19.0","5.0"
"USR0000MBAL","BALDWIN MICHIGAN, MI US","43.8933","-85.8506","253.6","2020-06","69.7","0.6","33.3","4154.2","18.7","27.6","9.8"
"US1MIGN0022","GRAND BLANC 2.9 SE, MI US","42.8908670693636","-83.585834428668","283.8","2020-04",,,,,,,
"US1MIGN0022","GRAND BLANC 2.9 SE, MI US","42.8908670693636","-83.585834428668","283.8","2020-05",,,,,,,
"US1MIGN0022","GRAND BLANC 2.9 SE, MI US","42.8908670693636","-83.585834428668","283.8","2020-06",,,,,,,
"US1MIKN0084","GRAND RAPIDS 4.6 ESE, MI US","42.9281463623047","-85.5768508911133","239.6","2020-05",,,,,,,
"US1MIKN0084","GRAND RAPIDS 4.6 ESE, MI US","42.9281463623047","-85.5768508911133","239.6","2020-06",,,,,,,
"USC00201780","COPPER HARBOR FORT WILKINS, MI US","47.4679","-87.8671","190.5","2020-01",,,,,,,
"US1MIWS0025","SALINE 3.8 SSW, MI US","42.12618","-83.81094","249.9","2020-02",,,,,,,
"US1MIWS0025","SALINE 3.8 SSW, MI US","42.12618","-83.81094","249.9","2020-03",,,,,,,
"US1MIWS0025","SALINE 3.8 SSW, MI US","42.12618","-83.81094","249.9","2020-04",,,,,,,
"US1MIWS0025","SALINE 3.8 SSW, MI US","42.12618","-83.81094","249.9","2020-05",,,,,,,
"US1MIWS0025","SALINE 3.8 SSW, MI US","42.12618","-83.81094","249.9","2020-06",,,,,,,
"US1MIMB0009","NEW BALTIMORE 0.4 SSE, MI US","42.677025","-82.735671","175.0","2020-01",,,,,,,
"US1MIMB0009","NEW BALTIMORE 0.4 SSE, MI US","42.677025","-82.735671","175.0","2020-02",,,,,,,
"US1MIMB0009","NEW BALTIMORE 0.4 SSE, MI US","42.677025","-82.735671","175.0","2020-03",,,,,,,
"US1MIMB0009","NEW BALTIMORE 0.4 SSE, MI US","42.677025","-82.735671","175.0","2020-04",,,,,,,
"US1MIMB0009","NEW BALTIMORE 0.4 SSE, MI US","42.677025","-82.735671","175.0","2020-05",,,,,,,
"US1MIMB0009","NEW BALTIMORE 0.4 SSE, MI US","42.677025","-82.735671","175.0","2020-06",,,,,,,
"US1MIMB0007","SHELBY 0.4 SSE, MI US","42.665936","-83.028694","207.3","2020-01",,,,,,,
"US1MIMB0007","SHELBY 0.4 SSE, MI US","42.665936","-83.028694","207.3","2020-02",,,,,,,
"US1MIMB0007","SHELBY 0.4 SSE, MI US","42.665936","-83.028694","207.3","2020-03",,,,,,,
"US1MIMB0007","SHELBY 0.4 SSE, MI US","42.665936","-83.028694","207.3","2020-04",,,,,,,
"US1MIMB0007","SHELBY 0.4 SSE, MI US","42.665936","-83.028694","207.3","2020-05",,,,,,,
"US1MIMB0007","SHELBY 0.4 SSE, MI US","42.665936","-83.028694","207.3","2020-06",,,,,,,
"US1MIGN0029","DAVISON 5.2 N, MI US","43.1077855","-83.5113726","234.7","2020-01",,,,,,,
"US1MIGN0029","DAVISON 5.2 N, MI US","43.1077855","-83.5113726","234.7","2020-02",,,,,,,
"US1MIGN0029","DAVISON 5.2 N, MI US","43.1077855","-83.5113726","234.7","2020-03",,,,,,,
"US1MIGN0029","DAVISON 5.2 N, MI US","43.1077855","-83.5113726","234.7","2020-04",,,,,,,
"US1MIGN0029","DAVISON 5.2 N, MI US","43.1077855","-83.5113726","234.7","2020-05",,,,,,,
"US1MIGN0029","DAVISON 5.2 N, MI US","43.1077855","-83.5113726","234.7","2020-06",,,,,,,
"US1MIWS0039","DEXTER 0.9 NW, MI US","42.3404","-83.8916","261.8","2020-02",,,,,,,
"US1MIWS0039","DEXTER 0.9 NW, MI US","42.3404","-83.8916","261.8","2020-04",,,,,,,
"USC00203858","HOLLAND WTP, MI US","42.7989","-86.20635","184.4","2020-03",,,,,,,
"USC00203858","HOLLAND WTP, MI US","42.7989","-86.20635","184.4","2020-04",,,,,,,
"USC00203858","HOLLAND WTP, MI US","42.7989","-86.20635","184.4","2020-05",,,,,,,
"USC00203858","HOLLAND WTP, MI US","42.7989","-86.20635","184.4","2020-06",,,,,,,
"USC00201435","CLARKSBURG, MI US","46.49909","-87.84506","473.7","2020-01","0.0","-24.4","1.1","2974.7","-7.4","-3.2","-11.7"
"USC00201435","CLARKSBURG, MI US","46.49909","-87.84506","473.7","2020-02","0.0","-31.1","10.6","3796.3","-10.0","-2.6","-17.4"
"USC00201435","CLARKSBURG, MI US","46.49909","-87.84506","473.7","2020-03","0.0","-24.4","13.9","4466.4","-3.3","3.7","-10.3"
"USC00201435","CLARKSBURG, MI US","46.49909","-87.84506","473.7","2020-04","0.0","-18.3","16.1","5018.6","-0.1","7.4","-7.6"
"USC00201435","CLARKSBURG, MI US","46.49909","-87.84506","473.7","2020-05","14.2","-6.7","30.6","5319.7","9.1","16.7","1.5"
"USC00201435","CLARKSBURG, MI US","46.49909","-87.84506","473.7","2020-06","34.8","-1.7","31.7","5412.9","15.9","24.9","7.0"
"USC00200106","ALGONAC WWTP, MI US","42.6158","-82.5436","178.3","2020-01","0.0","-11.1","10.0","1872.6","-0.1","3.9","-4.2"
"USC00200106","ALGONAC WWTP, MI US","42.6158","-82.5436","178.3","2020-02","0.0","-16.7","10.0","2458.8","-1.9","2.6","-6.3"
"USC00200106","ALGONAC WWTP, MI US","42.6158","-82.5436","178.3","2020-03","0.0","-8.3","16.7","2892.7","3.4","9.1","-2.4"
"USC00200106","ALGONAC WWTP, MI US","42.6158","-82.5436","178.3","2020-05",,"-3.3","32.2",,"13.6","19.9","7.4"
"USC00200106","ALGONAC WWTP, MI US","42.6158","-82.5436","178.3","2020-06",,"7.8","33.9",,"21.1","28.9","13.3"
"USC00204944","LOWELL, MI US","42.92793","-85.34013","199.9","2020-01",,,,,,,
"USC00204944","LOWELL, MI US","42.92793","-85.34013","199.9","2020-02",,,,,,,
"USC00204944","LOWELL, MI US","42.92793","-85.34013","199.9","2020-03",,,,,,,
"USC00204944","LOWELL, MI US","42.92793","-85.34013","199.9","2020-04",,,,,,,
"USC00204944","LOWELL, MI US","42.92793","-85.34013","199.9","2020-05",,,,,,,
"USC00204944","LOWELL, MI US","42.92793","-85.34013","199.9","2020-06",,,,,,,
"USC00200228","ANN ARBOR SE, MI US","42.2416","-83.6933","253.6","2020-01","0.0","-13.3","12.2","1947.6","-0.9","2.7","-4.5"
"USC00200228","ANN ARBOR SE, MI US","42.2416","-83.6933","253.6","2020-02","0.0","-17.2","12.2","2547.8","-2.4","2.4","-7.1"
"USC00200228","ANN ARBOR SE, MI US","42.2416","-83.6933","253.6","2020-03","0.0","-10.6","16.7","3001.8","3.7","9.6","-2.3"
"USC00200228","ANN ARBOR SE, MI US","42.2416","-83.6933","253.6","2020-04","0.0","-6.7","22.2","3369.6","6.1","12.6","-0.5"
"USC00200228","ANN ARBOR SE, MI US","42.2416","-83.6933","253.6","2020-05","25.6","-3.3","32.2","3543.3","13.6","19.4","7.7"
"USC00200228","ANN ARBOR SE, MI US","42.2416","-83.6933","253.6","2020-06","100.4","3.9","32.8","3568.2","20.0","27.5","12.4"
"US1MIWS0037","PLYMOUTH 6.3 W, MI US","42.382058","-83.589714","276.8","2020-02",,,,,,,
"US1MIWS0037","PLYMOUTH 6.3 W, MI US","42.382058","-83.589714","276.8","2020-03",,,,,,,
"US1MIWS0037","PLYMOUTH 6.3 W, MI US","42.382058","-83.589714","276.8","2020-04",,,,,,,
"US1MIWS0037","PLYMOUTH 6.3 W, MI US","42.382058","-83.589714","276.8","2020-05",,,,,,,
"US1MIWS0037","PLYMOUTH 6.3 W, MI US","42.382058","-83.589714","276.8","2020-06",,,,,,,
"US1MIWY0125","CANTON 2.7 N, MI US","42.347327","-83.472867","210.6","2020-01",,,,,,,
"US1MIWY0125","CANTON 2.7 N, MI US","42.347327","-83.472867","210.6","2020-02",,,,,,,
"US1MIWY0125","CANTON 2.7 N, MI US","42.347327","-83.472867","210.6","2020-03",,,,,,,
"US1MIWY0125","CANTON 2.7 N, MI US","42.347327","-83.472867","210.6","2020-04",,,,,,,
"US1MIWY0125","CANTON 2.7 N, MI US","42.347327","-83.472867","210.6","2020-05",,,,,,,
"US1MIKN0096","LOWELL 3.5 SSW, MI US","42.8855","-85.36715","255.7","2020-05",,,,,,,
"US1MIKN0096","LOWELL 3.5 SSW, MI US","42.8855","-85.36715","255.7","2020-06",,,,,,,
"US1MIKN0093","GRANDVILLE 0.6 SSW, MI US","42.89531","-85.76006","192.0","2020-01",,,,,,,
"US1MIKN0093","GRANDVILLE 0.6 SSW, MI US","42.89531","-85.76006","192.0","2020-02",,,,,,,
"US1MIKN0093","GRANDVILLE 0.6 SSW, MI US","42.89531","-85.76006","192.0","2020-03",,,,,,,
"US1MIKN0093","GRANDVILLE 0.6 SSW, MI US","42.89531","-85.76006","192.0","2020-04",,,,,,,
"US1MIKN0093","GRANDVILLE 0.6 SSW, MI US","42.89531","-85.76006","192.0","2020-05",,,,,,,
"US1MIKN0093","GRANDVILLE 0.6 SSW, MI US","42.89531","-85.76006","192.0","2020-06",,,,,,,
"US1MIKN0094","CALEDONIA 2.6 NNW, MI US","42.82742","-85.534945","250.9","2020-01",,,,,,,
"US1MIKN0094","CALEDONIA 2.6 NNW, MI US","42.82742","-85.534945","250.9","2020-02",,,,,,,
"US1MIKN0094","CALEDONIA 2.6 NNW, MI US","42.82742","-85.534945","250.9","2020-03",,,,,,,
"US1MIKN0094","CALEDONIA 2.6 NNW, MI US","42.82742","-85.534945","250.9","2020-04",,,,,,,
"US1MIKN0094","CALEDONIA 2.6 NNW, MI US","42.82742","-85.534945","250.9","2020-05",,,,,,,
"US1MIKN0094","CALEDONIA 2.6 NNW, MI US","42.82742","-85.534945","250.9","2020-06",,,,,,,
"USC00200342","ATLANTA, MI US","45.00471","-84.14043","267.9","2020-01","0.0","-21.1","6.7","2480.6","-3.5","-0.5","-6.6"
"USC00200342","ATLANTA, MI US","45.00471","-84.14043","267.9","2020-02","0.0","-23.3","9.4","3189.8","-6.1","-1.3","-10.9"
"USC00200342","ATLANTA, MI US","45.00471","-84.14043","267.9","2020-03","0.0","-15.6","14.4","3762.8","-0.1","5.4","-5.7"
"USC00200342","ATLANTA, MI US","45.00471","-84.14043","267.9","2020-04","0.0","-7.8","16.7","4206.9","3.5","9.6","-2.5"
"USC00200342","ATLANTA, MI US","45.00471","-84.14043","267.9","2020-05","20.5","-6.1","32.8","4449.1","11.2","17.6","4.8"
"USC00200342","ATLANTA, MI US","45.00471","-84.14043","267.9","2020-06","70.6","1.1","32.2","4501.3","18.3","26.2","10.3"
"US1MIKN0092","KENTWOOD 1.7 SSE, MI US","42.85995","-85.57959","224.0","2020-04",,,,,,,
"US1MIKN0092","KENTWOOD 1.7 SSE, MI US","42.85995","-85.57959","224.0","2020-05",,,,,,,
"US1MIKN0092","KENTWOOD 1.7 SSE, MI US","42.85995","-85.57959","224.0","2020-06",,,,,,,
"US1MIMB0016","CLINTON 2.3 N, MI US","42.620776","-82.920468","181.4","2020-03",,,,,,,
"US1MIMB0016","CLINTON 2.3 N, MI US","42.620776","-82.920468","181.4","2020-04",,,,,,,
"US1MIMB0016","CLINTON 2.3 N, MI US","42.620776","-82.920468","181.4","2020-05",,,,,,,
"US1MIWS0031","DEXTER 2.2 SE, MI US","42.304488","-83.855344","285.6","2020-01",,,,,,,
"US1MIWS0031","DEXTER 2.2 SE, MI US","42.304488","-83.855344","285.6","2020-02",,,,,,,
"US1MIWS0031","DEXTER 2.2 SE, MI US","42.304488","-83.855344","285.6","2020-03",,,,,,,
"US1MIWS0031","DEXTER 2.2 SE, MI US","42.304488","-83.855344","285.6","2020-04",,,,,,,
"US1MIWS0031","DEXTER 2.2 SE, MI US","42.304488","-83.855344","285.6","2020-05",,,,,,,
"US1MIWS0031","DEXTER 2.2 SE, MI US","42.304488","-83.855344","285.6","2020-06",,,,,,,
"USC00201675","COLDWATER ST SCHOOL, MI US","41.9622","-84.9925","299.9","2020-01","0.0","-15.6","12.8","2034.8","-1.1","2.1","-4.3"
"USC00201675","COLDWATER ST SCHOOL, MI US","41.9622","-84.9925","299.9","2020-02","0.0","-15.0","11.7","2644.2","-2.7","1.8","-7.2"
"USC00201675","COLDWATER ST SCHOOL, MI US","41.9622","-84.9925","299.9","2020-03","0.0","-7.2","16.7","3099.7","3.6","8.5","-1.2"
"USC00201675","COLDWATER ST SCHOOL, MI US","41.9622","-84.9925","299.9","2020-04","0.0","-6.1","22.2","3471.1","5.9","11.8","0.1"
"USC00201675","COLDWATER ST SCHOOL, MI US","41.9622","-84.9925","299.9","2020-05","22.5","-3.3","30.0","3658.5","13.0","18.5","7.5"
"USC00201675","COLDWATER ST SCHOOL, MI US","41.9622","-84.9925","299.9","2020-06","102.9","6.7","32.8","3675.8","20.4","27.1","13.8"
"US1MIGT0021","KINGSLEY 2.7 ENE, MI US","44.59871667","-85.48426667","281.3","2020-01",,,,,,,
"US1MIGT0021","KINGSLEY 2.7 ENE, MI US","44.59871667","-85.48426667","281.3","2020-02",,,,,,,
"US1MIGT0021","KINGSLEY 2.7 ENE, MI US","44.59871667","-85.48426667","281.3","2020-03",,,,,,,
"US1MIGT0021","KINGSLEY 2.7 ENE, MI US","44.59871667","-85.48426667","281.3","2020-04",,,,,,,
"US1MIGT0021","KINGSLEY 2.7 ENE, MI US","44.59871667","-85.48426667","281.3","2020-05",,,,,,,
"US1MIGT0021","KINGSLEY 2.7 ENE, MI US","44.59871667","-85.48426667","281.3","2020-06",,,,,,,
"US1MIOK0119","WIXOM 2.0 NNW, MI US","42.550782","-83.551323","292.0","2020-01",,,,,,,
"US1MIOK0119","WIXOM 2.0 NNW, MI US","42.550782","-83.551323","292.0","2020-02",,,,,,,
"US1MIOK0119","WIXOM 2.0 NNW, MI US","42.550782","-83.551323","292.0","2020-03",,,,,,,
"US1MIOK0119","WIXOM 2.0 NNW, MI US","42.550782","-83.551323","292.0","2020-04",,,,,,,
"US1MIOK0119","WIXOM 2.0 NNW, MI US","42.550782","-83.551323","292.0","2020-05",,,,,,,
"US1MIOK0119","WIXOM 2.0 NNW, MI US","42.550782","-83.551323","292.0","2020-06",,,,,,,
"US1MIOK0116","SOUTH LYON 3.7 N, MI US","42.5149152","-83.649561","289.3","2020-05",,,,,,,
"US1MIOK0116","SOUTH LYON 3.7 N, MI US","42.5149152","-83.649561","289.3","2020-06",,,,,,,
"USC00208080","TECUMSEH, MI US","42.0027","-83.9336","237.7","2020-01","0.0","-12.2","13.3","1849.0","-1.1","3.5","-5.7"
"USC00208080","TECUMSEH, MI US","42.0027","-83.9336","237.7","2020-02","0.0","-16.7","11.7","2457.6","-2.6","3.1","-8.4"
"USC00208080","TECUMSEH, MI US","42.0027","-83.9336","237.7","2020-03","0.0","-11.7","16.7","2893.5","3.3","9.9","-3.2"
"USC00208080","TECUMSEH, MI US","42.0027","-83.9336","237.7","2020-04","0.0","-7.8","23.3","3204.1","6.4","13.9","-1.1"
"USC00208080","TECUMSEH, MI US","42.0027","-83.9336","237.7","2020-05","16.4","-3.9","32.8","3385.7","12.0","18.9","5.1"
"USC00208080","TECUMSEH, MI US","42.0027","-83.9336","237.7","2020-06","85.8","3.3","33.9","3407.0","20.0","28.4","11.6"
"USC00204958","LUDINGTON STATE PARK, MI US","44.0334","-86.5043","179.2","2020-04",,,,,,,
"USC00204958","LUDINGTON STATE PARK, MI US","44.0334","-86.5043","179.2","2020-06",,,,,,,
"US1MIOK0112","TROY 2.8 W, MI US","42.57358","-83.19643","242.3","2020-01",,,,,,,
"US1MIOK0112","TROY 2.8 W, MI US","42.57358","-83.19643","242.3","2020-02",,,,,,,
"US1MIOK0112","TROY 2.8 W, MI US","42.57358","-83.19643","242.3","2020-03",,,,,,,
"US1MIOK0112","TROY 2.8 W, MI US","42.57358","-83.19643","242.3","2020-04",,,,,,,
"US1MIOK0112","TROY 2.8 W, MI US","42.57358","-83.19643","242.3","2020-05",,,,,,,
"USC00203504","GULL LAKE BIOLOGICAL STATION, MI US","42.3941","-85.385","281.9","2020-01",,,,,,,
"USC00203504","GULL LAKE BIOLOGICAL STATION, MI US","42.3941","-85.385","281.9","2020-03",,,,,,,
"USC00203504","GULL LAKE BIOLOGICAL STATION, MI US","42.3941","-85.385","281.9","2020-04",,,,,,,
"USC00203504","GULL LAKE BIOLOGICAL STATION, MI US","42.3941","-85.385","281.9","2020-05",,"-1.7","31.1",,"14.5","20.6","8.3"
"USC00203504","GULL LAKE BIOLOGICAL STATION, MI US","42.3941","-85.385","281.9","2020-06",,"5.6","33.3",,"21.7","29.1","14.3"
"US1MIMB0065","CHESTERFIELD 2.4 E, MI US","42.66549","-82.79473","178.9","2020-01",,,,,,,
"US1MIMB0065","CHESTERFIELD 2.4 E, MI US","42.66549","-82.79473","178.9","2020-02",,,,,,,
"US1MIMB0065","CHESTERFIELD 2.4 E, MI US","42.66549","-82.79473","178.9","2020-03",,,,,,,
"US1MIMB0065","CHESTERFIELD 2.4 E, MI US","42.66549","-82.79473","178.9","2020-04",,,,,,,
"US1MIMB0065","CHESTERFIELD 2.4 E, MI US","42.66549","-82.79473","178.9","2020-05",,,,,,,
"US1MIMB0065","CHESTERFIELD 2.4 E, MI US","42.66549","-82.79473","178.9","2020-06",,,,,,,
"US1MIMB0064","NEW BALTIMORE 1.7 WSW, MI US","42.671478","-82.767021","179.5","2020-06",,,,,,,
"USW00014804","MOUNT CLEMENS ANG BASE, MI US","42.6083","-82.8183","176.8","2020-01","0.0","-10.6","11.7","1866.3","0.0","3.1","-3.1"
"USW00014804","MOUNT CLEMENS ANG BASE, MI US","42.6083","-82.8183","176.8","2020-02","0.0","-16.1","10.6","2448.3","-1.7","1.9","-5.4"
"USW00014804","MOUNT CLEMENS ANG BASE, MI US","42.6083","-82.8183","176.8","2020-03","0.0","-8.3","18.3","2895.6","3.9","8.8","-1.0"
"USW00014804","MOUNT CLEMENS ANG BASE, MI US","42.6083","-82.8183","176.8","2020-04","0.0","-3.3","20.6","3252.1","6.4","11.8","1.1"
"USW00014804","MOUNT CLEMENS ANG BASE, MI US","42.6083","-82.8183","176.8","2020-05","19.2","-2.2","30.0","3434.7","13.1","18.5","7.7"
"USW00014804","MOUNT CLEMENS ANG BASE, MI US","42.6083","-82.8183","176.8","2020-06","101.8","5.0","31.7","3457.7","20.3","27.0","13.6"
"USC00203628","HARRISVILLE STATE PARK, MI US","44.64975","-83.29585","186.5","2020-01","0.0","-15.0","6.1","2372.5","-2.9","-0.2","-5.6"
"USC00203628","HARRISVILLE STATE PARK, MI US","44.64975","-83.29585","186.5","2020-02","0.0","-18.9","7.8","3063.7","-5.5","-1.1","-9.9"
"USC00203628","HARRISVILLE STATE PARK, MI US","44.64975","-83.29585","186.5","2020-03","0.0","-12.8","11.7","3638.5","-0.2","3.2","-3.6"
"USC00203628","HARRISVILLE STATE PARK, MI US","44.64975","-83.29585","186.5","2020-04","0.0","-7.2","13.3","4114.0","2.5","6.8","-1.8"
"USC00203628","HARRISVILLE STATE PARK, MI US","44.64975","-83.29585","186.5","2020-05","0.0","-4.4","19.4","4452.2","7.4","11.1","3.8"
"USC00203628","HARRISVILLE STATE PARK, MI US","44.64975","-83.29585","186.5","2020-06","10.6","3.9","31.1","4554.8","15.3","19.8","10.8"
"USR0000MWDO","WINDIGO MICHIGAN, MI US","47.9117","-89.1547","213.4","2020-01","0.0","-18.3","0.6","2601.8","-6.2","-3.3","-9.1"
"USR0000MWDO","WINDIGO MICHIGAN, MI US","47.9117","-89.1547","213.4","2020-02","0.0","-23.3","6.1","3358.6","-7.8","-3.7","-11.8"
"USR0000MWDO","WINDIGO MICHIGAN, MI US","47.9117","-89.1547","213.4","2020-03","0.0","-10.6","12.8","3948.6","-0.7","3.3","-4.7"
"USR0000MWDO","WINDIGO MICHIGAN, MI US","47.9117","-89.1547","213.4","2020-04","0.0","-7.2","16.1","4415.9","2.8","7.1","-1.6"
"USR0000MWDO","WINDIGO MICHIGAN, MI US","47.9117","-89.1547","213.4","2020-05","3.9","-5.0","29.4","4665.1","10.4","16.0","4.8"
"USR0000MWDO","WINDIGO MICHIGAN, MI US","47.9117","-89.1547","213.4","2020-06","35.5","3.3","30.0","4737.1","17.0","22.9","11.0"
"USC00200230","ANN ARBOR U OF MICH, MI US","42.29806","-83.66388","247.8","2020-01","0.0","-13.9","12.2","1921.1","-0.6","2.7","-3.9"
"USC00200230","ANN ARBOR U OF MICH, MI US","42.29806","-83.66388","247.8","2020-02","0.0","-20.0","11.7","2507.2","-1.9","2.4","-6.2"
"USC00200230","ANN ARBOR U OF MICH, MI US","42.29806","-83.66388","247.8","2020-03","0.0","-11.1","16.7","2937.8","4.4","9.7","-0.8"
"USC00200230","ANN ARBOR U OF MICH, MI US","42.29806","-83.66388","247.8","2020-04","0.0","-6.7","21.7","3268.9","7.3","13.7","0.9"
"USC00200230","ANN ARBOR U OF MICH, MI US","42.29806","-83.66388","247.8","2020-05","23.6","-3.3","31.1","3425.3","14.1","20.1","8.0"
"USC00200230","ANN ARBOR U OF MICH, MI US","42.29806","-83.66388","247.8","2020-06","98.0","2.2","32.8","3447.0","20.1","28.1","12.0"
"US1MIIC0006","NATIONAL CITY 4.5 NNE, MI US","44.2933","-83.6841","230.7","2020-05",,,,,,,
"USC00203744","HERMAN, MI US","46.6653","-88.3772","523.3","2020-01","0.0","-20.0","0.0","2922.6","-7.4","-4.4","-10.4"
"USC00203744","HERMAN, MI US","46.6653","-88.3772","523.3","2020-02","0.0","-24.4","8.9","3709.3","-8.8","-4.4","-13.2"
"USC00203744","HERMAN, MI US","46.6653","-88.3772","523.3","2020-03","0.0","-23.9","14.4","4332.5","-2.4","2.2","-7.1"
"USC00203744","HERMAN, MI US","46.6653","-88.3772","523.3","2020-04","0.0","-12.2","13.3","4863.4","0.6","5.5","-4.2"
"USC00203744","HERMAN, MI US","46.6653","-88.3772","523.3","2020-05","17.4","-7.2","30.0","5140.1","10.0","15.7","4.3"
"USC00203744","HERMAN, MI US","46.6653","-88.3772","523.3","2020-06","45.4","0.0","31.7","5225.0","16.4","22.7","10.2"
"US1MIIC0003","EAST TAWAS 0.8 WSW, MI US","44.2832232","-83.4992036","179.8","2020-01",,,,,,,
"US1MIIC0003","EAST TAWAS 0.8 WSW, MI US","44.2832232","-83.4992036","179.8","2020-02",,,,,,,
"US1MIIC0003","EAST TAWAS 0.8 WSW, MI US","44.2832232","-83.4992036","179.8","2020-03",,,,,,,
"US1MIIC0003","EAST TAWAS 0.8 WSW, MI US","44.2832232","-83.4992036","179.8","2020-04",,,,,,,
"US1MIIC0003","EAST TAWAS 0.8 WSW, MI US","44.2832232","-83.4992036","179.8","2020-05",,,,,,,
"US1MIIC0003","EAST TAWAS 0.8 WSW, MI US","44.2832232","-83.4992036","179.8","2020-06",,,,,,,
"USC00200234","ARNOLD 2 N, MI US","46.07511","-87.48987","338.6","2020-01",,,,,,,
"USC00200234","ARNOLD 2 N, MI US","46.07511","-87.48987","338.6","2020-02",,,,,,,
"USC00200234","ARNOLD 2 N, MI US","46.07511","-87.48987","338.6","2020-03",,,,,,,
"USC00200234","ARNOLD 2 N, MI US","46.07511","-87.48987","338.6","2020-04",,,,,,,
"USC00200234","ARNOLD 2 N, MI US","46.07511","-87.48987","338.6","2020-05",,,,,,,
"USC00200234","ARNOLD 2 N, MI US","46.07511","-87.48987","338.6","2020-06",,,,,,,
"US1MICF0009","GRAYLING 15.8 NE, MI US","44.804643","-84.463138","353.0","2020-02",,,,,,,
"US1MICF0009","GRAYLING 15.8 NE, MI US","44.804643","-84.463138","353.0","2020-04",,,,,,,
"US1MICF0009","GRAYLING 15.8 NE, MI US","44.804643","-84.463138","353.0","2020-05",,,,,,,
"US1MICT0001","LAINGSBURG 5.0 SW, MI US","42.8402777","-84.4197222","247.2","2020-01",,,,,,,
"US1MICT0001","LAINGSBURG 5.0 SW, MI US","42.8402777","-84.4197222","247.2","2020-02",,,,,,,
"US1MICT0001","LAINGSBURG 5.0 SW, MI US","42.8402777","-84.4197222","247.2","2020-06",,,,,,,
"US1MICT0002","HASLETT 1.2 N, MI US","42.76997","-84.40314","263.0","2020-01",,,,,,,
"US1MICT0002","HASLETT 1.2 N, MI US","42.76997","-84.40314","263.0","2020-02",,,,,,,
"US1MICT0002","HASLETT 1.2 N, MI US","42.76997","-84.40314","263.0","2020-03",,,,,,,
"US1MICT0002","HASLETT 1.2 N, MI US","42.76997","-84.40314","263.0","2020-04",,,,,,,
"US1MICT0002","HASLETT 1.2 N, MI US","42.76997","-84.40314","263.0","2020-05",,,,,,,
"US1MICT0002","HASLETT 1.2 N, MI US","42.76997","-84.40314","263.0","2020-06",,,,,,,
"US1MICT0003","DE WITT 1.2 W, MI US","42.832602","-84.598212","244.1","2020-04",,,,,,,
"US1MICT0003","DE WITT 1.2 W, MI US","42.832602","-84.598212","244.1","2020-06",,,,,,,
"US1MIKN0032","GRAND RAPIDS 2.9 NW, MI US","42.991906","-85.694373","194.2","2020-01",,,,,,,
"US1MIKN0032","GRAND RAPIDS 2.9 NW, MI US","42.991906","-85.694373","194.2","2020-02",,,,,,,
"US1MIKN0032","GRAND RAPIDS 2.9 NW, MI US","42.991906","-85.694373","194.2","2020-03",,,,,,,
"US1MIKN0032","GRAND RAPIDS 2.9 NW, MI US","42.991906","-85.694373","194.2","2020-04",,,,,,,
"US1MIKN0032","GRAND RAPIDS 2.9 NW, MI US","42.991906","-85.694373","194.2","2020-05",,,,,,,
"US1MIKN0032","GRAND RAPIDS 2.9 NW, MI US","42.991906","-85.694373","194.2","2020-06",,,,,,,
"USC00209188","YALE 1 NNW, MI US","43.1447","-82.8011","249.9","2020-01","0.0","-14.4","10.0",,"-1.9","1.5","-5.3"
"USC00209188","YALE 1 NNW, MI US","43.1447","-82.8011","249.9","2020-02",,,,,,,
"USC00209188","YALE 1 NNW, MI US","43.1447","-82.8011","249.9","2020-03",,"-9.4","17.2",,"2.5","7.9","-3.0"
"USC00209188","YALE 1 NNW, MI US","43.1447","-82.8011","249.9","2020-04",,"-6.7","19.4",,"4.4","10.8","-2.0"
"USC00209188","YALE 1 NNW, MI US","43.1447","-82.8011","249.9","2020-05",,"-5.6","31.1",,"11.0","17.4","4.6"
"USC00209188","YALE 1 NNW, MI US","43.1447","-82.8011","249.9","2020-06",,,"31.7",,,"26.3",
"USW00014822","DETROIT CITY AIRPORT, MI US","42.40725","-83.00899","189.8","2020-01","0.0","-9.9","13.9","1774.2","0.5","3.3","-2.4"
"USW00014822","DETROIT CITY AIRPORT, MI US","42.40725","-83.00899","189.8","2020-02","0.0","-15.5","11.7","2336.1","-1.0","2.3","-4.4"
"USW00014822","DETROIT CITY AIRPORT, MI US","42.40725","-83.00899","189.8","2020-03","0.0","-6.6","18.9","2743.5","5.2","9.8","0.6"
"USW00014822","DETROIT CITY AIRPORT, MI US","42.40725","-83.00899","189.8","2020-04","0.0","-3.2","21.7","3069.5","7.5","12.5","2.5"
"USW00014822","DETROIT CITY AIRPORT, MI US","42.40725","-83.00899","189.8","2020-05","28.8","-1.0","31.1","3224.2","14.3","19.3","9.3"
"USW00014822","DETROIT CITY AIRPORT, MI US","42.40725","-83.00899","189.8","2020-06","143.3","8.3","33.3","3236.7","21.7","27.8","15.6"
"US1MIOK0109","HIGHLAND 1.3 NE, MI US","42.678772","-83.593618","312.1","2020-03",,,,,,,
"US1MIOK0109","HIGHLAND 1.3 NE, MI US","42.678772","-83.593618","312.1","2020-04",,,,,,,
"US1MIOK0109","HIGHLAND 1.3 NE, MI US","42.678772","-83.593618","312.1","2020-05",,,,,,,
"US1MIOK0109","HIGHLAND 1.3 NE, MI US","42.678772","-83.593618","312.1","2020-06",,,,,,,
"US1MIOK0107","CLARKSTON 1.4 NE, MI US","42.749556","-83.401394","311.2","2020-03",,,,,,,
"US1MIOK0107","CLARKSTON 1.4 NE, MI US","42.749556","-83.401394","311.2","2020-04",,,,,,,
"US1MIOK0107","CLARKSTON 1.4 NE, MI US","42.749556","-83.401394","311.2","2020-05",,,,,,,
"US1MIOK0107","CLARKSTON 1.4 NE, MI US","42.749556","-83.401394","311.2","2020-06",,,,,,,
"USC00205816","NEWBERRY LUCE CO ROAD COMMISSION, MI US","46.35155","-85.51629","241.4","2020-01","0.0","-15.6","2.8",,"-4.6","-1.2","-7.9"
"USC00205816","NEWBERRY LUCE CO ROAD COMMISSION, MI US","46.35155","-85.51629","241.4","2020-02","0.0","-20.6","6.1",,"-6.7","-1.4","-12.1"
"USW00014817","CADILLAC, MI US","44.2655","-85.3966","394.7","2020-01","0.0","-17.2","7.2","2362.0","-3.4","-0.3","-6.4"
"USW00014817","CADILLAC, MI US","44.2655","-85.3966","394.7","2020-02","0.0","-18.9","8.3","3049.4","-5.4","-0.9","-9.9"
"USW00014817","CADILLAC, MI US","44.2655","-85.3966","394.7","2020-03","0.0","-12.8","13.3","3592.7","0.8","5.4","-3.8"
"USW00014817","CADILLAC, MI US","44.2655","-85.3966","394.7","2020-04","0.0","-10.0","18.9","4024.6","3.9","9.6","-1.8"
"USW00014817","CADILLAC, MI US","44.2655","-85.3966","394.7","2020-05","19.7","-5.6","31.1","4266.9","11.1","17.2","5.1"
"USW00014817","CADILLAC, MI US","44.2655","-85.3966","394.7","2020-06","74.4","3.3","32.2","4313.9","18.6","25.9","11.3"
"USC00204967","LUPTON 1 S, MI US","44.4199","-84.0232","276.8","2020-01","0.0","-22.8","5.6","2405.9","-3.7","-0.5","-7.0"
"USC00204967","LUPTON 1 S, MI US","44.4199","-84.0232","276.8","2020-02","0.0","-25.6","8.3","3122.3","-6.4","-0.3","-12.4"
"USC00204967","LUPTON 1 S, MI US","44.4199","-84.0232","276.8","2020-03","0.0","-13.3","12.8","3672.3","0.6","6.4","-5.2"
"USC00204967","LUPTON 1 S, MI US","44.4199","-84.0232","276.8","2020-04","0.0","-9.4","18.9","4098.9","4.1","11.5","-3.3"
"USC00204967","LUPTON 1 S, MI US","44.4199","-84.0232","276.8","2020-05","22.5","-6.7","32.8","4325.6","11.8","19.0","4.5"
"USC00204967","LUPTON 1 S, MI US","44.4199","-84.0232","276.8","2020-06","61.9","1.7","32.8","4380.1","17.8","26.5","9.2"
"USC00202308","DUNDEE, MI US","41.9552","-83.6488","201.2","2020-01","0.0","-11.1","14.4","1795.9","0.1","3.2","-3.0"
"USC00202308","DUNDEE, MI US","41.9552","-83.6488","201.2","2020-02","0.0","-15.0","11.7","2374.7","-1.6","2.3","-5.5"
"USC00202308","DUNDEE, MI US","41.9552","-83.6488","201.2","2020-03","0.0","-7.8","17.8","2785.0","4.4","9.5","-0.8"
"USC00202308","DUNDEE, MI US","41.9552","-83.6488","201.2","2020-04","0.0","-4.4","22.2","3131.1","6.8","12.7","0.9"
"USC00202308","DUNDEE, MI US","41.9552","-83.6488","201.2","2020-05","23.1","-2.8","31.7","3284.2","13.5","18.8","8.3"
"USC00202308","DUNDEE, MI US","41.9552","-83.6488","201.2","2020-06","110.1","7.2","33.3","3300.6","20.9","27.4","14.3"
"USW00014815","BATTLE CREEK KELLOGG AIRPORT, MI US","42.31192","-85.24147","282.5","2020-01","0.0","-14.9","12.2","1895.5","-0.4","2.6","-3.4"
"USW00014815","BATTLE CREEK KELLOGG AIRPORT, MI US","42.31192","-85.24147","282.5","2020-02","0.0","-16.0","10.6","2494.4","-2.3","1.6","-6.2"
"USW00014815","BATTLE CREEK KELLOGG AIRPORT, MI US","42.31192","-85.24147","282.5","2020-03","0.0","-8.8","17.2","2921.4","4.6","9.5","-0.3"
"USW00014815","BATTLE CREEK KELLOGG AIRPORT, MI US","42.31192","-85.24147","282.5","2020-04","0.0","-6.0","23.9","3256.7","7.2","12.5","1.8"
"USW00014815","BATTLE CREEK KELLOGG AIRPORT, MI US","42.31192","-85.24147","282.5","2020-05","27.8","-4.9","31.1","3410.4","14.3","19.5","9.0"
"USW00014815","BATTLE CREEK KELLOGG AIRPORT, MI US","42.31192","-85.24147","282.5","2020-06","128.7","6.7","33.3","3419.8","21.6","28.2","15.0"
"USW00014814","ALPENA WASTEWATER PLANT, MI US","45.0605","-83.428","179.8","2020-01","0.0","-15.6","6.7","2286.3","-2.7","0.0","-5.4"
"USW00014814","ALPENA WASTEWATER PLANT, MI US","45.0605","-83.428","179.8","2020-02","0.0","-16.7","10.0","2972.0","-5.3","-1.3","-9.3"
"USW00014814","ALPENA WASTEWATER PLANT, MI US","45.0605","-83.428","179.8","2020-03","0.0","-11.1","12.2","3522.3","0.6","4.0","-2.9"
"USW00014814","ALPENA WASTEWATER PLANT, MI US","45.0605","-83.428","179.8","2020-04","0.0","-6.1","15.6","3958.0","3.8","8.3","-0.7"
"USW00014814","ALPENA WASTEWATER PLANT, MI US","45.0605","-83.428","179.8","2020-05","1.1","-3.3","23.9","4234.0","9.5","13.9","5.0"
"USW00014814","ALPENA WASTEWATER PLANT, MI US","45.0605","-83.428","179.8","2020-06","40.9","6.1","31.1","4281.2","18.1","23.1","13.1"
"USC00203639","HARVEY, MI US","46.4907","-87.3544","195.1","2020-01",,,,,,,
"USC00203639","HARVEY, MI US","46.4907","-87.3544","195.1","2020-02",,,,,,,
"USC00203639","HARVEY, MI US","46.4907","-87.3544","195.1","2020-04",,,,,,,
"USC00203639","HARVEY, MI US","46.4907","-87.3544","195.1","2020-05",,,,,,,
"USC00203639","HARVEY, MI US","46.4907","-87.3544","195.1","2020-06",,,,,,,
"USC00200361","AUBURN 2 NE, MI US","43.6252","-84.0188","184.4","2020-01","0.0","-15.6","8.9",,"-1.4","1.9","-4.7"
"USC00200361","AUBURN 2 NE, MI US","43.6252","-84.0188","184.4","2020-02","0.0","-22.2","8.3",,"-2.9","1.4","-7.2"
"USC00200361","AUBURN 2 NE, MI US","43.6252","-84.0188","184.4","2020-03","0.0","-8.3","16.7",,"2.9","8.6","-2.8"
"USC00200361","AUBURN 2 NE, MI US","43.6252","-84.0188","184.4","2020-04","0.0","-5.6","21.1",,"6.0","12.2","-0.1"
"USC00200361","AUBURN 2 NE, MI US","43.6252","-84.0188","184.4","2020-05","31.2","-4.4","32.8",,"12.6","19.0","6.2"
"USC00200361","AUBURN 2 NE, MI US","43.6252","-84.0188","184.4","2020-06",,,,,,,
"USC00202783","FIFE LAKE 2 WNW, MI US","44.5848","-85.3653","320.6","2020-01","0.0","-15.0","7.2","2438.6","-4.1","-1.1","-7.0"
"USC00202783","FIFE LAKE 2 WNW, MI US","44.5848","-85.3653","320.6","2020-02","0.0","-17.2","8.9","3139.3","-5.8","-1.5","-10.2"
"USC00202783","FIFE LAKE 2 WNW, MI US","44.5848","-85.3653","320.6","2020-03","0.0","-13.9","12.8","3713.1","-0.2","4.6","-5.0"
"USC00202783","FIFE LAKE 2 WNW, MI US","44.5848","-85.3653","320.6","2020-04","0.0","-10.6","17.8","4161.7","2.9","9.4","-3.6"
"USC00202783","FIFE LAKE 2 WNW, MI US","44.5848","-85.3653","320.6","2020-05","16.7","-7.2","30.6","4430.5","10.2","17.0","3.4"
"USC00202783","FIFE LAKE 2 WNW, MI US","44.5848","-85.3653","320.6","2020-06","58.0","-1.7","33.3","4488.3","17.7","25.9","9.6"
"USC00203632","HART 3 WSW, MI US","43.6751","-86.4228","236.2","2020-01",,,,,,,
"USC00203632","HART 3 WSW, MI US","43.6751","-86.4228","236.2","2020-02",,,,,,,
"USC00203632","HART 3 WSW, MI US","43.6751","-86.4228","236.2","2020-03",,,,,,,
"USC00203632","HART 3 WSW, MI US","43.6751","-86.4228","236.2","2020-04",,,,,,,
"USC00203632","HART 3 WSW, MI US","43.6751","-86.4228","236.2","2020-05",,,,,,,
"USC00203632","HART 3 WSW, MI US","43.6751","-86.4228","236.2","2020-06",,,,,,,
"USC00202423","EAST TAWAS, MI US","44.2838","-83.5036","178.6","2020-01","0.0","-15.6","8.9","2145.0","-1.8","1.5","-5.2"
"USC00202423","EAST TAWAS, MI US","44.2838","-83.5036","178.6","2020-02","0.0","-20.6","8.3","2805.7","-4.4","0.3","-9.2"
"USC00202423","EAST TAWAS, MI US","44.2838","-83.5036","178.6","2020-03","0.0","-10.6","14.4","3324.2","1.6","6.5","-3.3"
"USC00202423","EAST TAWAS, MI US","44.2838","-83.5036","178.6","2020-04","0.0","-6.7","19.4","3744.0","4.3","9.9","-1.2"
"USC00202423","EAST TAWAS, MI US","44.2838","-83.5036","178.6","2020-05","14.4","-3.9","28.9","3987.9","10.9","16.1","5.8"
"USC00202423","EAST TAWAS, MI US","44.2838","-83.5036","178.6","2020-06","68.5","4.4","32.2","4030.8","18.7","25.2","12.2"
"US1MIKN0048","KENTWOOD 1.6 WSW, MI US","42.874211","-85.622056","227.1","2020-01",,,,,,,
"US1MIKN0048","KENTWOOD 1.6 WSW, MI US","42.874211","-85.622056","227.1","2020-02",,,,,,,
"US1MIKN0048","KENTWOOD 1.6 WSW, MI US","42.874211","-85.622056","227.1","2020-03",,,,,,,
"US1MIKN0048","KENTWOOD 1.6 WSW, MI US","42.874211","-85.622056","227.1","2020-04",,,,,,,
"US1MIKN0048","KENTWOOD 1.6 WSW, MI US","42.874211","-85.622056","227.1","2020-05",,,,,,,
"US1MIKN0048","KENTWOOD 1.6 WSW, MI US","42.874211","-85.622056","227.1","2020-06",,,,,,,
"US1MIOT0017","GAYLORD 4.1 S, MI US","44.963889","-84.684674","392.9","2020-01",,,,,,,
"US1MIOT0017","GAYLORD 4.1 S, MI US","44.963889","-84.684674","392.9","2020-02",,,,,,,
"US1MIOT0017","GAYLORD 4.1 S, MI US","44.963889","-84.684674","392.9","2020-03",,,,,,,
"US1MIOT0017","GAYLORD 4.1 S, MI US","44.963889","-84.684674","392.9","2020-04",,,,,,,
"US1MIOT0017","GAYLORD 4.1 S, MI US","44.963889","-84.684674","392.9","2020-05",,,,,,,
"US1MIOT0017","GAYLORD 4.1 S, MI US","44.963889","-84.684674","392.9","2020-06",,,,,,,
"US1MIOT0016","CRESTWOOD SUBDIVISION, MI US","44.994419","-84.658205","395.9","2020-01",,,,,,,
"US1MIOT0016","CRESTWOOD SUBDIVISION, MI US","44.994419","-84.658205","395.9","2020-02",,,,,,,
"US1MIOT0016","CRESTWOOD SUBDIVISION, MI US","44.994419","-84.658205","395.9","2020-03",,,,,,,
"US1MIOT0016","CRESTWOOD SUBDIVISION, MI US","44.994419","-84.658205","395.9","2020-04",,,,,,,
"US1MIOT0016","CRESTWOOD SUBDIVISION, MI US","44.994419","-84.658205","395.9","2020-05",,,,,,,
"US1MIOT0016","CRESTWOOD SUBDIVISION, MI US","44.994419","-84.658205","395.9","2020-06",,,,,,,
"US1MIKN0043","CALEDONIA 4.4 WNW, MI US","42.825262288","-85.589418411","232.3","2020-01",,,,,,,
"US1MIKN0043","CALEDONIA 4.4 WNW, MI US","42.825262288","-85.589418411","232.3","2020-03",,,,,,,
"US1MIKN0043","CALEDONIA 4.4 WNW, MI US","42.825262288","-85.589418411","232.3","2020-04",,,,,,,
"US1MIKN0043","CALEDONIA 4.4 WNW, MI US","42.825262288","-85.589418411","232.3","2020-05",,,,,,,
"US1MIKN0043","CALEDONIA 4.4 WNW, MI US","42.825262288","-85.589418411","232.3","2020-06",,,,,,,
"US1MISJ0007","THREE RIVERS 2.4 NE, MI US","41.97145","-85.60233","250.2","2020-06",,,,,,,
"USW00014833","JACKSON REYNOLDS FIELD, MI US","42.26373","-84.45644","295.9","2020-01","0.0","-17.1","13.3","1939.2","-0.6","2.5","-3.8"
"USW00014833","JACKSON REYNOLDS FIELD, MI US","42.26373","-84.45644","295.9","2020-02","0.0","-17.1","11.1","2538.9","-2.3","1.6","-6.2"
"USW00014833","JACKSON REYNOLDS FIELD, MI US","42.26373","-84.45644","295.9","2020-03","0.0","-8.2","17.2","2962.0","4.2","9.0","-0.6"
"USW00014833","JACKSON REYNOLDS FIELD, MI US","42.26373","-84.45644","295.9","2020-04","0.0","-6.6","22.8","3312.4","6.6","12.3","1.0"
"USW00014833","JACKSON REYNOLDS FIELD, MI US","42.26373","-84.45644","295.9","2020-05","24.2","-4.3","31.1","3482.7","13.6","18.9","8.3"
"USW00014833","JACKSON REYNOLDS FIELD, MI US","42.26373","-84.45644","295.9","2020-06","90.0","3.9","33.9","3502.7","20.1","27.6","12.5"
"USC00202437","EATON RAPIDS, MI US","42.518","-84.6521","265.2","2020-01","0.0","-16.1","11.7",,"-1.0","1.9","-4.0"
"USC00202437","EATON RAPIDS, MI US","42.518","-84.6521","265.2","2020-02","0.0","-17.2","10.6",,"-2.9","1.5","-7.2"
"USC00202437","EATON RAPIDS, MI US","42.518","-84.6521","265.2","2020-03","0.0","-7.2","17.2",,"3.8","8.8","-1.3"
"USC00202437","EATON RAPIDS, MI US","42.518","-84.6521","265.2","2020-04","0.0","-5.0","22.8",,"6.3","11.8","0.8"
"USC00202437","EATON RAPIDS, MI US","42.518","-84.6521","265.2","2020-05","32.3","-3.3","32.2",,"13.7","19.2","8.2"
"USC00202437","EATON RAPIDS, MI US","42.518","-84.6521","265.2","2020-06","124.8","4.4","32.8",,"20.6","27.5","13.7"
"USC00203528","HALE 5 SSW NUMBER 2, MI US","44.3122","-83.8377","248.7","2020-01","0.0","-21.7","6.7","2429.0","-3.5","0.2","-7.2"
"USC00203528","HALE 5 SSW NUMBER 2, MI US","44.3122","-83.8377","248.7","2020-02","0.0","-25.6","7.8","3152.6","-6.6","-0.6","-12.7"
"USC00203528","HALE 5 SSW NUMBER 2, MI US","44.3122","-83.8377","248.7","2020-03","0.0","-12.8","13.3","3711.0","0.3","6.0","-5.3"
"USC00203528","HALE 5 SSW NUMBER 2, MI US","44.3122","-83.8377","248.7","2020-04","0.0","-9.4","17.8","4144.0","3.9","10.9","-3.1"
"USC00203528","HALE 5 SSW NUMBER 2, MI US","44.3122","-83.8377","248.7","2020-05","19.7","-6.7","31.7","4392.7","10.9","17.4","4.4"
"USC00203528","HALE 5 SSW NUMBER 2, MI US","44.3122","-83.8377","248.7","2020-06","60.1","1.1","32.2","4444.5","17.9","26.4","9.5"
"USC00201468","CHARLEVOIX, MI US","45.3172","-85.2672","180.7","2020-01","0.0","-11.7","8.3","2091.3","-1.6","0.7","-3.9"
"USC00201468","CHARLEVOIX, MI US","45.3172","-85.2672","180.7","2020-02","0.0","-14.4","8.3","2728.5","-3.6","-0.6","-6.7"
"USC00201468","CHARLEVOIX, MI US","45.3172","-85.2672","180.7","2020-03","0.0","-10.0","13.9","3266.5","1.0","4.6","-2.7"
"USC00201468","CHARLEVOIX, MI US","45.3172","-85.2672","180.7","2020-04","0.0","-4.4","17.2","3724.8","3.1","6.4","-0.3"
"USC00201468","CHARLEVOIX, MI US","45.3172","-85.2672","180.7","2020-05","6.7","-2.2","27.8","4006.1","9.5","13.7","5.3"
"USC00201468","CHARLEVOIX, MI US","45.3172","-85.2672","180.7","2020-06","46.3","5.6","32.2","4073.3","17.4","22.6","12.2"
"US1MIOK0013","PLEASANT RIDGE 0.5 WNW, MI US","42.472465","-83.153615","200.3","2020-01",,,,,,,
"US1MIOK0013","PLEASANT RIDGE 0.5 WNW, MI US","42.472465","-83.153615","200.3","2020-02",,,,,,,
"US1MIOK0013","PLEASANT RIDGE 0.5 WNW, MI US","42.472465","-83.153615","200.3","2020-03",,,,,,,
"US1MIOK0013","PLEASANT RIDGE 0.5 WNW, MI US","42.472465","-83.153615","200.3","2020-04",,,,,,,
"US1MIOK0013","PLEASANT RIDGE 0.5 WNW, MI US","42.472465","-83.153615","200.3","2020-05",,,,,,,
"US1MIOK0013","PLEASANT RIDGE 0.5 WNW, MI US","42.472465","-83.153615","200.3","2020-06",,,,,,,
"USW00014828","GLADWIN, MI US","43.9758","-84.4908","236.2","2020-01","0.0","-17.8","8.3","2238.0","-2.6","0.6","-5.7"
"USW00014828","GLADWIN, MI US","43.9758","-84.4908","236.2","2020-02","0.0","-21.1","8.3","2905.7","-4.7","0.5","-9.9"
"USW00014828","GLADWIN, MI US","43.9758","-84.4908","236.2","2020-03","0.0","-10.0","16.7","3409.7","2.1","7.2","-3.1"
"USW00014828","GLADWIN, MI US","43.9758","-84.4908","236.2","2020-04","0.0","-6.7","20.6","3819.0","4.7","11.1","-1.8"
"USW00014828","GLADWIN, MI US","43.9758","-84.4908","236.2","2020-05","26.4","-5.0","33.3","4042.3","12.0","18.4","5.6"
"USW00014828","GLADWIN, MI US","43.9758","-84.4908","236.2","2020-06","83.9","3.9","34.4","4085.8","18.8","27.1","10.4"
"USW00014826","FLINT FCWOS, MI US","42.96684","-83.74996","234.8","2020-01","0.0","-14.3","12.2","1869.5","0.1","3.1","-2.9"
"USW00014826","FLINT FCWOS, MI US","42.96684","-83.74996","234.8","2020-02","0.0","-19.9","11.7","2463.9","-2.2","1.7","-6.0"
"USW00014826","FLINT FCWOS, MI US","42.96684","-83.74996","234.8","2020-03","0.0","-7.7","17.8","2885.2","4.7","9.9","-0.5"
"USW00014826","FLINT FCWOS, MI US","42.96684","-83.74996","234.8","2020-04","0.0","-4.9","22.8","3207.7","7.6","13.6","1.6"
"USW00014826","FLINT FCWOS, MI US","42.96684","-83.74996","234.8","2020-05","34.4","-3.8","33.3","3355.9","14.7","20.5","8.8"
"USW00014826","FLINT FCWOS, MI US","42.96684","-83.74996","234.8","2020-06","153.6","6.1","34.4","3369.3","21.9","29.0","14.7"
"USC00203529","HALE LOUD DAM, MI US","44.4633","-83.7216","221.9","2020-01","0.0","-21.1","7.8","2279.0","-2.7","0.5","-5.8"
"USC00203529","HALE LOUD DAM, MI US","44.4633","-83.7216","221.9","2020-02","0.0","-24.4","8.3","2929.9","-5.9","-0.5","-11.3"
"USC00203529","HALE LOUD DAM, MI US","44.4633","-83.7216","221.9","2020-03","0.0","-12.8","13.3","3469.3","0.9","5.9","-4.0"
"USC00203529","HALE LOUD DAM, MI US","44.4633","-83.7216","221.9","2020-04","0.0","-7.8","17.8","3887.5","4.4","10.6","-1.8"
"USC00203529","HALE LOUD DAM, MI US","44.4633","-83.7216","221.9","2020-05","23.7","-7.2","32.2","4125.6","11.4","17.5","5.3"
"USC00203529","HALE LOUD DAM, MI US","44.4633","-83.7216","221.9","2020-06","79.2","2.2","32.8","4168.1","18.8","26.9","10.8"
"USW00014824","ESCANABA, MI US","45.7438","-87.0406","180.1","2020-01",,,,,,,
"USW00014824","ESCANABA, MI US","45.7438","-87.0406","180.1","2020-02",,,,,,,
"USW00014824","ESCANABA, MI US","45.7438","-87.0406","180.1","2020-03",,,,,,,
"USW00014824","ESCANABA, MI US","45.7438","-87.0406","180.1","2020-04",,,,,,,
"USW00014824","ESCANABA, MI US","45.7438","-87.0406","180.1","2020-05",,,,,,,
"USW00014824","ESCANABA, MI US","45.7438","-87.0406","180.1","2020-06",,,,,,,
"US1MIKZ0006","WESTERN MICHIGAN UNIVERSITY, MI US","42.283","-85.615","271.9","2020-01",,,,,,,
"US1MIKZ0006","WESTERN MICHIGAN UNIVERSITY, MI US","42.283","-85.615","271.9","2020-02",,,,,,,
"US1MIKZ0006","WESTERN MICHIGAN UNIVERSITY, MI US","42.283","-85.615","271.9","2020-03",,,,,,,
"USC00200497","BARAGA 7 NW, MI US","46.8208","-88.6064","198.7","2020-01",,,,,,,
"USC00200497","BARAGA 7 NW, MI US","46.8208","-88.6064","198.7","2020-02",,"-28.3","10.0",,"-8.8","-2.1","-15.5"
"USC00200497","BARAGA 7 NW, MI US","46.8208","-88.6064","198.7","2020-03",,"-18.9","16.1",,"-2.8","3.6","-9.2"
"USC00200497","BARAGA 7 NW, MI US","46.8208","-88.6064","198.7","2020-04",,"-10.0","16.1",,"1.2","7.0","-4.5"
"USC00200497","BARAGA 7 NW, MI US","46.8208","-88.6064","198.7","2020-05",,"-7.2","30.6",,"8.6","16.1","1.1"
"USC00200497","BARAGA 7 NW, MI US","46.8208","-88.6064","198.7","2020-06",,"-0.6","34.4",,"16.4","24.6","8.1"
"USC00205822","NEWPORT 4 SSE, MI US","41.9497","-83.28","176.2","2020-01","0.0","-11.7","13.3","1817.5","-0.2","2.7","-3.0"
"USC00205822","NEWPORT 4 SSE, MI US","41.9497","-83.28","176.2","2020-02","0.0","-14.4","11.1","2371.9","-1.4","2.0","-4.9"
"USC00205822","NEWPORT 4 SSE, MI US","41.9497","-83.28","176.2","2020-03","0.0","-7.8","18.3","2814.2","4.1","8.4","-0.3"
"USC00205822","NEWPORT 4 SSE, MI US","41.9497","-83.28","176.2","2020-04","0.0","-4.4","19.4","3171.7","6.4","11.3","1.5"
"USC00205822","NEWPORT 4 SSE, MI US","41.9497","-83.28","176.2","2020-05","18.6","-3.3","28.9","3356.9","13.0","17.5","8.4"
"USC00205822","NEWPORT 4 SSE, MI US","41.9497","-83.28","176.2","2020-06","103.3","7.2","31.1","3378.3","20.4","25.8","15.1"
"US1MIKZ0001","KALAMAZOO 6.0 SW, MI US","42.206126","-85.658962","274.0","2020-03",,,,,,,
"US1MIKZ0001","KALAMAZOO 6.0 SW, MI US","42.206126","-85.658962","274.0","2020-04",,,,,,,
"US1MIKZ0001","KALAMAZOO 6.0 SW, MI US","42.206126","-85.658962","274.0","2020-06",,,,,,,
"USC00202691","FARMINGTON, MI US","42.4669","-83.3625","219.5","2020-01","0.0","-12.2","11.1","2002.2","-1.3","2.0","-4.5"
"USC00202691","FARMINGTON, MI US","42.4669","-83.3625","219.5","2020-02","0.0","-17.2","11.1","2618.1","-2.9","1.5","-7.3"
"USC00202691","FARMINGTON, MI US","42.4669","-83.3625","219.5","2020-03","0.0","-8.9","16.7","3084.0","3.3","8.9","-2.3"
"USC00202691","FARMINGTON, MI US","42.4669","-83.3625","219.5","2020-04","0.0","-5.6","21.1","3459.7","5.8","11.6","0.0"
"USC00202691","FARMINGTON, MI US","42.4669","-83.3625","219.5","2020-05","22.8","-2.8","31.7","3647.9","13.0","18.4","7.6"
"USC00202691","FARMINGTON, MI US","42.4669","-83.3625","219.5","2020-06","95.3","4.4","32.8","3674.2","19.9","26.9","12.9"
"USW00014845","SAGINAW MBS INTERNATIONAL AIRPORT, MI US","43.52808","-84.08133","201.7","2020-01","0.0","-13.2","9.4","1971.7","-0.9","1.8","-3.6"
"USW00014845","SAGINAW MBS INTERNATIONAL AIRPORT, MI US","43.52808","-84.08133","201.7","2020-02","0.0","-19.3","8.3","2592.2","-3.1","0.6","-6.7"
"USW00014845","SAGINAW MBS INTERNATIONAL AIRPORT, MI US","43.52808","-84.08133","201.7","2020-03","0.0","-7.1","16.7","3042.0","3.8","8.5","-0.9"
"USW00014845","SAGINAW MBS INTERNATIONAL AIRPORT, MI US","43.52808","-84.08133","201.7","2020-04","0.0","-5.5","22.2","3387.8","6.8","12.2","1.4"
"USW00014845","SAGINAW MBS INTERNATIONAL AIRPORT, MI US","43.52808","-84.08133","201.7","2020-05","31.9","-2.1","32.2","3565.5","13.6","19.1","8.2"
"USW00014845","SAGINAW MBS INTERNATIONAL AIRPORT, MI US","43.52808","-84.08133","201.7","2020-06","130.8","6.7","33.3","3587.3","20.9","27.7","14.1"
"USW00014841","PELLSTON REGIONAL AIRPORT, MI US","45.5644","-84.79291","215.3","2020-01","0.0","-22.1","7.2","2436.2","-3.4","0.0","-6.8"
"USW00014841","PELLSTON REGIONAL AIRPORT, MI US","45.5644","-84.79291","215.3","2020-02","0.0","-25.5","7.8","3143.0","-6.0","-1.2","-10.9"
"USW00014841","PELLSTON REGIONAL AIRPORT, MI US","45.5644","-84.79291","215.3","2020-03","0.0","-17.1","12.8","3718.1","-0.2","5.2","-5.6"
"USW00014841","PELLSTON REGIONAL AIRPORT, MI US","45.5644","-84.79291","215.3","2020-04","0.0","-11.0","17.8","4186.0","2.7","9.2","-3.8"
"USW00014841","PELLSTON REGIONAL AIRPORT, MI US","45.5644","-84.79291","215.3","2020-05","16.6","-8.8","32.2","4455.5","10.2","17.2","3.2"
"USW00014841","PELLSTON REGIONAL AIRPORT, MI US","45.5644","-84.79291","215.3","2020-06","45.2","-0.5","32.2","4520.3","17.1","25.7","8.6"
"USW00014840","MUSKEGON CO AIRPORT, MI US","43.17111","-86.23685","190.3","2020-01","0.0","-9.3","9.4","1881.7","0.0","2.5","-2.4"
"USW00014840","MUSKEGON CO AIRPORT, MI US","43.17111","-86.23685","190.3","2020-02","0.0","-12.7","10.0","2465.3","-1.8","1.6","-5.1"
"USW00014840","MUSKEGON CO AIRPORT, MI US","43.17111","-86.23685","190.3","2020-03","0.0","-8.8","13.9","2924.8","3.5","7.9","-0.9"
"USW00014840","MUSKEGON CO AIRPORT, MI US","43.17111","-86.23685","190.3","2020-04","0.0","-4.3","22.2","3274.6","6.7","11.8","1.6"
"USW00014840","MUSKEGON CO AIRPORT, MI US","43.17111","-86.23685","190.3","2020-05","26.1","-4.9","32.2","3444.4","13.7","19.0","8.4"
"USW00014840","MUSKEGON CO AIRPORT, MI US","43.17111","-86.23685","190.3","2020-06","110.0","5.6","36.1","3461.3","20.6","27.2","14.0"
"USC00202328","DURAND WWTP, MI US","42.9269","-83.9894","234.7","2020-01","0.0","-15.0","11.1",,"-1.0","2.6","-4.5"
"USC00202328","DURAND WWTP, MI US","42.9269","-83.9894","234.7","2020-02","0.0","-18.9","11.7",,"-3.0","1.6","-7.5"
"USC00202328","DURAND WWTP, MI US","42.9269","-83.9894","234.7","2020-03","0.0","-13.3","17.8",,"3.8","9.6","-2.1"
"USC00202328","DURAND WWTP, MI US","42.9269","-83.9894","234.7","2020-04","0.0","-6.7","23.3",,"6.9","12.9","0.9"
"USC00202328","DURAND WWTP, MI US","42.9269","-83.9894","234.7","2020-05","31.4","-3.9","33.3",,"14.1","20.3","7.9"
"USC00202328","DURAND WWTP, MI US","42.9269","-83.9894","234.7","2020-06","124.2","5.6","34.4",,"20.9","27.9","13.8"
"US1MIOK0122","BERKLEY 0.5 WSW, MI US","42.493633","-83.195037","209.4","2020-05",,,,,,,
"US1MIOK0122","BERKLEY 0.5 WSW, MI US","42.493633","-83.195037","209.4","2020-06",,,,,,,
"US1MIMB0055","FRASER 1.2 N, MI US","42.556972","-82.949386","186.2","2020-01",,,,,,,
"US1MIMB0055","FRASER 1.2 N, MI US","42.556972","-82.949386","186.2","2020-02",,,,,,,
"US1MIMB0055","FRASER 1.2 N, MI US","42.556972","-82.949386","186.2","2020-03",,,,,,,
"US1MIMB0055","FRASER 1.2 N, MI US","42.556972","-82.949386","186.2","2020-04",,,,,,,
"US1MIMB0055","FRASER 1.2 N, MI US","42.556972","-82.949386","186.2","2020-05",,,,,,,
"US1MIMB0055","FRASER 1.2 N, MI US","42.556972","-82.949386","186.2","2020-06",,,,,,,
"US1MIDL0004","GLADSTONE 2.1 SW, MI US","45.83218","-87.05727","217.3","2020-01",,,,,,,
"US1MIDL0004","GLADSTONE 2.1 SW, MI US","45.83218","-87.05727","217.3","2020-02",,,,,,,
"US1MIDL0004","GLADSTONE 2.1 SW, MI US","45.83218","-87.05727","217.3","2020-03",,,,,,,
"US1MIDL0004","GLADSTONE 2.1 SW, MI US","45.83218","-87.05727","217.3","2020-04",,,,,,,
"US1MIDL0004","GLADSTONE 2.1 SW, MI US","45.83218","-87.05727","217.3","2020-05",,,,,,,
"US1MIDL0004","GLADSTONE 2.1 SW, MI US","45.83218","-87.05727","217.3","2020-06",,,,,,,
"USW00014838","MARQUETTE, MI US","46.5458","-87.3795","186.8","2020-01","0.0","-13.3","3.3","2410.5","-4.2","-1.7","-6.7"
"USW00014838","MARQUETTE, MI US","46.5458","-87.3795","186.8","2020-02","0.0","-18.3","11.7","3082.5","-5.6","-1.9","-9.4"
"USW00014838","MARQUETTE, MI US","46.5458","-87.3795","186.8","2020-03","0.0","-9.4","12.2","3664.8","-0.4","2.6","-3.5"
"USW00014838","MARQUETTE, MI US","46.5458","-87.3795","186.8","2020-04","0.0","-7.2","14.4","4146.7","2.3","5.9","-1.4"
"USW00014838","MARQUETTE, MI US","46.5458","-87.3795","186.8","2020-05","5.0","-4.4","31.1","4451.8","8.6","13.0","4.3"
"USW00014838","MARQUETTE, MI US","46.5458","-87.3795","186.8","2020-06","32.6","4.4","30.6","4530.7","16.6","22.3","10.9"
"US1MIMB0054","UTICA 2.9 E, MI US","42.635189","-82.965289","183.5","2020-01",,,,,,,
"US1MIMB0054","UTICA 2.9 E, MI US","42.635189","-82.965289","183.5","2020-02",,,,,,,
"US1MIMB0054","UTICA 2.9 E, MI US","42.635189","-82.965289","183.5","2020-03",,,,,,,
"US1MIMB0054","UTICA 2.9 E, MI US","42.635189","-82.965289","183.5","2020-04",,,,,,,
"US1MIMB0054","UTICA 2.9 E, MI US","42.635189","-82.965289","183.5","2020-05",,,,,,,
"US1MIMB0054","UTICA 2.9 E, MI US","42.635189","-82.965289","183.5","2020-06",,,,,,,
"USW00014836","LANSING CAPITAL CITY AIRPORT, MI US","42.77609","-84.59972","261.2","2020-01","0.0","-14.3","10.6","1962.8","-0.9","1.9","-3.7"
"USW00014836","LANSING CAPITAL CITY AIRPORT, MI US","42.77609","-84.59972","261.2","2020-02","0.0","-18.2","10.0","2578.1","-2.9","0.9","-6.6"
"USW00014836","LANSING CAPITAL CITY AIRPORT, MI US","42.77609","-84.59972","261.2","2020-03","0.0","-7.7","16.7","3025.0","3.9","8.8","-1.0"
"USW00014836","LANSING CAPITAL CITY AIRPORT, MI US","42.77609","-84.59972","261.2","2020-04","0.0","-5.5","22.2","3376.2","6.6","12.1","1.1"
"USW00014836","LANSING CAPITAL CITY AIRPORT, MI US","42.77609","-84.59972","261.2","2020-05","27.5","-3.8","31.1","3546.3","13.7","19.3","8.2"
"USW00014836","LANSING CAPITAL CITY AIRPORT, MI US","42.77609","-84.59972","261.2","2020-06","122.7","5.6","33.9","3566.8","20.8","27.7","14.0"
"USC00203530","HALFWAY LAKE, MI US","46.4748","-85.5925","258.2","2020-01",,,,,,,
"USC00203530","HALFWAY LAKE, MI US","46.4748","-85.5925","258.2","2020-02",,,,,,,
"USC00203530","HALFWAY LAKE, MI US","46.4748","-85.5925","258.2","2020-03",,,,,,,
"USC00203530","HALFWAY LAKE, MI US","46.4748","-85.5925","258.2","2020-05",,,,,,,
"USC00201476","CHARLOTTE, MI US","42.5499","-84.825","274.9","2020-02",,,,,,,
"USC00201476","CHARLOTTE, MI US","42.5499","-84.825","274.9","2020-03",,,,,,,
"USC00201476","CHARLOTTE, MI US","42.5499","-84.825","274.9","2020-04",,,,,,,
"USC00201476","CHARLOTTE, MI US","42.5499","-84.825","274.9","2020-05",,,,,,,
"USC00201476","CHARLOTTE, MI US","42.5499","-84.825","274.9","2020-06",,,,,,,
"USC00203413","GREEN GARDEN NUMBER 2, MI US","46.4533","-87.3038","205.7","2020-01",,,,,,,
"USC00203413","GREEN GARDEN NUMBER 2, MI US","46.4533","-87.3038","205.7","2020-02",,,,,,,
"USC00203413","GREEN GARDEN NUMBER 2, MI US","46.4533","-87.3038","205.7","2020-03",,,,,,,
"USC00203413","GREEN GARDEN NUMBER 2, MI US","46.4533","-87.3038","205.7","2020-04",,,,,,,
"USC00203413","GREEN GARDEN NUMBER 2, MI US","46.4533","-87.3038","205.7","2020-05",,,,,,,
"USC00203413","GREEN GARDEN NUMBER 2, MI US","46.4533","-87.3038","205.7","2020-06",,,,,,,
"USC00205713","MUSKEGON 4 SE, MI US","43.1839","-86.2037","192.9","2020-01",,,,,,,
"USC00205713","MUSKEGON 4 SE, MI US","43.1839","-86.2037","192.9","2020-02",,,,,,,
"USC00204502","LAKE CITY EXPERIMENTAL FARM, MI US","44.3088","-85.205","374.9","2020-01","0.0","-18.9","7.2","2446.5","-3.8","-0.3","-7.2"
"USC00204502","LAKE CITY EXPERIMENTAL FARM, MI US","44.3088","-85.205","374.9","2020-02","0.0","-20.6","8.3","3141.1","-5.6","-0.4","-10.8"
"USC00204502","LAKE CITY EXPERIMENTAL FARM, MI US","44.3088","-85.205","374.9","2020-03","0.0","-15.0","13.9","3703.2","0.2","5.6","-5.2"
"USC00204502","LAKE CITY EXPERIMENTAL FARM, MI US","44.3088","-85.205","374.9","2020-04","0.0","-11.1","18.9","4146.5","3.6","9.9","-2.8"
"USC00204502","LAKE CITY EXPERIMENTAL FARM, MI US","44.3088","-85.205","374.9","2020-05","15.8","-7.2","31.1","4395.4","10.8","17.7","3.9"
"USC00204502","LAKE CITY EXPERIMENTAL FARM, MI US","44.3088","-85.205","374.9","2020-06","54.8","1.1","31.7","4458.5","17.5","25.8","9.3"
"USC00200146","ALMA, MI US","43.38686","-84.64818","221.9","2020-01",,,,,,,
"USC00200146","ALMA, MI US","43.38686","-84.64818","221.9","2020-02",,,,,,,
"USC00200146","ALMA, MI US","43.38686","-84.64818","221.9","2020-03",,,,,,,
"USC00200146","ALMA, MI US","43.38686","-84.64818","221.9","2020-04",,,,,,,
"USC00200146","ALMA, MI US","43.38686","-84.64818","221.9","2020-05",,,,,,,
"USC00200146","ALMA, MI US","43.38686","-84.64818","221.9","2020-06",,,,,,,
"US1MIMR0016","OTTAWA LAKE 1.4 SSW, MI US","41.782787","-83.738953","209.7","2020-01",,,,,,,
"US1MIMR0016","OTTAWA LAKE 1.4 SSW, MI US","41.782787","-83.738953","209.7","2020-02",,,,,,,
"US1MIMR0016","OTTAWA LAKE 1.4 SSW, MI US","41.782787","-83.738953","209.7","2020-03",,,,,,,
"US1MIMR0016","OTTAWA LAKE 1.4 SSW, MI US","41.782787","-83.738953","209.7","2020-04",,,,,,,
"US1MIMR0016","OTTAWA LAKE 1.4 SSW, MI US","41.782787","-83.738953","209.7","2020-05",,,,,,,
"US1MIMR0016","OTTAWA LAKE 1.4 SSW, MI US","41.782787","-83.738953","209.7","2020-06",,,,,,,
"US1MIAP0002","OSSINEKE 1.0 NNE, MI US","44.9215","-83.427","180.1","2020-01",,,,,,,
"US1MIAP0002","OSSINEKE 1.0 NNE, MI US","44.9215","-83.427","180.1","2020-02",,,,,,,
"US1MIAP0002","OSSINEKE 1.0 NNE, MI US","44.9215","-83.427","180.1","2020-03",,,,,,,
"US1MIAP0002","OSSINEKE 1.0 NNE, MI US","44.9215","-83.427","180.1","2020-04",,,,,,,
"US1MIAP0002","OSSINEKE 1.0 NNE, MI US","44.9215","-83.427","180.1","2020-05",,,,,,,
"US1MIAP0002","OSSINEKE 1.0 NNE, MI US","44.9215","-83.427","180.1","2020-06",,,,,,,
"USC00208443","VASSAR, MI US","43.3656","-83.5828","192.0","2020-01","0.0","-17.2","9.4","1899.1","-1.1","1.9","-4.0"
"USC00208443","VASSAR, MI US","43.3656","-83.5828","192.0","2020-02","0.0","-23.3","11.1","2481.6","-3.2","1.4","-7.9"
"USC00208443","VASSAR, MI US","43.3656","-83.5828","192.0","2020-04",,"-6.1","21.1",,"5.2","11.8","-1.4"
"USC00208443","VASSAR, MI US","43.3656","-83.5828","192.0","2020-05",,"-5.0","32.8",,"12.1","18.6","5.6"
"USC00208443","VASSAR, MI US","43.3656","-83.5828","192.0","2020-06",,"3.3","32.8",,"18.8","27.0","10.5"
"USC00205050","MANCHESTER, MI US","42.1508","-84.0236","294.1","2020-01","0.0","-13.3","12.8","1926.8","-0.8","2.6","-4.1"
"USC00205050","MANCHESTER, MI US","42.1508","-84.0236","294.1","2020-02","0.0","-17.2","11.7","2522.5","-2.2","2.3","-6.7"
"USC00205050","MANCHESTER, MI US","42.1508","-84.0236","294.1","2020-03","0.0","-10.6","17.2","2961.8","4.2","9.6","-1.2"
"USC00205050","MANCHESTER, MI US","42.1508","-84.0236","294.1","2020-04","0.0","-5.6","22.8","3309.3","6.8","12.8","0.7"
"USC00205050","MANCHESTER, MI US","42.1508","-84.0236","294.1","2020-05","25.6","-3.3","32.8","3480.4","13.6","19.5","7.8"
"USC00205050","MANCHESTER, MI US","42.1508","-84.0236","294.1","2020-06","102.3","5.0","33.3","3503.1","20.1","27.6","12.7"
"USC00208202","TIPTON 2 WNW, MI US","42.0283","-84.1108","295.7","2020-01","0.0","-11.1","12.8",,"-0.5","3.1","-4.1"
"USC00208202","TIPTON 2 WNW, MI US","42.0283","-84.1108","295.7","2020-02","0.0","-19.4","11.1",,"-2.5","2.4","-7.3"
"USC00208202","TIPTON 2 WNW, MI US","42.0283","-84.1108","295.7","2020-03","0.0","-11.7","16.7",,"3.0","8.8","-2.7"
"USC00208202","TIPTON 2 WNW, MI US","42.0283","-84.1108","295.7","2020-04","0.0","-7.8","22.8",,"5.5","12.4","-1.4"
"USC00208202","TIPTON 2 WNW, MI US","42.0283","-84.1108","295.7","2020-05",,"-3.9",,,,,"6.9"
"USC00208202","TIPTON 2 WNW, MI US","42.0283","-84.1108","295.7","2020-06",,"4.4","33.9",,"19.7","27.7","11.7"
"US1MIKN0102","LOWELL 5.5 NW, MI US","42.987608","-85.424039","253.3","2020-04",,,,,,,
"US1MIKN0102","LOWELL 5.5 NW, MI US","42.987608","-85.424039","253.3","2020-05",,,,,,,
"US1MIKN0102","LOWELL 5.5 NW, MI US","42.987608","-85.424039","253.3","2020-06",,,,,,,
"US1MIBN0004","NILES 2.7 W, MI US","41.83705","-86.30048","219.2","2020-01",,,,,,,
"US1MIBN0004","NILES 2.7 W, MI US","41.83705","-86.30048","219.2","2020-02",,,,,,,
"US1MIBN0004","NILES 2.7 W, MI US","41.83705","-86.30048","219.2","2020-03",,,,,,,
"US1MIBN0004","NILES 2.7 W, MI US","41.83705","-86.30048","219.2","2020-04",,,,,,,
"US1MIBN0004","NILES 2.7 W, MI US","41.83705","-86.30048","219.2","2020-05",,,,,,,
"US1MIBN0004","NILES 2.7 W, MI US","41.83705","-86.30048","219.2","2020-06",,,,,,,
"US1MIBN0003","BUCHANAN 1.4 ESE, MI US","41.818287","-86.342251","231.3","2020-01",,,,,,,
"US1MIBN0003","BUCHANAN 1.4 ESE, MI US","41.818287","-86.342251","231.3","2020-02",,,,,,,
"US1MIBN0003","BUCHANAN 1.4 ESE, MI US","41.818287","-86.342251","231.3","2020-03",,,,,,,
"US1MIBN0003","BUCHANAN 1.4 ESE, MI US","41.818287","-86.342251","231.3","2020-04",,,,,,,
"US1MIBN0003","BUCHANAN 1.4 ESE, MI US","41.818287","-86.342251","231.3","2020-05",,,,,,,
"US1MIBN0003","BUCHANAN 1.4 ESE, MI US","41.818287","-86.342251","231.3","2020-06",,,,,,,
"US1MIBN0002","STEVENSVILLE 1.7 SSE, MI US","41.991137","-86.508585","187.8","2020-01",,,,,,,
"US1MIBN0002","STEVENSVILLE 1.7 SSE, MI US","41.991137","-86.508585","187.8","2020-02",,,,,,,
"US1MIBN0002","STEVENSVILLE 1.7 SSE, MI US","41.991137","-86.508585","187.8","2020-03",,,,,,,
"US1MIBN0002","STEVENSVILLE 1.7 SSE, MI US","41.991137","-86.508585","187.8","2020-04",,,,,,,
"US1MIBN0002","STEVENSVILLE 1.7 SSE, MI US","41.991137","-86.508585","187.8","2020-05",,,,,,,
"US1MIBN0002","STEVENSVILLE 1.7 SSE, MI US","41.991137","-86.508585","187.8","2020-06",,,,,,,
"US1MIWY0070","GROSSE ILE 1.6 N, MI US","42.1510887145996","-83.1492309570313","181.1","2020-01",,,,,,,
"US1MIWY0070","GROSSE ILE 1.6 N, MI US","42.1510887145996","-83.1492309570313","181.1","2020-02",,,,,,,
"US1MIWY0070","GROSSE ILE 1.6 N, MI US","42.1510887145996","-83.1492309570313","181.1","2020-03",,,,,,,
"US1MIWY0070","GROSSE ILE 1.6 N, MI US","42.1510887145996","-83.1492309570313","181.1","2020-04",,,,,,,
"US1MIWY0070","GROSSE ILE 1.6 N, MI US","42.1510887145996","-83.1492309570313","181.1","2020-05",,,,,,,
"US1MIWY0070","GROSSE ILE 1.6 N, MI US","42.1510887145996","-83.1492309570313","181.1","2020-06",,,,,,,
"USC00208682","WATERSMEET 12 WSW, MI US","46.2231","-89.4085","515.1","2020-01",,,,,,,
"USC00208682","WATERSMEET 12 WSW, MI US","46.2231","-89.4085","515.1","2020-02",,,,,,,
"USC00208682","WATERSMEET 12 WSW, MI US","46.2231","-89.4085","515.1","2020-03",,,,,,,
"USC00208682","WATERSMEET 12 WSW, MI US","46.2231","-89.4085","515.1","2020-04",,,,,,,
"USC00208682","WATERSMEET 12 WSW, MI US","46.2231","-89.4085","515.1","2020-05",,,,,,,
"USC00208682","WATERSMEET 12 WSW, MI US","46.2231","-89.4085","515.1","2020-06",,,,,,,
"USC00200718","BERGLAND DAM, MI US","46.5869","-89.5475","396.2","2020-01","0.0","-26.1","0.0",,"-7.8","-3.9","-11.7"
"USC00200718","BERGLAND DAM, MI US","46.5869","-89.5475","396.2","2020-02","0.0","-31.1","8.3",,"-9.8","-3.1","-16.5"
"USC00200718","BERGLAND DAM, MI US","46.5869","-89.5475","396.2","2020-03","0.0","-22.8","11.1",,"-3.0","3.2","-9.2"
"USC00200718","BERGLAND DAM, MI US","46.5869","-89.5475","396.2","2020-04","0.0","-12.2","16.1",,"1.2","7.4","-4.9"
"USC00200718","BERGLAND DAM, MI US","46.5869","-89.5475","396.2","2020-05","11.6","-5.6","29.4",,"9.9","16.9","2.8"
"USC00200718","BERGLAND DAM, MI US","46.5869","-89.5475","396.2","2020-06","43.5","-0.6","32.8",,"17.3","24.6","9.9"
"US1MIKN0109","EAST GRAND RAPIDS 1.2 WNW, MI US","42.955757","-85.626862","228.0","2020-05",,,,,,,
"US1MIKN0109","EAST GRAND RAPIDS 1.2 WNW, MI US","42.955757","-85.626862","228.0","2020-06",,,,,,,
"US1MINW0007","WHITE CLOUD 2.9 NW, MI US","43.591","-85.798","294.7","2020-01",,,,,,,
"US1MINW0007","WHITE CLOUD 2.9 NW, MI US","43.591","-85.798","294.7","2020-02",,,,,,,
"US1MINW0007","WHITE CLOUD 2.9 NW, MI US","43.591","-85.798","294.7","2020-03",,,,,,,
"US1MINW0007","WHITE CLOUD 2.9 NW, MI US","43.591","-85.798","294.7","2020-04",,,,,,,
"US1MINW0007","WHITE CLOUD 2.9 NW, MI US","43.591","-85.798","294.7","2020-05",,,,,,,
"US1MINW0007","WHITE CLOUD 2.9 NW, MI US","43.591","-85.798","294.7","2020-06",,,,,,,
"US1MIKN0108","LOWELL 0.6 W, MI US","42.93447","-85.35712","197.2","2020-05",,,,,,,
"US1MIKN0108","LOWELL 0.6 W, MI US","42.93447","-85.35712","197.2","2020-06",,,,,,,
"US1MINW0002","GRANT 4.8 NW, MI US","43.381844","-85.879724","189.9","2020-06",,,,,,,
"US1MIKN0106","LOWELL 5.5 N, MI US","43.0124","-85.3512","245.4","2020-03",,,,,,,
"US1MIKN0106","LOWELL 5.5 N, MI US","43.0124","-85.3512","245.4","2020-04",,,,,,,
"US1MIKN0106","LOWELL 5.5 N, MI US","43.0124","-85.3512","245.4","2020-05",,,,,,,
"US1MIKN0106","LOWELL 5.5 N, MI US","43.0124","-85.3512","245.4","2020-06",,,,,,,
"USC00200710","BENTON HARBOR AIRPORT, MI US","42.1245","-86.4266","190.5","2020-01","0.0","-13.3","11.7","1729.9","-0.1","3.6","-3.8"
"USC00200710","BENTON HARBOR AIRPORT, MI US","42.1245","-86.4266","190.5","2020-02","0.0","-15.0","12.2","2263.2","-1.4","2.4","-5.3"
"USC00200710","BENTON HARBOR AIRPORT, MI US","42.1245","-86.4266","190.5","2020-03","0.0","-8.9","17.8","2676.4","4.1","9.4","-1.2"
"USC00200710","BENTON HARBOR AIRPORT, MI US","42.1245","-86.4266","190.5","2020-04","0.0","-6.7","24.4","2977.5","7.6","13.8","1.4"
"USC00200710","BENTON HARBOR AIRPORT, MI US","42.1245","-86.4266","190.5","2020-05","34.4","-1.7","33.3","3128.5","14.6","20.3","8.9"
"USC00200710","BENTON HARBOR AIRPORT, MI US","42.1245","-86.4266","190.5","2020-06","132.1","5.6","34.4","3140.1","21.3","28.6","14.0"
"US1MIOK0035","WATERFORD 2.1 NW, MI US","42.687418","-83.413166","299.3","2020-01",,,,,,,
"US1MIOK0035","WATERFORD 2.1 NW, MI US","42.687418","-83.413166","299.3","2020-02",,,,,,,
"US1MIOK0035","WATERFORD 2.1 NW, MI US","42.687418","-83.413166","299.3","2020-03",,,,,,,
"US1MIOK0035","WATERFORD 2.1 NW, MI US","42.687418","-83.413166","299.3","2020-04",,,,,,,
"US1MIOK0035","WATERFORD 2.1 NW, MI US","42.687418","-83.413166","299.3","2020-05",,,,,,,
"US1MIOK0035","WATERFORD 2.1 NW, MI US","42.687418","-83.413166","299.3","2020-06",,,,,,,
"US1MIOK0031","WATERFORD 2.6 N, MI US","42.70081","-83.39073","294.1","2020-04",,,,,,,
"US1MIOK0031","WATERFORD 2.6 N, MI US","42.70081","-83.39073","294.1","2020-05",,,,,,,
"US1MIOK0031","WATERFORD 2.6 N, MI US","42.70081","-83.39073","294.1","2020-06",,,,,,,
"US1MIKZ0025","PORTAGE 0.8 WSW, MI US","42.19781","-85.60467","267.0","2020-03",,,,,,,
"US1MIKZ0025","PORTAGE 0.8 WSW, MI US","42.19781","-85.60467","267.0","2020-04",,,,,,,
"US1MIKZ0025","PORTAGE 0.8 WSW, MI US","42.19781","-85.60467","267.0","2020-05",,,,,,,
"US1MIMR0004","MONROE 3.0 S, MI US","41.872635","-83.380939","182.3","2020-01",,,,,,,
"US1MIMR0004","MONROE 3.0 S, MI US","41.872635","-83.380939","182.3","2020-02",,,,,,,
"US1MIMR0004","MONROE 3.0 S, MI US","41.872635","-83.380939","182.3","2020-03",,,,,,,
"US1MIMR0004","MONROE 3.0 S, MI US","41.872635","-83.380939","182.3","2020-04",,,,,,,
"US1MIMR0004","MONROE 3.0 S, MI US","41.872635","-83.380939","182.3","2020-05",,,,,,,
"US1MIMR0004","MONROE 3.0 S, MI US","41.872635","-83.380939","182.3","2020-06",,,,,,,
"USC00207364","SAULT STE MARIE, MI US","46.48913","-84.31932","183.5","2020-01","0.0","-21.7","2.2","2636.2","-5.1","-2.1","-8.1"
"USC00207364","SAULT STE MARIE, MI US","46.48913","-84.31932","183.5","2020-02","0.0","-25.0","6.1","3402.3","-8.1","-2.7","-13.4"
"USC00207364","SAULT STE MARIE, MI US","46.48913","-84.31932","183.5","2020-03","0.0","-19.4","11.1","4045.8","-2.4","2.9","-7.7"
"USC00207364","SAULT STE MARIE, MI US","46.48913","-84.31932","183.5","2020-04","0.0","-7.8","16.1","4541.3","1.8","6.9","-3.2"
"USC00207364","SAULT STE MARIE, MI US","46.48913","-84.31932","183.5","2020-05","15.7","-5.0","32.2","4821.2","9.8","15.9","3.7"
"USC00207364","SAULT STE MARIE, MI US","46.48913","-84.31932","183.5","2020-06","39.1","1.1","31.1","4918.8","15.9","22.8","8.9"
"USC00206398","PAULDING, MI US","46.3976","-89.1794","416.7","2020-01","0.0","-25.0","0.6","2881.6","-7.2","-3.2","-11.3"
"USC00206398","PAULDING, MI US","46.3976","-89.1794","416.7","2020-02","0.0","-30.0","10.6","3635.5","-8.8","-2.3","-15.3"
"USC00206398","PAULDING, MI US","46.3976","-89.1794","416.7","2020-03","0.0","-22.2","13.9","4249.4","-2.1","3.8","-8.0"
"USC00206398","PAULDING, MI US","46.3976","-89.1794","416.7","2020-04","0.0","-16.7","16.7","4727.1","1.9","8.1","-4.4"
"USC00206398","PAULDING, MI US","46.3976","-89.1794","416.7","2020-05","17.1","-7.8","31.1","5008.7","9.8","17.1","2.5"
"USC00206398","PAULDING, MI US","46.3976","-89.1794","416.7","2020-06","50.0","-1.7","33.9","5092.9","16.6","24.6","8.7"
"US1MIMR0009","CARLETON 2.5 S, MI US","42.0212526619434","-83.3944923430681","187.5","2020-01",,,,,,,
"US1MIMR0009","CARLETON 2.5 S, MI US","42.0212526619434","-83.3944923430681","187.5","2020-02",,,,,,,
"US1MIMR0009","CARLETON 2.5 S, MI US","42.0212526619434","-83.3944923430681","187.5","2020-03",,,,,,,
"US1MIMR0009","CARLETON 2.5 S, MI US","42.0212526619434","-83.3944923430681","187.5","2020-04",,,,,,,
"US1MIMR0009","CARLETON 2.5 S, MI US","42.0212526619434","-83.3944923430681","187.5","2020-05",,,,,,,
"US1MIMR0009","CARLETON 2.5 S, MI US","42.0212526619434","-83.3944923430681","187.5","2020-06",,,,,,,
"USC00205065","MANISTEE 3 SE, MI US","44.2113","-86.2938","204.2","2020-01","0.0","-10.6","8.9","2072.9","-1.4","1.2","-3.9"
"USC00205065","MANISTEE 3 SE, MI US","44.2113","-86.2938","204.2","2020-02","0.0","-13.3","6.7","2704.8","-3.5","-0.3","-6.6"
"USC00205065","MANISTEE 3 SE, MI US","44.2113","-86.2938","204.2","2020-03","0.0","-8.3","13.9","3194.5","2.5","6.6","-1.5"
"USC00205065","MANISTEE 3 SE, MI US","44.2113","-86.2938","204.2","2020-04","0.0","-5.0","19.4","3604.0","4.7","9.7","-0.3"
"USC00205065","MANISTEE 3 SE, MI US","44.2113","-86.2938","204.2","2020-05","17.8","-3.9","30.0","3822.8","11.9","16.9","6.9"
"USC00205065","MANISTEE 3 SE, MI US","44.2113","-86.2938","204.2","2020-06","68.8","5.0","32.2","3867.8","18.5","25.0","12.1"
"US1MIMG0019","NORTH MUSKEGON 2.4 NW, MI US","43.2774122804403","-86.302200704813","188.1","2020-05",,,,,,,
"US1MIMG0019","NORTH MUSKEGON 2.4 NW, MI US","43.2774122804403","-86.302200704813","188.1","2020-06",,,,,,,
"USC00204090","IRON MTN KINGSFORD WWTP, MI US","45.7858","-88.0841","326.4","2020-01","0.0","-22.8","3.9","2619.1","-5.9","-1.7","-10.1"
"USC00204090","IRON MTN KINGSFORD WWTP, MI US","45.7858","-88.0841","326.4","2020-02","0.0","-24.4","11.7","3353.5","-7.0","-0.4","-13.6"
"USC00204090","IRON MTN KINGSFORD WWTP, MI US","45.7858","-88.0841","326.4","2020-03","0.0","-13.3","15.0","3918.3","0.1","5.0","-4.8"
"USC00204090","IRON MTN KINGSFORD WWTP, MI US","45.7858","-88.0841","326.4","2020-04","0.0","-13.3","17.2","4378.1","3.0","8.9","-2.9"
"USC00204090","IRON MTN KINGSFORD WWTP, MI US","45.7858","-88.0841","326.4","2020-05","17.8","-4.4","29.4","4612.2","11.4","17.6","5.1"
"USC00204090","IRON MTN KINGSFORD WWTP, MI US","45.7858","-88.0841","326.4","2020-06","71.1","2.8","33.3","4664.1","18.4","25.5","11.3"
"US1MIMG0018","NORTON SHORES 2.3 SSE, MI US","43.1269","-86.2431","182.6","2020-02",,,,,,,
"US1MIMG0018","NORTON SHORES 2.3 SSE, MI US","43.1269","-86.2431","182.6","2020-03",,,,,,,
"US1MIMG0018","NORTON SHORES 2.3 SSE, MI US","43.1269","-86.2431","182.6","2020-05",,,,,,,
"US1MIMG0018","NORTON SHORES 2.3 SSE, MI US","43.1269","-86.2431","182.6","2020-06",,,,,,,
"US1MIAP0001","ALPENA 1.6 SSW, MI US","45.051565","-83.44876","178.9","2020-01",,,,,,,
"US1MIAP0001","ALPENA 1.6 SSW, MI US","45.051565","-83.44876","178.9","2020-02",,,,,,,
"US1MIAP0001","ALPENA 1.6 SSW, MI US","45.051565","-83.44876","178.9","2020-03",,,,,,,
"US1MIAP0001","ALPENA 1.6 SSW, MI US","45.051565","-83.44876","178.9","2020-04",,,,,,,
"US1MIAP0001","ALPENA 1.6 SSW, MI US","45.051565","-83.44876","178.9","2020-05",,,,,,,
"US1MIAP0001","ALPENA 1.6 SSW, MI US","45.051565","-83.44876","178.9","2020-06",,,,,,,
"USC00205195","MARSHALL, MI US","42.26477","-84.9696","272.8","2020-01",,,,,,,
"USC00205195","MARSHALL, MI US","42.26477","-84.9696","272.8","2020-02",,,,,,,
"USC00205195","MARSHALL, MI US","42.26477","-84.9696","272.8","2020-03",,,,,,,
"USC00205195","MARSHALL, MI US","42.26477","-84.9696","272.8","2020-04",,,,,,,
"USC00205195","MARSHALL, MI US","42.26477","-84.9696","272.8","2020-05",,,,,,,
"USC00205195","MARSHALL, MI US","42.26477","-84.9696","272.8","2020-06",,,,,,,
"USC00205073","MANISTIQUE WWTP, MI US","45.9512","-86.2513","182.9","2020-01","0.0","-15.0","3.9","2490.8","-4.4","-1.1","-7.7"
"USC00205073","MANISTIQUE WWTP, MI US","45.9512","-86.2513","182.9","2020-02","0.0","-21.7","6.1","3228.4","-7.1","-2.5","-11.7"
"USC00205073","MANISTIQUE WWTP, MI US","45.9512","-86.2513","182.9","2020-03","0.0","-12.2","6.1","3828.4","-1.0","1.9","-4.0"
"USC00205073","MANISTIQUE WWTP, MI US","45.9512","-86.2513","182.9","2020-04","0.0","-7.8","14.4","4329.0","1.6","5.4","-2.1"
"USC00205073","MANISTIQUE WWTP, MI US","45.9512","-86.2513","182.9","2020-05","0.0","-3.9","18.9","4642.8","8.2","12.2","4.2"
"USC00205073","MANISTIQUE WWTP, MI US","45.9512","-86.2513","182.9","2020-06","2.8","3.3","25.0","4752.2","14.8","19.1","10.4"
"US1MICT0018","LAINGSBURG 2.1 NNW, MI US","42.9166107","-84.3680344","250.9","2020-04",,,,,,,
"US1MICT0018","LAINGSBURG 2.1 NNW, MI US","42.9166107","-84.3680344","250.9","2020-05",,,,,,,
"US1MICT0018","LAINGSBURG 2.1 NNW, MI US","42.9166107","-84.3680344","250.9","2020-06",,,,,,,
"US1MICT0011","DEWITT 1.0 NNW, MI US","42.849203","-84.584367","258.5","2020-04",,,,,,,
"US1MICT0011","DEWITT 1.0 NNW, MI US","42.849203","-84.584367","258.5","2020-05",,,,,,,
"US1MICT0011","DEWITT 1.0 NNW, MI US","42.849203","-84.584367","258.5","2020-06",,,,,,,
"US1MICS0010","THREE RIVERS 7.2 WSW, MI US","41.90317","-85.76184","271.3","2020-01",,,,,,,
"US1MICS0010","THREE RIVERS 7.2 WSW, MI US","41.90317","-85.76184","271.3","2020-02",,,,,,,
"US1MICS0010","THREE RIVERS 7.2 WSW, MI US","41.90317","-85.76184","271.3","2020-03",,,,,,,
"US1MICS0010","THREE RIVERS 7.2 WSW, MI US","41.90317","-85.76184","271.3","2020-04",,,,,,,
"US1MICS0010","THREE RIVERS 7.2 WSW, MI US","41.90317","-85.76184","271.3","2020-05",,,,,,,
"US1MICS0010","THREE RIVERS 7.2 WSW, MI US","41.90317","-85.76184","271.3","2020-06",,,,,,,
"US1MICS0011","CASSOPOLIS 9.0 SSE, MI US","41.789096","-85.949489","259.1","2020-06",,,,,,,
"US1MIKN0008","GRAND RAPIDS 3.1 NNE, MI US","43.0053","-85.641146","212.4","2020-01",,,,,,,
"US1MIKN0008","GRAND RAPIDS 3.1 NNE, MI US","43.0053","-85.641146","212.4","2020-02",,,,,,,
"US1MIKN0008","GRAND RAPIDS 3.1 NNE, MI US","43.0053","-85.641146","212.4","2020-03",,,,,,,
"US1MIKN0008","GRAND RAPIDS 3.1 NNE, MI US","43.0053","-85.641146","212.4","2020-04",,,,,,,
"US1MIKN0008","GRAND RAPIDS 3.1 NNE, MI US","43.0053","-85.641146","212.4","2020-05",,,,,,,
"US1MIKN0008","GRAND RAPIDS 3.1 NNE, MI US","43.0053","-85.641146","212.4","2020-06",,,,,,,
"US1MICS0005","NILES 3.5 E, MI US","41.840575709939","-86.1795915663242","233.5","2020-01",,,,,,,
"US1MICS0005","NILES 3.5 E, MI US","41.840575709939","-86.1795915663242","233.5","2020-02",,,,,,,
"US1MICS0005","NILES 3.5 E, MI US","41.840575709939","-86.1795915663242","233.5","2020-03",,,,,,,
"US1MICS0005","NILES 3.5 E, MI US","41.840575709939","-86.1795915663242","233.5","2020-04",,,,,,,
"US1MICS0005","NILES 3.5 E, MI US","41.840575709939","-86.1795915663242","233.5","2020-05",,,,,,,
"US1MICS0005","NILES 3.5 E, MI US","41.840575709939","-86.1795915663242","233.5","2020-06",,,,,,,
"US1MIOK0051","FARMINGTON HILLS 2.3 WNW, MI US","42.4935029","-83.41952","265.8","2020-04",,,,,,,
"US1MIOK0051","FARMINGTON HILLS 2.3 WNW, MI US","42.4935029","-83.41952","265.8","2020-05",,,,,,,
"US1MIOK0051","FARMINGTON HILLS 2.3 WNW, MI US","42.4935029","-83.41952","265.8","2020-06",,,,,,,
"US1MIOK0050","WHITE LAKE 5.2 SSE, MI US","42.617482","-83.543782","291.7","2020-01",,,,,,,
"US1MIOK0050","WHITE LAKE 5.2 SSE, MI US","42.617482","-83.543782","291.7","2020-02",,,,,,,
"US1MIOK0050","WHITE LAKE 5.2 SSE, MI US","42.617482","-83.543782","291.7","2020-04",,,,,,,
"US1MIOK0050","WHITE LAKE 5.2 SSE, MI US","42.617482","-83.543782","291.7","2020-05",,,,,,,
"US1MIOK0050","WHITE LAKE 5.2 SSE, MI US","42.617482","-83.543782","291.7","2020-06",,,,,,,
"USC00206158","OLD MISSION 3 SSW, MI US","44.9215","-85.5161","199.9","2020-01",,,,,,,
"USC00206158","OLD MISSION 3 SSW, MI US","44.9215","-85.5161","199.9","2020-02",,,,,,,
"USC00206158","OLD MISSION 3 SSW, MI US","44.9215","-85.5161","199.9","2020-03",,,,,,,
"USC00206158","OLD MISSION 3 SSW, MI US","44.9215","-85.5161","199.9","2020-04",,,,,,,
"USC00206158","OLD MISSION 3 SSW, MI US","44.9215","-85.5161","199.9","2020-05",,,,,,,
"USC00206158","OLD MISSION 3 SSW, MI US","44.9215","-85.5161","199.9","2020-06",,,,,,,
"US1MILL0001","NORTHPORT 5.0 SSW, MI US","45.061489","-85.648567","273.7","2020-01",,,,,,,
"US1MILL0001","NORTHPORT 5.0 SSW, MI US","45.061489","-85.648567","273.7","2020-02",,,,,,,
"US1MILL0001","NORTHPORT 5.0 SSW, MI US","45.061489","-85.648567","273.7","2020-03",,,,,,,
"US1MILL0001","NORTHPORT 5.0 SSW, MI US","45.061489","-85.648567","273.7","2020-04",,,,,,,
"US1MILL0001","NORTHPORT 5.0 SSW, MI US","45.061489","-85.648567","273.7","2020-05",,,,,,,
"US1MILL0001","NORTHPORT 5.0 SSW, MI US","45.061489","-85.648567","273.7","2020-06",,,,,,,
"US1MIKN0016","GRAND RAPIDS 2.5 ENE, MI US","42.9697","-85.6075","233.8","2020-01",,,,,,,
"US1MIKN0016","GRAND RAPIDS 2.5 ENE, MI US","42.9697","-85.6075","233.8","2020-02",,,,,,,
"US1MIKN0016","GRAND RAPIDS 2.5 ENE, MI US","42.9697","-85.6075","233.8","2020-03",,,,,,,
"US1MIKN0016","GRAND RAPIDS 2.5 ENE, MI US","42.9697","-85.6075","233.8","2020-04",,,,,,,
"US1MIKN0016","GRAND RAPIDS 2.5 ENE, MI US","42.9697","-85.6075","233.8","2020-05",,,,,,,
"US1MIKN0016","GRAND RAPIDS 2.5 ENE, MI US","42.9697","-85.6075","233.8","2020-06",,,,,,,
"US1MINW0010","WHITE CLOUD 9.6 E, MI US","43.525879","-85.584618","260.9","2020-02",,,,,,,
"US1MINW0010","WHITE CLOUD 9.6 E, MI US","43.525879","-85.584618","260.9","2020-03",,,,,,,
"US1MINW0010","WHITE CLOUD 9.6 E, MI US","43.525879","-85.584618","260.9","2020-04",,,,,,,
"US1MINW0010","WHITE CLOUD 9.6 E, MI US","43.525879","-85.584618","260.9","2020-05",,,,,,,
"US1MINW0010","WHITE CLOUD 9.6 E, MI US","43.525879","-85.584618","260.9","2020-06",,,,,,,
"US1MIKN0011","LOWELL 1.4 ESE, MI US","42.923687","-85.322221","215.8","2020-01",,,,,,,
"US1MIKN0011","LOWELL 1.4 ESE, MI US","42.923687","-85.322221","215.8","2020-02",,,,,,,
"US1MIKN0011","LOWELL 1.4 ESE, MI US","42.923687","-85.322221","215.8","2020-03",,,,,,,
"US1MIKN0011","LOWELL 1.4 ESE, MI US","42.923687","-85.322221","215.8","2020-04",,,,,,,
"US1MIKN0011","LOWELL 1.4 ESE, MI US","42.923687","-85.322221","215.8","2020-05",,,,,,,
"US1MIKN0011","LOWELL 1.4 ESE, MI US","42.923687","-85.322221","215.8","2020-06",,,,,,,
"US1MIBN0013","ST. JOSEPH 1.5 SSE, MI US","42.077448","-86.480321","192.6","2020-01",,,,,,,
"US1MIBN0013","ST. JOSEPH 1.5 SSE, MI US","42.077448","-86.480321","192.6","2020-02",,,,,,,
"US1MIBN0013","ST. JOSEPH 1.5 SSE, MI US","42.077448","-86.480321","192.6","2020-03",,,,,,,
"US1MIBN0013","ST. JOSEPH 1.5 SSE, MI US","42.077448","-86.480321","192.6","2020-04",,,,,,,
"US1MIBN0013","ST. JOSEPH 1.5 SSE, MI US","42.077448","-86.480321","192.6","2020-05",,,,,,,
"US1MIBN0013","ST. JOSEPH 1.5 SSE, MI US","42.077448","-86.480321","192.6","2020-06",,,,,,,
"USR0000MWAT","WATERSMEET MICHIGAN, MI US","46.2689","-89.17","489.2","2020-01","0.0","-26.7","1.7","2846.1","-6.9","-2.9","-10.8"
"USR0000MWAT","WATERSMEET MICHIGAN, MI US","46.2689","-89.17","489.2","2020-02","0.0","-28.9","11.7","3632.7","-8.8","-1.5","-16.1"
"USR0000MWAT","WATERSMEET MICHIGAN, MI US","46.2689","-89.17","489.2","2020-03","0.0","-23.3","15.0","4220.1","-0.6","5.3","-6.6"
"USR0000MWAT","WATERSMEET MICHIGAN, MI US","46.2689","-89.17","489.2","2020-04","0.0","-17.2","17.2","4708.6","2.1","8.5","-4.4"
"USR0000MWAT","WATERSMEET MICHIGAN, MI US","46.2689","-89.17","489.2","2020-05","13.6","-7.2","30.0","4971.1","10.3","17.0","3.6"
"USR0000MWAT","WATERSMEET MICHIGAN, MI US","46.2689","-89.17","489.2","2020-06","56.8","-1.1","32.8","5038.0","17.5","25.0","10.1"
"US1MIOK0047","BLOOMFIELD TOWNSHIP 3.1 SW, MI US","42.54516","-83.317685","262.7","2020-02",,,,,,,
"US1MIOK0047","BLOOMFIELD TOWNSHIP 3.1 SW, MI US","42.54516","-83.317685","262.7","2020-03",,,,,,,
"US1MIOK0047","BLOOMFIELD TOWNSHIP 3.1 SW, MI US","42.54516","-83.317685","262.7","2020-05",,,,,,,
"US1MIOK0047","BLOOMFIELD TOWNSHIP 3.1 SW, MI US","42.54516","-83.317685","262.7","2020-06",,,,,,,
"USW00054854","GAYLORD 9 SSW, MI US","44.908","-84.7203","445.3","2020-01","0.0","-16.1","6.0","2508.1","-4.0","-1.5","-6.5"
"USW00054854","GAYLORD 9 SSW, MI US","44.908","-84.7203","445.3","2020-02","0.0","-20.4","8.6","3215.6","-6.1","-2.5","-9.7"
"USW00054854","GAYLORD 9 SSW, MI US","44.908","-84.7203","445.3","2020-03","0.0","-14.5","11.6","3789.8","-0.2","4.1","-4.4"
"USW00054854","GAYLORD 9 SSW, MI US","44.908","-84.7203","445.3","2020-04","0.0","-10.0","16.3","4241.5","3.3","8.5","-1.9"
"USW00054854","GAYLORD 9 SSW, MI US","44.908","-84.7203","445.3","2020-05","18.0","-4.9","31.0","4495.8","10.7","16.7","4.7"
"USW00054854","GAYLORD 9 SSW, MI US","44.908","-84.7203","445.3","2020-06","58.2","3.8","32.2","4549.0","17.9","24.7","11.1"
"USC00200864","BLOOMINGDALE, MI US","42.3838","-85.9626","224.3","2020-01","0.0","-16.1","12.2","1959.3","-1.1","2.6","-4.9"
"USC00200864","BLOOMINGDALE, MI US","42.3838","-85.9626","224.3","2020-02","0.0","-17.2","12.2","2556.1","-2.2","2.4","-6.9"
"USC00200864","BLOOMINGDALE, MI US","42.3838","-85.9626","224.3","2020-03","0.0","-10.6","17.2","3023.9","3.2","8.7","-2.2"
"USC00200864","BLOOMINGDALE, MI US","42.3838","-85.9626","224.3","2020-04","0.0","-5.0","24.4","3383.1","6.4","12.4","0.4"
"USC00200864","BLOOMINGDALE, MI US","42.3838","-85.9626","224.3","2020-05","27.2","-3.9","32.2","3566.6","13.3","19.3","7.2"
"USC00200864","BLOOMINGDALE, MI US","42.3838","-85.9626","224.3","2020-06","113.5","5.0","33.9","3589.4","20.4","27.7","13.2"
"US1MIOK0046","ORCHARD LAKE VILLAGE 0.9 WSW, MI US","42.577345","-83.394211","285.9","2020-01",,,,,,,
"US1MIOK0046","ORCHARD LAKE VILLAGE 0.9 WSW, MI US","42.577345","-83.394211","285.9","2020-02",,,,,,,
"US1MIOK0046","ORCHARD LAKE VILLAGE 0.9 WSW, MI US","42.577345","-83.394211","285.9","2020-03",,,,,,,
"US1MIOK0046","ORCHARD LAKE VILLAGE 0.9 WSW, MI US","42.577345","-83.394211","285.9","2020-04",,,,,,,
"US1MIOK0046","ORCHARD LAKE VILLAGE 0.9 WSW, MI US","42.577345","-83.394211","285.9","2020-05",,,,,,,
"US1MIOK0046","ORCHARD LAKE VILLAGE 0.9 WSW, MI US","42.577345","-83.394211","285.9","2020-06",,,,,,,
"US1MINW0008","WHITE CLOUD 7.5 ENE, MI US","43.606302","-85.641918","298.1","2020-01",,,,,,,
"US1MINW0008","WHITE CLOUD 7.5 ENE, MI US","43.606302","-85.641918","298.1","2020-02",,,,,,,
"US1MINW0008","WHITE CLOUD 7.5 ENE, MI US","43.606302","-85.641918","298.1","2020-03",,,,,,,
"US1MINW0008","WHITE CLOUD 7.5 ENE, MI US","43.606302","-85.641918","298.1","2020-04",,,,,,,
"US1MINW0008","WHITE CLOUD 7.5 ENE, MI US","43.606302","-85.641918","298.1","2020-05",,,,,,,
"US1MINW0008","WHITE CLOUD 7.5 ENE, MI US","43.606302","-85.641918","298.1","2020-06",,,,,,,
"USC00202804","FILION 5 NNW, MI US","43.9158","-83.083","193.5","2020-01","0.0","-7.8","8.9",,"0.1","2.2","-2.1"
"USC00202804","FILION 5 NNW, MI US","43.9158","-83.083","193.5","2020-02","0.0","-13.3","10.0",,"-2.1","1.3","-5.4"
"USC00202804","FILION 5 NNW, MI US","43.9158","-83.083","193.5","2020-04",,"-3.3","18.9",,"6.2","11.6","0.9"
"USC00202804","FILION 5 NNW, MI US","43.9158","-83.083","193.5","2020-05",,"-1.7","32.2",,"13.1","18.1","8.1"
"USC00202804","FILION 5 NNW, MI US","43.9158","-83.083","193.5","2020-06",,"7.2","32.2",,"19.6","25.9","13.4"
"US1MIBN0005","BUCHANAN 1.3 WNW, MI US","41.836342","-86.388989","228.3","2020-01",,,,,,,
"US1MIBN0005","BUCHANAN 1.3 WNW, MI US","41.836342","-86.388989","228.3","2020-02",,,,,,,
"US1MIBN0005","BUCHANAN 1.3 WNW, MI US","41.836342","-86.388989","228.3","2020-03",,,,,,,
"US1MIBN0005","BUCHANAN 1.3 WNW, MI US","41.836342","-86.388989","228.3","2020-04",,,,,,,
"US1MIBN0005","BUCHANAN 1.3 WNW, MI US","41.836342","-86.388989","228.3","2020-05",,,,,,,
"US1MIBN0005","BUCHANAN 1.3 WNW, MI US","41.836342","-86.388989","228.3","2020-06",,,,,,,
"USC00207275","ST. IGNACE, MI US","45.8608","-84.7196","201.5","2020-01","0.0","-14.4","5.0","2389.8","-3.6","-0.9","-6.4"
"USC00207275","ST. IGNACE, MI US","45.8608","-84.7196","201.5","2020-02","0.0","-18.9","6.1","3088.9","-5.8","-1.6","-9.9"
"USC00207275","ST. IGNACE, MI US","45.8608","-84.7196","201.5","2020-03","0.0","-11.1","12.2","3682.4","-0.8","2.9","-4.5"
"USC00207275","ST. IGNACE, MI US","45.8608","-84.7196","201.5","2020-04","0.0","-6.7","13.9","4171.7","2.0","6.2","-2.1"
"USC00207275","ST. IGNACE, MI US","45.8608","-84.7196","201.5","2020-05","0.6","-3.9","27.2","4499.5","7.8","12.6","2.9"
"USC00207275","ST. IGNACE, MI US","45.8608","-84.7196","201.5","2020-06","15.8","1.7","28.3","4597.6","15.6","21.1","10.0"
"USC00206184","ONAWAY 4 N, MI US","45.4108","-84.2233","227.1","2020-01","0.0","-20.6","5.6","2340.7","-3.0","0.1","-6.0"
"USC00206184","ONAWAY 4 N, MI US","45.4108","-84.2233","227.1","2020-02","0.0","-22.2","10.6","3022.9","-5.2","-0.2","-10.2"
"USC00206184","ONAWAY 4 N, MI US","45.4108","-84.2233","227.1","2020-03","0.0","-16.1","15.6","3550.6","1.3","6.5","-3.9"
"USC00206184","ONAWAY 4 N, MI US","45.4108","-84.2233","227.1","2020-04","0.0","-8.3","17.2","3982.2","3.9","10.1","-2.2"
"USC00206184","ONAWAY 4 N, MI US","45.4108","-84.2233","227.1","2020-05","14.8","-6.7","31.7","4218.2","11.2","18.0","4.4"
"USC00206184","ONAWAY 4 N, MI US","45.4108","-84.2233","227.1","2020-06","51.4","2.2","31.7","4269.6","17.8","25.7","10.0"
"USC00207277","BEAVER ISLAND, MI US","45.6911","-85.5463","204.8","2020-01","0.0","-14.4","6.1","2228.9","-2.7","-0.1","-5.3"
"USC00207277","BEAVER ISLAND, MI US","45.6911","-85.5463","204.8","2020-02","0.0","-20.6","5.0","2898.1","-4.7","-1.1","-8.4"
"USC00207277","BEAVER ISLAND, MI US","45.6911","-85.5463","204.8","2020-03","0.0","-13.3","10.0","3457.2","0.3","3.9","-3.3"
"USC00207277","BEAVER ISLAND, MI US","45.6911","-85.5463","204.8","2020-04","0.0","-7.8","15.6","3910.4","3.2","8.0","-1.5"
"USC00207277","BEAVER ISLAND, MI US","45.6911","-85.5463","204.8","2020-05","11.1","-5.6","29.4","4180.4","10.0","15.6","4.4"
"USC00207277","BEAVER ISLAND, MI US","45.6911","-85.5463","204.8","2020-06","34.5","3.9","29.4","4241.7","17.1","23.0","11.1"
"USC00208245","TRAVERSE CITY 4.7ESE, MI US","44.73389","-85.51208","245.1","2020-01",,,,,,,
"USC00208245","TRAVERSE CITY 4.7ESE, MI US","44.73389","-85.51208","245.1","2020-02",,,,,,,
"USC00208245","TRAVERSE CITY 4.7ESE, MI US","44.73389","-85.51208","245.1","2020-03",,,,,,,
"USC00208245","TRAVERSE CITY 4.7ESE, MI US","44.73389","-85.51208","245.1","2020-04",,,,,,,
"USC00208245","TRAVERSE CITY 4.7ESE, MI US","44.73389","-85.51208","245.1","2020-05",,,,,,,
"USC00208245","TRAVERSE CITY 4.7ESE, MI US","44.73389","-85.51208","245.1","2020-06",,,,,,,
"USR0000MMIO","MIO MICHIGAN, MI US","44.6761","-84.1283","320.0","2020-01","0.0","-25.0","6.7","2287.7","-3.1","0.3","-6.4"
"USR0000MMIO","MIO MICHIGAN, MI US","44.6761","-84.1283","320.0","2020-02","0.0","-24.4","10.0","2983.7","-5.7","-0.2","-11.1"
"USR0000MMIO","MIO MICHIGAN, MI US","44.6761","-84.1283","320.0","2020-03","0.0","-15.0","13.9","3537.2","0.5","6.2","-5.2"
"USR0000MMIO","MIO MICHIGAN, MI US","44.6761","-84.1283","320.0","2020-04","0.0","-9.4","17.2","3986.6","3.4","10.5","-3.8"
"USR0000MMIO","MIO MICHIGAN, MI US","44.6761","-84.1283","320.0","2020-05","20.3","-8.9","31.7","4232.5","11.1","18.4","3.7"
"USR0000MMIO","MIO MICHIGAN, MI US","44.6761","-84.1283","320.0","2020-06","67.9","0.0","33.3","4283.9","18.2","27.4","9.1"
"USC00205097","MAPLE CITY 1 E, MI US","44.855","-85.8352","243.5","2020-01","0.0","-12.2","8.3",,"-1.9","0.8","-4.4"
"USC00205097","MAPLE CITY 1 E, MI US","44.855","-85.8352","243.5","2020-02","0.0","-16.1","8.9",,"-3.5","-0.1","-6.9"
"USC00205097","MAPLE CITY 1 E, MI US","44.855","-85.8352","243.5","2020-03","0.0","-11.1","13.9",,"2.2","6.5","-2.1"
"USC00205097","MAPLE CITY 1 E, MI US","44.855","-85.8352","243.5","2020-04","0.0","-7.2","16.7",,"4.5","10.0","-1.1"
"USC00205097","MAPLE CITY 1 E, MI US","44.855","-85.8352","243.5","2020-05","17.5","-5.0","30.6",,"11.4","17.4","5.4"
"USC00205097","MAPLE CITY 1 E, MI US","44.855","-85.8352","243.5","2020-06",,,,,,,
"US1MIMQ0018","MARQUETTE 0.7 SSW, MI US","46.5409780293703","-87.4019466340542","221.6","2020-01",,,,,,,
"US1MIMQ0018","MARQUETTE 0.7 SSW, MI US","46.5409780293703","-87.4019466340542","221.6","2020-02",,,,,,,
"US1MIMQ0018","MARQUETTE 0.7 SSW, MI US","46.5409780293703","-87.4019466340542","221.6","2020-03",,,,,,,
"US1MIMQ0018","MARQUETTE 0.7 SSW, MI US","46.5409780293703","-87.4019466340542","221.6","2020-04",,,,,,,
"US1MIMQ0018","MARQUETTE 0.7 SSW, MI US","46.5409780293703","-87.4019466340542","221.6","2020-05",,,,,,,
"US1MIMQ0018","MARQUETTE 0.7 SSW, MI US","46.5409780293703","-87.4019466340542","221.6","2020-06",,,,,,,
"US1MIMQ0019","ISHPEMING 7.2 SW, MI US","46.4055","-87.7567","445.9","2020-01",,,,,,,
"US1MIMQ0019","ISHPEMING 7.2 SW, MI US","46.4055","-87.7567","445.9","2020-02",,,,,,,
"US1MIMQ0019","ISHPEMING 7.2 SW, MI US","46.4055","-87.7567","445.9","2020-03",,,,,,,
"US1MIMQ0019","ISHPEMING 7.2 SW, MI US","46.4055","-87.7567","445.9","2020-04",,,,,,,
"US1MIMQ0019","ISHPEMING 7.2 SW, MI US","46.4055","-87.7567","445.9","2020-05",,,,,,,
"US1MIMQ0019","ISHPEMING 7.2 SW, MI US","46.4055","-87.7567","445.9","2020-06",,,,,,,
"USC00201845","COVINGTON 1 NNW, MI US","46.5588","-88.5419","491.0","2020-01","0.0","-20.6","1.7","2830.1","-7.1","-3.5","-10.6"
"USC00201845","COVINGTON 1 NNW, MI US","46.5588","-88.5419","491.0","2020-02","0.0","-23.3","10.6","3612.4","-8.6","-3.0","-14.2"
"USC00201845","COVINGTON 1 NNW, MI US","46.5588","-88.5419","491.0","2020-03","0.0","-21.7","16.1","4244.8","-2.1","3.8","-8.0"
"USC00201845","COVINGTON 1 NNW, MI US","46.5588","-88.5419","491.0","2020-04","0.0","-14.4","15.0","4755.1","1.3","6.8","-4.1"
"USC00201845","COVINGTON 1 NNW, MI US","46.5588","-88.5419","491.0","2020-05","20.3","-6.1","30.0","5020.8","10.4","16.3","4.6"
"USC00201845","COVINGTON 1 NNW, MI US","46.5588","-88.5419","491.0","2020-06","59.4","2.2","32.8","5090.0","17.3","23.8","10.9"
"US1MIOK0077","WHITE LAKE 0.5 E, MI US","42.69242","-83.54549","316.7","2020-02",,,,,,,
"US1MIOK0077","WHITE LAKE 0.5 E, MI US","42.69242","-83.54549","316.7","2020-03",,,,,,,
"US1MIOK0077","WHITE LAKE 0.5 E, MI US","42.69242","-83.54549","316.7","2020-04",,,,,,,
"US1MIOK0077","WHITE LAKE 0.5 E, MI US","42.69242","-83.54549","316.7","2020-05",,,,,,,
"US1MIOK0077","WHITE LAKE 0.5 E, MI US","42.69242","-83.54549","316.7","2020-06",,,,,,,
"USC00200758","BEULAH 7 SSW, MI US","44.5316","-86.1311","235.6","2020-01","0.0","-11.1","8.3","2140.2","-1.9","0.7","-4.6"
"USC00200758","BEULAH 7 SSW, MI US","44.5316","-86.1311","235.6","2020-02","0.0","-12.8","7.2","2773.2","-3.5","0.0","-7.0"
"USC00200758","BEULAH 7 SSW, MI US","44.5316","-86.1311","235.6","2020-03","0.0","-9.4","13.3","3284.0","1.9","5.8","-2.1"
"USC00200758","BEULAH 7 SSW, MI US","44.5316","-86.1311","235.6","2020-04","0.0","-6.1","18.9","3690.2","4.8","10.1","-0.5"
"USC00200758","BEULAH 7 SSW, MI US","44.5316","-86.1311","235.6","2020-05","19.2","-3.3","31.1","3912.0","11.8","17.6","6.1"
"USC00200758","BEULAH 7 SSW, MI US","44.5316","-86.1311","235.6","2020-06","76.2","3.9","31.7","3959.2","18.7","25.0","12.3"
"US1MIWY0038","DETROIT 4.4 S, MI US","42.319995","-83.09005","180.1","2020-01",,,,,,,
"US1MIWY0038","DETROIT 4.4 S, MI US","42.319995","-83.09005","180.1","2020-03",,,,,,,
"US1MIWY0038","DETROIT 4.4 S, MI US","42.319995","-83.09005","180.1","2020-04",,,,,,,
"US1MIWY0038","DETROIT 4.4 S, MI US","42.319995","-83.09005","180.1","2020-05",,,,,,,
"US1MIWY0038","DETROIT 4.4 S, MI US","42.319995","-83.09005","180.1","2020-06",,,,,,,
"US1MIWY0033","LIVONIA 2.3 NNW, MI US","42.431002","-83.381911","210.9","2020-01",,,,,,,
"US1MIWY0033","LIVONIA 2.3 NNW, MI US","42.431002","-83.381911","210.9","2020-02",,,,,,,
"US1MIWY0033","LIVONIA 2.3 NNW, MI US","42.431002","-83.381911","210.9","2020-03",,,,,,,
"US1MIWY0033","LIVONIA 2.3 NNW, MI US","42.431002","-83.381911","210.9","2020-04",,,,,,,
"US1MIWY0033","LIVONIA 2.3 NNW, MI US","42.431002","-83.381911","210.9","2020-05",,,,,,,
"US1MIWY0033","LIVONIA 2.3 NNW, MI US","42.431002","-83.381911","210.9","2020-06",,,,,,,
"US1MIWY0020","LIVONIA 2.2 WNW, MI US","42.406371","-83.413232","208.2","2020-01",,,,,,,
"US1MIWY0020","LIVONIA 2.2 WNW, MI US","42.406371","-83.413232","208.2","2020-04",,,,,,,
"US1MIHR0010","BAY PORT 3.2 SSW, MI US","43.807469","-83.400139","178.3","2020-01",,,,,,,
"US1MIHR0010","BAY PORT 3.2 SSW, MI US","43.807469","-83.400139","178.3","2020-02",,,,,,,
"US1MIHR0010","BAY PORT 3.2 SSW, MI US","43.807469","-83.400139","178.3","2020-03",,,,,,,
"US1MIHR0010","BAY PORT 3.2 SSW, MI US","43.807469","-83.400139","178.3","2020-04",,,,,,,
"US1MIHR0010","BAY PORT 3.2 SSW, MI US","43.807469","-83.400139","178.3","2020-05",,,,,,,
"US1MIHR0010","BAY PORT 3.2 SSW, MI US","43.807469","-83.400139","178.3","2020-06",,,,,,,
"USC00207280","SAINT JOHNS, MI US","43.0128","-84.5547","226.5","2020-01",,,,,,,
"USC00207280","SAINT JOHNS, MI US","43.0128","-84.5547","226.5","2020-02",,,,,,,
"USC00207280","SAINT JOHNS, MI US","43.0128","-84.5547","226.5","2020-03",,,,,,,
"USC00207280","SAINT JOHNS, MI US","43.0128","-84.5547","226.5","2020-04",,,,,,,
"USC00207280","SAINT JOHNS, MI US","43.0128","-84.5547","226.5","2020-05",,,,,,,
"USC00207280","SAINT JOHNS, MI US","43.0128","-84.5547","226.5","2020-06",,,,,,,
"US1MIOK0069","SOUTHFIELD 2.8 NNE, MI US","42.51303","-83.238","216.1","2020-04",,,,,,,
"US1MIOK0069","SOUTHFIELD 2.8 NNE, MI US","42.51303","-83.238","216.1","2020-05",,,,,,,
"US1MIOK0069","SOUTHFIELD 2.8 NNE, MI US","42.51303","-83.238","216.1","2020-06",,,,,,,
"US1MIET0001","LANSING 3.8 WNW, MI US","42.722426","-84.626935","267.9","2020-01",,,,,,,
"US1MIET0001","LANSING 3.8 WNW, MI US","42.722426","-84.626935","267.9","2020-02",,,,,,,
"US1MIET0001","LANSING 3.8 WNW, MI US","42.722426","-84.626935","267.9","2020-03",,,,,,,
"US1MIET0001","LANSING 3.8 WNW, MI US","42.722426","-84.626935","267.9","2020-04",,,,,,,
"US1MIET0001","LANSING 3.8 WNW, MI US","42.722426","-84.626935","267.9","2020-05",,,,,,,
"US1MIET0001","LANSING 3.8 WNW, MI US","42.722426","-84.626935","267.9","2020-06",,,,,,,
"US1MIOK0066","DAVISBURG 1.3 ESE, MI US","42.7443389892578","-83.5173797607422","314.6","2020-01",,,,,,,
"US1MIOK0066","DAVISBURG 1.3 ESE, MI US","42.7443389892578","-83.5173797607422","314.6","2020-02",,,,,,,
"US1MIOK0066","DAVISBURG 1.3 ESE, MI US","42.7443389892578","-83.5173797607422","314.6","2020-03",,,,,,,
"US1MIOK0066","DAVISBURG 1.3 ESE, MI US","42.7443389892578","-83.5173797607422","314.6","2020-04",,,,,,,
"US1MIOK0066","DAVISBURG 1.3 ESE, MI US","42.7443389892578","-83.5173797607422","314.6","2020-05",,,,,,,
"US1MIOK0066","DAVISBURG 1.3 ESE, MI US","42.7443389892578","-83.5173797607422","314.6","2020-06",,,,,,,
"USR0000MBRR","BEAR MICHIGAN, MI US","44.8019","-86.0508","289.9","2020-01","0.0","-9.4","8.3","2077.9","-1.5","1.0","-4.0"
"USR0000MBRR","BEAR MICHIGAN, MI US","44.8019","-86.0508","289.9","2020-02","0.0","-12.8","8.3","2656.8","-3.1","0.2","-6.4"
"USR0000MBRR","BEAR MICHIGAN, MI US","44.8019","-86.0508","289.9","2020-03","0.0","-10.6","13.9","3163.0","2.0","6.2","-2.1"
"USR0000MBRR","BEAR MICHIGAN, MI US","44.8019","-86.0508","289.9","2020-04","0.0","-7.8","18.3","3582.7","4.3","9.5","-0.8"
"USR0000MBRR","BEAR MICHIGAN, MI US","44.8019","-86.0508","289.9","2020-05","14.1","-5.0","29.4","3818.6","11.2","16.7","5.7"
"USR0000MBRR","BEAR MICHIGAN, MI US","44.8019","-86.0508","289.9","2020-06","55.1","3.3","32.2","3875.7","17.8","24.8","10.8"
"US1MIOK0063","FENTON 2.7 SSE, MI US","42.7672157287598","-83.6855316162109","296.0","2020-01",,,,,,,
"US1MIOK0063","FENTON 2.7 SSE, MI US","42.7672157287598","-83.6855316162109","296.0","2020-02",,,,,,,
"US1MIOK0063","FENTON 2.7 SSE, MI US","42.7672157287598","-83.6855316162109","296.0","2020-03",,,,,,,
"US1MIOK0063","FENTON 2.7 SSE, MI US","42.7672157287598","-83.6855316162109","296.0","2020-04",,,,,,,
"US1MIOK0063","FENTON 2.7 SSE, MI US","42.7672157287598","-83.6855316162109","296.0","2020-05",,,,,,,
"US1MIOK0063","FENTON 2.7 SSE, MI US","42.7672157287598","-83.6855316162109","296.0","2020-06",,,,,,,
"US1MIIN0001","SARANAC 2.6 NE, MI US","42.957642","-85.173759","203.3","2020-01",,,,,,,
"US1MIIN0001","SARANAC 2.6 NE, MI US","42.957642","-85.173759","203.3","2020-02",,,,,,,
"US1MIIN0001","SARANAC 2.6 NE, MI US","42.957642","-85.173759","203.3","2020-03",,,,,,,
"US1MIIN0001","SARANAC 2.6 NE, MI US","42.957642","-85.173759","203.3","2020-04",,,,,,,
"US1MIIN0001","SARANAC 2.6 NE, MI US","42.957642","-85.173759","203.3","2020-05",,,,,,,
"US1MIIN0001","SARANAC 2.6 NE, MI US","42.957642","-85.173759","203.3","2020-06",,,,,,,
"US1MIOK0062","LAKE ORION 4.3 SSE, MI US","42.722807","-83.225595","317.0","2020-01",,,,,,,
"US1MIOK0062","LAKE ORION 4.3 SSE, MI US","42.722807","-83.225595","317.0","2020-02",,,,,,,
"US1MIOK0062","LAKE ORION 4.3 SSE, MI US","42.722807","-83.225595","317.0","2020-03",,,,,,,
"US1MIOK0062","LAKE ORION 4.3 SSE, MI US","42.722807","-83.225595","317.0","2020-04",,,,,,,
"US1MIOK0062","LAKE ORION 4.3 SSE, MI US","42.722807","-83.225595","317.0","2020-05",,,,,,,
"USC00208249","TRAVERSE CITY MUNSON, MI US","44.7607","-85.6443","193.5","2020-01","0.0","-11.7","7.2","2219.3","-2.4","0.4","-5.3"
"USC00208249","TRAVERSE CITY MUNSON, MI US","44.7607","-85.6443","193.5","2020-02","0.0","-13.9","8.3","2877.8","-4.4","-0.6","-8.1"
"USC00208249","TRAVERSE CITY MUNSON, MI US","44.7607","-85.6443","193.5","2020-03","0.0","-8.9","14.4","3391.8","1.2","5.6","-3.1"
"USC00208249","TRAVERSE CITY MUNSON, MI US","44.7607","-85.6443","193.5","2020-04","0.0","-7.2","15.6","3847.4","3.1","8.3","-2.0"
"USC00208249","TRAVERSE CITY MUNSON, MI US","44.7607","-85.6443","193.5","2020-05","16.4","-3.9","32.2","4104.9","10.6","16.7","4.4"
"USC00208249","TRAVERSE CITY MUNSON, MI US","44.7607","-85.6443","193.5","2020-06","61.9","2.2","33.3","4164.1","17.9","24.8","10.9"
"US1MISC0014","PORT HURON 2.8 WSW, MI US","42.981609","-82.485512","189.9","2020-01",,,,,,,
"US1MISC0014","PORT HURON 2.8 WSW, MI US","42.981609","-82.485512","189.9","2020-02",,,,,,,
"US1MISC0014","PORT HURON 2.8 WSW, MI US","42.981609","-82.485512","189.9","2020-03",,,,,,,
"US1MISC0014","PORT HURON 2.8 WSW, MI US","42.981609","-82.485512","189.9","2020-04",,,,,,,
"US1MISC0014","PORT HURON 2.8 WSW, MI US","42.981609","-82.485512","189.9","2020-05",,,,,,,
"US1MISC0014","PORT HURON 2.8 WSW, MI US","42.981609","-82.485512","189.9","2020-06",,,,,,,
"US1MIWY0052","LIVONIA 2.0 NE, MI US","42.417046","-83.343613","195.7","2020-01",,,,,,,
"US1MIWY0052","LIVONIA 2.0 NE, MI US","42.417046","-83.343613","195.7","2020-02",,,,,,,
"US1MIWY0052","LIVONIA 2.0 NE, MI US","42.417046","-83.343613","195.7","2020-03",,,,,,,
"US1MIWY0052","LIVONIA 2.0 NE, MI US","42.417046","-83.343613","195.7","2020-04",,,,,,,
"US1MIWY0052","LIVONIA 2.0 NE, MI US","42.417046","-83.343613","195.7","2020-05",,,,,,,
"US1MIWY0052","LIVONIA 2.0 NE, MI US","42.417046","-83.343613","195.7","2020-06",,,,,,,
"USC00209110","WYANDOTTE, MI US","42.20844","-83.1626","176.8","2020-01",,,,,,,
"USC00209110","WYANDOTTE, MI US","42.20844","-83.1626","176.8","2020-02",,,,,,,
"USC00209110","WYANDOTTE, MI US","42.20844","-83.1626","176.8","2020-03",,,,,,,
"USC00209110","WYANDOTTE, MI US","42.20844","-83.1626","176.8","2020-04",,,,,,,
"USC00209110","WYANDOTTE, MI US","42.20844","-83.1626","176.8","2020-05",,,,,,,
"USC00209110","WYANDOTTE, MI US","42.20844","-83.1626","176.8","2020-06",,,,,,,
"USC00206080","OIL CITY 2 S, MI US","43.5816","-84.5888","207.3","2020-01",,,,,,,
"USC00206080","OIL CITY 2 S, MI US","43.5816","-84.5888","207.3","2020-02",,"-23.3","8.9",,"-3.8","0.9","-8.5"
"USC00206080","OIL CITY 2 S, MI US","43.5816","-84.5888","207.3","2020-03",,"-10.0","16.7",,"2.9","8.2","-2.3"
"USC00206080","OIL CITY 2 S, MI US","43.5816","-84.5888","207.3","2020-04",,"-7.2","21.1",,"5.3","11.6","-1.1"
"USC00206080","OIL CITY 2 S, MI US","43.5816","-84.5888","207.3","2020-05",,"-4.4","32.2",,"12.4","19.1","5.8"
"USC00201502","CHELSEA, MI US","42.3263","-84.0133","274.3","2020-01","0.0","-15.6","12.8","1947.7","-1.1","2.1","-4.2"
"USC00201502","CHELSEA, MI US","42.3263","-84.0133","274.3","2020-02","0.0","-18.3","12.2","2543.4","-2.2","2.1","-6.5"
"USC00201502","CHELSEA, MI US","42.3263","-84.0133","274.3","2020-03","0.0","-10.6","17.2","2987.0","4.0","8.9","-0.9"
"USC00201502","CHELSEA, MI US","42.3263","-84.0133","274.3","2020-04","0.0","-6.1","22.8","3343.2","6.5","11.9","1.0"
"USC00201502","CHELSEA, MI US","42.3263","-84.0133","274.3","2020-05","29.8","-3.3","32.8","3503.6","14.1","19.6","8.7"
"USC00201502","CHELSEA, MI US","42.3263","-84.0133","274.3","2020-06","112.0","4.4","33.3","3524.8","20.4","27.4","13.3"
"USC00202955","FRANKENMUTH 1 SE, MI US","43.3194","-83.7161","193.5","2020-01","0.0","-12.8","8.3",,"-1.3","1.4","-4.0"
"USC00202955","FRANKENMUTH 1 SE, MI US","43.3194","-83.7161","193.5","2020-04",,"-5.6","21.7",,"6.3","11.7","0.9"
"USC00202955","FRANKENMUTH 1 SE, MI US","43.3194","-83.7161","193.5","2020-06",,,,,,,
"USC00200779","BIG RAPIDS WATER TREATMENT PLANT, MI US","43.7072","-85.4819","273.7","2020-01","0.0","-13.9","8.3","2275.1","-2.7","0.3","-5.8"
"USC00200779","BIG RAPIDS WATER TREATMENT PLANT, MI US","43.7072","-85.4819","273.7","2020-02","0.0","-16.1","7.2","2939.1","-4.6","-0.1","-9.0"
"USC00200779","BIG RAPIDS WATER TREATMENT PLANT, MI US","43.7072","-85.4819","273.7","2020-03","0.0","-10.0","14.4","3453.7","1.7","6.8","-3.4"
"USC00200779","BIG RAPIDS WATER TREATMENT PLANT, MI US","43.7072","-85.4819","273.7","2020-04","0.0","-7.2","20.0","3864.8","4.6","11.1","-1.8"
"USC00200779","BIG RAPIDS WATER TREATMENT PLANT, MI US","43.7072","-85.4819","273.7","2020-05","19.8","-3.9","32.2","4031.0","12.9","19.6","6.3"
"USC00200779","BIG RAPIDS WATER TREATMENT PLANT, MI US","43.7072","-85.4819","273.7","2020-06","65.3","2.2","32.2","4076.0","18.4","26.4","10.3"
"USC00200417","BAD AXE, MI US","43.808","-82.9938","217.9","2020-01","0.0","-11.7","8.3",,"-1.8","0.8","-4.3"
"USC00200417","BAD AXE, MI US","43.808","-82.9938","217.9","2020-02","0.0","-17.2","10.6",,"-4.0","-0.3","-7.6"
"USC00200417","BAD AXE, MI US","43.808","-82.9938","217.9","2020-03","0.0","-9.4","16.7",,"2.1","6.8","-2.6"
"USC00200417","BAD AXE, MI US","43.808","-82.9938","217.9","2020-04","0.0","-5.6","18.3",,"4.9","10.4","-0.6"
"USC00200417","BAD AXE, MI US","43.808","-82.9938","217.9","2020-05","22.3","-4.4","31.1",,"11.4","17.0","5.9"
"USC00200417","BAD AXE, MI US","43.808","-82.9938","217.9","2020-06","91.8","5.6","32.8",,"19.3","26.0","12.7"
"USC00203925","HOPKINS 1 N, MI US","42.6352","-85.761","214.9","2020-01",,,,,,,
"USC00203925","HOPKINS 1 N, MI US","42.6352","-85.761","214.9","2020-02",,,,,,,
"USC00203925","HOPKINS 1 N, MI US","42.6352","-85.761","214.9","2020-03",,,,,,,
"USC00203925","HOPKINS 1 N, MI US","42.6352","-85.761","214.9","2020-04",,,,,,,
"USC00203925","HOPKINS 1 N, MI US","42.6352","-85.761","214.9","2020-05",,,,,,,
"USC00203925","HOPKINS 1 N, MI US","42.6352","-85.761","214.9","2020-06",,,,,,,
"US1MIOK0094","FARMINGTON HILLS 1.4 N, MI US","42.5066","-83.3791","267.6","2020-01",,,,,,,
"US1MIOK0094","FARMINGTON HILLS 1.4 N, MI US","42.5066","-83.3791","267.6","2020-02",,,,,,,
"US1MIOK0094","FARMINGTON HILLS 1.4 N, MI US","42.5066","-83.3791","267.6","2020-03",,,,,,,
"US1MIOK0094","FARMINGTON HILLS 1.4 N, MI US","42.5066","-83.3791","267.6","2020-04",,,,,,,
"US1MIOK0094","FARMINGTON HILLS 1.4 N, MI US","42.5066","-83.3791","267.6","2020-05",,,,,,,
"US1MIOK0094","FARMINGTON HILLS 1.4 N, MI US","42.5066","-83.3791","267.6","2020-06",,,,,,,
"USC00200770","BIG BAY 1 NW, MI US","46.8325","-87.7504","233.2","2020-01","0.0","-15.6","3.3","2572.5","-5.0","-2.0","-8.0"
"USC00200770","BIG BAY 1 NW, MI US","46.8325","-87.7504","233.2","2020-02","0.0","-21.7","10.6","3275.3","-5.9","-1.7","-10.1"
"USC00200770","BIG BAY 1 NW, MI US","46.8325","-87.7504","233.2","2020-03","0.0","-15.6","16.7","3889.2","-1.5","2.8","-5.8"
"USC00200770","BIG BAY 1 NW, MI US","46.8325","-87.7504","233.2","2020-04","0.0","-8.9","14.4","4401.9","1.2","5.9","-3.4"
"USC00200770","BIG BAY 1 NW, MI US","46.8325","-87.7504","233.2","2020-05","12.7","-5.0","32.2","4689.2","9.5","14.7","4.2"
"USC00200770","BIG BAY 1 NW, MI US","46.8325","-87.7504","233.2","2020-06","56.4","1.1","33.3","4773.5","17.0","22.9","11.1"
"USC00200771","BIG BAY 9 SW, MI US","46.7462","-87.8816","445.0","2020-01",,,,,,,
"USC00200771","BIG BAY 9 SW, MI US","46.7462","-87.8816","445.0","2020-02",,,,,,,
"USC00200771","BIG BAY 9 SW, MI US","46.7462","-87.8816","445.0","2020-03",,,,,,,
"USC00200771","BIG BAY 9 SW, MI US","46.7462","-87.8816","445.0","2020-04",,,,,,,
"USC00200771","BIG BAY 9 SW, MI US","46.7462","-87.8816","445.0","2020-05",,,,,,,
"USC00200771","BIG BAY 9 SW, MI US","46.7462","-87.8816","445.0","2020-06",,,,,,,
"US1MISC0003","PORT HURON 1.6 W, MI US","42.996173","-82.464307","186.2","2020-01",,,,,,,
"US1MISC0003","PORT HURON 1.6 W, MI US","42.996173","-82.464307","186.2","2020-02",,,,,,,
"US1MISC0003","PORT HURON 1.6 W, MI US","42.996173","-82.464307","186.2","2020-03",,,,,,,
"US1MISC0003","PORT HURON 1.6 W, MI US","42.996173","-82.464307","186.2","2020-04",,,,,,,
"US1MISC0003","PORT HURON 1.6 W, MI US","42.996173","-82.464307","186.2","2020-05",,,,,,,
"US1MISC0003","PORT HURON 1.6 W, MI US","42.996173","-82.464307","186.2","2020-06",,,,,,,
"USC00207188","RUDYARD 5 SE, MI US","46.19076","-84.50852","203.3","2020-01","0.0","-26.1","3.3","2754.2","-5.0","-1.9","-8.1"
"USC00207188","RUDYARD 5 SE, MI US","46.19076","-84.50852","203.3","2020-02","0.0","-30.6","4.4","3528.5","-8.4","-2.8","-13.9"
"USC00207188","RUDYARD 5 SE, MI US","46.19076","-84.50852","203.3","2020-03","0.0","-23.3","9.4","4187.3","-2.9","2.3","-8.1"
"USC00207188","RUDYARD 5 SE, MI US","46.19076","-84.50852","203.3","2020-04","0.0","-11.7","15.6","4703.2","1.1","6.6","-4.4"
"USC00207188","RUDYARD 5 SE, MI US","46.19076","-84.50852","203.3","2020-05","8.4","-8.9","30.6","5011.0","8.7","15.7","1.6"
"USC00207188","RUDYARD 5 SE, MI US","46.19076","-84.50852","203.3","2020-06","15.9","-1.1","30.0","5128.2","14.5","22.1","6.8"
"US1MIET0015","EATON RAPIDS 6.6 N, MI US","42.60421","-84.67487","277.7","2020-01",,,,,,,
"US1MIET0015","EATON RAPIDS 6.6 N, MI US","42.60421","-84.67487","277.7","2020-03",,,,,,,
"US1MIET0015","EATON RAPIDS 6.6 N, MI US","42.60421","-84.67487","277.7","2020-04",,,,,,,
"US1MIET0015","EATON RAPIDS 6.6 N, MI US","42.60421","-84.67487","277.7","2020-05",,,,,,,
"US1MIET0014","VERMONTVILLE 4.3 N, MI US","42.687542","-85.033386","270.7","2020-05",,,,,,,
"US1MIET0014","VERMONTVILLE 4.3 N, MI US","42.687542","-85.033386","270.7","2020-06",,,,,,,
"USC00203932","HOUGHTON LAKE 6 WSW, MI US","44.3119","-84.8922","345.9","2020-01","0.0","-20.6","7.2","2409.8","-3.5","0.2","-7.2"
"USC00203932","HOUGHTON LAKE 6 WSW, MI US","44.3119","-84.8922","345.9","2020-02","0.0","-22.8","9.4","3089.9","-5.1","0.5","-10.7"
"USC00203932","HOUGHTON LAKE 6 WSW, MI US","44.3119","-84.8922","345.9","2020-03","0.0","-16.1","14.4","3636.5","0.7","6.4","-5.1"
"USC00203932","HOUGHTON LAKE 6 WSW, MI US","44.3119","-84.8922","345.9","2020-04","0.0","-9.4","18.9","4060.9","4.2","10.4","-2.1"
"USC00203932","HOUGHTON LAKE 6 WSW, MI US","44.3119","-84.8922","345.9","2020-05","20.6","-6.7","32.2","4300.0","11.3","18.3","4.3"
"USC00203932","HOUGHTON LAKE 6 WSW, MI US","44.3119","-84.8922","345.9","2020-06","68.6","0.6","34.4","4353.5","18.1","27.3","9.0"
"US1MIOK0087","ORTONVILLE 2.3 S, MI US","42.818733215332","-83.4431304931641","297.2","2020-01",,,,,,,
"US1MIOK0087","ORTONVILLE 2.3 S, MI US","42.818733215332","-83.4431304931641","297.2","2020-02",,,,,,,
"US1MIOK0087","ORTONVILLE 2.3 S, MI US","42.818733215332","-83.4431304931641","297.2","2020-03",,,,,,,
"US1MIOK0087","ORTONVILLE 2.3 S, MI US","42.818733215332","-83.4431304931641","297.2","2020-04",,,,,,,
"US1MIOK0087","ORTONVILLE 2.3 S, MI US","42.818733215332","-83.4431304931641","297.2","2020-05",,,,,,,
"US1MIOK0087","ORTONVILLE 2.3 S, MI US","42.818733215332","-83.4431304931641","297.2","2020-06",,,,,,,
"US1MIOK0085","TROY 1.8 S, MI US","42.5543327331543","-83.1391754150391","203.3","2020-01",,,,,,,
"US1MIOK0085","TROY 1.8 S, MI US","42.5543327331543","-83.1391754150391","203.3","2020-02",,,,,,,
"US1MIOK0085","TROY 1.8 S, MI US","42.5543327331543","-83.1391754150391","203.3","2020-03",,,,,,,
"US1MIOK0085","TROY 1.8 S, MI US","42.5543327331543","-83.1391754150391","203.3","2020-04",,,,,,,
"US1MIOK0085","TROY 1.8 S, MI US","42.5543327331543","-83.1391754150391","203.3","2020-05",,,,,,,
"US1MIOK0085","TROY 1.8 S, MI US","42.5543327331543","-83.1391754150391","203.3","2020-06",,,,,,,
"US1MIWY0047","BELLEVILLE 2.8 ESE, MI US","42.182333","-83.436367","201.5","2020-01",,,,,,,
"US1MIWY0047","BELLEVILLE 2.8 ESE, MI US","42.182333","-83.436367","201.5","2020-02",,,,,,,
"US1MIWY0047","BELLEVILLE 2.8 ESE, MI US","42.182333","-83.436367","201.5","2020-03",,,,,,,
"US1MIWY0047","BELLEVILLE 2.8 ESE, MI US","42.182333","-83.436367","201.5","2020-04",,,,,,,
"US1MIWY0047","BELLEVILLE 2.8 ESE, MI US","42.182333","-83.436367","201.5","2020-05",,,,,,,
"US1MIWY0047","BELLEVILLE 2.8 ESE, MI US","42.182333","-83.436367","201.5","2020-06",,,,,,,
"US1MIWY0043","DEARBORN HEIGHTS 1.8 NW, MI US","42.3419570922852","-83.3020706176758","185.6","2020-01",,,,,,,
"US1MIWY0043","DEARBORN HEIGHTS 1.8 NW, MI US","42.3419570922852","-83.3020706176758","185.6","2020-02",,,,,,,
"US1MIWY0043","DEARBORN HEIGHTS 1.8 NW, MI US","42.3419570922852","-83.3020706176758","185.6","2020-03",,,,,,,
"US1MIWY0043","DEARBORN HEIGHTS 1.8 NW, MI US","42.3419570922852","-83.3020706176758","185.6","2020-04",,,,,,,
"US1MIWY0043","DEARBORN HEIGHTS 1.8 NW, MI US","42.3419570922852","-83.3020706176758","185.6","2020-05",,,,,,,
"US1MIWY0043","DEARBORN HEIGHTS 1.8 NW, MI US","42.3419570922852","-83.3020706176758","185.6","2020-06",,,,,,,
"US1MIMQ0024","WOBIC 0.5 ESE, MI US","46.498396","-87.940723","491.0","2020-01",,,,,,,
"US1MIMQ0024","WOBIC 0.5 ESE, MI US","46.498396","-87.940723","491.0","2020-02",,,,,,,
"US1MIMQ0024","WOBIC 0.5 ESE, MI US","46.498396","-87.940723","491.0","2020-03",,,,,,,
"US1MIMQ0024","WOBIC 0.5 ESE, MI US","46.498396","-87.940723","491.0","2020-04",,,,,,,
"US1MIMQ0024","WOBIC 0.5 ESE, MI US","46.498396","-87.940723","491.0","2020-05",,,,,,,
"US1MIMQ0024","WOBIC 0.5 ESE, MI US","46.498396","-87.940723","491.0","2020-06",,,,,,,
