"STATION","NAME","LATITUDE","LONGITUDE","ELEVATION","DATE","CDSD","EMNT","EMXT","HDSD","TAVG","TMAX","TMIN"
"USC00205690","MUNISING, MI US","46.4121","-86.6625","207.3","2005-01","0.0","-22.8","5.0","2674.1","-8.8","-5.2","-12.4"
"USC00205690","MUNISING, MI US","46.4121","-86.6625","207.3","2005-02","0.0","-15.0","7.2","3309.0","-4.3","-0.9","-7.8"
"USC00205690","MUNISING, MI US","46.4121","-86.6625","207.3","2005-03","0.0","-15.6","12.8","3985.1","-3.5","0.9","-7.8"
"USC00205690","MUNISING, MI US","46.4121","-86.6625","207.3","2005-04","0.0","-2.8","27.2","4365.1","5.7","10.8","0.5"
"USC00205690","MUNISING, MI US","46.4121","-86.6625","207.3","2005-05","0.0","-1.1","25.0","4654.5","9.0","14.0","4.0"
"USC00205690","MUNISING, MI US","46.4121","-86.6625","207.3","2005-06","36.8","6.1","31.7","4719.7","17.4","23.1","11.6"
"USC00203391","GRAYLING, MI US","44.64536","-84.69921","350.8","2005-01","0.0","-31.7","11.7","2635.2","-10.1","-4.7","-15.4"
"USC00203391","GRAYLING, MI US","44.64536","-84.69921","350.8","2005-02","0.0","-21.7","11.1","3292.6","-5.1","-0.1","-10.2"
"USC00203391","GRAYLING, MI US","44.64536","-84.69921","350.8","2005-03","0.0","-22.2","16.7","4031.0","-5.5","2.1","-13.1"
"USC00203391","GRAYLING, MI US","44.64536","-84.69921","350.8","2005-04","0.0","-6.7","27.2","4387.0","6.3","14.6","-2.0"
"USC00203391","GRAYLING, MI US","44.64536","-84.69921","350.8","2005-05","3.1","-6.7","27.2","4656.9","9.4","16.4","2.3"
"USC00203391","GRAYLING, MI US","44.64536","-84.69921","350.8","2005-06","86.5","5.0","33.9","4674.4","20.7","28.0","13.4"
"USC00206662","PORT AUSTIN WWTP, MI US","44.0469","-82.9702","184.4","2005-01","0.0","-20.6","14.4","2062.3","-6.0","-2.1","-9.9"
"USC00206662","PORT AUSTIN WWTP, MI US","44.0469","-82.9702","184.4","2005-02","0.0","-17.8","7.2","2675.3","-3.6","0.4","-7.5"
"USC00206662","PORT AUSTIN WWTP, MI US","44.0469","-82.9702","184.4","2005-03","0.0","-16.1","14.4","3266.7","-2.1","1.9","-6.1"
"USC00206662","PORT AUSTIN WWTP, MI US","44.0469","-82.9702","184.4","2005-04","1.9","-2.2","28.3","3589.9","7.0","12.0","2.1"
"USC00206662","PORT AUSTIN WWTP, MI US","44.0469","-82.9702","184.4","2005-05","6.4","0.0","28.9","3800.3","11.3","16.6","6.0"
"USC00206662","PORT AUSTIN WWTP, MI US","44.0469","-82.9702","184.4","2005-06","82.8","3.3","34.4","3827.3","20.5","25.8","15.2"
"USC00205452","MILFORD GM PROVING GROUND, MI US","42.5794","-83.6844","295.7","2005-01","0.0","-23.9","13.3","2178.4","-6.7","-2.3","-11.1"
"USC00205452","MILFORD GM PROVING GROUND, MI US","42.5794","-83.6844","295.7","2005-02","0.0","-17.8","7.8","2690.1","-3.0","1.1","-7.1"
"USC00205452","MILFORD GM PROVING GROUND, MI US","42.5794","-83.6844","295.7","2005-03","0.0","-21.1","18.9","3309.3","-1.6","4.1","-7.4"
"USC00205452","MILFORD GM PROVING GROUND, MI US","42.5794","-83.6844","295.7","2005-04","1.1","-1.7","26.7","3584.9","9.2","15.6","2.7"
"USC00205452","MILFORD GM PROVING GROUND, MI US","42.5794","-83.6844","295.7","2005-05","4.7","-6.1","26.7","3791.0","11.8","18.3","5.3"
"USC00205451","MILAN WWTP, MI US","42.0811","-83.6769","207.3","2005-01",,"-24.4","15.6",,"-4.6","0.3","-9.6"
"USC00205451","MILAN WWTP, MI US","42.0811","-83.6769","207.3","2005-02",,"-14.4","10.0",,"-2.6","2.4","-7.6"
"USC00205451","MILAN WWTP, MI US","42.0811","-83.6769","207.3","2005-03",,"-15.0","21.1",,"0.1","5.4","-5.2"
"USC00205451","MILAN WWTP, MI US","42.0811","-83.6769","207.3","2005-04",,"-1.7","28.9",,"9.8","16.9","2.6"
"USC00205451","MILAN WWTP, MI US","42.0811","-83.6769","207.3","2005-05",,"-3.3","28.9",,"12.7","20.0","5.4"
"USC00205451","MILAN WWTP, MI US","42.0811","-83.6769","207.3","2005-06",,"7.8","36.7",,"22.8","30.0","15.5"
"USC00205450","MILAN 4 ESE, MI US","42.06639","-83.61861","204.2","2005-01","0.0","-25.0","15.6",,"-4.9","0.3","-10.2"
"USC00205450","MILAN 4 ESE, MI US","42.06639","-83.61861","204.2","2005-02",,"-21.1",,,,,"-7.2"
"USC00205450","MILAN 4 ESE, MI US","42.06639","-83.61861","204.2","2005-03",,"-21.1","20.0",,"0.1","5.9","-5.8"
"USC00205450","MILAN 4 ESE, MI US","42.06639","-83.61861","204.2","2005-04",,,"28.3",,,"17.6",
"USC00205450","MILAN 4 ESE, MI US","42.06639","-83.61861","204.2","2005-06",,"4.4","35.0",,"22.4","29.7","15.1"
"USC00208043","TAHQUAMENON FALLS S P, MI US","46.6013","-85.2238","227.1","2005-01","0.0","-27.2","6.1","2898.4","-12.1","-6.8","-17.3"
"USC00208043","TAHQUAMENON FALLS S P, MI US","46.6013","-85.2238","227.1","2005-02","0.0","-22.2","6.7","3576.9","-7.8","-2.6","-13.0"
"USC00208043","TAHQUAMENON FALLS S P, MI US","46.6013","-85.2238","227.1","2005-03","0.0","-21.1","16.7","4289.5","-6.1","1.0","-13.2"
"USC00208043","TAHQUAMENON FALLS S P, MI US","46.6013","-85.2238","227.1","2005-04","0.0","-6.7","26.7","4702.2","4.0","11.0","-3.0"
"USC00208043","TAHQUAMENON FALLS S P, MI US","46.6013","-85.2238","227.1","2005-05","0.5","-5.6","24.4","4989.2","8.7","15.1","2.2"
"USC00208043","TAHQUAMENON FALLS S P, MI US","46.6013","-85.2238","227.1","2005-06","30.3","0.0","31.7","5039.3","17.6","25.1","10.1"
"USC00207190","RUDYARD 4 N, MI US","46.2963","-84.5761","229.5","2005-01",,"-30.6",,,,,"-15.7"
"USC00207190","RUDYARD 4 N, MI US","46.2963","-84.5761","229.5","2005-02",,"-23.9","7.2",,"-6.1","-1.5","-10.8"
"USC00207190","RUDYARD 4 N, MI US","46.2963","-84.5761","229.5","2005-03",,"-25.6","13.3",,"-4.6","2.0","-11.1"
"USC00207190","RUDYARD 4 N, MI US","46.2963","-84.5761","229.5","2005-04",,"-5.0","26.7",,"6.4","13.5","-0.8"
"USC00203823","HILLSDALE, MI US","41.9352","-84.6411","329.2","2005-02",,,"10.0",,,"3.1",
"USC00203823","HILLSDALE, MI US","41.9352","-84.6411","329.2","2005-03",,"-16.7","22.8",,"-0.4","5.3","-6.1"
"USC00203823","HILLSDALE, MI US","41.9352","-84.6411","329.2","2005-04",,"-2.2","28.3",,"9.3","16.6","2.0"
"USC00203823","HILLSDALE, MI US","41.9352","-84.6411","329.2","2005-05",,,"28.9",,,"19.5",
"USC00203823","HILLSDALE, MI US","41.9352","-84.6411","329.2","2005-06",,"9.4","33.9",,"22.5","28.4","16.7"
"USC00203947","HOWELL WWTP, MI US","42.59382","-83.93251","279.5","2005-01","0.0","-24.4","15.6","2090.7","-5.1","-0.1","-10.2"
"USC00203947","HOWELL WWTP, MI US","42.59382","-83.93251","279.5","2005-02","0.0","-18.9","10.6","2722.4","-4.2","2.5","-11.0"
"USC00203947","HOWELL WWTP, MI US","42.59382","-83.93251","279.5","2005-03","0.0","-19.4","20.0","3340.2","-2.2","4.3","-8.7"
"USC00203947","HOWELL WWTP, MI US","42.59382","-83.93251","279.5","2005-04","0.0","-3.9","28.9","3600.8","9.3","16.6","2.1"
"USC00203947","HOWELL WWTP, MI US","42.59382","-83.93251","279.5","2005-05","2.8","-4.4","28.3","3810.6","11.4","18.7","4.2"
"USC00203947","HOWELL WWTP, MI US","42.59382","-83.93251","279.5","2005-06","119.6","7.2","34.4","3829.2","21.6","28.8","14.4"
"USC00207867","STEPHENSON 8 WNW, MI US","45.39028","-87.7025","210.3","2005-02",,"-18.3","12.2",,"-4.6","1.8","-10.9"
"USC00207867","STEPHENSON 8 WNW, MI US","45.39028","-87.7025","210.3","2005-03",,"-22.2","17.8",,"-4.2","4.2","-12.6"
"USC00207867","STEPHENSON 8 WNW, MI US","45.39028","-87.7025","210.3","2005-04",,"-5.0","27.8",,"7.0","15.9","-1.9"
"USC00207867","STEPHENSON 8 WNW, MI US","45.39028","-87.7025","210.3","2005-05",,"-4.4","25.6",,"10.2","17.7","2.8"
"USC00207867","STEPHENSON 8 WNW, MI US","45.39028","-87.7025","210.3","2005-06",,"4.4","33.9",,"19.5","27.8","11.1"
"USC00205563","MONROE, MI US","41.9069","-83.4158","178.6","2005-01","0.0","-20.0","13.3",,"-4.8","-0.3","-9.4"
"USC00205563","MONROE, MI US","41.9069","-83.4158","178.6","2005-02","0.0","-12.8","8.9",,"-1.7","2.6","-6.1"
"USC00205563","MONROE, MI US","41.9069","-83.4158","178.6","2005-03","0.0","-14.4","17.2",,"0.2","5.4","-5.0"
"USC00205563","MONROE, MI US","41.9069","-83.4158","178.6","2005-04","0.0","-5.6","28.9",,"8.8","14.7","3.0"
"USC00205563","MONROE, MI US","41.9069","-83.4158","178.6","2005-05","2.8","-1.1","29.4",,"13.4","19.3","7.4"
"USC00202851","FLINT 7 W, MI US","43.0377","-83.7694","207.0","2005-02",,,"11.1",,,"1.8",
"USC00202851","FLINT 7 W, MI US","43.0377","-83.7694","207.0","2005-03",,,"19.4",,,"4.6",
"USC00202851","FLINT 7 W, MI US","43.0377","-83.7694","207.0","2005-04",,,"27.8",,,"15.6",
"USC00202851","FLINT 7 W, MI US","43.0377","-83.7694","207.0","2005-05",,"-3.9","27.8",,"11.5","18.4","4.7"
"USC00202851","FLINT 7 W, MI US","43.0377","-83.7694","207.0","2005-06",,"7.2","34.4",,"22.2","28.1","16.2"
"USC00209006","WILLIAMSTON, MI US","42.7103","-84.2503","272.8","2005-01",,,,,,,
"USC00209006","WILLIAMSTON, MI US","42.7103","-84.2503","272.8","2005-02",,,,,,,
"USC00209006","WILLIAMSTON, MI US","42.7103","-84.2503","272.8","2005-03",,,,,,,
"USC00209006","WILLIAMSTON, MI US","42.7103","-84.2503","272.8","2005-04",,,,,,,
"USC00209006","WILLIAMSTON, MI US","42.7103","-84.2503","272.8","2005-05",,,,,,,
"USC00206658","PONTIAC WWTP, MI US","42.6388","-83.2555","271.3","2005-01",,,,,,,
"USC00206658","PONTIAC WWTP, MI US","42.6388","-83.2555","271.3","2005-02",,,,,,,
"USC00206658","PONTIAC WWTP, MI US","42.6388","-83.2555","271.3","2005-03",,,,,,,
"USC00206658","PONTIAC WWTP, MI US","42.6388","-83.2555","271.3","2005-04",,,,,,,
"USC00206658","PONTIAC WWTP, MI US","42.6388","-83.2555","271.3","2005-05",,,,,,,
"USC00206658","PONTIAC WWTP, MI US","42.6388","-83.2555","271.3","2005-06",,,,,,,
"USC00207742","SPALDING 1 NW, MI US","45.7019","-87.5255","262.1","2005-01",,,,,,,
"USC00207742","SPALDING 1 NW, MI US","45.7019","-87.5255","262.1","2005-02",,,,,,,
"USC00207742","SPALDING 1 NW, MI US","45.7019","-87.5255","262.1","2005-03",,,,,,,
"USC00207742","SPALDING 1 NW, MI US","45.7019","-87.5255","262.1","2005-04",,,,,,,
"USC00207742","SPALDING 1 NW, MI US","45.7019","-87.5255","262.1","2005-05",,"-3.3","27.2",,"11.2","17.5","4.8"
"USC00207742","SPALDING 1 NW, MI US","45.7019","-87.5255","262.1","2005-06",,"6.1","33.9",,"20.2","27.3","13.1"
"USC00201522","CHESANING, MI US","43.1936","-84.1113","189.0","2005-01",,,,,,,
"USC00201522","CHESANING, MI US","43.1936","-84.1113","189.0","2005-02",,,,,,,
"USC00201522","CHESANING, MI US","43.1936","-84.1113","189.0","2005-03",,,,,,,
"USC00201522","CHESANING, MI US","43.1936","-84.1113","189.0","2005-04",,,,,,,
"USC00201522","CHESANING, MI US","43.1936","-84.1113","189.0","2005-05",,,,,,,
"USC00205567","MONTAGUE 4 NW, MI US","43.461","-86.41773","198.1","2005-01","0.0","-25.0","12.8","2086.3","-5.3","-1.1","-9.5"
"USC00205567","MONTAGUE 4 NW, MI US","43.461","-86.41773","198.1","2005-02",,,,,,,
"USC00205567","MONTAGUE 4 NW, MI US","43.461","-86.41773","198.1","2005-03",,"-17.2","22.8",,"-0.3","5.1","-5.7"
"USC00205567","MONTAGUE 4 NW, MI US","43.461","-86.41773","198.1","2005-04",,"-6.1","25.0",,"9.1","16.3","2.0"
"USC00205567","MONTAGUE 4 NW, MI US","43.461","-86.41773","198.1","2005-05",,"-3.3","24.4",,"11.8","18.1","5.5"
"USC00205567","MONTAGUE 4 NW, MI US","43.461","-86.41773","198.1","2005-06",,,,,,,
"USW00094814","HOUGHTON LAKE ROSCOMMON CO AIRPORT, MI US","44.35904","-84.6739","350.6","2005-01","0.0","-30.0","8.3","2541.5","-8.8","-4.7","-13.0"
"USW00094814","HOUGHTON LAKE ROSCOMMON CO AIRPORT, MI US","44.35904","-84.6739","350.6","2005-02","0.0","-20.0","10.0","3187.6","-4.7","-0.4","-9.1"
"USW00094814","HOUGHTON LAKE ROSCOMMON CO AIRPORT, MI US","44.35904","-84.6739","350.6","2005-03","0.0","-22.2","17.2","3887.8","-4.2","2.1","-10.6"
"USW00094814","HOUGHTON LAKE ROSCOMMON CO AIRPORT, MI US","44.35904","-84.6739","350.6","2005-04","0.0","-5.6","26.7","4214.1","7.5","15.1","-0.1"
"USW00094814","HOUGHTON LAKE ROSCOMMON CO AIRPORT, MI US","44.35904","-84.6739","350.6","2005-05","2.5","-5.6","27.2","4457.0","10.6","17.1","4.1"
"USW00094814","HOUGHTON LAKE ROSCOMMON CO AIRPORT, MI US","44.35904","-84.6739","350.6","2005-06","95.1","5.0","33.9","4483.7","20.5","27.4","13.7"
"USW00094815","KALAMAZOO BATTLE CREEK INTERNATIONAL AIRPORT, MI US","42.22826","-85.546","263.3","2005-01","0.0","-21.7","15.0","1937.3","-4.2","-0.2","-8.1"
"USW00094815","KALAMAZOO BATTLE CREEK INTERNATIONAL AIRPORT, MI US","42.22826","-85.546","263.3","2005-02","0.0","-12.8","9.4","2476.2","-0.9","2.7","-4.5"
"USW00094815","KALAMAZOO BATTLE CREEK INTERNATIONAL AIRPORT, MI US","42.22826","-85.546","263.3","2005-03","0.0","-15.0","25.0","3027.4","0.6","5.6","-4.5"
"USW00094815","KALAMAZOO BATTLE CREEK INTERNATIONAL AIRPORT, MI US","42.22826","-85.546","263.3","2005-04","5.0","-0.6","29.4","3232.6","11.7","18.4","5.0"
"USW00094815","KALAMAZOO BATTLE CREEK INTERNATIONAL AIRPORT, MI US","42.22826","-85.546","263.3","2005-05","13.9","-2.8","29.4","3374.8","14.0","20.1","8.0"
"USW00094815","KALAMAZOO BATTLE CREEK INTERNATIONAL AIRPORT, MI US","42.22826","-85.546","263.3","2005-06","180.2","11.1","34.4","3380.9","23.7","29.3","18.0"
"USW00094817","PONTIAC OAKLAND CO INTERNATIONAL AIRPORT, MI US","42.66314","-83.41016","295.4","2005-01","0.0","-21.7","15.0","2078.7","-5.6","-1.7","-9.4"
"USW00094817","PONTIAC OAKLAND CO INTERNATIONAL AIRPORT, MI US","42.66314","-83.41016","295.4","2005-02","0.0","-16.1","8.3","2643.5","-2.6","1.2","-6.4"
"USW00094817","PONTIAC OAKLAND CO INTERNATIONAL AIRPORT, MI US","42.66314","-83.41016","295.4","2005-03","0.0","-15.0","18.3","3239.6","-0.9","3.7","-5.5"
"USW00094817","PONTIAC OAKLAND CO INTERNATIONAL AIRPORT, MI US","42.66314","-83.41016","295.4","2005-04","0.8","-1.1","28.3","3483.4","9.6","16.0","3.3"
"USW00094817","PONTIAC OAKLAND CO INTERNATIONAL AIRPORT, MI US","42.66314","-83.41016","295.4","2005-05","6.4","-1.7","27.8","3669.3","12.5","18.1","6.9"
"USW00094817","PONTIAC OAKLAND CO INTERNATIONAL AIRPORT, MI US","42.66314","-83.41016","295.4","2005-06","134.8","8.9","33.9","3681.0","22.2","27.9","16.6"
"USC00208293","TROUT LAKE 1 SW, MI US","46.1796","-85.0311","250.9","2005-01","0.0","-28.9","3.9","2655.4","-10.0","-5.0","-15.0"
"USC00208293","TROUT LAKE 1 SW, MI US","46.1796","-85.0311","250.9","2005-02","0.0","-20.6","7.2","3326.0","-5.6","-0.8","-10.5"
"USC00208293","TROUT LAKE 1 SW, MI US","46.1796","-85.0311","250.9","2005-03","0.0","-24.4","14.4","4023.4","-4.2","2.6","-10.9"
"USC00208293","TROUT LAKE 1 SW, MI US","46.1796","-85.0311","250.9","2005-04","0.0","-3.9","23.9","4356.9","7.2","14.6","-0.2"
"USC00208293","TROUT LAKE 1 SW, MI US","46.1796","-85.0311","250.9","2005-05","0.0","-3.9","25.0","4596.8","10.6","17.4","3.7"
"USC00208293","TROUT LAKE 1 SW, MI US","46.1796","-85.0311","250.9","2005-06","50.8","4.4","31.1","4626.5","19.0","25.4","12.7"
"USR0000MSPI","SPINCICH LAKE MICHIGAN, MI US","46.4578","-85.6272","273.1","2005-01","0.0","-32.2","2.8","2979.4","-11.0","-6.5","-15.4"
"USR0000MSPI","SPINCICH LAKE MICHIGAN, MI US","46.4578","-85.6272","273.1","2005-02","0.0","-25.0","6.1","3701.6","-7.5","-1.5","-13.4"
"USR0000MSPI","SPINCICH LAKE MICHIGAN, MI US","46.4578","-85.6272","273.1","2005-03","0.0","-23.9","16.1","4452.4","-5.9","1.9","-13.7"
"USR0000MSPI","SPINCICH LAKE MICHIGAN, MI US","46.4578","-85.6272","273.1","2005-04","0.0","-8.3","26.1","4853.4","5.0","12.6","-2.6"
"USR0000MSPI","SPINCICH LAKE MICHIGAN, MI US","46.4578","-85.6272","273.1","2005-05","0.0","-6.7","25.0","5161.6","8.4","15.7","1.1"
"USR0000MSPI","SPINCICH LAKE MICHIGAN, MI US","46.4578","-85.6272","273.1","2005-06","37.3","-2.2","31.7","5216.3","17.8","26.1","9.4"
"USC00200446","BALDWIN, MI US","43.9005","-85.8505","254.5","2005-01",,"-27.8","12.8",,"-5.1","-0.5","-9.8"
"USC00200446","BALDWIN, MI US","43.9005","-85.8505","254.5","2005-02",,"-18.9","12.8",,"-1.9","2.5","-6.2"
"USC00200446","BALDWIN, MI US","43.9005","-85.8505","254.5","2005-03",,"-19.4","21.7",,"-2.1","5.2","-9.3"
"USC00200446","BALDWIN, MI US","43.9005","-85.8505","254.5","2005-04",,,,,,,
"USC00200446","BALDWIN, MI US","43.9005","-85.8505","254.5","2005-05",,,,,,,
"USC00200446","BALDWIN, MI US","43.9005","-85.8505","254.5","2005-06",,,,,,,
"USC00203712","HELL, MI US","42.4344","-83.9858","271.3","2005-01",,"-23.3",,,,,"-10.9"
"USC00203712","HELL, MI US","42.4344","-83.9858","271.3","2005-02",,,,,,,
"USC00203712","HELL, MI US","42.4344","-83.9858","271.3","2005-03",,"-20.0","20.0",,"-1.7","3.8","-7.2"
"USC00203712","HELL, MI US","42.4344","-83.9858","271.3","2005-04",,"-2.2","27.2",,"9.6","16.9","2.3"
"USC00203712","HELL, MI US","42.4344","-83.9858","271.3","2005-05",,,,,,,
"USC00203712","HELL, MI US","42.4344","-83.9858","271.3","2005-06",,,,,,,
"USC00204808","LEXINGTON WATER PLANT, MI US","43.26319","-82.5327","189.6","2005-01","0.0","-25.0","14.4","2080.8","-5.8","-1.7","-10.0"
"USC00204808","LEXINGTON WATER PLANT, MI US","43.26319","-82.5327","189.6","2005-02","0.0","-16.7","6.7","2711.7","-4.2","0.3","-8.7"
"USC00204808","LEXINGTON WATER PLANT, MI US","43.26319","-82.5327","189.6","2005-03","0.0","-14.4","12.8","3325.6","-2.1","2.3","-6.6"
"USC00204808","LEXINGTON WATER PLANT, MI US","43.26319","-82.5327","189.6","2005-04","2.0","-2.2","28.9","3670.8","6.9","12.1","1.6"
"USC00204808","LEXINGTON WATER PLANT, MI US","43.26319","-82.5327","189.6","2005-05","2.0","-0.6","27.8","3896.4","10.6","15.7","5.4"
"USC00204808","LEXINGTON WATER PLANT, MI US","43.26319","-82.5327","189.6","2005-06","95.7","7.2","33.3","3932.0","20.3","25.6","14.9"
"USC00206303","OXFORD, MI US","42.8094","-83.2569","317.0","2005-01",,,,,,,
"USC00206303","OXFORD, MI US","42.8094","-83.2569","317.0","2005-02",,,,,,,
"USC00206303","OXFORD, MI US","42.8094","-83.2569","317.0","2005-03",,,,,,,
"USC00206303","OXFORD, MI US","42.8094","-83.2569","317.0","2005-04",,,,,,,
"USC00206303","OXFORD, MI US","42.8094","-83.2569","317.0","2005-05",,,,,,,
"USC00206303","OXFORD, MI US","42.8094","-83.2569","317.0","2005-06",,,,,,,
"USC00203278","GOODRICH, MI US","42.9163","-83.5097","277.4","2005-01","0.0","-24.4","15.0",,"-6.0","-0.9","-11.2"
"USC00203278","GOODRICH, MI US","42.9163","-83.5097","277.4","2005-02","0.0","-16.1","13.9",,"-2.8","2.5","-8.1"
"USC00203278","GOODRICH, MI US","42.9163","-83.5097","277.4","2005-03","0.0","-18.3","19.4",,"-1.3","4.8","-7.4"
"USC00203278","GOODRICH, MI US","42.9163","-83.5097","277.4","2005-04","0.3","-1.7","28.9",,"9.1","16.5","1.8"
"USC00203278","GOODRICH, MI US","42.9163","-83.5097","277.4","2005-05","3.1","-2.2","28.3",,"11.8","18.6","5.0"
"USC00203278","GOODRICH, MI US","42.9163","-83.5097","277.4","2005-06","132.9","7.2","36.1",,"22.2","29.1","15.3"
"USC00206300","OWOSSO WWTP, MI US","43.0161","-84.18","222.5","2005-01","0.0","-22.2","14.4","2151.2","-6.0","-1.4","-10.6"
"USC00206300","OWOSSO WWTP, MI US","43.0161","-84.18","222.5","2005-02","0.0","-14.4","10.0","2738.6","-2.6","1.7","-7.0"
"USC00206300","OWOSSO WWTP, MI US","43.0161","-84.18","222.5","2005-03","0.0","-16.7","20.6","3360.5","-1.7","3.6","-7.0"
"USC00206300","OWOSSO WWTP, MI US","43.0161","-84.18","222.5","2005-04","1.1","-1.7","26.1","3637.0","8.9","16.0","1.8"
"USC00206300","OWOSSO WWTP, MI US","43.0161","-84.18","222.5","2005-05","4.7","-2.2","27.8","3843.7","11.8","18.0","5.5"
"USC00206300","OWOSSO WWTP, MI US","43.0161","-84.18","222.5","2005-06","124.8","8.9","33.3","3859.3","21.8","27.9","15.7"
"USC00206663","PORT HOPE, MI US","43.9483","-82.7141","182.9","2005-01","0.0","-20.6","13.3","2150.5","-6.4","-2.8","-9.9"
"USC00206663","PORT HOPE, MI US","43.9483","-82.7141","182.9","2005-02","0.0","-15.0","6.7","2743.9","-3.7","0.3","-7.6"
"USC00206663","PORT HOPE, MI US","43.9483","-82.7141","182.9","2005-03","0.0","-15.6","10.6","3397.3","-2.7","1.3","-6.8"
"USC00206663","PORT HOPE, MI US","43.9483","-82.7141","182.9","2005-04","0.0","-1.7","27.8","3727.3","6.1","10.4","1.8"
"USC00206663","PORT HOPE, MI US","43.9483","-82.7141","182.9","2005-05","0.0","0.0","27.8","3974.7","9.8","14.4","5.1"
"USC00206663","PORT HOPE, MI US","43.9483","-82.7141","182.9","2005-06","65.0","6.1","33.9","3996.6","20.1","25.0","15.1"
"USC00201896","CROSS VILLAGE 1 E, MI US","45.6413","-85.0141","219.8","2005-01","0.0","-23.9","9.4","2383.4","-8.4","-4.0","-12.7"
"USC00201896","CROSS VILLAGE 1 E, MI US","45.6413","-85.0141","219.8","2005-02","0.0","-19.4","11.7","3002.7","-3.8","0.7","-8.3"
"USC00201896","CROSS VILLAGE 1 E, MI US","45.6413","-85.0141","219.8","2005-03","0.0","-20.6","17.8","3687.5","-3.8","2.2","-9.7"
"USC00201896","CROSS VILLAGE 1 E, MI US","45.6413","-85.0141","219.8","2005-04","0.0","-3.9","25.6","4045.4","6.4","12.6","0.2"
"USC00201896","CROSS VILLAGE 1 E, MI US","45.6413","-85.0141","219.8","2005-05","2.8","-3.9","27.8","4279.4","10.4","16.1","4.6"
"USC00201896","CROSS VILLAGE 1 E, MI US","45.6413","-85.0141","219.8","2005-06","49.4","6.7","30.0","4307.9","19.0","24.0","14.1"
"USC00202984","FRANKFORT 2 NE, MI US","44.64822","-86.20986","289.0","2005-01","0.0","-18.3","7.8",,"-5.8","-2.7","-9.0"
"USC00202984","FRANKFORT 2 NE, MI US","44.64822","-86.20986","289.0","2005-02","0.0","-11.1","10.6",,"-2.0","0.9","-4.9"
"USC00202984","FRANKFORT 2 NE, MI US","44.64822","-86.20986","289.0","2005-03","0.0","-12.8","20.0",,"-0.9","2.8","-4.6"
"USC00202984","FRANKFORT 2 NE, MI US","44.64822","-86.20986","289.0","2005-04","0.0","-1.7","25.0",,"8.9","14.5","3.3"
"USC00202984","FRANKFORT 2 NE, MI US","44.64822","-86.20986","289.0","2005-05","0.0","-0.6","22.8",,"11.3","16.4","6.2"
"USC00202984","FRANKFORT 2 NE, MI US","44.64822","-86.20986","289.0","2005-06","88.6","8.3","31.7",,"20.9","26.2","15.6"
"USC00205591","MORAN, MI US","45.9902","-84.8361","211.8","2005-01","0.0","-28.9","8.3","2729.1","-11.1","-5.2","-17.0"
"USC00205591","MORAN, MI US","45.9902","-84.8361","211.8","2005-02","0.0","-24.4","9.4","3412.7","-6.1","0.1","-12.2"
"USC00205591","MORAN, MI US","45.9902","-84.8361","211.8","2005-03","0.0","-28.9","11.1","4132.8","-5.7","1.7","-13.0"
"USC00205591","MORAN, MI US","45.9902","-84.8361","211.8","2005-04","0.0","-5.6","22.2","4525.8","5.2","11.5","-1.0"
"USC00205591","MORAN, MI US","45.9902","-84.8361","211.8","2005-05","0.0","-5.0","23.3","4821.8","8.8","15.0","2.6"
"USC00205591","MORAN, MI US","45.9902","-84.8361","211.8","2005-06","34.9","2.2","31.1","4864.6","18.1","24.6","11.6"
"USC00206680","PORT HURON, MI US","42.975","-82.4194","179.8","2005-01","0.0","-17.8","12.8","2029.9","-5.6","-1.9","-9.2"
"USC00206680","PORT HURON, MI US","42.975","-82.4194","179.8","2005-02","0.0","-12.2","6.7","2630.3","-3.1","0.8","-7.0"
"USC00206680","PORT HURON, MI US","42.975","-82.4194","179.8","2005-03","0.0","-12.2","16.7","3220.6","-0.7","3.3","-4.7"
"USC00206680","PORT HURON, MI US","42.975","-82.4194","179.8","2005-04","2.2","0.0","28.9","3528.9","8.1","12.6","3.6"
"USC00206680","PORT HURON, MI US","42.975","-82.4194","179.8","2005-05","4.4","1.7","27.8","3713.5","12.4","17.1","7.6"
"USC00206680","PORT HURON, MI US","42.975","-82.4194","179.8","2005-06","143.0","10.0","34.4","3728.8","22.4","27.6","17.3"
"USR0000MRAC","RACO MICHIGAN, MI US","46.25","-84.5833","274.3","2005-01","0.0","-33.9","3.3","2855.1","-12.0","-6.2","-17.8"
"USR0000MRAC","RACO MICHIGAN, MI US","46.25","-84.5833","274.3","2005-02","0.0","-26.1","7.8","3572.9","-7.3","-1.9","-12.7"
"USR0000MRAC","RACO MICHIGAN, MI US","46.25","-84.5833","274.3","2005-03","0.0","-27.2","14.4","4327.5","-6.0","1.9","-13.9"
"USR0000MRAC","RACO MICHIGAN, MI US","46.25","-84.5833","274.3","2005-04","0.0","-7.8","24.4","4735.9","4.7","11.8","-2.3"
"USR0000MRAC","RACO MICHIGAN, MI US","46.25","-84.5833","274.3","2005-05","0.0","-6.7","26.1","5043.1","8.4","15.7","1.2"
"USR0000MRAC","RACO MICHIGAN, MI US","46.25","-84.5833","274.3","2005-06","32.7","0.0","31.1","5088.7","17.9","24.8","11.0"
"USC00206442","PELLSTON AIRPORT NUMBER 2, MI US","45.5719","-84.7858","217.0","2005-01","0.0","-32.8","9.4","2584.1","-10.0","-4.4","-15.6"
"USC00206442","PELLSTON AIRPORT NUMBER 2, MI US","45.5719","-84.7858","217.0","2005-02","0.0","-21.1","12.8","3252.3","-5.5","0.3","-11.4"
"USC00206442","PELLSTON AIRPORT NUMBER 2, MI US","45.5719","-84.7858","217.0","2005-03","0.0","-26.1","17.2","3994.8","-6.4","1.6","-14.4"
"USC00206442","PELLSTON AIRPORT NUMBER 2, MI US","45.5719","-84.7858","217.0","2005-04","0.0","-6.7","25.6","4371.4","5.8","13.1","-1.5"
"USC00206442","PELLSTON AIRPORT NUMBER 2, MI US","45.5719","-84.7858","217.0","2005-05","1.4","-5.6","27.2","4647.5","9.5","16.4","2.5"
"USC00206442","PELLSTON AIRPORT NUMBER 2, MI US","45.5719","-84.7858","217.0","2005-06","76.4","2.8","32.8","4683.9","19.6","26.7","12.5"
"USC00208184","THREE RIVERS, MI US","41.9299","-85.6385","246.9","2005-01","0.0","-22.8","16.7",,"-4.0","1.6","-9.6"
"USC00208184","THREE RIVERS, MI US","41.9299","-85.6385","246.9","2005-02","0.0","-13.9","10.0",,"-0.9","4.1","-6.0"
"USC00208184","THREE RIVERS, MI US","41.9299","-85.6385","246.9","2005-03",,,,,,,
"USC00208184","THREE RIVERS, MI US","41.9299","-85.6385","246.9","2005-04",,"-1.7","28.9",,"10.9","18.4","3.5"
"USC00208184","THREE RIVERS, MI US","41.9299","-85.6385","246.9","2005-05",,"-3.3","28.3",,"13.3","19.9","6.6"
"USC00208184","THREE RIVERS, MI US","41.9299","-85.6385","246.9","2005-06",,"10.6","35.0",,"23.1","30.0","16.3"
"USR0000MBAL","BALDWIN MICHIGAN, MI US","43.8933","-85.8506","253.6","2005-01","0.0","-27.8","11.7","2197.8","-6.7","-2.1","-11.3"
"USR0000MBAL","BALDWIN MICHIGAN, MI US","43.8933","-85.8506","253.6","2005-02","0.0","-18.3","12.8","2777.5","-2.4","2.0","-6.7"
"USR0000MBAL","BALDWIN MICHIGAN, MI US","43.8933","-85.8506","253.6","2005-03","0.0","-20.6","20.6","3409.2","-2.0","4.9","-9.0"
"USR0000MBAL","BALDWIN MICHIGAN, MI US","43.8933","-85.8506","253.6","2005-04","0.0","-5.0","27.8","3683.2","9.2","17.3","1.1"
"USR0000MBAL","BALDWIN MICHIGAN, MI US","43.8933","-85.8506","253.6","2005-05","1.9","-5.6","28.9","3894.1","11.6","18.7","4.5"
"USR0000MBAL","BALDWIN MICHIGAN, MI US","43.8933","-85.8506","253.6","2005-06","137.3","6.1","37.2","3911.1","22.3","29.9","14.7"
"USC00207094","ROGERS CITY, MI US","45.4169","-83.8158","187.5","2005-01","0.0","-21.1","12.8","2282.0","-7.6","-3.6","-11.6"
"USC00207094","ROGERS CITY, MI US","45.4169","-83.8158","187.5","2005-02","0.0","-16.1","9.4","2871.3","-3.5","0.5","-7.6"
"USC00207094","ROGERS CITY, MI US","45.4169","-83.8158","187.5","2005-03","0.0","-17.8","15.6","3538.1","-3.2","2.3","-8.6"
"USC00207094","ROGERS CITY, MI US","45.4169","-83.8158","187.5","2005-04","0.0","-3.3","28.3","3887.5","6.7","12.7","0.7"
"USC00207094","ROGERS CITY, MI US","45.4169","-83.8158","187.5","2005-05","3.9","-3.9","30.6","4123.0","10.9","17.5","4.3"
"USC00207094","ROGERS CITY, MI US","45.4169","-83.8158","187.5","2005-06","81.7","5.6","36.1","4141.5","20.3","26.6","14.0"
"USC00203969","HUDSON 3 E, MI US","41.8483","-84.2938","266.7","2005-01",,,,,,,
"USC00203969","HUDSON 3 E, MI US","41.8483","-84.2938","266.7","2005-02",,,,,,,
"USC00203969","HUDSON 3 E, MI US","41.8483","-84.2938","266.7","2005-03",,,,,,,
"USC00203969","HUDSON 3 E, MI US","41.8483","-84.2938","266.7","2005-04",,,,,,,
"USC00203969","HUDSON 3 E, MI US","41.8483","-84.2938","266.7","2005-05",,,,,,,
"USC00203969","HUDSON 3 E, MI US","41.8483","-84.2938","266.7","2005-06",,,,,,,
"USC00201780","COPPER HARBOR FORT WILKINS, MI US","47.4679","-87.8671","190.5","2005-01",,,,,,,
"USC00201780","COPPER HARBOR FORT WILKINS, MI US","47.4679","-87.8671","190.5","2005-02",,"-22.8","8.9",,"-4.2","-0.7","-7.7"
"USC00201780","COPPER HARBOR FORT WILKINS, MI US","47.4679","-87.8671","190.5","2005-03",,"-18.9","12.2",,"-3.6","1.1","-8.3"
"USC00201780","COPPER HARBOR FORT WILKINS, MI US","47.4679","-87.8671","190.5","2005-04",,"-4.4","22.2",,"5.3","10.0","0.7"
"USC00201780","COPPER HARBOR FORT WILKINS, MI US","47.4679","-87.8671","190.5","2005-05",,"-2.2","22.8",,"9.2","14.1","4.4"
"USC00201780","COPPER HARBOR FORT WILKINS, MI US","47.4679","-87.8671","190.5","2005-06",,"5.0","32.8",,"17.1","23.1","11.1"
"USC00204257","KALKASKA, MI US","44.728","-85.1727","315.5","2005-01","0.0","-31.1","10.6","2628.0","-9.5","-4.7","-14.4"
"USC00204257","KALKASKA, MI US","44.728","-85.1727","315.5","2005-02","0.0","-19.4","11.1","3282.4","-5.0","-0.6","-9.5"
"USC00204257","KALKASKA, MI US","44.728","-85.1727","315.5","2005-03","0.0","-21.1","16.1","4003.4","-4.9","1.9","-11.7"
"USC00204257","KALKASKA, MI US","44.728","-85.1727","315.5","2005-04","0.9","-5.0","26.7","4346.4","6.9","14.3","-0.5"
"USC00204257","KALKASKA, MI US","44.728","-85.1727","315.5","2005-05","3.4","-5.0","26.1","4608.5","9.7","16.1","3.4"
"USC00204257","KALKASKA, MI US","44.728","-85.1727","315.5","2005-06","97.9","6.1","33.9","4636.5","20.6","27.1","14.0"
"USC00207521","SHELBY 1 SSW, MI US","42.6844","-83.0808","222.5","2005-01","0.0","-25.0","14.4",,"-5.5","-1.3","-9.8"
"USC00207521","SHELBY 1 SSW, MI US","42.6844","-83.0808","222.5","2005-02","0.0","-15.6","8.3",,"-3.2","1.9","-8.2"
"USC00207521","SHELBY 1 SSW, MI US","42.6844","-83.0808","222.5","2005-03","0.0","-13.9","10.6",,"-1.9","3.3","-7.1"
"USC00207521","SHELBY 1 SSW, MI US","42.6844","-83.0808","222.5","2005-04","0.0","-0.6","28.9",,"9.5","16.9","2.1"
"USC00207521","SHELBY 1 SSW, MI US","42.6844","-83.0808","222.5","2005-05","1.4","-2.2","27.8",,"12.0","18.5","5.5"
"USC00207521","SHELBY 1 SSW, MI US","42.6844","-83.0808","222.5","2005-06",,,,,,,
"USC00202631","ESSEXVILLE, MI US","43.6155","-83.845","179.2","2005-01",,,"13.9",,,"-2.1",
"USC00202631","ESSEXVILLE, MI US","43.6155","-83.845","179.2","2005-03",,,"19.4",,,"3.1",
"USC00202631","ESSEXVILLE, MI US","43.6155","-83.845","179.2","2005-04",,"-3.9","29.4",,"8.0","13.6","2.3"
"USC00202631","ESSEXVILLE, MI US","43.6155","-83.845","179.2","2005-05",,"-2.2","28.9",,"12.6","18.1","7.2"
"USC00202631","ESSEXVILLE, MI US","43.6155","-83.845","179.2","2005-06",,"11.1","35.0",,"22.0","27.2","16.9"
"USC00202094","DETOUR VILLAGE, MI US","45.9983","-83.9013","181.4","2005-01","0.0","-25.6","8.3","2451.7","-10.6","-5.8","-15.3"
"USC00202094","DETOUR VILLAGE, MI US","45.9983","-83.9013","181.4","2005-02","0.0","-20.6","4.4","3132.3","-6.0","-1.8","-10.1"
"USC00202094","DETOUR VILLAGE, MI US","45.9983","-83.9013","181.4","2005-03","0.0","-20.6","8.3","3863.8","-5.3","-0.1","-10.4"
"USC00202094","DETOUR VILLAGE, MI US","45.9983","-83.9013","181.4","2005-04","0.0","-1.7","26.7","4241.5","5.7","10.6","0.9"
"USC00202094","DETOUR VILLAGE, MI US","45.9983","-83.9013","181.4","2005-05","0.0","-1.1","24.4","4502.4","9.9","14.8","5.0"
"USC00202094","DETOUR VILLAGE, MI US","45.9983","-83.9013","181.4","2005-06","35.8","7.2","30.6","4528.4","18.7","23.3","14.0"
"USC00203858","HOLLAND WTP, MI US","42.7989","-86.20635","184.4","2005-01",,"-21.7",,,,,"-9.8"
"USC00203858","HOLLAND WTP, MI US","42.7989","-86.20635","184.4","2005-02",,"-11.1",,,,,"-4.3"
"USC00203858","HOLLAND WTP, MI US","42.7989","-86.20635","184.4","2005-03",,"-13.3",,,,,"-4.6"
"USC00203858","HOLLAND WTP, MI US","42.7989","-86.20635","184.4","2005-04",,"-1.7","27.2",,"10.4","17.1","3.8"
"USC00203858","HOLLAND WTP, MI US","42.7989","-86.20635","184.4","2005-05",,"-1.7","29.4",,"13.2","19.0","7.5"
"USC00203858","HOLLAND WTP, MI US","42.7989","-86.20635","184.4","2005-06",,"11.1","35.6",,"23.8","30.3","17.4"
"USC00200106","ALGONAC WWTP, MI US","42.6158","-82.5436","178.3","2005-01","0.0","-23.3","12.2",,"-5.7","-0.8","-10.6"
"USC00200106","ALGONAC WWTP, MI US","42.6158","-82.5436","178.3","2005-02",,"-14.4",,,,,"-8.3"
"USC00200106","ALGONAC WWTP, MI US","42.6158","-82.5436","178.3","2005-03",,"-13.9",,,,,"-6.7"
"USC00200106","ALGONAC WWTP, MI US","42.6158","-82.5436","178.3","2005-04",,"-1.1","27.2",,"9.1","15.7","2.5"
"USC00200106","ALGONAC WWTP, MI US","42.6158","-82.5436","178.3","2005-05",,"-1.1","25.6",,"12.4","18.7","6.2"
"USC00204944","LOWELL, MI US","42.92793","-85.34013","199.9","2005-01",,,,,,,
"USC00204944","LOWELL, MI US","42.92793","-85.34013","199.9","2005-02",,,,,,,
"USC00204944","LOWELL, MI US","42.92793","-85.34013","199.9","2005-03",,,,,,,
"USC00204944","LOWELL, MI US","42.92793","-85.34013","199.9","2005-04",,,,,,,
"USC00204944","LOWELL, MI US","42.92793","-85.34013","199.9","2005-05",,,,,,,
"USC00204944","LOWELL, MI US","42.92793","-85.34013","199.9","2005-06",,,,,,,
"USC00200228","ANN ARBOR SE, MI US","42.2416","-83.6933","253.6","2005-01","0.0","-22.2","15.0","2108.1","-5.1","-0.4","-9.7"
"USC00200228","ANN ARBOR SE, MI US","42.2416","-83.6933","253.6","2005-02","0.0","-15.0","8.3","2692.5","-2.5","2.3","-7.3"
"USC00200228","ANN ARBOR SE, MI US","42.2416","-83.6933","253.6","2005-03","0.0","-13.9","20.0","3265.6","-0.1","5.1","-5.4"
"USC00200228","ANN ARBOR SE, MI US","42.2416","-83.6933","253.6","2005-04","0.6","-1.1","27.8","3529.0","9.6","16.8","2.3"
"USC00200228","ANN ARBOR SE, MI US","42.2416","-83.6933","253.6","2005-05","1.7","-3.9","28.3","3720.0","12.2","19.3","5.1"
"USC00200228","ANN ARBOR SE, MI US","42.2416","-83.6933","253.6","2005-06","129.8","7.2","34.4","3733.4","22.2","29.1","15.3"
"USC00207419","SEBEWAING, MI US","43.73194","-83.45917","178.0","2005-01",,,,,,,
"USC00207419","SEBEWAING, MI US","43.73194","-83.45917","178.0","2005-02",,,,,,,
"USC00207419","SEBEWAING, MI US","43.73194","-83.45917","178.0","2005-03",,,,,,,
"USC00207419","SEBEWAING, MI US","43.73194","-83.45917","178.0","2005-04",,,,,,,
"USC00207419","SEBEWAING, MI US","43.73194","-83.45917","178.0","2005-05",,,,,,,
"USC00207419","SEBEWAING, MI US","43.73194","-83.45917","178.0","2005-06",,,,,,,
"USC00201439","CHAMPION VAN RIPER P, MI US","46.5193","-87.9859","487.4","2005-01","0.0","-33.3","-0.6",,"-12.1","-7.4","-16.7"
"USC00201439","CHAMPION VAN RIPER P, MI US","46.5193","-87.9859","487.4","2005-02","0.0","-26.7","10.6",,"-8.3","-1.9","-14.7"
"USC00201439","CHAMPION VAN RIPER P, MI US","46.5193","-87.9859","487.4","2005-03","0.0","-28.9","16.7",,"-6.6","1.5","-14.7"
"USC00201439","CHAMPION VAN RIPER P, MI US","46.5193","-87.9859","487.4","2005-04","0.0","-7.2","23.9",,"5.0","13.1","-3.1"
"USC00201439","CHAMPION VAN RIPER P, MI US","46.5193","-87.9859","487.4","2005-05","0.0","-6.7","23.9",,"9.1","15.9","2.4"
"USC00201439","CHAMPION VAN RIPER P, MI US","46.5193","-87.9859","487.4","2005-06","35.2","3.3","31.1",,"17.7","24.7","10.7"
"USC00200342","ATLANTA, MI US","45.00471","-84.14043","267.9","2005-02",,"-23.3","14.4",,"-5.1","0.5","-10.8"
"USC00200342","ATLANTA, MI US","45.00471","-84.14043","267.9","2005-03",,"-24.4","17.2",,"-5.1","3.3","-13.6"
"USC00200342","ATLANTA, MI US","45.00471","-84.14043","267.9","2005-04",,"-8.3","28.9",,"5.9","14.7","-3.0"
"USC00200342","ATLANTA, MI US","45.00471","-84.14043","267.9","2005-05",,"-7.2","28.3",,"9.2","17.5","0.9"
"USC00200342","ATLANTA, MI US","45.00471","-84.14043","267.9","2005-06",,"1.7","35.0",,"19.6","27.8","11.4"
"USC00201675","COLDWATER ST SCHOOL, MI US","41.9622","-84.9925","299.9","2005-01","0.0","-21.7","14.4","2048.5","-5.4","-1.5","-9.3"
"USC00201675","COLDWATER ST SCHOOL, MI US","41.9622","-84.9925","299.9","2005-02","0.0","-16.1","8.9","2600.7","-2.2","1.6","-5.9"
"USC00201675","COLDWATER ST SCHOOL, MI US","41.9622","-84.9925","299.9","2005-03","0.0","-15.6","22.2","3162.8","0.2","4.4","-4.0"
"USC00201675","COLDWATER ST SCHOOL, MI US","41.9622","-84.9925","299.9","2005-04","1.4","-1.7","26.7","3399.3","10.3","16.4","4.1"
"USC00201675","COLDWATER ST SCHOOL, MI US","41.9622","-84.9925","299.9","2005-05","6.4","-3.3","27.2","3568.7","12.9","18.6","7.2"
"USC00201675","COLDWATER ST SCHOOL, MI US","41.9622","-84.9925","299.9","2005-06","145.8","9.4","33.9","3581.4","22.6","28.2","16.9"
"USC00203194","GLENNIE 6 W, MI US","44.5519","-83.8625","295.4","2005-06",,"2.8","34.4",,"20.1","27.7","12.6"
"USC00206220","ONTONAGON 6 SE, MI US","46.8343","-89.2074","240.8","2005-01","0.0","-26.1","0.6",,"-10.2","-5.5","-14.9"
"USC00206220","ONTONAGON 6 SE, MI US","46.8343","-89.2074","240.8","2005-02","0.0","-25.6","13.9",,"-4.4","1.2","-10.0"
"USC00206220","ONTONAGON 6 SE, MI US","46.8343","-89.2074","240.8","2005-03","0.0","-25.6","18.3",,"-3.2","4.1","-10.5"
"USC00206220","ONTONAGON 6 SE, MI US","46.8343","-89.2074","240.8","2005-04","0.3","-5.6","28.3",,"7.8","14.8","0.9"
"USC00206220","ONTONAGON 6 SE, MI US","46.8343","-89.2074","240.8","2005-05","2.0","-6.7","25.6",,"11.1","17.4","4.9"
"USC00206220","ONTONAGON 6 SE, MI US","46.8343","-89.2074","240.8","2005-06","81.2","4.4","35.6",,"19.9","26.8","13.1"
"USC00208080","TECUMSEH, MI US","42.0027","-83.9336","237.7","2005-01","0.0","-22.2","13.9","2048.9","-5.3","-0.1","-10.4"
"USC00208080","TECUMSEH, MI US","42.0027","-83.9336","237.7","2005-02","0.0","-15.0","11.1","2613.4","-1.8","3.3","-6.9"
"USC00208080","TECUMSEH, MI US","42.0027","-83.9336","237.7","2005-03","0.0","-14.4","23.9","3161.3","0.7","6.5","-5.2"
"USC00208080","TECUMSEH, MI US","42.0027","-83.9336","237.7","2005-04","0.0","-0.6","28.9","3418.1","9.5","17.2","1.7"
"USC00208080","TECUMSEH, MI US","42.0027","-83.9336","237.7","2005-05","2.0","-3.3","29.4","3578.7","13.2","20.8","5.6"
"USC00208080","TECUMSEH, MI US","42.0027","-83.9336","237.7","2005-06","156.3","8.9","37.2","3584.5","23.3","30.6","16.0"
"USW00014804","MOUNT CLEMENS ANG BASE, MI US","42.6083","-82.8183","176.8","2005-01","0.0","-22.2","12.8","1784.9","-5.3","-1.5","-9.1"
"USW00014804","MOUNT CLEMENS ANG BASE, MI US","42.6083","-82.8183","176.8","2005-02","0.0","-15.0","7.8","2347.2","-3.3","1.0","-7.6"
"USW00014804","MOUNT CLEMENS ANG BASE, MI US","42.6083","-82.8183","176.8","2005-03","0.0","-13.3","17.2","2912.3","-0.5","4.3","-5.4"
"USW00014804","MOUNT CLEMENS ANG BASE, MI US","42.6083","-82.8183","176.8","2005-04","0.0","-1.1","28.9","3183.7","9.0","15.6","2.4"
"USW00014804","MOUNT CLEMENS ANG BASE, MI US","42.6083","-82.8183","176.8","2005-05","2.0","-2.2","27.8","3364.0","12.4","18.5","6.4"
"USW00014804","MOUNT CLEMENS ANG BASE, MI US","42.6083","-82.8183","176.8","2005-06","128.7","6.1","33.9","3377.1","22.1","28.5","15.7"
"USC00203628","HARRISVILLE STATE PARK, MI US","44.64975","-83.29585","186.5","2005-01","0.0","-20.6","13.9","2236.3","-6.6","-2.6","-10.6"
"USC00203628","HARRISVILLE STATE PARK, MI US","44.64975","-83.29585","186.5","2005-02","0.0","-14.4","7.2","2843.4","-3.4","0.5","-7.2"
"USC00203628","HARRISVILLE STATE PARK, MI US","44.64975","-83.29585","186.5","2005-03","0.0","-16.7","9.4","3494.6","-2.7","2.3","-7.6"
"USC00203628","HARRISVILLE STATE PARK, MI US","44.64975","-83.29585","186.5","2005-04","0.0","-2.2","27.8","3865.6","6.0","10.8","1.1"
"USC00203628","HARRISVILLE STATE PARK, MI US","44.64975","-83.29585","186.5","2005-05","0.3","-2.2","27.2","4130.2","9.8","14.7","4.9"
"USC00203628","HARRISVILLE STATE PARK, MI US","44.64975","-83.29585","186.5","2005-06","43.0","6.1","36.7","4167.4","18.5","23.1","13.9"
"USC00205807","NEW BALTIMORE 5 SW, MI US","42.6502","-82.8044","173.7","2005-01",,,,,,,
"USC00205807","NEW BALTIMORE 5 SW, MI US","42.6502","-82.8044","173.7","2005-02",,,,,,,
"USC00205807","NEW BALTIMORE 5 SW, MI US","42.6502","-82.8044","173.7","2005-03",,,,,,,
"USC00205807","NEW BALTIMORE 5 SW, MI US","42.6502","-82.8044","173.7","2005-04",,,,,,,
"USC00205807","NEW BALTIMORE 5 SW, MI US","42.6502","-82.8044","173.7","2005-05",,,,,,,
"USC00205807","NEW BALTIMORE 5 SW, MI US","42.6502","-82.8044","173.7","2005-06",,,,,,,
"USR0000MWDO","WINDIGO MICHIGAN, MI US","47.9117","-89.1547","213.4","2005-05",,"-1.7","25.6",,"9.7","14.6","4.7"
"USR0000MWDO","WINDIGO MICHIGAN, MI US","47.9117","-89.1547","213.4","2005-06",,"6.7","31.1",,"17.3","22.9","11.6"
"USC00204399","KINGSLEY 2 WSW, MI US","44.5694","-85.5722","330.7","2005-01","0.0","-27.8","8.9","2283.8","-7.1","-2.8","-11.4"
"USC00204399","KINGSLEY 2 WSW, MI US","44.5694","-85.5722","330.7","2005-02","0.0","-17.2","13.3","2873.8","-2.7","1.7","-7.2"
"USC00204399","KINGSLEY 2 WSW, MI US","44.5694","-85.5722","330.7","2005-03","0.0","-19.4","18.9","3514.1","-2.3","4.5","-9.2"
"USC00204399","KINGSLEY 2 WSW, MI US","44.5694","-85.5722","330.7","2005-04","1.1","-3.9","27.8","3786.7","9.3","17.0","1.6"
"USC00204399","KINGSLEY 2 WSW, MI US","44.5694","-85.5722","330.7","2005-05","3.9","-3.9","28.3","3964.0","12.1","19.4","4.8"
"USC00204399","KINGSLEY 2 WSW, MI US","44.5694","-85.5722","330.7","2005-06","133.8","7.2","33.9","3975.2","22.3","29.2","15.4"
"USC00205488","MILLINGTON 3 SE, MI US","43.2836","-83.4791","249.9","2005-01",,,,,,,
"USC00205488","MILLINGTON 3 SE, MI US","43.2836","-83.4791","249.9","2005-02",,,,,,,
"USC00205488","MILLINGTON 3 SE, MI US","43.2836","-83.4791","249.9","2005-03",,,,,,,
"USC00205488","MILLINGTON 3 SE, MI US","43.2836","-83.4791","249.9","2005-05",,,,,,,
"USC00205488","MILLINGTON 3 SE, MI US","43.2836","-83.4791","249.9","2005-06",,,,,,,
"USC00200230","ANN ARBOR U OF MICH, MI US","42.29806","-83.66388","247.8","2005-01","0.0","-19.4","13.3","1957.6","-4.6","-0.3","-8.9"
"USC00200230","ANN ARBOR U OF MICH, MI US","42.29806","-83.66388","247.8","2005-02","0.0","-13.3","8.3","2522.6","-1.9","2.1","-5.8"
"USC00200230","ANN ARBOR U OF MICH, MI US","42.29806","-83.66388","247.8","2005-03","0.0","-15.0","20.0","3070.5","0.7","5.6","-4.3"
"USC00200230","ANN ARBOR U OF MICH, MI US","42.29806","-83.66388","247.8","2005-04","0.8","-1.1","27.8","3300.1","10.7","17.3","4.1"
"USC00200230","ANN ARBOR U OF MICH, MI US","42.29806","-83.66388","247.8","2005-05","4.7","-2.8","27.8","3452.6","13.5","19.8","7.3"
"USC00200230","ANN ARBOR U OF MICH, MI US","42.29806","-83.66388","247.8","2005-06","154.3","9.4","35.0","3460.4","23.1","29.2","16.9"
"USC00207308","SALINE WWTP, MI US","42.1611","-83.7819","228.6","2005-01","0.0","-23.3","15.0",,"-4.7","0.4","-9.9"
"USC00207308","SALINE WWTP, MI US","42.1611","-83.7819","228.6","2005-03",,"-15.6","21.1",,"-0.7","5.4","-6.7"
"USC00207308","SALINE WWTP, MI US","42.1611","-83.7819","228.6","2005-05",,,"28.9",,,"19.5",
"USC00204954","LUDINGTON, MI US","43.9066","-86.3942","210.3","2005-01","0.0","-21.7","10.0","1958.9","-5.1","-0.9","-9.3"
"USC00204954","LUDINGTON, MI US","43.9066","-86.3942","210.3","2005-02","0.0","-12.8","9.4","2495.0","-0.8","3.1","-4.7"
"USC00204954","LUDINGTON, MI US","43.9066","-86.3942","210.3","2005-03","0.0","-13.9","21.7","3068.9","-0.2","5.1","-5.4"
"USC00204954","LUDINGTON, MI US","43.9066","-86.3942","210.3","2005-04","0.0","-3.9","24.4","3321.2","9.7","16.3","3.1"
"USC00204954","LUDINGTON, MI US","43.9066","-86.3942","210.3","2005-05","3.6","-0.6","27.8","3487.6","13.1","19.3","6.9"
"USC00204954","LUDINGTON, MI US","43.9066","-86.3942","210.3","2005-06","131.5","8.9","34.4","3494.8","22.5","29.4","15.6"
"USC00203744","HERMAN, MI US","46.6653","-88.3772","523.3","2005-01","0.0","-35.0","-1.1",,"-12.5","-8.0","-16.9"
"USC00203744","HERMAN, MI US","46.6653","-88.3772","523.3","2005-02","0.0","-28.9","10.6",,"-7.7","-2.4","-12.9"
"USC00203744","HERMAN, MI US","46.6653","-88.3772","523.3","2005-03","0.0","-27.8","14.4",,"-6.9","-0.1","-13.8"
"USC00203744","HERMAN, MI US","46.6653","-88.3772","523.3","2005-04","0.0","-6.7","24.4",,"5.3","11.9","-1.4"
"USC00203744","HERMAN, MI US","46.6653","-88.3772","523.3","2005-05","0.0","-5.6","24.4",,"9.2","15.8","2.6"
"USC00203744","HERMAN, MI US","46.6653","-88.3772","523.3","2005-06","35.7","4.4","31.1",,"18.4","25.2","11.6"
"USR0000MDOE","DOE LAKE MICHIGAN, MI US","46.2536","-86.7142","248.4","2005-01",,"-17.2","2.8",,"-7.2","-4.4","-10.1"
"USR0000MDOE","DOE LAKE MICHIGAN, MI US","46.2536","-86.7142","248.4","2005-02",,"-13.3","7.8",,"-4.2","-0.4","-7.9"
"USR0000MDOE","DOE LAKE MICHIGAN, MI US","46.2536","-86.7142","248.4","2005-03",,"-16.1","16.1",,"-2.3","2.2","-6.8"
"USR0000MDOE","DOE LAKE MICHIGAN, MI US","46.2536","-86.7142","248.4","2005-04",,"-7.8","26.1",,"5.4","12.8","-2.0"
"USR0000MDOE","DOE LAKE MICHIGAN, MI US","46.2536","-86.7142","248.4","2005-05",,"-7.2","25.0",,"8.8","15.5","2.0"
"USR0000MDOE","DOE LAKE MICHIGAN, MI US","46.2536","-86.7142","248.4","2005-06",,"-1.1","32.8",,"17.9","26.4","9.5"
"USC00208772","WELLSTON TIPPY DAM, MI US","44.2586","-85.9394","198.1","2005-01",,,,,,,
"USC00208772","WELLSTON TIPPY DAM, MI US","44.2586","-85.9394","198.1","2005-02",,,,,,,
"USC00208772","WELLSTON TIPPY DAM, MI US","44.2586","-85.9394","198.1","2005-03",,,,,,,
"USC00208772","WELLSTON TIPPY DAM, MI US","44.2586","-85.9394","198.1","2005-04",,,,,,,
"USC00208772","WELLSTON TIPPY DAM, MI US","44.2586","-85.9394","198.1","2005-05",,,,,,,
"USC00208772","WELLSTON TIPPY DAM, MI US","44.2586","-85.9394","198.1","2005-06",,,,,,,
"USC00207320","SAMARIA, MI US","41.8069","-83.583","198.7","2005-01",,,"16.1",,,"-0.3",
"USC00207320","SAMARIA, MI US","41.8069","-83.583","198.7","2005-03",,"-13.3","23.3",,"0.1","5.3","-5.2"
"USC00207320","SAMARIA, MI US","41.8069","-83.583","198.7","2005-04",,,,,,,
"USC00207320","SAMARIA, MI US","41.8069","-83.583","198.7","2005-06",,"7.2","37.2",,"22.5","29.6","15.5"
"USC00207684","SOUTH BOARDMAN 2 W, MI US","44.6391","-85.325","318.8","2005-01","0.0","-28.3","11.1","2384.9","-8.3","-3.6","-13.1"
"USC00207684","SOUTH BOARDMAN 2 W, MI US","44.6391","-85.325","318.8","2005-02","0.0","-17.8","12.8","2973.2","-4.3","0.2","-8.8"
"USC00207684","SOUTH BOARDMAN 2 W, MI US","44.6391","-85.325","318.8","2005-03","0.0","-19.4","17.8","3631.5","-3.6","2.4","-9.6"
"USC00207684","SOUTH BOARDMAN 2 W, MI US","44.6391","-85.325","318.8","2005-04","1.1","-5.0","27.8","3943.7","7.7","15.1","0.3"
"USC00207684","SOUTH BOARDMAN 2 W, MI US","44.6391","-85.325","318.8","2005-05","5.2","-3.9","27.8","4182.7","10.8","17.4","4.1"
"USC00207684","SOUTH BOARDMAN 2 W, MI US","44.6391","-85.325","318.8","2005-06","137.8","6.1","35.6","4187.4","22.9","30.3","15.5"
"USC00209188","YALE 1 NNW, MI US","43.1447","-82.8011","249.9","2005-01",,,,,,,
"USC00209188","YALE 1 NNW, MI US","43.1447","-82.8011","249.9","2005-02",,,,,,,
"USC00209188","YALE 1 NNW, MI US","43.1447","-82.8011","249.9","2005-03",,,,,,,
"USC00209188","YALE 1 NNW, MI US","43.1447","-82.8011","249.9","2005-04",,,,,,,
"USC00209188","YALE 1 NNW, MI US","43.1447","-82.8011","249.9","2005-05",,,,,,,
"USC00209188","YALE 1 NNW, MI US","43.1447","-82.8011","249.9","2005-06",,,,,,,
"USW00014822","DETROIT CITY AIRPORT, MI US","42.40725","-83.00899","189.8","2005-01","0.0","-17.2","15.0","1877.4","-4.2","-0.7","-7.8"
"USW00014822","DETROIT CITY AIRPORT, MI US","42.40725","-83.00899","189.8","2005-02","0.0","-10.6","10.0","2440.4","-1.8","1.6","-5.2"
"USW00014822","DETROIT CITY AIRPORT, MI US","42.40725","-83.00899","189.8","2005-03","0.0","-11.7","17.2","2988.7","0.6","4.8","-3.5"
"USW00014822","DETROIT CITY AIRPORT, MI US","42.40725","-83.00899","189.8","2005-04","1.7","0.0","27.8","3233.0","10.3","15.8","4.7"
"USW00014822","DETROIT CITY AIRPORT, MI US","42.40725","-83.00899","189.8","2005-05","8.3","1.1","28.3","3379.9","13.8","18.8","8.8"
"USW00014822","DETROIT CITY AIRPORT, MI US","42.40725","-83.00899","189.8","2005-06","180.2","11.7","35.0","3384.6","23.9","29.0","18.8"
"USC00205816","NEWBERRY LUCE CO ROAD COMMISSION, MI US","46.35155","-85.51629","241.4","2005-04",,"-3.9","25.6",,"7.4","13.9","0.8"
"USC00202788","FIFE LAKE 3 WSW, MI US","44.565","-85.4133","338.9","2005-01","0.0","-27.2","8.3","2303.6","-7.3","-2.9","-11.8"
"USC00202788","FIFE LAKE 3 WSW, MI US","44.565","-85.4133","338.9","2005-02","0.0","-16.1","13.3","2886.2","-3.1","1.2","-7.4"
"USC00202788","FIFE LAKE 3 WSW, MI US","44.565","-85.4133","338.9","2005-03","0.0","-19.4","18.9","3527.4","-2.4","4.3","-9.1"
"USC00202788","FIFE LAKE 3 WSW, MI US","44.565","-85.4133","338.9","2005-04","0.6","-4.4","27.8","3810.0","8.9","16.8","1.1"
"USC00202788","FIFE LAKE 3 WSW, MI US","44.565","-85.4133","338.9","2005-05","3.1","-3.9","27.8","4014.0","11.6","18.8","4.5"
"USC00202788","FIFE LAKE 3 WSW, MI US","44.565","-85.4133","338.9","2005-06","134.9","6.7","36.1","4026.8","22.3","29.9","14.7"
"USC00200128","ALLEGAN 5 NE, MI US","42.5799","-85.7893","228.6","2005-01","0.0","-26.7","15.6","2134.6","-5.8","-0.7","-10.9"
"USC00200128","ALLEGAN 5 NE, MI US","42.5799","-85.7893","228.6","2005-02",,,,,,,
"USC00200128","ALLEGAN 5 NE, MI US","42.5799","-85.7893","228.6","2005-03",,"-20.0","22.8",,"-2.1","3.5","-7.6"
"USC00200128","ALLEGAN 5 NE, MI US","42.5799","-85.7893","228.6","2005-04",,"-2.8","27.8",,"9.6","16.9","2.3"
"USC00200128","ALLEGAN 5 NE, MI US","42.5799","-85.7893","228.6","2005-06",,"6.7","33.3",,"21.5","27.6","15.3"
"USW00014817","CADILLAC, MI US","44.2655","-85.3966","394.7","2005-01","0.0","-27.8","11.1",,"-8.4","-3.9","-12.9"
"USW00014817","CADILLAC, MI US","44.2655","-85.3966","394.7","2005-02","0.0","-18.3","12.2",,"-3.8","0.4","-8.1"
"USW00014817","CADILLAC, MI US","44.2655","-85.3966","394.7","2005-03","0.0","-18.9","18.3",,"-3.9","2.6","-10.5"
"USW00014817","CADILLAC, MI US","44.2655","-85.3966","394.7","2005-04","0.0","-5.6","26.7",,"7.4","15.1","-0.4"
"USW00014817","CADILLAC, MI US","44.2655","-85.3966","394.7","2005-05","2.2","-5.0","26.1",,"10.5","16.7","4.3"
"USW00014817","CADILLAC, MI US","44.2655","-85.3966","394.7","2005-06","134.8","7.2","33.9",,"22.1","28.0","16.3"
"USC00204967","LUPTON 1 S, MI US","44.4199","-84.0232","276.8","2005-02",,,,,,,
"USC00204967","LUPTON 1 S, MI US","44.4199","-84.0232","276.8","2005-04",,,,,,,
"USC00204967","LUPTON 1 S, MI US","44.4199","-84.0232","276.8","2005-05",,"-6.1","28.3",,"10.1","17.8","2.4"
"USC00204967","LUPTON 1 S, MI US","44.4199","-84.0232","276.8","2005-06",,"3.9","34.4",,"19.8","27.7","11.8"
"USC00202308","DUNDEE, MI US","41.9552","-83.6488","201.2","2005-01","0.0","-20.0","15.0",,"-4.4","-0.2","-8.7"
"USC00202308","DUNDEE, MI US","41.9552","-83.6488","201.2","2005-02","0.0","-13.9","9.4",,"-1.8","1.8","-5.4"
"USC00202308","DUNDEE, MI US","41.9552","-83.6488","201.2","2005-03","0.0","-12.8","20.0",,"0.3","4.8","-4.3"
"USC00202308","DUNDEE, MI US","41.9552","-83.6488","201.2","2005-04","1.7","-0.6","28.3",,"10.2","16.4","4.1"
"USC00202308","DUNDEE, MI US","41.9552","-83.6488","201.2","2005-05","5.6","-1.7","28.9",,"13.2","19.6","6.8"
"USC00202308","DUNDEE, MI US","41.9552","-83.6488","201.2","2005-06","155.2","10.0","35.6",,"23.1","29.2","17.0"
"USW00014815","BATTLE CREEK KELLOGG AIRPORT, MI US","42.31192","-85.24147","282.5","2005-01","0.0","-22.2","15.0","2069.9","-5.1","-1.2","-9.1"
"USW00014815","BATTLE CREEK KELLOGG AIRPORT, MI US","42.31192","-85.24147","282.5","2005-02","0.0","-13.3","8.9","2635.1","-1.9","1.8","-5.5"
"USW00014815","BATTLE CREEK KELLOGG AIRPORT, MI US","42.31192","-85.24147","282.5","2005-03","0.0","-15.6","23.3","3211.0","-0.2","4.5","-5.0"
"USW00014815","BATTLE CREEK KELLOGG AIRPORT, MI US","42.31192","-85.24147","282.5","2005-04","2.5","-1.1","27.2","3432.4","10.8","17.2","4.3"
"USW00014815","BATTLE CREEK KELLOGG AIRPORT, MI US","42.31192","-85.24147","282.5","2005-05","8.6","-3.3","28.3","3601.1","13.1","19.0","7.1"
"USW00014815","BATTLE CREEK KELLOGG AIRPORT, MI US","42.31192","-85.24147","282.5","2005-06","158.5","9.4","34.4","3611.5","23.0","28.8","17.2"
"USW00014814","ALPENA WASTEWATER PLANT, MI US","45.0605","-83.428","179.8","2005-01","0.0","-21.1","12.8","2286.7","-7.6","-3.8","-11.3"
"USW00014814","ALPENA WASTEWATER PLANT, MI US","45.0605","-83.428","179.8","2005-02","0.0","-15.0","5.6","2915.0","-4.1","-0.6","-7.6"
"USW00014814","ALPENA WASTEWATER PLANT, MI US","45.0605","-83.428","179.8","2005-03","0.0","-15.6","7.8","3596.6","-3.6","0.9","-8.3"
"USW00014814","ALPENA WASTEWATER PLANT, MI US","45.0605","-83.428","179.8","2005-04","0.0","-1.1","29.4","3964.6","6.1","10.3","1.8"
"USW00014814","ALPENA WASTEWATER PLANT, MI US","45.0605","-83.428","179.8","2005-05","0.0","-1.7","25.6","4227.6","9.9","14.6","5.1"
"USW00014814","ALPENA WASTEWATER PLANT, MI US","45.0605","-83.428","179.8","2005-06","67.8","8.9","35.6","4259.4","19.5","23.9","15.1"
"USC00203639","HARVEY, MI US","46.4907","-87.3544","195.1","2005-01",,,,,,,
"USC00203639","HARVEY, MI US","46.4907","-87.3544","195.1","2005-02",,,,,,,
"USC00203639","HARVEY, MI US","46.4907","-87.3544","195.1","2005-03",,,,,,,
"USC00203639","HARVEY, MI US","46.4907","-87.3544","195.1","2005-04",,,,,,,
"USC00203639","HARVEY, MI US","46.4907","-87.3544","195.1","2005-05",,,,,,,
"USC00203639","HARVEY, MI US","46.4907","-87.3544","195.1","2005-06",,,,,,,
"USC00200925","BOYNE FALLS, MI US","45.1672","-84.9138","221.9","2005-01","0.0","-29.4","9.4","2295.7","-7.6","-3.3","-11.9"
"USC00200925","BOYNE FALLS, MI US","45.1672","-84.9138","221.9","2005-02","0.0","-20.0","15.6","2867.5","-3.1","1.4","-7.6"
"USC00200925","BOYNE FALLS, MI US","45.1672","-84.9138","221.9","2005-03","0.0","-21.7","18.3","3525.9","-2.9","3.8","-9.6"
"USC00200925","BOYNE FALLS, MI US","45.1672","-84.9138","221.9","2005-04","2.0","-6.7","28.9","3816.6","8.7","16.7","0.7"
"USC00200925","BOYNE FALLS, MI US","45.1672","-84.9138","221.9","2005-05","7.5","-5.0","28.3","4017.5","12.0","19.2","4.8"
"USC00200925","BOYNE FALLS, MI US","45.1672","-84.9138","221.9","2005-06","166.8","5.6","35.0","4029.2","23.3","30.1","16.4"
"USC00200361","AUBURN 2 NE, MI US","43.6252","-84.0188","184.4","2005-01","0.0","-21.1","11.1",,"-6.5","-2.2","-10.8"
"USC00200361","AUBURN 2 NE, MI US","43.6252","-84.0188","184.4","2005-02","0.0","-17.8","8.3",,"-3.2","1.5","-7.9"
"USC00200361","AUBURN 2 NE, MI US","43.6252","-84.0188","184.4","2005-03","0.0","-17.8","18.3",,"-2.8","3.2","-8.8"
"USC00200361","AUBURN 2 NE, MI US","43.6252","-84.0188","184.4","2005-04","1.4","-5.0","28.3",,"7.4","13.8","1.0"
"USC00200361","AUBURN 2 NE, MI US","43.6252","-84.0188","184.4","2005-05","3.6","-2.8","27.2",,"11.5","17.7","5.3"
"USC00200361","AUBURN 2 NE, MI US","43.6252","-84.0188","184.4","2005-06","116.7","8.9","35.0",,"21.5","27.6","15.3"
"USC00206587","PINCONNING WWTP, MI US","43.85667","-83.95611","178.9","2005-01","0.0","-25.0","11.7","2179.7","-7.1","-2.4","-11.8"
"USC00206587","PINCONNING WWTP, MI US","43.85667","-83.95611","178.9","2005-02","0.0","-18.9","10.6","2700.3","-3.5","1.9","-8.9"
"USC00206587","PINCONNING WWTP, MI US","43.85667","-83.95611","178.9","2005-04",,"-3.9","29.4",,"6.9","13.7","0.0"
"USC00206587","PINCONNING WWTP, MI US","43.85667","-83.95611","178.9","2005-05",,"-3.9","28.9",,"11.0","18.2","3.9"
"USC00206587","PINCONNING WWTP, MI US","43.85667","-83.95611","178.9","2005-06",,"7.2","34.4",,"20.9","27.1","14.6"
"USC00207312","SALINE 4 SW, MI US","42.1236","-83.8199","256.0","2005-01","0.0","-20.6","15.0","2053.6","-4.9","-0.2","-9.5"
"USC00207312","SALINE 4 SW, MI US","42.1236","-83.8199","256.0","2005-02","0.0","-14.4","8.9","2632.9","-2.4","2.0","-6.7"
"USC00207312","SALINE 4 SW, MI US","42.1236","-83.8199","256.0","2005-03","0.0","-13.9","21.7","3190.9","0.3","5.2","-4.6"
"USC00207312","SALINE 4 SW, MI US","42.1236","-83.8199","256.0","2005-04","2.3","-1.1","26.7","3442.8","10.0","16.6","3.4"
"USC00207312","SALINE 4 SW, MI US","42.1236","-83.8199","256.0","2005-05","5.1","-3.3","28.3","3625.0","12.6","19.2","5.9"
"USC00207312","SALINE 4 SW, MI US","42.1236","-83.8199","256.0","2005-06","132.8","7.8","35.0","3636.9","22.2","29.0","15.4"
"USC00203632","HART 3 WSW, MI US","43.6751","-86.4228","236.2","2005-01","0.0","-21.1","13.9",,"-6.1","-2.2","-10.1"
"USC00203632","HART 3 WSW, MI US","43.6751","-86.4228","236.2","2005-02","0.0","-14.4","8.9",,"-2.7","0.5","-5.9"
"USC00203632","HART 3 WSW, MI US","43.6751","-86.4228","236.2","2005-03","0.0","-16.7","15.6",,"-2.0","2.9","-6.9"
"USC00202423","EAST TAWAS, MI US","44.2838","-83.5036","178.6","2005-01","0.0","-23.3","14.4","2274.9","-6.8","-2.2","-11.4"
"USC00202423","EAST TAWAS, MI US","44.2838","-83.5036","178.6","2005-02","0.0","-18.9","7.2","2896.5","-3.9","1.2","-8.9"
"USC00202423","EAST TAWAS, MI US","44.2838","-83.5036","178.6","2005-03","0.0","-17.8","12.2","3542.6","-2.5","3.5","-8.5"
"USC00202423","EAST TAWAS, MI US","44.2838","-83.5036","178.6","2005-04","0.0","-3.3","25.6","3880.4","7.1","13.1","1.1"
"USC00202423","EAST TAWAS, MI US","44.2838","-83.5036","178.6","2005-05","0.3","-2.8","26.7","4112.6","10.9","16.9","4.8"
"USC00202423","EAST TAWAS, MI US","44.2838","-83.5036","178.6","2005-06","80.3","4.4","35.0","4133.9","20.3","26.1","14.5"
"USC00207690","SOUTH HAVEN, MI US","42.4014","-86.2826","179.8","2005-01","0.0","-17.8","17.8",,"-3.1","0.8","-7.0"
"USC00207690","SOUTH HAVEN, MI US","42.4014","-86.2826","179.8","2005-02","0.0","-9.4","12.8",,"0.3","3.2","-2.6"
"USC00207690","SOUTH HAVEN, MI US","42.4014","-86.2826","179.8","2005-03","0.0","-9.4","25.6",,"1.6","5.8","-2.6"
"USC00207690","SOUTH HAVEN, MI US","42.4014","-86.2826","179.8","2005-04","1.6","0.0","26.1",,"11.1","16.7","5.6"
"USC00207690","SOUTH HAVEN, MI US","42.4014","-86.2826","179.8","2005-05","5.5","2.2","28.3",,"14.0","19.2","8.8"
"USC00207690","SOUTH HAVEN, MI US","42.4014","-86.2826","179.8","2005-06","138.4","9.4","32.8",,"22.5","26.9","18.0"
"USC00203096","GAYLORD, MI US","45.0332","-84.7113","401.7","2005-01","0.0","-26.7","10.6","2466.6","-9.0","-4.9","-13.2"
"USC00203096","GAYLORD, MI US","45.0332","-84.7113","401.7","2005-02","0.0","-21.7","11.1","3108.2","-4.6","-0.8","-8.4"
"USC00203096","GAYLORD, MI US","45.0332","-84.7113","401.7","2005-03","0.0","-21.1","14.4","3778.2","-4.1","2.2","-10.3"
"USC00203096","GAYLORD, MI US","45.0332","-84.7113","401.7","2005-04","0.0","-7.8","25.6","4122.9","6.8","14.1","-0.4"
"USC00203096","GAYLORD, MI US","45.0332","-84.7113","401.7","2005-05","0.9","-7.2","25.6","4386.7","9.5","16.7","2.3"
"USC00203096","GAYLORD, MI US","45.0332","-84.7113","401.7","2005-06","87.6","3.3","33.3","4418.4","20.3","26.9","13.7"
"USW00014833","JACKSON REYNOLDS FIELD, MI US","42.26373","-84.45644","295.9","2005-01","0.0","-21.7","13.9","2143.1","-5.4","-1.4","-9.4"
"USW00014833","JACKSON REYNOLDS FIELD, MI US","42.26373","-84.45644","295.9","2005-02","0.0","-14.4","8.9","2720.9","-2.3","1.7","-6.3"
"USW00014833","JACKSON REYNOLDS FIELD, MI US","42.26373","-84.45644","295.9","2005-03","0.0","-15.0","23.3","3294.2","-0.2","4.6","-4.9"
"USW00014833","JACKSON REYNOLDS FIELD, MI US","42.26373","-84.45644","295.9","2005-04","1.9","-1.1","27.2","3548.5","9.9","16.6","3.3"
"USW00014833","JACKSON REYNOLDS FIELD, MI US","42.26373","-84.45644","295.9","2005-05","4.4","-3.3","27.2","3742.1","12.2","18.7","5.7"
"USW00014833","JACKSON REYNOLDS FIELD, MI US","42.26373","-84.45644","295.9","2005-06","130.0","7.8","34.4","3759.1","21.9","28.4","15.5"
"USC00203527","HALE 5 SSW, MI US","44.3127","-83.8272","256.6","2005-01","0.0","-25.0","13.3","2405.9","-8.2","-3.1","-13.3"
"USC00203527","HALE 5 SSW, MI US","44.3127","-83.8272","256.6","2005-02","0.0","-19.4","7.2","3039.2","-4.3","1.0","-9.6"
"USC00203527","HALE 5 SSW, MI US","44.3127","-83.8272","256.6","2005-03","0.0","-20.6","16.1","3695.5","-2.8","3.8","-9.4"
"USC00203527","HALE 5 SSW, MI US","44.3127","-83.8272","256.6","2005-04","0.0","-5.0","28.3","4001.3","7.1","14.8","-0.6"
"USC00203527","HALE 5 SSW, MI US","44.3127","-83.8272","256.6","2005-05","0.6","-3.9","27.2","4242.4","10.3","17.2","3.4"
"USC00203527","HALE 5 SSW, MI US","44.3127","-83.8272","256.6","2005-06","79.7","3.9","33.3","4272.4","20.0","26.8","13.1"
"USC00203769","HESPERIA 4 WNW, MI US","43.5908","-86.1056","237.7","2005-01","0.0","-27.8","15.0","2317.7","-6.7","-1.4","-12.0"
"USC00203769","HESPERIA 4 WNW, MI US","43.5908","-86.1056","237.7","2005-02","0.0","-16.7","11.7","2906.4","-2.7","2.3","-7.7"
"USC00203769","HESPERIA 4 WNW, MI US","43.5908","-86.1056","237.7","2005-03","0.0","-20.0","22.8","3537.1","-2.0","4.9","-9.0"
"USC00203769","HESPERIA 4 WNW, MI US","43.5908","-86.1056","237.7","2005-04","0.0","-5.0","26.7","3816.1","9.0","17.1","1.0"
"USC00203769","HESPERIA 4 WNW, MI US","43.5908","-86.1056","237.7","2005-05","3.3","-6.1","28.3","4045.5","11.0","18.3","3.8"
"USC00203769","HESPERIA 4 WNW, MI US","43.5908","-86.1056","237.7","2005-06","120.5","7.2","35.0","4062.5","21.7","29.0","14.4"
"USC00202437","EATON RAPIDS, MI US","42.518","-84.6521","265.2","2005-01",,,,,,,
"USC00202437","EATON RAPIDS, MI US","42.518","-84.6521","265.2","2005-02",,,,,,,
"USC00202437","EATON RAPIDS, MI US","42.518","-84.6521","265.2","2005-03",,,,,,,
"USC00202437","EATON RAPIDS, MI US","42.518","-84.6521","265.2","2005-04",,,,,,,
"USC00202437","EATON RAPIDS, MI US","42.518","-84.6521","265.2","2005-05",,,,,,,
"USC00202437","EATON RAPIDS, MI US","42.518","-84.6521","265.2","2005-06",,,,,,,
"USC00201468","CHARLEVOIX, MI US","45.3172","-85.2672","180.7","2005-01","0.0","-23.9","9.4","2211.1","-7.1","-3.3","-10.8"
"USC00201468","CHARLEVOIX, MI US","45.3172","-85.2672","180.7","2005-02","0.0","-13.9","12.8","2812.8","-3.2","0.4","-6.7"
"USC00201468","CHARLEVOIX, MI US","45.3172","-85.2672","180.7","2005-03","0.0","-14.4","18.3","3478.3","-3.1","1.4","-7.7"
"USC00201468","CHARLEVOIX, MI US","45.3172","-85.2672","180.7","2005-04","0.0","-1.1","25.0","3831.3","6.6","11.4","1.8"
"USC00201468","CHARLEVOIX, MI US","45.3172","-85.2672","180.7","2005-05","0.9","-1.1","27.8","4079.3","10.4","15.0","5.7"
"USC00201468","CHARLEVOIX, MI US","45.3172","-85.2672","180.7","2005-06","74.7","9.4","32.8","4103.1","20.0","24.6","15.4"
"USW00014828","GLADWIN, MI US","43.9758","-84.4908","236.2","2005-01","0.0","-23.9","13.9","2234.0","-7.4","-2.7","-12.0"
"USW00014828","GLADWIN, MI US","43.9758","-84.4908","236.2","2005-02","0.0","-17.2","11.1","2788.1","-3.0","1.6","-7.5"
"USW00014828","GLADWIN, MI US","43.9758","-84.4908","236.2","2005-03","0.0","-21.7","18.9","3427.3","-2.9","3.9","-9.6"
"USW00014828","GLADWIN, MI US","43.9758","-84.4908","236.2","2005-04","0.0","-3.3","28.3","3733.5","8.1","15.9","0.4"
"USW00014828","GLADWIN, MI US","43.9758","-84.4908","236.2","2005-05","1.4","-4.4","28.3","3969.1","10.8","17.8","3.8"
"USW00014828","GLADWIN, MI US","43.9758","-84.4908","236.2","2005-06","102.1","7.8","33.9","3984.9","21.2","28.2","14.1"
"USW00014826","FLINT FCWOS, MI US","42.96684","-83.74996","234.8","2005-01","0.0","-23.9","14.4","2182.2","-6.2","-2.1","-10.3"
"USW00014826","FLINT FCWOS, MI US","42.96684","-83.74996","234.8","2005-02","0.0","-17.8","9.4","2782.5","-3.1","1.3","-7.5"
"USW00014826","FLINT FCWOS, MI US","42.96684","-83.74996","234.8","2005-03","0.0","-17.8","18.3","3400.3","-1.6","3.4","-6.6"
"USW00014826","FLINT FCWOS, MI US","42.96684","-83.74996","234.8","2005-04","0.8","-2.2","28.3","3679.4","9.1","15.9","2.2"
"USW00014826","FLINT FCWOS, MI US","42.96684","-83.74996","234.8","2005-05","5.2","-5.0","27.2","3883.8","11.9","18.4","5.4"
"USW00014826","FLINT FCWOS, MI US","42.96684","-83.74996","234.8","2005-06","125.2","6.7","34.4","3900.0","21.8","28.1","15.4"
"USC00203529","HALE LOUD DAM, MI US","44.4633","-83.7216","221.9","2005-01","0.0","-29.4","13.3","2292.5","-9.2","-3.3","-15.1"
"USC00203529","HALE LOUD DAM, MI US","44.4633","-83.7216","221.9","2005-02","0.0","-22.2","8.3","2848.3","-4.1","2.1","-10.3"
"USC00203529","HALE LOUD DAM, MI US","44.4633","-83.7216","221.9","2005-03","0.0","-25.6","15.6","3488.7","-3.8","3.6","-11.1"
"USC00203529","HALE LOUD DAM, MI US","44.4633","-83.7216","221.9","2005-04","0.0","-5.6","27.8","3824.7","6.4","14.1","-1.3"
"USC00203529","HALE LOUD DAM, MI US","44.4633","-83.7216","221.9","2005-05","0.0","-5.6","27.8","4072.5","10.1","17.4","2.8"
"USC00203529","HALE LOUD DAM, MI US","44.4633","-83.7216","221.9","2005-06","73.7","5.0","33.9","4102.0","20.0","27.2","12.8"
"USC00208779","WEST BLOOMFIELD, MI US","42.5413","-83.343","271.3","2005-01",,,,,,,
"USC00208779","WEST BLOOMFIELD, MI US","42.5413","-83.343","271.3","2005-02",,,,,,,
"USC00208779","WEST BLOOMFIELD, MI US","42.5413","-83.343","271.3","2005-03",,,,,,,
"USC00208779","WEST BLOOMFIELD, MI US","42.5413","-83.343","271.3","2005-04",,,,,,,
"USC00208779","WEST BLOOMFIELD, MI US","42.5413","-83.343","271.3","2005-05",,,,,,,
"USC00208779","WEST BLOOMFIELD, MI US","42.5413","-83.343","271.3","2005-06",,,,,,,
"USC00208417","VANDERBILT 11 ENE, MI US","45.1702","-84.4397","275.8","2005-01","0.0","-31.1","11.7","2670.1","-10.2","-4.6","-15.7"
"USC00208417","VANDERBILT 11 ENE, MI US","45.1702","-84.4397","275.8","2005-02","0.0","-23.3","13.3","3319.4","-5.7","-0.1","-11.4"
"USC00208417","VANDERBILT 11 ENE, MI US","45.1702","-84.4397","275.8","2005-03","0.0","-26.1","17.2","4073.4","-6.0","2.4","-14.4"
"USC00208417","VANDERBILT 11 ENE, MI US","45.1702","-84.4397","275.8","2005-04",,,,,,,
"USC00208417","VANDERBILT 11 ENE, MI US","45.1702","-84.4397","275.8","2005-05",,"-7.8","28.9",,"9.4","17.6","1.3"
"USC00208417","VANDERBILT 11 ENE, MI US","45.1702","-84.4397","275.8","2005-06",,"0.6","34.4",,"19.8","27.5","12.1"
"US1MIKZ0006","WESTERN MICHIGAN UNIVERSITY, MI US","42.283","-85.615","271.9","2005-01",,,,,,,
"US1MIKZ0006","WESTERN MICHIGAN UNIVERSITY, MI US","42.283","-85.615","271.9","2005-02",,,,,,,
"US1MIKZ0006","WESTERN MICHIGAN UNIVERSITY, MI US","42.283","-85.615","271.9","2005-03",,,,,,,
"US1MIKZ0006","WESTERN MICHIGAN UNIVERSITY, MI US","42.283","-85.615","271.9","2005-04",,,,,,,
"USC00201343","CASEVILLE, MI US","43.9416","-83.2669","181.4","2005-01","0.0","-23.3","13.9",,"-6.0","-1.9","-10.1"
"USC00201343","CASEVILLE, MI US","43.9416","-83.2669","181.4","2005-02","0.0","-19.4","7.8",,"-3.6","0.7","-8.0"
"USC00201343","CASEVILLE, MI US","43.9416","-83.2669","181.4","2005-03","0.0","-16.1","17.2",,"-2.3","2.6","-7.3"
"USC00201343","CASEVILLE, MI US","43.9416","-83.2669","181.4","2005-04","0.9","-1.1","27.8",,"7.4","13.2","1.7"
"USC00201343","CASEVILLE, MI US","43.9416","-83.2669","181.4","2005-05","3.4","-1.1","28.3",,"11.5","17.2","5.7"
"USC00201343","CASEVILLE, MI US","43.9416","-83.2669","181.4","2005-06","105.1","6.7","33.3",,"21.0","26.9","15.1"
"USC00205822","NEWPORT 4 SSE, MI US","41.9497","-83.28","176.2","2005-01","0.0","-22.8","12.8",,"-4.9","-0.1","-9.7"
"USC00205822","NEWPORT 4 SSE, MI US","41.9497","-83.28","176.2","2005-02","0.0","-12.8","9.4",,"-2.2","2.0","-6.3"
"USC00205822","NEWPORT 4 SSE, MI US","41.9497","-83.28","176.2","2005-03","0.0","-14.4","16.1",,"-0.1","4.8","-5.0"
"USC00205822","NEWPORT 4 SSE, MI US","41.9497","-83.28","176.2","2005-04","1.1","-0.6","27.8",,"9.4","15.0","3.9"
"USC00201225","CANTON, MI US","42.32","-83.4561","205.4","2005-01","0.0","-20.6","15.6",,"-3.3","1.6","-8.3"
"USC00201225","CANTON, MI US","42.32","-83.4561","205.4","2005-02","0.0","-12.2","10.0",,"-1.2","3.5","-5.9"
"USC00201225","CANTON, MI US","42.32","-83.4561","205.4","2005-03","0.0","-12.8","20.0",,"1.6","7.4","-4.2"
"USC00201225","CANTON, MI US","42.32","-83.4561","205.4","2005-04","0.0","-0.6","27.2",,"10.6","18.1","3.1"
"USC00201225","CANTON, MI US","42.32","-83.4561","205.4","2005-05","6.4","-3.3","29.4",,"13.9","21.6","6.3"
"USC00201225","CANTON, MI US","42.32","-83.4561","205.4","2005-06","157.2","5.6","36.7",,"23.4","30.5","16.2"
"USC00207220","SAGINAW 9 W, MI US","43.4099","-84.1316","195.1","2005-01",,,,,,,
"USC00207220","SAGINAW 9 W, MI US","43.4099","-84.1316","195.1","2005-02",,,,,,,
"USC00207220","SAGINAW 9 W, MI US","43.4099","-84.1316","195.1","2005-03",,"-18.3","18.3",,"-2.1","4.3","-8.6"
"USC00207220","SAGINAW 9 W, MI US","43.4099","-84.1316","195.1","2005-04",,"-2.2","29.4",,"8.5","16.1","0.9"
"USC00207220","SAGINAW 9 W, MI US","43.4099","-84.1316","195.1","2005-05",,"-3.9","28.9",,"11.7","19.3","4.2"
"USC00207220","SAGINAW 9 W, MI US","43.4099","-84.1316","195.1","2005-06",,"7.8","35.6",,"21.9","29.1","14.7"
"USC00207222","SAGINAW NUMBER 3, MI US","43.4122","-83.9561","182.9","2005-01","0.0","-19.4","15.0","2032.2","-5.4","-0.7","-10.0"
"USC00207222","SAGINAW NUMBER 3, MI US","43.4122","-83.9561","182.9","2005-02","0.0","-15.0","10.6","2582.6","-2.0","2.7","-6.8"
"USC00207222","SAGINAW NUMBER 3, MI US","43.4122","-83.9561","182.9","2005-03","0.0","-14.4","21.1","3172.8","-0.7","4.9","-6.3"
"USC00207222","SAGINAW NUMBER 3, MI US","43.4122","-83.9561","182.9","2005-04","3.6","-3.3","30.0","3407.0","9.9","17.2","2.6"
"USC00207222","SAGINAW NUMBER 3, MI US","43.4122","-83.9561","182.9","2005-05","8.9","-1.7","28.3","3583.5","12.8","19.2","6.4"
"USC00206012","NW MICHIGAN RESEARCH FARM, MI US","44.883","-85.6752","249.9","2005-01","0.0","-15.6","10.0","2188.0","-6.3","-3.5","-9.0"
"USC00206012","NW MICHIGAN RESEARCH FARM, MI US","44.883","-85.6752","249.9","2005-02","0.0","-10.6","11.7","2763.0","-2.2","0.6","-5.0"
"USC00206012","NW MICHIGAN RESEARCH FARM, MI US","44.883","-85.6752","249.9","2005-03","0.0","-13.3","17.8","3373.9","-1.4","2.6","-5.4"
"USC00206012","NW MICHIGAN RESEARCH FARM, MI US","44.883","-85.6752","249.9","2005-04","0.0","-1.7","26.7","3660.4","8.8","14.4","3.2"
"USC00206012","NW MICHIGAN RESEARCH FARM, MI US","44.883","-85.6752","249.9","2005-05","3.9","0.0","27.8","3874.7","11.6","16.6","6.5"
"USC00206012","NW MICHIGAN RESEARCH FARM, MI US","44.883","-85.6752","249.9","2005-06","120.7","10.6","33.9","3890.0","21.7","27.3","16.2"
"USC00202691","FARMINGTON, MI US","42.4669","-83.3625","219.5","2005-01","0.0","-20.6","14.4",,"-5.3","-0.9","-9.8"
"USC00202691","FARMINGTON, MI US","42.4669","-83.3625","219.5","2005-02","0.0","-13.3","7.8",,"-2.9","1.5","-7.4"
"USC00202691","FARMINGTON, MI US","42.4669","-83.3625","219.5","2005-03","0.0","-13.9","19.4",,"-0.6","4.4","-5.7"
"USC00202691","FARMINGTON, MI US","42.4669","-83.3625","219.5","2005-04","0.0","-1.1","28.3",,"9.4","15.9","2.9"
"USC00202691","FARMINGTON, MI US","42.4669","-83.3625","219.5","2005-05","1.1","-2.8","27.8",,"12.2","18.5","5.9"
"USC00202691","FARMINGTON, MI US","42.4669","-83.3625","219.5","2005-06","123.9","8.3","34.4",,"21.9","28.4","15.5"
"USW00014845","SAGINAW MBS INTERNATIONAL AIRPORT, MI US","43.52808","-84.08133","201.7","2005-01","0.0","-20.0","11.1","2224.3","-6.5","-2.9","-10.0"
"USW00014845","SAGINAW MBS INTERNATIONAL AIRPORT, MI US","43.52808","-84.08133","201.7","2005-02","0.0","-17.2","8.3","2827.1","-3.2","0.6","-6.9"
"USW00014845","SAGINAW MBS INTERNATIONAL AIRPORT, MI US","43.52808","-84.08133","201.7","2005-03","0.0","-17.2","18.3","3467.4","-2.3","2.4","-7.0"
"USW00014845","SAGINAW MBS INTERNATIONAL AIRPORT, MI US","43.52808","-84.08133","201.7","2005-04","1.4","-1.1","28.3","3771.4","8.3","14.2","2.3"
"USW00014845","SAGINAW MBS INTERNATIONAL AIRPORT, MI US","43.52808","-84.08133","201.7","2005-05","5.5","-3.3","27.8","3968.5","12.1","17.8","6.4"
"USW00014845","SAGINAW MBS INTERNATIONAL AIRPORT, MI US","43.52808","-84.08133","201.7","2005-06","127.7","9.4","33.9","3979.9","22.0","27.6","16.5"
"USW00014841","PELLSTON REGIONAL AIRPORT, MI US","45.5644","-84.79291","215.3","2005-01","0.0","-33.9","7.2","2674.3","-10.0","-4.7","-15.3"
"USW00014841","PELLSTON REGIONAL AIRPORT, MI US","45.5644","-84.79291","215.3","2005-02","0.0","-22.8","11.7","3337.2","-5.3","-0.3","-10.4"
"USW00014841","PELLSTON REGIONAL AIRPORT, MI US","45.5644","-84.79291","215.3","2005-03","0.0","-26.7","14.4","4090.4","-6.0","1.5","-13.4"
"USW00014841","PELLSTON REGIONAL AIRPORT, MI US","45.5644","-84.79291","215.3","2005-04","0.0","-8.9","26.7","4459.0","6.1","13.9","-1.8"
"USW00014841","PELLSTON REGIONAL AIRPORT, MI US","45.5644","-84.79291","215.3","2005-05","1.1","-7.2","28.3","4727.5","9.7","17.5","1.9"
"USW00014841","PELLSTON REGIONAL AIRPORT, MI US","45.5644","-84.79291","215.3","2005-06","80.4","1.1","34.4","4761.1","19.9","27.3","12.4"
"USW00014840","MUSKEGON CO AIRPORT, MI US","43.17111","-86.23685","190.3","2005-01","0.0","-23.3","15.0","2087.8","-5.0","-1.3","-8.6"
"USW00014840","MUSKEGON CO AIRPORT, MI US","43.17111","-86.23685","190.3","2005-02","0.0","-13.9","9.4","2646.3","-1.6","1.7","-4.9"
"USW00014840","MUSKEGON CO AIRPORT, MI US","43.17111","-86.23685","190.3","2005-03","0.0","-17.2","23.3","3260.1","-1.5","3.8","-6.7"
"USW00014840","MUSKEGON CO AIRPORT, MI US","43.17111","-86.23685","190.3","2005-04","0.0","-2.2","24.4","3516.1","9.8","16.1","3.4"
"USW00014840","MUSKEGON CO AIRPORT, MI US","43.17111","-86.23685","190.3","2005-05","2.5","-1.7","26.1","3710.2","12.1","17.5","6.8"
"USW00014840","MUSKEGON CO AIRPORT, MI US","43.17111","-86.23685","190.3","2005-06","130.1","10.0","32.8","3719.4","22.3","27.8","16.8"
"USC00201238","CAPAC 2 N, MI US","43.048","-82.9238","248.4","2005-01","0.0","-26.1","14.4",,"-6.2","-0.9","-11.5"
"USC00201238","CAPAC 2 N, MI US","43.048","-82.9238","248.4","2005-02","0.0","-20.6","8.3",,"-3.9","1.9","-9.8"
"USC00201238","CAPAC 2 N, MI US","43.048","-82.9238","248.4","2005-03","0.0","-18.3","17.2",,"-1.7","4.3","-7.6"
"USC00201238","CAPAC 2 N, MI US","43.048","-82.9238","248.4","2005-04","2.2","-3.9","28.9",,"8.0","15.6","0.5"
"USC00201238","CAPAC 2 N, MI US","43.048","-82.9238","248.4","2005-05","3.0","-0.6","27.2",,"11.4","18.3","4.6"
"USC00201238","CAPAC 2 N, MI US","43.048","-82.9238","248.4","2005-06","98.5","5.0","34.4",,"20.8","28.1","13.5"
"USW00054810","CHATHAM 1 SE, MI US","46.3345","-86.92","266.7","2005-01","0.0","-26.1","2.2",,"-9.6","-5.9","-13.3"
"USW00054810","CHATHAM 1 SE, MI US","46.3345","-86.92","266.7","2005-02","0.0","-22.4","7.0",,"-6.5","-1.4","-11.6"
"USW00054810","CHATHAM 1 SE, MI US","46.3345","-86.92","266.7","2005-03","0.0","-23.9","13.3",,"-5.5","0.7","-11.8"
"USW00054810","CHATHAM 1 SE, MI US","46.3345","-86.92","266.7","2005-04","0.0","-5.5","26.1",,"5.5","11.8","-0.8"
"USW00054810","CHATHAM 1 SE, MI US","46.3345","-86.92","266.7","2005-05","0.0","-3.4","23.7",,"9.1","14.8","3.3"
"USW00054810","CHATHAM 1 SE, MI US","46.3345","-86.92","266.7","2005-06","31.4","2.5","32.2",,"17.6","24.5","10.7"
"USC00202328","DURAND WWTP, MI US","42.9269","-83.9894","234.7","2005-01","0.0","-23.9","15.0","2017.1","-6.2","-1.0","-11.4"
"USC00202328","DURAND WWTP, MI US","42.9269","-83.9894","234.7","2005-02","0.0","-16.7","10.6","2589.9","-2.9","2.7","-8.4"
"USC00202328","DURAND WWTP, MI US","42.9269","-83.9894","234.7","2005-03","0.0","-15.6","20.6","3195.0","-1.2","4.2","-6.6"
"USC00202328","DURAND WWTP, MI US","42.9269","-83.9894","234.7","2005-04","1.4","-3.9","29.4","3466.1","8.7","16.0","1.4"
"USC00202328","DURAND WWTP, MI US","42.9269","-83.9894","234.7","2005-05","5.3","-3.9","28.3","3661.0","12.1","18.5","5.7"
"USC00202328","DURAND WWTP, MI US","42.9269","-83.9894","234.7","2005-06","129.5","6.7","35.0","3680.6","21.9","28.8","15.1"
"USW00014838","MARQUETTE, MI US","46.5458","-87.3795","186.8","2005-01","0.0","-22.2","6.7","2486.8","-8.1","-5.1","-11.1"
"USW00014838","MARQUETTE, MI US","46.5458","-87.3795","186.8","2005-02","0.0","-14.4","9.4","3104.7","-3.7","-0.3","-7.1"
"USW00014838","MARQUETTE, MI US","46.5458","-87.3795","186.8","2005-03","0.0","-14.4","14.4","3770.3","-3.1","0.9","-7.2"
"USW00014838","MARQUETTE, MI US","46.5458","-87.3795","186.8","2005-04","0.0","-1.7","25.6","4142.0","5.9","10.0","1.9"
"USW00014838","MARQUETTE, MI US","46.5458","-87.3795","186.8","2005-05","0.0","0.0","22.8","4411.4","9.4","13.3","5.4"
"USW00014838","MARQUETTE, MI US","46.5458","-87.3795","186.8","2005-06","23.5","6.7","33.9","4478.0","16.9","22.5","11.3"
"USW00054813","MUNSING LAKESHORE, MI US","46.412036","-86.650452","186.5","2005-01","0.0","-23.3","3.3",,"-7.7","-4.2","-11.1"
"USW00054813","MUNSING LAKESHORE, MI US","46.412036","-86.650452","186.5","2005-02","0.0","-17.8","8.3",,"-4.1","-0.4","-7.9"
"USW00054813","MUNSING LAKESHORE, MI US","46.412036","-86.650452","186.5","2005-03","0.0","-16.7","15.6",,"-3.2","1.4","-7.8"
"USW00054813","MUNSING LAKESHORE, MI US","46.412036","-86.650452","186.5","2005-04","0.0","-4.4","26.7",,"5.1","10.0","0.2"
"USW00054813","MUNSING LAKESHORE, MI US","46.412036","-86.650452","186.5","2005-05","0.0","0.0","25.0",,"9.1","13.8","4.3"
"USW00054813","MUNSING LAKESHORE, MI US","46.412036","-86.650452","186.5","2005-06","36.6","3.3","33.3",,"17.4","23.2","11.7"
"USW00014836","LANSING CAPITAL CITY AIRPORT, MI US","42.77609","-84.59972","261.2","2005-01","0.0","-22.8","14.4","2119.2","-5.6","-1.6","-9.6"
"USW00014836","LANSING CAPITAL CITY AIRPORT, MI US","42.77609","-84.59972","261.2","2005-02","0.0","-13.3","8.9","2691.3","-2.1","1.6","-5.8"
"USW00014836","LANSING CAPITAL CITY AIRPORT, MI US","42.77609","-84.59972","261.2","2005-03","0.0","-15.6","22.8","3280.7","-0.7","4.2","-5.6"
"USW00014836","LANSING CAPITAL CITY AIRPORT, MI US","42.77609","-84.59972","261.2","2005-04","2.8","-1.7","27.2","3531.0","10.1","16.6","3.6"
"USW00014836","LANSING CAPITAL CITY AIRPORT, MI US","42.77609","-84.59972","261.2","2005-05","6.9","-1.7","27.2","3712.4","12.6","18.4","6.9"
"USW00014836","LANSING CAPITAL CITY AIRPORT, MI US","42.77609","-84.59972","261.2","2005-06","144.5","9.4","33.3","3721.2","22.6","28.3","17.0"
"USC00203099","GAYLORD 9 SSW, MI US","44.90715","-84.71891","447.4","2005-01","0.0","-25.0","10.6","2585.8","-9.6","-5.4","-13.7"
"USC00203099","GAYLORD 9 SSW, MI US","44.90715","-84.71891","447.4","2005-02","0.0","-17.2","11.1","3243.3","-5.1","-1.1","-9.2"
"USC00203099","GAYLORD 9 SSW, MI US","44.90715","-84.71891","447.4","2005-03","0.0","-19.4","15.6","3929.0","-3.8","1.6","-9.2"
"USC00203099","GAYLORD 9 SSW, MI US","44.90715","-84.71891","447.4","2005-04","0.0","-3.3","26.7","4254.8","7.5","14.1","0.9"
"USC00203099","GAYLORD 9 SSW, MI US","44.90715","-84.71891","447.4","2005-05","2.2","-3.3","26.7","4507.5","10.3","15.9","4.6"
"USC00203099","GAYLORD 9 SSW, MI US","44.90715","-84.71891","447.4","2005-06","90.4","8.3","32.8","4532.4","20.4","26.7","14.2"
"USC00201476","CHARLOTTE, MI US","42.5499","-84.825","274.9","2005-01","0.0","-22.2","14.4","2154.2","-6.4","-1.9","-11.0"
"USC00201476","CHARLOTTE, MI US","42.5499","-84.825","274.9","2005-02","0.0","-13.9","8.3","2735.8","-2.4","1.8","-6.6"
"USC00201476","CHARLOTTE, MI US","42.5499","-84.825","274.9","2005-03","0.0","-16.1","23.3","3291.7","-1.2","4.0","-6.4"
"USC00201476","CHARLOTTE, MI US","42.5499","-84.825","274.9","2005-04","1.7","-5.0","27.8","3555.1","9.2","16.4","1.9"
"USC00201476","CHARLOTTE, MI US","42.5499","-84.825","274.9","2005-05","5.9","-3.3","30.6","3737.8","12.6","19.1","6.1"
"USC00201476","CHARLOTTE, MI US","42.5499","-84.825","274.9","2005-06","139.7","8.9","33.3","3755.1","22.2","28.1","16.4"
"USC00204502","LAKE CITY EXPERIMENTAL FARM, MI US","44.3088","-85.205","374.9","2005-01","0.0","-28.9","10.6","2546.0","-8.6","-3.8","-13.5"
"USC00204502","LAKE CITY EXPERIMENTAL FARM, MI US","44.3088","-85.205","374.9","2005-02","0.0","-20.0","10.6","3183.9","-4.4","0.5","-9.4"
"USC00204502","LAKE CITY EXPERIMENTAL FARM, MI US","44.3088","-85.205","374.9","2005-03","0.0","-20.6","17.2","3885.3","-4.3","3.0","-11.6"
"USC00204502","LAKE CITY EXPERIMENTAL FARM, MI US","44.3088","-85.205","374.9","2005-04","0.0","-5.0","26.7","4212.0","7.4","14.8","0.1"
"USC00204502","LAKE CITY EXPERIMENTAL FARM, MI US","44.3088","-85.205","374.9","2005-05","1.7","-6.1","26.7","4469.9","10.1","16.4","3.7"
"USC00204502","LAKE CITY EXPERIMENTAL FARM, MI US","44.3088","-85.205","374.9","2005-06","99.4","5.6","33.9","4495.8","20.7","27.7","13.8"
"USC00200146","ALMA, MI US","43.38686","-84.64818","221.9","2005-01","0.0","-22.2","13.9","2274.1","-6.9","-2.0","-11.8"
"USC00200146","ALMA, MI US","43.38686","-84.64818","221.9","2005-02","0.0","-15.6","8.3","2867.8","-2.9","1.9","-7.6"
"USC00200146","ALMA, MI US","43.38686","-84.64818","221.9","2005-03","0.0","-15.6","21.1","3488.1","-1.7","4.4","-7.8"
"USC00200146","ALMA, MI US","43.38686","-84.64818","221.9","2005-04","2.5","-3.3","28.3","3769.0","9.1","16.9","1.2"
"USC00200146","ALMA, MI US","43.38686","-84.64818","221.9","2005-05","5.3","-3.9","29.4","3975.1","11.7","18.6","4.7"
"USC00200146","ALMA, MI US","43.38686","-84.64818","221.9","2005-06","130.0","8.9","33.9","3989.0","22.0","28.7","15.4"
"USC00202445","EAU CLAIRE 4 NE, MI US","42.0153","-86.243","256.0","2005-01","0.0","-18.9","16.1","1863.3","-3.5","0.9","-8.0"
"USC00202445","EAU CLAIRE 4 NE, MI US","42.0153","-86.243","256.0","2005-02","0.0","-10.0","12.2","2384.4","-0.3","3.4","-3.9"
"USC00202445","EAU CLAIRE 4 NE, MI US","42.0153","-86.243","256.0","2005-03","0.0","-11.1","25.0","2902.0","1.6","6.6","-3.3"
"USC00202445","EAU CLAIRE 4 NE, MI US","42.0153","-86.243","256.0","2005-04","5.0","-1.7","27.8","3098.8","11.9","18.8","5.1"
"USC00202445","EAU CLAIRE 4 NE, MI US","42.0153","-86.243","256.0","2005-05","15.2","-1.1","30.0","3217.8","14.8","21.1","8.5"
"USC00202445","EAU CLAIRE 4 NE, MI US","42.0153","-86.243","256.0","2005-06","188.7","10.0","35.6","3223.9","23.9","30.1","17.8"
"USC00206007","NORTHPORT 2 W, MI US","45.1322","-85.6472","227.4","2005-01","0.0","-18.3","10.0","2114.7","-6.5","-3.3","-9.6"
"USC00206007","NORTHPORT 2 W, MI US","45.1322","-85.6472","227.4","2005-02","0.0","-14.4","12.8","2636.9","-2.6","0.9","-6.1"
"USC00206007","NORTHPORT 2 W, MI US","45.1322","-85.6472","227.4","2005-03","0.0","-18.9","15.6","3258.3","-2.4","2.1","-6.9"
"USC00206007","NORTHPORT 2 W, MI US","45.1322","-85.6472","227.4","2005-04","0.0","-3.3","22.8","3581.5","7.6","13.1","2.0"
"USC00206007","NORTHPORT 2 W, MI US","45.1322","-85.6472","227.4","2005-05","2.2","-2.2","26.1","3839.6","10.1","14.9","5.2"
"USC00206007","NORTHPORT 2 W, MI US","45.1322","-85.6472","227.4","2005-06","69.9","7.2","32.2","3864.7","19.8","24.9","14.6"
"USC00208443","VASSAR, MI US","43.3656","-83.5828","192.0","2005-01",,,,,,,
"USC00208443","VASSAR, MI US","43.3656","-83.5828","192.0","2005-02",,,,,,,
"USC00208443","VASSAR, MI US","43.3656","-83.5828","192.0","2005-03",,,,,,,
"USC00208443","VASSAR, MI US","43.3656","-83.5828","192.0","2005-04",,,,,,,
"USC00208443","VASSAR, MI US","43.3656","-83.5828","192.0","2005-05",,,,,,,
"USC00208443","VASSAR, MI US","43.3656","-83.5828","192.0","2005-06",,,,,,,
"USC00205050","MANCHESTER, MI US","42.1508","-84.0236","294.1","2005-01","0.0","-24.4","13.9",,"-6.0","-1.1","-10.9"
"USC00205050","MANCHESTER, MI US","42.1508","-84.0236","294.1","2005-02","0.0","-15.0","8.9",,"-3.2","1.7","-8.1"
"USC00205050","MANCHESTER, MI US","42.1508","-84.0236","294.1","2005-03","0.0","-17.2","22.8",,"-0.2","5.3","-5.7"
"USC00205050","MANCHESTER, MI US","42.1508","-84.0236","294.1","2005-04","0.0","-1.1","27.8",,"9.5","16.6","2.3"
"USC00205050","MANCHESTER, MI US","42.1508","-84.0236","294.1","2005-05","0.0","-3.9","27.8",,"12.6","19.5","5.6"
"USC00205050","MANCHESTER, MI US","42.1508","-84.0236","294.1","2005-06","117.7","8.9","35.0",,"22.1","28.7","15.4"
"USC00208202","TIPTON 2 WNW, MI US","42.0283","-84.1108","295.7","2005-01","0.0","-21.7","15.0","2080.4","-5.3","-0.3","-10.3"
"USC00208202","TIPTON 2 WNW, MI US","42.0283","-84.1108","295.7","2005-02","0.0","-15.0","10.0","2663.6","-2.5","2.3","-7.3"
"USC00208202","TIPTON 2 WNW, MI US","42.0283","-84.1108","295.7","2005-03","0.0","-15.0","23.3","3224.4","-0.4","5.1","-5.8"
"USC00208202","TIPTON 2 WNW, MI US","42.0283","-84.1108","295.7","2005-04","2.2","-3.9","27.2","3482.9","9.8","16.6","2.9"
"USC00208202","TIPTON 2 WNW, MI US","42.0283","-84.1108","295.7","2005-05","5.5","-3.9","27.8","3662.8","12.6","19.3","6.0"
"USC00208202","TIPTON 2 WNW, MI US","42.0283","-84.1108","295.7","2005-06","131.8","8.9","35.0","3671.9","22.2","28.8","15.7"
"USC00201492","CHEBOYGAN, MI US","45.65225","-84.47239","177.4","2005-01","0.0","-26.1","11.7","2403.6","-8.6","-3.8","-13.3"
"USC00201492","CHEBOYGAN, MI US","45.65225","-84.47239","177.4","2005-02","0.0","-17.8","9.4","3039.5","-4.4","0.4","-9.1"
"USC00201492","CHEBOYGAN, MI US","45.65225","-84.47239","177.4","2005-03","0.0","-21.7","16.7","3719.8","-4.4","2.1","-10.9"
"USC00201492","CHEBOYGAN, MI US","45.65225","-84.47239","177.4","2005-04","0.0","-5.0","27.2","4096.0","5.8","11.8","-0.2"
"USC00201492","CHEBOYGAN, MI US","45.65225","-84.47239","177.4","2005-05","0.8","-4.4","28.3","4347.4","10.3","16.1","4.4"
"USC00201492","CHEBOYGAN, MI US","45.65225","-84.47239","177.4","2005-06","62.5","5.6","31.7","4368.8","19.7","25.4","13.9"
"USC00207350","SANDUSKY, MI US","43.4194","-82.8191","235.9","2005-01",,,,,,,
"USC00207350","SANDUSKY, MI US","43.4194","-82.8191","235.9","2005-03",,,"15.6",,,"3.6",
"USC00207350","SANDUSKY, MI US","43.4194","-82.8191","235.9","2005-04",,,"28.3",,,"13.6",
"USC00207350","SANDUSKY, MI US","43.4194","-82.8191","235.9","2005-05",,,"26.7",,,"18.6",
"USC00207350","SANDUSKY, MI US","43.4194","-82.8191","235.9","2005-06",,,"33.9",,,"27.1",
"USC00200718","BERGLAND DAM, MI US","46.5869","-89.5475","396.2","2005-01","0.0","-32.2","0.6",,"-13.2","-7.4","-18.9"
"USC00200718","BERGLAND DAM, MI US","46.5869","-89.5475","396.2","2005-02","0.0","-27.2","12.2",,"-7.2","-0.7","-13.7"
"USC00200718","BERGLAND DAM, MI US","46.5869","-89.5475","396.2","2005-03",,,,,,,
"USC00200718","BERGLAND DAM, MI US","46.5869","-89.5475","396.2","2005-04",,"-5.6","27.2",,"6.1","13.6","-1.5"
"USC00200718","BERGLAND DAM, MI US","46.5869","-89.5475","396.2","2005-05",,"-5.0","23.9",,"9.6","16.2","3.1"
"USC00200718","BERGLAND DAM, MI US","46.5869","-89.5475","396.2","2005-06",,"3.3","33.3",,"18.4","26.2","10.6"
"USW00014853","DETROIT WILLOW RUN AIRPORT, MI US","42.23666","-83.52638","215.7","2005-01","0.0","-24.4","15.0","2029.8","-5.3","-1.0","-9.6"
"USW00014853","DETROIT WILLOW RUN AIRPORT, MI US","42.23666","-83.52638","215.7","2005-02","0.0","-15.6","8.9","2592.9","-3.1","1.2","-7.4"
"USW00014853","DETROIT WILLOW RUN AIRPORT, MI US","42.23666","-83.52638","215.7","2005-03","0.0","-14.4","20.0","3140.1","0.1","5.4","-5.2"
"USW00014853","DETROIT WILLOW RUN AIRPORT, MI US","42.23666","-83.52638","215.7","2005-04","0.0","-1.7","28.3","3409.8","9.3","16.5","2.2"
"USW00014853","DETROIT WILLOW RUN AIRPORT, MI US","42.23666","-83.52638","215.7","2005-05","2.5","-2.8","28.3","3585.9","12.6","19.4","5.7"
"USW00014853","DETROIT WILLOW RUN AIRPORT, MI US","42.23666","-83.52638","215.7","2005-06","135.6","7.8","35.6","3597.3","22.4","29.3","15.5"
"USW00014850","TRAVERSE CITY CHERRY CAPITAL AIRPORT, MI US","44.73895","-85.5679","185.2","2005-01","0.0","-24.4","9.4","2251.2","-6.3","-2.9","-9.7"
"USW00014850","TRAVERSE CITY CHERRY CAPITAL AIRPORT, MI US","44.73895","-85.5679","185.2","2005-02","0.0","-13.9","12.8","2841.7","-2.8","0.8","-6.3"
"USW00014850","TRAVERSE CITY CHERRY CAPITAL AIRPORT, MI US","44.73895","-85.5679","185.2","2005-03","0.0","-18.9","20.0","3477.7","-2.2","3.1","-7.4"
"USW00014850","TRAVERSE CITY CHERRY CAPITAL AIRPORT, MI US","44.73895","-85.5679","185.2","2005-04","0.6","-4.4","28.9","3795.3","7.8","15.0","0.6"
"USW00014850","TRAVERSE CITY CHERRY CAPITAL AIRPORT, MI US","44.73895","-85.5679","185.2","2005-05","2.5","-2.8","28.3","4018.6","11.2","17.3","5.1"
"USW00014850","TRAVERSE CITY CHERRY CAPITAL AIRPORT, MI US","44.73895","-85.5679","185.2","2005-06","117.5","6.1","35.0","4033.6","21.7","27.6","15.7"
"USW00094889","ANN ARBOR MUNICIPAL AIRPORT, MI US","42.22393","-83.73983","250.6","2005-01","0.0","-26.7","12.8","2218.2","-6.1","-1.7","-10.4"
"USW00094889","ANN ARBOR MUNICIPAL AIRPORT, MI US","42.22393","-83.73983","250.6","2005-02","0.0","-17.8","8.3","2834.6","-3.7","0.7","-8.1"
"USW00094889","ANN ARBOR MUNICIPAL AIRPORT, MI US","42.22393","-83.73983","250.6","2005-03","0.0","-17.8","19.4","3427.0","-0.8","4.5","-6.0"
"USW00094889","ANN ARBOR MUNICIPAL AIRPORT, MI US","42.22393","-83.73983","250.6","2005-04","0.0","-2.8","27.2","3688.4","8.6","15.5","1.8"
"USW00094889","ANN ARBOR MUNICIPAL AIRPORT, MI US","42.22393","-83.73983","250.6","2005-05","1.1","-6.1","27.8","3897.4","11.4","18.9","3.9"
"USW00094889","ANN ARBOR MUNICIPAL AIRPORT, MI US","42.22393","-83.73983","250.6","2005-06","104.1","3.9","33.9","3918.7","21.1","28.3","14.0"
"USC00203429","GREENVILLE 2 NNE, MI US","43.2026","-85.2421","270.7","2005-01","0.0","-25.6","13.3","2248.8","-6.7","-1.5","-11.8"
"USC00203429","GREENVILLE 2 NNE, MI US","43.2026","-85.2421","270.7","2005-02","0.0","-16.1","9.4","2846.3","-3.0","2.1","-8.1"
"USC00203429","GREENVILLE 2 NNE, MI US","43.2026","-85.2421","270.7","2005-03","0.0","-20.6","22.2","3480.9","-2.1","4.7","-8.9"
"USC00203429","GREENVILLE 2 NNE, MI US","43.2026","-85.2421","270.7","2005-04","1.7","-5.0","27.8","3740.9","9.7","17.9","1.5"
"USC00203429","GREENVILLE 2 NNE, MI US","43.2026","-85.2421","270.7","2005-05","4.5","-5.0","27.8","3944.1","11.9","19.1","4.6"
"USC00203429","GREENVILLE 2 NNE, MI US","43.2026","-85.2421","270.7","2005-06","127.6","7.2","34.4","3955.5","22.1","29.1","15.0"
"USC00200710","BENTON HARBOR AIRPORT, MI US","42.1245","-86.4266","190.5","2005-01",,"-22.2",,,,,"-7.8"
"USC00200710","BENTON HARBOR AIRPORT, MI US","42.1245","-86.4266","190.5","2005-02",,"-12.2",,,,,"-3.9"
"USC00200710","BENTON HARBOR AIRPORT, MI US","42.1245","-86.4266","190.5","2005-03",,"-12.8",,,,,"-3.4"
"USC00200710","BENTON HARBOR AIRPORT, MI US","42.1245","-86.4266","190.5","2005-04",,"-3.9",,,,,"4.0"
"USC00200710","BENTON HARBOR AIRPORT, MI US","42.1245","-86.4266","190.5","2005-05",,"-3.9",,,,,"6.4"
"USC00200710","BENTON HARBOR AIRPORT, MI US","42.1245","-86.4266","190.5","2005-06",,"7.2",,,,,"17.1"
"USC00201802","CORNELL 5 SE, MI US","45.8269","-87.1589","242.0","2005-01","0.0","-24.4","2.8","2460.4","-9.3","-5.0","-13.6"
"USC00201802","CORNELL 5 SE, MI US","45.8269","-87.1589","242.0","2005-02","0.0","-17.2","8.9","3091.4","-4.2","0.9","-9.3"
"USC00201802","CORNELL 5 SE, MI US","45.8269","-87.1589","242.0","2005-03","0.0","-18.3","12.8","3715.9","-3.3","2.8","-9.4"
"USC00201802","CORNELL 5 SE, MI US","45.8269","-87.1589","242.0","2005-04","0.0","-3.3","27.2","4055.5","6.6","13.4","-0.1"
"USC00201802","CORNELL 5 SE, MI US","45.8269","-87.1589","242.0","2005-05","0.0","-3.3","26.1","4306.2","10.3","16.2","4.3"
"USC00201802","CORNELL 5 SE, MI US","45.8269","-87.1589","242.0","2005-06","47.8","4.4","33.3","4329.3","19.2","26.4","12.0"
"USW00014847","SAULT STE MARIE SANDERSON FIELD, MI US","46.47998","-84.35809","219.8","2005-01","0.0","-28.9","2.2","2740.6","-11.4","-6.8","-16.0"
"USW00014847","SAULT STE MARIE SANDERSON FIELD, MI US","46.47998","-84.35809","219.8","2005-02","0.0","-22.2","6.7","3432.2","-6.4","-2.5","-10.2"
"USW00014847","SAULT STE MARIE SANDERSON FIELD, MI US","46.47998","-84.35809","219.8","2005-03","0.0","-22.2","10.6","4150.2","-4.8","0.4","-10.0"
"USW00014847","SAULT STE MARIE SANDERSON FIELD, MI US","46.47998","-84.35809","219.8","2005-04","0.0","-3.3","27.2","4508.2","6.4","12.3","0.5"
"USW00014847","SAULT STE MARIE SANDERSON FIELD, MI US","46.47998","-84.35809","219.8","2005-05","0.0","-2.8","25.0","4775.3","9.7","15.7","3.8"
"USW00014847","SAULT STE MARIE SANDERSON FIELD, MI US","46.47998","-84.35809","219.8","2005-06","34.1","4.4","31.1","4811.4","18.3","24.5","12.0"
"USC00200716","BERKLEY, MI US","42.4933","-83.175","202.7","2005-01","0.0","-18.9","15.0","2000.6","-4.6","-0.4","-8.8"
"USC00200716","BERKLEY, MI US","42.4933","-83.175","202.7","2005-02","0.0","-12.2","8.9","2571.4","-2.1","2.4","-6.5"
"USC00200716","BERKLEY, MI US","42.4933","-83.175","202.7","2005-03","0.0","-12.8","19.4","3134.0","0.2","5.3","-4.9"
"USC00200716","BERKLEY, MI US","42.4933","-83.175","202.7","2005-04","0.3","-0.6","28.9","3389.5","9.8","16.6","3.0"
"USC00200716","BERKLEY, MI US","42.4933","-83.175","202.7","2005-05","1.7","-2.2","27.8","3576.1","12.4","19.0","5.7"
"USC00200716","BERKLEY, MI US","42.4933","-83.175","202.7","2005-06","128.7","5.0","35.0","3590.9","22.1","29.0","15.1"
"USC00201361","CASS CITY 1 SSW, MI US","43.5861","-83.1805","212.8","2005-01","0.0","-27.2","15.6","2339.0","-7.4","-2.7","-12.2"
"USC00201361","CASS CITY 1 SSW, MI US","43.5861","-83.1805","212.8","2005-02","0.0","-20.0","8.9","2971.9","-4.3","0.7","-9.3"
"USC00201361","CASS CITY 1 SSW, MI US","43.5861","-83.1805","212.8","2005-03","0.0","-18.9","16.7","3560.8","-2.1","3.8","-7.9"
"USC00201361","CASS CITY 1 SSW, MI US","43.5861","-83.1805","212.8","2005-04","0.8","-2.8","28.9","3895.5","7.2","14.4","0.0"
"USC00201361","CASS CITY 1 SSW, MI US","43.5861","-83.1805","212.8","2005-05","4.1","-2.8","27.8","4103.6","11.7","18.3","5.1"
"USC00201361","CASS CITY 1 SSW, MI US","43.5861","-83.1805","212.8","2005-06","103.0","6.7","33.3","4123.7","21.1","27.3","15.0"
"USC00200032","ADRIAN 2 NNE, MI US","41.91636","-84.01635","231.6","2005-01","0.0","-22.8","15.0","1880.2","-4.7","-0.6","-8.9"
"USC00200032","ADRIAN 2 NNE, MI US","41.91636","-84.01635","231.6","2005-02","0.0","-13.3","10.0","2425.6","-1.9","2.3","-6.0"
"USC00200032","ADRIAN 2 NNE, MI US","41.91636","-84.01635","231.6","2005-03","0.0","-13.9","23.3","2937.0","0.8","6.1","-4.6"
"USC00200032","ADRIAN 2 NNE, MI US","41.91636","-84.01635","231.6","2005-04","0.0","-6.7","27.8","3195.4","9.5","16.7","2.2"
"USC00200032","ADRIAN 2 NNE, MI US","41.91636","-84.01635","231.6","2005-05",,"-3.3",,,,,"5.5"
"USC00200032","ADRIAN 2 NNE, MI US","41.91636","-84.01635","231.6","2005-06",,"6.1","36.1",,"22.6","29.7","15.6"
"USC00205168","MARLETTE, MI US","43.3308","-83.0663","249.9","2005-01",,,,,,,
"USC00205168","MARLETTE, MI US","43.3308","-83.0663","249.9","2005-02",,,,,,,
"USC00205168","MARLETTE, MI US","43.3308","-83.0663","249.9","2005-03",,,,,,,
"USC00205168","MARLETTE, MI US","43.3308","-83.0663","249.9","2005-04",,,,,,,
"USC00205168","MARLETTE, MI US","43.3308","-83.0663","249.9","2005-05",,,,,,,
"USC00205168","MARLETTE, MI US","43.3308","-83.0663","249.9","2005-06",,,,,,,
"USC00204078","IONIA 2 SSW, MI US","42.953","-85.0777","245.4","2005-01","0.0","-23.3","13.9","2259.6","-6.7","-2.3","-11.2"
"USC00204078","IONIA 2 SSW, MI US","42.953","-85.0777","245.4","2005-02","0.0","-14.4","7.2","2859.4","-3.1","1.0","-7.2"
"USC00204078","IONIA 2 SSW, MI US","42.953","-85.0777","245.4","2005-03","0.0","-16.1","22.8","3473.4","-1.5","3.4","-6.3"
"USC00204078","IONIA 2 SSW, MI US","42.953","-85.0777","245.4","2005-04","2.5","-1.7","27.8","3746.8","9.3","16.1","2.5"
"USC00204078","IONIA 2 SSW, MI US","42.953","-85.0777","245.4","2005-05","5.6","-3.3","27.8","3946.5","12.0","17.9","6.1"
"USC00204078","IONIA 2 SSW, MI US","42.953","-85.0777","245.4","2005-06","134.6","7.8","33.3","3959.6","22.2","27.9","16.5"
"USC00203661","HASTINGS, MI US","42.64208","-85.28819","250.2","2005-01","0.0","-23.9","14.4","2146.9","-5.9","-1.1","-10.7"
"USC00203661","HASTINGS, MI US","42.64208","-85.28819","250.2","2005-02","0.0","-13.3","10.0","2717.3","-2.0","2.5","-6.6"
"USC00203661","HASTINGS, MI US","42.64208","-85.28819","250.2","2005-03","0.0","-18.3","23.9","3317.6","-1.0","4.6","-6.7"
"USC00203661","HASTINGS, MI US","42.64208","-85.28819","250.2","2005-04","2.8","-2.2","27.2","3583.9","9.6","17.1","2.1"
"USC00203661","HASTINGS, MI US","42.64208","-85.28819","250.2","2005-05","6.2","-3.9","28.3","3784.7","12.0","18.3","5.6"
"USC00203661","HASTINGS, MI US","42.64208","-85.28819","250.2","2005-06","127.5","8.9","33.3","3798.2","22.0","28.3","15.7"
"USC00205603","MORENCI, MI US","41.7216","-84.2147","234.7","2005-01","0.0","-22.2","15.0","1954.0","-4.6","0.1","-9.4"
"USC00205603","MORENCI, MI US","41.7216","-84.2147","234.7","2005-02","0.0","-13.9","10.6","2529.1","-2.2","2.6","-7.0"
"USC00205603","MORENCI, MI US","41.7216","-84.2147","234.7","2005-03","0.0","-13.9","23.9","3078.6","0.6","6.0","-4.7"
"USC00205603","MORENCI, MI US","41.7216","-84.2147","234.7","2005-04","1.4","-0.6","28.9","3329.1","10.0","17.3","2.7"
"USC00205603","MORENCI, MI US","41.7216","-84.2147","234.7","2005-05","5.8","-4.4","29.4","3489.9","13.3","20.7","5.9"
"USC00205603","MORENCI, MI US","41.7216","-84.2147","234.7","2005-06","166.3","8.9","37.2","3497.9","23.4","30.4","16.4"
"USC00207103","ROMEO, MI US","42.7794","-82.9391","213.4","2005-01","0.0","-22.8","14.4",,"-5.9","-1.2","-10.6"
"USC00207103","ROMEO, MI US","42.7794","-82.9391","213.4","2005-02",,"-18.3",,,,,"-8.8"
"USC00207103","ROMEO, MI US","42.7794","-82.9391","213.4","2005-03",,"-15.6",,,,,"-5.8"
"USC00207103","ROMEO, MI US","42.7794","-82.9391","213.4","2005-04",,"-1.7","28.3",,"9.2","16.1","2.4"
"USC00207103","ROMEO, MI US","42.7794","-82.9391","213.4","2005-05",,"-3.9","27.8",,"11.6","18.1","5.2"
"USC00207103","ROMEO, MI US","42.7794","-82.9391","213.4","2005-06",,"8.3","35.0",,"21.8","28.7","14.8"
"USC00201486","CHATHAM EXPERIMENT FARM 2, MI US","46.3414","-86.9242","265.2","2005-01","0.0","-27.2","3.9","2783.2","-10.1","-4.8","-15.3"
"USC00201486","CHATHAM EXPERIMENT FARM 2, MI US","46.3414","-86.9242","265.2","2005-02","0.0","-24.4","8.9","3486.4","-6.8","0.1","-13.6"
"USC00201486","CHATHAM EXPERIMENT FARM 2, MI US","46.3414","-86.9242","265.2","2005-03","0.0","-23.3","16.7","4228.1","-5.6","2.1","-13.3"
"USC00201486","CHATHAM EXPERIMENT FARM 2, MI US","46.3414","-86.9242","265.2","2005-04","0.0","-6.7","26.7","4598.7","5.4","13.1","-2.4"
"USC00201486","CHATHAM EXPERIMENT FARM 2, MI US","46.3414","-86.9242","265.2","2005-05","0.0","-5.6","25.6","4891.3","8.6","15.9","1.3"
"USC00201486","CHATHAM EXPERIMENT FARM 2, MI US","46.3414","-86.9242","265.2","2005-06","31.8","0.6","35.0","4951.1","17.4","26.1","8.7"
"USC00207364","SAULT STE MARIE, MI US","46.48913","-84.31932","183.5","2005-01","0.0","-31.7","8.3","2822.8","-12.5","-6.4","-18.6"
"USC00207364","SAULT STE MARIE, MI US","46.48913","-84.31932","183.5","2005-02","0.0","-26.1","8.3","3543.9","-7.4","-1.9","-13.0"
"USC00207364","SAULT STE MARIE, MI US","46.48913","-84.31932","183.5","2005-03","0.0","-25.0","12.8","4300.0","-6.1","1.2","-13.3"
"USC00207364","SAULT STE MARIE, MI US","46.48913","-84.31932","183.5","2005-04","0.0","-5.6","26.7","4678.0","5.7","12.6","-1.2"
"USC00207364","SAULT STE MARIE, MI US","46.48913","-84.31932","183.5","2005-05","0.0","-4.4","26.1","4947.1","9.6","16.2","3.1"
"USC00207364","SAULT STE MARIE, MI US","46.48913","-84.31932","183.5","2005-06","39.6","2.8","32.2","4986.0","18.4","25.3","11.4"
"USC00205065","MANISTEE 3 SE, MI US","44.2113","-86.2938","204.2","2005-01","0.0","-20.0","9.4","2104.0","-5.3","-2.0","-8.6"
"USC00205065","MANISTEE 3 SE, MI US","44.2113","-86.2938","204.2","2005-02","0.0","-13.3","11.1","2661.8","-1.6","1.5","-4.7"
"USC00205065","MANISTEE 3 SE, MI US","44.2113","-86.2938","204.2","2005-03","0.0","-15.0","21.7","3251.8","-1.2","3.4","-5.8"
"USC00205065","MANISTEE 3 SE, MI US","44.2113","-86.2938","204.2","2005-04","0.0","-3.3","25.6","3526.3","9.2","15.7","2.7"
"USC00205065","MANISTEE 3 SE, MI US","44.2113","-86.2938","204.2","2005-05","3.9","-2.8","27.2","3726.0","12.0","17.9","6.1"
"USC00205065","MANISTEE 3 SE, MI US","44.2113","-86.2938","204.2","2005-06","123.6","7.8","33.9","3736.3","22.0","27.7","16.2"
"USC00201818","CORUNNA 2 NE, MI US","42.9986","-84.0744","232.3","2005-01","0.0","-23.9","14.4","2227.5","-6.7","-1.4","-12.0"
"USC00201818","CORUNNA 2 NE, MI US","42.9986","-84.0744","232.3","2005-02","0.0","-17.2","9.4","2822.6","-2.9","2.2","-8.0"
"USC00201818","CORUNNA 2 NE, MI US","42.9986","-84.0744","232.3","2005-03","0.0","-17.8","20.6","3434.2","-1.4","4.8","-7.6"
"USC00201818","CORUNNA 2 NE, MI US","42.9986","-84.0744","232.3","2005-04","2.8","-3.3","29.4","3724.5","8.8","16.6","0.9"
"USC00201818","CORUNNA 2 NE, MI US","42.9986","-84.0744","232.3","2005-05","5.6","-2.8","28.3","3926.6","11.9","19.2","4.6"
"USC00201818","CORUNNA 2 NE, MI US","42.9986","-84.0744","232.3","2005-06","102.3","7.8","33.9","3944.7","21.4","28.6","14.3"
"USW00094893","IRON MOUNTAIN FORD AIRPORT, MI US","45.81339","-88.11292","343.2","2005-01","0.0","-31.1","1.1","2726.1","-10.6","-5.4","-15.7"
"USW00094893","IRON MOUNTAIN FORD AIRPORT, MI US","45.81339","-88.11292","343.2","2005-02","0.0","-20.6","9.4","3397.0","-5.6","-0.1","-11.2"
"USW00094893","IRON MOUNTAIN FORD AIRPORT, MI US","45.81339","-88.11292","343.2","2005-03","0.0","-23.3","16.7","4094.7","-4.2","2.3","-10.7"
"USW00094893","IRON MOUNTAIN FORD AIRPORT, MI US","45.81339","-88.11292","343.2","2005-04","0.0","-5.6","27.2","4444.7","6.7","14.9","-1.6"
"USW00094893","IRON MOUNTAIN FORD AIRPORT, MI US","45.81339","-88.11292","343.2","2005-05","0.3","-5.6","26.7","4685.9","10.6","17.3","3.8"
"USW00094893","IRON MOUNTAIN FORD AIRPORT, MI US","45.81339","-88.11292","343.2","2005-06","65.4","4.4","33.3","4709.1","19.7","27.1","12.4"
"USC00204090","IRON MTN KINGSFORD WWTP, MI US","45.7858","-88.0841","326.4","2005-01","0.0","-28.9","2.2","2706.3","-11.4","-5.6","-17.2"
"USC00204090","IRON MTN KINGSFORD WWTP, MI US","45.7858","-88.0841","326.4","2005-02","0.0","-18.3","11.7","3356.2","-4.9","0.8","-10.6"
"USC00204090","IRON MTN KINGSFORD WWTP, MI US","45.7858","-88.0841","326.4","2005-03","0.0","-22.2","17.2","4045.6","-3.9","2.7","-10.5"
"USC00204090","IRON MTN KINGSFORD WWTP, MI US","45.7858","-88.0841","326.4","2005-04","0.0","-5.0","26.7","4383.1","7.1","14.7","-0.6"
"USC00204090","IRON MTN KINGSFORD WWTP, MI US","45.7858","-88.0841","326.4","2005-05","0.3","-3.9","25.6","4610.9","10.9","17.0","4.8"
"USC00204090","IRON MTN KINGSFORD WWTP, MI US","45.7858","-88.0841","326.4","2005-06","83.7","6.7","33.3","4625.7","20.6","27.4","13.9"
"USW00094898","PORT HOPE, MI US","44.021772","-82.792932","180.0","2005-01","0.0","-17.2","13.3","2055.9","-5.6","-2.2","-8.9"
"USW00094898","PORT HOPE, MI US","44.021772","-82.792932","180.0","2005-02","0.0","-13.9","7.2","2651.4","-2.9","0.4","-6.3"
"USW00094898","PORT HOPE, MI US","44.021772","-82.792932","180.0","2005-03","0.0","-13.3","14.4","3288.2","-2.2","1.5","-6.0"
"USW00094898","PORT HOPE, MI US","44.021772","-82.792932","180.0","2005-04","0.3","-1.1","27.2","3650.7","6.3","9.9","2.6"
"USW00094898","PORT HOPE, MI US","44.021772","-82.792932","180.0","2005-05","3.6","0.6","26.7","3887.7","10.8","15.1","6.5"
"USW00094898","PORT HOPE, MI US","44.021772","-82.792932","180.0","2005-06","83.7","6.1","33.3","3913.5","20.1","24.4","15.9"
"USW00094899","COPPER HARBOR, MI US","47.467386","-87.875032","185.0","2005-01","0.0","-18.9","1.7","2587.0","-8.4","-5.3","-11.4"
"USW00094899","COPPER HARBOR, MI US","47.467386","-87.875032","185.0","2005-02","0.0","-20.0","8.9","3228.3","-4.6","-1.1","-8.1"
"USW00094899","COPPER HARBOR, MI US","47.467386","-87.875032","185.0","2005-03","0.0","-14.4","11.7","3901.0","-3.4","0.5","-7.3"
"USW00094899","COPPER HARBOR, MI US","47.467386","-87.875032","185.0","2005-04","0.0","-2.2","21.7","4295.9","4.7","8.5","0.9"
"USW00094899","COPPER HARBOR, MI US","47.467386","-87.875032","185.0","2005-05","0.0","-1.7","22.2","4603.1","8.4","12.4","4.4"
"USW00094899","COPPER HARBOR, MI US","47.467386","-87.875032","185.0","2005-06","18.4","5.6","32.2","4689.7","16.1","21.2","10.9"
"USC00200842","BLISSFIELD 1 NNE, MI US","41.84","-83.8608","210.3","2005-01","0.0","-22.2","14.4","1976.9","-4.8","-0.5","-9.1"
"USC00200842","BLISSFIELD 1 NNE, MI US","41.84","-83.8608","210.3","2005-02","0.0","-13.3","9.4","2548.0","-2.8","1.2","-6.8"
"USC00200842","BLISSFIELD 1 NNE, MI US","41.84","-83.8608","210.3","2005-03","0.0","-13.3","23.3","3065.2","0.4","4.8","-4.0"
"USC00200842","BLISSFIELD 1 NNE, MI US","41.84","-83.8608","210.3","2005-04","2.8","-0.6","27.8","3298.0","9.1","15.4","2.7"
"USC00200842","BLISSFIELD 1 NNE, MI US","41.84","-83.8608","210.3","2005-05","3.9","-3.3","28.9","3478.7","12.5","19.1","5.9"
"USC00200842","BLISSFIELD 1 NNE, MI US","41.84","-83.8608","210.3","2005-06","125.7","9.4","35.6","3487.0","22.5","29.1","15.9"
"USR0000MELK","ELKHORN MICHIGAN, MI US","45.9536","-86.4053","219.5","2005-01","0.0","-25.6","3.9",,"-9.5","-5.1","-13.9"
"USR0000MELK","ELKHORN MICHIGAN, MI US","45.9536","-86.4053","219.5","2005-02","0.0","-21.7","7.8",,"-5.4","-0.1","-10.7"
"USR0000MELK","ELKHORN MICHIGAN, MI US","45.9536","-86.4053","219.5","2005-03","0.0","-20.0","12.8",,"-4.1","2.4","-10.6"
"USR0000MELK","ELKHORN MICHIGAN, MI US","45.9536","-86.4053","219.5","2005-04","0.0","-4.4","26.1",,"6.1","12.8","-0.6"
"USR0000MELK","ELKHORN MICHIGAN, MI US","45.9536","-86.4053","219.5","2005-05","0.0","-3.3","26.1",,"9.8","16.1","3.4"
"USR0000MELK","ELKHORN MICHIGAN, MI US","45.9536","-86.4053","219.5","2005-06","50.3","3.9","31.7",,"18.9","25.6","12.1"
"USW00014859","GRAND MARAIS, MI US","46.66667","-85.95","190.2","2005-01","0.0","-22.8","2.2","2513.8","-8.2","-4.9","-11.4"
"USW00014859","GRAND MARAIS, MI US","46.66667","-85.95","190.2","2005-02","0.0","-17.8","7.8","3147.9","-4.3","-0.6","-8.0"
"USW00014859","GRAND MARAIS, MI US","46.66667","-85.95","190.2","2005-03","0.0","-16.1","17.2","3813.4","-3.1","2.1","-8.4"
"USW00014859","GRAND MARAIS, MI US","46.66667","-85.95","190.2","2005-04","0.0","-5.0","23.9","4187.0","5.9","11.7","0.1"
"USW00014859","GRAND MARAIS, MI US","46.66667","-85.95","190.2","2005-05","1.4","-1.7","25.0","4462.0","9.5","15.0","4.0"
"USW00014859","GRAND MARAIS, MI US","46.66667","-85.95","190.2","2005-06","58.1","0.6","33.3","4522.2","18.2","25.0","11.4"
"USW00014858","HANCOCK HOUGHTON CO AIRPORT, MI US","47.16594","-88.48076","323.9","2005-01","0.0","-24.4","0.0","2834.2","-10.4","-7.1","-13.7"
"USW00014858","HANCOCK HOUGHTON CO AIRPORT, MI US","47.16594","-88.48076","323.9","2005-02","0.0","-21.7","7.2","3535.4","-6.7","-2.4","-11.1"
"USW00014858","HANCOCK HOUGHTON CO AIRPORT, MI US","47.16594","-88.48076","323.9","2005-03","0.0","-21.1","12.8","4274.9","-5.5","-0.6","-10.5"
"USW00014858","HANCOCK HOUGHTON CO AIRPORT, MI US","47.16594","-88.48076","323.9","2005-04","0.0","-3.9","23.9","4672.0","5.1","10.1","0.1"
"USW00014858","HANCOCK HOUGHTON CO AIRPORT, MI US","47.16594","-88.48076","323.9","2005-05","0.0","-3.3","23.9","4960.2","9.0","14.1","4.0"
"USW00014858","HANCOCK HOUGHTON CO AIRPORT, MI US","47.16594","-88.48076","323.9","2005-06","23.4","6.1","33.3","5032.9","16.7","22.5","10.8"
"USC00200166","ALPENA 10 NW, MI US","45.1627","-83.5905","225.6","2005-01","0.0","-22.2","12.2","2534.2","-8.8","-4.5","-13.1"
"USC00200166","ALPENA 10 NW, MI US","45.1627","-83.5905","225.6","2005-02","0.0","-19.4","8.9","3186.3","-5.0","-0.2","-9.7"
"USC00200166","ALPENA 10 NW, MI US","45.1627","-83.5905","225.6","2005-03","0.0","-20.6","13.9","3894.2","-4.5","1.9","-10.9"
"USC00200166","ALPENA 10 NW, MI US","45.1627","-83.5905","225.6","2005-04","0.0","-3.3","28.9","4260.5","6.1","12.6","-0.4"
"USC00200166","ALPENA 10 NW, MI US","45.1627","-83.5905","225.6","2005-05","1.4","-4.4","26.1","4505.5","10.1","16.7","3.4"
"USC00200166","ALPENA 10 NW, MI US","45.1627","-83.5905","225.6","2005-06","71.1","3.9","34.4","4537.9","19.6","26.4","12.8"
"USC00205073","MANISTIQUE WWTP, MI US","45.9512","-86.2513","182.9","2005-01","0.0","-22.8","2.8","2520.1","-8.9","-4.8","-13.0"
"USC00205073","MANISTIQUE WWTP, MI US","45.9512","-86.2513","182.9","2005-02","0.0","-15.6","5.0","3170.6","-4.9","-0.8","-9.0"
"USC00205073","MANISTIQUE WWTP, MI US","45.9512","-86.2513","182.9","2005-03","0.0","-16.1","8.3","3863.5","-4.0","0.9","-9.0"
"USC00205073","MANISTIQUE WWTP, MI US","45.9512","-86.2513","182.9","2005-04","0.0","-2.2","17.8","4246.2","5.6","10.1","1.0"
"USC00205073","MANISTIQUE WWTP, MI US","45.9512","-86.2513","182.9","2005-05","0.0","-2.2","20.6","4538.4","8.9","12.8","5.0"
"USC00205073","MANISTIQUE WWTP, MI US","45.9512","-86.2513","182.9","2005-06","15.8","8.3","28.9","4570.7","17.8","21.9","13.6"
"USC00204419","KINROSS 2 N, MI US","46.3075","-84.50861","215.8","2005-01",,"-35.6",,,,,"-18.3"
"USC00204419","KINROSS 2 N, MI US","46.3075","-84.50861","215.8","2005-02",,"-25.0","9.4",,"-6.6","-0.3","-12.8"
"USC00204419","KINROSS 2 N, MI US","46.3075","-84.50861","215.8","2005-03",,"-30.0","15.0",,"-5.3","3.4","-13.9"
"USC00204419","KINROSS 2 N, MI US","46.3075","-84.50861","215.8","2005-04",,"-7.8","27.2",,"5.6","13.9","-2.7"
"USC00204419","KINROSS 2 N, MI US","46.3075","-84.50861","215.8","2005-05",,"-5.6","26.1",,"9.7","18.3","1.1"
"USC00204419","KINROSS 2 N, MI US","46.3075","-84.50861","215.8","2005-06",,,,,,,
"USC00206158","OLD MISSION 3 SSW, MI US","44.9215","-85.5161","199.9","2005-02",,,,,,,
"USC00206158","OLD MISSION 3 SSW, MI US","44.9215","-85.5161","199.9","2005-03",,,,,,,
"USC00206158","OLD MISSION 3 SSW, MI US","44.9215","-85.5161","199.9","2005-05",,,,,,,
"USC00206158","OLD MISSION 3 SSW, MI US","44.9215","-85.5161","199.9","2005-06",,,,,,,
"USC00204655","LAPEER WWTP, MI US","43.0608","-83.3074","249.9","2005-01","0.0","-25.0","14.4","2188.0","-6.3","-1.7","-10.9"
"USC00204655","LAPEER WWTP, MI US","43.0608","-83.3074","249.9","2005-02","0.0","-17.2","11.7","2776.1","-3.5","1.4","-8.4"
"USC00204655","LAPEER WWTP, MI US","43.0608","-83.3074","249.9","2005-03","0.0","-16.7","17.8","3397.0","-1.7","3.5","-6.9"
"USC00204655","LAPEER WWTP, MI US","43.0608","-83.3074","249.9","2005-04","0.8","-1.1","28.3","3689.3","8.6","15.6","1.7"
"USC00204655","LAPEER WWTP, MI US","43.0608","-83.3074","249.9","2005-05","4.6","-2.2","27.2","3898.9","11.7","17.9","5.5"
"USC00202250","DOWAGIAC 1 W, MI US","41.9856","-86.132","225.6","2005-01","0.0","-23.3","16.1",,"-4.9","-0.1","-9.8"
"USC00202250","DOWAGIAC 1 W, MI US","41.9856","-86.132","225.6","2005-02","0.0","-13.9","9.4",,"-1.3","2.9","-5.5"
"USC00202250","DOWAGIAC 1 W, MI US","41.9856","-86.132","225.6","2005-03",,,"23.3",,,"6.3",
"USC00202250","DOWAGIAC 1 W, MI US","41.9856","-86.132","225.6","2005-04",,,"27.2",,,"18.1",
"USC00202250","DOWAGIAC 1 W, MI US","41.9856","-86.132","225.6","2005-05",,,,,,,
"USC00202250","DOWAGIAC 1 W, MI US","41.9856","-86.132","225.6","2005-06",,"8.3","35.6",,"22.5","29.7","15.4"
"USW00004839","HOLLAND TULIP CITY AIRPORT, MI US","42.74634","-86.09677","206.5","2005-01","0.0","-25.0","15.0","2052.0","-5.3","-1.3","-9.2"
"USW00004839","HOLLAND TULIP CITY AIRPORT, MI US","42.74634","-86.09677","206.5","2005-02","0.0","-12.2","9.4","2602.8","-1.3","1.9","-4.6"
"USW00004839","HOLLAND TULIP CITY AIRPORT, MI US","42.74634","-86.09677","206.5","2005-03","0.0","-17.2","23.9","3184.7","-0.4","4.5","-5.4"
"USW00004839","HOLLAND TULIP CITY AIRPORT, MI US","42.74634","-86.09677","206.5","2005-04","2.0","-1.7","26.1","3428.2","10.3","16.9","3.7"
"USW00004839","HOLLAND TULIP CITY AIRPORT, MI US","42.74634","-86.09677","206.5","2005-05","6.4","-0.6","28.3","3608.6","12.7","18.1","7.2"
"USW00004839","HOLLAND TULIP CITY AIRPORT, MI US","42.74634","-86.09677","206.5","2005-06","148.8","10.6","34.4","3616.9","22.8","28.6","17.0"
"USR0000MWAT","WATERSMEET MICHIGAN, MI US","46.2689","-89.17","489.2","2005-01","0.0","-30.6","0.0","2988.7","-12.2","-7.3","-17.1"
"USR0000MWAT","WATERSMEET MICHIGAN, MI US","46.2689","-89.17","489.2","2005-02","0.0","-27.2","13.3","3682.1","-6.4","-0.5","-12.4"
"USR0000MWAT","WATERSMEET MICHIGAN, MI US","46.2689","-89.17","489.2","2005-03","0.0","-27.8","18.3","4425.3","-5.6","2.6","-13.9"
"USR0000MWAT","WATERSMEET MICHIGAN, MI US","46.2689","-89.17","489.2","2005-04","0.0","-5.6","26.1","4780.0","6.5","13.5","-0.5"
"USR0000MWAT","WATERSMEET MICHIGAN, MI US","46.2689","-89.17","489.2","2005-05","0.0","-6.1","25.6","5028.1","9.7","16.0","3.3"
"USR0000MWAT","WATERSMEET MICHIGAN, MI US","46.2689","-89.17","489.2","2005-06","40.9","4.4","33.3","5058.3","18.7","26.1","11.3"
"USC00200864","BLOOMINGDALE, MI US","42.3838","-85.9626","224.3","2005-01","0.0","-26.7","16.7",,"-5.2","0.1","-10.5"
"USC00200864","BLOOMINGDALE, MI US","42.3838","-85.9626","224.3","2005-02","0.0","-14.4","11.1",,"-2.0","3.3","-7.4"
"USC00200864","BLOOMINGDALE, MI US","42.3838","-85.9626","224.3","2005-03","0.0","-20.0","24.4",,"-0.7","5.5","-7.0"
"USC00200864","BLOOMINGDALE, MI US","42.3838","-85.9626","224.3","2005-04",,,"27.8",,,"18.1",
"USC00200864","BLOOMINGDALE, MI US","42.3838","-85.9626","224.3","2005-05",,"-4.4","28.9",,"12.4","18.9","5.8"
"USC00200864","BLOOMINGDALE, MI US","42.3838","-85.9626","224.3","2005-06",,"6.1","34.4",,"22.3","29.1","15.4"
"USC00202804","FILION 5 NNW, MI US","43.9158","-83.083","193.5","2005-01","0.0","-22.2","13.3","2271.1","-6.7","-2.7","-10.7"
"USC00202804","FILION 5 NNW, MI US","43.9158","-83.083","193.5","2005-02","0.0","-18.9","7.8","2844.3","-3.9","0.4","-8.2"
"USC00202804","FILION 5 NNW, MI US","43.9158","-83.083","193.5","2005-03","0.0","-19.4","15.6","3502.7","-2.9","1.8","-7.6"
"USC00202804","FILION 5 NNW, MI US","43.9158","-83.083","193.5","2005-04","1.4","-2.2","28.3","3845.9","6.9","12.9","0.9"
"USC00202804","FILION 5 NNW, MI US","43.9158","-83.083","193.5","2005-05","4.2","-1.1","27.8","4068.6","11.0","17.1","4.8"
"USC00202804","FILION 5 NNW, MI US","43.9158","-83.083","193.5","2005-06","95.5","4.4","33.9","4096.1","20.5","26.3","14.7"
"USC00206720","POSEYVILLE 4 SW, MI US","43.4855","-84.2922","199.6","2005-01","0.0","-24.4","13.9",,"-7.3","-2.2","-12.5"
"USC00206720","POSEYVILLE 4 SW, MI US","43.4855","-84.2922","199.6","2005-02","0.0","-16.7","9.4",,"-2.5","2.6","-7.5"
"USC00206720","POSEYVILLE 4 SW, MI US","43.4855","-84.2922","199.6","2005-03",,,,,,,
"USC00206720","POSEYVILLE 4 SW, MI US","43.4855","-84.2922","199.6","2005-06",,"8.9","33.9",,"21.4","28.2","14.5"
"USC00207812","STAMBAUGH 2 SSE, MI US","46.0555","-88.6275","442.0","2005-01","0.0","-33.9","1.1",,"-13.4","-7.2","-19.5"
"USC00207812","STAMBAUGH 2 SSE, MI US","46.0555","-88.6275","442.0","2005-02","0.0","-26.7","12.8",,"-7.8","-0.7","-15.0"
"USC00207812","STAMBAUGH 2 SSE, MI US","46.0555","-88.6275","442.0","2005-03","0.0","-28.3","16.7",,"-7.5","1.3","-16.4"
"USC00207812","STAMBAUGH 2 SSE, MI US","46.0555","-88.6275","442.0","2005-04","0.0","-7.2","25.6",,"5.5","14.0","-3.0"
"USC00207812","STAMBAUGH 2 SSE, MI US","46.0555","-88.6275","442.0","2005-05","0.0","-7.2","23.9",,"9.1","15.7","2.4"
"USC00207812","STAMBAUGH 2 SSE, MI US","46.0555","-88.6275","442.0","2005-06","36.7","2.8","32.2",,"18.3","26.0","10.5"
"USC00206184","ONAWAY 4 N, MI US","45.4108","-84.2233","227.1","2005-01","0.0","-26.7","8.3","2365.5","-8.1","-3.8","-12.4"
"USC00206184","ONAWAY 4 N, MI US","45.4108","-84.2233","227.1","2005-02","0.0","-18.9","14.4","2983.2","-3.7","1.4","-8.8"
"USC00206184","ONAWAY 4 N, MI US","45.4108","-84.2233","227.1","2005-03","0.0","-23.3","17.8","3646.5","-3.1","4.2","-10.3"
"USC00206184","ONAWAY 4 N, MI US","45.4108","-84.2233","227.1","2005-04","0.6","-5.6","28.9","3956.9","8.0","15.7","0.4"
"USC00206184","ONAWAY 4 N, MI US","45.4108","-84.2233","227.1","2005-05","4.7","-3.3","29.4","4170.4","11.6","18.9","4.3"
"USC00206184","ONAWAY 4 N, MI US","45.4108","-84.2233","227.1","2005-06","104.4","4.4","35.0","4183.8","21.2","28.5","13.9"
"USW00094847","DETROIT METRO AIRPORT, MI US","42.23113","-83.33121","191.9","2005-01","0.0","-18.9","14.4","1913.6","-4.4","-0.6","-8.1"
"USW00094847","DETROIT METRO AIRPORT, MI US","42.23113","-83.33121","191.9","2005-02","0.0","-11.7","9.4","2482.1","-2.0","1.5","-5.4"
"USW00094847","DETROIT METRO AIRPORT, MI US","42.23113","-83.33121","191.9","2005-03","0.0","-12.8","19.4","3029.5","0.7","5.2","-3.9"
"USW00094847","DETROIT METRO AIRPORT, MI US","42.23113","-83.33121","191.9","2005-04","0.8","0.0","28.3","3268.6","10.4","16.2","4.6"
"USW00094847","DETROIT METRO AIRPORT, MI US","42.23113","-83.33121","191.9","2005-05","5.5","-0.6","28.3","3418.6","13.6","19.1","8.1"
"USW00094847","DETROIT METRO AIRPORT, MI US","42.23113","-83.33121","191.9","2005-06","161.6","11.1","35.0","3423.8","23.4","28.9","17.8"
"USC00207277","BEAVER ISLAND, MI US","45.6911","-85.5463","204.8","2005-01","0.0","-24.4","5.0",,"-7.5","-3.9","-11.2"
"USC00207277","BEAVER ISLAND, MI US","45.6911","-85.5463","204.8","2005-02","0.0","-18.3","8.9",,"-3.8","-0.1","-7.6"
"USC00207277","BEAVER ISLAND, MI US","45.6911","-85.5463","204.8","2005-03","0.0","-18.9","14.4",,"-3.2","2.2","-8.6"
"USC00207277","BEAVER ISLAND, MI US","45.6911","-85.5463","204.8","2005-04","0.0","-3.3","23.9",,"7.3","13.3","1.3"
"USC00207277","BEAVER ISLAND, MI US","45.6911","-85.5463","204.8","2005-05","0.0","-1.1","25.0",,"10.6","16.4","4.9"
"USC00207277","BEAVER ISLAND, MI US","45.6911","-85.5463","204.8","2005-06","60.4","7.8","31.1",,"19.9","25.3","14.5"
"USW00094849","ALPENA CO REGIONAL AIRPORT, MI US","45.0716","-83.56451","208.3","2005-01","0.0","-26.7","9.4","2489.2","-8.4","-4.2","-12.6"
"USW00094849","ALPENA CO REGIONAL AIRPORT, MI US","45.0716","-83.56451","208.3","2005-02","0.0","-21.1","8.9","3133.4","-4.7","-0.2","-9.1"
"USW00094849","ALPENA CO REGIONAL AIRPORT, MI US","45.0716","-83.56451","208.3","2005-03","0.0","-19.4","12.2","3842.7","-4.6","1.5","-10.6"
"USW00094849","ALPENA CO REGIONAL AIRPORT, MI US","45.0716","-83.56451","208.3","2005-04","0.0","-5.0","28.3","4214.5","5.9","12.5","-0.6"
"USW00094849","ALPENA CO REGIONAL AIRPORT, MI US","45.0716","-83.56451","208.3","2005-05","0.8","-6.1","28.3","4482.2","9.7","16.9","2.5"
"USW00094849","ALPENA CO REGIONAL AIRPORT, MI US","45.0716","-83.56451","208.3","2005-06","74.9","3.9","35.0","4513.8","19.8","26.6","12.9"
"USC00202381","EAST JORDAN, MI US","45.15179","-85.1324","178.9","2005-01","0.0","-28.9","12.2","2171.9","-7.0","-2.6","-11.4"
"USC00202381","EAST JORDAN, MI US","45.15179","-85.1324","178.9","2005-02","0.0","-18.3","13.3","2689.1","-1.6","2.5","-5.6"
"USC00202381","EAST JORDAN, MI US","45.15179","-85.1324","178.9","2005-03","0.0","-18.3","17.8","3306.5","-1.6","5.0","-8.1"
"USC00202381","EAST JORDAN, MI US","45.15179","-85.1324","178.9","2005-04","0.0","-5.6","27.8","3602.9","8.4","17.0","-0.1"
"USC00202381","EAST JORDAN, MI US","45.15179","-85.1324","178.9","2005-05","0.8","-5.0","28.3","3813.9","10.8","18.4","3.2"
"USC00202381","EAST JORDAN, MI US","45.15179","-85.1324","178.9","2005-06","122.2","1.1","35.6","3833.0","21.7","29.4","14.1"
"USC00205892","NILES, MI US","41.8405","-86.2658","198.1","2005-01",,,,,,,
"USC00205892","NILES, MI US","41.8405","-86.2658","198.1","2005-02",,,,,,,
"USC00205892","NILES, MI US","41.8405","-86.2658","198.1","2005-03",,,,,,,
"USC00205892","NILES, MI US","41.8405","-86.2658","198.1","2005-04",,,,,,,
"USC00205892","NILES, MI US","41.8405","-86.2658","198.1","2005-05",,,,,,,
"USC00205892","NILES, MI US","41.8405","-86.2658","198.1","2005-06",,,,,,,
"USR0000MMIO","MIO MICHIGAN, MI US","44.6761","-84.1283","320.0","2005-01","0.0","-30.0","10.0","2477.3","-9.0","-3.9","-14.2"
"USR0000MMIO","MIO MICHIGAN, MI US","44.6761","-84.1283","320.0","2005-02","0.0","-21.7","12.8","3112.9","-4.4","0.4","-9.1"
"USR0000MMIO","MIO MICHIGAN, MI US","44.6761","-84.1283","320.0","2005-03","0.0","-23.9","15.6","3813.2","-4.3","3.3","-11.8"
"USR0000MMIO","MIO MICHIGAN, MI US","44.6761","-84.1283","320.0","2005-04","0.0","-7.2","27.8","4176.3","6.2","14.7","-2.2"
"USR0000MMIO","MIO MICHIGAN, MI US","44.6761","-84.1283","320.0","2005-05","0.6","-7.2","27.8","4428.6","9.8","17.6","1.9"
"USR0000MMIO","MIO MICHIGAN, MI US","44.6761","-84.1283","320.0","2005-06","78.6","2.2","34.4","4460.5","19.9","27.3","12.4"
"USC00201052","BROWN CITY, MI US","43.2172","-82.9905","246.9","2005-01",,,,,,,
"USC00201052","BROWN CITY, MI US","43.2172","-82.9905","246.9","2005-02",,"-18.3","8.3",,"-3.1","1.9","-8.0"
"USC00201052","BROWN CITY, MI US","43.2172","-82.9905","246.9","2005-03",,,,,,,
"USC00201052","BROWN CITY, MI US","43.2172","-82.9905","246.9","2005-04",,,,,,,
"USC00201052","BROWN CITY, MI US","43.2172","-82.9905","246.9","2005-05",,,,,,,
"USC00201052","BROWN CITY, MI US","43.2172","-82.9905","246.9","2005-06",,,,,,,
"USC00205097","MAPLE CITY 1 E, MI US","44.855","-85.8352","243.5","2005-01","0.0","-21.7","7.2","2160.1","-6.2","-3.0","-9.5"
"USC00205097","MAPLE CITY 1 E, MI US","44.855","-85.8352","243.5","2005-02",,,,,,,
"USC00205097","MAPLE CITY 1 E, MI US","44.855","-85.8352","243.5","2005-03",,"-15.6","18.9",,"-1.2","4.1","-6.5"
"USC00205097","MAPLE CITY 1 E, MI US","44.855","-85.8352","243.5","2005-04",,"-3.3","27.2",,"8.5","15.6","1.4"
"USC00205097","MAPLE CITY 1 E, MI US","44.855","-85.8352","243.5","2005-05",,"-2.2","28.3",,"11.5","17.8","5.3"
"USC00205097","MAPLE CITY 1 E, MI US","44.855","-85.8352","243.5","2005-06",,"7.2","34.4",,"21.4","28.0","14.8"
"USC00207274","ST IGNACE MACKINAC B, MI US","45.8488","-84.7227","181.4","2005-01","0.0","-23.9","3.9","2274.3","-8.3","-4.4","-12.3"
"USC00207274","ST IGNACE MACKINAC B, MI US","45.8488","-84.7227","181.4","2005-02","0.0","-18.3","8.9","2897.5","-3.9","0.4","-8.3"
"USC00207274","ST IGNACE MACKINAC B, MI US","45.8488","-84.7227","181.4","2005-03","0.0","-22.8","8.9","3572.0","-4.1","1.9","-10.2"
"USC00207274","ST IGNACE MACKINAC B, MI US","45.8488","-84.7227","181.4","2005-04","0.0","-2.8","19.4","3932.2","6.3","11.5","1.2"
"USC00207274","ST IGNACE MACKINAC B, MI US","45.8488","-84.7227","181.4","2005-05","0.0","-0.6","22.2","4175.8","9.9","14.8","5.1"
"USC00207274","ST IGNACE MACKINAC B, MI US","45.8488","-84.7227","181.4","2005-06","48.3","7.8","29.4","4196.3","19.3","24.1","14.5"
"USW00004847","ADRIAN LENAWEE CO AIRPORT, MI US","41.86784","-84.07946","244.1","2005-01","0.0","-21.1","14.4","2011.7","-5.0","-1.1","-8.9"
"USW00004847","ADRIAN LENAWEE CO AIRPORT, MI US","41.86784","-84.07946","244.1","2005-02","0.0","-12.8","9.4","2595.5","-2.5","1.0","-6.1"
"USW00004847","ADRIAN LENAWEE CO AIRPORT, MI US","41.86784","-84.07946","244.1","2005-03","0.0","-13.3","22.2","3148.7","0.5","5.0","-4.0"
"USW00004847","ADRIAN LENAWEE CO AIRPORT, MI US","41.86784","-84.07946","244.1","2005-04","0.0","0.0","27.2","3397.6","10.0","16.5","3.6"
"USW00004847","ADRIAN LENAWEE CO AIRPORT, MI US","41.86784","-84.07946","244.1","2005-05","2.0","-3.3","27.8","3568.7","12.9","19.5","6.2"
"USW00004847","ADRIAN LENAWEE CO AIRPORT, MI US","41.86784","-84.07946","244.1","2005-06","144.4","8.9","35.6","3575.9","23.0","29.3","16.7"
"USC00200758","BEULAH 7 SSW, MI US","44.5316","-86.1311","235.6","2005-01","0.0","-20.6","9.4","2245.7","-6.3","-2.7","-10.0"
"USC00200758","BEULAH 7 SSW, MI US","44.5316","-86.1311","235.6","2005-02","0.0","-13.3","10.6","2822.0","-2.2","1.4","-5.9"
"USC00200758","BEULAH 7 SSW, MI US","44.5316","-86.1311","235.6","2005-03","0.0","-15.0","20.6","3429.4","-1.3","4.0","-6.5"
"USC00200758","BEULAH 7 SSW, MI US","44.5316","-86.1311","235.6","2005-04","0.9","-1.7","26.7","3703.3","9.2","16.0","2.4"
"USC00200758","BEULAH 7 SSW, MI US","44.5316","-86.1311","235.6","2005-05","4.0","-0.6","27.8","3924.8","11.3","16.9","5.7"
"USC00200758","BEULAH 7 SSW, MI US","44.5316","-86.1311","235.6","2005-06","102.1","9.4","32.8","3941.9","21.0","26.9","15.2"
"USW00004854","GAYLORD OTSEGO CO AIRPORT, MI US","45.01657","-84.68942","405.9","2005-01","0.0","-32.2","7.8","2653.1","-9.9","-5.5","-14.3"
"USW00004854","GAYLORD OTSEGO CO AIRPORT, MI US","45.01657","-84.68942","405.9","2005-02","0.0","-21.7","10.0","3316.8","-5.4","-1.3","-9.4"
"USW00004854","GAYLORD OTSEGO CO AIRPORT, MI US","45.01657","-84.68942","405.9","2005-03","0.0","-24.4","12.8","4044.0","-5.1","1.2","-11.4"
"USW00004854","GAYLORD OTSEGO CO AIRPORT, MI US","45.01657","-84.68942","405.9","2005-04","0.9","-3.3","26.7","4376.6","7.3","13.6","1.0"
"USW00004854","GAYLORD OTSEGO CO AIRPORT, MI US","45.01657","-84.68942","405.9","2005-05","2.6","-4.4","26.7","4633.8","10.1","16.1","4.0"
"USW00004854","GAYLORD OTSEGO CO AIRPORT, MI US","45.01657","-84.68942","405.9","2005-06","99.1","5.0","33.9","4660.5","20.7","26.4","14.9"
"USC00203585","HARBOR BEACH 1 SSE, MI US","43.8322","-82.6427","181.4","2005-01","0.0","-20.6","12.8","2290.9","-6.8","-3.2","-10.4"
"USC00203585","HARBOR BEACH 1 SSE, MI US","43.8322","-82.6427","181.4","2005-02","0.0","-15.6","5.0","2934.2","-4.6","-0.7","-8.5"
"USC00203585","HARBOR BEACH 1 SSE, MI US","43.8322","-82.6427","181.4","2005-03","0.0","-15.6","8.9","3601.9","-3.2","0.9","-7.4"
"USC00203585","HARBOR BEACH 1 SSE, MI US","43.8322","-82.6427","181.4","2005-04","0.0","-2.2","27.8","3991.5","5.4","9.7","1.0"
"USC00203585","HARBOR BEACH 1 SSE, MI US","43.8322","-82.6427","181.4","2005-05","0.0","-1.7","26.1","4275.2","9.2","13.7","4.6"
"USC00203585","HARBOR BEACH 1 SSE, MI US","43.8322","-82.6427","181.4","2005-06","53.1","5.0","32.2","4317.7","18.7","23.1","14.3"
"USC00200197","AMASA 1 W, MI US","46.2347","-88.4544","448.1","2005-02",,"-24.4","12.8",,"-5.7","-0.2","-11.1"
"USC00200197","AMASA 1 W, MI US","46.2347","-88.4544","448.1","2005-03",,,"17.2",,,"1.8",
"USC00200197","AMASA 1 W, MI US","46.2347","-88.4544","448.1","2005-04",,"-5.6","26.7",,"6.1","14.1","-1.8"
"USC00200197","AMASA 1 W, MI US","46.2347","-88.4544","448.1","2005-05",,"-5.6","23.9",,"9.6","16.0","3.3"
"USC00204793","LINDEN WWTP, MI US","42.8133","-83.8038","263.0","2005-01","0.0","-17.2","14.4",,"-5.5","-1.8","-9.2"
"USC00204793","LINDEN WWTP, MI US","42.8133","-83.8038","263.0","2005-02",,"-15.0","9.4",,"-3.9","0.9","-8.7"
"USC00204793","LINDEN WWTP, MI US","42.8133","-83.8038","263.0","2005-03",,"-17.2","18.9",,"-1.9","3.1","-7.0"
"USC00204793","LINDEN WWTP, MI US","42.8133","-83.8038","263.0","2005-04",,"-6.7","27.8",,"7.7","14.7","0.7"
"USC00202015","DEARBORN, MI US","42.31917","-83.23839","184.4","2005-01","0.0","-20.6","15.6","1865.2","-4.3","0.6","-9.1"
"USC00202015","DEARBORN, MI US","42.31917","-83.23839","184.4","2005-02","0.0","-15.0","10.6","2412.6","-1.2","3.7","-6.2"
"USC00202015","DEARBORN, MI US","42.31917","-83.23839","184.4","2005-03","0.0","-15.0","20.6","2928.6","0.7","6.0","-4.6"
"USC00202015","DEARBORN, MI US","42.31917","-83.23839","184.4","2005-04","3.6","-1.1","29.4","3169.3","10.2","17.1","3.4"
"USC00202015","DEARBORN, MI US","42.31917","-83.23839","184.4","2005-05","5.2","-2.8","28.3","3330.6","13.0","19.7","6.3"
"USC00202015","DEARBORN, MI US","42.31917","-83.23839","184.4","2005-06","151.0","7.8","36.1","3337.8","22.9","29.7","16.2"
"USC00204797","LINWOOOD 7 W, MI US","43.7533","-84.0936","268.2","2005-04",,,,,,,
"USC00204797","LINWOOOD 7 W, MI US","43.7533","-84.0936","268.2","2005-05",,,,,,,
"USC00204797","LINWOOOD 7 W, MI US","43.7533","-84.0936","268.2","2005-06",,,,,,,
"USC00207820","STANDISH 4 NE, MI US","44.0126","-83.8977","187.5","2005-01","0.0","-26.1","10.6","2334.1","-8.1","-2.9","-13.2"
"USC00207820","STANDISH 4 NE, MI US","44.0126","-83.8977","187.5","2005-02","0.0","-21.1","7.8","2915.0","-4.2","1.0","-9.3"
"USC00207820","STANDISH 4 NE, MI US","44.0126","-83.8977","187.5","2005-03","0.0","-20.6","16.1","3543.9","-3.4","3.1","-9.8"
"USC00207820","STANDISH 4 NE, MI US","44.0126","-83.8977","187.5","2005-04","0.0","-3.9","28.3","3879.5","7.1","14.5","-0.2"
"USC00207820","STANDISH 4 NE, MI US","44.0126","-83.8977","187.5","2005-05","1.7","-4.4","28.3","4117.3","10.7","17.6","3.9"
"USC00207820","STANDISH 4 NE, MI US","44.0126","-83.8977","187.5","2005-06","85.6","5.6","33.9","4146.2","20.2","26.8","13.5"
"USC00200094","ALBION, MI US","42.24941","-84.7732","285.0","2005-01",,,,,,,
"USC00200094","ALBION, MI US","42.24941","-84.7732","285.0","2005-02",,,,,,,
"USC00200094","ALBION, MI US","42.24941","-84.7732","285.0","2005-03",,,,,,,
"USC00200094","ALBION, MI US","42.24941","-84.7732","285.0","2005-04",,,,,,,
"USC00200094","ALBION, MI US","42.24941","-84.7732","285.0","2005-05",,,,,,,
"USC00200094","ALBION, MI US","42.24941","-84.7732","285.0","2005-06",,,,,,,
"USC00201062","BROWNSTOWN, MI US","42.14","-83.2747","185.9","2005-01",,,,,,,
"USC00201062","BROWNSTOWN, MI US","42.14","-83.2747","185.9","2005-02",,,,,,,
"USC00201062","BROWNSTOWN, MI US","42.14","-83.2747","185.9","2005-03",,,,,,,
"USC00201062","BROWNSTOWN, MI US","42.14","-83.2747","185.9","2005-04",,,,,,,
"USC00201062","BROWNSTOWN, MI US","42.14","-83.2747","185.9","2005-05",,,,,,,
"USC00201062","BROWNSTOWN, MI US","42.14","-83.2747","185.9","2005-06",,,,,,,
"USW00094850","MARQUETTE WEATHER FORECAST OFFICE, MI US","46.5313","-87.5491","431.3","2005-01","0.0","-27.2","0.0","2874.0","-11.0","-7.3","-14.7"
"USW00094850","MARQUETTE WEATHER FORECAST OFFICE, MI US","46.5313","-87.5491","431.3","2005-02","0.0","-21.7","10.0","3575.4","-6.7","-1.4","-12.0"
"USW00094850","MARQUETTE WEATHER FORECAST OFFICE, MI US","46.5313","-87.5491","431.3","2005-03","0.0","-26.1","15.0","4333.8","-6.1","0.7","-12.9"
"USW00094850","MARQUETTE WEATHER FORECAST OFFICE, MI US","46.5313","-87.5491","431.3","2005-04","0.0","-6.7","26.1","4707.5","5.9","12.1","-0.4"
"USW00094850","MARQUETTE WEATHER FORECAST OFFICE, MI US","46.5313","-87.5491","431.3","2005-05","0.0","-3.3","25.0","4982.4","9.5","15.2","3.8"
"USW00094850","MARQUETTE WEATHER FORECAST OFFICE, MI US","46.5313","-87.5491","431.3","2005-06","44.6","5.0","32.8","5025.8","18.4","25.1","11.7"
"USC00207280","SAINT JOHNS, MI US","43.0128","-84.5547","226.5","2005-01","0.0","-21.1","14.4","2097.4","-5.9","-1.2","-10.6"
"USC00207280","SAINT JOHNS, MI US","43.0128","-84.5547","226.5","2005-02","0.0","-13.3","10.0","2680.3","-2.5","1.9","-6.9"
"USC00207280","SAINT JOHNS, MI US","43.0128","-84.5547","226.5","2005-03","0.0","-15.0","21.7","3268.9","-1.3","3.6","-6.3"
"USC00207280","SAINT JOHNS, MI US","43.0128","-84.5547","226.5","2005-04","3.4","-1.7","27.8","3524.7","9.3","16.1","2.5"
"USC00207280","SAINT JOHNS, MI US","43.0128","-84.5547","226.5","2005-05","6.7","-1.1","28.3","3718.8","12.2","17.9","6.4"
"USC00207280","SAINT JOHNS, MI US","43.0128","-84.5547","226.5","2005-06","142.0","9.4","33.9","3731.9","22.5","28.2","16.8"
"USC00203913","HOPE 3 SW, MI US","43.73","-84.3702","199.6","2005-01","0.0","-26.7","10.6",,"-6.9","-2.2","-11.7"
"USC00203913","HOPE 3 SW, MI US","43.73","-84.3702","199.6","2005-03",,"-21.1","19.4",,"-1.7","5.1","-8.5"
"USC00203913","HOPE 3 SW, MI US","43.73","-84.3702","199.6","2005-04",,,,,,,
"USC00203913","HOPE 3 SW, MI US","43.73","-84.3702","199.6","2005-05",,"-4.4","30.6",,"12.5","20.2","4.8"
"USC00203913","HOPE 3 SW, MI US","43.73","-84.3702","199.6","2005-06",,,,,,,
"USC00206507","PETOSKEY, MI US","45.3725","-84.9766","182.6","2005-01","0.0","-25.6","6.7","2355.4","-8.2","-4.3","-12.1"
"USC00206507","PETOSKEY, MI US","45.3725","-84.9766","182.6","2005-02","0.0","-15.6","11.1","2987.2","-4.2","-0.4","-8.1"
"USC00206507","PETOSKEY, MI US","45.3725","-84.9766","182.6","2005-03","0.0","-16.1","17.8","3673.5","-3.8","1.2","-8.8"
"USC00206507","PETOSKEY, MI US","45.3725","-84.9766","182.6","2005-04","0.0","-1.7","21.1","4021.5","6.3","10.9","1.8"
"USC00206507","PETOSKEY, MI US","45.3725","-84.9766","182.6","2005-05","1.4","-1.7","27.8","4260.6","10.1","14.5","5.8"
"USC00206507","PETOSKEY, MI US","45.3725","-84.9766","182.6","2005-06","65.9","7.8","32.2","4282.3","20.1","24.6","15.6"
"USR0000MBRR","BEAR MICHIGAN, MI US","44.8019","-86.0508","289.9","2005-01","0.0","-17.8","7.2","2191.6","-5.7","-2.8","-8.6"
"USR0000MBRR","BEAR MICHIGAN, MI US","44.8019","-86.0508","289.9","2005-02","0.0","-11.7","14.4","2757.2","-1.9","1.7","-5.4"
"USR0000MBRR","BEAR MICHIGAN, MI US","44.8019","-86.0508","289.9","2005-03","0.0","-12.2","20.0","3332.4","-0.2","4.4","-4.8"
"USR0000MBRR","BEAR MICHIGAN, MI US","44.8019","-86.0508","289.9","2005-04","0.3","-1.1","26.7","3620.8","8.7","14.4","3.1"
"USR0000MBRR","BEAR MICHIGAN, MI US","44.8019","-86.0508","289.9","2005-05","2.8","-1.1","26.7","3839.0","11.4","16.7","6.0"
"USR0000MBRR","BEAR MICHIGAN, MI US","44.8019","-86.0508","289.9","2005-06","101.3","10.6","33.9","3854.6","21.1","26.6","15.6"
"USC00205531","MIO HYDRO PLANT, MI US","44.6613","-84.1316","292.6","2005-01","0.0","-28.3","12.8","2191.0","-6.3","-1.4","-11.3"
"USC00205531","MIO HYDRO PLANT, MI US","44.6613","-84.1316","292.6","2005-02","0.0","-19.4","12.8","2690.3","-3.4","2.0","-8.7"
"USC00205531","MIO HYDRO PLANT, MI US","44.6613","-84.1316","292.6","2005-03","0.0","-23.3","15.6","3265.4","-2.8","5.0","-10.6"
"USC00205531","MIO HYDRO PLANT, MI US","44.6613","-84.1316","292.6","2005-04","0.0","-6.1","23.9","3568.1","7.1","15.0","-0.8"
"USC00205531","MIO HYDRO PLANT, MI US","44.6613","-84.1316","292.6","2005-05","0.0","-5.0","27.8","3806.7","10.1","17.6","2.6"
"USC00205531","MIO HYDRO PLANT, MI US","44.6613","-84.1316","292.6","2005-06","103.3","4.4","33.3","3828.1","21.1","28.0","14.1"
"USC00204320","KENT CITY 2 SW, MI US","43.2036","-85.7776","247.8","2005-01",,,,,,,
"USC00204320","KENT CITY 2 SW, MI US","43.2036","-85.7776","247.8","2005-02",,,,,,,
"USC00204320","KENT CITY 2 SW, MI US","43.2036","-85.7776","247.8","2005-03",,,,,,,
"USC00204320","KENT CITY 2 SW, MI US","43.2036","-85.7776","247.8","2005-04",,,,,,,
"USC00204320","KENT CITY 2 SW, MI US","43.2036","-85.7776","247.8","2005-05",,,,,,,
"USC00204320","KENT CITY 2 SW, MI US","43.2036","-85.7776","247.8","2005-06",,,,,,,
"USC00206982","RICHMOND 4 NNW, MI US","42.8783","-82.7958","233.2","2005-01","0.0","-26.7","14.4",,"-7.0","-2.1","-11.9"
"USC00206982","RICHMOND 4 NNW, MI US","42.8783","-82.7958","233.2","2005-02","0.0","-21.7","7.2",,"-3.9","1.1","-8.8"
"USC00206982","RICHMOND 4 NNW, MI US","42.8783","-82.7958","233.2","2005-03","0.0","-16.7","17.2",,"-1.2","3.9","-6.4"
"USC00206982","RICHMOND 4 NNW, MI US","42.8783","-82.7958","233.2","2005-04","1.1","-1.7","28.9",,"8.4","15.1","1.8"
"USC00206982","RICHMOND 4 NNW, MI US","42.8783","-82.7958","233.2","2005-05","2.8","-2.8","27.8",,"12.3","18.5","6.1"
"USC00206982","RICHMOND 4 NNW, MI US","42.8783","-82.7958","233.2","2005-06","132.2","7.2","34.4",,"22.1","28.3","15.9"
"USC00201299","CARO WWTP, MI US","43.4838","-83.3919","210.3","2005-01","0.0","-26.1","14.4",,"-5.5","-0.8","-10.3"
"USC00201299","CARO WWTP, MI US","43.4838","-83.3919","210.3","2005-02","0.0","-18.9","11.7",,"-3.7","1.3","-8.8"
"USC00201299","CARO WWTP, MI US","43.4838","-83.3919","210.3","2005-03","0.0","-18.3","17.8",,"-2.3","3.4","-8.1"
"USC00201299","CARO WWTP, MI US","43.4838","-83.3919","210.3","2005-04","0.6","-2.2","26.7",,"8.3","15.1","1.5"
"USC00201299","CARO WWTP, MI US","43.4838","-83.3919","210.3","2005-05","4.7","-2.2","27.8",,"11.5","18.0","5.0"
"USC00201299","CARO WWTP, MI US","43.4838","-83.3919","210.3","2005-06","87.4","7.2","34.4",,"20.9","27.2","14.7"
"USC00203477","GROSSE POINTE FARMS, MI US","42.4077","-82.8891","186.8","2005-01","0.0","-22.2","14.4",,"-5.5","-1.3","-9.7"
"USC00203477","GROSSE POINTE FARMS, MI US","42.4077","-82.8891","186.8","2005-02","0.0","-11.7","7.8",,"-3.0","1.0","-7.0"
"USC00203477","GROSSE POINTE FARMS, MI US","42.4077","-82.8891","186.8","2005-03","0.0","-11.7","14.4",,"-0.2","3.7","-4.0"
"USC00203477","GROSSE POINTE FARMS, MI US","42.4077","-82.8891","186.8","2005-04","0.3","-1.1","28.3",,"9.2","14.8","3.6"
"USC00203477","GROSSE POINTE FARMS, MI US","42.4077","-82.8891","186.8","2005-05","2.8","0.0","28.3",,"12.4","17.4","7.5"
"USC00208249","TRAVERSE CITY MUNSON, MI US","44.7607","-85.6443","193.5","2005-01","0.0","-21.1","11.1","2246.0","-6.8","-3.1","-10.4"
"USC00208249","TRAVERSE CITY MUNSON, MI US","44.7607","-85.6443","193.5","2005-02","0.0","-13.3","11.1","2833.9","-2.7","0.9","-6.2"
"USC00208249","TRAVERSE CITY MUNSON, MI US","44.7607","-85.6443","193.5","2005-03","0.0","-15.6","20.6","3467.4","-2.1","3.0","-7.2"
"USC00208249","TRAVERSE CITY MUNSON, MI US","44.7607","-85.6443","193.5","2005-04","2.0","-1.7","28.9","3782.3","7.9","14.7","1.1"
"USC00208249","TRAVERSE CITY MUNSON, MI US","44.7607","-85.6443","193.5","2005-05","5.6","-1.7","28.9","3991.2","11.2","17.0","5.4"
"USC00208249","TRAVERSE CITY MUNSON, MI US","44.7607","-85.6443","193.5","2005-06","102.6","8.3","34.4","4007.0","21.2","26.9","15.5"
"USC00208920","WHITEFISH POINT, MI US","46.7475","-84.9857","189.6","2005-01","0.0","-25.6","3.3","2538.8","-9.2","-5.0","-13.5"
"USC00208920","WHITEFISH POINT, MI US","46.7475","-84.9857","189.6","2005-02","0.0","-18.3","5.6","3196.4","-5.1","-1.4","-8.9"
"USC00208920","WHITEFISH POINT, MI US","46.7475","-84.9857","189.6","2005-03","0.0","-17.8","7.2","3911.6","-4.7","1.0","-10.4"
"USC00208920","WHITEFISH POINT, MI US","46.7475","-84.9857","189.6","2005-04","0.0","-3.9","22.2","4334.0","4.3","9.1","-0.6"
"USC00208920","WHITEFISH POINT, MI US","46.7475","-84.9857","189.6","2005-05","0.0","-2.2","23.3","4611.9","8.8","14.2","3.3"
"USC00208920","WHITEFISH POINT, MI US","46.7475","-84.9857","189.6","2005-06","12.8","2.2","28.3","4677.0","16.6","22.3","10.9"
"USC00208800","WEST BRANCH 3 SE, MI US","44.2541","-84.2011","269.7","2005-01",,,"12.8",,,"-2.8",
"USC00208800","WEST BRANCH 3 SE, MI US","44.2541","-84.2011","269.7","2005-02",,"-19.4","9.4",,"-4.0","1.3","-9.3"
"USC00208800","WEST BRANCH 3 SE, MI US","44.2541","-84.2011","269.7","2005-03",,"-21.1","16.1",,"-3.2","4.0","-10.4"
"USC00208800","WEST BRANCH 3 SE, MI US","44.2541","-84.2011","269.7","2005-04",,"-6.7","28.3",,"7.4","15.4","-0.6"
"USC00208800","WEST BRANCH 3 SE, MI US","44.2541","-84.2011","269.7","2005-05",,"-5.6","28.3",,"10.8","17.9","3.8"
"USC00208800","WEST BRANCH 3 SE, MI US","44.2541","-84.2011","269.7","2005-06",,"6.1","33.3",,"20.7","27.9","13.6"
"USC00209110","WYANDOTTE, MI US","42.20844","-83.1626","176.8","2005-01",,,,,,,
"USC00209110","WYANDOTTE, MI US","42.20844","-83.1626","176.8","2005-02",,,,,,,
"USC00209110","WYANDOTTE, MI US","42.20844","-83.1626","176.8","2005-03",,,,,,,
"USC00209110","WYANDOTTE, MI US","42.20844","-83.1626","176.8","2005-04",,,,,,,
"USC00209110","WYANDOTTE, MI US","42.20844","-83.1626","176.8","2005-05",,,,,,,
"USC00209110","WYANDOTTE, MI US","42.20844","-83.1626","176.8","2005-06",,,,,,,
"USW00094860","GRAND RAPIDS GERALD R FORD INTERNATIONAL AIRPORT, MI US","42.8821","-85.52297","240.3","2005-01","0.0","-22.8","12.8","2118.7","-5.7","-2.0","-9.5"
"USW00094860","GRAND RAPIDS GERALD R FORD INTERNATIONAL AIRPORT, MI US","42.8821","-85.52297","240.3","2005-02","0.0","-11.1","7.8","2690.7","-2.1","1.4","-5.5"
"USW00094860","GRAND RAPIDS GERALD R FORD INTERNATIONAL AIRPORT, MI US","42.8821","-85.52297","240.3","2005-03","0.0","-17.8","22.8","3296.0","-1.2","3.7","-6.1"
"USW00094860","GRAND RAPIDS GERALD R FORD INTERNATIONAL AIRPORT, MI US","42.8821","-85.52297","240.3","2005-04","2.2","-1.1","27.2","3539.6","10.3","16.9","3.6"
"USW00094860","GRAND RAPIDS GERALD R FORD INTERNATIONAL AIRPORT, MI US","42.8821","-85.52297","240.3","2005-05","6.1","-3.3","28.3","3722.0","12.6","18.4","6.7"
"USW00094860","GRAND RAPIDS GERALD R FORD INTERNATIONAL AIRPORT, MI US","42.8821","-85.52297","240.3","2005-06","145.8","10.0","33.9","3730.9","22.7","28.3","17.1"
"USC00206080","OIL CITY 2 S, MI US","43.5816","-84.5888","207.3","2005-05",,,,,,,
"USC00206080","OIL CITY 2 S, MI US","43.5816","-84.5888","207.3","2005-06",,,"34.4",,,"28.7",
"USC00201502","CHELSEA, MI US","42.3263","-84.0133","274.3","2005-01",,"-25.0",,,,,"-9.9"
"USC00201502","CHELSEA, MI US","42.3263","-84.0133","274.3","2005-02",,"-16.7","8.3",,"-2.7","2.1","-7.6"
"USC00201502","CHELSEA, MI US","42.3263","-84.0133","274.3","2005-03",,"-17.2","20.6",,"-0.2","5.3","-5.6"
"USC00201502","CHELSEA, MI US","42.3263","-84.0133","274.3","2005-04",,"-1.1","27.2",,"10.1","16.9","3.2"
"USC00201502","CHELSEA, MI US","42.3263","-84.0133","274.3","2005-05",,"-3.9","27.8",,"12.6","19.6","5.6"
"USC00201502","CHELSEA, MI US","42.3263","-84.0133","274.3","2005-06",,"7.2","34.4",,"22.3","29.1","15.5"
"USC00200779","BIG RAPIDS WATER TREATMENT PLANT, MI US","43.7072","-85.4819","273.7","2005-01","0.0","-26.1","11.1","2403.8","-7.6","-3.2","-12.0"
"USC00200779","BIG RAPIDS WATER TREATMENT PLANT, MI US","43.7072","-85.4819","273.7","2005-02","0.0","-16.7","12.2","3002.8","-3.1","1.3","-7.4"
"USC00200779","BIG RAPIDS WATER TREATMENT PLANT, MI US","43.7072","-85.4819","273.7","2005-03","0.0","-18.9","19.4","3655.4","-2.7","4.2","-9.6"
"USC00200779","BIG RAPIDS WATER TREATMENT PLANT, MI US","43.7072","-85.4819","273.7","2005-04","0.0","-4.4","27.2","3957.8","8.3","16.1","0.4"
"USC00200779","BIG RAPIDS WATER TREATMENT PLANT, MI US","43.7072","-85.4819","273.7","2005-05","0.3","-3.3","27.8","4180.1","11.2","18.0","4.3"
"USC00200779","BIG RAPIDS WATER TREATMENT PLANT, MI US","43.7072","-85.4819","273.7","2005-06","122.6","8.3","33.9","4195.7","21.9","28.6","15.1"
"USC00200417","BAD AXE, MI US","43.808","-82.9938","217.9","2005-01","0.0","-21.1","14.4","2147.5","-6.2","-2.4","-10.0"
"USC00200417","BAD AXE, MI US","43.808","-82.9938","217.9","2005-02","0.0","-17.8","7.2","2737.6","-3.6","0.6","-7.8"
"USC00200417","BAD AXE, MI US","43.808","-82.9938","217.9","2005-03","0.0","-16.1","16.1","3372.5","-2.1","2.9","-7.2"
"USC00200417","BAD AXE, MI US","43.808","-82.9938","217.9","2005-04","2.8","-2.2","28.9","3666.6","8.2","14.7","1.8"
"USC00200417","BAD AXE, MI US","43.808","-82.9938","217.9","2005-05","4.7","-1.7","27.2","3856.8","11.6","17.5","5.6"
"USC00202395","EAST LANSING 4 S, MI US","42.67417","-84.485","268.2","2005-01",,"-22.8","15.6",,"-5.8","-0.7","-10.9"
"USC00202395","EAST LANSING 4 S, MI US","42.67417","-84.485","268.2","2005-02",,"-15.6","10.6",,"-2.7","2.8","-8.3"
"USC00202395","EAST LANSING 4 S, MI US","42.67417","-84.485","268.2","2005-03",,"-16.1","16.7",,"-1.2","3.9","-6.2"
"USC00202395","EAST LANSING 4 S, MI US","42.67417","-84.485","268.2","2005-04",,"-4.4","26.1",,"8.3","14.2","2.4"
"USC00202395","EAST LANSING 4 S, MI US","42.67417","-84.485","268.2","2005-05",,"-2.8","27.2",,"12.5","18.2","6.7"
"USC00202395","EAST LANSING 4 S, MI US","42.67417","-84.485","268.2","2005-06",,"10.6","33.9",,"22.2","28.6","15.9"
"USC00205662","CENTRAL MICHIGAN UNIVERSITY, MI US","43.5859","-84.7694","242.3","2005-01","0.0","-19.4","14.4","2058.5","-6.1","-2.4","-9.8"
"USC00205662","CENTRAL MICHIGAN UNIVERSITY, MI US","43.5859","-84.7694","242.3","2005-02","0.0","-13.3","8.9","2538.8","-2.6","1.4","-6.6"
"USC00205662","CENTRAL MICHIGAN UNIVERSITY, MI US","43.5859","-84.7694","242.3","2005-03","0.0","-12.2","20.0","3117.7","-1.7","2.9","-6.2"
"USC00205662","CENTRAL MICHIGAN UNIVERSITY, MI US","43.5859","-84.7694","242.3","2005-04","3.1","-0.6","27.8","3365.4","9.4","16.2","2.7"
"USC00205662","CENTRAL MICHIGAN UNIVERSITY, MI US","43.5859","-84.7694","242.3","2005-05","5.3","-0.6","27.2","3544.9","11.9","17.6","6.2"
"USC00205662","CENTRAL MICHIGAN UNIVERSITY, MI US","43.5859","-84.7694","242.3","2005-06","136.0","10.6","33.9","3557.0","22.4","28.3","16.6"
"USW00094871","BENTON HARBOR, MI US","42.12894","-86.41518","195.4","2005-01","0.0","-22.8","17.8","2048.9","-4.3","-0.1","-8.5"
"USW00094871","BENTON HARBOR, MI US","42.12894","-86.41518","195.4","2005-02","0.0","-13.3","10.0","2572.9","-0.4","3.0","-3.8"
"USW00094871","BENTON HARBOR, MI US","42.12894","-86.41518","195.4","2005-03","0.0","-14.4","23.9","3126.7","0.5","5.3","-4.3"
"USW00094871","BENTON HARBOR, MI US","42.12894","-86.41518","195.4","2005-04","1.7","-3.9","26.1","3382.2","9.9","16.4","3.3"
"USW00094871","BENTON HARBOR, MI US","42.12894","-86.41518","195.4","2005-05","6.2","-3.9","27.8","3585.2","11.9","18.4","5.5"
"USW00094871","BENTON HARBOR, MI US","42.12894","-86.41518","195.4","2005-06","132.8","6.7","33.9","3603.2","21.9","28.0","15.9"
"USC00207180","RUBY, MI US","43.0341","-82.608","213.7","2005-01",,,,,,,
"USC00207180","RUBY, MI US","43.0341","-82.608","213.7","2005-02",,,,,,,
"USC00207180","RUBY, MI US","43.0341","-82.608","213.7","2005-03",,,,,,,
"USC00207180","RUBY, MI US","43.0341","-82.608","213.7","2005-04",,,,,,,
"USC00207180","RUBY, MI US","43.0341","-82.608","213.7","2005-05",,,,,,,
"USC00207180","RUBY, MI US","43.0341","-82.608","213.7","2005-06",,,,,,,
"USC00203932","HOUGHTON LAKE 6 WSW, MI US","44.3119","-84.8922","345.9","2005-01","0.0","-31.7","12.8",,"-8.8","-3.3","-14.2"
"USC00203932","HOUGHTON LAKE 6 WSW, MI US","44.3119","-84.8922","345.9","2005-02",,,,,,,
"USC00203932","HOUGHTON LAKE 6 WSW, MI US","44.3119","-84.8922","345.9","2005-04",,"-7.8","29.4",,"6.8","15.6","-2.0"
"USC00203932","HOUGHTON LAKE 6 WSW, MI US","44.3119","-84.8922","345.9","2005-05",,"-7.2","28.3",,"10.1","18.7","1.5"
"USC00203932","HOUGHTON LAKE 6 WSW, MI US","44.3119","-84.8922","345.9","2005-06",,"2.8","36.1",,"20.4","28.6","12.2"
"USC00205434","MIDLAND, MI US","43.6088","-84.2011","195.1","2005-01","0.0","-20.6","12.2","2124.3","-6.2","-2.4","-10.0"
"USC00205434","MIDLAND, MI US","43.6088","-84.2011","195.1","2005-02","0.0","-12.8","8.9","2709.0","-2.6","1.2","-6.3"
"USC00205434","MIDLAND, MI US","43.6088","-84.2011","195.1","2005-03","0.0","-14.4","19.4","3327.0","-1.6","3.6","-6.8"
"USC00205434","MIDLAND, MI US","43.6088","-84.2011","195.1","2005-04","3.1","-1.1","28.9","3608.8","9.0","15.0","3.1"
"USC00205434","MIDLAND, MI US","43.6088","-84.2011","195.1","2005-05","8.7","-1.7","30.0","3791.5","12.6","18.3","7.0"
"USC00205434","MIDLAND, MI US","43.6088","-84.2011","195.1","2005-06","140.1","9.4","34.4","3805.7","22.2","27.7","16.8"
"USR0000MSEN","SENEY MICHIGAN, MI US","46.2403","-85.9428","221.3","2005-01","0.0","-25.0","3.9","2590.9","-9.3","-5.3","-13.4"
"USR0000MSEN","SENEY MICHIGAN, MI US","46.2403","-85.9428","221.3","2005-02","0.0","-20.0","7.2","3238.1","-4.8","-0.1","-9.5"
"USR0000MSEN","SENEY MICHIGAN, MI US","46.2403","-85.9428","221.3","2005-03","0.0","-18.9","13.3","3901.6","-3.1","3.3","-9.5"
"USR0000MSEN","SENEY MICHIGAN, MI US","46.2403","-85.9428","221.3","2005-04","0.0","-2.8","26.7","4240.4","7.0","13.8","0.2"
"USR0000MSEN","SENEY MICHIGAN, MI US","46.2403","-85.9428","221.3","2005-05","0.0","-3.3","26.1","4484.7","10.4","16.7","4.2"
"USR0000MSEN","SENEY MICHIGAN, MI US","46.2403","-85.9428","221.3","2005-06","50.9","4.4","30.0","4508.9","19.2","25.9","12.5"
"USC00203930","HOUGHTON LAKE 2 NW, MI US","44.3122","-84.7747","353.9","2005-01","0.0","-28.9","12.8","2480.8","-8.6","-3.9","-13.4"
"USC00203930","HOUGHTON LAKE 2 NW, MI US","44.3122","-84.7747","353.9","2005-02","0.0","-18.3","12.8","3107.1","-4.0","1.0","-9.1"
"USC00203930","HOUGHTON LAKE 2 NW, MI US","44.3122","-84.7747","353.9","2005-03","0.0","-20.6","17.8","3763.5","-3.6","3.8","-10.9"
"USC00203930","HOUGHTON LAKE 2 NW, MI US","44.3122","-84.7747","353.9","2005-04","0.0","-6.1","28.3","4088.3","7.5","15.3","-0.3"
"USC00203930","HOUGHTON LAKE 2 NW, MI US","44.3122","-84.7747","353.9","2005-05","2.5","-5.0","27.8","4342.6","10.2","17.3","3.1"
"USC00203930","HOUGHTON LAKE 2 NW, MI US","44.3122","-84.7747","353.9","2005-06","94.6","5.6","33.9","4366.8","20.6","27.7","13.4"
"USC00208941","WHITE LAKE 4 E, MI US","42.698","-83.4716","321.0","2005-01","0.0","-22.2","13.9","2202.0","-6.3","-1.9","-10.7"
"USC00208941","WHITE LAKE 4 E, MI US","42.698","-83.4716","321.0","2005-02","0.0","-17.2","9.4","2810.0","-3.4","1.1","-7.9"
"USC00208941","WHITE LAKE 4 E, MI US","42.698","-83.4716","321.0","2005-03","0.0","-16.7","17.8","3425.9","-1.5","3.8","-6.9"
"USC00208941","WHITE LAKE 4 E, MI US","42.698","-83.4716","321.0","2005-04","1.4","-1.7","27.2","3703.8","9.1","15.5","2.7"
"USC00208941","WHITE LAKE 4 E, MI US","42.698","-83.4716","321.0","2005-05","5.0","-2.8","26.7","3912.3","11.7","18.0","5.5"
"USC00208941","WHITE LAKE 4 E, MI US","42.698","-83.4716","321.0","2005-06","115.5","6.7","33.9","3934.8","21.3","27.5","15.0"
"USC00200420","BAD AXE 8 E, MI US","43.8302","-82.8425","225.6","2005-01",,,,,,,
"USC00204104","IRONWOOD, MI US","46.4656","-90.1892","435.9","2005-01","0.0","-31.1","0.0","2916.3","-12.5","-7.7","-17.2"
"USC00204104","IRONWOOD, MI US","46.4656","-90.1892","435.9","2005-02","0.0","-25.0","12.8","3610.0","-6.4","-0.9","-12.0"
"USC00204104","IRONWOOD, MI US","46.4656","-90.1892","435.9","2005-03","0.0","-25.0","18.3","4351.2","-5.6","1.1","-12.2"
"USC00204104","IRONWOOD, MI US","46.4656","-90.1892","435.9","2005-04","0.0","-6.1","26.1","4695.3","6.9","13.3","0.5"
"USC00204104","IRONWOOD, MI US","46.4656","-90.1892","435.9","2005-05","0.0","-4.4","22.8","4964.1","9.7","14.9","4.5"
"USC00204104","IRONWOOD, MI US","46.4656","-90.1892","435.9","2005-06","53.1","6.1","33.3","4991.0","19.2","25.6","12.9"
