"STATION","NAME","LATITUDE","LONGITUDE","ELEVATION","DATE","CDSD","EMNT","EMXT","HDSD","TAVG","TMAX","TMIN"
"USC00205690","MUNISING, MI US","46.4121","-86.6625","207.3","2025-07","69.1","7.8","32.2","44.1","18.3","23.7","12.9"
"USC00203270","GLADSTONE NUMBER 2, MI US","45.8433","-87.0391","218.5","2025-07",,,,,,,
"USC00203270","GLADSTONE NUMBER 2, MI US","45.8433","-87.0391","218.5","2025-08",,,,,,,
"USC00203270","GLADSTONE NUMBER 2, MI US","45.8433","-87.0391","218.5","2025-09",,,,,,,
"USC00203391","GRAYLING, MI US","44.64536","-84.69921","350.8","2025-07","146.1","6.1","33.3","13.3","20.8","28.1","13.5"
"USC00203391","GRAYLING, MI US","44.64536","-84.69921","350.8","2025-08","206.1","1.7","32.8","68.9","18.5","25.9","11.0"
"USC00203391","GRAYLING, MI US","44.64536","-84.69921","350.8","2025-09","210.3","0.0","28.9","164.0","15.3","22.7","7.9"
"USC00203391","GRAYLING, MI US","44.64536","-84.69921","350.8","2025-10","215.9","-5.6","30.6","438.8","9.6","16.8","2.5"
"USC00203391","GRAYLING, MI US","44.64536","-84.69921","350.8","2025-11","215.9","-12.2","13.3","959.2","1.0","5.7","-3.7"
"USC00203391","GRAYLING, MI US","44.64536","-84.69921","350.8","2025-12","215.9","-25.0","6.7","1735.1","-6.7","-2.7","-10.7"
"US1MILV0026","FENTON 6.2 WSW, MI US","42.768322","-83.829286","267.3","2025-07",,,,,,,
"US1MILV0026","FENTON 6.2 WSW, MI US","42.768322","-83.829286","267.3","2025-08",,,,,,,
"US1MILV0026","FENTON 6.2 WSW, MI US","42.768322","-83.829286","267.3","2025-09",,,,,,,
"US1MILV0026","FENTON 6.2 WSW, MI US","42.768322","-83.829286","267.3","2025-10",,,,,,,
"US1MILV0026","FENTON 6.2 WSW, MI US","42.768322","-83.829286","267.3","2025-11",,,,,,,
"US1MILV0026","FENTON 6.2 WSW, MI US","42.768322","-83.829286","267.3","2025-12",,,,,,,
"USC00206662","PORT AUSTIN WWTP, MI US","44.0469","-82.9702","184.4","2025-07",,,,,,,
"USC00206662","PORT AUSTIN WWTP, MI US","44.0469","-82.9702","184.4","2025-08",,,,,,,
"USC00206662","PORT AUSTIN WWTP, MI US","44.0469","-82.9702","184.4","2025-09",,,,,,,
"USC00206662","PORT AUSTIN WWTP, MI US","44.0469","-82.9702","184.4","2025-10",,,,,,,
"USC00206662","PORT AUSTIN WWTP, MI US","44.0469","-82.9702","184.4","2025-11",,,,,,,
"USC00206662","PORT AUSTIN WWTP, MI US","44.0469","-82.9702","184.4","2025-12",,,,,,,
"US1MILV0024","HOWELL 4.9 ESE, MI US","42.579228","-83.847953","294.1","2025-07",,,,,,,
"US1MILV0024","HOWELL 4.9 ESE, MI US","42.579228","-83.847953","294.1","2025-08",,,,,,,
"US1MILV0024","HOWELL 4.9 ESE, MI US","42.579228","-83.847953","294.1","2025-09",,,,,,,
"USC00206780","QUINCY HILL, MI US","47.1364","-88.5795","349.0","2025-07",,,,,,,
"USC00206780","QUINCY HILL, MI US","47.1364","-88.5795","349.0","2025-08",,,,,,,
"USC00206780","QUINCY HILL, MI US","47.1364","-88.5795","349.0","2025-09",,,,,,,
"USC00206780","QUINCY HILL, MI US","47.1364","-88.5795","349.0","2025-10",,,,,,,
"USC00206780","QUINCY HILL, MI US","47.1364","-88.5795","349.0","2025-11",,,,,,,
"USC00206780","QUINCY HILL, MI US","47.1364","-88.5795","349.0","2025-12",,,,,,,
"US1MIVB0015","GOBLES 1.0 ESE, MI US","42.356497","-85.859454","239.3","2025-07",,,,,,,
"US1MIVB0015","GOBLES 1.0 ESE, MI US","42.356497","-85.859454","239.3","2025-10",,,,,,,
"US1MIVB0015","GOBLES 1.0 ESE, MI US","42.356497","-85.859454","239.3","2025-11",,,,,,,
"US1MIVB0015","GOBLES 1.0 ESE, MI US","42.356497","-85.859454","239.3","2025-12",,,,,,,
"US1MIVB0013","PAW PAW 2.0 NE, MI US","42.23743","-85.861711","231.6","2025-07",,,,,,,
"US1MIVB0013","PAW PAW 2.0 NE, MI US","42.23743","-85.861711","231.6","2025-08",,,,,,,
"US1MIVB0013","PAW PAW 2.0 NE, MI US","42.23743","-85.861711","231.6","2025-09",,,,,,,
"US1MIVB0013","PAW PAW 2.0 NE, MI US","42.23743","-85.861711","231.6","2025-10",,,,,,,
"US1MIVB0013","PAW PAW 2.0 NE, MI US","42.23743","-85.861711","231.6","2025-11",,,,,,,
"US1MIVB0013","PAW PAW 2.0 NE, MI US","42.23743","-85.861711","231.6","2025-12",,,,,,,
"US1MIVB0006","GRAND JUNCTION 1.4 NW, MI US","42.424964","-86.079324","203.0","2025-07",,,,,,,
"US1MIVB0006","GRAND JUNCTION 1.4 NW, MI US","42.424964","-86.079324","203.0","2025-08",,,,,,,
"US1MIOW0014","HOLLAND 4.4 NW, MI US","42.823464","-86.151194","199.0","2025-07",,,,,,,
"US1MIOW0014","HOLLAND 4.4 NW, MI US","42.823464","-86.151194","199.0","2025-08",,,,,,,
"US1MIOW0014","HOLLAND 4.4 NW, MI US","42.823464","-86.151194","199.0","2025-09",,,,,,,
"US1MIOW0014","HOLLAND 4.4 NW, MI US","42.823464","-86.151194","199.0","2025-10",,,,,,,
"US1MIOW0014","HOLLAND 4.4 NW, MI US","42.823464","-86.151194","199.0","2025-12",,,,,,,
"US1MIAG0010","TRAUNIK 0.2 NNW, MI US","46.2635","-86.9724","285.0","2025-07",,,,,,,
"US1MIAG0010","TRAUNIK 0.2 NNW, MI US","46.2635","-86.9724","285.0","2025-08",,,,,,,
"US1MIAG0010","TRAUNIK 0.2 NNW, MI US","46.2635","-86.9724","285.0","2025-09",,,,,,,
"USC00203025","FREMONT 4 WSW, MI US","43.44527","-86.02646","242.9","2025-07",,"11.7","33.3","1.4","23.0","28.9","17.2"
"USC00203025","FREMONT 4 WSW, MI US","43.44527","-86.02646","242.9","2025-08",,"6.7","32.2","21.0","21.1","27.1","15.1"
"USC00203025","FREMONT 4 WSW, MI US","43.44527","-86.02646","242.9","2025-09",,"5.0","30.0","57.7","18.7","25.4","12.0"
"USC00203025","FREMONT 4 WSW, MI US","43.44527","-86.02646","242.9","2025-10",,"-0.6","29.4","243.1","12.8","18.8","6.9"
"USC00203025","FREMONT 4 WSW, MI US","43.44527","-86.02646","242.9","2025-11",,"-7.2","17.2","673.1","4.0","8.7","-0.7"
"USC00203025","FREMONT 4 WSW, MI US","43.44527","-86.02646","242.9","2025-12",,"-14.4","8.9","1320.5","-2.6","0.7","-5.8"
"US1MIAG0015","SHINGLETON 16.3 NE, MI US","46.518841","-86.235723","284.4","2025-11",,,,,,,
"US1MIAG0014","AU TRAIN 6.3 NW, MI US","46.4829937","-86.946622","213.7","2025-09",,,,,,,
"US1MIAG0014","AU TRAIN 6.3 NW, MI US","46.4829937","-86.946622","213.7","2025-10",,,,,,,
"US1MIAG0014","AU TRAIN 6.3 NW, MI US","46.4829937","-86.946622","213.7","2025-11",,,,,,,
"US1MIAG0014","AU TRAIN 6.3 NW, MI US","46.4829937","-86.946622","213.7","2025-12",,,,,,,
"US1MIAN0001","WAYLAND 2.0 W, MI US","42.6732292","-85.68013763","225.2","2025-07",,,,,,,
"US1MIAN0001","WAYLAND 2.0 W, MI US","42.6732292","-85.68013763","225.2","2025-08",,,,,,,
"US1MIAN0001","WAYLAND 2.0 W, MI US","42.6732292","-85.68013763","225.2","2025-09",,,,,,,
"US1MIAN0001","WAYLAND 2.0 W, MI US","42.6732292","-85.68013763","225.2","2025-10",,,,,,,
"USC00206658","PONTIAC WWTP, MI US","42.6388","-83.2555","271.3","2025-07","306.8","12.8","33.9","0.0","24.2","30.1","18.3"
"USC00206658","PONTIAC WWTP, MI US","42.6388","-83.2555","271.3","2025-08","416.9","7.2","33.9","18.1","21.3","27.2","15.4"
"USC00206658","PONTIAC WWTP, MI US","42.6388","-83.2555","271.3","2025-09","457.9","6.1","30.6","43.1","18.9","25.9","11.9"
"USC00206658","PONTIAC WWTP, MI US","42.6388","-83.2555","271.3","2025-10","475.4","1.1","31.1","187.2","13.8","20.1","7.5"
"USC00206658","PONTIAC WWTP, MI US","42.6388","-83.2555","271.3","2025-11","475.4","-4.4","17.8","598.8","4.6","9.2","0.0"
"USC00206658","PONTIAC WWTP, MI US","42.6388","-83.2555","271.3","2025-12","475.4","-15.6","14.4","1274.2","-3.4","0.6","-7.5"
"USC00205567","MONTAGUE 4 NW, MI US","43.461","-86.41773","198.1","2025-07","230.5","10.0","32.2","1.1","22.6","28.3","17.0"
"USC00205567","MONTAGUE 4 NW, MI US","43.461","-86.41773","198.1","2025-08","329.7","3.9","32.2","29.4","20.6","26.4","14.9"
"USC00205567","MONTAGUE 4 NW, MI US","43.461","-86.41773","198.1","2025-09","353.0","2.2","30.0","82.0","17.4","24.0","10.7"
"USC00205567","MONTAGUE 4 NW, MI US","43.461","-86.41773","198.1","2025-10","363.9","-2.8","28.3","281.2","12.1","17.4","6.7"
"USC00205567","MONTAGUE 4 NW, MI US","43.461","-86.41773","198.1","2025-11","363.9","-7.2","15.6","714.4","3.9","7.6","0.2"
"USC00205567","MONTAGUE 4 NW, MI US","43.461","-86.41773","198.1","2025-12","363.9","-20.6","8.9","1360.8","-2.5","0.9","-5.9"
"US1MISH0004","MANISTIQUE 13.4 SW, MI US","45.801051","-86.413008","200.9","2025-07",,,,,,,
"US1MISH0004","MANISTIQUE 13.4 SW, MI US","45.801051","-86.413008","200.9","2025-08",,,,,,,
"US1MISH0004","MANISTIQUE 13.4 SW, MI US","45.801051","-86.413008","200.9","2025-09",,,,,,,
"US1MISH0004","MANISTIQUE 13.4 SW, MI US","45.801051","-86.413008","200.9","2025-10",,,,,,,
"US1MISH0004","MANISTIQUE 13.4 SW, MI US","45.801051","-86.413008","200.9","2025-11",,,,,,,
"US1MISH0004","MANISTIQUE 13.4 SW, MI US","45.801051","-86.413008","200.9","2025-12",,,,,,,
"USC00208972","WHITMORE LAKE 1 NW, MI US","42.4355","-83.783","276.1","2025-07","236.7","11.7","34.4","0.8","22.9","28.9","17.1"
"USC00208972","WHITMORE LAKE 1 NW, MI US","42.4355","-83.783","276.1","2025-08","319.0","6.1","32.8","24.7","20.3","26.7","13.9"
"USC00208972","WHITMORE LAKE 1 NW, MI US","42.4355","-83.783","276.1","2025-09","338.1","4.4","31.1","60.2","17.8","25.3","10.3"
"USC00208972","WHITMORE LAKE 1 NW, MI US","42.4355","-83.783","276.1","2025-10","348.3","-0.6","30.0","268.3","11.9","18.4","5.5"
"USC00208972","WHITMORE LAKE 1 NW, MI US","42.4355","-83.783","276.1","2025-11","348.3","-6.7","18.3","721.7","3.2","7.9","-1.4"
"USC00208972","WHITMORE LAKE 1 NW, MI US","42.4355","-83.783","276.1","2025-12","348.3","-18.9","10.6","1411.2","-4.6","-0.4","-8.9"
"US1MIAN0004","FENNVILLE 0.8 W, MI US","42.594218","-86.120119","204.2","2025-07",,,,,,,
"US1MIAN0004","FENNVILLE 0.8 W, MI US","42.594218","-86.120119","204.2","2025-08",,,,,,,
"US1MIAN0004","FENNVILLE 0.8 W, MI US","42.594218","-86.120119","204.2","2025-09",,,,,,,
"US1MIAN0004","FENNVILLE 0.8 W, MI US","42.594218","-86.120119","204.2","2025-10",,,,,,,
"US1MIAN0004","FENNVILLE 0.8 W, MI US","42.594218","-86.120119","204.2","2025-11",,,,,,,
"US1MIAN0004","FENNVILLE 0.8 W, MI US","42.594218","-86.120119","204.2","2025-12",,,,,,,
"USC00204130","ISHPEMING WWTP, MI US","46.4911","-87.6894","428.5","2025-07","97.7","6.7","36.1","41.1","19.0","25.5","12.4"
"USC00204130","ISHPEMING WWTP, MI US","46.4911","-87.6894","428.5","2025-08","132.3","1.7","31.7","110.6","17.2","23.4","11.0"
"USC00204130","ISHPEMING WWTP, MI US","46.4911","-87.6894","428.5","2025-09","138.4","2.8","28.3","227.5","14.6","20.3","8.9"
"USC00204130","ISHPEMING WWTP, MI US","46.4911","-87.6894","428.5","2025-10","142.8","-3.9","29.4","503.4","9.6","15.9","3.2"
"USC00204130","ISHPEMING WWTP, MI US","46.4911","-87.6894","428.5","2025-11","142.8","-10.6","11.1","1054.3","0.0","4.4","-4.5"
"USC00204130","ISHPEMING WWTP, MI US","46.4911","-87.6894","428.5","2025-12","142.8","-25.6","3.9","1889.2","-8.6","-4.7","-12.5"
"US1MIME0012","BIG RAPIDS 3.1 SE, MI US","43.677222","-85.435194","287.1","2025-07",,,,,,,
"US1MIME0012","BIG RAPIDS 3.1 SE, MI US","43.677222","-85.435194","287.1","2025-08",,,,,,,
"US1MIME0012","BIG RAPIDS 3.1 SE, MI US","43.677222","-85.435194","287.1","2025-09",,,,,,,
"US1MIME0012","BIG RAPIDS 3.1 SE, MI US","43.677222","-85.435194","287.1","2025-10",,,,,,,
"US1MIME0012","BIG RAPIDS 3.1 SE, MI US","43.677222","-85.435194","287.1","2025-12",,,,,,,
"US1MIME0014","MECOSTA 4.5 NNW, MI US","43.6792","-85.2669","311.8","2025-07",,,,,,,
"US1MIME0014","MECOSTA 4.5 NNW, MI US","43.6792","-85.2669","311.8","2025-08",,,,,,,
"US1MIME0014","MECOSTA 4.5 NNW, MI US","43.6792","-85.2669","311.8","2025-09",,,,,,,
"US1MISH0001","MANISTIQUE 2.7 NW, MI US","45.99042","-86.282664","190.5","2025-07",,,,,,,
"US1MISH0001","MANISTIQUE 2.7 NW, MI US","45.99042","-86.282664","190.5","2025-08",,,,,,,
"US1MISH0001","MANISTIQUE 2.7 NW, MI US","45.99042","-86.282664","190.5","2025-09",,,,,,,
"US1MISH0001","MANISTIQUE 2.7 NW, MI US","45.99042","-86.282664","190.5","2025-10",,,,,,,
"US1MISH0001","MANISTIQUE 2.7 NW, MI US","45.99042","-86.282664","190.5","2025-11",,,,,,,
"US1MISH0001","MANISTIQUE 2.7 NW, MI US","45.99042","-86.282664","190.5","2025-12",,,,,,,
"US1MIVB0004","PAW PAW 3.6 NNE, MI US","42.265824","-85.861936","216.1","2025-07",,,,,,,
"US1MIVB0004","PAW PAW 3.6 NNE, MI US","42.265824","-85.861936","216.1","2025-08",,,,,,,
"US1MIVB0004","PAW PAW 3.6 NNE, MI US","42.265824","-85.861936","216.1","2025-09",,,,,,,
"US1MIVB0004","PAW PAW 3.6 NNE, MI US","42.265824","-85.861936","216.1","2025-10",,,,,,,
"US1MIVB0004","PAW PAW 3.6 NNE, MI US","42.265824","-85.861936","216.1","2025-11",,,,,,,
"US1MIVB0004","PAW PAW 3.6 NNE, MI US","42.265824","-85.861936","216.1","2025-12",,,,,,,
"USR0000MSPI","SPINCICH LAKE MICHIGAN, MI US","46.4578","-85.6272","273.1","2025-07","56.5","2.8","33.3","49.5","17.7","25.5","9.9"
"USR0000MSPI","SPINCICH LAKE MICHIGAN, MI US","46.4578","-85.6272","273.1","2025-08","90.9","-1.1","30.6","132.3","16.8","23.9","9.7"
"USR0000MSPI","SPINCICH LAKE MICHIGAN, MI US","46.4578","-85.6272","273.1","2025-09","95.9","-1.1","28.3","258.3","14.3","20.6","7.9"
"USR0000MSPI","SPINCICH LAKE MICHIGAN, MI US","46.4578","-85.6272","273.1","2025-10","102.6","-5.6","27.8","555.1","9.0","15.3","2.7"
"USR0000MSPI","SPINCICH LAKE MICHIGAN, MI US","46.4578","-85.6272","273.1","2025-11","102.6","-11.7","11.1","1098.3","0.2","4.3","-3.8"
"USR0000MSPI","SPINCICH LAKE MICHIGAN, MI US","46.4578","-85.6272","273.1","2025-12","102.6","-19.4","5.0","1843.6","-7.2","-3.5","-10.9"
"US1MISH0002","MANISTIQUE 2.3 E, MI US","45.9644","-86.202","183.5","2025-07",,,,,,,
"US1MISH0002","MANISTIQUE 2.3 E, MI US","45.9644","-86.202","183.5","2025-09",,,,,,,
"US1MISH0002","MANISTIQUE 2.3 E, MI US","45.9644","-86.202","183.5","2025-10",,,,,,,
"US1MISH0002","MANISTIQUE 2.3 E, MI US","45.9644","-86.202","183.5","2025-11",,,,,,,
"US1MIOW0002","HOLLAND 3.9 NNE, MI US","42.822957","-86.06784","188.1","2025-07",,,,,,,
"US1MIOW0002","HOLLAND 3.9 NNE, MI US","42.822957","-86.06784","188.1","2025-08",,,,,,,
"US1MIOW0002","HOLLAND 3.9 NNE, MI US","42.822957","-86.06784","188.1","2025-09",,,,,,,
"US1MIOW0002","HOLLAND 3.9 NNE, MI US","42.822957","-86.06784","188.1","2025-10",,,,,,,
"US1MIOW0002","HOLLAND 3.9 NNE, MI US","42.822957","-86.06784","188.1","2025-11",,,,,,,
"US1MIOW0002","HOLLAND 3.9 NNE, MI US","42.822957","-86.06784","188.1","2025-12",,,,,,,
"US1MIAG0006","MUNISING 11.1 SSW, MI US","46.278055","-86.75747","264.3","2025-07",,,,,,,
"US1MIAG0006","MUNISING 11.1 SSW, MI US","46.278055","-86.75747","264.3","2025-08",,,,,,,
"US1MIAG0006","MUNISING 11.1 SSW, MI US","46.278055","-86.75747","264.3","2025-09",,,,,,,
"US1MIAG0006","MUNISING 11.1 SSW, MI US","46.278055","-86.75747","264.3","2025-10",,,,,,,
"US1MIAG0006","MUNISING 11.1 SSW, MI US","46.278055","-86.75747","264.3","2025-11",,,,,,,
"US1MIAG0006","MUNISING 11.1 SSW, MI US","46.278055","-86.75747","264.3","2025-12",,,,,,,
"USC00203278","GOODRICH, MI US","42.9163","-83.5097","277.4","2025-07","230.9","10.0","33.9","4.4","22.6","28.1","17.2"
"USC00203278","GOODRICH, MI US","42.9163","-83.5097","277.4","2025-08","318.6","6.7","32.8","34.7","20.2","26.2","14.2"
"USC00203278","GOODRICH, MI US","42.9163","-83.5097","277.4","2025-09","333.2","3.9","30.0","76.2","17.4","24.5","10.4"
"USC00203278","GOODRICH, MI US","42.9163","-83.5097","277.4","2025-10","349.0","-1.7","31.1","285.2","12.1","18.6","5.6"
"USC00203278","GOODRICH, MI US","42.9163","-83.5097","277.4","2025-11","349.0","-6.1","17.8","738.3","3.2","8.2","-1.8"
"USC00203278","GOODRICH, MI US","42.9163","-83.5097","277.4","2025-12","349.0","-17.8","13.9","1437.1","-4.2","0.3","-8.7"
"USC00208967","WILLIAMSBURG 6 N, MI US","44.8561","-85.4161","210.3","2025-07",,,,,,,
"USC00208967","WILLIAMSBURG 6 N, MI US","44.8561","-85.4161","210.3","2025-08",,,,,,,
"USC00208967","WILLIAMSBURG 6 N, MI US","44.8561","-85.4161","210.3","2025-10",,,,,,,
"USC00208967","WILLIAMSBURG 6 N, MI US","44.8561","-85.4161","210.3","2025-11",,,,,,,
"USC00206300","OWOSSO WWTP, MI US","43.0161","-84.18","222.5","2025-07","245.3","11.7","34.4","3.0","22.9","28.8","17.1"
"USC00206300","OWOSSO WWTP, MI US","43.0161","-84.18","222.5","2025-08","314.8","6.7","33.9","28.0","20.1","26.6","13.5"
"USC00206300","OWOSSO WWTP, MI US","43.0161","-84.18","222.5","2025-09",,,"30.0",,,"24.7",
"USC00206300","OWOSSO WWTP, MI US","43.0161","-84.18","222.5","2025-10",,,"31.1",,,"18.4",
"USC00206300","OWOSSO WWTP, MI US","43.0161","-84.18","222.5","2025-11",,"-8.3","18.3",,"3.0","8.1","-2.0"
"USC00206300","OWOSSO WWTP, MI US","43.0161","-84.18","222.5","2025-12",,"-17.8","10.6",,"-4.0","0.1","-8.2"
"US1MILV0008","FENTON 5.6 WSW, MI US","42.7728706598282","-83.8187252730131","263.0","2025-07",,,,,,,
"US1MILV0008","FENTON 5.6 WSW, MI US","42.7728706598282","-83.8187252730131","263.0","2025-08",,,,,,,
"US1MILV0008","FENTON 5.6 WSW, MI US","42.7728706598282","-83.8187252730131","263.0","2025-09",,,,,,,
"US1MILV0008","FENTON 5.6 WSW, MI US","42.7728706598282","-83.8187252730131","263.0","2025-10",,,,,,,
"US1MILV0008","FENTON 5.6 WSW, MI US","42.7728706598282","-83.8187252730131","263.0","2025-11",,,,,,,
"US1MIAG0009","WETMORE 12.7 S, MI US","46.198","-86.651","250.2","2025-07",,,,,,,
"US1MIAG0009","WETMORE 12.7 S, MI US","46.198","-86.651","250.2","2025-08",,,,,,,
"US1MIAG0009","WETMORE 12.7 S, MI US","46.198","-86.651","250.2","2025-09",,,,,,,
"US1MIAG0009","WETMORE 12.7 S, MI US","46.198","-86.651","250.2","2025-10",,,,,,,
"US1MIAG0009","WETMORE 12.7 S, MI US","46.198","-86.651","250.2","2025-11",,,,,,,
"US1MIAG0009","WETMORE 12.7 S, MI US","46.198","-86.651","250.2","2025-12",,,,,,,
"US1MIAG0008","AU TRAIN 7.8 NW, MI US","46.502905","-86.958575","190.8","2025-07",,,,,,,
"US1MIAG0008","AU TRAIN 7.8 NW, MI US","46.502905","-86.958575","190.8","2025-08",,,,,,,
"US1MIAG0008","AU TRAIN 7.8 NW, MI US","46.502905","-86.958575","190.8","2025-09",,,,,,,
"US1MIAG0008","AU TRAIN 7.8 NW, MI US","46.502905","-86.958575","190.8","2025-10",,,,,,,
"USC00206680","PORT HURON, MI US","42.975","-82.4194","179.8","2025-07","223.8","12.8","33.3","0.3","22.7","27.2","18.1"
"USC00206680","PORT HURON, MI US","42.975","-82.4194","179.8","2025-08","313.1","7.8","32.8","18.6","20.6","25.7","15.6"
"USC00206680","PORT HURON, MI US","42.975","-82.4194","179.8","2025-09","326.7","7.8","27.8","57.5","17.5","23.1","11.9"
"USC00206680","PORT HURON, MI US","42.975","-82.4194","179.8","2025-10","340.3","1.1","30.0","244.5","12.7","17.8","7.6"
"USC00206680","PORT HURON, MI US","42.975","-82.4194","179.8","2025-11","340.3","-5.0","16.1","648.9","4.9","8.6","1.1"
"USC00206680","PORT HURON, MI US","42.975","-82.4194","179.8","2025-12","340.3","-15.0","12.2","1307.5","-2.9","1.0","-6.8"
"US1MIAN0019","SAUGATUCK 0.6 E, MI US","42.656209","-86.193185","187.8","2025-07",,,,,,,
"US1MIAN0019","SAUGATUCK 0.6 E, MI US","42.656209","-86.193185","187.8","2025-08",,,,,,,
"US1MIAN0019","SAUGATUCK 0.6 E, MI US","42.656209","-86.193185","187.8","2025-09",,,,,,,
"US1MIAN0019","SAUGATUCK 0.6 E, MI US","42.656209","-86.193185","187.8","2025-10",,,,,,,
"US1MIAN0019","SAUGATUCK 0.6 E, MI US","42.656209","-86.193185","187.8","2025-11",,,,,,,
"US1MIAN0019","SAUGATUCK 0.6 E, MI US","42.656209","-86.193185","187.8","2025-12",,,,,,,
"USC00203295","GRAND HAVEN WASTEWATER PLANT, MI US","43.0618","-86.2044","182.9","2025-07",,,,,,,
"USC00203295","GRAND HAVEN WASTEWATER PLANT, MI US","43.0618","-86.2044","182.9","2025-08",,,,,,,
"USC00203295","GRAND HAVEN WASTEWATER PLANT, MI US","43.0618","-86.2044","182.9","2025-09",,,,,,,
"USC00203295","GRAND HAVEN WASTEWATER PLANT, MI US","43.0618","-86.2044","182.9","2025-10",,,,,,,
"USC00203295","GRAND HAVEN WASTEWATER PLANT, MI US","43.0618","-86.2044","182.9","2025-11",,,,,,,
"USC00203295","GRAND HAVEN WASTEWATER PLANT, MI US","43.0618","-86.2044","182.9","2025-12",,,,,,,
"US1MILV0044","WHITMORE LAKE 4.8 W, MI US","42.4340499483553","-83.8390130898311","276.5","2025-12",,,,,,,
"US1MIKW0001","EAGLE HARBOR 6.0 E, MI US","47.472311","-88.036706","186.8","2025-09",,,,,,,
"US1MIMT0008","EDMORE 3.8 ESE, MI US","43.3797492980957","-84.9731903076172","307.2","2025-07",,,,,,,
"US1MIMT0008","EDMORE 3.8 ESE, MI US","43.3797492980957","-84.9731903076172","307.2","2025-08",,,,,,,
"US1MIMT0008","EDMORE 3.8 ESE, MI US","43.3797492980957","-84.9731903076172","307.2","2025-09",,,,,,,
"US1MIMT0008","EDMORE 3.8 ESE, MI US","43.3797492980957","-84.9731903076172","307.2","2025-10",,,,,,,
"US1MIMT0008","EDMORE 3.8 ESE, MI US","43.3797492980957","-84.9731903076172","307.2","2025-11",,,,,,,
"US1MIMT0008","EDMORE 3.8 ESE, MI US","43.3797492980957","-84.9731903076172","307.2","2025-12",,,,,,,
"US1MIKW0003","AHMEEK 0.1 E, MI US","47.297912","-88.39575","265.5","2025-11",,,,,,,
"US1MIKW0003","AHMEEK 0.1 E, MI US","47.297912","-88.39575","265.5","2025-12",,,,,,,
"USC00204257","KALKASKA, MI US","44.728","-85.1727","315.5","2025-07","132.9","7.2","32.8","17.5","20.3","26.9","13.8"
"USC00204257","KALKASKA, MI US","44.728","-85.1727","315.5","2025-08","194.0","2.8","32.8","74.4","18.5","25.2","11.7"
"USC00204257","KALKASKA, MI US","44.728","-85.1727","315.5","2025-09","198.8","3.9","28.3","155.7","15.8","22.4","9.1"
"USC00204257","KALKASKA, MI US","44.728","-85.1727","315.5","2025-10","207.4","-3.9","31.1","414.6","10.3","16.9","3.6"
"USC00204257","KALKASKA, MI US","44.728","-85.1727","315.5","2025-11","207.4","-12.8","13.3","900.4","1.0","5.3","-3.3"
"USC00204257","KALKASKA, MI US","44.728","-85.1727","315.5","2025-12","207.4","-18.3","6.1","1640.9","-5.6","-2.3","-8.8"
"US1MIAN0025","PLAINWELL 0.5 WSW, MI US","42.4431800842285","-85.6537475585938","225.6","2025-07",,,,,,,
"US1MIAN0025","PLAINWELL 0.5 WSW, MI US","42.4431800842285","-85.6537475585938","225.6","2025-08",,,,,,,
"US1MIAN0025","PLAINWELL 0.5 WSW, MI US","42.4431800842285","-85.6537475585938","225.6","2025-09",,,,,,,
"US1MIAN0025","PLAINWELL 0.5 WSW, MI US","42.4431800842285","-85.6537475585938","225.6","2025-10",,,,,,,
"US1MIAN0025","PLAINWELL 0.5 WSW, MI US","42.4431800842285","-85.6537475585938","225.6","2025-11",,,,,,,
"US1MIAN0025","PLAINWELL 0.5 WSW, MI US","42.4431800842285","-85.6537475585938","225.6","2025-12",,,,,,,
"USC00207407","SCOTTVILLE 2 SE, MI US","43.93364","-86.24508","203.0","2025-07",,,,,,,
"USC00207407","SCOTTVILLE 2 SE, MI US","43.93364","-86.24508","203.0","2025-08",,,,,,,
"USC00207407","SCOTTVILLE 2 SE, MI US","43.93364","-86.24508","203.0","2025-09",,,,,,,
"USC00207407","SCOTTVILLE 2 SE, MI US","43.93364","-86.24508","203.0","2025-10",,,,,,,
"USC00207407","SCOTTVILLE 2 SE, MI US","43.93364","-86.24508","203.0","2025-11",,,,,,,
"USC00207407","SCOTTVILLE 2 SE, MI US","43.93364","-86.24508","203.0","2025-12",,,,,,,
"US1MIAN0020","HOLLAND 5.3 WSW, MI US","42.749","-86.202","204.2","2025-08",,,,,,,
"US1MIAN0020","HOLLAND 5.3 WSW, MI US","42.749","-86.202","204.2","2025-09",,,,,,,
"US1MIAN0020","HOLLAND 5.3 WSW, MI US","42.749","-86.202","204.2","2025-10",,,,,,,
"US1MILV0036","FOWLERVILLE 0.2 SSW, MI US","42.65752","-84.07402","272.5","2025-07",,,,,,,
"US1MILV0036","FOWLERVILLE 0.2 SSW, MI US","42.65752","-84.07402","272.5","2025-08",,,,,,,
"US1MILV0036","FOWLERVILLE 0.2 SSW, MI US","42.65752","-84.07402","272.5","2025-09",,,,,,,
"US1MILV0036","FOWLERVILLE 0.2 SSW, MI US","42.65752","-84.07402","272.5","2025-10",,,,,,,
"US1MILV0036","FOWLERVILLE 0.2 SSW, MI US","42.65752","-84.07402","272.5","2025-11",,,,,,,
"US1MILV0036","FOWLERVILLE 0.2 SSW, MI US","42.65752","-84.07402","272.5","2025-12",,,,,,,
"US1MIMM0001","SPALDING 0.5 NW, MI US","45.698937","-87.5153","262.7","2025-08",,,,,,,
"US1MIMM0001","SPALDING 0.5 NW, MI US","45.698937","-87.5153","262.7","2025-10",,,,,,,
"US1MIMM0001","SPALDING 0.5 NW, MI US","45.698937","-87.5153","262.7","2025-11",,,,,,,
"US1MILV0039","PINCKNEY 3.0 ESE, MI US","42.445888","-83.887068","270.7","2025-07",,,,,,,
"US1MILV0039","PINCKNEY 3.0 ESE, MI US","42.445888","-83.887068","270.7","2025-08",,,,,,,
"US1MILV0039","PINCKNEY 3.0 ESE, MI US","42.445888","-83.887068","270.7","2025-09",,,,,,,
"US1MILV0039","PINCKNEY 3.0 ESE, MI US","42.445888","-83.887068","270.7","2025-10",,,,,,,
"US1MILV0039","PINCKNEY 3.0 ESE, MI US","42.445888","-83.887068","270.7","2025-11",,,,,,,
"US1MILV0032","HOWELL 3.7 WSW, MI US","42.5983855","-84.0060165","273.7","2025-07",,,,,,,
"US1MILV0032","HOWELL 3.7 WSW, MI US","42.5983855","-84.0060165","273.7","2025-08",,,,,,,
"US1MILV0032","HOWELL 3.7 WSW, MI US","42.5983855","-84.0060165","273.7","2025-09",,,,,,,
"US1MILV0032","HOWELL 3.7 WSW, MI US","42.5983855","-84.0060165","273.7","2025-10",,,,,,,
"US1MIMM0008","MENOMINEE 4.1 NW, MI US","45.16128","-87.68621","198.7","2025-07",,,,,,,
"US1MIMM0008","MENOMINEE 4.1 NW, MI US","45.16128","-87.68621","198.7","2025-08",,,,,,,
"US1MIMM0008","MENOMINEE 4.1 NW, MI US","45.16128","-87.68621","198.7","2025-09",,,,,,,
"US1MIMM0008","MENOMINEE 4.1 NW, MI US","45.16128","-87.68621","198.7","2025-10",,,,,,,
"US1MIMM0008","MENOMINEE 4.1 NW, MI US","45.16128","-87.68621","198.7","2025-11",,,,,,,
"US1MIMM0008","MENOMINEE 4.1 NW, MI US","45.16128","-87.68621","198.7","2025-12",,,,,,,
"USC00202094","DETOUR VILLAGE, MI US","45.9983","-83.9013","181.4","2025-07","75.2","10.6","30.6","8.2","20.3","25.0","15.6"
"USC00202094","DETOUR VILLAGE, MI US","45.9983","-83.9013","181.4","2025-08","139.5","6.7","29.4","41.5","19.3","23.3","15.4"
"USC00202094","DETOUR VILLAGE, MI US","45.9983","-83.9013","181.4","2025-09","139.5","5.6","23.9","121.2","15.6","19.4","11.8"
"USC00202094","DETOUR VILLAGE, MI US","45.9983","-83.9013","181.4","2025-10","142.8","1.7","24.4","333.7","11.1","14.5","7.7"
"USC00202094","DETOUR VILLAGE, MI US","45.9983","-83.9013","181.4","2025-11",,,,,,,
"USC00202094","DETOUR VILLAGE, MI US","45.9983","-83.9013","181.4","2025-12",,"-20.0","4.4",,"-5.8","-1.1","-10.5"
"US1MILV0034","FOWLERVILLE 6.8 N, MI US","42.7582433","-84.0904338","275.5","2025-07",,,,,,,
"US1MILV0034","FOWLERVILLE 6.8 N, MI US","42.7582433","-84.0904338","275.5","2025-08",,,,,,,
"US1MILV0034","FOWLERVILLE 6.8 N, MI US","42.7582433","-84.0904338","275.5","2025-09",,,,,,,
"US1MILV0034","FOWLERVILLE 6.8 N, MI US","42.7582433","-84.0904338","275.5","2025-10",,,,,,,
"US1MIAN0027","OTSEGO 0.9 WNW, MI US","42.462","-85.713","219.5","2025-07",,,,,,,
"US1MIAN0027","OTSEGO 0.9 WNW, MI US","42.462","-85.713","219.5","2025-08",,,,,,,
"US1MIAN0027","OTSEGO 0.9 WNW, MI US","42.462","-85.713","219.5","2025-09",,,,,,,
"US1MIAN0027","OTSEGO 0.9 WNW, MI US","42.462","-85.713","219.5","2025-10",,,,,,,
"US1MIMM0009","MENOMINEE 9.4 NNE, MI US","45.254","-87.57825","206.3","2025-07",,,,,,,
"US1MIMM0009","MENOMINEE 9.4 NNE, MI US","45.254","-87.57825","206.3","2025-08",,,,,,,
"US1MIMM0009","MENOMINEE 9.4 NNE, MI US","45.254","-87.57825","206.3","2025-09",,,,,,,
"US1MIMM0009","MENOMINEE 9.4 NNE, MI US","45.254","-87.57825","206.3","2025-10",,,,,,,
"US1MIMM0009","MENOMINEE 9.4 NNE, MI US","45.254","-87.57825","206.3","2025-11",,,,,,,
"US1MIMM0009","MENOMINEE 9.4 NNE, MI US","45.254","-87.57825","206.3","2025-12",,,,,,,
"US1MILV0030","LINDEN 6.5 SW, MI US","42.749595","-83.866443","269.1","2025-07",,,,,,,
"US1MILV0030","LINDEN 6.5 SW, MI US","42.749595","-83.866443","269.1","2025-09",,,,,,,
"US1MILV0030","LINDEN 6.5 SW, MI US","42.749595","-83.866443","269.1","2025-10",,,,,,,
"US1MIMT0014","LAKEVIEW 7.1 SE, MI US","43.36924","-85.18213","280.4","2025-07",,,,,,,
"US1MIMT0014","LAKEVIEW 7.1 SE, MI US","43.36924","-85.18213","280.4","2025-08",,,,,,,
"US1MIMT0014","LAKEVIEW 7.1 SE, MI US","43.36924","-85.18213","280.4","2025-09",,,,,,,
"US1MIMT0014","LAKEVIEW 7.1 SE, MI US","43.36924","-85.18213","280.4","2025-10",,,,,,,
"US1MIMT0014","LAKEVIEW 7.1 SE, MI US","43.36924","-85.18213","280.4","2025-11",,,,,,,
"US1MIMT0014","LAKEVIEW 7.1 SE, MI US","43.36924","-85.18213","280.4","2025-12",,,,,,,
"US1MIMT0013","VESTABURG 1.7 S, MI US","43.375","-84.905","277.1","2025-07",,,,,,,
"US1MIMT0013","VESTABURG 1.7 S, MI US","43.375","-84.905","277.1","2025-08",,,,,,,
"US1MIMT0013","VESTABURG 1.7 S, MI US","43.375","-84.905","277.1","2025-09",,,,,,,
"US1MIMT0013","VESTABURG 1.7 S, MI US","43.375","-84.905","277.1","2025-10",,,,,,,
"US1MIMT0013","VESTABURG 1.7 S, MI US","43.375","-84.905","277.1","2025-11",,,,,,,
"US1MIHG0001","HOUGHTON 1.6 ESE, MI US","47.107741","-88.529386","190.8","2025-09",,,,,,,
"US1MIHG0001","HOUGHTON 1.6 ESE, MI US","47.107741","-88.529386","190.8","2025-10",,,,,,,
"US1MIHG0001","HOUGHTON 1.6 ESE, MI US","47.107741","-88.529386","190.8","2025-11",,,,,,,
"US1MIJC0010","HANOVER 4.1 E, MI US","42.092634","-84.472924","317.9","2025-10",,,,,,,
"USC00204280","KEARSARGE, MI US","47.2752","-88.417","341.4","2025-07","94.9","7.2","32.8","23.9","19.6","25.8","13.3"
"USC00204280","KEARSARGE, MI US","47.2752","-88.417","341.4","2025-08","143.0","2.8","31.1","71.8","18.3","23.5","13.2"
"USC00204280","KEARSARGE, MI US","47.2752","-88.417","341.4","2025-09","148.4","4.4","27.2","159.5","15.3","20.3","10.3"
"USC00204280","KEARSARGE, MI US","47.2752","-88.417","341.4","2025-10","155.8","-3.3","29.4","413.6","10.1","15.4","4.8"
"USC00204280","KEARSARGE, MI US","47.2752","-88.417","341.4","2025-11","155.8","-8.3","10.6","942.9","0.7","3.9","-2.6"
"USC00204280","KEARSARGE, MI US","47.2752","-88.417","341.4","2025-12","155.8","-18.9","6.7","1720.3","-7.6","-4.5","-10.6"
"USC00206583","PICKFORD 3 NE, MI US","46.1863","-84.3238","191.7","2025-07","101.7","3.9","33.3","17.8","20.0","27.5","12.5"
"USC00206583","PICKFORD 3 NE, MI US","46.1863","-84.3238","191.7","2025-08","158.6","1.1","32.8","75.0","18.3","25.0","11.7"
"USC00206583","PICKFORD 3 NE, MI US","46.1863","-84.3238","191.7","2025-09","161.4","0.6","27.2","166.3","15.4","21.8","8.9"
"USC00206583","PICKFORD 3 NE, MI US","46.1863","-84.3238","191.7","2025-10","165.9","-6.1","28.9","439.6","9.7","16.7","2.6"
"USC00206583","PICKFORD 3 NE, MI US","46.1863","-84.3238","191.7","2025-11","165.9","-12.2","12.8","939.1","1.7","5.7","-2.3"
"USC00206583","PICKFORD 3 NE, MI US","46.1863","-84.3238","191.7","2025-12","165.9","-22.2","5.6","1704.9","-6.4","-1.7","-11.1"
"US1MIJC0013","HANOVER 3.8 W, MI US","42.107","-84.626","328.0","2025-07",,,,,,,
"US1MIJC0013","HANOVER 3.8 W, MI US","42.107","-84.626","328.0","2025-08",,,,,,,
"US1MIJC0011","JACKSON 3.2 W, MI US","42.240611","-84.466918","304.2","2025-07",,,,,,,
"US1MIJC0011","JACKSON 3.2 W, MI US","42.240611","-84.466918","304.2","2025-08",,,,,,,
"US1MIJC0011","JACKSON 3.2 W, MI US","42.240611","-84.466918","304.2","2025-09",,,,,,,
"US1MIJC0011","JACKSON 3.2 W, MI US","42.240611","-84.466918","304.2","2025-10",,,,,,,
"US1MIJC0011","JACKSON 3.2 W, MI US","42.240611","-84.466918","304.2","2025-11",,,,,,,
"US1MIJC0011","JACKSON 3.2 W, MI US","42.240611","-84.466918","304.2","2025-12",,,,,,,
"US1MIIH0060","WILLIAMSTON 3.8 NNW, MI US","42.73663","-84.322","278.3","2025-07",,,,,,,
"US1MIIH0060","WILLIAMSTON 3.8 NNW, MI US","42.73663","-84.322","278.3","2025-08",,,,,,,
"US1MIIH0060","WILLIAMSTON 3.8 NNW, MI US","42.73663","-84.322","278.3","2025-09",,,,,,,
"US1MIIH0060","WILLIAMSTON 3.8 NNW, MI US","42.73663","-84.322","278.3","2025-10",,,,,,,
"US1MIIH0060","WILLIAMSTON 3.8 NNW, MI US","42.73663","-84.322","278.3","2025-11",,,,,,,
"US1MIIH0060","WILLIAMSTON 3.8 NNW, MI US","42.73663","-84.322","278.3","2025-12",,,,,,,
"US1MIIH0061","LESLIE 4.3 E, MI US","42.4455","-84.34709","295.0","2025-07",,,,,,,
"US1MIIH0061","LESLIE 4.3 E, MI US","42.4455","-84.34709","295.0","2025-08",,,,,,,
"US1MIIH0061","LESLIE 4.3 E, MI US","42.4455","-84.34709","295.0","2025-09",,,,,,,
"US1MIIH0061","LESLIE 4.3 E, MI US","42.4455","-84.34709","295.0","2025-10",,,,,,,
"US1MIIH0061","LESLIE 4.3 E, MI US","42.4455","-84.34709","295.0","2025-11",,,,,,,
"US1MIIH0061","LESLIE 4.3 E, MI US","42.4455","-84.34709","295.0","2025-12",,,,,,,
"US1MICB0007","MACKINAW CITY 1.1 ENE, MI US","45.784734","-84.728905","181.7","2025-07",,,,,,,
"US1MICB0007","MACKINAW CITY 1.1 ENE, MI US","45.784734","-84.728905","181.7","2025-08",,,,,,,
"US1MICB0007","MACKINAW CITY 1.1 ENE, MI US","45.784734","-84.728905","181.7","2025-09",,,,,,,
"US1MICB0007","MACKINAW CITY 1.1 ENE, MI US","45.784734","-84.728905","181.7","2025-10",,,,,,,
"US1MICX0007","EAST JORDAN 2.1 NNW, MI US","45.186389","-85.1475","198.7","2025-07",,,,,,,
"US1MICX0007","EAST JORDAN 2.1 NNW, MI US","45.186389","-85.1475","198.7","2025-08",,,,,,,
"US1MICX0007","EAST JORDAN 2.1 NNW, MI US","45.186389","-85.1475","198.7","2025-09",,,,,,,
"US1MICX0007","EAST JORDAN 2.1 NNW, MI US","45.186389","-85.1475","198.7","2025-10",,,,,,,
"US1MICX0007","EAST JORDAN 2.1 NNW, MI US","45.186389","-85.1475","198.7","2025-11",,,,,,,
"US1MICX0007","EAST JORDAN 2.1 NNW, MI US","45.186389","-85.1475","198.7","2025-12",,,,,,,
"USC00205488","MILLINGTON 3 SE, MI US","43.2836","-83.4791","249.9","2025-07",,,,,,,
"USC00205488","MILLINGTON 3 SE, MI US","43.2836","-83.4791","249.9","2025-08",,,,,,,
"USC00205488","MILLINGTON 3 SE, MI US","43.2836","-83.4791","249.9","2025-09",,,,,,,
"USC00205488","MILLINGTON 3 SE, MI US","43.2836","-83.4791","249.9","2025-10",,,,,,,
"USC00205488","MILLINGTON 3 SE, MI US","43.2836","-83.4791","249.9","2025-11",,,,,,,
"USC00205488","MILLINGTON 3 SE, MI US","43.2836","-83.4791","249.9","2025-12",,,,,,,
"USC00203188","GLENNIE 2 SE, MI US","44.5358","-83.7022","272.5","2025-07","123.4","7.2","32.8","16.6","20.4","27.0","13.7"
"USC00203188","GLENNIE 2 SE, MI US","44.5358","-83.7022","272.5","2025-08","172.4","4.4","31.1","71.3","18.1","24.9","11.4"
"USC00203188","GLENNIE 2 SE, MI US","44.5358","-83.7022","272.5","2025-09","173.8","1.1","28.3","169.7","15.1","22.4","7.8"
"USC00203188","GLENNIE 2 SE, MI US","44.5358","-83.7022","272.5","2025-10","176.4","-3.3","30.0","442.1","9.6","16.7","2.6"
"USC00203188","GLENNIE 2 SE, MI US","44.5358","-83.7022","272.5","2025-11","176.4","-8.9","13.3","951.6","1.4","6.2","-3.5"
"USC00203188","GLENNIE 2 SE, MI US","44.5358","-83.7022","272.5","2025-12","176.4","-22.2","7.2","1718.0","-6.4","-2.1","-10.6"
"USR0000MDOE","DOE LAKE MICHIGAN, MI US","46.2536","-86.7142","248.4","2025-07","82.4","1.7","34.4","46.9","18.2","26.3","10.1"
"USR0000MDOE","DOE LAKE MICHIGAN, MI US","46.2536","-86.7142","248.4","2025-08","117.9","-1.1","32.2","119.7","17.1","24.7","9.5"
"USR0000MDOE","DOE LAKE MICHIGAN, MI US","46.2536","-86.7142","248.4","2025-09","125.7","-0.6","29.4","229.5","14.9","21.7","8.2"
"USR0000MDOE","DOE LAKE MICHIGAN, MI US","46.2536","-86.7142","248.4","2025-10","132.4","-5.6","30.0","511.2","9.5","16.3","2.6"
"USR0000MDOE","DOE LAKE MICHIGAN, MI US","46.2536","-86.7142","248.4","2025-11","132.4","-11.1","12.8","1041.9","0.6","5.2","-3.9"
"USR0000MDOE","DOE LAKE MICHIGAN, MI US","46.2536","-86.7142","248.4","2025-12",,"-27.2","4.4",,"-7.3","-3.1","-11.4"
"USC00205382","MENOMINEE NUMBER 2, MI US","45.111","-87.6117","180.1","2025-07",,,,,,,
"USC00205382","MENOMINEE NUMBER 2, MI US","45.111","-87.6117","180.1","2025-09",,,,,,,
"USC00205382","MENOMINEE NUMBER 2, MI US","45.111","-87.6117","180.1","2025-10",,,,,,,
"USC00205382","MENOMINEE NUMBER 2, MI US","45.111","-87.6117","180.1","2025-11",,,,,,,
"USC00205382","MENOMINEE NUMBER 2, MI US","45.111","-87.6117","180.1","2025-12",,,,,,,
"USC00208772","WELLSTON TIPPY DAM, MI US","44.2586","-85.9394","198.1","2025-07",,,,,,,
"USC00208772","WELLSTON TIPPY DAM, MI US","44.2586","-85.9394","198.1","2025-08",,,,,,,
"USC00208772","WELLSTON TIPPY DAM, MI US","44.2586","-85.9394","198.1","2025-09",,,,,,,
"USC00208772","WELLSTON TIPPY DAM, MI US","44.2586","-85.9394","198.1","2025-10",,,,,,,
"USC00208772","WELLSTON TIPPY DAM, MI US","44.2586","-85.9394","198.1","2025-11",,,,,,,
"USC00208772","WELLSTON TIPPY DAM, MI US","44.2586","-85.9394","198.1","2025-12",,,,,,,
"USC00206354","PARADISE, MI US","46.6038","-85.0396","191.4","2025-07",,"7.2","31.7","37.8","18.4","24.5","12.2"
"USC00206354","PARADISE, MI US","46.6038","-85.0396","191.4","2025-08",,"4.4","31.7","92.2","17.8","23.4","12.2"
"USC00206354","PARADISE, MI US","46.6038","-85.0396","191.4","2025-09",,"3.9","27.8","193.8","15.0","19.7","10.3"
"USC00206354","PARADISE, MI US","46.6038","-85.0396","191.4","2025-10",,"-1.7","29.4","458.1","9.8","14.9","4.7"
"USC00206354","PARADISE, MI US","46.6038","-85.0396","191.4","2025-11",,"-7.2","11.1","964.1","1.5","4.7","-1.7"
"USC00206354","PARADISE, MI US","46.6038","-85.0396","191.4","2025-12",,"-15.0","5.0","1734.2","-6.5","-3.3","-9.7"
"US1MIHG0024","HANCOCK 0.1 ENE, MI US","47.1327321","-88.5983151","259.4","2025-12",,,,,,,
"US1MIGR0003","ALMA 0.3 NW, MI US","43.3818367","-84.6586301","224.9","2025-07",,,,,,,
"US1MIGR0003","ALMA 0.3 NW, MI US","43.3818367","-84.6586301","224.9","2025-09",,,,,,,
"US1MIGR0003","ALMA 0.3 NW, MI US","43.3818367","-84.6586301","224.9","2025-10",,,,,,,
"US1MIGR0003","ALMA 0.3 NW, MI US","43.3818367","-84.6586301","224.9","2025-11",,,,,,,
"US1MIGR0003","ALMA 0.3 NW, MI US","43.3818367","-84.6586301","224.9","2025-12",,,,,,,
"USC00206230","ORTONVILLE 2.5 SW, MI US","42.8347","-83.49","353.6","2025-07",,"12.2","33.3","2.2","22.9","28.1","17.8"
"USC00206230","ORTONVILLE 2.5 SW, MI US","42.8347","-83.49","353.6","2025-08",,"8.9","31.7","27.8","20.1","25.2","15.1"
"USC00206230","ORTONVILLE 2.5 SW, MI US","42.8347","-83.49","353.6","2025-09",,"6.1","27.8","62.9","17.9","23.1","12.7"
"USC00206230","ORTONVILLE 2.5 SW, MI US","42.8347","-83.49","353.6","2025-10",,"1.1","29.4","266.1","12.3","17.5","7.0"
"USC00206230","ORTONVILLE 2.5 SW, MI US","42.8347","-83.49","353.6","2025-11",,"-6.7","16.7","717.5","3.3","7.5","-0.9"
"USC00206230","ORTONVILLE 2.5 SW, MI US","42.8347","-83.49","353.6","2025-12",,"-17.2","12.8","1421.1","-4.4","-0.3","-8.5"
"US1MIHG0026","TWIN LAKES 0.2 SW, MI US","46.894401","-88.853953","371.2","2025-07",,,,,,,
"US1MIHG0026","TWIN LAKES 0.2 SW, MI US","46.894401","-88.853953","371.2","2025-08",,,,,,,
"US1MIHG0026","TWIN LAKES 0.2 SW, MI US","46.894401","-88.853953","371.2","2025-09",,,,,,,
"US1MIHG0026","TWIN LAKES 0.2 SW, MI US","46.894401","-88.853953","371.2","2025-10",,,,,,,
"US1MIHG0026","TWIN LAKES 0.2 SW, MI US","46.894401","-88.853953","371.2","2025-11",,,,,,,
"US1MIJC0029","MICHIGAN CENTER 0.9 NNE, MI US","42.2392190863225","-84.3182127604976","292.3","2025-07",,,,,,,
"US1MIJC0029","MICHIGAN CENTER 0.9 NNE, MI US","42.2392190863225","-84.3182127604976","292.3","2025-08",,,,,,,
"US1MIJC0029","MICHIGAN CENTER 0.9 NNE, MI US","42.2392190863225","-84.3182127604976","292.3","2025-09",,,,,,,
"US1MIJC0029","MICHIGAN CENTER 0.9 NNE, MI US","42.2392190863225","-84.3182127604976","292.3","2025-10",,,,,,,
"US1MIJC0029","MICHIGAN CENTER 0.9 NNE, MI US","42.2392190863225","-84.3182127604976","292.3","2025-11",,,,,,,
"US1MIJC0029","MICHIGAN CENTER 0.9 NNE, MI US","42.2392190863225","-84.3182127604976","292.3","2025-12",,,,,,,
"USC00200925","BOYNE FALLS, MI US","45.1672","-84.9138","221.9","2025-07","255.7","8.3","34.4","3.0","22.9","30.1","15.6"
"USC00200925","BOYNE FALLS, MI US","45.1672","-84.9138","221.9","2025-08","355.1","3.9","35.6","32.0","20.6","27.1","14.1"
"USC00200925","BOYNE FALLS, MI US","45.1672","-84.9138","221.9","2025-09","377.9","3.9","30.0","74.4","17.7","24.4","11.0"
"USC00200925","BOYNE FALLS, MI US","45.1672","-84.9138","221.9","2025-10","398.4","-3.9","32.2","291.1","12.0","18.8","5.2"
"USC00200925","BOYNE FALLS, MI US","45.1672","-84.9138","221.9","2025-11","398.4","-12.8","13.3","751.1","3.0","6.4","-0.4"
"USC00200925","BOYNE FALLS, MI US","45.1672","-84.9138","221.9","2025-12","398.4","-13.3","6.7","1438.8","-3.9","-0.9","-6.8"
"US1MIHG0021","ATLANTIC MINE 3.9 NW, MI US","47.131564","-88.6926","296.6","2025-07",,,,,,,
"US1MIHG0021","ATLANTIC MINE 3.9 NW, MI US","47.131564","-88.6926","296.6","2025-08",,,,,,,
"US1MIHG0021","ATLANTIC MINE 3.9 NW, MI US","47.131564","-88.6926","296.6","2025-09",,,,,,,
"US1MIHG0021","ATLANTIC MINE 3.9 NW, MI US","47.131564","-88.6926","296.6","2025-11",,,,,,,
"US1MIHG0021","ATLANTIC MINE 3.9 NW, MI US","47.131564","-88.6926","296.6","2025-12",,,,,,,
"USC00203078","GARDEN CORNERS, MI US","45.8983","-86.5485","178.9","2025-07","85.3","4.4","31.7","25.8","19.4","26.2","12.6"
"USC00203078","GARDEN CORNERS, MI US","45.8983","-86.5485","178.9","2025-08","134.3","1.7","29.4","84.7","18.0","24.5","11.6"
"USC00203078","GARDEN CORNERS, MI US","45.8983","-86.5485","178.9","2025-09","134.3","1.1","25.6","195.5","14.6","20.8","8.5"
"USC00203078","GARDEN CORNERS, MI US","45.8983","-86.5485","178.9","2025-10","135.4","-2.8","26.1","473.5","9.4","16.3","2.6"
"USC00203078","GARDEN CORNERS, MI US","45.8983","-86.5485","178.9","2025-11","135.4","-13.9","13.3","985.4","1.3","6.4","-3.9"
"USC00203078","GARDEN CORNERS, MI US","45.8983","-86.5485","178.9","2025-12","135.4","-24.4","5.6","1754.7","-6.5","-1.9","-11.1"
"USC00207312","SALINE 4 SW, MI US","42.1236","-83.8199","256.0","2025-07",,"11.7","35.0","0.0","23.8","30.5","17.0"
"USC00207312","SALINE 4 SW, MI US","42.1236","-83.8199","256.0","2025-08",,"6.1","32.8","20.3","21.0","27.6","14.3"
"USC00207312","SALINE 4 SW, MI US","42.1236","-83.8199","256.0","2025-09",,"6.1","32.2","47.9","18.7","26.3","11.0"
"USC00207312","SALINE 4 SW, MI US","42.1236","-83.8199","256.0","2025-10",,"-1.1","32.2","231.7","12.9","20.1","5.6"
"USC00207312","SALINE 4 SW, MI US","42.1236","-83.8199","256.0","2025-11",,"-7.2","18.9","652.6","4.3","9.4","-0.8"
"USC00207312","SALINE 4 SW, MI US","42.1236","-83.8199","256.0","2025-12",,"-18.3","15.6","1289.1","-3.5","1.4","-8.5"
"US1MISW0012","OWOSSO 1.0 NW, MI US","43.006703","-84.186868","226.2","2025-08",,,,,,,
"US1MISW0012","OWOSSO 1.0 NW, MI US","43.006703","-84.186868","226.2","2025-09",,,,,,,
"US1MISW0012","OWOSSO 1.0 NW, MI US","43.006703","-84.186868","226.2","2025-10",,,,,,,
"US1MISW0012","OWOSSO 1.0 NW, MI US","43.006703","-84.186868","226.2","2025-11",,,,,,,
"US1MISW0012","OWOSSO 1.0 NW, MI US","43.006703","-84.186868","226.2","2025-12",,,,,,,
"US1MIIH0047","EDGEMONT PARK 0.7 NNE, MI US","42.755576","-84.586801","249.9","2025-07",,,,,,,
"US1MIIH0047","EDGEMONT PARK 0.7 NNE, MI US","42.755576","-84.586801","249.9","2025-08",,,,,,,
"US1MIIH0047","EDGEMONT PARK 0.7 NNE, MI US","42.755576","-84.586801","249.9","2025-09",,,,,,,
"US1MIIH0047","EDGEMONT PARK 0.7 NNE, MI US","42.755576","-84.586801","249.9","2025-10",,,,,,,
"US1MIIH0047","EDGEMONT PARK 0.7 NNE, MI US","42.755576","-84.586801","249.9","2025-11",,,,,,,
"US1MIOG0006","WEST BRANCH 2.1 SSW, MI US","44.2481446266174","-84.2508915066719","336.2","2025-07",,,,,,,
"US1MIOG0006","WEST BRANCH 2.1 SSW, MI US","44.2481446266174","-84.2508915066719","336.2","2025-08",,,,,,,
"US1MIOG0006","WEST BRANCH 2.1 SSW, MI US","44.2481446266174","-84.2508915066719","336.2","2025-09",,,,,,,
"US1MIOG0006","WEST BRANCH 2.1 SSW, MI US","44.2481446266174","-84.2508915066719","336.2","2025-10",,,,,,,
"US1MIOG0006","WEST BRANCH 2.1 SSW, MI US","44.2481446266174","-84.2508915066719","336.2","2025-11",,,,,,,
"US1MIOG0006","WEST BRANCH 2.1 SSW, MI US","44.2481446266174","-84.2508915066719","336.2","2025-12",,,,,,,
"US1MIIH0045","LANSING 1.0 ENE, MI US","42.714802","-84.534909","260.0","2025-07",,,,,,,
"US1MIIH0045","LANSING 1.0 ENE, MI US","42.714802","-84.534909","260.0","2025-08",,,,,,,
"US1MIIH0045","LANSING 1.0 ENE, MI US","42.714802","-84.534909","260.0","2025-09",,,,,,,
"US1MIIH0045","LANSING 1.0 ENE, MI US","42.714802","-84.534909","260.0","2025-10",,,,,,,
"US1MIIH0045","LANSING 1.0 ENE, MI US","42.714802","-84.534909","260.0","2025-11",,,,,,,
"US1MIIH0045","LANSING 1.0 ENE, MI US","42.714802","-84.534909","260.0","2025-12",,,,,,,
"US1MIEM0005","HARBOR SPRINGS 0.7 ENE, MI US","45.4345","-84.9754","208.5","2025-07",,,,,,,
"US1MIEM0005","HARBOR SPRINGS 0.7 ENE, MI US","45.4345","-84.9754","208.5","2025-08",,,,,,,
"US1MIEM0005","HARBOR SPRINGS 0.7 ENE, MI US","45.4345","-84.9754","208.5","2025-09",,,,,,,
"US1MIEM0005","HARBOR SPRINGS 0.7 ENE, MI US","45.4345","-84.9754","208.5","2025-10",,,,,,,
"US1MIEM0005","HARBOR SPRINGS 0.7 ENE, MI US","45.4345","-84.9754","208.5","2025-11",,,,,,,
"US1MIEM0005","HARBOR SPRINGS 0.7 ENE, MI US","45.4345","-84.9754","208.5","2025-12",,,,,,,
"US1MIMS0009","LUDINGTON 5.1 ENE, MI US","43.993193","-86.354052","199.0","2025-07",,,,,,,
"US1MIMS0009","LUDINGTON 5.1 ENE, MI US","43.993193","-86.354052","199.0","2025-08",,,,,,,
"USC00208417","VANDERBILT 11 ENE, MI US","45.1702","-84.4397","275.8","2025-07",,"5.0","32.8","18.2","20.2","27.5","12.9"
"USC00208417","VANDERBILT 11 ENE, MI US","45.1702","-84.4397","275.8","2025-08",,"0.0","33.3","89.5","17.8","25.6","9.9"
"USC00208417","VANDERBILT 11 ENE, MI US","45.1702","-84.4397","275.8","2025-09",,"0.6","27.8","201.2","14.6","21.9","7.4"
"USC00208417","VANDERBILT 11 ENE, MI US","45.1702","-84.4397","275.8","2025-10",,"-5.0","29.4","493.2","9.2","16.5","1.9"
"USC00208417","VANDERBILT 11 ENE, MI US","45.1702","-84.4397","275.8","2025-11",,"-10.0","12.2","1002.2","1.4","5.8","-3.1"
"USC00208417","VANDERBILT 11 ENE, MI US","45.1702","-84.4397","275.8","2025-12",,"-21.7","6.7","1750.8","-5.8","-1.7","-9.9"
"US1MIMS0008","LUDINGTON 1.8 NE, MI US","43.978821","-86.422785","182.0","2025-07",,,,,,,
"US1MIMS0008","LUDINGTON 1.8 NE, MI US","43.978821","-86.422785","182.0","2025-08",,,,,,,
"US1MIMS0008","LUDINGTON 1.8 NE, MI US","43.978821","-86.422785","182.0","2025-09",,,,,,,
"US1MIMS0008","LUDINGTON 1.8 NE, MI US","43.978821","-86.422785","182.0","2025-11",,,,,,,
"US1MILN0016","CLINTON 0.5 NE, MI US","42.0771","-83.9653","260.0","2025-07",,,,,,,
"US1MILN0016","CLINTON 0.5 NE, MI US","42.0771","-83.9653","260.0","2025-11",,,,,,,
"US1MILN0016","CLINTON 0.5 NE, MI US","42.0771","-83.9653","260.0","2025-12",,,,,,,
"USC00207221","SAGINAW 8 NW, MI US","43.4954","-84.0963","188.4","2025-07",,,,,,,
"USC00207221","SAGINAW 8 NW, MI US","43.4954","-84.0963","188.4","2025-08",,,,,,,
"USC00207221","SAGINAW 8 NW, MI US","43.4954","-84.0963","188.4","2025-09",,,,,,,
"USC00207221","SAGINAW 8 NW, MI US","43.4954","-84.0963","188.4","2025-10",,,,,,,
"USC00207221","SAGINAW 8 NW, MI US","43.4954","-84.0963","188.4","2025-11",,,,,,,
"USC00207221","SAGINAW 8 NW, MI US","43.4954","-84.0963","188.4","2025-12",,,,,,,
"USC00207222","SAGINAW NUMBER 3, MI US","43.4122","-83.9561","182.9","2025-07","226.5","12.2","34.4","1.1","23.3","28.7","17.9"
"USC00207222","SAGINAW NUMBER 3, MI US","43.4122","-83.9561","182.9","2025-08","325.5","8.3","33.9","17.2","21.2","27.3","15.1"
"USC00207222","SAGINAW NUMBER 3, MI US","43.4122","-83.9561","182.9","2025-09","355.8","5.6","31.1","50.5","18.2","25.1","11.4"
"USC00207222","SAGINAW NUMBER 3, MI US","43.4122","-83.9561","182.9","2025-10","368.5","-0.6","31.7","238.1","12.5","19.0","6.0"
"USC00207222","SAGINAW NUMBER 3, MI US","43.4122","-83.9561","182.9","2025-11","368.5","-6.7","17.2","690.9","3.2","7.9","-1.4"
"USC00207222","SAGINAW NUMBER 3, MI US","43.4122","-83.9561","182.9","2025-12","368.5","-17.8","10.0","1370.6","-4.2","-0.1","-8.3"
"US1MISW0005","DURAND 6.2 WNW, MI US","42.9299547","-84.1046428","249.9","2025-07",,,,,,,
"US1MISW0005","DURAND 6.2 WNW, MI US","42.9299547","-84.1046428","249.9","2025-08",,,,,,,
"US1MISW0005","DURAND 6.2 WNW, MI US","42.9299547","-84.1046428","249.9","2025-09",,,,,,,
"US1MISW0005","DURAND 6.2 WNW, MI US","42.9299547","-84.1046428","249.9","2025-10",,,,,,,
"US1MISW0005","DURAND 6.2 WNW, MI US","42.9299547","-84.1046428","249.9","2025-11",,,,,,,
"US1MISW0005","DURAND 6.2 WNW, MI US","42.9299547","-84.1046428","249.9","2025-12",,,,,,,
"USC00206013","NWSFO GRAND RAPIDS, MI US","42.89336","-85.54472","236.2","2025-11",,,,,,,
"USC00206013","NWSFO GRAND RAPIDS, MI US","42.89336","-85.54472","236.2","2025-12",,,,,,,
"USC00206012","NW MICHIGAN RESEARCH FARM, MI US","44.883","-85.6752","249.9","2025-07","171.8","12.2","31.7","4.1","21.8","26.4","17.2"
"USC00206012","NW MICHIGAN RESEARCH FARM, MI US","44.883","-85.6752","249.9","2025-08","257.5","8.9","33.3","26.1","20.4","24.9","15.9"
"USC00206012","NW MICHIGAN RESEARCH FARM, MI US","44.883","-85.6752","249.9","2025-09","274.2","7.8","27.8","68.9","17.5","21.8","13.1"
"USC00206012","NW MICHIGAN RESEARCH FARM, MI US","44.883","-85.6752","249.9","2025-10","290.0","1.7","30.0","253.8","12.5","17.0","8.0"
"USC00206012","NW MICHIGAN RESEARCH FARM, MI US","44.883","-85.6752","249.9","2025-11","290.0","-4.4","13.9","684.3","4.0","7.0","1.0"
"USC00206012","NW MICHIGAN RESEARCH FARM, MI US","44.883","-85.6752","249.9","2025-12","290.0","-13.9","7.8","1336.7","-3.4","-1.0","-5.9"
"US1MIIH0058","LANSING 1.3 WNW, MI US","42.717536","-84.57617","263.7","2025-09",,,,,,,
"US1MIIH0058","LANSING 1.3 WNW, MI US","42.717536","-84.57617","263.7","2025-10",,,,,,,
"US1MIIH0058","LANSING 1.3 WNW, MI US","42.717536","-84.57617","263.7","2025-11",,,,,,,
"US1MIJC0005","JACKSON 2.8 WSW, MI US","42.228812","-84.456537","302.4","2025-07",,,,,,,
"US1MIJC0005","JACKSON 2.8 WSW, MI US","42.228812","-84.456537","302.4","2025-08",,,,,,,
"US1MIJC0005","JACKSON 2.8 WSW, MI US","42.228812","-84.456537","302.4","2025-09",,,,,,,
"US1MIJC0005","JACKSON 2.8 WSW, MI US","42.228812","-84.456537","302.4","2025-10",,,,,,,
"USW00054810","CHATHAM 1 SE, MI US","46.3345","-86.92","266.7","2025-07","68.0","4.9","32.0","54.1","17.8","24.6","11.0"
"USW00054810","CHATHAM 1 SE, MI US","46.3345","-86.92","266.7","2025-08","98.2","1.4","31.0","126.4","16.9","23.6","10.3"
"USW00054810","CHATHAM 1 SE, MI US","46.3345","-86.92","266.7","2025-09","103.6","2.3","27.2","235.9","14.9","20.5","9.2"
"USW00054810","CHATHAM 1 SE, MI US","46.3345","-86.92","266.7","2025-10","110.0","-3.9","28.8","514.4","9.6","15.5","3.6"
"USW00054810","CHATHAM 1 SE, MI US","46.3345","-86.92","266.7","2025-11","110.0","-8.5","11.6","1035.2","1.0","4.6","-2.7"
"USW00054810","CHATHAM 1 SE, MI US","46.3345","-86.92","266.7","2025-12","110.0","-23.4","4.5","1820.0","-7.0","-3.5","-10.5"
"US1MIMS0010","SCOTTVILLE 2.1 ESE, MI US","43.9336","-86.245","203.3","2025-07",,,,,,,
"US1MIMS0010","SCOTTVILLE 2.1 ESE, MI US","43.9336","-86.245","203.3","2025-08",,,,,,,
"US1MIMS0010","SCOTTVILLE 2.1 ESE, MI US","43.9336","-86.245","203.3","2025-09",,,,,,,
"US1MIMS0010","SCOTTVILLE 2.1 ESE, MI US","43.9336","-86.245","203.3","2025-10",,,,,,,
"US1MIMS0010","SCOTTVILLE 2.1 ESE, MI US","43.9336","-86.245","203.3","2025-11",,,,,,,
"US1MIMS0010","SCOTTVILLE 2.1 ESE, MI US","43.9336","-86.245","203.3","2025-12",,,,,,,
"US1MIEM0013","HARBOR SPRINGS 4.8 NW, MI US","45.473702","-85.068963","246.9","2025-07",,,,,,,
"US1MIEM0013","HARBOR SPRINGS 4.8 NW, MI US","45.473702","-85.068963","246.9","2025-09",,,,,,,
"US1MIEM0013","HARBOR SPRINGS 4.8 NW, MI US","45.473702","-85.068963","246.9","2025-10",,,,,,,
"US1MICP0014","SAULT STE. MARIE 2.2 E, MI US","46.489331","-84.319716","182.9","2025-07",,,,,,,
"US1MICP0014","SAULT STE. MARIE 2.2 E, MI US","46.489331","-84.319716","182.9","2025-08",,,,,,,
"US1MICP0014","SAULT STE. MARIE 2.2 E, MI US","46.489331","-84.319716","182.9","2025-09",,,,,,,
"US1MICP0014","SAULT STE. MARIE 2.2 E, MI US","46.489331","-84.319716","182.9","2025-10",,,,,,,
"US1MICP0014","SAULT STE. MARIE 2.2 E, MI US","46.489331","-84.319716","182.9","2025-11",,,,,,,
"US1MICP0014","SAULT STE. MARIE 2.2 E, MI US","46.489331","-84.319716","182.9","2025-12",,,,,,,
"USW00054813","MUNSING LAKESHORE, MI US","46.412036","-86.650452","186.5","2025-07","94.8","6.7","32.2","43.5","18.8","24.3","13.3"
"USW00054813","MUNSING LAKESHORE, MI US","46.412036","-86.650452","186.5","2025-08","153.3","3.9","33.3","100.4","18.4","23.4","13.4"
"USW00054813","MUNSING LAKESHORE, MI US","46.412036","-86.650452","186.5","2025-09","168.3","4.4","28.3","188.9","15.9","20.5","11.3"
"USW00054813","MUNSING LAKESHORE, MI US","46.412036","-86.650452","186.5","2025-10","180.0","-2.2","30.0","429.9","10.9","15.9","6.0"
"USW00054813","MUNSING LAKESHORE, MI US","46.412036","-86.650452","186.5","2025-11","180.0","-5.6","12.2","901.0","2.6","5.7","-0.5"
"USW00054813","MUNSING LAKESHORE, MI US","46.412036","-86.650452","186.5","2025-12","180.0","-17.2","5.6","1625.7","-5.1","-2.0","-8.1"
"US1MIIH0056","EAST LANSING 1.4 NNW, MI US","42.755631","-84.492088","269.4","2025-07",,,,,,,
"US1MIIH0056","EAST LANSING 1.4 NNW, MI US","42.755631","-84.492088","269.4","2025-08",,,,,,,
"US1MIIH0056","EAST LANSING 1.4 NNW, MI US","42.755631","-84.492088","269.4","2025-09",,,,,,,
"US1MIIH0056","EAST LANSING 1.4 NNW, MI US","42.755631","-84.492088","269.4","2025-10",,,,,,,
"US1MIIH0056","EAST LANSING 1.4 NNW, MI US","42.755631","-84.492088","269.4","2025-11",,,,,,,
"US1MIIH0056","EAST LANSING 1.4 NNW, MI US","42.755631","-84.492088","269.4","2025-12",,,,,,,
"USC00203099","GAYLORD 9 SSW, MI US","44.90715","-84.71891","447.4","2025-07","136.8","8.3","31.7","11.2","20.4","26.2","14.7"
"USC00203099","GAYLORD 9 SSW, MI US","44.90715","-84.71891","447.4","2025-08","197.5","5.0","32.2","64.2","18.6","24.3","12.9"
"USC00203099","GAYLORD 9 SSW, MI US","44.90715","-84.71891","447.4","2025-09","209.2","4.4","27.2","142.5","16.1","21.4","10.8"
"USC00203099","GAYLORD 9 SSW, MI US","44.90715","-84.71891","447.4","2025-10","219.7","-1.1","29.4","386.1","10.6","15.6","5.5"
"USC00203099","GAYLORD 9 SSW, MI US","44.90715","-84.71891","447.4","2025-11","219.7","-8.9","12.2","893.8","1.4","4.5","-1.7"
"USC00203099","GAYLORD 9 SSW, MI US","44.90715","-84.71891","447.4","2025-12","219.7","-14.4","6.1","1602.8","-5.3","-2.5","-8.1"
"USC00206007","NORTHPORT 2 W, MI US","45.1322","-85.6472","227.4","2025-07",,"10.6","31.1","10.6","20.4","24.7","16.2"
"USC00206007","NORTHPORT 2 W, MI US","45.1322","-85.6472","227.4","2025-08",,"7.2","32.2","41.3","19.4","23.4","15.3"
"USC00206007","NORTHPORT 2 W, MI US","45.1322","-85.6472","227.4","2025-09",,"7.8","26.1","97.9","16.6","20.8","12.5"
"USC00206007","NORTHPORT 2 W, MI US","45.1322","-85.6472","227.4","2025-10",,"0.6","29.4","303.6","12.2","16.4","8.0"
"USC00206007","NORTHPORT 2 W, MI US","45.1322","-85.6472","227.4","2025-11",,"-4.4","16.1","713.0","4.2","7.2","1.2"
"USC00206007","NORTHPORT 2 W, MI US","45.1322","-85.6472","227.4","2025-12",,"-11.1","7.2","1356.8","-2.4","0.1","-4.9"
"US1MIDC0010","KINGSFORD 1.4 SE, MI US","45.796134","-88.076029","339.2","2025-12",,,,,,,
"USC00201492","CHEBOYGAN, MI US","45.65225","-84.47239","177.4","2025-07","115.9","9.4","32.8","9.8","20.8","26.8","14.8"
"USC00201492","CHEBOYGAN, MI US","45.65225","-84.47239","177.4","2025-08","190.0","6.7","35.6","40.9","19.7","25.1","14.3"
"USC00201492","CHEBOYGAN, MI US","45.65225","-84.47239","177.4","2025-09","194.7","6.1","28.9","103.2","16.3","21.5","11.1"
"USC00201492","CHEBOYGAN, MI US","45.65225","-84.47239","177.4","2025-10","205.8","-1.7","31.1","334.9","11.2","16.9","5.5"
"USC00201492","CHEBOYGAN, MI US","45.65225","-84.47239","177.4","2025-11","205.8","-6.1","13.3","786.5","3.3","6.8","-0.2"
"USC00201492","CHEBOYGAN, MI US","45.65225","-84.47239","177.4","2025-12","205.8","-13.9","7.2","1480.4","-4.1","-0.9","-7.2"
"US1MICP0019","DRUMMOND ISLAND 6.3 SSE, MI US","45.928133","-83.607129","183.8","2025-07",,,,,,,
"US1MICP0019","DRUMMOND ISLAND 6.3 SSE, MI US","45.928133","-83.607129","183.8","2025-08",,,,,,,
"US1MICP0019","DRUMMOND ISLAND 6.3 SSE, MI US","45.928133","-83.607129","183.8","2025-09",,,,,,,
"US1MICP0019","DRUMMOND ISLAND 6.3 SSE, MI US","45.928133","-83.607129","183.8","2025-10",,,,,,,
"US1MICP0019","DRUMMOND ISLAND 6.3 SSE, MI US","45.928133","-83.607129","183.8","2025-11",,,,,,,
"US1MIOC0002","MONTAGUE 8.1 NW, MI US","43.5","-86.47","224.6","2025-07",,,,,,,
"US1MIOC0002","MONTAGUE 8.1 NW, MI US","43.5","-86.47","224.6","2025-08",,,,,,,
"US1MIOC0002","MONTAGUE 8.1 NW, MI US","43.5","-86.47","224.6","2025-09",,,,,,,
"US1MIOC0002","MONTAGUE 8.1 NW, MI US","43.5","-86.47","224.6","2025-10",,,,,,,
"US1MIOC0002","MONTAGUE 8.1 NW, MI US","43.5","-86.47","224.6","2025-11",,,,,,,
"USW00014853","DETROIT WILLOW RUN AIRPORT, MI US","42.23666","-83.52638","215.7","2025-07","290.1","11.7","36.1","0.0","23.7","29.5","17.9"
"USW00014853","DETROIT WILLOW RUN AIRPORT, MI US","42.23666","-83.52638","215.7","2025-08",,,,,,,
"USW00014853","DETROIT WILLOW RUN AIRPORT, MI US","42.23666","-83.52638","215.7","2025-09",,"5.6","30.6",,"18.4","25.6","11.2"
"USW00014853","DETROIT WILLOW RUN AIRPORT, MI US","42.23666","-83.52638","215.7","2025-10",,,,,,,
"USW00014853","DETROIT WILLOW RUN AIRPORT, MI US","42.23666","-83.52638","215.7","2025-11",,"-6.1","18.9",,"4.0","8.9","-1.0"
"USW00014853","DETROIT WILLOW RUN AIRPORT, MI US","42.23666","-83.52638","215.7","2025-12",,"-17.8","16.1",,"-3.2","1.4","-7.8"
"US1MIBR0022","BATTLE CREEK 11.7 NNW, MI US","42.462339","-85.288936","299.0","2025-07",,,,,,,
"US1MIBR0022","BATTLE CREEK 11.7 NNW, MI US","42.462339","-85.288936","299.0","2025-08",,,,,,,
"US1MIBR0022","BATTLE CREEK 11.7 NNW, MI US","42.462339","-85.288936","299.0","2025-09",,,,,,,
"US1MIBR0022","BATTLE CREEK 11.7 NNW, MI US","42.462339","-85.288936","299.0","2025-10",,,,,,,
"US1MICL0005","HARRISON 5.2 ESE, MI US","43.9886536449194","-84.7022844851017","296.9","2025-07",,,,,,,
"USW00014850","TRAVERSE CITY CHERRY CAPITAL AIRPORT, MI US","44.73895","-85.5679","185.2","2025-07","194.3","8.9","33.3","3.9","21.8","27.4","16.2"
"USW00014850","TRAVERSE CITY CHERRY CAPITAL AIRPORT, MI US","44.73895","-85.5679","185.2","2025-08","274.8","5.6","34.4","32.4","20.0","25.9","14.2"
"USW00014850","TRAVERSE CITY CHERRY CAPITAL AIRPORT, MI US","44.73895","-85.5679","185.2","2025-09","287.9","5.0","28.9","85.5","17.0","22.9","11.1"
"USW00014850","TRAVERSE CITY CHERRY CAPITAL AIRPORT, MI US","44.73895","-85.5679","185.2","2025-10","304.3","-2.8","31.7","309.7","11.6","17.4","5.8"
"USW00014850","TRAVERSE CITY CHERRY CAPITAL AIRPORT, MI US","44.73895","-85.5679","185.2","2025-11","304.3","-7.2","15.6","766.0","3.1","7.1","-0.9"
"USW00014850","TRAVERSE CITY CHERRY CAPITAL AIRPORT, MI US","44.73895","-85.5679","185.2","2025-12","304.3","-13.9","8.3","1439.6","-3.4","-0.5","-6.3"
"US1MICP0017","DAFTER 3.4 SE, MI US","46.32861","-84.37222","215.2","2025-07",,,,,,,
"US1MICP0017","DAFTER 3.4 SE, MI US","46.32861","-84.37222","215.2","2025-08",,,,,,,
"US1MICP0017","DAFTER 3.4 SE, MI US","46.32861","-84.37222","215.2","2025-09",,,,,,,
"US1MICP0017","DAFTER 3.4 SE, MI US","46.32861","-84.37222","215.2","2025-10",,,,,,,
"US1MICP0017","DAFTER 3.4 SE, MI US","46.32861","-84.37222","215.2","2025-11",,,,,,,
"US1MICP0017","DAFTER 3.4 SE, MI US","46.32861","-84.37222","215.2","2025-12",,,,,,,
"USW00094889","ANN ARBOR MUNICIPAL AIRPORT, MI US","42.22393","-83.73983","250.6","2025-07","214.8","8.3","35.0","1.4","22.2","29.0","15.4"
"USW00094889","ANN ARBOR MUNICIPAL AIRPORT, MI US","42.22393","-83.73983","250.6","2025-08","282.6","3.3","32.2","40.5","19.3","26.5","12.0"
"USW00094889","ANN ARBOR MUNICIPAL AIRPORT, MI US","42.22393","-83.73983","250.6","2025-09","294.6","2.2","30.6","88.5","17.1","25.4","8.9"
"USW00094889","ANN ARBOR MUNICIPAL AIRPORT, MI US","42.22393","-83.73983","250.6","2025-10","300.4","-3.9","31.1","317.2","11.1","18.6","3.6"
"USW00094889","ANN ARBOR MUNICIPAL AIRPORT, MI US","42.22393","-83.73983","250.6","2025-11","300.4","-7.8","18.9","781.8","2.9","8.7","-3.0"
"USW00094889","ANN ARBOR MUNICIPAL AIRPORT, MI US","42.22393","-83.73983","250.6","2025-12","300.4","-23.3","15.6","1484.4","-4.3","1.0","-9.6"
"US1MIAT0017","ELK RAPIDS 0.6 NE, MI US","44.901961","-85.396062","182.0","2025-07",,,,,,,
"US1MIAT0017","ELK RAPIDS 0.6 NE, MI US","44.901961","-85.396062","182.0","2025-08",,,,,,,
"US1MIAT0017","ELK RAPIDS 0.6 NE, MI US","44.901961","-85.396062","182.0","2025-09",,,,,,,
"US1MIAT0017","ELK RAPIDS 0.6 NE, MI US","44.901961","-85.396062","182.0","2025-10",,,,,,,
"US1MIBR0013","HASTINGS 4.3 SSW, MI US","42.5917797","-85.3160631","277.4","2025-07",,,,,,,
"US1MIBR0013","HASTINGS 4.3 SSW, MI US","42.5917797","-85.3160631","277.4","2025-10",,,,,,,
"US1MIBR0013","HASTINGS 4.3 SSW, MI US","42.5917797","-85.3160631","277.4","2025-11",,,,,,,
"US1MIBR0013","HASTINGS 4.3 SSW, MI US","42.5917797","-85.3160631","277.4","2025-12",,,,,,,
"USC00203306","GRAND LEDGE 1 NW, MI US","42.7621","-84.7617","244.1","2025-07",,,,,,,
"USC00203306","GRAND LEDGE 1 NW, MI US","42.7621","-84.7617","244.1","2025-08",,,,,,,
"USC00203306","GRAND LEDGE 1 NW, MI US","42.7621","-84.7617","244.1","2025-09",,,,,,,
"USC00203306","GRAND LEDGE 1 NW, MI US","42.7621","-84.7617","244.1","2025-10",,,,,,,
"USC00203306","GRAND LEDGE 1 NW, MI US","42.7621","-84.7617","244.1","2025-11",,,,,,,
"USC00203306","GRAND LEDGE 1 NW, MI US","42.7621","-84.7617","244.1","2025-12",,,,,,,
"US1MIBR0012","FREEPORT 1.6 S, MI US","42.740322","-85.31609","264.0","2025-07",,,,,,,
"US1MIBR0012","FREEPORT 1.6 S, MI US","42.740322","-85.31609","264.0","2025-09",,,,,,,
"US1MIBR0012","FREEPORT 1.6 S, MI US","42.740322","-85.31609","264.0","2025-11",,,,,,,
"US1MIBR0012","FREEPORT 1.6 S, MI US","42.740322","-85.31609","264.0","2025-12",,,,,,,
"USW00014847","SAULT STE MARIE SANDERSON FIELD, MI US","46.47998","-84.35809","219.8","2025-07","60.1","8.3","30.6","19.5","19.1","24.8","13.4"
"USW00014847","SAULT STE MARIE SANDERSON FIELD, MI US","46.47998","-84.35809","219.8","2025-08","113.1","5.6","30.6","63.9","18.6","23.4","13.8"
"USW00014847","SAULT STE MARIE SANDERSON FIELD, MI US","46.47998","-84.35809","219.8","2025-09","116.6","3.3","27.2","157.3","15.3","20.2","10.5"
"USW00014847","SAULT STE MARIE SANDERSON FIELD, MI US","46.47998","-84.35809","219.8","2025-10","121.3","-1.7","27.8","410.7","10.3","14.9","5.7"
"USW00014847","SAULT STE MARIE SANDERSON FIELD, MI US","46.47998","-84.35809","219.8","2025-11","121.3","-8.3","11.1","925.9","1.2","4.3","-2.0"
"USW00014847","SAULT STE MARIE SANDERSON FIELD, MI US","46.47998","-84.35809","219.8","2025-12","121.3","-20.6","5.0","1702.9","-6.7","-3.0","-10.4"
"USC00201361","CASS CITY 1 SSW, MI US","43.5861","-83.1805","212.8","2025-07","188.2","8.3","33.3","10.8","21.7","28.0","15.4"
"USC00201361","CASS CITY 1 SSW, MI US","43.5861","-83.1805","212.8","2025-08","257.1","6.1","32.8","43.6","19.5","25.9","13.1"
"USC00201361","CASS CITY 1 SSW, MI US","43.5861","-83.1805","212.8","2025-09","265.8","3.3","28.9","104.2","16.6","23.7","9.5"
"USC00201361","CASS CITY 1 SSW, MI US","43.5861","-83.1805","212.8","2025-10","274.1","-2.2","30.6","329.4","11.3","18.1","4.6"
"USC00201361","CASS CITY 1 SSW, MI US","43.5861","-83.1805","212.8","2025-11","274.1","-7.2","16.7","792.1","2.9","8.0","-2.2"
"USC00201361","CASS CITY 1 SSW, MI US","43.5861","-83.1805","212.8","2025-12","274.1","-18.9","9.4","1506.8","-4.7","-0.3","-9.1"
"USC00200032","ADRIAN 2 NNE, MI US","41.91636","-84.01635","231.6","2025-07",,"12.2","36.1","0.0","24.2","30.7","17.7"
"USC00200032","ADRIAN 2 NNE, MI US","41.91636","-84.01635","231.6","2025-08",,"7.2","33.9","14.8","21.4","27.8","14.9"
"USC00200032","ADRIAN 2 NNE, MI US","41.91636","-84.01635","231.6","2025-09",,"4.4","31.7","38.7","18.7","26.5","10.8"
"USC00200032","ADRIAN 2 NNE, MI US","41.91636","-84.01635","231.6","2025-10",,"-1.7","31.7","224.5","12.7","19.6","5.8"
"USC00200032","ADRIAN 2 NNE, MI US","41.91636","-84.01635","231.6","2025-11",,"-5.6","19.4","641.1","4.4","9.4","-0.6"
"USC00200032","ADRIAN 2 NNE, MI US","41.91636","-84.01635","231.6","2025-12",,"-19.4","16.7","1291.5","-2.6","2.4","-7.7"
"USC00203661","HASTINGS, MI US","42.64208","-85.28819","250.2","2025-07","231.4","13.3","33.9","0.0","23.4","29.3","17.4"
"USC00203661","HASTINGS, MI US","42.64208","-85.28819","250.2","2025-08","323.7","5.6","33.3","19.3","20.6","27.5","13.8"
"USC00203661","HASTINGS, MI US","42.64208","-85.28819","250.2","2025-09","341.2","2.8","30.0","51.4","17.9","25.3","10.4"
"USC00203661","HASTINGS, MI US","42.64208","-85.28819","250.2","2025-10",,"-2.2","30.6",,"11.5","18.3","4.8"
"USC00203661","HASTINGS, MI US","42.64208","-85.28819","250.2","2025-12",,"-18.9","12.8",,"-3.8","0.4","-8.1"
"US1MIAT0010","CENTRAL LAKE 2.1 NNE, MI US","45.1001","-85.25348","188.7","2025-07",,,,,,,
"USC00205603","MORENCI, MI US","41.7216","-84.2147","234.7","2025-07","280.9","12.2","34.4","0.0","23.6","29.6","17.6"
"USC00205603","MORENCI, MI US","41.7216","-84.2147","234.7","2025-08","350.0","7.2","32.2","21.7","20.0","26.1","13.9"
"USC00205603","MORENCI, MI US","41.7216","-84.2147","234.7","2025-09","379.3","5.0","30.6","54.9","18.2","25.4","11.0"
"USC00205603","MORENCI, MI US","41.7216","-84.2147","234.7","2025-10","392.4","-1.1","31.1","227.4","12.8","20.0","5.7"
"USC00205603","MORENCI, MI US","41.7216","-84.2147","234.7","2025-11",,,,,,,
"USC00205603","MORENCI, MI US","41.7216","-84.2147","234.7","2025-12",,"-20.0","15.6",,"-3.8","1.2","-8.8"
"US1MIAT0015","CENTRAL LAKE 4.2 SW, MI US","45.033625","-85.331634","187.1","2025-07",,,,,,,
"US1MIAT0015","CENTRAL LAKE 4.2 SW, MI US","45.033625","-85.331634","187.1","2025-08",,,,,,,
"US1MIAT0015","CENTRAL LAKE 4.2 SW, MI US","45.033625","-85.331634","187.1","2025-09",,,,,,,
"USC00201486","CHATHAM EXPERIMENT FARM 2, MI US","46.3414","-86.9242","265.2","2025-07","74.4","3.3","32.8","49.9","18.2","26.0","10.4"
"USC00201486","CHATHAM EXPERIMENT FARM 2, MI US","46.3414","-86.9242","265.2","2025-08","110.6","2.2","32.2","110.2","17.5","24.8","10.3"
"USC00201486","CHATHAM EXPERIMENT FARM 2, MI US","46.3414","-86.9242","265.2","2025-09","122.8","2.2","28.9","209.3","15.4","21.3","9.6"
"USC00201486","CHATHAM EXPERIMENT FARM 2, MI US","46.3414","-86.9242","265.2","2025-10","127.0","-3.3","29.4","459.2","10.4","16.7","4.1"
"USC00201486","CHATHAM EXPERIMENT FARM 2, MI US","46.3414","-86.9242","265.2","2025-11","127.0","-8.9","11.7","963.9","1.5","5.4","-2.4"
"USC00201486","CHATHAM EXPERIMENT FARM 2, MI US","46.3414","-86.9242","265.2","2025-12","127.0","-22.2","6.1","1748.6","-7.0","-2.7","-11.2"
"US1MIAT0013","CENTRAL LAKE 2.4 ENE, MI US","45.08374","-85.218401","257.3","2025-07",,,,,,,
"US1MIAT0013","CENTRAL LAKE 2.4 ENE, MI US","45.08374","-85.218401","257.3","2025-08",,,,,,,
"US1MIAT0013","CENTRAL LAKE 2.4 ENE, MI US","45.08374","-85.218401","257.3","2025-09",,,,,,,
"US1MIAT0013","CENTRAL LAKE 2.4 ENE, MI US","45.08374","-85.218401","257.3","2025-10",,,,,,,
"US1MIRS0011","ROSCOMMON 4.2 WSW, MI US","44.47873","-84.67265","359.4","2025-07",,,,,,,
"US1MIRS0011","ROSCOMMON 4.2 WSW, MI US","44.47873","-84.67265","359.4","2025-08",,,,,,,
"US1MIRS0011","ROSCOMMON 4.2 WSW, MI US","44.47873","-84.67265","359.4","2025-09",,,,,,,
"US1MIRS0011","ROSCOMMON 4.2 WSW, MI US","44.47873","-84.67265","359.4","2025-10",,,,,,,
"US1MIRS0011","ROSCOMMON 4.2 WSW, MI US","44.47873","-84.67265","359.4","2025-11",,,,,,,
"US1MIRS0011","ROSCOMMON 4.2 WSW, MI US","44.47873","-84.67265","359.4","2025-12",,,,,,,
"US1MIAT0014","ELK RAPIDS 0.6 NW, MI US","44.9006","-85.413","179.8","2025-07",,,,,,,
"US1MIAT0014","ELK RAPIDS 0.6 NW, MI US","44.9006","-85.413","179.8","2025-08",,,,,,,
"US1MIAT0014","ELK RAPIDS 0.6 NW, MI US","44.9006","-85.413","179.8","2025-09",,,,,,,
"US1MIAT0014","ELK RAPIDS 0.6 NW, MI US","44.9006","-85.413","179.8","2025-10",,,,,,,
"US1MIAT0014","ELK RAPIDS 0.6 NW, MI US","44.9006","-85.413","179.8","2025-11",,,,,,,
"US1MIAT0014","ELK RAPIDS 0.6 NW, MI US","44.9006","-85.413","179.8","2025-12",,,,,,,
"USW00094893","IRON MOUNTAIN FORD AIRPORT, MI US","45.81339","-88.11292","343.2","2025-07","141.0","7.2","33.9","14.9","20.6","27.4","13.9"
"USW00094893","IRON MOUNTAIN FORD AIRPORT, MI US","45.81339","-88.11292","343.2","2025-08","190.4","2.8","32.2","61.8","18.4","24.9","12.0"
"USW00094893","IRON MOUNTAIN FORD AIRPORT, MI US","45.81339","-88.11292","343.2","2025-09","199.7","3.9","30.6","155.7","15.4","21.8","9.0"
"USW00094893","IRON MOUNTAIN FORD AIRPORT, MI US","45.81339","-88.11292","343.2","2025-10","208.1","-4.4","30.0","429.1","9.8","16.4","3.1"
"USW00094893","IRON MOUNTAIN FORD AIRPORT, MI US","45.81339","-88.11292","343.2","2025-11","208.1","-15.0","13.3","957.8","0.7","5.5","-4.1"
"USW00094893","IRON MOUNTAIN FORD AIRPORT, MI US","45.81339","-88.11292","343.2","2025-12","208.1","-22.8","5.6","1763.4","-7.6","-3.7","-11.6"
"USW00094898","PORT HOPE, MI US","44.021772","-82.792932","180.0","2025-07","176.0","10.6","33.3","6.7","21.7","25.9","17.5"
"USW00094898","PORT HOPE, MI US","44.021772","-82.792932","180.0","2025-08","255.1","9.4","32.8","25.9","20.3","24.3","16.2"
"USW00094898","PORT HOPE, MI US","44.021772","-82.792932","180.0","2025-09","261.3","6.1","25.6","81.1","16.7","20.7","12.7"
"USW00094898","PORT HOPE, MI US","44.021772","-82.792932","180.0","2025-10","275.2","1.1","29.4","275.5","12.5","15.9","9.1"
"USW00094898","PORT HOPE, MI US","44.021772","-82.792932","180.0","2025-11","275.2","-5.0","15.6","697.8","4.3","7.2","1.3"
"USW00094898","PORT HOPE, MI US","44.021772","-82.792932","180.0","2025-12","275.2","-13.3","8.9","1363.7","-3.1","-0.1","-6.2"
"USW00094899","COPPER HARBOR, MI US","47.467386","-87.875032","185.0","2025-07","57.2","9.4","29.4","34.4","18.7","23.3","14.1"
"USW00094899","COPPER HARBOR, MI US","47.467386","-87.875032","185.0","2025-08","117.5","6.7","30.0","66.9","19.2","23.1","15.4"
"USW00094899","COPPER HARBOR, MI US","47.467386","-87.875032","185.0","2025-09","135.9","7.8","27.8","148.5","16.2","19.8","12.7"
"USW00094899","COPPER HARBOR, MI US","47.467386","-87.875032","185.0","2025-10","144.5","-0.6","28.3","378.3","11.2","14.5","7.9"
"USW00094899","COPPER HARBOR, MI US","47.467386","-87.875032","185.0","2025-12",,"-15.0","8.3",,"-5.3","-2.3","-8.4"
"US1MIMN0011","BRETHREN 1.0 E, MI US","44.301813","-86.0014154","223.7","2025-10",,,,,,,
"US1MIMN0011","BRETHREN 1.0 E, MI US","44.301813","-86.0014154","223.7","2025-11",,,,,,,
"US1MIBY0012","BAY CITY 0.9 NE, MI US","43.597574","-83.873195","180.7","2025-08",,,,,,,
"US1MIBY0012","BAY CITY 0.9 NE, MI US","43.597574","-83.873195","180.7","2025-09",,,,,,,
"US1MIBY0012","BAY CITY 0.9 NE, MI US","43.597574","-83.873195","180.7","2025-11",,,,,,,
"US1MIBY0012","BAY CITY 0.9 NE, MI US","43.597574","-83.873195","180.7","2025-12",,,,,,,
"US1MIIH0032","WILLIAMSTON 4.0 ESE, MI US","42.6585884094238","-84.2163162231445","271.3","2025-07",,,,,,,
"US1MIIH0032","WILLIAMSTON 4.0 ESE, MI US","42.6585884094238","-84.2163162231445","271.3","2025-08",,,,,,,
"US1MIIH0032","WILLIAMSTON 4.0 ESE, MI US","42.6585884094238","-84.2163162231445","271.3","2025-09",,,,,,,
"US1MIIH0032","WILLIAMSTON 4.0 ESE, MI US","42.6585884094238","-84.2163162231445","271.3","2025-10",,,,,,,
"US1MIIH0032","WILLIAMSTON 4.0 ESE, MI US","42.6585884094238","-84.2163162231445","271.3","2025-11",,,,,,,
"US1MIIH0032","WILLIAMSTON 4.0 ESE, MI US","42.6585884094238","-84.2163162231445","271.3","2025-12",,,,,,,
"USW00014858","HANCOCK HOUGHTON CO AIRPORT, MI US","47.16594","-88.48076","323.9","2025-07","102.3","8.3","31.7","25.7","19.6","25.3","13.9"
"USW00014858","HANCOCK HOUGHTON CO AIRPORT, MI US","47.16594","-88.48076","323.9","2025-08",,,,,,,
"USW00014858","HANCOCK HOUGHTON CO AIRPORT, MI US","47.16594","-88.48076","323.9","2025-09",,"5.6","29.4",,"15.9","20.6","11.2"
"USW00014858","HANCOCK HOUGHTON CO AIRPORT, MI US","47.16594","-88.48076","323.9","2025-10",,"-1.7","30.6",,"10.9","15.9","6.0"
"USW00014858","HANCOCK HOUGHTON CO AIRPORT, MI US","47.16594","-88.48076","323.9","2025-11",,"-10.6","11.7",,"1.8","5.0","-1.5"
"USW00014858","HANCOCK HOUGHTON CO AIRPORT, MI US","47.16594","-88.48076","323.9","2025-12",,"-17.2","7.8",,"-6.2","-2.9","-9.4"
"US1MIKK0005","KALKASKA 1.5 WNW, MI US","44.74593","-85.20612","306.0","2025-07",,,,,,,
"US1MIKK0005","KALKASKA 1.5 WNW, MI US","44.74593","-85.20612","306.0","2025-08",,,,,,,
"US1MIKK0005","KALKASKA 1.5 WNW, MI US","44.74593","-85.20612","306.0","2025-09",,,,,,,
"US1MIKK0005","KALKASKA 1.5 WNW, MI US","44.74593","-85.20612","306.0","2025-10",,,,,,,
"US1MIKK0005","KALKASKA 1.5 WNW, MI US","44.74593","-85.20612","306.0","2025-11",,,,,,,
"US1MIKK0005","KALKASKA 1.5 WNW, MI US","44.74593","-85.20612","306.0","2025-12",,,,,,,
"US1MION0004","ONTONAGON 1.8 ESE, MI US","46.85396","-89.28143","216.1","2025-07",,,,,,,
"US1MION0004","ONTONAGON 1.8 ESE, MI US","46.85396","-89.28143","216.1","2025-08",,,,,,,
"US1MION0004","ONTONAGON 1.8 ESE, MI US","46.85396","-89.28143","216.1","2025-09",,,,,,,
"US1MION0004","ONTONAGON 1.8 ESE, MI US","46.85396","-89.28143","216.1","2025-10",,,,,,,
"US1MION0004","ONTONAGON 1.8 ESE, MI US","46.85396","-89.28143","216.1","2025-11",,,,,,,
"US1MIBR0009","PLAINWELL 5.4 E, MI US","42.450664","-85.537907","278.3","2025-07",,,,,,,
"US1MIBR0009","PLAINWELL 5.4 E, MI US","42.450664","-85.537907","278.3","2025-08",,,,,,,
"US1MIBR0009","PLAINWELL 5.4 E, MI US","42.450664","-85.537907","278.3","2025-10",,,,,,,
"US1MIBR0009","PLAINWELL 5.4 E, MI US","42.450664","-85.537907","278.3","2025-11",,,,,,,
"US1MIBR0009","PLAINWELL 5.4 E, MI US","42.450664","-85.537907","278.3","2025-12",,,,,,,
"US1MION0006","WHITE PINE 0.4 SSW, MI US","46.747392","-89.587074","275.8","2025-09",,,,,,,
"US1MION0006","WHITE PINE 0.4 SSW, MI US","46.747392","-89.587074","275.8","2025-10",,,,,,,
"US1MION0006","WHITE PINE 0.4 SSW, MI US","46.747392","-89.587074","275.8","2025-11",,,,,,,
"US1MIBY0013","ESSEXVILLE 2.0 ESE, MI US","43.6016594","-83.805072","179.5","2025-07",,,,,,,
"US1MIBY0013","ESSEXVILLE 2.0 ESE, MI US","43.6016594","-83.805072","179.5","2025-08",,,,,,,
"US1MIBY0013","ESSEXVILLE 2.0 ESE, MI US","43.6016594","-83.805072","179.5","2025-09",,,,,,,
"US1MIBY0013","ESSEXVILLE 2.0 ESE, MI US","43.6016594","-83.805072","179.5","2025-10",,,,,,,
"US1MIBY0013","ESSEXVILLE 2.0 ESE, MI US","43.6016594","-83.805072","179.5","2025-11",,,,,,,
"US1MIKK0004","RAPID CITY 2.2 WNW, MI US","44.84873","-85.32284","180.4","2025-07",,,,,,,
"US1MIKK0004","RAPID CITY 2.2 WNW, MI US","44.84873","-85.32284","180.4","2025-08",,,,,,,
"USC00201150","BURTON 4 N, MI US","43.0675","-83.5919","230.7","2025-07",,"9.4","34.4","5.0","22.6","29.1","16.1"
"USC00201150","BURTON 4 N, MI US","43.0675","-83.5919","230.7","2025-08",,"5.6","33.9","35.4","19.9","26.6","13.2"
"USC00201150","BURTON 4 N, MI US","43.0675","-83.5919","230.7","2025-09",,"2.8","30.6","85.7","17.1","24.9","9.4"
"USC00201150","BURTON 4 N, MI US","43.0675","-83.5919","230.7","2025-10",,"-2.8","31.7","313.2","11.3","18.6","4.1"
"USC00201150","BURTON 4 N, MI US","43.0675","-83.5919","230.7","2025-11",,"-7.2","17.8","757.2","3.0","8.9","-2.9"
"USC00201150","BURTON 4 N, MI US","43.0675","-83.5919","230.7","2025-12",,"-17.8","11.1","1438.1","-4.4","0.3","-9.0"
"US1MIIS0011","MOUNT PLEASANT 7.0 ENE, MI US","43.63176","-84.64773","221.3","2025-07",,,,,,,
"US1MIIS0011","MOUNT PLEASANT 7.0 ENE, MI US","43.63176","-84.64773","221.3","2025-08",,,,,,,
"US1MIIS0011","MOUNT PLEASANT 7.0 ENE, MI US","43.63176","-84.64773","221.3","2025-09",,,,,,,
"US1MIIS0011","MOUNT PLEASANT 7.0 ENE, MI US","43.63176","-84.64773","221.3","2025-10",,,,,,,
"US1MIIS0011","MOUNT PLEASANT 7.0 ENE, MI US","43.63176","-84.64773","221.3","2025-11",,,,,,,
"US1MIIS0011","MOUNT PLEASANT 7.0 ENE, MI US","43.63176","-84.64773","221.3","2025-12",,,,,,,
"US1MIIS0008","MOUNT PLEASANT 1.4 NE, MI US","43.609318","-84.755331","233.2","2025-08",,,,,,,
"US1MIIS0008","MOUNT PLEASANT 1.4 NE, MI US","43.609318","-84.755331","233.2","2025-09",,,,,,,
"US1MIIS0008","MOUNT PLEASANT 1.4 NE, MI US","43.609318","-84.755331","233.2","2025-10",,,,,,,
"US1MIIS0008","MOUNT PLEASANT 1.4 NE, MI US","43.609318","-84.755331","233.2","2025-11",,,,,,,
"US1MIIS0008","MOUNT PLEASANT 1.4 NE, MI US","43.609318","-84.755331","233.2","2025-12",,,,,,,
"USC00204659","LAPEER 2 W, MI US","43.05733","-83.36032","255.1","2025-07","267.2","10.0","34.4","5.3","23.1","29.5","16.8"
"USC00204659","LAPEER 2 W, MI US","43.05733","-83.36032","255.1","2025-08","360.3","5.6","35.0","33.3","20.4","26.9","13.9"
"USC00204659","LAPEER 2 W, MI US","43.05733","-83.36032","255.1","2025-09","380.6","2.8","30.0","75.8","17.6","25.3","9.9"
"USC00204659","LAPEER 2 W, MI US","43.05733","-83.36032","255.1","2025-10","394.2","-3.3","31.7","293.8","11.7","18.3","5.2"
"USC00204659","LAPEER 2 W, MI US","43.05733","-83.36032","255.1","2025-11","394.2","-7.8","17.8","742.0","3.4","7.9","-1.1"
"USC00204659","LAPEER 2 W, MI US","43.05733","-83.36032","255.1","2025-12","394.2","-18.9","12.2","1433.8","-4.0","0.3","-8.3"
"US1MIIS0007","MOUNT PLEASANT 3.8 ESE, MI US","43.5786","-84.7072","232.6","2025-07",,,,,,,
"US1MIIS0007","MOUNT PLEASANT 3.8 ESE, MI US","43.5786","-84.7072","232.6","2025-08",,,,,,,
"US1MIIS0007","MOUNT PLEASANT 3.8 ESE, MI US","43.5786","-84.7072","232.6","2025-09",,,,,,,
"US1MIIS0007","MOUNT PLEASANT 3.8 ESE, MI US","43.5786","-84.7072","232.6","2025-10",,,,,,,
"US1MIMD0010","MIDLAND 1.5 NNE, MI US","43.644126","-84.217296","199.0","2025-07",,,,,,,
"US1MIMD0010","MIDLAND 1.5 NNE, MI US","43.644126","-84.217296","199.0","2025-08",,,,,,,
"US1MIMD0010","MIDLAND 1.5 NNE, MI US","43.644126","-84.217296","199.0","2025-09",,,,,,,
"US1MIMD0010","MIDLAND 1.5 NNE, MI US","43.644126","-84.217296","199.0","2025-10",,,,,,,
"US1MIMD0010","MIDLAND 1.5 NNE, MI US","43.644126","-84.217296","199.0","2025-11",,,,,,,
"US1MIMD0010","MIDLAND 1.5 NNE, MI US","43.644126","-84.217296","199.0","2025-12",,,,,,,
"US1MIMK0001","LAKE CITY 5.0 SSW, MI US","44.265899","-85.255264","374.3","2025-07",,,,,,,
"US1MIMK0001","LAKE CITY 5.0 SSW, MI US","44.265899","-85.255264","374.3","2025-08",,,,,,,
"US1MIMK0001","LAKE CITY 5.0 SSW, MI US","44.265899","-85.255264","374.3","2025-09",,,,,,,
"US1MIMK0001","LAKE CITY 5.0 SSW, MI US","44.265899","-85.255264","374.3","2025-10",,,,,,,
"US1MIMK0001","LAKE CITY 5.0 SSW, MI US","44.265899","-85.255264","374.3","2025-11",,,,,,,
"US1MIMK0001","LAKE CITY 5.0 SSW, MI US","44.265899","-85.255264","374.3","2025-12",,,,,,,
"US1MIMD0016","MIDLAND 1.5 NE, MI US","43.637131","-84.206439","203.3","2025-07",,,,,,,
"US1MIMD0016","MIDLAND 1.5 NE, MI US","43.637131","-84.206439","203.3","2025-08",,,,,,,
"US1MIMD0016","MIDLAND 1.5 NE, MI US","43.637131","-84.206439","203.3","2025-09",,,,,,,
"US1MIMD0016","MIDLAND 1.5 NE, MI US","43.637131","-84.206439","203.3","2025-10",,,,,,,
"US1MIMD0016","MIDLAND 1.5 NE, MI US","43.637131","-84.206439","203.3","2025-11",,,,,,,
"US1MIMD0015","MIDLAND 4.4 SW, MI US","43.570974","-84.27807","190.8","2025-07",,,,,,,
"US1MIMD0015","MIDLAND 4.4 SW, MI US","43.570974","-84.27807","190.8","2025-08",,,,,,,
"US1MIMD0015","MIDLAND 4.4 SW, MI US","43.570974","-84.27807","190.8","2025-10",,,,,,,
"US1MIMD0015","MIDLAND 4.4 SW, MI US","43.570974","-84.27807","190.8","2025-11",,,,,,,
"US1MIMD0015","MIDLAND 4.4 SW, MI US","43.570974","-84.27807","190.8","2025-12",,,,,,,
"USC00202598","ENGADINE MDOT, MI US","46.128","-85.5696","208.8","2025-07","75.6","6.1","30.6","22.9","19.3","25.6","13.1"
"USC00202598","ENGADINE MDOT, MI US","46.128","-85.5696","208.8","2025-08","125.0","2.2","29.4","77.4","18.2","24.0","12.3"
"USC00202598","ENGADINE MDOT, MI US","46.128","-85.5696","208.8","2025-09","126.1","2.2","26.1","181.6","14.9","20.4","9.4"
"USC00202598","ENGADINE MDOT, MI US","46.128","-85.5696","208.8","2025-10","126.1","-3.3","21.7","418.6","9.2","14.7","3.6"
"USC00202598","ENGADINE MDOT, MI US","46.128","-85.5696","208.8","2025-11","126.1","-9.4","13.3","933.3","1.2","5.7","-3.3"
"USC00202598","ENGADINE MDOT, MI US","46.128","-85.5696","208.8","2025-12","126.1","-21.7","3.9","1708.8","-6.7","-2.9","-10.5"
"USC00204655","LAPEER WWTP, MI US","43.0608","-83.3074","249.9","2025-07","259.3","10.6","34.4","2.5","23.2","29.3","17.1"
"USC00204655","LAPEER WWTP, MI US","43.0608","-83.3074","249.9","2025-08","351.8","6.1","33.9","26.7","20.5","26.8","14.3"
"USC00204655","LAPEER WWTP, MI US","43.0608","-83.3074","249.9","2025-09","371.7","4.4","30.0","63.7","17.8","25.3","10.3"
"USC00204655","LAPEER WWTP, MI US","43.0608","-83.3074","249.9","2025-10","384.7","-2.2","31.7","266.3","12.2","19.2","5.2"
"USC00204655","LAPEER WWTP, MI US","43.0608","-83.3074","249.9","2025-11","384.7","-6.7","17.8","712.8","3.4","8.2","-1.3"
"USC00204655","LAPEER WWTP, MI US","43.0608","-83.3074","249.9","2025-12","384.7","-17.8","13.3","1412.2","-4.2","0.2","-8.6"
"US1MISG0024","SAGINAW 3.6 WNW, MI US","43.44388","-84.01265","190.8","2025-08",,,,,,,
"US1MISG0024","SAGINAW 3.6 WNW, MI US","43.44388","-84.01265","190.8","2025-09",,,,,,,
"US1MISG0024","SAGINAW 3.6 WNW, MI US","43.44388","-84.01265","190.8","2025-10",,,,,,,
"US1MISG0024","SAGINAW 3.6 WNW, MI US","43.44388","-84.01265","190.8","2025-11",,,,,,,
"US1MISG0024","SAGINAW 3.6 WNW, MI US","43.44388","-84.01265","190.8","2025-12",,,,,,,
"US1MIBG0006","BARAGA 3.1 WSW, MI US","46.7641616","-88.5568657","292.6","2025-07",,,,,,,
"US1MIBG0006","BARAGA 3.1 WSW, MI US","46.7641616","-88.5568657","292.6","2025-08",,,,,,,
"US1MIBG0006","BARAGA 3.1 WSW, MI US","46.7641616","-88.5568657","292.6","2025-09",,,,,,,
"US1MIBG0006","BARAGA 3.1 WSW, MI US","46.7641616","-88.5568657","292.6","2025-10",,,,,,,
"US1MIBG0006","BARAGA 3.1 WSW, MI US","46.7641616","-88.5568657","292.6","2025-11",,,,,,,
"USC00202250","DOWAGIAC 1 W, MI US","41.9856","-86.132","225.6","2025-07","283.9","12.8","33.9","1.9","23.3","28.8","17.9"
"USC00202250","DOWAGIAC 1 W, MI US","41.9856","-86.132","225.6","2025-08","380.9","6.1","32.8","25.5","20.7","26.9","14.5"
"USC00202250","DOWAGIAC 1 W, MI US","41.9856","-86.132","225.6","2025-09","407.8","3.9","30.6","69.0","17.8","24.8","10.8"
"USC00202250","DOWAGIAC 1 W, MI US","41.9856","-86.132","225.6","2025-10","418.9","-2.2","29.4","259.7","12.5","19.0","6.1"
"USC00202250","DOWAGIAC 1 W, MI US","41.9856","-86.132","225.6","2025-11","418.9","-6.7","17.8","702.6","3.6","8.4","-1.2"
"USC00202250","DOWAGIAC 1 W, MI US","41.9856","-86.132","225.6","2025-12","418.9","-19.4","16.7","1360.3","-2.9","1.8","-7.5"
"USW00004839","HOLLAND TULIP CITY AIRPORT, MI US","42.74634","-86.09677","206.5","2025-07","281.4","11.7","34.4","0.0","23.3","29.3","17.4"
"USW00004839","HOLLAND TULIP CITY AIRPORT, MI US","42.74634","-86.09677","206.5","2025-08","389.0","5.0","34.4","26.4","20.9","27.2","14.7"
"USW00004839","HOLLAND TULIP CITY AIRPORT, MI US","42.74634","-86.09677","206.5","2025-09","416.3","3.3","30.6","67.3","17.9","24.7","11.1"
"USW00004839","HOLLAND TULIP CITY AIRPORT, MI US","42.74634","-86.09677","206.5","2025-10","428.0","-2.2","28.9","268.6","12.2","17.7","6.8"
"USW00004839","HOLLAND TULIP CITY AIRPORT, MI US","42.74634","-86.09677","206.5","2025-11","428.0","-6.1","17.2","684.1","4.5","8.1","0.8"
"USW00004839","HOLLAND TULIP CITY AIRPORT, MI US","42.74634","-86.09677","206.5","2025-12","428.0","-17.2","12.2","1326.6","-2.4","1.3","-6.1"
"US1MIIS0005","SHEPHERD 3.7 SSE, MI US","43.47427","-84.66728","238.4","2025-07",,,,,,,
"US1MIIS0005","SHEPHERD 3.7 SSE, MI US","43.47427","-84.66728","238.4","2025-08",,,,,,,
"US1MIIS0005","SHEPHERD 3.7 SSE, MI US","43.47427","-84.66728","238.4","2025-09",,,,,,,
"US1MIIS0005","SHEPHERD 3.7 SSE, MI US","43.47427","-84.66728","238.4","2025-10",,,,,,,
"US1MIIS0005","SHEPHERD 3.7 SSE, MI US","43.47427","-84.66728","238.4","2025-11",,,,,,,
"US1MIIS0005","SHEPHERD 3.7 SSE, MI US","43.47427","-84.66728","238.4","2025-12",,,,,,,
"US1MIBG0003","THREE LAKES, MI US","46.5573","-88.2077","496.5","2025-07",,,,,,,
"US1MIBG0003","THREE LAKES, MI US","46.5573","-88.2077","496.5","2025-08",,,,,,,
"US1MIBG0003","THREE LAKES, MI US","46.5573","-88.2077","496.5","2025-09",,,,,,,
"US1MIBG0003","THREE LAKES, MI US","46.5573","-88.2077","496.5","2025-10",,,,,,,
"US1MIBG0003","THREE LAKES, MI US","46.5573","-88.2077","496.5","2025-11",,,,,,,
"US1MIBG0003","THREE LAKES, MI US","46.5573","-88.2077","496.5","2025-12",,,,,,,
"US1MIAT0009","BELLAIRE 3.2 N, MI US","45.0216","-85.2114","185.3","2025-07",,,,,,,
"US1MIAT0009","BELLAIRE 3.2 N, MI US","45.0216","-85.2114","185.3","2025-09",,,,,,,
"US1MIAT0009","BELLAIRE 3.2 N, MI US","45.0216","-85.2114","185.3","2025-10",,,,,,,
"US1MIAT0006","MANCELONA 0.5 ESE, MI US","44.8998127877712","-85.0509964674711","348.4","2025-07",,,,,,,
"US1MIAT0006","MANCELONA 0.5 ESE, MI US","44.8998127877712","-85.0509964674711","348.4","2025-08",,,,,,,
"US1MIAT0006","MANCELONA 0.5 ESE, MI US","44.8998127877712","-85.0509964674711","348.4","2025-09",,,,,,,
"US1MIAT0006","MANCELONA 0.5 ESE, MI US","44.8998127877712","-85.0509964674711","348.4","2025-10",,,,,,,
"US1MIAT0006","MANCELONA 0.5 ESE, MI US","44.8998127877712","-85.0509964674711","348.4","2025-11",,,,,,,
"US1MIOW0069","COOPERSVILLE 2.1 N, MI US","43.095468","-85.92809","213.1","2025-08",,,,,,,
"US1MIOW0069","COOPERSVILLE 2.1 N, MI US","43.095468","-85.92809","213.1","2025-09",,,,,,,
"US1MIOW0069","COOPERSVILLE 2.1 N, MI US","43.095468","-85.92809","213.1","2025-10",,,,,,,
"US1MIOW0069","COOPERSVILLE 2.1 N, MI US","43.095468","-85.92809","213.1","2025-11",,,,,,,
"US1MIOW0069","COOPERSVILLE 2.1 N, MI US","43.095468","-85.92809","213.1","2025-12",,,,,,,
"USC00207812","STAMBAUGH 2 SSE, MI US","46.0555","-88.6275","442.0","2025-07","71.5","4.4","31.7","42.2","18.4","25.2","11.6"
"USC00207812","STAMBAUGH 2 SSE, MI US","46.0555","-88.6275","442.0","2025-08","85.1","0.6","29.4","130.2","15.9","22.8","9.1"
"USC00207812","STAMBAUGH 2 SSE, MI US","46.0555","-88.6275","442.0","2025-09","87.7","1.7","27.8","275.5","13.6","20.2","6.9"
"USC00207812","STAMBAUGH 2 SSE, MI US","46.0555","-88.6275","442.0","2025-10","87.7","-5.6","26.1","597.6","7.9","15.1","0.8"
"USC00207812","STAMBAUGH 2 SSE, MI US","46.0555","-88.6275","442.0","2025-11","87.7","-12.2","13.3","1174.3","-0.9","4.3","-6.1"
"USC00207812","STAMBAUGH 2 SSE, MI US","46.0555","-88.6275","442.0","2025-12","87.7","-26.1","4.4","2022.0","-9.0","-4.7","-13.3"
"USC00206840","RAPID RIVER 4 SSE, MI US","45.8727","-86.9496","182.3","2025-07",,"6.1","32.2","15.1","20.6","26.5","14.7"
"USC00203331","GRANDVILLE 1 SW, MI US","42.8971","-85.7794","188.4","2025-07","294.7","13.3","33.9","0.3","23.8","29.6","18.1"
"USC00203331","GRANDVILLE 1 SW, MI US","42.8971","-85.7794","188.4","2025-08","414.4","7.8","33.3","20.9","21.5","27.2","15.8"
"USC00203331","GRANDVILLE 1 SW, MI US","42.8971","-85.7794","188.4","2025-09","450.0","5.0","29.4","58.7","18.3","24.8","11.8"
"USC00203331","GRANDVILLE 1 SW, MI US","42.8971","-85.7794","188.4","2025-10","463.0","-1.1","30.0","252.7","12.5","18.2","6.8"
"USC00203331","GRANDVILLE 1 SW, MI US","42.8971","-85.7794","188.4","2025-11","463.0","-8.3","17.2","699.1","3.4","8.6","-1.7"
"USC00203331","GRANDVILLE 1 SW, MI US","42.8971","-85.7794","188.4","2025-12","463.0","-18.3","11.1","1366.6","-3.2","0.9","-7.3"
"USC00204425","K.I. SAWYER WWTP, MI US","46.3341","-87.3779","340.2","2025-07","141.8","7.2","34.4","29.0","20.3","26.5","14.0"
"USC00204425","K.I. SAWYER WWTP, MI US","46.3341","-87.3779","340.2","2025-08","199.0","3.3","33.3","78.7","18.6","24.6","12.5"
"USC00204425","K.I. SAWYER WWTP, MI US","46.3341","-87.3779","340.2","2025-09","211.6","4.4","28.3","169.3","15.7","20.8","10.6"
"USC00204425","K.I. SAWYER WWTP, MI US","46.3341","-87.3779","340.2","2025-10","215.2","-1.7","27.8","430.5","10.0","15.5","4.6"
"USC00204425","K.I. SAWYER WWTP, MI US","46.3341","-87.3779","340.2","2025-11","215.2","-6.7","10.6","946.6","1.1","4.6","-2.4"
"USC00204425","K.I. SAWYER WWTP, MI US","46.3341","-87.3779","340.2","2025-12","215.2","-20.0","3.3","1708.3","-6.2","-2.7","-9.8"
"US1MIOW0064","COOPERSVILLE 5.1 WSW, MI US","43.0405563","-86.0288353","194.8","2025-07",,,,,,,
"US1MIOW0064","COOPERSVILLE 5.1 WSW, MI US","43.0405563","-86.0288353","194.8","2025-08",,,,,,,
"US1MIOW0064","COOPERSVILLE 5.1 WSW, MI US","43.0405563","-86.0288353","194.8","2025-09",,,,,,,
"US1MIOW0064","COOPERSVILLE 5.1 WSW, MI US","43.0405563","-86.0288353","194.8","2025-10",,,,,,,
"US1MIOW0064","COOPERSVILLE 5.1 WSW, MI US","43.0405563","-86.0288353","194.8","2025-11",,,,,,,
"US1MIOW0064","COOPERSVILLE 5.1 WSW, MI US","43.0405563","-86.0288353","194.8","2025-12",,,,,,,
"USC00204668","CALUMET TAMARACK, MI US","47.24559","-88.46793","377.6","2025-07",,,,,,,
"USC00204668","CALUMET TAMARACK, MI US","47.24559","-88.46793","377.6","2025-08",,,,,,,
"USC00204668","CALUMET TAMARACK, MI US","47.24559","-88.46793","377.6","2025-09",,,,,,,
"USC00204668","CALUMET TAMARACK, MI US","47.24559","-88.46793","377.6","2025-10",,,,,,,
"USC00204668","CALUMET TAMARACK, MI US","47.24559","-88.46793","377.6","2025-11",,,,,,,
"USC00204668","CALUMET TAMARACK, MI US","47.24559","-88.46793","377.6","2025-12",,,,,,,
"US1MIOW0063","WALKER 5.1 W, MI US","42.987331","-85.848535","230.1","2025-07",,,,,,,
"US1MIOW0063","WALKER 5.1 W, MI US","42.987331","-85.848535","230.1","2025-08",,,,,,,
"US1MIOW0063","WALKER 5.1 W, MI US","42.987331","-85.848535","230.1","2025-09",,,,,,,
"US1MIOW0063","WALKER 5.1 W, MI US","42.987331","-85.848535","230.1","2025-10",,,,,,,
"US1MIOW0063","WALKER 5.1 W, MI US","42.987331","-85.848535","230.1","2025-11",,,,,,,
"US1MIOW0063","WALKER 5.1 W, MI US","42.987331","-85.848535","230.1","2025-12",,,,,,,
"USW00094847","DETROIT METRO AIRPORT, MI US","42.23113","-83.33121","191.9","2025-07","329.6","13.3","35.0","0.0","24.4","29.4","19.4"
"USW00094847","DETROIT METRO AIRPORT, MI US","42.23113","-83.33121","191.9","2025-08","447.1","10.0","32.8","11.6","21.8","26.9","16.6"
"USW00094847","DETROIT METRO AIRPORT, MI US","42.23113","-83.33121","191.9","2025-09","498.7","7.2","31.1","28.8","19.5","25.5","13.4"
"USW00094847","DETROIT METRO AIRPORT, MI US","42.23113","-83.33121","191.9","2025-10","514.2","2.2","30.6","199.1","13.3","18.9","7.8"
"USW00094847","DETROIT METRO AIRPORT, MI US","42.23113","-83.33121","191.9","2025-11","514.2","-5.0","18.9","602.6","4.9","9.1","0.7"
"USW00094847","DETROIT METRO AIRPORT, MI US","42.23113","-83.33121","191.9","2025-12","514.2","-15.0","16.1","1245.3","-2.4","1.7","-6.5"
"USW00094849","ALPENA CO REGIONAL AIRPORT, MI US","45.0716","-83.56451","208.3","2025-07","140.7","6.7","33.3","12.2","20.7","27.0","14.4"
"USW00094849","ALPENA CO REGIONAL AIRPORT, MI US","45.0716","-83.56451","208.3","2025-08","199.7","4.4","32.8","50.9","19.0","25.4","12.6"
"USW00094849","ALPENA CO REGIONAL AIRPORT, MI US","45.0716","-83.56451","208.3","2025-09","202.5","3.3","26.7","145.4","15.3","21.6","8.9"
"USW00094849","ALPENA CO REGIONAL AIRPORT, MI US","45.0716","-83.56451","208.3","2025-10","208.6","-3.3","31.7","397.5","10.4","16.6","4.1"
"USW00094849","ALPENA CO REGIONAL AIRPORT, MI US","45.0716","-83.56451","208.3","2025-11","208.6","-7.8","12.8","882.7","2.2","6.2","-1.9"
"USW00094849","ALPENA CO REGIONAL AIRPORT, MI US","45.0716","-83.56451","208.3","2025-12","208.6","-17.2","7.2","1605.5","-5.0","-1.2","-8.8"
"USC00202381","EAST JORDAN, MI US","45.15179","-85.1324","178.9","2025-07",,,,,,,
"USC00202381","EAST JORDAN, MI US","45.15179","-85.1324","178.9","2025-08",,,,,,,
"USC00202381","EAST JORDAN, MI US","45.15179","-85.1324","178.9","2025-09",,,,,,,
"USC00202381","EAST JORDAN, MI US","45.15179","-85.1324","178.9","2025-10",,,,,,,
"USC00202381","EAST JORDAN, MI US","45.15179","-85.1324","178.9","2025-11",,,,,,,
"USC00202381","EAST JORDAN, MI US","45.15179","-85.1324","178.9","2025-12",,,,,,,
"USC00205892","NILES, MI US","41.8405","-86.2658","198.1","2025-07","331.6","14.4","34.4","0.0","24.3","29.6","19.0"
"USC00205892","NILES, MI US","41.8405","-86.2658","198.1","2025-08","451.2","7.8","33.9","12.2","21.8","27.5","16.1"
"USC00205892","NILES, MI US","41.8405","-86.2658","198.1","2025-09","503.4","5.0","31.7","36.9","19.3","26.0","12.5"
"USC00205892","NILES, MI US","41.8405","-86.2658","198.1","2025-10","524.7","-1.1","31.1","199.1","13.8","20.0","7.6"
"USC00205892","NILES, MI US","41.8405","-86.2658","198.1","2025-11","524.7","-6.1","18.3","577.3","5.7","10.1","1.4"
"USC00205892","NILES, MI US","41.8405","-86.2658","198.1","2025-12","524.7","-16.1","17.2","1185.0","-1.3","3.3","-5.8"
"USC00202382","EAST JORDAN 2 NW, MI US","45.1863","-85.1477","196.9","2025-07","161.4","7.8","32.8","5.0","21.1","27.6","14.7"
"USC00202382","EAST JORDAN 2 NW, MI US","45.1863","-85.1477","196.9","2025-08","227.6","3.9","33.9","44.3","19.2","25.4","13.0"
"USC00202382","EAST JORDAN 2 NW, MI US","45.1863","-85.1477","196.9","2025-09","236.4","5.0","27.8","107.0","16.5","22.7","10.4"
"USC00202382","EAST JORDAN 2 NW, MI US","45.1863","-85.1477","196.9","2025-10","248.6","-3.3","30.0","336.1","11.3","17.8","4.9"
"USC00202382","EAST JORDAN 2 NW, MI US","45.1863","-85.1477","196.9","2025-11","248.6","-7.8","14.4","788.9","3.2","6.8","-0.3"
"USC00202382","EAST JORDAN 2 NW, MI US","45.1863","-85.1477","196.9","2025-12","248.6","-13.9","7.8","1461.3","-3.4","-0.3","-6.4"
"US1MIWS0005","ANN ARBOR 3.0 SE, MI US","42.2436","-83.692","249.9","2025-08",,,,,,,
"US1MIWS0005","ANN ARBOR 3.0 SE, MI US","42.2436","-83.692","249.9","2025-09",,,,,,,
"US1MIWS0005","ANN ARBOR 3.0 SE, MI US","42.2436","-83.692","249.9","2025-10",,,,,,,
"USW00004847","ADRIAN LENAWEE CO AIRPORT, MI US","41.86784","-84.07946","244.1","2025-07","341.2","13.3","35.6","0.0","24.2","30.1","18.4"
"USW00004847","ADRIAN LENAWEE CO AIRPORT, MI US","41.86784","-84.07946","244.1","2025-08","434.3","5.6","32.8","21.1","20.6","26.8","14.5"
"USW00004847","ADRIAN LENAWEE CO AIRPORT, MI US","41.86784","-84.07946","244.1","2025-09","466.6","3.3","31.1","51.1","18.4","26.0","10.8"
"USW00004847","ADRIAN LENAWEE CO AIRPORT, MI US","41.86784","-84.07946","244.1","2025-10","477.6","-1.1","31.1","240.8","12.6","18.7","6.4"
"USW00004847","ADRIAN LENAWEE CO AIRPORT, MI US","41.86784","-84.07946","244.1","2025-11","477.6","-5.6","18.3","646.5","4.3","8.9","-0.2"
"USW00004847","ADRIAN LENAWEE CO AIRPORT, MI US","41.86784","-84.07946","244.1","2025-12","477.6","-20.0","16.1","1313.4","-3.2","1.4","-7.8"
"US1MIGG0010","IRONWOOD 5.8 NNW, MI US","46.5348817","-90.1890558","388.3","2025-09",,,,,,,
"US1MIGG0010","IRONWOOD 5.8 NNW, MI US","46.5348817","-90.1890558","388.3","2025-12",,,,,,,
"US1MIGG0011","IRONWOOD 7.3 NNE, MI US","46.549361","-90.082876","375.8","2025-08",,,,,,,
"US1MIGG0011","IRONWOOD 7.3 NNE, MI US","46.549361","-90.082876","375.8","2025-09",,,,,,,
"US1MIGG0011","IRONWOOD 7.3 NNE, MI US","46.549361","-90.082876","375.8","2025-10",,,,,,,
"US1MIGG0011","IRONWOOD 7.3 NNE, MI US","46.549361","-90.082876","375.8","2025-11",,,,,,,
"US1MIGG0011","IRONWOOD 7.3 NNE, MI US","46.549361","-90.082876","375.8","2025-12",,,,,,,
"USC00205406","MICHIGAMME 3 WNW, MI US","46.5453","-88.18","521.2","2025-07",,,,,,,
"USC00205406","MICHIGAMME 3 WNW, MI US","46.5453","-88.18","521.2","2025-08",,,,,,,
"USC00205406","MICHIGAMME 3 WNW, MI US","46.5453","-88.18","521.2","2025-09",,,,,,,
"USC00205406","MICHIGAMME 3 WNW, MI US","46.5453","-88.18","521.2","2025-10",,,,,,,
"USC00205406","MICHIGAMME 3 WNW, MI US","46.5453","-88.18","521.2","2025-11",,,,,,,
"USC00205406","MICHIGAMME 3 WNW, MI US","46.5453","-88.18","521.2","2025-12",,,,,,,
"USW00004854","GAYLORD OTSEGO CO AIRPORT, MI US","45.01657","-84.68942","405.9","2025-07",,"6.1","32.2","9.0","20.6","26.3","14.9"
"USW00004854","GAYLORD OTSEGO CO AIRPORT, MI US","45.01657","-84.68942","405.9","2025-08",,"2.8","32.8","61.5","18.5","24.7","12.3"
"USW00004854","GAYLORD OTSEGO CO AIRPORT, MI US","45.01657","-84.68942","405.9","2025-09",,"1.7","27.2","149.3","15.6","21.4","9.8"
"USW00004854","GAYLORD OTSEGO CO AIRPORT, MI US","45.01657","-84.68942","405.9","2025-10",,"-3.9","29.4","417.4","10.0","15.6","4.3"
"USW00004854","GAYLORD OTSEGO CO AIRPORT, MI US","45.01657","-84.68942","405.9","2025-11",,"-9.4","12.2","891.0","1.4","5.1","-2.2"
"USW00004854","GAYLORD OTSEGO CO AIRPORT, MI US","45.01657","-84.68942","405.9","2025-12",,"-20.6","5.6","1644.0","-6.0","-2.6","-9.3"
"US1MIOD0004","MIO 6.2 NNE, MI US","44.7476","-84.1028","343.8","2025-07",,,,,,,
"US1MIOD0004","MIO 6.2 NNE, MI US","44.7476","-84.1028","343.8","2025-09",,,,,,,
"US1MIOD0004","MIO 6.2 NNE, MI US","44.7476","-84.1028","343.8","2025-10",,,,,,,
"US1MIOD0004","MIO 6.2 NNE, MI US","44.7476","-84.1028","343.8","2025-11",,,,,,,
"USC00203585","HARBOR BEACH 1 SSE, MI US","43.8322","-82.6427","181.4","2025-07","158.3","9.4","34.4","10.5","21.2","26.1","16.3"
"USC00203585","HARBOR BEACH 1 SSE, MI US","43.8322","-82.6427","181.4","2025-08","230.8","8.3","33.3","32.3","20.0","24.7","15.2"
"USC00203585","HARBOR BEACH 1 SSE, MI US","43.8322","-82.6427","181.4","2025-09","236.0","6.1","26.7","93.1","16.5","21.4","11.5"
"USC00203585","HARBOR BEACH 1 SSE, MI US","43.8322","-82.6427","181.4","2025-10","243.5","1.1","28.9","291.1","12.2","16.5","7.8"
"USC00203585","HARBOR BEACH 1 SSE, MI US","43.8322","-82.6427","181.4","2025-11","243.5","-5.6","15.6","730.2","3.7","7.6","-0.2"
"USC00203585","HARBOR BEACH 1 SSE, MI US","43.8322","-82.6427","181.4","2025-12","243.5","-15.6","7.8","1412.7","-3.7","-0.4","-7.0"
"US1MIWS0003","PLYMOUTH 5.4 W, MI US","42.382785","-83.571244","266.4","2025-07",,,,,,,
"US1MIWS0003","PLYMOUTH 5.4 W, MI US","42.382785","-83.571244","266.4","2025-08",,,,,,,
"US1MIWS0003","PLYMOUTH 5.4 W, MI US","42.382785","-83.571244","266.4","2025-09",,,,,,,
"US1MIWS0003","PLYMOUTH 5.4 W, MI US","42.382785","-83.571244","266.4","2025-10",,,,,,,
"US1MIWS0003","PLYMOUTH 5.4 W, MI US","42.382785","-83.571244","266.4","2025-11",,,,,,,
"USC00200197","AMASA 1 W, MI US","46.2347","-88.4544","448.1","2025-07","114.9","5.6","32.8","29.4","19.7","26.8","12.5"
"USC00200197","AMASA 1 W, MI US","46.2347","-88.4544","448.1","2025-08","156.9","0.6","32.2","98.6","17.4","24.5","10.4"
"USC00200197","AMASA 1 W, MI US","46.2347","-88.4544","448.1","2025-09","166.5","2.2","29.4","193.4","15.2","22.0","8.4"
"USC00200197","AMASA 1 W, MI US","46.2347","-88.4544","448.1","2025-10","170.7","-4.4","29.4","454.5","9.8","16.9","2.6"
"USC00200197","AMASA 1 W, MI US","46.2347","-88.4544","448.1","2025-11","170.7","-11.7","12.8","926.2","0.9","5.9","-4.2"
"USC00200197","AMASA 1 W, MI US","46.2347","-88.4544","448.1","2025-12","170.7","-23.9","4.4","1751.5","-8.3","-4.2","-12.4"
"USC00204793","LINDEN WWTP, MI US","42.8133","-83.8038","263.0","2025-07","216.1","10.6","33.3","4.1","22.4","28.1","16.6"
"USC00204793","LINDEN WWTP, MI US","42.8133","-83.8038","263.0","2025-08","296.7","6.1","32.8","32.1","20.1","26.5","13.8"
"USC00204793","LINDEN WWTP, MI US","42.8133","-83.8038","263.0","2025-09","310.5","3.3","30.0","75.3","17.4","24.7","10.0"
"USC00204793","LINDEN WWTP, MI US","42.8133","-83.8038","263.0","2025-10","324.7","-1.7","30.0","283.1","11.9","18.5","5.3"
"USC00204793","LINDEN WWTP, MI US","42.8133","-83.8038","263.0","2025-11","324.7","-7.2","17.8","747.2","2.9","7.8","-2.1"
"USC00204793","LINDEN WWTP, MI US","42.8133","-83.8038","263.0","2025-12","324.7","-17.8","14.4","1415.2","-4.6","0.0","-9.2"
"US1MIOD0003","LUZERNE 2.4 NE, MI US","44.6414","-84.2383","344.1","2025-07",,,,,,,
"US1MIOD0003","LUZERNE 2.4 NE, MI US","44.6414","-84.2383","344.1","2025-08",,,,,,,
"US1MIOD0003","LUZERNE 2.4 NE, MI US","44.6414","-84.2383","344.1","2025-09",,,,,,,
"US1MIOD0003","LUZERNE 2.4 NE, MI US","44.6414","-84.2383","344.1","2025-10",,,,,,,
"US1MIOD0003","LUZERNE 2.4 NE, MI US","44.6414","-84.2383","344.1","2025-11",,,,,,,
"US1MIOD0003","LUZERNE 2.4 NE, MI US","44.6414","-84.2383","344.1","2025-12",,,,,,,
"USC00202375","EAST GRAND RAPIDS, MI US","42.9378","-85.6131","227.4","2025-07","272.4","12.8","33.9","0.5","23.5","29.7","17.4"
"USC00202375","EAST GRAND RAPIDS, MI US","42.9378","-85.6131","227.4","2025-08","378.0","6.1","33.9","23.8","21.0","27.4","14.6"
"USC00202375","EAST GRAND RAPIDS, MI US","42.9378","-85.6131","227.4","2025-09","407.7","3.3","30.0","65.5","17.9","24.8","11.0"
"USC00202375","EAST GRAND RAPIDS, MI US","42.9378","-85.6131","227.4","2025-10","418.8","-2.2","29.4","267.1","12.2","18.2","6.2"
"USC00202375","EAST GRAND RAPIDS, MI US","42.9378","-85.6131","227.4","2025-11","418.8","-7.2","17.2","721.3","3.2","8.2","-1.8"
"USC00202375","EAST GRAND RAPIDS, MI US","42.9378","-85.6131","227.4","2025-12","418.8","-16.1","10.6","1395.0","-3.4","0.3","-7.1"
"USC00202015","DEARBORN, MI US","42.31917","-83.23839","184.4","2025-07","307.7","11.7","35.0","0.0","24.1","29.5","18.7"
"USC00202015","DEARBORN, MI US","42.31917","-83.23839","184.4","2025-08","419.3","7.8","34.4","16.4","21.6","27.3","15.9"
"USC00202015","DEARBORN, MI US","42.31917","-83.23839","184.4","2025-09","458.5","6.1","31.7","38.9","18.9","25.8","12.1"
"USC00202015","DEARBORN, MI US","42.31917","-83.23839","184.4","2025-10","479.0","0.6","31.7","195.1","13.5","19.7","7.3"
"USC00202015","DEARBORN, MI US","42.31917","-83.23839","184.4","2025-11","479.0","-5.6","18.3","603.1","4.4","9.2","-0.5"
"USC00202015","DEARBORN, MI US","42.31917","-83.23839","184.4","2025-12","479.0","-16.1","16.1","1261.7","-2.9","1.1","-7.0"
"USC00205403","MICHIGAMME, MI US","46.53529","-88.10949","490.1","2025-07",,"7.2","31.1","38.6","18.7","24.7","12.8"
"USC00205403","MICHIGAMME, MI US","46.53529","-88.10949","490.1","2025-08",,"1.1","30.0","114.2","16.8","22.5","11.1"
"USC00205403","MICHIGAMME, MI US","46.53529","-88.10949","490.1","2025-09",,"2.2","28.3","238.3","14.4","19.9","8.8"
"USC00205403","MICHIGAMME, MI US","46.53529","-88.10949","490.1","2025-10",,"-3.9","28.3","530.1","9.0","14.9","3.1"
"USC00205403","MICHIGAMME, MI US","46.53529","-88.10949","490.1","2025-11",,"-11.1","11.1","1083.1","-0.7","3.3","-4.7"
"USC00205403","MICHIGAMME, MI US","46.53529","-88.10949","490.1","2025-12",,,,,,,
"USC00207820","STANDISH 4 NE, MI US","44.0126","-83.8977","187.5","2025-07","191.3","9.4","33.9","4.7","22.1","28.0","16.3"
"USC00207820","STANDISH 4 NE, MI US","44.0126","-83.8977","187.5","2025-08","257.5","2.8","33.3","34.6","19.6","26.1","13.1"
"USC00207820","STANDISH 4 NE, MI US","44.0126","-83.8977","187.5","2025-09","262.0","1.1","27.8","92.4","16.4","23.1","9.6"
"USC00207820","STANDISH 4 NE, MI US","44.0126","-83.8977","187.5","2025-10","270.5","-3.3","29.4","308.1","11.2","17.6","4.8"
"USC00207820","STANDISH 4 NE, MI US","44.0126","-83.8977","187.5","2025-11","270.5","-7.8","15.6","713.5","3.3","8.2","-1.6"
"USC00207820","STANDISH 4 NE, MI US","44.0126","-83.8977","187.5","2025-12","270.5","-19.4","7.8","1408.1","-4.8","-0.6","-9.1"
"USC00202016","DEARBORN NUMBER 2, MI US","42.3469","-83.1736","184.4","2025-07",,"11.7","34.4","0.0","24.6","29.9","19.4"
"USC00202016","DEARBORN NUMBER 2, MI US","42.3469","-83.1736","184.4","2025-08",,"10.0","33.3","11.9","21.5","27.1","16.0"
"USC00202016","DEARBORN NUMBER 2, MI US","42.3469","-83.1736","184.4","2025-09",,"7.2","31.1","30.0","19.3","25.2","13.4"
"USC00202016","DEARBORN NUMBER 2, MI US","42.3469","-83.1736","184.4","2025-10",,"3.3","30.6","205.5","13.3","19.1","7.4"
"USC00202016","DEARBORN NUMBER 2, MI US","42.3469","-83.1736","184.4","2025-11",,"-4.4","17.8","563.7","4.6","9.1","0.1"
"USC00202016","DEARBORN NUMBER 2, MI US","42.3469","-83.1736","184.4","2025-12",,"-14.4","15.0","1193.2","-2.6","1.4","-6.7"
"US1MIHL0005","HILLSDALE 3.2 SW, MI US","41.8978","-84.6841","331.0","2025-09",,,,,,,
"US1MIHL0005","HILLSDALE 3.2 SW, MI US","41.8978","-84.6841","331.0","2025-10",,,,,,,
"US1MIHL0005","HILLSDALE 3.2 SW, MI US","41.8978","-84.6841","331.0","2025-11",,,,,,,
"US1MIHL0005","HILLSDALE 3.2 SW, MI US","41.8978","-84.6841","331.0","2025-12",,,,,,,
"USW00094850","MARQUETTE WEATHER FORECAST OFFICE, MI US","46.5313","-87.5491","431.3","2025-07","94.6","5.6","30.6","38.2","18.9","25.0","12.9"
"USW00094850","MARQUETTE WEATHER FORECAST OFFICE, MI US","46.5313","-87.5491","431.3","2025-08","135.0","1.7","31.1","107.4","17.4","23.3","11.5"
"USW00094850","MARQUETTE WEATHER FORECAST OFFICE, MI US","46.5313","-87.5491","431.3","2025-09","146.1","2.2","27.8","221.4","14.9","20.3","9.5"
"USW00094850","MARQUETTE WEATHER FORECAST OFFICE, MI US","46.5313","-87.5491","431.3","2025-10","154.7","-3.9","28.9","498.2","9.7","15.0","4.3"
"USW00094850","MARQUETTE WEATHER FORECAST OFFICE, MI US","46.5313","-87.5491","431.3","2025-11","154.7","-9.4","10.6","1062.6","-0.5","3.2","-4.1"
"USW00094850","MARQUETTE WEATHER FORECAST OFFICE, MI US","46.5313","-87.5491","431.3","2025-12","154.7","-25.6","3.9","1904.8","-8.8","-5.1","-12.6"
"US1MIHL0004","JONESVILLE 5.9 ENE, MI US","42.014718","-84.561902","364.8","2025-07",,,,,,,
"US1MIHL0004","JONESVILLE 5.9 ENE, MI US","42.014718","-84.561902","364.8","2025-08",,,,,,,
"US1MIHL0004","JONESVILLE 5.9 ENE, MI US","42.014718","-84.561902","364.8","2025-09",,,,,,,
"US1MIHL0004","JONESVILLE 5.9 ENE, MI US","42.014718","-84.561902","364.8","2025-10",,,,,,,
"US1MIHL0004","JONESVILLE 5.9 ENE, MI US","42.014718","-84.561902","364.8","2025-11",,,,,,,
"US1MIHL0004","JONESVILLE 5.9 ENE, MI US","42.014718","-84.561902","364.8","2025-12",,,,,,,
"USW00094853","ESCANABA DELTA CO AIRPORT, MI US","45.73333","-87.08333","181.1","2025-07","86.4","6.7","30.6","24.2","19.4","25.2","13.5"
"USW00094853","ESCANABA DELTA CO AIRPORT, MI US","45.73333","-87.08333","181.1","2025-08","127.0","3.3","28.3","60.1","18.5","23.7","13.3"
"USW00094853","ESCANABA DELTA CO AIRPORT, MI US","45.73333","-87.08333","181.1","2025-09","129.4","2.8","26.1","150.9","15.2","19.8","10.6"
"USW00094853","ESCANABA DELTA CO AIRPORT, MI US","45.73333","-87.08333","181.1","2025-10","132.5","-2.8","24.4","385.3","10.9","15.5","6.3"
"USW00094853","ESCANABA DELTA CO AIRPORT, MI US","45.73333","-87.08333","181.1","2025-11","132.5","-10.0","13.3","852.5","2.1","6.0","-1.8"
"USW00094853","ESCANABA DELTA CO AIRPORT, MI US","45.73333","-87.08333","181.1","2025-12","132.5","-19.4","6.7","1524.3","-5.9","-1.9","-9.9"
"US1MIBZ0001","BENZONIA 5.3 S, MI US","44.53975658","-86.10645586","245.4","2025-07",,,,,,,
"US1MIBZ0001","BENZONIA 5.3 S, MI US","44.53975658","-86.10645586","245.4","2025-08",,,,,,,
"US1MIBZ0001","BENZONIA 5.3 S, MI US","44.53975658","-86.10645586","245.4","2025-09",,,,,,,
"US1MIBZ0001","BENZONIA 5.3 S, MI US","44.53975658","-86.10645586","245.4","2025-10",,,,,,,
"US1MIBZ0001","BENZONIA 5.3 S, MI US","44.53975658","-86.10645586","245.4","2025-12",,,,,,,
"US1MISG0018","SAGINAW 4.1 WNW, MI US","43.440854","-84.026733","189.6","2025-07",,,,,,,
"US1MISG0019","ST CHARLES 5.0 W, MI US","43.2979","-84.2499","190.2","2025-07",,,,,,,
"US1MISG0019","ST CHARLES 5.0 W, MI US","43.2979","-84.2499","190.2","2025-08",,,,,,,
"US1MISG0019","ST CHARLES 5.0 W, MI US","43.2979","-84.2499","190.2","2025-09",,,,,,,
"US1MISG0019","ST CHARLES 5.0 W, MI US","43.2979","-84.2499","190.2","2025-10",,,,,,,
"US1MISG0019","ST CHARLES 5.0 W, MI US","43.2979","-84.2499","190.2","2025-11",,,,,,,
"US1MIPI0001","ROGERS CITY 0.2 WSW, MI US","45.4174","-83.8106","183.5","2025-09",,,,,,,
"US1MIPI0001","ROGERS CITY 0.2 WSW, MI US","45.4174","-83.8106","183.5","2025-10",,,,,,,
"US1MIPI0001","ROGERS CITY 0.2 WSW, MI US","45.4174","-83.8106","183.5","2025-11",,,,,,,
"US1MIPI0001","ROGERS CITY 0.2 WSW, MI US","45.4174","-83.8106","183.5","2025-12",,,,,,,
"USC00206507","PETOSKEY, MI US","45.3725","-84.9766","182.6","2025-07","111.9","10.0","32.8","13.1","20.4","24.8","15.9"
"USC00206507","PETOSKEY, MI US","45.3725","-84.9766","182.6","2025-08","180.5","7.2","34.4","49.3","19.4","23.9","14.9"
"USC00206507","PETOSKEY, MI US","45.3725","-84.9766","182.6","2025-09","182.2","6.7","25.0","118.9","16.0","20.1","11.9"
"USC00206507","PETOSKEY, MI US","45.3725","-84.9766","182.6","2025-10","192.8","0.0","29.4","315.8","11.7","16.6","6.7"
"USC00206507","PETOSKEY, MI US","45.3725","-84.9766","182.6","2025-11","192.8","-5.6","12.8","754.0","3.7","6.7","0.7"
"USC00206507","PETOSKEY, MI US","45.3725","-84.9766","182.6","2025-12","192.8","-11.7","7.8","1424.8","-3.3","-0.5","-6.1"
"US1MIGG0004","WATERSMEET 5.0 SE, MI US","46.203333","-89.131667","518.5","2025-07",,,,,,,
"US1MIGG0004","WATERSMEET 5.0 SE, MI US","46.203333","-89.131667","518.5","2025-08",,,,,,,
"US1MIGG0004","WATERSMEET 5.0 SE, MI US","46.203333","-89.131667","518.5","2025-10",,,,,,,
"US1MIGG0004","WATERSMEET 5.0 SE, MI US","46.203333","-89.131667","518.5","2025-11",,,,,,,
"US1MISG0017","SAGINAW 6.4 W, MI US","43.422715","-84.077575","186.8","2025-07",,,,,,,
"US1MISG0017","SAGINAW 6.4 W, MI US","43.422715","-84.077575","186.8","2025-08",,,,,,,
"US1MISG0017","SAGINAW 6.4 W, MI US","43.422715","-84.077575","186.8","2025-09",,,,,,,
"US1MISG0017","SAGINAW 6.4 W, MI US","43.422715","-84.077575","186.8","2025-10",,,,,,,
"US1MISG0017","SAGINAW 6.4 W, MI US","43.422715","-84.077575","186.8","2025-11",,,,,,,
"US1MISG0017","SAGINAW 6.4 W, MI US","43.422715","-84.077575","186.8","2025-12",,,,,,,
"US1MIPI0004","MILLERSBURG 2.3 NNW, MI US","45.36576","-84.076909","227.7","2025-07",,,,,,,
"US1MIPI0004","MILLERSBURG 2.3 NNW, MI US","45.36576","-84.076909","227.7","2025-08",,,,,,,
"US1MIPI0004","MILLERSBURG 2.3 NNW, MI US","45.36576","-84.076909","227.7","2025-10",,,,,,,
"US1MIOW0049","HOLLAND 4.2 NW, MI US","42.8217","-86.14896","189.6","2025-07",,,,,,,
"US1MIOW0049","HOLLAND 4.2 NW, MI US","42.8217","-86.14896","189.6","2025-08",,,,,,,
"US1MIOW0049","HOLLAND 4.2 NW, MI US","42.8217","-86.14896","189.6","2025-09",,,,,,,
"US1MIOW0049","HOLLAND 4.2 NW, MI US","42.8217","-86.14896","189.6","2025-10",,,,,,,
"US1MIOW0049","HOLLAND 4.2 NW, MI US","42.8217","-86.14896","189.6","2025-11",,,,,,,
"US1MIOW0049","HOLLAND 4.2 NW, MI US","42.8217","-86.14896","189.6","2025-12",,,,,,,
"USC00205533","MIO WWTP, MI US","44.6466","-84.1158","316.1","2025-07","188.7","6.7","33.9","10.6","21.7","28.8","14.6"
"USC00205533","MIO WWTP, MI US","44.6466","-84.1158","316.1","2025-08","264.2","2.2","33.3","58.6","19.2","26.8","11.6"
"USC00205533","MIO WWTP, MI US","44.6466","-84.1158","316.1","2025-09","271.2","0.6","30.6","136.0","16.0","23.5","8.5"
"USC00205533","MIO WWTP, MI US","44.6466","-84.1158","316.1","2025-10","280.3","-4.4","31.1","398.4","10.2","17.4","2.9"
"USC00205533","MIO WWTP, MI US","44.6466","-84.1158","316.1","2025-11","280.3","-9.4","13.9","890.0","1.9","6.8","-2.9"
"USC00205533","MIO WWTP, MI US","44.6466","-84.1158","316.1","2025-12","280.3","-22.8","7.2","1633.3","-5.6","-1.4","-9.9"
"USC00206982","RICHMOND 4 NNW, MI US","42.8783","-82.7958","233.2","2025-07","229.2","10.0","35.6","3.8","22.7","28.9","16.5"
"USC00206982","RICHMOND 4 NNW, MI US","42.8783","-82.7958","233.2","2025-08","317.3","5.0","33.9","29.9","20.3","26.6","14.0"
"USC00206982","RICHMOND 4 NNW, MI US","42.8783","-82.7958","233.2","2025-09","336.3","3.9","30.6","74.0","17.5","25.5","9.5"
"USC00206982","RICHMOND 4 NNW, MI US","42.8783","-82.7958","233.2","2025-10","342.8","-1.7","30.6","284.4","11.8","18.9","4.6"
"USC00206982","RICHMOND 4 NNW, MI US","42.8783","-82.7958","233.2","2025-11","342.8","-7.8","17.2","733.8","3.4","8.6","-1.9"
"USC00206982","RICHMOND 4 NNW, MI US","42.8783","-82.7958","233.2","2025-12","342.8","-19.4","12.2","1437.5","-4.4","0.6","-9.3"
"USC00200089","ALBERTA FORD FOR CENTER, MI US","46.6448","-88.4812","399.3","2025-07","117.3","0.6","32.2","34.9","19.3","25.3","13.3"
"USC00200089","ALBERTA FORD FOR CENTER, MI US","46.6448","-88.4812","399.3","2025-08","144.9","2.2","31.1","99.2","17.1","23.1","11.0"
"USC00200089","ALBERTA FORD FOR CENTER, MI US","46.6448","-88.4812","399.3","2025-09","167.4","4.4","30.0","179.8","16.4","21.4","11.4"
"USC00200089","ALBERTA FORD FOR CENTER, MI US","46.6448","-88.4812","399.3","2025-10","178.8","-3.3","30.6","437.6","10.4","15.6","5.1"
"USC00200089","ALBERTA FORD FOR CENTER, MI US","46.6448","-88.4812","399.3","2025-11","178.8","-12.2","13.3","978.7","0.3","4.4","-3.8"
"USC00200089","ALBERTA FORD FOR CENTER, MI US","46.6448","-88.4812","399.3","2025-12","178.8","-23.9","5.6","1808.5","-8.4","-4.6","-12.3"
"US1MIWS0011","ANN ARBOR 2.1 WNW, MI US","42.283233","-83.771503","275.5","2025-10",,,,,,,
"US1MIWS0011","ANN ARBOR 2.1 WNW, MI US","42.283233","-83.771503","275.5","2025-11",,,,,,,
"US1MIWS0011","ANN ARBOR 2.1 WNW, MI US","42.283233","-83.771503","275.5","2025-12",,,,,,,
"USC00201178","CADILLAC 9 AND 10 NEWS, MI US","44.21138","-85.40865","415.4","2025-07",,,,,,,
"USC00201178","CADILLAC 9 AND 10 NEWS, MI US","44.21138","-85.40865","415.4","2025-08",,,,,,,
"USC00201178","CADILLAC 9 AND 10 NEWS, MI US","44.21138","-85.40865","415.4","2025-09",,,,,,,
"USC00201178","CADILLAC 9 AND 10 NEWS, MI US","44.21138","-85.40865","415.4","2025-10",,,,,,,
"USC00201178","CADILLAC 9 AND 10 NEWS, MI US","44.21138","-85.40865","415.4","2025-12",,"-21.7",,,,,"-9.2"
"USC00201299","CARO WWTP, MI US","43.4838","-83.3919","210.3","2025-07","206.9","8.9","35.6","4.5","22.6","29.0","16.2"
"USC00201299","CARO WWTP, MI US","43.4838","-83.3919","210.3","2025-08","298.0","6.7","33.3","25.8","20.6","27.3","13.8"
"USC00201299","CARO WWTP, MI US","43.4838","-83.3919","210.3","2025-09","313.7","3.9","30.6","66.6","17.5","24.9","10.0"
"USC00201299","CARO WWTP, MI US","43.4838","-83.3919","210.3","2025-10","326.7","-2.8","31.1","282.2","11.6","18.3","4.8"
"USC00201299","CARO WWTP, MI US","43.4838","-83.3919","210.3","2025-11","326.7","-7.2","16.7","725.1","3.1","7.9","-1.8"
"USC00201299","CARO WWTP, MI US","43.4838","-83.3919","210.3","2025-12","326.7","-17.8","8.9","1404.3","-5.0","-0.6","-9.4"
"USC00203477","GROSSE POINTE FARMS, MI US","42.4077","-82.8891","186.8","2025-07","276.6","13.3","36.7","0.0","24.9","29.9","20.0"
"USC00203477","GROSSE POINTE FARMS, MI US","42.4077","-82.8891","186.8","2025-08","409.7","8.9","37.2","16.4","22.1","27.2","16.9"
"USC00203477","GROSSE POINTE FARMS, MI US","42.4077","-82.8891","186.8","2025-09","452.2","8.3","30.0","29.7","19.3","24.9","13.7"
"USC00203477","GROSSE POINTE FARMS, MI US","42.4077","-82.8891","186.8","2025-10","470.9","2.8","31.1","204.5","13.3","18.3","8.3"
"USC00203477","GROSSE POINTE FARMS, MI US","42.4077","-82.8891","186.8","2025-11","470.9","-4.4","18.3","588.8","5.0","9.4","0.6"
"USC00203477","GROSSE POINTE FARMS, MI US","42.4077","-82.8891","186.8","2025-12","470.9","-14.4","14.4","1212.4","-3.1","0.9","-7.0"
"US1MIOW0044","HOLLAND 3.0 W, MI US","42.7706909179688","-86.1620559692383","189.6","2025-08",,,,,,,
"US1MIOW0044","HOLLAND 3.0 W, MI US","42.7706909179688","-86.1620559692383","189.6","2025-09",,,,,,,
"US1MIOW0044","HOLLAND 3.0 W, MI US","42.7706909179688","-86.1620559692383","189.6","2025-10",,,,,,,
"US1MIOW0044","HOLLAND 3.0 W, MI US","42.7706909179688","-86.1620559692383","189.6","2025-11",,,,,,,
"US1MIOW0044","HOLLAND 3.0 W, MI US","42.7706909179688","-86.1620559692383","189.6","2025-12",,,,,,,
"USC00208800","WEST BRANCH 3 SE, MI US","44.2541","-84.2011","269.7","2025-07","167.1","8.9","33.3","4.2","21.6","28.4","14.8"
"USC00208800","WEST BRANCH 3 SE, MI US","44.2541","-84.2011","269.7","2025-08","224.1","5.0","32.8","43.7","18.9","25.9","11.9"
"USC00208800","WEST BRANCH 3 SE, MI US","44.2541","-84.2011","269.7","2025-09","230.0","2.2","28.9","120.0","16.0","23.1","8.9"
"USC00208800","WEST BRANCH 3 SE, MI US","44.2541","-84.2011","269.7","2025-10","233.3","-2.8","30.0","381.4","10.0","17.0","3.0"
"USC00208800","WEST BRANCH 3 SE, MI US","44.2541","-84.2011","269.7","2025-11","233.3","-8.9","14.4","871.5","2.0","6.5","-2.5"
"USC00208800","WEST BRANCH 3 SE, MI US","44.2541","-84.2011","269.7","2025-12","233.3","-19.4","7.2","1618.9","-5.8","-1.5","-10.0"
"USW00094860","GRAND RAPIDS GERALD R FORD INTERNATIONAL AIRPORT, MI US","42.8821","-85.52297","240.3","2025-07","298.0","13.3","33.9","0.0","23.9","29.6","18.2"
"USW00094860","GRAND RAPIDS GERALD R FORD INTERNATIONAL AIRPORT, MI US","42.8821","-85.52297","240.3","2025-08","406.9","6.7","33.3","18.9","21.2","27.3","15.2"
"USW00094860","GRAND RAPIDS GERALD R FORD INTERNATIONAL AIRPORT, MI US","42.8821","-85.52297","240.3","2025-09","441.5","3.9","30.6","52.2","18.4","24.9","11.9"
"USW00094860","GRAND RAPIDS GERALD R FORD INTERNATIONAL AIRPORT, MI US","42.8821","-85.52297","240.3","2025-10","454.5","-1.7","29.4","257.1","12.1","17.8","6.5"
"USW00094860","GRAND RAPIDS GERALD R FORD INTERNATIONAL AIRPORT, MI US","42.8821","-85.52297","240.3","2025-11","454.5","-7.2","17.2","695.7","3.7","7.8","-0.4"
"USW00094860","GRAND RAPIDS GERALD R FORD INTERNATIONAL AIRPORT, MI US","42.8821","-85.52297","240.3","2025-12","454.5","-17.2","12.2","1366.4","-3.3","0.5","-7.1"
"USW00004869","CHIPPEWA INTERNATIONAL AIRPORT, MI US","46.25","-84.46667","243.5","2025-07","72.9","7.8","31.1","17.6","19.3","25.1","13.5"
"USW00004869","CHIPPEWA INTERNATIONAL AIRPORT, MI US","46.25","-84.46667","243.5","2025-08","131.6","4.4","31.7","65.2","18.7","23.9","13.5"
"USW00004869","CHIPPEWA INTERNATIONAL AIRPORT, MI US","46.25","-84.46667","243.5","2025-09","136.6","3.9","26.7","154.8","15.5","20.5","10.5"
"USW00004869","CHIPPEWA INTERNATIONAL AIRPORT, MI US","46.25","-84.46667","243.5","2025-10","143.2","-2.2","28.3","416.2","10.1","15.1","5.2"
"USW00004869","CHIPPEWA INTERNATIONAL AIRPORT, MI US","46.25","-84.46667","243.5","2025-12",,"-19.4","5.6",,"-6.4","-2.4","-10.4"
"US1MILP0020","METAMORA 2.6 WSW, MI US","42.931251","-83.340243","312.7","2025-09",,,,,,,
"US1MILP0020","METAMORA 2.6 WSW, MI US","42.931251","-83.340243","312.7","2025-10",,,,,,,
"USC00206510","PETOSKEY NCMC, MI US","45.3613","-84.9512","228.0","2025-07","110.6","8.3","31.7","20.2","19.8","25.1","14.5"
"USC00206510","PETOSKEY NCMC, MI US","45.3613","-84.9512","228.0","2025-08","167.6","4.4","33.9","71.0","18.5","24.0","13.0"
"USC00206510","PETOSKEY NCMC, MI US","45.3613","-84.9512","228.0","2025-09","169.0","5.0","26.1","157.6","15.5","20.7","10.3"
"USC00206510","PETOSKEY NCMC, MI US","45.3613","-84.9512","228.0","2025-10","179.1","-3.3","30.0","415.7","10.3","16.1","4.5"
"USC00206510","PETOSKEY NCMC, MI US","45.3613","-84.9512","228.0","2025-11","179.1","-10.6","12.8","893.7","2.4","5.9","-1.1"
"USC00206510","PETOSKEY NCMC, MI US","45.3613","-84.9512","228.0","2025-12","179.1","-13.3","7.8","1604.1","-4.6","-1.7","-7.4"
"US1MIBH0007","QUINCY 0.3 NE, MI US","41.94725","-84.8789","309.7","2025-09",,,,,,,
"US1MIBH0007","QUINCY 0.3 NE, MI US","41.94725","-84.8789","309.7","2025-10",,,,,,,
"USC00205662","CENTRAL MICHIGAN UNIVERSITY, MI US","43.5859","-84.7694","242.3","2025-07","219.7","11.1","33.3","3.4","22.5","28.4","16.6"
"USC00205662","CENTRAL MICHIGAN UNIVERSITY, MI US","43.5859","-84.7694","242.3","2025-08","298.6","6.7","33.3","29.1","20.2","26.4","14.0"
"USC00205662","CENTRAL MICHIGAN UNIVERSITY, MI US","43.5859","-84.7694","242.3","2025-09","312.7","2.8","28.9","87.7","16.9","23.7","10.0"
"USC00205662","CENTRAL MICHIGAN UNIVERSITY, MI US","43.5859","-84.7694","242.3","2025-12",,"-16.7","8.3",,"-4.1","-0.6","-7.7"
"USC00202170","DOLLAR BAY, MI US","47.1167","-88.5137","183.5","2025-07",,,,,,,
"USC00202170","DOLLAR BAY, MI US","47.1167","-88.5137","183.5","2025-08",,,,,,,
"USC00202170","DOLLAR BAY, MI US","47.1167","-88.5137","183.5","2025-09",,,,,,,
"USC00202170","DOLLAR BAY, MI US","47.1167","-88.5137","183.5","2025-10",,,,,,,
"USC00202170","DOLLAR BAY, MI US","47.1167","-88.5137","183.5","2025-11",,,,,,,
"USC00202170","DOLLAR BAY, MI US","47.1167","-88.5137","183.5","2025-12",,,,,,,
"USW00094871","BENTON HARBOR, MI US","42.12894","-86.41518","195.4","2025-07",,"12.8","35.6","0.0","23.4","29.2","17.5"
"USW00094871","BENTON HARBOR, MI US","42.12894","-86.41518","195.4","2025-08",,"6.1","34.4","15.7","21.4","27.1","15.6"
"USW00094871","BENTON HARBOR, MI US","42.12894","-86.41518","195.4","2025-09",,"4.4","30.6","49.6","18.1","24.5","11.6"
"USW00094871","BENTON HARBOR, MI US","42.12894","-86.41518","195.4","2025-10",,"-2.8","30.0","231.9","13.1","18.6","7.5"
"USW00094871","BENTON HARBOR, MI US","42.12894","-86.41518","195.4","2025-11",,"-6.1","17.8","622.4","5.3","9.1","1.6"
"USW00094871","BENTON HARBOR, MI US","42.12894","-86.41518","195.4","2025-12",,"-17.2","16.1","1246.6","-1.8","1.9","-5.5"
"US1MICN0023","MARSHALL 2.4 WNW, MI US","42.27083","-85.00293","281.6","2025-08",,,,,,,
"US1MICN0023","MARSHALL 2.4 WNW, MI US","42.27083","-85.00293","281.6","2025-09",,,,,,,
"US1MIMC0003","CEDARVILLE 3.2 ESE, MI US","45.9893775","-84.2977821","189.6","2025-12",,,,,,,
"US1MIMC0005","ST. IGNACE 0.6 WSW, MI US","45.8642265200615","-84.7358228266239","213.7","2025-07",,,,,,,
"US1MIMC0005","ST. IGNACE 0.6 WSW, MI US","45.8642265200615","-84.7358228266239","213.7","2025-08",,,,,,,
"US1MIMC0005","ST. IGNACE 0.6 WSW, MI US","45.8642265200615","-84.7358228266239","213.7","2025-09",,,,,,,
"US1MIMC0005","ST. IGNACE 0.6 WSW, MI US","45.8642265200615","-84.7358228266239","213.7","2025-10",,,,,,,
"US1MIMC0005","ST. IGNACE 0.6 WSW, MI US","45.8642265200615","-84.7358228266239","213.7","2025-11",,,,,,,
"US1MIMC0005","ST. IGNACE 0.6 WSW, MI US","45.8642265200615","-84.7358228266239","213.7","2025-12",,,,,,,
"US1MILP0014","LAPEER 4.4 SSE, MI US","42.986","-83.302","271.9","2025-07",,,,,,,
"US1MILP0014","LAPEER 4.4 SSE, MI US","42.986","-83.302","271.9","2025-08",,,,,,,
"US1MILP0014","LAPEER 4.4 SSE, MI US","42.986","-83.302","271.9","2025-09",,,,,,,
"US1MILP0014","LAPEER 4.4 SSE, MI US","42.986","-83.302","271.9","2025-10",,,,,,,
"US1MILP0014","LAPEER 4.4 SSE, MI US","42.986","-83.302","271.9","2025-11",,,,,,,
"US1MILP0014","LAPEER 4.4 SSE, MI US","42.986","-83.302","271.9","2025-12",,,,,,,
"USC00208706","WATTON 2 WSW, MI US","46.52664","-88.64243","424.9","2025-07","98.5","6.1","31.7","37.3","18.9","25.1","12.9"
"USC00208706","WATTON 2 WSW, MI US","46.52664","-88.64243","424.9","2025-08","131.9","1.1","30.0","105.1","17.2","22.6","11.8"
"USC00208706","WATTON 2 WSW, MI US","46.52664","-88.64243","424.9","2025-09","141.6","3.3","28.3","219.0","14.9","20.1","9.6"
"USC00208706","WATTON 2 WSW, MI US","46.52664","-88.64243","424.9","2025-10","150.0","-3.3","28.9","497.5","9.6","15.3","3.9"
"USC00208706","WATTON 2 WSW, MI US","46.52664","-88.64243","424.9","2025-11","150.0","-11.1","12.2","1038.5","-0.4","3.7","-4.4"
"USC00208706","WATTON 2 WSW, MI US","46.52664","-88.64243","424.9","2025-12","150.0","-22.8","3.3","1875.9","-8.7","-5.5","-11.9"
"USC00205434","MIDLAND, MI US","43.6088","-84.2011","195.1","2025-07","160.3","10.6","32.2","5.3","21.5","27.1","15.9"
"USC00205434","MIDLAND, MI US","43.6088","-84.2011","195.1","2025-08","230.3","5.0","31.7","33.3","19.7","25.1","14.3"
"USC00205434","MIDLAND, MI US","43.6088","-84.2011","195.1","2025-09","238.0","4.4","30.0","94.5","16.6","22.4","10.7"
"USC00205434","MIDLAND, MI US","43.6088","-84.2011","195.1","2025-10","243.6","-2.2","28.3","353.1","10.2","15.5","4.8"
"USC00205434","MIDLAND, MI US","43.6088","-84.2011","195.1","2025-11","243.6","-7.8","15.0","846.0","1.9","5.9","-2.1"
"USC00205434","MIDLAND, MI US","43.6088","-84.2011","195.1","2025-12","243.6","-18.3","7.8","1571.0","-5.1","-1.1","-9.0"
"USC00206884","REED CITY WWTP, MI US","43.875","-85.4968","319.1","2025-07",,,,,,,
"USC00206884","REED CITY WWTP, MI US","43.875","-85.4968","319.1","2025-08",,,,,,,
"USC00206884","REED CITY WWTP, MI US","43.875","-85.4968","319.1","2025-09",,,,,,,
"USC00206884","REED CITY WWTP, MI US","43.875","-85.4968","319.1","2025-10",,,,,,,
"USC00206884","REED CITY WWTP, MI US","43.875","-85.4968","319.1","2025-12",,,,,,,
"USR0000MSEN","SENEY MICHIGAN, MI US","46.2403","-85.9428","221.3","2025-07","85.5","6.1","33.3","22.1","19.3","26.3","12.4"
"USR0000MSEN","SENEY MICHIGAN, MI US","46.2403","-85.9428","221.3","2025-08","140.5","2.2","30.6","76.0","18.4","24.6","12.1"
"USR0000MSEN","SENEY MICHIGAN, MI US","46.2403","-85.9428","221.3","2025-09","151.9","2.8","29.4","160.8","15.9","21.7","10.1"
"USR0000MSEN","SENEY MICHIGAN, MI US","46.2403","-85.9428","221.3","2025-10","159.2","-3.3","28.3","421.1","10.2","16.1","4.2"
"USR0000MSEN","SENEY MICHIGAN, MI US","46.2403","-85.9428","221.3","2025-11","159.2","-12.8","12.2","927.2","1.5","5.5","-2.6"
"USR0000MSEN","SENEY MICHIGAN, MI US","46.2403","-85.9428","221.3","2025-12","159.2","-21.1","5.6","1589.8","-6.2","-2.6","-9.8"
"US1MIIR0001","TROUT CREEK 9.6 SSE, MI US","46.3596383","-88.9121902","501.7","2025-09",,,,,,,
"USC00208941","WHITE LAKE 4 E, MI US","42.698","-83.4716","321.0","2025-07","213.7","8.3","34.4","3.1","22.1","28.5","15.8"
"USC00208941","WHITE LAKE 4 E, MI US","42.698","-83.4716","321.0","2025-08","284.8","3.9","32.8","39.7","19.4","26.3","12.6"
"USC00208941","WHITE LAKE 4 E, MI US","42.698","-83.4716","321.0","2025-09","291.3","2.2","30.6","86.9","17.0","25.1","8.9"
"USC00208941","WHITE LAKE 4 E, MI US","42.698","-83.4716","321.0","2025-10","300.7","-2.8","31.7","307.6","11.5","18.7","4.3"
"USC00208941","WHITE LAKE 4 E, MI US","42.698","-83.4716","321.0","2025-11","300.7","-7.2","17.8","769.7","2.9","7.9","-2.1"
"USC00208941","WHITE LAKE 4 E, MI US","42.698","-83.4716","321.0","2025-12","300.7","-20.0","13.9","1468.5","-4.2","0.5","-9.0"
"USC00204104","IRONWOOD, MI US","46.4656","-90.1892","435.9","2025-07","108.9","7.2","31.7","29.1","19.5","25.3","13.7"
"USC00204104","IRONWOOD, MI US","46.4656","-90.1892","435.9","2025-08","142.3","4.4","29.4","81.1","17.7","23.2","12.3"
"USC00204104","IRONWOOD, MI US","46.4656","-90.1892","435.9","2025-09","156.1","3.9","28.3","187.4","15.3","20.6","9.9"
"USC00204104","IRONWOOD, MI US","46.4656","-90.1892","435.9","2025-10","166.9","-1.7","29.4","466.0","9.7","15.4","4.0"
"USC00204104","IRONWOOD, MI US","46.4656","-90.1892","435.9","2025-11","166.9","-9.4","15.0","1010.4","0.2","4.1","-3.7"
"USC00204104","IRONWOOD, MI US","46.4656","-90.1892","435.9","2025-12","166.9","-24.4","5.0","1839.7","-9.3","-4.8","-13.9"
"US1MIIR0003","IRON RIVER 2.3 NW, MI US","46.12119","-88.67501","459.9","2025-07",,,,,,,
"US1MIIR0003","IRON RIVER 2.3 NW, MI US","46.12119","-88.67501","459.9","2025-09",,,,,,,
"US1MIIR0003","IRON RIVER 2.3 NW, MI US","46.12119","-88.67501","459.9","2025-10",,,,,,,
"US1MIIR0003","IRON RIVER 2.3 NW, MI US","46.12119","-88.67501","459.9","2025-11",,,,,,,
"US1MIIR0003","IRON RIVER 2.3 NW, MI US","46.12119","-88.67501","459.9","2025-12",,,,,,,
"USC00204105","IRONWOOD NUMBER 2, MI US","46.46521","-90.13827","463.3","2025-07","102.3","6.7","32.2","31.1","19.2","25.4","13.0"
"USC00204105","IRONWOOD NUMBER 2, MI US","46.46521","-90.13827","463.3","2025-08","139.8","2.8","30.0","78.8","18.0","23.8","12.1"
"USC00204105","IRONWOOD NUMBER 2, MI US","46.46521","-90.13827","463.3","2025-09","156.3","3.3","28.9","177.9","15.5","21.0","10.0"
"USC00204105","IRONWOOD NUMBER 2, MI US","46.46521","-90.13827","463.3","2025-10","161.1","-2.8","28.9","449.6","9.4","15.6","3.3"
"USC00204105","IRONWOOD NUMBER 2, MI US","46.46521","-90.13827","463.3","2025-11","161.1","-10.0","14.4","1004.6","-0.2","3.9","-4.3"
"USC00204105","IRONWOOD NUMBER 2, MI US","46.46521","-90.13827","463.3","2025-12","161.1","-25.6","4.4","1879.2","-9.9","-5.7","-14.1"
"USC00208043","TAHQUAMENON FALLS S P, MI US","46.6013","-85.2238","227.1","2025-07","59.6","4.4","30.6","47.9","18.0","24.9","11.1"
"USC00208043","TAHQUAMENON FALLS S P, MI US","46.6013","-85.2238","227.1","2025-08","100.8","1.1","30.6","129.7","17.0","23.5","10.6"
"USC00208043","TAHQUAMENON FALLS S P, MI US","46.6013","-85.2238","227.1","2025-09","103.9","1.7","26.7","239.6","14.8","20.6","8.9"
"USC00208043","TAHQUAMENON FALLS S P, MI US","46.6013","-85.2238","227.1","2025-10","108.1","-3.9","27.8","548.7","8.5","14.5","2.5"
"USC00208043","TAHQUAMENON FALLS S P, MI US","46.6013","-85.2238","227.1","2025-11","108.1","-10.0","11.7","1058.5","0.8","4.7","-3.2"
"USC00208043","TAHQUAMENON FALLS S P, MI US","46.6013","-85.2238","227.1","2025-12","108.1","-15.6","6.1","1852.8","-7.3","-3.9","-10.7"
"US1MIWS0049","CHELSEA 2.4 S, MI US","42.2808479","-84.03025","298.7","2025-07",,,,,,,
"US1MIWS0049","CHELSEA 2.4 S, MI US","42.2808479","-84.03025","298.7","2025-08",,,,,,,
"US1MIWS0049","CHELSEA 2.4 S, MI US","42.2808479","-84.03025","298.7","2025-09",,,,,,,
"US1MIWS0049","CHELSEA 2.4 S, MI US","42.2808479","-84.03025","298.7","2025-10",,,,,,,
"US1MIWS0049","CHELSEA 2.4 S, MI US","42.2808479","-84.03025","298.7","2025-11",,,,,,,
"US1MIKN0065","BELMONT 1.0 WNW, MI US","43.07895","-85.6282","239.3","2025-07",,,,,,,
"US1MIKN0065","BELMONT 1.0 WNW, MI US","43.07895","-85.6282","239.3","2025-08",,,,,,,
"US1MIKN0065","BELMONT 1.0 WNW, MI US","43.07895","-85.6282","239.3","2025-09",,,,,,,
"US1MIKN0065","BELMONT 1.0 WNW, MI US","43.07895","-85.6282","239.3","2025-10",,,,,,,
"US1MIKN0065","BELMONT 1.0 WNW, MI US","43.07895","-85.6282","239.3","2025-11",,,,,,,
"US1MIKN0065","BELMONT 1.0 WNW, MI US","43.07895","-85.6282","239.3","2025-12",,,,,,,
"USC00207070","ROCKFORD, MI US","43.1158","-85.5642","218.2","2025-07",,,,,,,
"USC00207070","ROCKFORD, MI US","43.1158","-85.5642","218.2","2025-08",,,,,,,
"USC00207070","ROCKFORD, MI US","43.1158","-85.5642","218.2","2025-09",,,,,,,
"USC00207070","ROCKFORD, MI US","43.1158","-85.5642","218.2","2025-10",,,,,,,
"USC00207070","ROCKFORD, MI US","43.1158","-85.5642","218.2","2025-11",,,,,,,
"US1MIGN0041","FLINT 2.4 WSW, MI US","43.004667","-83.733946","239.9","2025-07",,,,,,,
"US1MIGN0041","FLINT 2.4 WSW, MI US","43.004667","-83.733946","239.9","2025-08",,,,,,,
"US1MIGN0041","FLINT 2.4 WSW, MI US","43.004667","-83.733946","239.9","2025-09",,,,,,,
"US1MIGN0041","FLINT 2.4 WSW, MI US","43.004667","-83.733946","239.9","2025-10",,,,,,,
"US1MIGN0041","FLINT 2.4 WSW, MI US","43.004667","-83.733946","239.9","2025-11",,,,,,,
"US1MIGN0041","FLINT 2.4 WSW, MI US","43.004667","-83.733946","239.9","2025-12",,,,,,,
"USC00203823","HILLSDALE, MI US","41.9352","-84.6411","329.2","2025-07","290.4","11.1","35.0","0.0","23.4","29.6","17.3"
"USC00203823","HILLSDALE, MI US","41.9352","-84.6411","329.2","2025-08","387.4","5.6","33.3","26.7","20.6","27.3","13.9"
"USC00203823","HILLSDALE, MI US","41.9352","-84.6411","329.2","2025-09","420.5","3.9","31.1","60.0","18.3","26.0","10.7"
"USC00203823","HILLSDALE, MI US","41.9352","-84.6411","329.2","2025-10","434.9","-2.2","31.1","259.3","12.4","19.7","5.1"
"USC00203823","HILLSDALE, MI US","41.9352","-84.6411","329.2","2025-11","434.9","-6.7","18.3","690.0","3.6","8.8","-1.6"
"USC00203823","HILLSDALE, MI US","41.9352","-84.6411","329.2","2025-12","434.9","-19.4","17.2","1374.3","-3.7","1.1","-8.6"
"US1MIGN0047","FENTON 1.1 S, MI US","42.78405","-83.71073","307.5","2025-07",,,,,,,
"US1MIGN0047","FENTON 1.1 S, MI US","42.78405","-83.71073","307.5","2025-08",,,,,,,
"US1MIGN0047","FENTON 1.1 S, MI US","42.78405","-83.71073","307.5","2025-09",,,,,,,
"US1MIWS0044","SALINE 1.3 SSE, MI US","42.15951","-83.7657","238.4","2025-07",,,,,,,
"US1MIWS0044","SALINE 1.3 SSE, MI US","42.15951","-83.7657","238.4","2025-08",,,,,,,
"US1MIWS0044","SALINE 1.3 SSE, MI US","42.15951","-83.7657","238.4","2025-09",,,,,,,
"US1MIWS0044","SALINE 1.3 SSE, MI US","42.15951","-83.7657","238.4","2025-10",,,,,,,
"US1MIAR0002","ALGER 2.4 ENE, MI US","44.1337316483259","-84.0743129700422","238.4","2025-07",,,,,,,
"US1MIAR0002","ALGER 2.4 ENE, MI US","44.1337316483259","-84.0743129700422","238.4","2025-08",,,,,,,
"US1MIAR0002","ALGER 2.4 ENE, MI US","44.1337316483259","-84.0743129700422","238.4","2025-09",,,,,,,
"US1MIAR0002","ALGER 2.4 ENE, MI US","44.1337316483259","-84.0743129700422","238.4","2025-11",,,,,,,
"US1MIAR0002","ALGER 2.4 ENE, MI US","44.1337316483259","-84.0743129700422","238.4","2025-12",,,,,,,
"USC00202851","FLINT 7 W, MI US","43.0377","-83.7694","207.0","2025-07","225.4","10.6","34.4","4.7","22.6","28.4","16.8"
"USC00202851","FLINT 7 W, MI US","43.0377","-83.7694","207.0","2025-08","310.7","5.6","33.3","33.3","20.2","26.2","14.1"
"USC00202851","FLINT 7 W, MI US","43.0377","-83.7694","207.0","2025-09","319.4","3.3","29.4","84.5","16.9","24.1","9.7"
"USC00202851","FLINT 7 W, MI US","43.0377","-83.7694","207.0","2025-10","330.2","-1.7","31.1","298.8","11.6","18.1","5.0"
"USC00202851","FLINT 7 W, MI US","43.0377","-83.7694","207.0","2025-11","330.2","-7.2","15.6","770.8","2.6","7.9","-2.6"
"USC00202851","FLINT 7 W, MI US","43.0377","-83.7694","207.0","2025-12","330.2","-16.7","12.2","1473.0","-4.3","0.2","-8.9"
"US1MIAR0003","TAWAS CITY 9.3 SSW, MI US","44.1373","-83.5689","185.0","2025-07",,,,,,,
"US1MIAR0003","TAWAS CITY 9.3 SSW, MI US","44.1373","-83.5689","185.0","2025-08",,,,,,,
"US1MIAR0003","TAWAS CITY 9.3 SSW, MI US","44.1373","-83.5689","185.0","2025-09",,,,,,,
"US1MIAR0003","TAWAS CITY 9.3 SSW, MI US","44.1373","-83.5689","185.0","2025-10",,,,,,,
"US1MIAR0003","TAWAS CITY 9.3 SSW, MI US","44.1373","-83.5689","185.0","2025-11",,,,,,,
"US1MIAR0003","TAWAS CITY 9.3 SSW, MI US","44.1373","-83.5689","185.0","2025-12",,,,,,,
"USC00200552","BATTLE CREEK 5 NW, MI US","42.3678","-85.2634","281.3","2025-07","246.2","12.8","32.8","0.0","22.8","28.0","17.6"
"USC00200552","BATTLE CREEK 5 NW, MI US","42.3678","-85.2634","281.3","2025-08","329.7","4.4","31.1","30.3","20.1","25.8","14.3"
"USC00200552","BATTLE CREEK 5 NW, MI US","42.3678","-85.2634","281.3","2025-09","344.3","2.8","28.3","74.0","17.4","23.8","10.9"
"USC00200552","BATTLE CREEK 5 NW, MI US","42.3678","-85.2634","281.3","2025-10","352.3","-2.2","28.9","288.2","11.7","17.5","5.9"
"USC00200552","BATTLE CREEK 5 NW, MI US","42.3678","-85.2634","281.3","2025-11","352.3","-8.3","17.8","733.2","3.5","7.8","-0.8"
"USC00200552","BATTLE CREEK 5 NW, MI US","42.3678","-85.2634","281.3","2025-12","352.3","-17.8","16.7","1402.5","-3.3","1.3","-7.8"
"USC00201522","CHESANING, MI US","43.1936","-84.1113","189.0","2025-07",,,,,,,
"USC00201522","CHESANING, MI US","43.1936","-84.1113","189.0","2025-08",,,,,,,
"USC00201522","CHESANING, MI US","43.1936","-84.1113","189.0","2025-09",,,,,,,
"USC00201522","CHESANING, MI US","43.1936","-84.1113","189.0","2025-10",,,,,,,
"USC00201522","CHESANING, MI US","43.1936","-84.1113","189.0","2025-11",,,,,,,
"USC00201522","CHESANING, MI US","43.1936","-84.1113","189.0","2025-12",,,,,,,
"US1MIWS0041","ANN ARBOR 7.1 W, MI US","42.2639","-83.8694","273.7","2025-07",,,,,,,
"US1MIWS0041","ANN ARBOR 7.1 W, MI US","42.2639","-83.8694","273.7","2025-08",,,,,,,
"US1MIWS0041","ANN ARBOR 7.1 W, MI US","42.2639","-83.8694","273.7","2025-09",,,,,,,
"US1MIWS0041","ANN ARBOR 7.1 W, MI US","42.2639","-83.8694","273.7","2025-10",,,,,,,
"US1MIWS0041","ANN ARBOR 7.1 W, MI US","42.2639","-83.8694","273.7","2025-11",,,,,,,
"US1MIWS0041","ANN ARBOR 7.1 W, MI US","42.2639","-83.8694","273.7","2025-12",,,,,,,
"USW00094814","HOUGHTON LAKE ROSCOMMON CO AIRPORT, MI US","44.35904","-84.6739","350.6","2025-07","149.9","5.0","33.3","10.3","20.7","27.6","13.8"
"USW00094814","HOUGHTON LAKE ROSCOMMON CO AIRPORT, MI US","44.35904","-84.6739","350.6","2025-08","213.3","1.7","33.3","61.7","18.7","26.2","11.2"
"USW00094814","HOUGHTON LAKE ROSCOMMON CO AIRPORT, MI US","44.35904","-84.6739","350.6","2025-09","218.1","-0.6","27.8","153.7","15.4","22.6","8.2"
"USW00094814","HOUGHTON LAKE ROSCOMMON CO AIRPORT, MI US","44.35904","-84.6739","350.6","2025-10","222.6","-5.0","30.6","414.0","10.1","16.7","3.4"
"USW00094814","HOUGHTON LAKE ROSCOMMON CO AIRPORT, MI US","44.35904","-84.6739","350.6","2025-11","222.6","-10.6","13.3","920.0","1.5","5.6","-2.7"
"USW00094814","HOUGHTON LAKE ROSCOMMON CO AIRPORT, MI US","44.35904","-84.6739","350.6","2025-12","222.6","-22.2","6.1","1659.7","-5.5","-1.8","-9.2"
"USW00094815","KALAMAZOO BATTLE CREEK INTERNATIONAL AIRPORT, MI US","42.22826","-85.546","263.3","2025-07","292.5","13.3","35.0","0.0","23.5","29.1","18.0"
"USW00094815","KALAMAZOO BATTLE CREEK INTERNATIONAL AIRPORT, MI US","42.22826","-85.546","263.3","2025-08","394.5","6.1","33.3","22.9","20.9","27.0","14.8"
"USW00094815","KALAMAZOO BATTLE CREEK INTERNATIONAL AIRPORT, MI US","42.22826","-85.546","263.3","2025-09","423.6","3.9","31.1","58.2","18.1","25.1","11.1"
"USW00094815","KALAMAZOO BATTLE CREEK INTERNATIONAL AIRPORT, MI US","42.22826","-85.546","263.3","2025-10","439.0","-2.8","30.6","259.5","12.3","18.4","6.2"
"USW00094815","KALAMAZOO BATTLE CREEK INTERNATIONAL AIRPORT, MI US","42.22826","-85.546","263.3","2025-11","439.0","-9.4","18.9","701.4","3.6","8.2","-1.0"
"USW00094815","KALAMAZOO BATTLE CREEK INTERNATIONAL AIRPORT, MI US","42.22826","-85.546","263.3","2025-12","439.0","-17.8","15.6","1366.3","-3.1","1.1","-7.4"
"US1MIKN0077","COMSTOCK PARK 1.0 NNW, MI US","43.057961","-85.680295","227.7","2025-07",,,,,,,
"US1MIKN0077","COMSTOCK PARK 1.0 NNW, MI US","43.057961","-85.680295","227.7","2025-08",,,,,,,
"US1MIKN0077","COMSTOCK PARK 1.0 NNW, MI US","43.057961","-85.680295","227.7","2025-09",,,,,,,
"US1MIKN0077","COMSTOCK PARK 1.0 NNW, MI US","43.057961","-85.680295","227.7","2025-10",,,,,,,
"USW00094817","PONTIAC OAKLAND CO INTERNATIONAL AIRPORT, MI US","42.66314","-83.41016","295.4","2025-07","268.4","11.7","36.1","0.0","23.4","28.8","18.1"
"USW00094817","PONTIAC OAKLAND CO INTERNATIONAL AIRPORT, MI US","42.66314","-83.41016","295.4","2025-08","371.2","7.2","34.4","17.5","21.1","27.0","15.1"
"USW00094817","PONTIAC OAKLAND CO INTERNATIONAL AIRPORT, MI US","42.66314","-83.41016","295.4","2025-09","405.5","6.1","31.1","45.0","18.6","25.4","11.7"
"USW00094817","PONTIAC OAKLAND CO INTERNATIONAL AIRPORT, MI US","42.66314","-83.41016","295.4","2025-10","419.3","0.0","31.3","235.4","12.6","18.0","7.3"
"USW00094817","PONTIAC OAKLAND CO INTERNATIONAL AIRPORT, MI US","42.66314","-83.41016","295.4","2025-11","419.3","-5.6","17.8","684.3","3.4","7.6","-0.9"
"USW00094817","PONTIAC OAKLAND CO INTERNATIONAL AIRPORT, MI US","42.66314","-83.41016","295.4","2025-12","419.3","-17.2","14.4","1375.2","-3.9","0.3","-8.2"
"US1MIMQ0040","GWINN 0.7 SW, MI US","46.283974","-87.450351","339.5","2025-07",,,,,,,
"US1MIMQ0040","GWINN 0.7 SW, MI US","46.283974","-87.450351","339.5","2025-08",,,,,,,
"US1MIMQ0040","GWINN 0.7 SW, MI US","46.283974","-87.450351","339.5","2025-09",,,,,,,
"US1MIMQ0040","GWINN 0.7 SW, MI US","46.283974","-87.450351","339.5","2025-10",,,,,,,
"US1MIMQ0040","GWINN 0.7 SW, MI US","46.283974","-87.450351","339.5","2025-11",,,,,,,
"US1MIKN0078","CEDAR SPRINGS 2.8 SSW, MI US","43.182941","-85.56863","253.9","2025-07",,,,,,,
"US1MIKN0078","CEDAR SPRINGS 2.8 SSW, MI US","43.182941","-85.56863","253.9","2025-08",,,,,,,
"US1MIKN0078","CEDAR SPRINGS 2.8 SSW, MI US","43.182941","-85.56863","253.9","2025-10",,,,,,,
"US1MIMB0033","ROSEVILLE 1.7 ENE, MI US","42.5147724151611","-82.9042267799377","180.4","2025-07",,,,,,,
"US1MIMB0033","ROSEVILLE 1.7 ENE, MI US","42.5147724151611","-82.9042267799377","180.4","2025-08",,,,,,,
"US1MIMB0033","ROSEVILLE 1.7 ENE, MI US","42.5147724151611","-82.9042267799377","180.4","2025-09",,,,,,,
"US1MIMB0033","ROSEVILLE 1.7 ENE, MI US","42.5147724151611","-82.9042267799377","180.4","2025-10",,,,,,,
"US1MIMB0033","ROSEVILLE 1.7 ENE, MI US","42.5147724151611","-82.9042267799377","180.4","2025-11",,,,,,,
"US1MIMB0033","ROSEVILLE 1.7 ENE, MI US","42.5147724151611","-82.9042267799377","180.4","2025-12",,,,,,,
"USC00204808","LEXINGTON WATER PLANT, MI US","43.26319","-82.5327","189.6","2025-07","172.5","10.6","33.9","7.7","21.8","26.9","16.7"
"USC00204808","LEXINGTON WATER PLANT, MI US","43.26319","-82.5327","189.6","2025-08","264.8","6.7","33.9","32.4","20.6","25.8","15.4"
"USC00204808","LEXINGTON WATER PLANT, MI US","43.26319","-82.5327","189.6","2025-09",,,,,,,
"USC00204808","LEXINGTON WATER PLANT, MI US","43.26319","-82.5327","189.6","2025-10",,,,,,,
"USC00204808","LEXINGTON WATER PLANT, MI US","43.26319","-82.5327","189.6","2025-11",,,,,,,
"USC00204808","LEXINGTON WATER PLANT, MI US","43.26319","-82.5327","189.6","2025-12",,"-17.2","13.9",,"-4.4","-0.5","-8.3"
"US1MIWS0059","ANN ARBOR 4.3 WSW, MI US","42.24744","-83.80649","320.3","2025-08",,,,,,,
"US1MIWS0059","ANN ARBOR 4.3 WSW, MI US","42.24744","-83.80649","320.3","2025-10",,,,,,,
"US1MIWS0058","ANN ARBOR 6.4 NNE, MI US","42.36326","-83.69184","307.2","2025-08",,,,,,,
"US1MIWS0058","ANN ARBOR 6.4 NNE, MI US","42.36326","-83.69184","307.2","2025-09",,,,,,,
"US1MIWS0058","ANN ARBOR 6.4 NNE, MI US","42.36326","-83.69184","307.2","2025-10",,,,,,,
"US1MIWS0058","ANN ARBOR 6.4 NNE, MI US","42.36326","-83.69184","307.2","2025-11",,,,,,,
"US1MIWS0055","SOUTH LYON 2.6 SW, MI US","42.43423","-83.68679","296.0","2025-07",,,,,,,
"US1MIWS0055","SOUTH LYON 2.6 SW, MI US","42.43423","-83.68679","296.0","2025-08",,,,,,,
"US1MIWS0055","SOUTH LYON 2.6 SW, MI US","42.43423","-83.68679","296.0","2025-09",,,,,,,
"US1MIWS0055","SOUTH LYON 2.6 SW, MI US","42.43423","-83.68679","296.0","2025-10",,,,,,,
"US1MIWS0053","CHELSEA 3.7 NNE, MI US","42.3636","-83.9933","288.3","2025-07",,,,,,,
"US1MIWS0053","CHELSEA 3.7 NNE, MI US","42.3636","-83.9933","288.3","2025-08",,,,,,,
"US1MIWS0053","CHELSEA 3.7 NNE, MI US","42.3636","-83.9933","288.3","2025-09",,,,,,,
"US1MIWS0053","CHELSEA 3.7 NNE, MI US","42.3636","-83.9933","288.3","2025-10",,,,,,,
"US1MIWS0053","CHELSEA 3.7 NNE, MI US","42.3636","-83.9933","288.3","2025-11",,,,,,,
"US1MIWS0053","CHELSEA 3.7 NNE, MI US","42.3636","-83.9933","288.3","2025-12",,,,,,,
"USC00201896","CROSS VILLAGE 1 E, MI US","45.6413","-85.0141","219.8","2025-09",,,,,,,
"USC00201896","CROSS VILLAGE 1 E, MI US","45.6413","-85.0141","219.8","2025-10",,"0.0","27.2",,"11.7","17.1","6.3"
"USC00201896","CROSS VILLAGE 1 E, MI US","45.6413","-85.0141","219.8","2025-11",,"-8.3","12.8",,"3.6","7.4","-0.3"
"USC00202984","FRANKFORT 2 NE, MI US","44.64822","-86.20986","289.0","2025-07","159.8","11.1","30.0","2.7","21.5","26.0","17.0"
"USC00202984","FRANKFORT 2 NE, MI US","44.64822","-86.20986","289.0","2025-08","240.0","8.3","31.7","22.3","20.4","24.7","16.0"
"USC00202984","FRANKFORT 2 NE, MI US","44.64822","-86.20986","289.0","2025-09","261.6","7.2","27.8","66.5","17.5","22.2","12.9"
"USC00202984","FRANKFORT 2 NE, MI US","44.64822","-86.20986","289.0","2025-10","273.6","1.7","28.3","256.0","12.6","17.0","8.2"
"USC00202984","FRANKFORT 2 NE, MI US","44.64822","-86.20986","289.0","2025-11",,"-4.4",,,,,"0.8"
"USC00202984","FRANKFORT 2 NE, MI US","44.64822","-86.20986","289.0","2025-12",,,,,,,
"USR0000MRAC","RACO MICHIGAN, MI US","46.25","-84.5833","274.3","2025-07","64.5","3.9","31.1","28.5","18.7","25.5","11.9"
"USR0000MRAC","RACO MICHIGAN, MI US","46.25","-84.5833","274.3","2025-08","111.1","1.7","30.0","87.0","17.9","24.0","11.9"
"USR0000MRAC","RACO MICHIGAN, MI US","46.25","-84.5833","274.3","2025-09","115.8","1.7","26.7","199.1","14.8","20.5","9.0"
"USR0000MRAC","RACO MICHIGAN, MI US","46.25","-84.5833","274.3","2025-10","122.5","-6.1","28.3","472.1","9.7","15.4","4.0"
"USR0000MRAC","RACO MICHIGAN, MI US","46.25","-84.5833","274.3","2025-11","122.5","-11.7","11.1","996.7","0.9","4.6","-2.9"
"USR0000MRAC","RACO MICHIGAN, MI US","46.25","-84.5833","274.3","2025-12","122.5","-16.1","5.6","1765.5","-6.5","-2.9","-10.1"
"USC00208184","THREE RIVERS, MI US","41.9299","-85.6385","246.9","2025-07","289.6","13.9","35.6","0.0","23.7","29.9","17.4"
"USC00208184","THREE RIVERS, MI US","41.9299","-85.6385","246.9","2025-08","393.5","7.2","33.3","19.7","21.1","27.5","14.6"
"USC00208184","THREE RIVERS, MI US","41.9299","-85.6385","246.9","2025-09","434.4","3.9","32.2","54.8","18.5","25.8","11.3"
"USC00208184","THREE RIVERS, MI US","41.9299","-85.6385","246.9","2025-10","447.2","-1.1","30.6","238.7","12.8","19.5","6.2"
"USC00208184","THREE RIVERS, MI US","41.9299","-85.6385","246.9","2025-11","447.2","-6.1","18.9","671.2","3.9","9.0","-1.2"
"USC00208184","THREE RIVERS, MI US","41.9299","-85.6385","246.9","2025-12","447.2","-17.2","17.2","1323.6","-2.7","2.0","-7.5"
"US1MIKN0086","GRAND RAPIDS 5.5 SSE, MI US","42.891167","-85.60239","234.4","2025-07",,,,,,,
"US1MIKN0086","GRAND RAPIDS 5.5 SSE, MI US","42.891167","-85.60239","234.4","2025-08",,,,,,,
"US1MIKN0086","GRAND RAPIDS 5.5 SSE, MI US","42.891167","-85.60239","234.4","2025-09",,,,,,,
"US1MIKN0086","GRAND RAPIDS 5.5 SSE, MI US","42.891167","-85.60239","234.4","2025-10",,,,,,,
"US1MIKN0086","GRAND RAPIDS 5.5 SSE, MI US","42.891167","-85.60239","234.4","2025-11",,,,,,,
"US1MIWS0028","DEXTER 0.3 ENE, MI US","42.333667755127","-83.875129699707","274.0","2025-08",,,,,,,
"US1MIWS0028","DEXTER 0.3 ENE, MI US","42.333667755127","-83.875129699707","274.0","2025-09",,,,,,,
"US1MIWS0028","DEXTER 0.3 ENE, MI US","42.333667755127","-83.875129699707","274.0","2025-10",,,,,,,
"US1MIWS0028","DEXTER 0.3 ENE, MI US","42.333667755127","-83.875129699707","274.0","2025-11",,,,,,,
"US1MIWS0028","DEXTER 0.3 ENE, MI US","42.333667755127","-83.875129699707","274.0","2025-12",,,,,,,
"US1MIHL0013","OSSEO 2.7 NE, MI US","41.900713","-84.493602","356.6","2025-07",,,,,,,
"US1MIHL0013","OSSEO 2.7 NE, MI US","41.900713","-84.493602","356.6","2025-08",,,,,,,
"US1MIHL0013","OSSEO 2.7 NE, MI US","41.900713","-84.493602","356.6","2025-09",,,,,,,
"US1MIHL0013","OSSEO 2.7 NE, MI US","41.900713","-84.493602","356.6","2025-10",,,,,,,
"US1MIHL0013","OSSEO 2.7 NE, MI US","41.900713","-84.493602","356.6","2025-11",,,,,,,
"US1MIHR0001","BAD AXE 6.3 SSW, MI US","43.7226168665","-83.0572713121","232.0","2025-07",,,,,,,
"US1MIHR0001","BAD AXE 6.3 SSW, MI US","43.7226168665","-83.0572713121","232.0","2025-09",,,,,,,
"US1MIHR0001","BAD AXE 6.3 SSW, MI US","43.7226168665","-83.0572713121","232.0","2025-11",,,,,,,
"US1MIHR0001","BAD AXE 6.3 SSW, MI US","43.7226168665","-83.0572713121","232.0","2025-12",,,,,,,
"US1MIHR0002","BAD AXE 0.5 SSW, MI US","43.796139","-82.999626","228.0","2025-07",,,,,,,
"US1MIHR0002","BAD AXE 0.5 SSW, MI US","43.796139","-82.999626","228.0","2025-08",,,,,,,
"US1MIHR0002","BAD AXE 0.5 SSW, MI US","43.796139","-82.999626","228.0","2025-09",,,,,,,
"US1MIHR0002","BAD AXE 0.5 SSW, MI US","43.796139","-82.999626","228.0","2025-10",,,,,,,
"USR0000MBAL","BALDWIN MICHIGAN, MI US","43.8933","-85.8506","253.6","2025-07","196.2","6.7","35.0","6.7","21.4","28.7","14.1"
"USR0000MBAL","BALDWIN MICHIGAN, MI US","43.8933","-85.8506","253.6","2025-08","267.8","0.6","33.9","49.7","19.3","27.0","11.5"
"USR0000MBAL","BALDWIN MICHIGAN, MI US","43.8933","-85.8506","253.6","2025-09","281.7","-1.7","30.6","125.5","16.3","24.9","7.6"
"USR0000MBAL","BALDWIN MICHIGAN, MI US","43.8933","-85.8506","253.6","2025-10","284.9","-6.1","30.6","381.5","10.2","17.7","2.6"
"USR0000MBAL","BALDWIN MICHIGAN, MI US","43.8933","-85.8506","253.6","2025-11","284.9","-12.8","16.7","865.2","1.2","7.5","-5.2"
"USR0000MBAL","BALDWIN MICHIGAN, MI US","43.8933","-85.8506","253.6","2025-12","284.9","-23.9","7.8","1530.8","-4.6","-0.4","-8.7"
"US1MIHL0015","HILLSDALE 2.5 ESE, MI US","41.910949","-84.592046","360.3","2025-07",,,,,,,
"US1MIHL0015","HILLSDALE 2.5 ESE, MI US","41.910949","-84.592046","360.3","2025-08",,,,,,,
"US1MIHL0015","HILLSDALE 2.5 ESE, MI US","41.910949","-84.592046","360.3","2025-09",,,,,,,
"US1MIHL0015","HILLSDALE 2.5 ESE, MI US","41.910949","-84.592046","360.3","2025-10",,,,,,,
"US1MIHL0015","HILLSDALE 2.5 ESE, MI US","41.910949","-84.592046","360.3","2025-11",,,,,,,
"US1MIHL0015","HILLSDALE 2.5 ESE, MI US","41.910949","-84.592046","360.3","2025-12",,,,,,,
"US1MIGN0022","GRAND BLANC 2.9 SE, MI US","42.8908670693636","-83.585834428668","283.8","2025-07",,,,,,,
"US1MIGN0022","GRAND BLANC 2.9 SE, MI US","42.8908670693636","-83.585834428668","283.8","2025-11",,,,,,,
"US1MIGN0022","GRAND BLANC 2.9 SE, MI US","42.8908670693636","-83.585834428668","283.8","2025-12",,,,,,,
"US1MIKN0084","GRAND RAPIDS 4.6 ESE, MI US","42.9281463623047","-85.5768508911133","239.6","2025-07",,,,,,,
"US1MIKN0084","GRAND RAPIDS 4.6 ESE, MI US","42.9281463623047","-85.5768508911133","239.6","2025-08",,,,,,,
"US1MIKN0084","GRAND RAPIDS 4.6 ESE, MI US","42.9281463623047","-85.5768508911133","239.6","2025-11",,,,,,,
"US1MIWS0025","SALINE 3.8 SSW, MI US","42.12618","-83.81094","249.9","2025-07",,,,,,,
"US1MIWS0025","SALINE 3.8 SSW, MI US","42.12618","-83.81094","249.9","2025-08",,,,,,,
"US1MIWS0025","SALINE 3.8 SSW, MI US","42.12618","-83.81094","249.9","2025-09",,,,,,,
"US1MIWS0025","SALINE 3.8 SSW, MI US","42.12618","-83.81094","249.9","2025-10",,,,,,,
"US1MIWS0025","SALINE 3.8 SSW, MI US","42.12618","-83.81094","249.9","2025-11",,,,,,,
"US1MIWS0025","SALINE 3.8 SSW, MI US","42.12618","-83.81094","249.9","2025-12",,,,,,,
"US1MIMB0009","NEW BALTIMORE 0.4 SSE, MI US","42.677025","-82.735671","175.0","2025-07",,,,,,,
"US1MIMB0009","NEW BALTIMORE 0.4 SSE, MI US","42.677025","-82.735671","175.0","2025-08",,,,,,,
"US1MIMB0009","NEW BALTIMORE 0.4 SSE, MI US","42.677025","-82.735671","175.0","2025-09",,,,,,,
"US1MIMB0009","NEW BALTIMORE 0.4 SSE, MI US","42.677025","-82.735671","175.0","2025-10",,,,,,,
"US1MIMB0009","NEW BALTIMORE 0.4 SSE, MI US","42.677025","-82.735671","175.0","2025-11",,,,,,,
"US1MIMB0009","NEW BALTIMORE 0.4 SSE, MI US","42.677025","-82.735671","175.0","2025-12",,,,,,,
"US1MIWS0024","ANN ARBOR 2.6 NNE, MI US","42.31025","-83.713693","277.4","2025-07",,,,,,,
"US1MIWS0024","ANN ARBOR 2.6 NNE, MI US","42.31025","-83.713693","277.4","2025-08",,,,,,,
"US1MIWS0024","ANN ARBOR 2.6 NNE, MI US","42.31025","-83.713693","277.4","2025-09",,,,,,,
"US1MIWS0024","ANN ARBOR 2.6 NNE, MI US","42.31025","-83.713693","277.4","2025-10",,,,,,,
"US1MIWS0024","ANN ARBOR 2.6 NNE, MI US","42.31025","-83.713693","277.4","2025-11",,,,,,,
"US1MIKN0083","ROCKFORD 5.0 ESE, MI US","43.09455","-85.467366","265.5","2025-07",,,,,,,
"US1MIKN0083","ROCKFORD 5.0 ESE, MI US","43.09455","-85.467366","265.5","2025-11",,,,,,,
"US1MIKN0083","ROCKFORD 5.0 ESE, MI US","43.09455","-85.467366","265.5","2025-12",,,,,,,
"US1MIMB0007","SHELBY 0.4 SSE, MI US","42.665936","-83.028694","207.3","2025-07",,,,,,,
"US1MIMB0007","SHELBY 0.4 SSE, MI US","42.665936","-83.028694","207.3","2025-08",,,,,,,
"US1MIMB0007","SHELBY 0.4 SSE, MI US","42.665936","-83.028694","207.3","2025-09",,,,,,,
"US1MIMB0007","SHELBY 0.4 SSE, MI US","42.665936","-83.028694","207.3","2025-10",,,,,,,
"US1MIMB0007","SHELBY 0.4 SSE, MI US","42.665936","-83.028694","207.3","2025-11",,,,,,,
"US1MIMB0007","SHELBY 0.4 SSE, MI US","42.665936","-83.028694","207.3","2025-12",,,,,,,
"USW00094836","GWINN K I SAWYER AFB, MI US","46.35","-87.4","372.2","2025-07","114.6","6.0","32.0","33.8","19.4","25.3","13.5"
"USW00094836","GWINN K I SAWYER AFB, MI US","46.35","-87.4","372.2","2025-08","156.1","1.0","32.0","88.0","17.9","23.0","12.8"
"USW00094836","GWINN K I SAWYER AFB, MI US","46.35","-87.4","372.2","2025-09","162.8","3.0","28.0","187.5","15.0","19.8","10.3"
"USW00094836","GWINN K I SAWYER AFB, MI US","46.35","-87.4","372.2","2025-10","169.8","-4.0","29.0","459.8","9.8","15.1","4.5"
"USW00094836","GWINN K I SAWYER AFB, MI US","46.35","-87.4","372.2","2025-11","169.8","-9.0","10.0","994.3","0.5","3.9","-2.9"
"USW00094836","GWINN K I SAWYER AFB, MI US","46.35","-87.4","372.2","2025-12","169.8","-23.0","4.0","1792.1","-7.4","-4.0","-10.8"
"USC00203858","HOLLAND WTP, MI US","42.7989","-86.20635","184.4","2025-07",,,,,,,
"USC00203858","HOLLAND WTP, MI US","42.7989","-86.20635","184.4","2025-08",,,,,,,
"USC00203858","HOLLAND WTP, MI US","42.7989","-86.20635","184.4","2025-09",,,,,,,
"USC00203858","HOLLAND WTP, MI US","42.7989","-86.20635","184.4","2025-10",,,,,,,
"USC00203858","HOLLAND WTP, MI US","42.7989","-86.20635","184.4","2025-11",,,,,,,
"USC00203858","HOLLAND WTP, MI US","42.7989","-86.20635","184.4","2025-12",,,,,,,
"USC00201435","CLARKSBURG, MI US","46.49909","-87.84506","473.7","2025-07","67.3","3.3","33.3","53.5","17.9","26.6","9.1"
"USC00201435","CLARKSBURG, MI US","46.49909","-87.84506","473.7","2025-08","87.3","-1.7","31.7","153.3","15.8","24.1","7.4"
"USC00201435","CLARKSBURG, MI US","46.49909","-87.84506","473.7","2025-09","88.6","-1.1","28.3","297.2","13.6","20.8","6.3"
"USC00201435","CLARKSBURG, MI US","46.49909","-87.84506","473.7","2025-10","88.6","-6.7","28.9","611.6","8.2","15.6","0.8"
"USC00201435","CLARKSBURG, MI US","46.49909","-87.84506","473.7","2025-11","88.6","-12.8","10.6","1196.1","-1.1","4.1","-6.4"
"USC00201435","CLARKSBURG, MI US","46.49909","-87.84506","473.7","2025-12","88.6","-27.8","3.9","2053.8","-9.3","-4.6","-14.1"
"USC00200106","ALGONAC WWTP, MI US","42.6158","-82.5436","178.3","2025-07","266.2","11.1","35.0","1.2","23.4","29.8","17.0"
"USC00200106","ALGONAC WWTP, MI US","42.6158","-82.5436","178.3","2025-08","373.4","6.1","34.4","19.5","21.2","27.7","14.7"
"USC00200106","ALGONAC WWTP, MI US","42.6158","-82.5436","178.3","2025-09","405.4","6.1","32.2","42.7","18.6","26.2","11.0"
"USC00200106","ALGONAC WWTP, MI US","42.6158","-82.5436","178.3","2025-10","419.3","-0.6","31.7","233.9","12.6","19.7","5.6"
"USC00200106","ALGONAC WWTP, MI US","42.6158","-82.5436","178.3","2025-11","419.3","-6.7","17.2","601.5","4.5","10.6","-1.5"
"USC00200106","ALGONAC WWTP, MI US","42.6158","-82.5436","178.3","2025-12","419.3","-15.6","12.8","1270.5","-3.2","0.8","-7.3"
"USC00204944","LOWELL, MI US","42.92793","-85.34013","199.9","2025-07",,,,,,,
"USC00204944","LOWELL, MI US","42.92793","-85.34013","199.9","2025-08",,,,,,,
"USC00204944","LOWELL, MI US","42.92793","-85.34013","199.9","2025-09",,,,,,,
"USC00204944","LOWELL, MI US","42.92793","-85.34013","199.9","2025-10",,,,,,,
"USC00204944","LOWELL, MI US","42.92793","-85.34013","199.9","2025-11",,,,,,,
"USC00204944","LOWELL, MI US","42.92793","-85.34013","199.9","2025-12",,,,,,,
"USC00200228","ANN ARBOR SE, MI US","42.2416","-83.6933","253.6","2025-07","249.1","10.6","34.4","0.3","23.0","29.1","16.9"
"USC00200228","ANN ARBOR SE, MI US","42.2416","-83.6933","253.6","2025-08","335.5","5.6","32.8","28.2","20.2","26.7","13.7"
"USC00200228","ANN ARBOR SE, MI US","42.2416","-83.6933","253.6","2025-09","353.6","5.0","30.0","64.1","17.7","25.3","10.2"
"USC00200228","ANN ARBOR SE, MI US","42.2416","-83.6933","253.6","2025-10","366.1","-1.1","31.7","258.8","12.5","19.6","5.3"
"USC00200228","ANN ARBOR SE, MI US","42.2416","-83.6933","253.6","2025-11","366.1","-6.1","18.9","693.7","3.8","9.2","-1.5"
"USC00200228","ANN ARBOR SE, MI US","42.2416","-83.6933","253.6","2025-12","366.1","-17.8","16.1","1366.4","-3.4","1.2","-7.9"
"US1MIGN0034","DAVISON 3.4 NNW, MI US","43.07662","-83.54797","248.7","2025-07",,,,,,,
"US1MIGN0034","DAVISON 3.4 NNW, MI US","43.07662","-83.54797","248.7","2025-11",,,,,,,
"US1MIGN0034","DAVISON 3.4 NNW, MI US","43.07662","-83.54797","248.7","2025-12",,,,,,,
"US1MIWS0037","PLYMOUTH 6.3 W, MI US","42.382058","-83.589714","276.8","2025-07",,,,,,,
"US1MIWS0037","PLYMOUTH 6.3 W, MI US","42.382058","-83.589714","276.8","2025-09",,,,,,,
"US1MIWS0037","PLYMOUTH 6.3 W, MI US","42.382058","-83.589714","276.8","2025-11",,,,,,,
"US1MIWS0037","PLYMOUTH 6.3 W, MI US","42.382058","-83.589714","276.8","2025-12",,,,,,,
"US1MIWY0125","CANTON 2.7 N, MI US","42.347327","-83.472867","210.6","2025-09",,,,,,,
"US1MIWY0125","CANTON 2.7 N, MI US","42.347327","-83.472867","210.6","2025-10",,,,,,,
"US1MIWY0125","CANTON 2.7 N, MI US","42.347327","-83.472867","210.6","2025-11",,,,,,,
"US1MIWY0125","CANTON 2.7 N, MI US","42.347327","-83.472867","210.6","2025-12",,,,,,,
"US1MIGN0037","DAVISON 1.8 SW, MI US","43.0103842610508","-83.538554962332","241.7","2025-07",,,,,,,
"US1MIGN0037","DAVISON 1.8 SW, MI US","43.0103842610508","-83.538554962332","241.7","2025-08",,,,,,,
"US1MIGN0037","DAVISON 1.8 SW, MI US","43.0103842610508","-83.538554962332","241.7","2025-09",,,,,,,
"US1MIGN0037","DAVISON 1.8 SW, MI US","43.0103842610508","-83.538554962332","241.7","2025-10",,,,,,,
"US1MIGN0037","DAVISON 1.8 SW, MI US","43.0103842610508","-83.538554962332","241.7","2025-11",,,,,,,
"US1MIKN0093","GRANDVILLE 0.6 SSW, MI US","42.89531","-85.76006","192.0","2025-07",,,,,,,
"US1MIKN0093","GRANDVILLE 0.6 SSW, MI US","42.89531","-85.76006","192.0","2025-08",,,,,,,
"US1MIKN0093","GRANDVILLE 0.6 SSW, MI US","42.89531","-85.76006","192.0","2025-09",,,,,,,
"US1MIKN0093","GRANDVILLE 0.6 SSW, MI US","42.89531","-85.76006","192.0","2025-10",,,,,,,
"US1MIKN0093","GRANDVILLE 0.6 SSW, MI US","42.89531","-85.76006","192.0","2025-11",,,,,,,
"US1MIKN0093","GRANDVILLE 0.6 SSW, MI US","42.89531","-85.76006","192.0","2025-12",,,,,,,
"US1MIKN0094","CALEDONIA 2.6 NNW, MI US","42.82742","-85.534945","250.9","2025-07",,,,,,,
"US1MIKN0094","CALEDONIA 2.6 NNW, MI US","42.82742","-85.534945","250.9","2025-08",,,,,,,
"US1MIKN0094","CALEDONIA 2.6 NNW, MI US","42.82742","-85.534945","250.9","2025-09",,,,,,,
"US1MIKN0094","CALEDONIA 2.6 NNW, MI US","42.82742","-85.534945","250.9","2025-10",,,,,,,
"US1MIKN0094","CALEDONIA 2.6 NNW, MI US","42.82742","-85.534945","250.9","2025-11",,,,,,,
"US1MIKN0094","CALEDONIA 2.6 NNW, MI US","42.82742","-85.534945","250.9","2025-12",,,,,,,
"USC00200342","ATLANTA, MI US","45.00471","-84.14043","267.9","2025-07","150.6","7.2","33.9","12.8","20.7","27.4","14.0"
"USC00200342","ATLANTA, MI US","45.00471","-84.14043","267.9","2025-08","199.6","2.8","32.2","64.1","18.3","25.0","11.5"
"USC00200342","ATLANTA, MI US","45.00471","-84.14043","267.9","2025-09","204.0","2.8","29.4","159.7","15.3","22.0","8.6"
"USC00200342","ATLANTA, MI US","45.00471","-84.14043","267.9","2025-10","209.3","-5.0","30.6","435.0","9.6","16.6","2.7"
"USC00200342","ATLANTA, MI US","45.00471","-84.14043","267.9","2025-11","209.3","-8.9","12.2","941.9","1.4","5.9","-3.0"
"USC00200342","ATLANTA, MI US","45.00471","-84.14043","267.9","2025-12","209.3","-21.7","7.2","1687.7","-5.7","-1.6","-9.9"
"US1MIWS0031","DEXTER 2.2 SE, MI US","42.304488","-83.855344","285.6","2025-07",,,,,,,
"US1MIWS0031","DEXTER 2.2 SE, MI US","42.304488","-83.855344","285.6","2025-08",,,,,,,
"US1MIWS0031","DEXTER 2.2 SE, MI US","42.304488","-83.855344","285.6","2025-09",,,,,,,
"US1MIWS0031","DEXTER 2.2 SE, MI US","42.304488","-83.855344","285.6","2025-10",,,,,,,
"US1MIWS0031","DEXTER 2.2 SE, MI US","42.304488","-83.855344","285.6","2025-11",,,,,,,
"US1MIWS0031","DEXTER 2.2 SE, MI US","42.304488","-83.855344","285.6","2025-12",,,,,,,
"USC00201675","COLDWATER ST SCHOOL, MI US","41.9622","-84.9925","299.9","2025-07","280.5","11.7","33.9","0.0","23.2","29.0","17.4"
"USC00201675","COLDWATER ST SCHOOL, MI US","41.9622","-84.9925","299.9","2025-08","369.9","5.6","32.2","27.8","20.3","26.7","13.9"
"USC00201675","COLDWATER ST SCHOOL, MI US","41.9622","-84.9925","299.9","2025-09","402.4","3.3","31.7","63.1","18.2","26.0","10.5"
"USC00201675","COLDWATER ST SCHOOL, MI US","41.9622","-84.9925","299.9","2025-10","416.0","-2.2","30.6","263.1","12.3","19.4","5.2"
"USC00201675","COLDWATER ST SCHOOL, MI US","41.9622","-84.9925","299.9","2025-11","416.0","-7.2","18.3","714.8","3.3","8.4","-1.8"
"USC00201675","COLDWATER ST SCHOOL, MI US","41.9622","-84.9925","299.9","2025-12","416.0","-19.4","17.2","1404.3","-3.9","0.9","-8.7"
"US1MIGT0021","KINGSLEY 2.7 ENE, MI US","44.59871667","-85.48426667","281.3","2025-07",,,,,,,
"US1MIGT0021","KINGSLEY 2.7 ENE, MI US","44.59871667","-85.48426667","281.3","2025-08",,,,,,,
"US1MIGT0021","KINGSLEY 2.7 ENE, MI US","44.59871667","-85.48426667","281.3","2025-09",,,,,,,
"US1MIGT0021","KINGSLEY 2.7 ENE, MI US","44.59871667","-85.48426667","281.3","2025-10",,,,,,,
"US1MIGT0021","KINGSLEY 2.7 ENE, MI US","44.59871667","-85.48426667","281.3","2025-11",,,,,,,
"US1MIGT0021","KINGSLEY 2.7 ENE, MI US","44.59871667","-85.48426667","281.3","2025-12",,,,,,,
"US1MIMB0071","ST CLAIR SHORES 2.5 N, MI US","42.5283646","-82.8846237","186.8","2025-08",,,,,,,
"US1MIMB0071","ST CLAIR SHORES 2.5 N, MI US","42.5283646","-82.8846237","186.8","2025-09",,,,,,,
"US1MIMB0071","ST CLAIR SHORES 2.5 N, MI US","42.5283646","-82.8846237","186.8","2025-10",,,,,,,
"US1MIMB0070","STERLING HEIGHTS 2.2 NNE, MI US","42.606547","-83.007035","188.4","2025-08",,,,,,,
"US1MIMB0070","STERLING HEIGHTS 2.2 NNE, MI US","42.606547","-83.007035","188.4","2025-10",,,,,,,
"US1MIMB0070","STERLING HEIGHTS 2.2 NNE, MI US","42.606547","-83.007035","188.4","2025-11",,,,,,,
"USC00208080","TECUMSEH, MI US","42.0027","-83.9336","237.7","2025-07",,,,,,,
"USC00208080","TECUMSEH, MI US","42.0027","-83.9336","237.7","2025-08",,,,,,,
"USC00208080","TECUMSEH, MI US","42.0027","-83.9336","237.7","2025-09",,,,,,,
"USC00208080","TECUMSEH, MI US","42.0027","-83.9336","237.7","2025-10",,,,,,,
"US1MIMB0069","ROSEVILLE 0.6 E, MI US","42.505895","-82.924859","184.7","2025-09",,,,,,,
"US1MIMB0069","ROSEVILLE 0.6 E, MI US","42.505895","-82.924859","184.7","2025-10",,,,,,,
"US1MIWS0084","ANN ARBOR 1.1 NW, MI US","42.2877076218133","-83.7446517754175","237.1","2025-07",,,,,,,
"US1MIWS0084","ANN ARBOR 1.1 NW, MI US","42.2877076218133","-83.7446517754175","237.1","2025-09",,,,,,,
"US1MIWS0084","ANN ARBOR 1.1 NW, MI US","42.2877076218133","-83.7446517754175","237.1","2025-10",,,,,,,
"US1MIWS0084","ANN ARBOR 1.1 NW, MI US","42.2877076218133","-83.7446517754175","237.1","2025-11",,,,,,,
"USC00204958","LUDINGTON STATE PARK, MI US","44.0334","-86.5043","179.2","2025-07",,,,,,,
"USC00204958","LUDINGTON STATE PARK, MI US","44.0334","-86.5043","179.2","2025-08",,,,,,,
"USC00204958","LUDINGTON STATE PARK, MI US","44.0334","-86.5043","179.2","2025-09",,,,,,,
"USC00204958","LUDINGTON STATE PARK, MI US","44.0334","-86.5043","179.2","2025-10",,,,,,,
"USC00204958","LUDINGTON STATE PARK, MI US","44.0334","-86.5043","179.2","2025-12",,,,,,,
"USW00014808","OSCODA WURTSMITH AIRPORT, MI US","44.45","-83.4","192.9","2025-07","146.9","7.0","35.0","11.8","21.1","26.5","15.7"
"USW00014808","OSCODA WURTSMITH AIRPORT, MI US","44.45","-83.4","192.9","2025-08","224.7","6.0","34.0","33.8","20.3","25.8","14.8"
"USW00014808","OSCODA WURTSMITH AIRPORT, MI US","44.45","-83.4","192.9","2025-09","229.4","3.0","26.0","98.0","16.1","21.5","10.7"
"USW00014808","OSCODA WURTSMITH AIRPORT, MI US","44.45","-83.4","192.9","2025-10","238.4","-3.0","29.0","312.2","11.3","16.6","6.0"
"USW00014808","OSCODA WURTSMITH AIRPORT, MI US","44.45","-83.4","192.9","2025-11","238.4","-9.0","14.0","780.7","2.7","6.9","-1.4"
"US1MIWS0081","ANN ARBOR 1.9 W, MI US","42.27112","-83.76696","283.8","2025-07",,,,,,,
"US1MIWS0081","ANN ARBOR 1.9 W, MI US","42.27112","-83.76696","283.8","2025-08",,,,,,,
"US1MIWS0081","ANN ARBOR 1.9 W, MI US","42.27112","-83.76696","283.8","2025-09",,,,,,,
"US1MIWS0081","ANN ARBOR 1.9 W, MI US","42.27112","-83.76696","283.8","2025-12",,,,,,,
"USC00203504","GULL LAKE BIOLOGICAL STATION, MI US","42.3941","-85.385","281.9","2025-07",,"13.9","34.4","0.0","23.6","29.4","17.8"
"USC00203504","GULL LAKE BIOLOGICAL STATION, MI US","42.3941","-85.385","281.9","2025-08",,"6.1","32.8","18.5","20.7","27.0","14.4"
"USC00203504","GULL LAKE BIOLOGICAL STATION, MI US","42.3941","-85.385","281.9","2025-09",,"4.4",,,,,"11.0"
"USC00203504","GULL LAKE BIOLOGICAL STATION, MI US","42.3941","-85.385","281.9","2025-10",,,"30.0",,,"18.7",
"USC00203504","GULL LAKE BIOLOGICAL STATION, MI US","42.3941","-85.385","281.9","2025-11",,,,,,,
"USC00203504","GULL LAKE BIOLOGICAL STATION, MI US","42.3941","-85.385","281.9","2025-12",,"-13.9",,,,,"-6.5"
"US1MIMB0065","CHESTERFIELD 2.4 E, MI US","42.66549","-82.79473","178.9","2025-07",,,,,,,
"US1MIMB0065","CHESTERFIELD 2.4 E, MI US","42.66549","-82.79473","178.9","2025-08",,,,,,,
"US1MIMB0065","CHESTERFIELD 2.4 E, MI US","42.66549","-82.79473","178.9","2025-09",,,,,,,
"US1MIMB0065","CHESTERFIELD 2.4 E, MI US","42.66549","-82.79473","178.9","2025-10",,,,,,,
"USW00014804","MOUNT CLEMENS ANG BASE, MI US","42.6083","-82.8183","176.8","2025-07","282.3","11.7","36.7","0.0","23.7","29.3","18.1"
"USW00014804","MOUNT CLEMENS ANG BASE, MI US","42.6083","-82.8183","176.8","2025-08","388.1","6.7","33.3","15.3","21.3","26.6","15.9"
"USW00014804","MOUNT CLEMENS ANG BASE, MI US","42.6083","-82.8183","176.8","2025-09","423.3","7.2","30.6","35.4","18.8","25.4","12.3"
"USW00014804","MOUNT CLEMENS ANG BASE, MI US","42.6083","-82.8183","176.8","2025-10","435.5","0.6","30.6","206.0","13.2","19.2","7.2"
"USW00014804","MOUNT CLEMENS ANG BASE, MI US","42.6083","-82.8183","176.8","2025-11","435.5","-6.1","19.4","609.3","4.9","9.5","0.3"
"USW00014804","MOUNT CLEMENS ANG BASE, MI US","42.6083","-82.8183","176.8","2025-12","435.5","-14.4","15.6","1245.2","-2.2","2.1","-6.4"
"USC00203628","HARRISVILLE STATE PARK, MI US","44.64975","-83.29585","186.5","2025-07","89.4","7.8","31.7","15.4","19.9","24.4","15.4"
"USC00203628","HARRISVILLE STATE PARK, MI US","44.64975","-83.29585","186.5","2025-08","125.0","6.1","31.7","55.7","18.2","23.0","13.4"
"USC00203628","HARRISVILLE STATE PARK, MI US","44.64975","-83.29585","186.5","2025-09","125.0","3.3","21.1","172.4","14.4","18.6","10.3"
"USC00203628","HARRISVILLE STATE PARK, MI US","44.64975","-83.29585","186.5","2025-10","125.3","-1.7","25.6","428.9","10.1","14.6","5.5"
"USC00203628","HARRISVILLE STATE PARK, MI US","44.64975","-83.29585","186.5","2025-11","125.3","-7.8","11.7","925.8","1.8","5.9","-2.4"
"USC00203628","HARRISVILLE STATE PARK, MI US","44.64975","-83.29585","186.5","2025-12","125.3","-20.0","7.2","1648.3","-5.0","-0.9","-9.0"
"USC00200230","ANN ARBOR U OF MICH, MI US","42.29806","-83.66388","247.8","2025-07","264.6","9.4","35.0","0.3","23.1","29.5","16.7"
"USC00200230","ANN ARBOR U OF MICH, MI US","42.29806","-83.66388","247.8","2025-08","348.0","4.4","32.8","30.6","20.1","27.0","13.1"
"USC00200230","ANN ARBOR U OF MICH, MI US","42.29806","-83.66388","247.8","2025-09","360.0","3.3","30.0","72.6","17.3","25.4","9.3"
"USC00200230","ANN ARBOR U OF MICH, MI US","42.29806","-83.66388","247.8","2025-10","366.9","-2.8","31.1","280.9","11.8","19.3","4.4"
"USC00200230","ANN ARBOR U OF MICH, MI US","42.29806","-83.66388","247.8","2025-11","366.9","-6.7","18.3","720.7","3.7","8.9","-1.5"
"USC00200230","ANN ARBOR U OF MICH, MI US","42.29806","-83.66388","247.8","2025-12","366.9","-21.1","15.6","1389.5","-3.2","1.5","-8.0"
"USC00203744","HERMAN, MI US","46.6653","-88.3772","523.3","2025-07","86.6","5.6","31.1","44.7","18.5","24.1","12.9"
"USC00203744","HERMAN, MI US","46.6653","-88.3772","523.3","2025-08","114.6","2.2","29.4","124.4","16.7","21.8","11.5"
"USC00203744","HERMAN, MI US","46.6653","-88.3772","523.3","2025-09","121.2","2.8","27.2","257.9","14.1","19.0","9.2"
"USC00203744","HERMAN, MI US","46.6653","-88.3772","523.3","2025-10","127.0","-3.9","28.9","549.6","9.1","14.5","3.8"
"USC00203744","HERMAN, MI US","46.6653","-88.3772","523.3","2025-11","127.0","-10.6","10.6","1127.6","-0.9","2.4","-4.3"
"USC00203744","HERMAN, MI US","46.6653","-88.3772","523.3","2025-12","127.0","-22.2","2.8","1983.7","-9.3","-6.1","-12.4"
"US1MIIC0003","EAST TAWAS 0.8 WSW, MI US","44.2832232","-83.4992036","179.8","2025-07",,,,,,,
"US1MIIC0003","EAST TAWAS 0.8 WSW, MI US","44.2832232","-83.4992036","179.8","2025-08",,,,,,,
"US1MIIC0003","EAST TAWAS 0.8 WSW, MI US","44.2832232","-83.4992036","179.8","2025-09",,,,,,,
"US1MIIC0003","EAST TAWAS 0.8 WSW, MI US","44.2832232","-83.4992036","179.8","2025-10",,,,,,,
"US1MIIC0003","EAST TAWAS 0.8 WSW, MI US","44.2832232","-83.4992036","179.8","2025-11",,,,,,,
"US1MIIC0003","EAST TAWAS 0.8 WSW, MI US","44.2832232","-83.4992036","179.8","2025-12",,,,,,,
"USC00200234","ARNOLD 2 N, MI US","46.07511","-87.48987","338.6","2025-07",,,,,,,
"USC00200234","ARNOLD 2 N, MI US","46.07511","-87.48987","338.6","2025-08",,,,,,,
"USC00200234","ARNOLD 2 N, MI US","46.07511","-87.48987","338.6","2025-09",,,,,,,
"USC00200234","ARNOLD 2 N, MI US","46.07511","-87.48987","338.6","2025-10",,,,,,,
"USC00200234","ARNOLD 2 N, MI US","46.07511","-87.48987","338.6","2025-11",,,,,,,
"USC00200234","ARNOLD 2 N, MI US","46.07511","-87.48987","338.6","2025-12",,,,,,,
"US1MIGT0030","TRAVERSE CITY 6.1 SW, MI US","44.68445","-85.67803","270.1","2025-07",,,,,,,
"US1MIGT0030","TRAVERSE CITY 6.1 SW, MI US","44.68445","-85.67803","270.1","2025-08",,,,,,,
"US1MIGT0030","TRAVERSE CITY 6.1 SW, MI US","44.68445","-85.67803","270.1","2025-09",,,,,,,
"US1MIGT0030","TRAVERSE CITY 6.1 SW, MI US","44.68445","-85.67803","270.1","2025-10",,,,,,,
"US1MIGT0030","TRAVERSE CITY 6.1 SW, MI US","44.68445","-85.67803","270.1","2025-11",,,,,,,
"US1MIGT0032","TRAVERSE CITY 3.7 S, MI US","44.700692","-85.601609","233.5","2025-07",,,,,,,
"US1MIGT0032","TRAVERSE CITY 3.7 S, MI US","44.700692","-85.601609","233.5","2025-08",,,,,,,
"US1MIGT0032","TRAVERSE CITY 3.7 S, MI US","44.700692","-85.601609","233.5","2025-09",,,,,,,
"US1MIGT0032","TRAVERSE CITY 3.7 S, MI US","44.700692","-85.601609","233.5","2025-10",,,,,,,
"US1MIGT0032","TRAVERSE CITY 3.7 S, MI US","44.700692","-85.601609","233.5","2025-11",,,,,,,
"US1MIGT0032","TRAVERSE CITY 3.7 S, MI US","44.700692","-85.601609","233.5","2025-12",,,,,,,
"US1MICF0009","GRAYLING 15.8 NE, MI US","44.804643","-84.463138","353.0","2025-11",,,,,,,
"US1MIGT0033","TRAVERSE CITY 1.4 SW, MI US","44.738491","-85.619","190.2","2025-09",,,,,,,
"US1MIGT0033","TRAVERSE CITY 1.4 SW, MI US","44.738491","-85.619","190.2","2025-10",,,,,,,
"US1MIKN0033","GRAND RAPIDS 3.0 NW, MI US","42.995024","-85.692186","189.3","2025-07",,,,,,,
"US1MIKN0033","GRAND RAPIDS 3.0 NW, MI US","42.995024","-85.692186","189.3","2025-08",,,,,,,
"US1MIKN0033","GRAND RAPIDS 3.0 NW, MI US","42.995024","-85.692186","189.3","2025-09",,,,,,,
"US1MIKN0033","GRAND RAPIDS 3.0 NW, MI US","42.995024","-85.692186","189.3","2025-10",,,,,,,
"US1MICT0001","LAINGSBURG 5.0 SW, MI US","42.8402777","-84.4197222","247.2","2025-08",,,,,,,
"US1MICT0001","LAINGSBURG 5.0 SW, MI US","42.8402777","-84.4197222","247.2","2025-09",,,,,,,
"US1MICT0001","LAINGSBURG 5.0 SW, MI US","42.8402777","-84.4197222","247.2","2025-11",,,,,,,
"US1MICT0001","LAINGSBURG 5.0 SW, MI US","42.8402777","-84.4197222","247.2","2025-12",,,,,,,
"US1MICT0002","HASLETT 1.2 N, MI US","42.76997","-84.40314","263.0","2025-07",,,,,,,
"US1MICT0002","HASLETT 1.2 N, MI US","42.76997","-84.40314","263.0","2025-08",,,,,,,
"US1MICT0002","HASLETT 1.2 N, MI US","42.76997","-84.40314","263.0","2025-09",,,,,,,
"US1MICT0002","HASLETT 1.2 N, MI US","42.76997","-84.40314","263.0","2025-10",,,,,,,
"US1MICT0002","HASLETT 1.2 N, MI US","42.76997","-84.40314","263.0","2025-11",,,,,,,
"US1MICT0002","HASLETT 1.2 N, MI US","42.76997","-84.40314","263.0","2025-12",,,,,,,
"US1MIKN0032","GRAND RAPIDS 2.9 NW, MI US","42.991906","-85.694373","194.2","2025-08",,,,,,,
"US1MIKN0032","GRAND RAPIDS 2.9 NW, MI US","42.991906","-85.694373","194.2","2025-09",,,,,,,
"US1MIKN0032","GRAND RAPIDS 2.9 NW, MI US","42.991906","-85.694373","194.2","2025-10",,,,,,,
"US1MIKN0032","GRAND RAPIDS 2.9 NW, MI US","42.991906","-85.694373","194.2","2025-11",,,,,,,
"US1MIKN0032","GRAND RAPIDS 2.9 NW, MI US","42.991906","-85.694373","194.2","2025-12",,,,,,,
"US1MIGT0036","WILLIAMSBURG 0.4 E, MI US","44.7735","-85.394975","223.7","2025-09",,,,,,,
"US1MIGT0036","WILLIAMSBURG 0.4 E, MI US","44.7735","-85.394975","223.7","2025-10",,,,,,,
"US1MIGT0036","WILLIAMSBURG 0.4 E, MI US","44.7735","-85.394975","223.7","2025-11",,,,,,,
"US1MIGT0036","WILLIAMSBURG 0.4 E, MI US","44.7735","-85.394975","223.7","2025-12",,,,,,,
"USW00014822","DETROIT CITY AIRPORT, MI US","42.40725","-83.00899","189.8","2025-07","324.5","13.3","35.6","0.0","24.4","29.4","19.5"
"USW00014822","DETROIT CITY AIRPORT, MI US","42.40725","-83.00899","189.8","2025-08",,,,,,,
"USW00014822","DETROIT CITY AIRPORT, MI US","42.40725","-83.00899","189.8","2025-09",,"7.2","32.8",,"19.7","26.0","13.4"
"USW00014822","DETROIT CITY AIRPORT, MI US","42.40725","-83.00899","189.8","2025-10",,"2.2","31.1",,"13.9","19.6","8.1"
"USW00014822","DETROIT CITY AIRPORT, MI US","42.40725","-83.00899","189.8","2025-11",,"-3.9","18.9",,"5.2","9.4","0.9"
"USW00014822","DETROIT CITY AIRPORT, MI US","42.40725","-83.00899","189.8","2025-12",,"-14.4","15.6",,"-2.1","1.9","-6.2"
"US1MIOK0109","HIGHLAND 1.3 NE, MI US","42.678772","-83.593618","312.1","2025-07",,,,,,,
"US1MIOK0109","HIGHLAND 1.3 NE, MI US","42.678772","-83.593618","312.1","2025-08",,,,,,,
"US1MIOK0109","HIGHLAND 1.3 NE, MI US","42.678772","-83.593618","312.1","2025-09",,,,,,,
"US1MIOK0109","HIGHLAND 1.3 NE, MI US","42.678772","-83.593618","312.1","2025-10",,,,,,,
"US1MIOK0109","HIGHLAND 1.3 NE, MI US","42.678772","-83.593618","312.1","2025-11",,,,,,,
"US1MIOK0109","HIGHLAND 1.3 NE, MI US","42.678772","-83.593618","312.1","2025-12",,,,,,,
"US1MIOK0107","CLARKSTON 1.4 NE, MI US","42.749556","-83.401394","311.2","2025-07",,,,,,,
"US1MIOK0107","CLARKSTON 1.4 NE, MI US","42.749556","-83.401394","311.2","2025-08",,,,,,,
"US1MIOK0107","CLARKSTON 1.4 NE, MI US","42.749556","-83.401394","311.2","2025-10",,,,,,,
"US1MIOK0107","CLARKSTON 1.4 NE, MI US","42.749556","-83.401394","311.2","2025-11",,,,,,,
"US1MIOK0107","CLARKSTON 1.4 NE, MI US","42.749556","-83.401394","311.2","2025-12",,,,,,,
"USC00205816","NEWBERRY LUCE CO ROAD COMMISSION, MI US","46.35155","-85.51629","241.4","2025-07","99.6","7.8","33.3","24.2","19.8","25.6","14.0"
"USC00205816","NEWBERRY LUCE CO ROAD COMMISSION, MI US","46.35155","-85.51629","241.4","2025-08","156.3","3.3","31.1","83.1","18.3","23.8","12.7"
"USC00205816","NEWBERRY LUCE CO ROAD COMMISSION, MI US","46.35155","-85.51629","241.4","2025-09","161.7","2.8","27.8","181.9","15.2","20.7","9.8"
"USC00205816","NEWBERRY LUCE CO ROAD COMMISSION, MI US","46.35155","-85.51629","241.4","2025-10","169.2","-3.9","27.8","464.3","9.5","15.2","3.7"
"USC00205816","NEWBERRY LUCE CO ROAD COMMISSION, MI US","46.35155","-85.51629","241.4","2025-11","169.2","-10.0","11.1","985.8","0.9","4.4","-2.5"
"USC00205816","NEWBERRY LUCE CO ROAD COMMISSION, MI US","46.35155","-85.51629","241.4","2025-12","169.2","-17.2","5.6","1782.8","-7.4","-3.8","-10.9"
"USW00014817","CADILLAC, MI US","44.2655","-85.3966","394.7","2025-07","161.5","6.7","33.3","10.8","21.1","28.0","14.3"
"USW00014817","CADILLAC, MI US","44.2655","-85.3966","394.7","2025-08","220.0","2.2","32.8","53.9","18.7","26.1","11.4"
"USW00014817","CADILLAC, MI US","44.2655","-85.3966","394.7","2025-09","223.6","0.0","28.9","143.5","15.4","23.1","7.6"
"USW00014817","CADILLAC, MI US","44.2655","-85.3966","394.7","2025-10","228.9","-5.0","30.0","409.7","9.9","17.2","2.6"
"USW00014817","CADILLAC, MI US","44.2655","-85.3966","394.7","2025-11","228.9","-13.3","15.0","932.8","0.9","6.0","-4.2"
"USW00014817","CADILLAC, MI US","44.2655","-85.3966","394.7","2025-12","228.9","-22.8","7.2","1625.4","-5.5","-1.9","-9.1"
"USC00204967","LUPTON 1 S, MI US","44.4199","-84.0232","276.8","2025-07","139.1","7.2","33.9","15.0","20.5","27.8","13.1"
"USC00204967","LUPTON 1 S, MI US","44.4199","-84.0232","276.8","2025-08","197.4","2.8","31.7","61.4","18.7","25.9","11.6"
"USC00204967","LUPTON 1 S, MI US","44.4199","-84.0232","276.8","2025-09","199.4","0.6","28.3","147.6","15.5","23.1","7.9"
"USC00204967","LUPTON 1 S, MI US","44.4199","-84.0232","276.8","2025-10","203.8","-3.3","30.0","406.7","10.1","17.2","3.1"
"USC00204967","LUPTON 1 S, MI US","44.4199","-84.0232","276.8","2025-11",,,,,,,
"USC00204967","LUPTON 1 S, MI US","44.4199","-84.0232","276.8","2025-12",,"-23.3","6.7",,"-6.5","-1.9","-11.0"
"USC00202308","DUNDEE, MI US","41.9552","-83.6488","201.2","2025-07",,"13.9","35.6","0.0","24.5","30.4","18.6"
"USC00202308","DUNDEE, MI US","41.9552","-83.6488","201.2","2025-08",,"7.8","33.9","19.6","21.2","27.5","14.9"
"USC00202308","DUNDEE, MI US","41.9552","-83.6488","201.2","2025-09",,"6.1","31.1","37.1","18.9","26.0","11.8"
"USC00202308","DUNDEE, MI US","41.9552","-83.6488","201.2","2025-10",,"-0.6","31.1","214.4","13.2","19.6","6.9"
"USC00202308","DUNDEE, MI US","41.9552","-83.6488","201.2","2025-11",,"-6.7","18.3","638.0","4.2","9.4","-0.9"
"USC00202308","DUNDEE, MI US","41.9552","-83.6488","201.2","2025-12",,"-17.8","16.1","1305.3","-3.2","1.1","-7.5"
"USW00014815","BATTLE CREEK KELLOGG AIRPORT, MI US","42.31192","-85.24147","282.5","2025-07","284.2","13.9","34.4","0.0","23.4","28.5","18.3"
"USW00014815","BATTLE CREEK KELLOGG AIRPORT, MI US","42.31192","-85.24147","282.5","2025-08","382.0","6.7","32.8","22.2","20.8","26.6","15.0"
"USW00014815","BATTLE CREEK KELLOGG AIRPORT, MI US","42.31192","-85.24147","282.5","2025-09","409.3","4.4","29.4","54.8","18.1","24.7","11.6"
"USW00014815","BATTLE CREEK KELLOGG AIRPORT, MI US","42.31192","-85.24147","282.5","2025-10","420.9","-1.7","29.4","261.4","12.1","17.8","6.3"
"USW00014815","BATTLE CREEK KELLOGG AIRPORT, MI US","42.31192","-85.24147","282.5","2025-11","420.9","-10.6","18.9","707.8","3.4","7.9","-1.0"
"USW00014815","BATTLE CREEK KELLOGG AIRPORT, MI US","42.31192","-85.24147","282.5","2025-12","420.9","-17.8","15.6","1380.4","-3.4","0.9","-7.6"
"USW00014814","ALPENA WASTEWATER PLANT, MI US","45.0605","-83.428","179.8","2025-07","145.2","11.1","33.3","3.7","21.4","26.7","16.1"
"USW00014814","ALPENA WASTEWATER PLANT, MI US","45.0605","-83.428","179.8","2025-08","223.8","8.3","32.8","31.2","20.0","24.7","15.3"
"USW00014814","ALPENA WASTEWATER PLANT, MI US","45.0605","-83.428","179.8","2025-09","225.5","6.1","23.9","104.3","15.9","20.4","11.5"
"USW00014814","ALPENA WASTEWATER PLANT, MI US","45.0605","-83.428","179.8","2025-10","231.0","1.7","28.3","325.3","11.4","15.8","7.0"
"USW00014814","ALPENA WASTEWATER PLANT, MI US","45.0605","-83.428","179.8","2025-11","231.0","-6.7","12.8","793.0","2.7","6.1","-0.6"
"USW00014814","ALPENA WASTEWATER PLANT, MI US","45.0605","-83.428","179.8","2025-12","231.0","-16.1","5.6","1505.5","-4.6","-1.7","-7.6"
"USC00203639","HARVEY, MI US","46.4907","-87.3544","195.1","2025-07",,,,,,,
"USC00203639","HARVEY, MI US","46.4907","-87.3544","195.1","2025-08",,,,,,,
"USC00203639","HARVEY, MI US","46.4907","-87.3544","195.1","2025-09",,,,,,,
"USC00203639","HARVEY, MI US","46.4907","-87.3544","195.1","2025-10",,,,,,,
"US1MIMB0073","EASTPOINTE 1.2 SSW, MI US","42.45155","-82.96084","185.0","2025-07",,,,,,,
"US1MIMB0073","EASTPOINTE 1.2 SSW, MI US","42.45155","-82.96084","185.0","2025-08",,,,,,,
"US1MIMB0073","EASTPOINTE 1.2 SSW, MI US","42.45155","-82.96084","185.0","2025-09",,,,,,,
"US1MIMB0073","EASTPOINTE 1.2 SSW, MI US","42.45155","-82.96084","185.0","2025-10",,,,,,,
"US1MIMB0073","EASTPOINTE 1.2 SSW, MI US","42.45155","-82.96084","185.0","2025-11",,,,,,,
"US1MIMB0073","EASTPOINTE 1.2 SSW, MI US","42.45155","-82.96084","185.0","2025-12",,,,,,,
"USC00200361","AUBURN 2 NE, MI US","43.6252","-84.0188","184.4","2025-07",,,,,,,
"USC00200361","AUBURN 2 NE, MI US","43.6252","-84.0188","184.4","2025-08",,,,,,,
"USC00200361","AUBURN 2 NE, MI US","43.6252","-84.0188","184.4","2025-09",,,,,,,
"USC00200361","AUBURN 2 NE, MI US","43.6252","-84.0188","184.4","2025-10",,,,,,,
"USC00200361","AUBURN 2 NE, MI US","43.6252","-84.0188","184.4","2025-11",,,,,,,
"US1MIGT0028","GRAWN 1.3 SSW, MI US","44.646221","-85.703462","266.4","2025-07",,,,,,,
"US1MIGT0028","GRAWN 1.3 SSW, MI US","44.646221","-85.703462","266.4","2025-08",,,,,,,
"US1MIGT0028","GRAWN 1.3 SSW, MI US","44.646221","-85.703462","266.4","2025-09",,,,,,,
"US1MIGT0028","GRAWN 1.3 SSW, MI US","44.646221","-85.703462","266.4","2025-10",,,,,,,
"US1MIGT0028","GRAWN 1.3 SSW, MI US","44.646221","-85.703462","266.4","2025-11",,,,,,,
"US1MIGT0028","GRAWN 1.3 SSW, MI US","44.646221","-85.703462","266.4","2025-12",,,,,,,
"USC00202783","FIFE LAKE 2 WNW, MI US","44.5848","-85.3653","320.6","2025-07","130.1","7.2","33.3","13.9","20.8","27.7","13.9"
"USC00202783","FIFE LAKE 2 WNW, MI US","44.5848","-85.3653","320.6","2025-08","191.5","3.9","33.3","62.5","18.8","25.6","11.9"
"USC00202783","FIFE LAKE 2 WNW, MI US","44.5848","-85.3653","320.6","2025-09","195.9","2.2","28.3","142.2","15.5","21.9","9.1"
"USC00202783","FIFE LAKE 2 WNW, MI US","44.5848","-85.3653","320.6","2025-10","207.1","-3.3","31.7","399.0","10.4","16.9","3.9"
"USC00202783","FIFE LAKE 2 WNW, MI US","44.5848","-85.3653","320.6","2025-11","207.1","-12.2","13.3","920.8","0.9","5.5","-3.6"
"USC00202783","FIFE LAKE 2 WNW, MI US","44.5848","-85.3653","320.6","2025-12","207.1","-18.3","6.1","1648.4","-5.9","-2.7","-9.2"
"USC00203632","HART 3 WSW, MI US","43.6751","-86.4228","236.2","2025-07","215.6","10.6","33.9","4.1","22.2","28.6","15.9"
"USC00203632","HART 3 WSW, MI US","43.6751","-86.4228","236.2","2025-08","312.5","5.0","33.9","33.5","20.5","27.1","13.9"
"USC00203632","HART 3 WSW, MI US","43.6751","-86.4228","236.2","2025-09","339.5","3.3","30.6","88.5","17.4","24.1","10.7"
"USC00203632","HART 3 WSW, MI US","43.6751","-86.4228","236.2","2025-10","356.0","-1.7","28.9","283.3","12.6","18.6","6.5"
"USC00203632","HART 3 WSW, MI US","43.6751","-86.4228","236.2","2025-11","356.0","-7.2","16.7","735.0","3.3","7.9","-1.4"
"USC00203632","HART 3 WSW, MI US","43.6751","-86.4228","236.2","2025-12","356.0","-19.4","8.9","1410.7","-3.5","-0.1","-6.8"
"USC00202423","EAST TAWAS, MI US","44.2838","-83.5036","178.6","2025-07","158.4","8.3","31.7","10.3","21.2","26.7","15.8"
"USC00202423","EAST TAWAS, MI US","44.2838","-83.5036","178.6","2025-08","235.3","3.9","32.2","41.2","19.8","25.7","13.9"
"USC00202423","EAST TAWAS, MI US","44.2838","-83.5036","178.6","2025-09","238.6","2.2","27.2","111.9","16.1","22.1","10.1"
"USC00202423","EAST TAWAS, MI US","44.2838","-83.5036","178.6","2025-10","240.5","-3.3","27.2","347.5","10.8","17.2","4.4"
"USC00202423","EAST TAWAS, MI US","44.2838","-83.5036","178.6","2025-11","240.5","-8.3","15.0","804.9","3.1","7.9","-1.7"
"USC00202423","EAST TAWAS, MI US","44.2838","-83.5036","178.6","2025-12","240.5","-17.8","7.2","1508.7","-4.4","-0.2","-8.5"
"US1MIKN0048","KENTWOOD 1.6 WSW, MI US","42.874211","-85.622056","227.1","2025-08",,,,,,,
"US1MIKN0048","KENTWOOD 1.6 WSW, MI US","42.874211","-85.622056","227.1","2025-09",,,,,,,
"US1MIKN0048","KENTWOOD 1.6 WSW, MI US","42.874211","-85.622056","227.1","2025-11",,,,,,,
"US1MIKN0048","KENTWOOD 1.6 WSW, MI US","42.874211","-85.622056","227.1","2025-12",,,,,,,
"US1MIOT0019","ELMIRA 2.2 ESE, MI US","45.04799","-84.817837","420.0","2025-11",,,,,,,
"US1MIOT0019","ELMIRA 2.2 ESE, MI US","45.04799","-84.817837","420.0","2025-12",,,,,,,
"US1MIOT0017","GAYLORD 4.1 S, MI US","44.963889","-84.684674","392.9","2025-07",,,,,,,
"US1MIOT0017","GAYLORD 4.1 S, MI US","44.963889","-84.684674","392.9","2025-08",,,,,,,
"US1MIOT0017","GAYLORD 4.1 S, MI US","44.963889","-84.684674","392.9","2025-09",,,,,,,
"US1MIOT0017","GAYLORD 4.1 S, MI US","44.963889","-84.684674","392.9","2025-10",,,,,,,
"US1MIOT0017","GAYLORD 4.1 S, MI US","44.963889","-84.684674","392.9","2025-11",,,,,,,
"US1MIOT0017","GAYLORD 4.1 S, MI US","44.963889","-84.684674","392.9","2025-12",,,,,,,
"US1MIKN0043","CALEDONIA 4.4 WNW, MI US","42.825262288","-85.589418411","232.3","2025-08",,,,,,,
"US1MIKN0043","CALEDONIA 4.4 WNW, MI US","42.825262288","-85.589418411","232.3","2025-10",,,,,,,
"US1MIKN0043","CALEDONIA 4.4 WNW, MI US","42.825262288","-85.589418411","232.3","2025-11",,,,,,,
"US1MIKN0043","CALEDONIA 4.4 WNW, MI US","42.825262288","-85.589418411","232.3","2025-12",,,,,,,
"US1MISJ0007","THREE RIVERS 2.4 NE, MI US","41.97145","-85.60233","250.2","2025-07",,,,,,,
"US1MISJ0007","THREE RIVERS 2.4 NE, MI US","41.97145","-85.60233","250.2","2025-08",,,,,,,
"US1MISJ0007","THREE RIVERS 2.4 NE, MI US","41.97145","-85.60233","250.2","2025-09",,,,,,,
"US1MISJ0007","THREE RIVERS 2.4 NE, MI US","41.97145","-85.60233","250.2","2025-10",,,,,,,
"USW00014833","JACKSON REYNOLDS FIELD, MI US","42.26373","-84.45644","295.9","2025-07","246.6","11.7","33.9","0.0","22.7","28.5","16.9"
"USW00014833","JACKSON REYNOLDS FIELD, MI US","42.26373","-84.45644","295.9","2025-08","330.5","4.4","32.8","28.6","20.1","26.7","13.5"
"USW00014833","JACKSON REYNOLDS FIELD, MI US","42.26373","-84.45644","295.9","2025-09","352.1","1.7","30.0","70.5","17.7","25.8","9.6"
"USW00014833","JACKSON REYNOLDS FIELD, MI US","42.26373","-84.45644","295.9","2025-10","364.3","-2.8","31.7","298.1","11.4","18.6","4.1"
"USW00014833","JACKSON REYNOLDS FIELD, MI US","42.26373","-84.45644","295.9","2025-11","364.3","-8.3","18.9","748.8","3.3","8.2","-1.6"
"USW00014833","JACKSON REYNOLDS FIELD, MI US","42.26373","-84.45644","295.9","2025-12","364.3","-19.4","16.1","1426.8","-3.5","1.0","-8.0"
"USC00202437","EATON RAPIDS, MI US","42.518","-84.6521","265.2","2025-07","295.2","12.8","33.9","1.1","23.5","28.9","18.2"
"USC00202437","EATON RAPIDS, MI US","42.518","-84.6521","265.2","2025-08","392.7","6.1","32.8","24.4","20.7","26.8","14.6"
"USC00202437","EATON RAPIDS, MI US","42.518","-84.6521","265.2","2025-09","418.9","3.3","30.6","60.6","18.0","25.3","10.7"
"USC00202437","EATON RAPIDS, MI US","42.518","-84.6521","265.2","2025-10","430.8","-2.8","30.6","266.0","12.1","18.9","5.3"
"USC00202437","EATON RAPIDS, MI US","42.518","-84.6521","265.2","2025-11","430.8","-7.2","18.9","710.1","3.5","8.6","-1.5"
"USC00202437","EATON RAPIDS, MI US","42.518","-84.6521","265.2","2025-12","430.8","-18.3","15.6","1345.6","-3.5","0.9","-7.8"
"USC00203528","HALE 5 SSW NUMBER 2, MI US","44.3122","-83.8377","248.7","2025-07","125.9","6.1","33.9","8.9","20.4","27.8","13.0"
"USC00203528","HALE 5 SSW NUMBER 2, MI US","44.3122","-83.8377","248.7","2025-08","179.6","1.7","33.3","51.4","18.8","26.5","10.9"
"USC00203528","HALE 5 SSW NUMBER 2, MI US","44.3122","-83.8377","248.7","2025-09","181.6","0.0","28.9","137.5","15.4","23.1","7.6"
"USC00203528","HALE 5 SSW NUMBER 2, MI US","44.3122","-83.8377","248.7","2025-10","181.6","-4.4","30.6","420.8","8.8","16.9","0.7"
"USC00203528","HALE 5 SSW NUMBER 2, MI US","44.3122","-83.8377","248.7","2025-11","181.6","-10.6","13.9","914.2","1.3","7.3","-4.6"
"USC00203528","HALE 5 SSW NUMBER 2, MI US","44.3122","-83.8377","248.7","2025-12","181.6","-22.8","6.7","1608.6","-6.5","-1.0","-12.0"
"USC00201468","CHARLEVOIX, MI US","45.3172","-85.2672","180.7","2025-07","132.8","12.2","33.3","5.0","21.4","25.7","17.1"
"USC00201468","CHARLEVOIX, MI US","45.3172","-85.2672","180.7","2025-08","214.1","8.9","34.4","29.5","20.2","24.3","16.0"
"USC00201468","CHARLEVOIX, MI US","45.3172","-85.2672","180.7","2025-09","222.2","7.8","27.8","84.8","16.8","20.8","12.7"
"USC00201468","CHARLEVOIX, MI US","45.3172","-85.2672","180.7","2025-10","235.0","1.7","30.6","284.0","12.3","16.9","7.8"
"USC00201468","CHARLEVOIX, MI US","45.3172","-85.2672","180.7","2025-11","235.0","-5.0","13.3","704.6","4.3","7.1","1.5"
"USC00201468","CHARLEVOIX, MI US","45.3172","-85.2672","180.7","2025-12","235.0","-11.1","7.8","1351.7","-2.5","0.0","-5.1"
"US1MIOK0135","BLOOMFIELD TOWNSHIP 2.9 E, MI US","42.567698","-83.216265","235.6","2025-07",,,,,,,
"US1MIOK0135","BLOOMFIELD TOWNSHIP 2.9 E, MI US","42.567698","-83.216265","235.6","2025-08",,,,,,,
"US1MIOK0135","BLOOMFIELD TOWNSHIP 2.9 E, MI US","42.567698","-83.216265","235.6","2025-09",,,,,,,
"US1MIOK0135","BLOOMFIELD TOWNSHIP 2.9 E, MI US","42.567698","-83.216265","235.6","2025-10",,,,,,,
"US1MIWS0061","ANN ARBOR 1.4 S, MI US","42.2558","-83.7282","253.3","2025-08",,,,,,,
"US1MIOK0013","PLEASANT RIDGE 0.5 WNW, MI US","42.472465","-83.153615","200.3","2025-09",,,,,,,
"US1MIWS0060","ANN ARBOR 3.8 WNW, MI US","42.29404","-83.80127","287.4","2025-07",,,,,,,
"US1MIWS0060","ANN ARBOR 3.8 WNW, MI US","42.29404","-83.80127","287.4","2025-08",,,,,,,
"US1MIWS0060","ANN ARBOR 3.8 WNW, MI US","42.29404","-83.80127","287.4","2025-09",,,,,,,
"US1MIWS0060","ANN ARBOR 3.8 WNW, MI US","42.29404","-83.80127","287.4","2025-10",,,,,,,
"USW00014828","GLADWIN, MI US","43.9758","-84.4908","236.2","2025-07","184.2","10.0","33.9","4.7","21.9","28.6","15.3"
"USW00014828","GLADWIN, MI US","43.9758","-84.4908","236.2","2025-08","262.1","5.6","33.3","28.8","20.1","27.1","13.2"
"USW00014828","GLADWIN, MI US","43.9758","-84.4908","236.2","2025-09","274.3","1.7","30.6","82.3","16.9","24.1","9.7"
"USW00014828","GLADWIN, MI US","43.9758","-84.4908","236.2","2025-10","279.6","-2.2","31.1","315.3","11.0","18.1","3.8"
"USW00014828","GLADWIN, MI US","43.9758","-84.4908","236.2","2025-11","279.6","-7.2","15.6","791.8","2.4","7.3","-2.4"
"USW00014828","GLADWIN, MI US","43.9758","-84.4908","236.2","2025-12","279.6","-17.8","8.3","1489.8","-4.9","-1.0","-8.8"
"USW00014826","FLINT FCWOS, MI US","42.96684","-83.74996","234.8","2025-07","263.9","10.0","35.6","1.7","23.2","29.4","17.0"
"USW00014826","FLINT FCWOS, MI US","42.96684","-83.74996","234.8","2025-08","354.0","5.6","33.9","25.8","20.5","26.8","14.1"
"USW00014826","FLINT FCWOS, MI US","42.96684","-83.74996","234.8","2025-09","365.9","2.2","30.6","68.6","17.3","24.9","9.7"
"USW00014826","FLINT FCWOS, MI US","42.96684","-83.74996","234.8","2025-10","378.4","-2.8","31.7","288.6","11.6","18.4","4.9"
"USW00014826","FLINT FCWOS, MI US","42.96684","-83.74996","234.8","2025-11","378.4","-7.8","18.3","752.1","2.9","7.9","-2.1"
"USW00014826","FLINT FCWOS, MI US","42.96684","-83.74996","234.8","2025-12","378.4","-19.4","13.9","1446.2","-4.1","0.5","-8.6"
"USC00203529","HALE LOUD DAM, MI US","44.4633","-83.7216","221.9","2025-07","191.7","7.2","33.9","6.7","21.9","28.1","15.6"
"USC00203529","HALE LOUD DAM, MI US","44.4633","-83.7216","221.9","2025-08","267.6","5.0","32.8","37.6","19.8","26.0","13.6"
"USC00203529","HALE LOUD DAM, MI US","44.4633","-83.7216","221.9","2025-09","279.3","3.3","29.4","91.4","16.9","23.3","10.5"
"USC00203529","HALE LOUD DAM, MI US","44.4633","-83.7216","221.9","2025-10","285.2","-3.3","30.6","335.0","10.7","17.1","4.2"
"USC00203529","HALE LOUD DAM, MI US","44.4633","-83.7216","221.9","2025-11","285.2","-7.2","12.2","814.3","2.4","6.8","-2.1"
"USC00203529","HALE LOUD DAM, MI US","44.4633","-83.7216","221.9","2025-12","285.2","-22.8","7.8","1563.7","-5.8","-1.6","-10.0"
"US1MIOK0130","ORCHARD LAKE VILLAGE 1.1 W, MI US","42.5807014","-83.3993215","299.0","2025-07",,,,,,,
"US1MIOK0130","ORCHARD LAKE VILLAGE 1.1 W, MI US","42.5807014","-83.3993215","299.0","2025-08",,,,,,,
"US1MIOK0130","ORCHARD LAKE VILLAGE 1.1 W, MI US","42.5807014","-83.3993215","299.0","2025-09",,,,,,,
"US1MIOK0130","ORCHARD LAKE VILLAGE 1.1 W, MI US","42.5807014","-83.3993215","299.0","2025-11",,,,,,,
"US1MIOK0130","ORCHARD LAKE VILLAGE 1.1 W, MI US","42.5807014","-83.3993215","299.0","2025-12",,,,,,,
"USW00014824","ESCANABA, MI US","45.7438","-87.0406","180.1","2025-07",,,,,,,
"USW00014824","ESCANABA, MI US","45.7438","-87.0406","180.1","2025-08",,,,,,,
"USW00014824","ESCANABA, MI US","45.7438","-87.0406","180.1","2025-09",,,,,,,
"USW00014824","ESCANABA, MI US","45.7438","-87.0406","180.1","2025-10",,,,,,,
"USW00014824","ESCANABA, MI US","45.7438","-87.0406","180.1","2025-11",,,,,,,
"USW00014824","ESCANABA, MI US","45.7438","-87.0406","180.1","2025-12",,,,,,,
"US1MIKZ0009","KALAMAZOO 5.6 E, MI US","42.26897","-85.47888","260.9","2025-11",,,,,,,
"USC00200497","BARAGA 7 NW, MI US","46.8208","-88.6064","198.7","2025-07","80.0","7.2","32.8","37.8","18.9","25.9","11.9"
"USC00200497","BARAGA 7 NW, MI US","46.8208","-88.6064","198.7","2025-08","108.5","1.7","31.7","108.2","17.0","23.4","10.5"
"USC00200497","BARAGA 7 NW, MI US","46.8208","-88.6064","198.7","2025-09","115.7","2.8","30.0","212.8","15.1","21.1","9.1"
"USC00200497","BARAGA 7 NW, MI US","46.8208","-88.6064","198.7","2025-10","119.6","-5.0","30.0","511.2","8.8","16.2","1.5"
"USC00200497","BARAGA 7 NW, MI US","46.8208","-88.6064","198.7","2025-11","119.6","-8.9","12.8","1024.9","1.2","5.4","-3.0"
"USC00200497","BARAGA 7 NW, MI US","46.8208","-88.6064","198.7","2025-12","119.6","-17.8","6.1","1795.6","-6.5","-3.2","-9.8"
"US1MIWS0064","YPSILANTI 0.4 E, MI US","42.244332","-83.612839","223.1","2025-07",,,,,,,
"US1MIWS0064","YPSILANTI 0.4 E, MI US","42.244332","-83.612839","223.1","2025-09",,,,,,,
"US1MIKZ0001","KALAMAZOO 6.0 SW, MI US","42.206126","-85.658962","274.0","2025-07",,,,,,,
"US1MIKZ0001","KALAMAZOO 6.0 SW, MI US","42.206126","-85.658962","274.0","2025-10",,,,,,,
"US1MIKZ0001","KALAMAZOO 6.0 SW, MI US","42.206126","-85.658962","274.0","2025-11",,,,,,,
"USC00202691","FARMINGTON, MI US","42.4669","-83.3625","219.5","2025-07","262.9","11.7","35.0","0.5","23.4","29.7","17.2"
"USC00202691","FARMINGTON, MI US","42.4669","-83.3625","219.5","2025-08","358.5","6.7","33.3","21.4","20.7","26.9","14.5"
"USC00202691","FARMINGTON, MI US","42.4669","-83.3625","219.5","2025-09","385.3","6.1","31.1","50.3","18.3","25.8","10.7"
"USC00202691","FARMINGTON, MI US","42.4669","-83.3625","219.5","2025-10","395.9","0.6","31.7","241.9","12.5","19.3","5.7"
"USC00202691","FARMINGTON, MI US","42.4669","-83.3625","219.5","2025-11","395.9","-5.0","18.3","689.4","3.4","8.5","-1.7"
"USC00202691","FARMINGTON, MI US","42.4669","-83.3625","219.5","2025-12","395.9","-17.2","14.4","1385.3","-4.1","0.3","-8.5"
"USW00014845","SAGINAW MBS INTERNATIONAL AIRPORT, MI US","43.52808","-84.08133","201.7","2025-07","279.4","10.6","33.9","0.6","23.2","28.6","17.8"
"USW00014845","SAGINAW MBS INTERNATIONAL AIRPORT, MI US","43.52808","-84.08133","201.7","2025-08","371.0","7.8","33.9","19.7","20.7","26.4","15.0"
"USW00014845","SAGINAW MBS INTERNATIONAL AIRPORT, MI US","43.52808","-84.08133","201.7","2025-09","391.8","4.4","30.6","55.5","17.8","23.8","11.8"
"USW00014845","SAGINAW MBS INTERNATIONAL AIRPORT, MI US","43.52808","-84.08133","201.7","2025-10","405.6","-0.6","30.6","267.5","11.9","17.6","6.3"
"USW00014845","SAGINAW MBS INTERNATIONAL AIRPORT, MI US","43.52808","-84.08133","201.7","2025-11","405.6","-7.2","17.2","725.9","3.1","7.3","-1.2"
"USW00014845","SAGINAW MBS INTERNATIONAL AIRPORT, MI US","43.52808","-84.08133","201.7","2025-12","405.6","-17.8","9.4","1418.4","-4.0","-0.2","-7.9"
"US1MIOK0129","ROCHESTER HILLS 1.6 NNW, MI US","42.687697","-83.167111","262.7","2025-07",,,,,,,
"US1MIOK0129","ROCHESTER HILLS 1.6 NNW, MI US","42.687697","-83.167111","262.7","2025-08",,,,,,,
"US1MIOK0129","ROCHESTER HILLS 1.6 NNW, MI US","42.687697","-83.167111","262.7","2025-09",,,,,,,
"US1MIOK0129","ROCHESTER HILLS 1.6 NNW, MI US","42.687697","-83.167111","262.7","2025-10",,,,,,,
"US1MIOK0129","ROCHESTER HILLS 1.6 NNW, MI US","42.687697","-83.167111","262.7","2025-11",,,,,,,
"USW00014841","PELLSTON REGIONAL AIRPORT, MI US","45.5644","-84.79291","215.3","2025-07","108.6","5.6","32.2","15.0","19.9","26.8","13.0"
"USW00014841","PELLSTON REGIONAL AIRPORT, MI US","45.5644","-84.79291","215.3","2025-08","150.3","1.1","33.9","74.2","17.9","25.1","10.6"
"USW00014841","PELLSTON REGIONAL AIRPORT, MI US","45.5644","-84.79291","215.3","2025-09","152.3","2.2","27.8","171.9","15.1","21.7","8.6"
"USW00014841","PELLSTON REGIONAL AIRPORT, MI US","45.5644","-84.79291","215.3","2025-10","160.4","-5.6","30.0","451.1","9.6","16.5","2.6"
"USW00014841","PELLSTON REGIONAL AIRPORT, MI US","45.5644","-84.79291","215.3","2025-11","160.4","-16.1","12.2","952.2","1.6","5.7","-2.4"
"USW00014841","PELLSTON REGIONAL AIRPORT, MI US","45.5644","-84.79291","215.3","2025-12","160.4","-21.7","7.8","1685.1","-5.3","-1.3","-9.3"
"US1MIOK0128","BERKLEY 0.6 N, MI US","42.50623","-83.18688","210.3","2025-07",,,,,,,
"US1MIOK0128","BERKLEY 0.6 N, MI US","42.50623","-83.18688","210.3","2025-08",,,,,,,
"US1MIOK0128","BERKLEY 0.6 N, MI US","42.50623","-83.18688","210.3","2025-09",,,,,,,
"US1MIOK0128","BERKLEY 0.6 N, MI US","42.50623","-83.18688","210.3","2025-10",,,,,,,
"US1MIOK0128","BERKLEY 0.6 N, MI US","42.50623","-83.18688","210.3","2025-11",,,,,,,
"US1MIOK0128","BERKLEY 0.6 N, MI US","42.50623","-83.18688","210.3","2025-12",,,,,,,
"USW00014840","MUSKEGON CO AIRPORT, MI US","43.17111","-86.23685","190.3","2025-07","256.2","10.6","32.8","0.2","23.1","28.3","17.9"
"USW00014840","MUSKEGON CO AIRPORT, MI US","43.17111","-86.23685","190.3","2025-08","365.4","6.1","32.8","23.4","21.1","26.7","15.5"
"USW00014840","MUSKEGON CO AIRPORT, MI US","43.17111","-86.23685","190.3","2025-09","396.6","3.3","30.6","60.0","18.2","24.7","11.6"
"USW00014840","MUSKEGON CO AIRPORT, MI US","43.17111","-86.23685","190.3","2025-10","408.5","-2.8","28.3","258.0","12.3","17.9","6.7"
"USW00014840","MUSKEGON CO AIRPORT, MI US","43.17111","-86.23685","190.3","2025-11","408.5","-6.7","16.1","685.7","4.1","7.9","0.3"
"USW00014840","MUSKEGON CO AIRPORT, MI US","43.17111","-86.23685","190.3","2025-12","408.5","-17.8","9.4","1329.5","-2.4","0.8","-5.7"
"US1MIOK0125","FARMINGTON HILLS 2.4 SSW, MI US","42.456306","-83.401299","248.7","2025-07",,,,,,,
"USC00202328","DURAND WWTP, MI US","42.9269","-83.9894","234.7","2025-07",,,"34.4",,,"28.6",
"USC00202328","DURAND WWTP, MI US","42.9269","-83.9894","234.7","2025-08",,"6.7","33.3",,"20.5","26.5","14.4"
"USC00202328","DURAND WWTP, MI US","42.9269","-83.9894","234.7","2025-09",,"3.3","30.0",,"17.4","24.7","10.0"
"USC00202328","DURAND WWTP, MI US","42.9269","-83.9894","234.7","2025-10",,"-2.2","31.1",,"11.9","18.7","5.1"
"USC00202328","DURAND WWTP, MI US","42.9269","-83.9894","234.7","2025-11",,"-9.4","18.3",,"3.2","8.2","-1.9"
"USC00202328","DURAND WWTP, MI US","42.9269","-83.9894","234.7","2025-12",,"-20.6","15.6",,"-4.8","0.1","-9.6"
"US1MIOK0122","BERKLEY 0.5 WSW, MI US","42.493633","-83.195037","209.4","2025-07",,,,,,,
"US1MIDL0004","GLADSTONE 2.1 SW, MI US","45.83218","-87.05727","217.3","2025-07",,,,,,,
"US1MIDL0004","GLADSTONE 2.1 SW, MI US","45.83218","-87.05727","217.3","2025-08",,,,,,,
"US1MIDL0004","GLADSTONE 2.1 SW, MI US","45.83218","-87.05727","217.3","2025-09",,,,,,,
"USW00014838","MARQUETTE, MI US","46.5458","-87.3795","186.8","2025-07","82.5","11.1","31.1","29.5","19.4","23.5","15.3"
"USW00014838","MARQUETTE, MI US","46.5458","-87.3795","186.8","2025-08","132.3","7.2","32.2","69.4","18.6","22.4","14.9"
"USW00014838","MARQUETTE, MI US","46.5458","-87.3795","186.8","2025-09","149.9","6.1","27.8","151.7","16.2","19.7","12.7"
"USW00014838","MARQUETTE, MI US","46.5458","-87.3795","186.8","2025-10","154.9","-0.6","28.3","380.5","11.1","15.1","7.1"
"USW00014838","MARQUETTE, MI US","46.5458","-87.3795","186.8","2025-11","154.9","-6.7","12.2","848.7","2.7","5.6","-0.1"
"USW00014838","MARQUETTE, MI US","46.5458","-87.3795","186.8","2025-12","154.9","-18.3","5.6","1603.4","-6.0","-2.8","-9.2"
"US1MIOK0121","LAKE ORION 1.1 ENE, MI US","42.7868","-83.22323","300.2","2025-09",,,,,,,
"US1MIOK0121","LAKE ORION 1.1 ENE, MI US","42.7868","-83.22323","300.2","2025-10",,,,,,,
"USW00014836","LANSING CAPITAL CITY AIRPORT, MI US","42.77609","-84.59972","261.2","2025-07","281.0","11.1","34.4","0.0","23.6","29.1","18.1"
"USW00014836","LANSING CAPITAL CITY AIRPORT, MI US","42.77609","-84.59972","261.2","2025-08","384.9","6.7","33.9","20.8","21.0","27.4","14.6"
"USW00014836","LANSING CAPITAL CITY AIRPORT, MI US","42.77609","-84.59972","261.2","2025-09","411.3","3.3","30.0","53.6","18.1","25.0","11.3"
"USW00014836","LANSING CAPITAL CITY AIRPORT, MI US","42.77609","-84.59972","261.2","2025-10","428.2","-2.2","31.7","268.6","11.9","18.2","5.7"
"USW00014836","LANSING CAPITAL CITY AIRPORT, MI US","42.77609","-84.59972","261.2","2025-11","428.2","-7.8","18.9","711.2","3.6","8.1","-1.0"
"USW00014836","LANSING CAPITAL CITY AIRPORT, MI US","42.77609","-84.59972","261.2","2025-12","428.2","-19.4","13.3","1389.3","-3.5","0.6","-7.7"
"US1MIDL0007","ESCANABA 4.1 NNW, MI US","45.799469","-87.116199","219.2","2025-11",,,,,,,
"US1MIDL0007","ESCANABA 4.1 NNW, MI US","45.799469","-87.116199","219.2","2025-12",,,,,,,
"US1MIWS0079","YPSILANTI 2.5 ESE, MI US","42.227658","-83.577115","222.2","2025-07",,,,,,,
"US1MIWS0079","YPSILANTI 2.5 ESE, MI US","42.227658","-83.577115","222.2","2025-08",,,,,,,
"US1MIWS0079","YPSILANTI 2.5 ESE, MI US","42.227658","-83.577115","222.2","2025-09",,,,,,,
"US1MIWS0079","YPSILANTI 2.5 ESE, MI US","42.227658","-83.577115","222.2","2025-10",,,,,,,
"US1MIWS0079","YPSILANTI 2.5 ESE, MI US","42.227658","-83.577115","222.2","2025-11",,,,,,,
"US1MIWS0079","YPSILANTI 2.5 ESE, MI US","42.227658","-83.577115","222.2","2025-12",,,,,,,
"USC00201476","CHARLOTTE, MI US","42.5499","-84.825","274.9","2025-07",,,,,,,
"USC00201476","CHARLOTTE, MI US","42.5499","-84.825","274.9","2025-08",,,,,,,
"USC00201476","CHARLOTTE, MI US","42.5499","-84.825","274.9","2025-09",,,,,,,
"USC00201476","CHARLOTTE, MI US","42.5499","-84.825","274.9","2025-10",,,,,,,
"USC00201476","CHARLOTTE, MI US","42.5499","-84.825","274.9","2025-11",,,,,,,
"USC00201476","CHARLOTTE, MI US","42.5499","-84.825","274.9","2025-12",,,,,,,
"USC00203413","GREEN GARDEN NUMBER 2, MI US","46.4533","-87.3038","205.7","2025-07",,,,,,,
"USC00203413","GREEN GARDEN NUMBER 2, MI US","46.4533","-87.3038","205.7","2025-08",,,,,,,
"USC00203413","GREEN GARDEN NUMBER 2, MI US","46.4533","-87.3038","205.7","2025-09",,,,,,,
"USC00203413","GREEN GARDEN NUMBER 2, MI US","46.4533","-87.3038","205.7","2025-10",,,,,,,
"USC00203413","GREEN GARDEN NUMBER 2, MI US","46.4533","-87.3038","205.7","2025-11",,,,,,,
"USC00203413","GREEN GARDEN NUMBER 2, MI US","46.4533","-87.3038","205.7","2025-12",,,,,,,
"USC00204502","LAKE CITY EXPERIMENTAL FARM, MI US","44.3088","-85.205","374.9","2025-07","159.6","6.1","33.3","10.3","21.0","28.6","13.4"
"USC00204502","LAKE CITY EXPERIMENTAL FARM, MI US","44.3088","-85.205","374.9","2025-08","218.6","1.7","32.8","56.8","18.7","26.3","11.2"
"USC00204502","LAKE CITY EXPERIMENTAL FARM, MI US","44.3088","-85.205","374.9","2025-09","221.7","-0.6","30.0","150.0","15.3","23.6","7.1"
"USC00204502","LAKE CITY EXPERIMENTAL FARM, MI US","44.3088","-85.205","374.9","2025-10","226.2","-4.4","31.7","407.2","10.2","17.8","2.5"
"USC00204502","LAKE CITY EXPERIMENTAL FARM, MI US","44.3088","-85.205","374.9","2025-11","226.2","-12.2","14.4","897.9","1.4","6.7","-3.9"
"USC00204502","LAKE CITY EXPERIMENTAL FARM, MI US","44.3088","-85.205","374.9","2025-12","226.2","-23.3","6.7","1608.3","-5.4","-1.2","-9.5"
"US1MIDC0006","IRON MOUNTAIN 1.1 W, MI US","45.827192","-88.084161","387.7","2025-07",,,,,,,
"US1MIDC0006","IRON MOUNTAIN 1.1 W, MI US","45.827192","-88.084161","387.7","2025-08",,,,,,,
"US1MIDC0006","IRON MOUNTAIN 1.1 W, MI US","45.827192","-88.084161","387.7","2025-09",,,,,,,
"US1MIDC0006","IRON MOUNTAIN 1.1 W, MI US","45.827192","-88.084161","387.7","2025-10",,,,,,,
"US1MIDC0006","IRON MOUNTAIN 1.1 W, MI US","45.827192","-88.084161","387.7","2025-11",,,,,,,
"US1MIDC0006","IRON MOUNTAIN 1.1 W, MI US","45.827192","-88.084161","387.7","2025-12",,,,,,,
"USC00200146","ALMA, MI US","43.38686","-84.64818","221.9","2025-07",,"11.1","33.9","1.9","22.9","28.9","16.9"
"USC00200146","ALMA, MI US","43.38686","-84.64818","221.9","2025-08",,"7.2","33.3","24.2","20.5","26.8","14.2"
"USC00200146","ALMA, MI US","43.38686","-84.64818","221.9","2025-09",,"3.9","30.6","68.8","17.4","24.5","10.4"
"USC00200146","ALMA, MI US","43.38686","-84.64818","221.9","2025-10",,"-1.7","31.1","283.7","11.8","18.2","5.3"
"USC00200146","ALMA, MI US","43.38686","-84.64818","221.9","2025-11",,"-7.2","17.2","751.5","2.7","7.6","-2.1"
"USC00200146","ALMA, MI US","43.38686","-84.64818","221.9","2025-12",,"-17.2","8.3","1456.4","-4.4","-0.6","-8.2"
"US1MIWS0074","ANN ARBOR 5.4 SSW, MI US","42.2011204","-83.765407","257.3","2025-09",,,,,,,
"US1MIWS0074","ANN ARBOR 5.4 SSW, MI US","42.2011204","-83.765407","257.3","2025-10",,,,,,,
"US1MIWS0074","ANN ARBOR 5.4 SSW, MI US","42.2011204","-83.765407","257.3","2025-11",,,,,,,
"US1MIWS0074","ANN ARBOR 5.4 SSW, MI US","42.2011204","-83.765407","257.3","2025-12",,,,,,,
"US1MIMR0016","OTTAWA LAKE 1.4 SSW, MI US","41.782787","-83.738953","209.7","2025-07",,,,,,,
"US1MIMR0016","OTTAWA LAKE 1.4 SSW, MI US","41.782787","-83.738953","209.7","2025-08",,,,,,,
"US1MIMR0016","OTTAWA LAKE 1.4 SSW, MI US","41.782787","-83.738953","209.7","2025-09",,,,,,,
"US1MIMR0016","OTTAWA LAKE 1.4 SSW, MI US","41.782787","-83.738953","209.7","2025-10",,,,,,,
"US1MIMR0016","OTTAWA LAKE 1.4 SSW, MI US","41.782787","-83.738953","209.7","2025-11",,,,,,,
"US1MIMR0016","OTTAWA LAKE 1.4 SSW, MI US","41.782787","-83.738953","209.7","2025-12",,,,,,,
"US1MIKZ0032","KALAMAZOO 1.6 WSW, MI US","42.266463","-85.617403","286.8","2025-07",,,,,,,
"US1MIKZ0032","KALAMAZOO 1.6 WSW, MI US","42.266463","-85.617403","286.8","2025-09",,,,,,,
"US1MIKZ0032","KALAMAZOO 1.6 WSW, MI US","42.266463","-85.617403","286.8","2025-10",,,,,,,
"US1MIKZ0032","KALAMAZOO 1.6 WSW, MI US","42.266463","-85.617403","286.8","2025-11",,,,,,,
"USC00208443","VASSAR, MI US","43.3656","-83.5828","192.0","2025-07",,,"34.4",,,"28.6",
"USC00208443","VASSAR, MI US","43.3656","-83.5828","192.0","2025-08",,"5.0","33.3",,"20.1","27.0","13.3"
"USC00208443","VASSAR, MI US","43.3656","-83.5828","192.0","2025-09",,"2.8","30.6",,"17.4","24.9","9.8"
"USC00208443","VASSAR, MI US","43.3656","-83.5828","192.0","2025-10",,"-2.8","31.7",,"11.0","18.3","3.7"
"USC00208443","VASSAR, MI US","43.3656","-83.5828","192.0","2025-11",,,,,,,
"USC00208443","VASSAR, MI US","43.3656","-83.5828","192.0","2025-12",,"-18.3","9.4",,"-4.3","0.3","-8.9"
"US1MIMR0017","MONROE 5.9 NW, MI US","41.965405","-83.479872","191.4","2025-09",,,,,,,
"US1MIMR0017","MONROE 5.9 NW, MI US","41.965405","-83.479872","191.4","2025-10",,,,,,,
"US1MIMR0017","MONROE 5.9 NW, MI US","41.965405","-83.479872","191.4","2025-11",,,,,,,
"USC00205050","MANCHESTER, MI US","42.1508","-84.0236","294.1","2025-07","280.7","11.7","36.1","0.0","23.6","30.0","17.3"
"USC00205050","MANCHESTER, MI US","42.1508","-84.0236","294.1","2025-08","372.6","5.6","32.8","20.8","20.6","27.4","13.9"
"USC00205050","MANCHESTER, MI US","42.1508","-84.0236","294.1","2025-09","401.1","4.4","31.1","51.7","18.3","26.1","10.4"
"USC00205050","MANCHESTER, MI US","42.1508","-84.0236","294.1","2025-10","415.3","-1.7","31.7","234.5","12.7","20.4","5.1"
"USC00205050","MANCHESTER, MI US","42.1508","-84.0236","294.1","2025-11","415.3","-6.1","19.4","671.3","3.8","9.2","-1.6"
"USC00205050","MANCHESTER, MI US","42.1508","-84.0236","294.1","2025-12","415.3","-18.9","15.6","1312.2","-3.7","1.2","-8.6"
"US1MIKZ0031","PORTAGE 5.6 E, MI US","42.212449","-85.481922","270.7","2025-07",,,,,,,
"US1MIKZ0031","PORTAGE 5.6 E, MI US","42.212449","-85.481922","270.7","2025-08",,,,,,,
"US1MIKZ0031","PORTAGE 5.6 E, MI US","42.212449","-85.481922","270.7","2025-10",,,,,,,
"US1MIKZ0031","PORTAGE 5.6 E, MI US","42.212449","-85.481922","270.7","2025-12",,,,,,,
"USC00208202","TIPTON 2 WNW, MI US","42.0283","-84.1108","295.7","2025-07",,,,,,,
"USC00208202","TIPTON 2 WNW, MI US","42.0283","-84.1108","295.7","2025-08",,,,,,,
"USC00208202","TIPTON 2 WNW, MI US","42.0283","-84.1108","295.7","2025-09",,,,,,,
"USC00208202","TIPTON 2 WNW, MI US","42.0283","-84.1108","295.7","2025-10",,,,,,,
"US1MIKN0102","LOWELL 5.5 NW, MI US","42.987608","-85.424039","253.3","2025-07",,,,,,,
"US1MIKN0102","LOWELL 5.5 NW, MI US","42.987608","-85.424039","253.3","2025-08",,,,,,,
"US1MIKN0102","LOWELL 5.5 NW, MI US","42.987608","-85.424039","253.3","2025-09",,,,,,,
"US1MIKN0102","LOWELL 5.5 NW, MI US","42.987608","-85.424039","253.3","2025-10",,,,,,,
"US1MIKN0102","LOWELL 5.5 NW, MI US","42.987608","-85.424039","253.3","2025-11",,,,,,,
"US1MIBN0004","NILES 2.7 W, MI US","41.83705","-86.30048","219.2","2025-07",,,,,,,
"US1MIBN0004","NILES 2.7 W, MI US","41.83705","-86.30048","219.2","2025-08",,,,,,,
"US1MIBN0004","NILES 2.7 W, MI US","41.83705","-86.30048","219.2","2025-09",,,,,,,
"US1MIBN0004","NILES 2.7 W, MI US","41.83705","-86.30048","219.2","2025-10",,,,,,,
"US1MIBN0004","NILES 2.7 W, MI US","41.83705","-86.30048","219.2","2025-11",,,,,,,
"US1MIBN0004","NILES 2.7 W, MI US","41.83705","-86.30048","219.2","2025-12",,,,,,,
"US1MIBN0003","BUCHANAN 1.4 ESE, MI US","41.818287","-86.342251","231.3","2025-07",,,,,,,
"US1MIBN0003","BUCHANAN 1.4 ESE, MI US","41.818287","-86.342251","231.3","2025-08",,,,,,,
"US1MIBN0003","BUCHANAN 1.4 ESE, MI US","41.818287","-86.342251","231.3","2025-09",,,,,,,
"US1MIBN0003","BUCHANAN 1.4 ESE, MI US","41.818287","-86.342251","231.3","2025-10",,,,,,,
"US1MIBN0003","BUCHANAN 1.4 ESE, MI US","41.818287","-86.342251","231.3","2025-11",,,,,,,
"US1MIBN0003","BUCHANAN 1.4 ESE, MI US","41.818287","-86.342251","231.3","2025-12",,,,,,,
"US1MIBN0002","STEVENSVILLE 1.7 SSE, MI US","41.991137","-86.508585","187.8","2025-08",,,,,,,
"US1MIBN0002","STEVENSVILLE 1.7 SSE, MI US","41.991137","-86.508585","187.8","2025-09",,,,,,,
"US1MIBN0002","STEVENSVILLE 1.7 SSE, MI US","41.991137","-86.508585","187.8","2025-10",,,,,,,
"US1MIBN0002","STEVENSVILLE 1.7 SSE, MI US","41.991137","-86.508585","187.8","2025-11",,,,,,,
"US1MIBN0002","STEVENSVILLE 1.7 SSE, MI US","41.991137","-86.508585","187.8","2025-12",,,,,,,
"USC00208682","WATERSMEET 12 WSW, MI US","46.2231","-89.4085","515.1","2025-07",,,,,,,
"USC00208682","WATERSMEET 12 WSW, MI US","46.2231","-89.4085","515.1","2025-08",,,,,,,
"USC00208682","WATERSMEET 12 WSW, MI US","46.2231","-89.4085","515.1","2025-09",,,,,,,
"USC00208682","WATERSMEET 12 WSW, MI US","46.2231","-89.4085","515.1","2025-10",,,,,,,
"USC00200718","BERGLAND DAM, MI US","46.5869","-89.5475","396.2","2025-07",,"6.7","32.2","35.6","19.1","25.6","12.5"
"USC00200718","BERGLAND DAM, MI US","46.5869","-89.5475","396.2","2025-08",,"3.3","30.6","98.9","17.2","23.4","11.0"
"USC00200718","BERGLAND DAM, MI US","46.5869","-89.5475","396.2","2025-09",,"3.9","28.3","203.3","15.2","21.2","9.3"
"USC00200718","BERGLAND DAM, MI US","46.5869","-89.5475","396.2","2025-10",,"-2.8","29.4","497.8","9.0","15.9","2.0"
"USC00200718","BERGLAND DAM, MI US","46.5869","-89.5475","396.2","2025-11",,,,,,,
"USC00200718","BERGLAND DAM, MI US","46.5869","-89.5475","396.2","2025-12",,"-22.8","3.3",,"-9.5","-5.6","-13.4"
"US1MINW0002","GRANT 4.8 NW, MI US","43.381844","-85.879724","189.9","2025-07",,,,,,,
"US1MINW0002","GRANT 4.8 NW, MI US","43.381844","-85.879724","189.9","2025-08",,,,,,,
"US1MINW0002","GRANT 4.8 NW, MI US","43.381844","-85.879724","189.9","2025-09",,,,,,,
"US1MIKN0106","LOWELL 5.5 N, MI US","43.0124","-85.3512","245.4","2025-07",,,,,,,
"US1MIKN0106","LOWELL 5.5 N, MI US","43.0124","-85.3512","245.4","2025-08",,,,,,,
"US1MIKN0106","LOWELL 5.5 N, MI US","43.0124","-85.3512","245.4","2025-09",,,,,,,
"US1MIKN0106","LOWELL 5.5 N, MI US","43.0124","-85.3512","245.4","2025-12",,,,,,,
"US1MIOK0158","BEVERLY HILLS 1.2 W, MI US","42.51655","-83.26511","213.1","2025-07",,,,,,,
"USC00200710","BENTON HARBOR AIRPORT, MI US","42.1245","-86.4266","190.5","2025-07","313.6","13.3","36.1","0.0","24.7","30.8","18.6"
"USC00200710","BENTON HARBOR AIRPORT, MI US","42.1245","-86.4266","190.5","2025-08","420.7","8.9","31.7","10.0","21.5","26.1","16.8"
"USC00200710","BENTON HARBOR AIRPORT, MI US","42.1245","-86.4266","190.5","2025-09","462.4","7.2","28.9","30.3","19.1","24.2","13.9"
"USC00200710","BENTON HARBOR AIRPORT, MI US","42.1245","-86.4266","190.5","2025-10","480.7","1.1","28.9","181.4","14.1","18.8","9.4"
"USC00200710","BENTON HARBOR AIRPORT, MI US","42.1245","-86.4266","190.5","2025-11","480.7","-5.0","15.6","557.0","5.8","9.1","2.5"
"USC00200710","BENTON HARBOR AIRPORT, MI US","42.1245","-86.4266","190.5","2025-12","480.7","-15.6","10.6","1105.9","-2.0","2.7","-6.7"
"US1MIOK0035","WATERFORD 2.1 NW, MI US","42.687418","-83.413166","299.3","2025-07",,,,,,,
"US1MIOK0035","WATERFORD 2.1 NW, MI US","42.687418","-83.413166","299.3","2025-08",,,,,,,
"US1MIOK0035","WATERFORD 2.1 NW, MI US","42.687418","-83.413166","299.3","2025-09",,,,,,,
"US1MIOK0035","WATERFORD 2.1 NW, MI US","42.687418","-83.413166","299.3","2025-10",,,,,,,
"US1MIOK0031","WATERFORD 2.6 N, MI US","42.70081","-83.39073","294.1","2025-07",,,,,,,
"US1MIOK0031","WATERFORD 2.6 N, MI US","42.70081","-83.39073","294.1","2025-08",,,,,,,
"US1MIOK0031","WATERFORD 2.6 N, MI US","42.70081","-83.39073","294.1","2025-09",,,,,,,
"US1MIOK0151","LEONARD 1.9 ESE, MI US","42.8562959","-83.107793","304.2","2025-09",,,,,,,
"US1MIOK0151","LEONARD 1.9 ESE, MI US","42.8562959","-83.107793","304.2","2025-10",,,,,,,
"USC00204079","IONIA 3 W, MI US","42.98145","-85.12095","242.3","2025-07","218.3","11.7","33.3","1.4","22.5","28.7","16.3"
"USC00204079","IONIA 3 W, MI US","42.98145","-85.12095","242.3","2025-08","303.3","5.6","32.8","30.2","20.1","26.8","13.5"
"USC00204079","IONIA 3 W, MI US","42.98145","-85.12095","242.3","2025-09","322.5","2.2","30.6","74.4","17.5","24.7","10.3"
"USC00204079","IONIA 3 W, MI US","42.98145","-85.12095","242.3","2025-10","334.2","-2.2","30.6","275.2","11.9","18.3","5.6"
"USC00204079","IONIA 3 W, MI US","42.98145","-85.12095","242.3","2025-11","334.2","-8.3","17.2","733.1","3.1","8.2","-2.1"
"USC00204079","IONIA 3 W, MI US","42.98145","-85.12095","242.3","2025-12","334.2","-17.8","8.9","1430.3","-4.2","-0.2","-8.1"
"US1MIKZ0025","PORTAGE 0.8 WSW, MI US","42.19781","-85.60467","267.0","2025-10",,,,,,,
"US1MIWY0182","GROSSE POINTE PARK 0.7 SSW, MI US","42.36477","-82.92763","175.9","2025-07",,,,,,,
"US1MIWY0182","GROSSE POINTE PARK 0.7 SSW, MI US","42.36477","-82.92763","175.9","2025-09",,,,,,,
"US1MIWY0182","GROSSE POINTE PARK 0.7 SSW, MI US","42.36477","-82.92763","175.9","2025-10",,,,,,,
"US1MIWY0182","GROSSE POINTE PARK 0.7 SSW, MI US","42.36477","-82.92763","175.9","2025-12",,,,,,,
"US1MIMR0004","MONROE 3.0 S, MI US","41.872635","-83.380939","182.3","2025-07",,,,,,,
"US1MIMR0004","MONROE 3.0 S, MI US","41.872635","-83.380939","182.3","2025-08",,,,,,,
"US1MIMR0004","MONROE 3.0 S, MI US","41.872635","-83.380939","182.3","2025-09",,,,,,,
"US1MIMR0004","MONROE 3.0 S, MI US","41.872635","-83.380939","182.3","2025-10",,,,,,,
"US1MIMR0004","MONROE 3.0 S, MI US","41.872635","-83.380939","182.3","2025-11",,,,,,,
"US1MIMR0004","MONROE 3.0 S, MI US","41.872635","-83.380939","182.3","2025-12",,,,,,,
"US1MIWY0183","CANTON 2.6 E, MI US","42.304243","-83.432358","204.5","2025-08",,,,,,,
"US1MIWY0183","CANTON 2.6 E, MI US","42.304243","-83.432358","204.5","2025-09",,,,,,,
"US1MIWY0183","CANTON 2.6 E, MI US","42.304243","-83.432358","204.5","2025-10",,,,,,,
"USC00207364","SAULT STE MARIE, MI US","46.48913","-84.31932","183.5","2025-07","58.7","7.8","31.1","27.8","18.8","25.0","12.5"
"USC00207364","SAULT STE MARIE, MI US","46.48913","-84.31932","183.5","2025-08","107.2","5.0","30.6","83.4","18.1","23.5","12.7"
"USC00207364","SAULT STE MARIE, MI US","46.48913","-84.31932","183.5","2025-09","108.9","3.3","27.8","189.3","14.9","20.2","9.5"
"USC00207364","SAULT STE MARIE, MI US","46.48913","-84.31932","183.5","2025-10","111.7","-2.2","27.2","466.5","9.5","14.8","4.1"
"USC00207364","SAULT STE MARIE, MI US","46.48913","-84.31932","183.5","2025-11","111.7","-8.3","10.6","980.6","1.2","4.6","-2.2"
"USC00207364","SAULT STE MARIE, MI US","46.48913","-84.31932","183.5","2025-12","111.7","-20.6","5.0","1785.0","-7.6","-3.4","-11.8"
"US1MIWY0184","PLYMOUTH 1.4 W, MI US","42.372998","-83.493837","239.3","2025-07",,,,,,,
"US1MIWY0184","PLYMOUTH 1.4 W, MI US","42.372998","-83.493837","239.3","2025-08",,,,,,,
"US1MIWY0184","PLYMOUTH 1.4 W, MI US","42.372998","-83.493837","239.3","2025-09",,,,,,,
"US1MIWY0184","PLYMOUTH 1.4 W, MI US","42.372998","-83.493837","239.3","2025-10",,,,,,,
"US1MIWY0184","PLYMOUTH 1.4 W, MI US","42.372998","-83.493837","239.3","2025-11",,,,,,,
"US1MIWY0185","WESTLAND 1.1 SSW, MI US","42.3051430919896","-83.3905461950681","203.6","2025-07",,,,,,,
"US1MIWY0185","WESTLAND 1.1 SSW, MI US","42.3051430919896","-83.3905461950681","203.6","2025-08",,,,,,,
"US1MIWY0185","WESTLAND 1.1 SSW, MI US","42.3051430919896","-83.3905461950681","203.6","2025-09",,,,,,,
"US1MIWY0185","WESTLAND 1.1 SSW, MI US","42.3051430919896","-83.3905461950681","203.6","2025-10",,,,,,,
"US1MIWY0185","WESTLAND 1.1 SSW, MI US","42.3051430919896","-83.3905461950681","203.6","2025-11",,,,,,,
"US1MIWY0185","WESTLAND 1.1 SSW, MI US","42.3051430919896","-83.3905461950681","203.6","2025-12",,,,,,,
"USC00206398","PAULDING, MI US","46.3976","-89.1794","416.7","2025-07","75.8","4.4","32.2","44.5","18.1","25.3","10.9"
"USC00206398","PAULDING, MI US","46.3976","-89.1794","416.7","2025-08","98.9","0.6","31.1","139.8","16.0","22.8","9.3"
"USC00206398","PAULDING, MI US","46.3976","-89.1794","416.7","2025-09","105.9","1.7","27.8","259.3","14.3","20.1","8.5"
"USC00206398","PAULDING, MI US","46.3976","-89.1794","416.7","2025-10","109.5","-3.9","28.3","566.3","8.2","14.5","1.9"
"USC00206398","PAULDING, MI US","46.3976","-89.1794","416.7","2025-11","109.5","-12.8","12.8","1126.4","-0.3","4.0","-4.7"
"USC00206398","PAULDING, MI US","46.3976","-89.1794","416.7","2025-12","109.5","-23.9","3.3","1862.2","-8.8","-4.2","-13.3"
"US1MIMR0009","CARLETON 2.5 S, MI US","42.0212526619434","-83.3944923430681","187.5","2025-07",,,,,,,
"US1MIMR0009","CARLETON 2.5 S, MI US","42.0212526619434","-83.3944923430681","187.5","2025-08",,,,,,,
"US1MIMR0009","CARLETON 2.5 S, MI US","42.0212526619434","-83.3944923430681","187.5","2025-09",,,,,,,
"US1MIMR0009","CARLETON 2.5 S, MI US","42.0212526619434","-83.3944923430681","187.5","2025-10",,,,,,,
"US1MIMR0009","CARLETON 2.5 S, MI US","42.0212526619434","-83.3944923430681","187.5","2025-11",,,,,,,
"USC00205065","MANISTEE 3 SE, MI US","44.2113","-86.2938","204.2","2025-07",,"8.9","32.2","15.4","20.8","25.9","15.8"
"USC00205065","MANISTEE 3 SE, MI US","44.2113","-86.2938","204.2","2025-08",,"5.6","33.3","54.0","19.4","24.5","14.3"
"USC00205065","MANISTEE 3 SE, MI US","44.2113","-86.2938","204.2","2025-09",,"3.9","27.8","121.7","16.4","21.8","11.0"
"USC00205065","MANISTEE 3 SE, MI US","44.2113","-86.2938","204.2","2025-10",,"-1.1","29.4","341.4","11.6","17.3","5.9"
"USC00205065","MANISTEE 3 SE, MI US","44.2113","-86.2938","204.2","2025-12",,"-17.2","8.9",,"-3.5","-0.3","-6.8"
"US1MIMG0019","NORTH MUSKEGON 2.4 NW, MI US","43.2774122804403","-86.302200704813","188.1","2025-07",,,,,,,
"US1MIMG0019","NORTH MUSKEGON 2.4 NW, MI US","43.2774122804403","-86.302200704813","188.1","2025-08",,,,,,,
"US1MIMG0019","NORTH MUSKEGON 2.4 NW, MI US","43.2774122804403","-86.302200704813","188.1","2025-09",,,,,,,
"US1MIMG0019","NORTH MUSKEGON 2.4 NW, MI US","43.2774122804403","-86.302200704813","188.1","2025-10",,,,,,,
"USC00204090","IRON MTN KINGSFORD WWTP, MI US","45.7858","-88.0841","326.4","2025-07","171.4","8.3","33.3","9.5","21.4","27.5","15.3"
"USC00204090","IRON MTN KINGSFORD WWTP, MI US","45.7858","-88.0841","326.4","2025-08","233.9","4.4","31.7","40.3","19.4","25.0","13.7"
"USC00204090","IRON MTN KINGSFORD WWTP, MI US","45.7858","-88.0841","326.4","2025-09","248.4","5.0","31.1","108.9","16.5","22.7","10.3"
"USC00204090","IRON MTN KINGSFORD WWTP, MI US","45.7858","-88.0841","326.4","2025-10","255.6","-2.8","29.4","365.5","10.3","16.9","3.6"
"USC00204090","IRON MTN KINGSFORD WWTP, MI US","45.7858","-88.0841","326.4","2025-11","255.6","-12.8","13.3","871.6","1.5","6.6","-3.6"
"USC00204090","IRON MTN KINGSFORD WWTP, MI US","45.7858","-88.0841","326.4","2025-12","255.6","-21.7","6.7","1669.5","-7.4","-3.0","-11.8"
"US1MIOK0149","COMMERCE 1.8 ESE, MI US","42.5692","-83.455","287.1","2025-07",,,,,,,
"US1MIOK0149","COMMERCE 1.8 ESE, MI US","42.5692","-83.455","287.1","2025-08",,,,,,,
"US1MIOK0149","COMMERCE 1.8 ESE, MI US","42.5692","-83.455","287.1","2025-09",,,,,,,
"US1MIOK0149","COMMERCE 1.8 ESE, MI US","42.5692","-83.455","287.1","2025-10",,,,,,,
"US1MIOK0149","COMMERCE 1.8 ESE, MI US","42.5692","-83.455","287.1","2025-11",,,,,,,
"US1MIOK0149","COMMERCE 1.8 ESE, MI US","42.5692","-83.455","287.1","2025-12",,,,,,,
"US1MIKN0116","EAST GRAND RAPIDS 1.1 SSW, MI US","42.931836","-85.616801","241.4","2025-07",,,,,,,
"US1MIKN0116","EAST GRAND RAPIDS 1.1 SSW, MI US","42.931836","-85.616801","241.4","2025-08",,,,,,,
"US1MIKN0116","EAST GRAND RAPIDS 1.1 SSW, MI US","42.931836","-85.616801","241.4","2025-09",,,,,,,
"US1MIKN0116","EAST GRAND RAPIDS 1.1 SSW, MI US","42.931836","-85.616801","241.4","2025-10",,,,,,,
"US1MIOK0148","HOLLY 6.6 NE, MI US","42.86712","-83.53112","291.1","2025-07",,,,,,,
"US1MIOK0148","HOLLY 6.6 NE, MI US","42.86712","-83.53112","291.1","2025-08",,,,,,,
"US1MIOK0148","HOLLY 6.6 NE, MI US","42.86712","-83.53112","291.1","2025-09",,,,,,,
"US1MIOK0148","HOLLY 6.6 NE, MI US","42.86712","-83.53112","291.1","2025-10",,,,,,,
"US1MIOK0148","HOLLY 6.6 NE, MI US","42.86712","-83.53112","291.1","2025-11",,,,,,,
"US1MIOK0148","HOLLY 6.6 NE, MI US","42.86712","-83.53112","291.1","2025-12",,,,,,,
"US1MIOK0142","WATERFORD 1.1 NE, MI US","42.6756","-83.3735","292.6","2025-07",,,,,,,
"US1MIOK0142","WATERFORD 1.1 NE, MI US","42.6756","-83.3735","292.6","2025-08",,,,,,,
"US1MIOK0142","WATERFORD 1.1 NE, MI US","42.6756","-83.3735","292.6","2025-09",,,,,,,
"US1MIOK0142","WATERFORD 1.1 NE, MI US","42.6756","-83.3735","292.6","2025-10",,,,,,,
"US1MIOK0142","WATERFORD 1.1 NE, MI US","42.6756","-83.3735","292.6","2025-11",,,,,,,
"US1MIOK0141","CLAWSON 0.5 S, MI US","42.53003","-83.15127","202.4","2025-08",,,,,,,
"US1MIOK0141","CLAWSON 0.5 S, MI US","42.53003","-83.15127","202.4","2025-09",,,,,,,
"US1MIOK0141","CLAWSON 0.5 S, MI US","42.53003","-83.15127","202.4","2025-10",,,,,,,
"US1MIOK0141","CLAWSON 0.5 S, MI US","42.53003","-83.15127","202.4","2025-11",,,,,,,
"US1MIOK0141","CLAWSON 0.5 S, MI US","42.53003","-83.15127","202.4","2025-12",,,,,,,
"US1MIAP0001","ALPENA 1.6 SSW, MI US","45.051565","-83.44876","178.9","2025-07",,,,,,,
"US1MIAP0001","ALPENA 1.6 SSW, MI US","45.051565","-83.44876","178.9","2025-08",,,,,,,
"US1MIAP0001","ALPENA 1.6 SSW, MI US","45.051565","-83.44876","178.9","2025-09",,,,,,,
"US1MIAP0001","ALPENA 1.6 SSW, MI US","45.051565","-83.44876","178.9","2025-10",,,,,,,
"US1MIAP0001","ALPENA 1.6 SSW, MI US","45.051565","-83.44876","178.9","2025-11",,,,,,,
"US1MIAP0001","ALPENA 1.6 SSW, MI US","45.051565","-83.44876","178.9","2025-12",,,,,,,
"US1MISC0030","ST. CLAIR 1.3 NNE, MI US","42.840392781036","-82.4786096600234","187.8","2025-07",,,,,,,
"US1MISC0030","ST. CLAIR 1.3 NNE, MI US","42.840392781036","-82.4786096600234","187.8","2025-08",,,,,,,
"US1MISC0030","ST. CLAIR 1.3 NNE, MI US","42.840392781036","-82.4786096600234","187.8","2025-09",,,,,,,
"US1MISC0030","ST. CLAIR 1.3 NNE, MI US","42.840392781036","-82.4786096600234","187.8","2025-10",,,,,,,
"US1MISC0030","ST. CLAIR 1.3 NNE, MI US","42.840392781036","-82.4786096600234","187.8","2025-11",,,,,,,
"US1MISC0030","ST. CLAIR 1.3 NNE, MI US","42.840392781036","-82.4786096600234","187.8","2025-12",,,,,,,
"US1MIBN0022","SHOREHAM 2.0 SE, MI US","42.0349","-86.4885","191.7","2025-10",,,,,,,
"US1MIBN0022","SHOREHAM 2.0 SE, MI US","42.0349","-86.4885","191.7","2025-11",,,,,,,
"US1MIBN0022","SHOREHAM 2.0 SE, MI US","42.0349","-86.4885","191.7","2025-12",,,,,,,
"USC00205195","MARSHALL, MI US","42.26477","-84.9696","272.8","2025-07",,,,,,,
"USC00205195","MARSHALL, MI US","42.26477","-84.9696","272.8","2025-08",,,,,,,
"USC00205195","MARSHALL, MI US","42.26477","-84.9696","272.8","2025-09",,,,,,,
"USC00205195","MARSHALL, MI US","42.26477","-84.9696","272.8","2025-10",,,,,,,
"USC00205195","MARSHALL, MI US","42.26477","-84.9696","272.8","2025-11",,,,,,,
"USC00205195","MARSHALL, MI US","42.26477","-84.9696","272.8","2025-12",,,,,,,
"USC00205073","MANISTIQUE WWTP, MI US","45.9512","-86.2513","182.9","2025-07","41.1","8.9","28.9","24.2","18.8","23.6","14.1"
"USC00205073","MANISTIQUE WWTP, MI US","45.9512","-86.2513","182.9","2025-08","87.8","6.1","27.8","64.2","18.6","22.7","14.4"
"USC00205073","MANISTIQUE WWTP, MI US","45.9512","-86.2513","182.9","2025-09","89.2","4.4","24.4","156.2","15.3","19.2","11.4"
"USC00205073","MANISTIQUE WWTP, MI US","45.9512","-86.2513","182.9","2025-10","90.6","-0.6","21.1","392.8","10.8","14.9","6.6"
"USC00205073","MANISTIQUE WWTP, MI US","45.9512","-86.2513","182.9","2025-11","90.6","-7.8","12.2","863.2","2.1","5.8","-1.6"
"USC00205073","MANISTIQUE WWTP, MI US","45.9512","-86.2513","182.9","2025-12","90.6","-18.3","3.9","1619.0","-6.1","-2.5","-9.6"
"US1MIKN0126","SPARTA 5.7 ENE, MI US","43.1793","-85.5998","245.1","2025-08",,,,,,,
"US1MIKN0126","SPARTA 5.7 ENE, MI US","43.1793","-85.5998","245.1","2025-09",,,,,,,
"US1MIKN0126","SPARTA 5.7 ENE, MI US","43.1793","-85.5998","245.1","2025-10",,,,,,,
"US1MIKN0126","SPARTA 5.7 ENE, MI US","43.1793","-85.5998","245.1","2025-11",,,,,,,
"US1MIKN0126","SPARTA 5.7 ENE, MI US","43.1793","-85.5998","245.1","2025-12",,,,,,,
"US1MICT0018","LAINGSBURG 2.1 NNW, MI US","42.9166107","-84.3680344","250.9","2025-07",,,,,,,
"US1MICT0018","LAINGSBURG 2.1 NNW, MI US","42.9166107","-84.3680344","250.9","2025-08",,,,,,,
"US1MICT0018","LAINGSBURG 2.1 NNW, MI US","42.9166107","-84.3680344","250.9","2025-09",,,,,,,
"US1MICT0018","LAINGSBURG 2.1 NNW, MI US","42.9166107","-84.3680344","250.9","2025-10",,,,,,,
"US1MICT0018","LAINGSBURG 2.1 NNW, MI US","42.9166107","-84.3680344","250.9","2025-11",,,,,,,
"US1MICT0018","LAINGSBURG 2.1 NNW, MI US","42.9166107","-84.3680344","250.9","2025-12",,,,,,,
"US1MIJC0030","JACKSON 1.3 WSW, MI US","42.23506","-84.42734","300.2","2025-07",,,,,,,
"US1MIJC0030","JACKSON 1.3 WSW, MI US","42.23506","-84.42734","300.2","2025-09",,,,,,,
"US1MIJC0030","JACKSON 1.3 WSW, MI US","42.23506","-84.42734","300.2","2025-10",,,,,,,
"US1MIJC0030","JACKSON 1.3 WSW, MI US","42.23506","-84.42734","300.2","2025-11",,,,,,,
"US1MIJC0030","JACKSON 1.3 WSW, MI US","42.23506","-84.42734","300.2","2025-12",,,,,,,
"US1MICT0011","DEWITT 1.0 NNW, MI US","42.849203","-84.584367","258.5","2025-07",,,,,,,
"US1MICT0011","DEWITT 1.0 NNW, MI US","42.849203","-84.584367","258.5","2025-08",,,,,,,
"US1MICT0011","DEWITT 1.0 NNW, MI US","42.849203","-84.584367","258.5","2025-09",,,,,,,
"US1MIKN0121","SPARTA 0.3 NE, MI US","43.16015","-85.7052","232.0","2025-07",,,,,,,
"US1MIKN0121","SPARTA 0.3 NE, MI US","43.16015","-85.7052","232.0","2025-08",,,,,,,
"US1MIKN0121","SPARTA 0.3 NE, MI US","43.16015","-85.7052","232.0","2025-09",,,,,,,
"US1MIKN0121","SPARTA 0.3 NE, MI US","43.16015","-85.7052","232.0","2025-10",,,,,,,
"US1MIKN0121","SPARTA 0.3 NE, MI US","43.16015","-85.7052","232.0","2025-11",,,,,,,
"US1MIKN0121","SPARTA 0.3 NE, MI US","43.16015","-85.7052","232.0","2025-12",,,,,,,
"US1MIBN0024","ST. JOSEPH 2.8 SSE, MI US","42.059672","-86.471057","194.5","2025-07",,,,,,,
"US1MIBN0024","ST. JOSEPH 2.8 SSE, MI US","42.059672","-86.471057","194.5","2025-08",,,,,,,
"US1MIBN0024","ST. JOSEPH 2.8 SSE, MI US","42.059672","-86.471057","194.5","2025-09",,,,,,,
"US1MIBN0024","ST. JOSEPH 2.8 SSE, MI US","42.059672","-86.471057","194.5","2025-10",,,,,,,
"US1MIBN0024","ST. JOSEPH 2.8 SSE, MI US","42.059672","-86.471057","194.5","2025-11",,,,,,,
"US1MIBN0024","ST. JOSEPH 2.8 SSE, MI US","42.059672","-86.471057","194.5","2025-12",,,,,,,
"US1MIMB0093","WARREN 3.8 NE, MI US","42.53748","-82.9849","187.1","2025-07",,,,,,,
"US1MIMB0093","WARREN 3.8 NE, MI US","42.53748","-82.9849","187.1","2025-09",,,,,,,
"US1MIMB0093","WARREN 3.8 NE, MI US","42.53748","-82.9849","187.1","2025-10",,,,,,,
"US1MIMB0093","WARREN 3.8 NE, MI US","42.53748","-82.9849","187.1","2025-11",,,,,,,
"US1MIMB0093","WARREN 3.8 NE, MI US","42.53748","-82.9849","187.1","2025-12",,,,,,,
"US1MIMB0090","RICHMOND 1.0 WSW, MI US","42.80556","-82.77318","221.3","2025-07",,,,,,,
"US1MIMB0090","RICHMOND 1.0 WSW, MI US","42.80556","-82.77318","221.3","2025-08",,,,,,,
"US1MIMB0090","RICHMOND 1.0 WSW, MI US","42.80556","-82.77318","221.3","2025-09",,,,,,,
"US1MIMB0090","RICHMOND 1.0 WSW, MI US","42.80556","-82.77318","221.3","2025-10",,,,,,,
"US1MIKN0008","GRAND RAPIDS 3.1 NNE, MI US","43.0053","-85.641146","212.4","2025-07",,,,,,,
"US1MIKN0008","GRAND RAPIDS 3.1 NNE, MI US","43.0053","-85.641146","212.4","2025-08",,,,,,,
"US1MIKN0008","GRAND RAPIDS 3.1 NNE, MI US","43.0053","-85.641146","212.4","2025-09",,,,,,,
"US1MIKN0008","GRAND RAPIDS 3.1 NNE, MI US","43.0053","-85.641146","212.4","2025-10",,,,,,,
"US1MIKN0008","GRAND RAPIDS 3.1 NNE, MI US","43.0053","-85.641146","212.4","2025-11",,,,,,,
"US1MIKN0008","GRAND RAPIDS 3.1 NNE, MI US","43.0053","-85.641146","212.4","2025-12",,,,,,,
"US1MIKN0127","ALTO 2.9 S, MI US","42.812957","-85.381099","246.6","2025-07",,,,,,,
"US1MIKN0127","ALTO 2.9 S, MI US","42.812957","-85.381099","246.6","2025-08",,,,,,,
"US1MIKN0127","ALTO 2.9 S, MI US","42.812957","-85.381099","246.6","2025-09",,,,,,,
"US1MIKN0127","ALTO 2.9 S, MI US","42.812957","-85.381099","246.6","2025-10",,,,,,,
"US1MIKN0127","ALTO 2.9 S, MI US","42.812957","-85.381099","246.6","2025-11",,,,,,,
"US1MIKN0127","ALTO 2.9 S, MI US","42.812957","-85.381099","246.6","2025-12",,,,,,,
"US1MICS0005","NILES 3.5 E, MI US","41.840575709939","-86.1795915663242","233.5","2025-07",,,,,,,
"US1MICS0005","NILES 3.5 E, MI US","41.840575709939","-86.1795915663242","233.5","2025-08",,,,,,,
"US1MICS0005","NILES 3.5 E, MI US","41.840575709939","-86.1795915663242","233.5","2025-09",,,,,,,
"US1MICS0005","NILES 3.5 E, MI US","41.840575709939","-86.1795915663242","233.5","2025-10",,,,,,,
"US1MICS0005","NILES 3.5 E, MI US","41.840575709939","-86.1795915663242","233.5","2025-11",,,,,,,
"US1MICS0005","NILES 3.5 E, MI US","41.840575709939","-86.1795915663242","233.5","2025-12",,,,,,,
"US1MIMB0088","NEW HAVEN 0.4 NE, MI US","42.7372","-82.78798","190.5","2025-07",,,,,,,
"US1MIMB0085","NEW HAVEN 2.7 S, MI US","42.6940922","-82.8003218","183.8","2025-12",,,,,,,
"US1MIMB0084","HARRISON 1.7 SW, MI US","42.568981","-82.844551","177.4","2025-07",,,,,,,
"US1MIMB0084","HARRISON 1.7 SW, MI US","42.568981","-82.844551","177.4","2025-08",,,,,,,
"US1MIMB0084","HARRISON 1.7 SW, MI US","42.568981","-82.844551","177.4","2025-09",,,,,,,
"US1MIMB0084","HARRISON 1.7 SW, MI US","42.568981","-82.844551","177.4","2025-10",,,,,,,
"US1MIMB0084","HARRISON 1.7 SW, MI US","42.568981","-82.844551","177.4","2025-11",,,,,,,
"US1MILL0008","SUTTONS BAY 1.7 N, MI US","45.00285","-85.64508","252.4","2025-07",,,,,,,
"US1MILL0008","SUTTONS BAY 1.7 N, MI US","45.00285","-85.64508","252.4","2025-08",,,,,,,
"US1MILL0008","SUTTONS BAY 1.7 N, MI US","45.00285","-85.64508","252.4","2025-09",,,,,,,
"USC00206158","OLD MISSION 3 SSW, MI US","44.9215","-85.5161","199.9","2025-07",,,,,,,
"USC00206158","OLD MISSION 3 SSW, MI US","44.9215","-85.5161","199.9","2025-08",,,,,,,
"USC00206158","OLD MISSION 3 SSW, MI US","44.9215","-85.5161","199.9","2025-09",,,,,,,
"USC00206158","OLD MISSION 3 SSW, MI US","44.9215","-85.5161","199.9","2025-10",,,,,,,
"USC00206158","OLD MISSION 3 SSW, MI US","44.9215","-85.5161","199.9","2025-11",,,,,,,
"USC00206158","OLD MISSION 3 SSW, MI US","44.9215","-85.5161","199.9","2025-12",,,,,,,
"US1MICT0021","LAINGSBURG 2.1 NW, MI US","42.9127757","-84.3762217","247.2","2025-07",,,,,,,
"US1MICT0021","LAINGSBURG 2.1 NW, MI US","42.9127757","-84.3762217","247.2","2025-08",,,,,,,
"US1MICT0021","LAINGSBURG 2.1 NW, MI US","42.9127757","-84.3762217","247.2","2025-09",,,,,,,
"US1MICT0021","LAINGSBURG 2.1 NW, MI US","42.9127757","-84.3762217","247.2","2025-10",,,,,,,
"US1MICT0021","LAINGSBURG 2.1 NW, MI US","42.9127757","-84.3762217","247.2","2025-11",,,,,,,
"US1MICT0021","LAINGSBURG 2.1 NW, MI US","42.9127757","-84.3762217","247.2","2025-12",,,,,,,
"US1MICT0026","DEWITT 4.7 NNE, MI US","42.8924467","-84.5244549","258.8","2025-08",,,,,,,
"US1MICT0026","DEWITT 4.7 NNE, MI US","42.8924467","-84.5244549","258.8","2025-10",,,,,,,
"US1MIMR0029","MONROE 0.5 NW, MI US","41.923039","-83.392266","181.7","2025-07",,,,,,,
"US1MIMR0029","MONROE 0.5 NW, MI US","41.923039","-83.392266","181.7","2025-08",,,,,,,
"US1MIMR0029","MONROE 0.5 NW, MI US","41.923039","-83.392266","181.7","2025-09",,,,,,,
"US1MIMR0029","MONROE 0.5 NW, MI US","41.923039","-83.392266","181.7","2025-10",,,,,,,
"US1MIMR0029","MONROE 0.5 NW, MI US","41.923039","-83.392266","181.7","2025-11",,,,,,,
"US1MIMR0029","MONROE 0.5 NW, MI US","41.923039","-83.392266","181.7","2025-12",,,,,,,
"US1MIKN0135","CEDAR SPRINGS 8.0 E, MI US","43.20656","-85.39513","276.5","2025-07",,,,,,,
"US1MIKN0011","LOWELL 1.4 ESE, MI US","42.923687","-85.322221","215.8","2025-07",,,,,,,
"US1MIKN0011","LOWELL 1.4 ESE, MI US","42.923687","-85.322221","215.8","2025-08",,,,,,,
"US1MIKN0011","LOWELL 1.4 ESE, MI US","42.923687","-85.322221","215.8","2025-09",,,,,,,
"US1MIKN0011","LOWELL 1.4 ESE, MI US","42.923687","-85.322221","215.8","2025-10",,,,,,,
"US1MIKN0011","LOWELL 1.4 ESE, MI US","42.923687","-85.322221","215.8","2025-11",,,,,,,
"US1MIKN0011","LOWELL 1.4 ESE, MI US","42.923687","-85.322221","215.8","2025-12",,,,,,,
"US1MICT0024","LAINGSBURG 2.2 SW, MI US","42.8709829","-84.3833521","249.6","2025-07",,,,,,,
"US1MICT0024","LAINGSBURG 2.2 SW, MI US","42.8709829","-84.3833521","249.6","2025-08",,,,,,,
"US1MICT0024","LAINGSBURG 2.2 SW, MI US","42.8709829","-84.3833521","249.6","2025-09",,,,,,,
"US1MICT0024","LAINGSBURG 2.2 SW, MI US","42.8709829","-84.3833521","249.6","2025-10",,,,,,,
"US1MICT0024","LAINGSBURG 2.2 SW, MI US","42.8709829","-84.3833521","249.6","2025-11",,,,,,,
"US1MIBN0013","ST. JOSEPH 1.5 SSE, MI US","42.077448","-86.480321","192.6","2025-07",,,,,,,
"US1MIBN0013","ST. JOSEPH 1.5 SSE, MI US","42.077448","-86.480321","192.6","2025-08",,,,,,,
"US1MIBN0013","ST. JOSEPH 1.5 SSE, MI US","42.077448","-86.480321","192.6","2025-09",,,,,,,
"US1MIBN0013","ST. JOSEPH 1.5 SSE, MI US","42.077448","-86.480321","192.6","2025-10",,,,,,,
"US1MIBN0013","ST. JOSEPH 1.5 SSE, MI US","42.077448","-86.480321","192.6","2025-11",,,,,,,
"US1MIWY0081","GROSSE POINTE WOODS 0.6 W, MI US","42.436292","-82.91032","178.6","2025-08",,,,,,,
"US1MIWY0081","GROSSE POINTE WOODS 0.6 W, MI US","42.436292","-82.91032","178.6","2025-09",,,,,,,
"US1MIWY0081","GROSSE POINTE WOODS 0.6 W, MI US","42.436292","-82.91032","178.6","2025-10",,,,,,,
"US1MIWY0081","GROSSE POINTE WOODS 0.6 W, MI US","42.436292","-82.91032","178.6","2025-11",,,,,,,
"US1MIWY0081","GROSSE POINTE WOODS 0.6 W, MI US","42.436292","-82.91032","178.6","2025-12",,,,,,,
"US1MIKN0130","GRAND RAPIDS 0.3 S, MI US","42.9568","-85.6549","221.3","2025-07",,,,,,,
"US1MIKN0130","GRAND RAPIDS 0.3 S, MI US","42.9568","-85.6549","221.3","2025-08",,,,,,,
"US1MIKN0130","GRAND RAPIDS 0.3 S, MI US","42.9568","-85.6549","221.3","2025-09",,,,,,,
"US1MIKN0130","GRAND RAPIDS 0.3 S, MI US","42.9568","-85.6549","221.3","2025-10",,,,,,,
"US1MIKN0130","GRAND RAPIDS 0.3 S, MI US","42.9568","-85.6549","221.3","2025-11",,,,,,,
"US1MIKN0130","GRAND RAPIDS 0.3 S, MI US","42.9568","-85.6549","221.3","2025-12",,,,,,,
"US1MIMR0022","TEMPERANCE 4.6 WNW, MI US","41.801","-83.6499","207.0","2025-07",,,,,,,
"US1MIMR0022","TEMPERANCE 4.6 WNW, MI US","41.801","-83.6499","207.0","2025-08",,,,,,,
"US1MIMR0022","TEMPERANCE 4.6 WNW, MI US","41.801","-83.6499","207.0","2025-09",,,,,,,
"US1MIMR0022","TEMPERANCE 4.6 WNW, MI US","41.801","-83.6499","207.0","2025-10",,,,,,,
"US1MIMR0022","TEMPERANCE 4.6 WNW, MI US","41.801","-83.6499","207.0","2025-11",,,,,,,
"US1MIMR0022","TEMPERANCE 4.6 WNW, MI US","41.801","-83.6499","207.0","2025-12",,,,,,,
"USR0000MWAT","WATERSMEET MICHIGAN, MI US","46.2689","-89.17","489.2","2025-07","118.6","5.0","33.3","34.2","19.5","26.3","12.7"
"USR0000MWAT","WATERSMEET MICHIGAN, MI US","46.2689","-89.17","489.2","2025-08","154.0","1.7","31.1","101.1","17.3","23.8","10.8"
"USR0000MWAT","WATERSMEET MICHIGAN, MI US","46.2689","-89.17","489.2","2025-09","167.9","2.8","28.9","208.6","15.2","21.1","9.3"
"USR0000MWAT","WATERSMEET MICHIGAN, MI US","46.2689","-89.17","489.2","2025-10","177.9","-3.9","28.9","507.9","9.0","15.3","2.8"
"USR0000MWAT","WATERSMEET MICHIGAN, MI US","46.2689","-89.17","489.2","2025-11","177.9","-13.3","14.4","1073.8","-0.5","3.6","-4.7"
"USR0000MWAT","WATERSMEET MICHIGAN, MI US","46.2689","-89.17","489.2","2025-12","177.9","-24.4","3.9","1797.5","-8.6","-4.5","-12.7"
"US1MIOK0047","BLOOMFIELD TOWNSHIP 3.1 SW, MI US","42.54516","-83.317685","262.7","2025-07",,,,,,,
"US1MIOK0047","BLOOMFIELD TOWNSHIP 3.1 SW, MI US","42.54516","-83.317685","262.7","2025-08",,,,,,,
"US1MIOK0047","BLOOMFIELD TOWNSHIP 3.1 SW, MI US","42.54516","-83.317685","262.7","2025-09",,,,,,,
"US1MIOK0047","BLOOMFIELD TOWNSHIP 3.1 SW, MI US","42.54516","-83.317685","262.7","2025-10",,,,,,,
"USW00054854","GAYLORD 9 SSW, MI US","44.908","-84.7203","445.3","2025-07","124.8","7.8","30.8","14.5","20.0","25.7","14.3"
"USW00054854","GAYLORD 9 SSW, MI US","44.908","-84.7203","445.3","2025-08","171.4","3.9","31.1","70.4","18.0","23.9","12.1"
"USW00054854","GAYLORD 9 SSW, MI US","44.908","-84.7203","445.3","2025-09","180.8","3.2","27.4","153.1","15.9","21.5","10.3"
"USW00054854","GAYLORD 9 SSW, MI US","44.908","-84.7203","445.3","2025-10","191.8","-1.9","30.0","412.0","10.3","15.7","5.0"
"USW00054854","GAYLORD 9 SSW, MI US","44.908","-84.7203","445.3","2025-11","191.8","-10.0","12.4","929.5","1.1","4.6","-2.4"
"USW00054854","GAYLORD 9 SSW, MI US","44.908","-84.7203","445.3","2025-12","191.8","-16.5","5.8","1681.8","-5.9","-2.8","-9.1"
"US1MIOK0046","ORCHARD LAKE VILLAGE 0.9 WSW, MI US","42.577345","-83.394211","285.9","2025-07",,,,,,,
"US1MIOK0046","ORCHARD LAKE VILLAGE 0.9 WSW, MI US","42.577345","-83.394211","285.9","2025-08",,,,,,,
"US1MIOK0046","ORCHARD LAKE VILLAGE 0.9 WSW, MI US","42.577345","-83.394211","285.9","2025-09",,,,,,,
"US1MIOK0046","ORCHARD LAKE VILLAGE 0.9 WSW, MI US","42.577345","-83.394211","285.9","2025-10",,,,,,,
"US1MIOK0046","ORCHARD LAKE VILLAGE 0.9 WSW, MI US","42.577345","-83.394211","285.9","2025-11",,,,,,,
"US1MIOK0044","MILFORD 4.3 ESE, MI US","42.5727","-83.517587","283.8","2025-07",,,,,,,
"US1MIOK0044","MILFORD 4.3 ESE, MI US","42.5727","-83.517587","283.8","2025-08",,,,,,,
"US1MIOK0044","MILFORD 4.3 ESE, MI US","42.5727","-83.517587","283.8","2025-09",,,,,,,
"US1MIOK0044","MILFORD 4.3 ESE, MI US","42.5727","-83.517587","283.8","2025-10",,,,,,,
"US1MINW0008","WHITE CLOUD 7.5 ENE, MI US","43.606302","-85.641918","298.1","2025-07",,,,,,,
"US1MINW0008","WHITE CLOUD 7.5 ENE, MI US","43.606302","-85.641918","298.1","2025-08",,,,,,,
"US1MINW0008","WHITE CLOUD 7.5 ENE, MI US","43.606302","-85.641918","298.1","2025-10",,,,,,,
"US1MINW0008","WHITE CLOUD 7.5 ENE, MI US","43.606302","-85.641918","298.1","2025-11",,,,,,,
"US1MINW0008","WHITE CLOUD 7.5 ENE, MI US","43.606302","-85.641918","298.1","2025-12",,,,,,,
"USC00202804","FILION 5 NNW, MI US","43.9158","-83.083","193.5","2025-07",,"7.8","33.9","14.1","21.2","27.1","15.3"
"USC00202804","FILION 5 NNW, MI US","43.9158","-83.083","193.5","2025-08",,"5.6","32.2","56.0","18.7","24.5","12.9"
"USC00202804","FILION 5 NNW, MI US","43.9158","-83.083","193.5","2025-09",,"3.9","26.1","121.4","16.3","22.8","9.8"
"USC00202804","FILION 5 NNW, MI US","43.9158","-83.083","193.5","2025-10",,,,,,,
"USC00202804","FILION 5 NNW, MI US","43.9158","-83.083","193.5","2025-11",,"-6.1","15.0",,"3.4","7.3","-0.4"
"USC00202804","FILION 5 NNW, MI US","43.9158","-83.083","193.5","2025-12",,"-16.7","8.9",,"-3.8","0.1","-7.7"
"US1MIOK0164","BIRMINGHAM 0.7 S, MI US","42.53478","-83.21838","231.3","2025-07",,,,,,,
"US1MIMB0095","LENOX 1.5 N, MI US","42.7834","-82.8054","203.6","2025-07",,,,,,,
"US1MIMB0095","LENOX 1.5 N, MI US","42.7834","-82.8054","203.6","2025-09",,,,,,,
"US1MIMB0095","LENOX 1.5 N, MI US","42.7834","-82.8054","203.6","2025-10",,,,,,,
"US1MIMB0095","LENOX 1.5 N, MI US","42.7834","-82.8054","203.6","2025-11",,,,,,,
"US1MIMB0095","LENOX 1.5 N, MI US","42.7834","-82.8054","203.6","2025-12",,,,,,,
"US1MIKZ0039","GALESBURG 1.4 NNW, MI US","42.310813","-85.424155","264.3","2025-07",,,,,,,
"US1MIKZ0039","GALESBURG 1.4 NNW, MI US","42.310813","-85.424155","264.3","2025-08",,,,,,,
"US1MIKZ0039","GALESBURG 1.4 NNW, MI US","42.310813","-85.424155","264.3","2025-10",,,,,,,
"US1MIKZ0039","GALESBURG 1.4 NNW, MI US","42.310813","-85.424155","264.3","2025-11",,,,,,,
"US1MIKZ0039","GALESBURG 1.4 NNW, MI US","42.310813","-85.424155","264.3","2025-12",,,,,,,
"US1MIKZ0037","GALESBURG 2.5 W, MI US","42.2973341","-85.4663517","274.3","2025-07",,,,,,,
"US1MIKZ0037","GALESBURG 2.5 W, MI US","42.2973341","-85.4663517","274.3","2025-09",,,,,,,
"US1MIKZ0037","GALESBURG 2.5 W, MI US","42.2973341","-85.4663517","274.3","2025-10",,,,,,,
"USC00207277","BEAVER ISLAND, MI US","45.6911","-85.5463","204.8","2025-07","72.2","10.0","29.4","10.5","19.9","24.5","15.2"
"USC00207277","BEAVER ISLAND, MI US","45.6911","-85.5463","204.8","2025-08","132.3","6.7","30.0","43.6","19.2","22.8","15.6"
"USC00207277","BEAVER ISLAND, MI US","45.6911","-85.5463","204.8","2025-09","138.4","6.1","24.4","110.0","16.3","19.9","12.7"
"USC00207277","BEAVER ISLAND, MI US","45.6911","-85.5463","204.8","2025-10","140.9","0.0","25.6","338.4","11.1","14.7","7.4"
"USC00207277","BEAVER ISLAND, MI US","45.6911","-85.5463","204.8","2025-11","140.9","-7.2","12.2","800.1","2.9","6.1","-0.2"
"USC00207277","BEAVER ISLAND, MI US","45.6911","-85.5463","204.8","2025-12","140.9","-15.0","6.7","1495.0","-4.1","-0.9","-7.3"
"USC00208245","TRAVERSE CITY 4.7ESE, MI US","44.73389","-85.51208","245.1","2025-07","126.6","10.6","31.1","11.9","20.4","25.2","15.5"
"USC00208245","TRAVERSE CITY 4.7ESE, MI US","44.73389","-85.51208","245.1","2025-08","183.6","6.7","32.8","57.7","18.7","23.4","14.0"
"USC00208245","TRAVERSE CITY 4.7ESE, MI US","44.73389","-85.51208","245.1","2025-09","188.8","6.7","26.1","128.5","16.1","20.5","11.8"
"USC00208245","TRAVERSE CITY 4.7ESE, MI US","44.73389","-85.51208","245.1","2025-10","203.0","-1.1","30.0","365.2","11.2","16.0","6.3"
"USC00208245","TRAVERSE CITY 4.7ESE, MI US","44.73389","-85.51208","245.1","2025-11","203.0","-8.3","13.9","837.1","2.6","5.7","-0.5"
"USC00208245","TRAVERSE CITY 4.7ESE, MI US","44.73389","-85.51208","245.1","2025-12","203.0","-15.0","6.7","1540.9","-4.4","-1.7","-7.1"
"USR0000MMIO","MIO MICHIGAN, MI US","44.6761","-84.1283","320.0","2025-07","158.0","5.6","34.4","12.3","20.9","28.5","13.3"
"USR0000MMIO","MIO MICHIGAN, MI US","44.6761","-84.1283","320.0","2025-08","213.6","1.7","32.8","65.5","18.4","26.2","10.6"
"USR0000MMIO","MIO MICHIGAN, MI US","44.6761","-84.1283","320.0","2025-09","220.0","-0.6","30.0","157.0","15.5","23.1","7.9"
"USR0000MMIO","MIO MICHIGAN, MI US","44.6761","-84.1283","320.0","2025-10","224.7","-6.1","31.7","434.9","9.5","16.9","2.2"
"USR0000MMIO","MIO MICHIGAN, MI US","44.6761","-84.1283","320.0","2025-11","224.7","-10.6","13.9","953.2","1.1","5.8","-3.7"
"USR0000MMIO","MIO MICHIGAN, MI US","44.6761","-84.1283","320.0","2025-12","224.7","-25.6","7.2","1700.4","-5.8","-1.4","-10.1"
"USC00205097","MAPLE CITY 1 E, MI US","44.855","-85.8352","243.5","2025-07","170.5","9.4","32.2","3.3","21.4","26.5","16.3"
"USC00205097","MAPLE CITY 1 E, MI US","44.855","-85.8352","243.5","2025-08","235.2","6.1","32.2","29.3","19.7","24.5","14.8"
"USC00205097","MAPLE CITY 1 E, MI US","44.855","-85.8352","243.5","2025-09","244.9","6.1","26.7","84.4","16.8","21.8","11.9"
"USC00205097","MAPLE CITY 1 E, MI US","44.855","-85.8352","243.5","2025-10","259.9","-1.1","29.4","298.9","11.9","17.0","6.8"
"USC00205097","MAPLE CITY 1 E, MI US","44.855","-85.8352","243.5","2025-11","259.9","-7.2","13.9","746.8","3.4","6.7","0.1"
"USC00205097","MAPLE CITY 1 E, MI US","44.855","-85.8352","243.5","2025-12","259.9","-14.4","7.8","1416.0","-3.2","-0.4","-6.1"
"US1MIMQ0019","ISHPEMING 7.2 SW, MI US","46.4055","-87.7567","445.9","2025-07",,,,,,,
"US1MIMQ0019","ISHPEMING 7.2 SW, MI US","46.4055","-87.7567","445.9","2025-08",,,,,,,
"US1MIMQ0019","ISHPEMING 7.2 SW, MI US","46.4055","-87.7567","445.9","2025-09",,,,,,,
"US1MIMQ0019","ISHPEMING 7.2 SW, MI US","46.4055","-87.7567","445.9","2025-10",,,,,,,
"US1MIMQ0019","ISHPEMING 7.2 SW, MI US","46.4055","-87.7567","445.9","2025-11",,,,,,,
"US1MIMQ0019","ISHPEMING 7.2 SW, MI US","46.4055","-87.7567","445.9","2025-12",,,,,,,
"USC00201845","COVINGTON 1 NNW, MI US","46.5588","-88.5419","491.0","2025-07","103.8","6.7","32.2","32.6","19.3","25.1","13.4"
"USC00201845","COVINGTON 1 NNW, MI US","46.5588","-88.5419","491.0","2025-08","136.6","2.2","30.0","99.2","17.2","22.6","11.9"
"USC00201845","COVINGTON 1 NNW, MI US","46.5588","-88.5419","491.0","2025-09","150.3","3.9","28.3","204.8","15.3","20.5","10.0"
"USC00201845","COVINGTON 1 NNW, MI US","46.5588","-88.5419","491.0","2025-10","157.8","-2.2","28.9","470.1","10.0","15.4","4.6"
"USC00201845","COVINGTON 1 NNW, MI US","46.5588","-88.5419","491.0","2025-11","157.8","-10.6","12.8","1029.5","-0.3","3.6","-4.3"
"USC00201845","COVINGTON 1 NNW, MI US","46.5588","-88.5419","491.0","2025-12","157.8","-23.3","3.9","1882.8","-9.2","-5.7","-12.7"
"US1MIMQ0016","MARQUETTE 0.4 ESE, MI US","46.5477","-87.3888","213.4","2025-07",,,,,,,
"US1MIMQ0016","MARQUETTE 0.4 ESE, MI US","46.5477","-87.3888","213.4","2025-08",,,,,,,
"US1MIMQ0016","MARQUETTE 0.4 ESE, MI US","46.5477","-87.3888","213.4","2025-09",,,,,,,
"US1MIMQ0016","MARQUETTE 0.4 ESE, MI US","46.5477","-87.3888","213.4","2025-10",,,,,,,
"US1MIMQ0016","MARQUETTE 0.4 ESE, MI US","46.5477","-87.3888","213.4","2025-11",,,,,,,
"US1MIMQ0016","MARQUETTE 0.4 ESE, MI US","46.5477","-87.3888","213.4","2025-12",,,,,,,
"US1MIOK0077","WHITE LAKE 0.5 E, MI US","42.69242","-83.54549","316.7","2025-07",,,,,,,
"US1MIOK0077","WHITE LAKE 0.5 E, MI US","42.69242","-83.54549","316.7","2025-08",,,,,,,
"US1MIOK0077","WHITE LAKE 0.5 E, MI US","42.69242","-83.54549","316.7","2025-09",,,,,,,
"US1MIOK0077","WHITE LAKE 0.5 E, MI US","42.69242","-83.54549","316.7","2025-10",,,,,,,
"US1MIOK0077","WHITE LAKE 0.5 E, MI US","42.69242","-83.54549","316.7","2025-12",,,,,,,
"USC00200758","BEULAH 7 SSW, MI US","44.5316","-86.1311","235.6","2025-07","168.4","8.3","32.8","9.5","21.3","27.2","15.5"
"USC00200758","BEULAH 7 SSW, MI US","44.5316","-86.1311","235.6","2025-08","234.2","5.0","33.9","49.1","19.2","25.1","13.3"
"USC00200758","BEULAH 7 SSW, MI US","44.5316","-86.1311","235.6","2025-09","244.5","4.4","28.9","121.8","16.3","22.5","10.0"
"USC00200758","BEULAH 7 SSW, MI US","44.5316","-86.1311","235.6","2025-10","258.1","-1.1","30.0","350.4","11.4","17.6","5.2"
"USC00200758","BEULAH 7 SSW, MI US","44.5316","-86.1311","235.6","2025-11","258.1","-8.3","14.4","818.5","2.7","6.9","-1.5"
"USC00200758","BEULAH 7 SSW, MI US","44.5316","-86.1311","235.6","2025-12","258.1","-15.6","7.2","1505.2","-3.8","-0.8","-6.8"
"US1MIWY0038","DETROIT 4.4 S, MI US","42.319995","-83.09005","180.1","2025-07",,,,,,,
"US1MIWY0038","DETROIT 4.4 S, MI US","42.319995","-83.09005","180.1","2025-08",,,,,,,
"US1MIWY0038","DETROIT 4.4 S, MI US","42.319995","-83.09005","180.1","2025-09",,,,,,,
"US1MIWY0033","LIVONIA 2.3 NNW, MI US","42.431002","-83.381911","210.9","2025-07",,,,,,,
"US1MIWY0033","LIVONIA 2.3 NNW, MI US","42.431002","-83.381911","210.9","2025-08",,,,,,,
"US1MIWY0033","LIVONIA 2.3 NNW, MI US","42.431002","-83.381911","210.9","2025-09",,,,,,,
"US1MIWY0033","LIVONIA 2.3 NNW, MI US","42.431002","-83.381911","210.9","2025-10",,,,,,,
"US1MIWY0033","LIVONIA 2.3 NNW, MI US","42.431002","-83.381911","210.9","2025-11",,,,,,,
"US1MIBN0032","NILES 7.4 SW, MI US","41.76482","-86.3563","241.4","2025-09",,,,,,,
"US1MIBN0032","NILES 7.4 SW, MI US","41.76482","-86.3563","241.4","2025-10",,,,,,,
"US1MIBN0030","THREE OAKS 5.1 NE, MI US","41.8513904","-86.5420655","197.2","2025-09",,,,,,,
"US1MIBN0030","THREE OAKS 5.1 NE, MI US","41.8513904","-86.5420655","197.2","2025-10",,,,,,,
"US1MIHR0010","BAY PORT 3.2 SSW, MI US","43.807469","-83.400139","178.3","2025-07",,,,,,,
"USC00207280","SAINT JOHNS, MI US","43.0128","-84.5547","226.5","2025-07",,,,,,,
"USC00207280","SAINT JOHNS, MI US","43.0128","-84.5547","226.5","2025-08",,,,,,,
"USC00207280","SAINT JOHNS, MI US","43.0128","-84.5547","226.5","2025-09",,,,,,,
"USC00207280","SAINT JOHNS, MI US","43.0128","-84.5547","226.5","2025-10",,,,,,,
"USC00207280","SAINT JOHNS, MI US","43.0128","-84.5547","226.5","2025-11",,,,,,,
"USC00207280","SAINT JOHNS, MI US","43.0128","-84.5547","226.5","2025-12",,,,,,,
"US1MIOK0069","SOUTHFIELD 2.8 NNE, MI US","42.51303","-83.238","216.1","2025-07",,,,,,,
"US1MICS0014","EDWARDSBURG 3.0 NNW, MI US","41.837844","-86.099858","254.5","2025-07",,,,,,,
"US1MICS0014","EDWARDSBURG 3.0 NNW, MI US","41.837844","-86.099858","254.5","2025-08",,,,,,,
"US1MICS0014","EDWARDSBURG 3.0 NNW, MI US","41.837844","-86.099858","254.5","2025-09",,,,,,,
"US1MICS0014","EDWARDSBURG 3.0 NNW, MI US","41.837844","-86.099858","254.5","2025-10",,,,,,,
"US1MICS0014","EDWARDSBURG 3.0 NNW, MI US","41.837844","-86.099858","254.5","2025-11",,,,,,,
"US1MICS0014","EDWARDSBURG 3.0 NNW, MI US","41.837844","-86.099858","254.5","2025-12",,,,,,,
"US1MIOK0066","DAVISBURG 1.3 ESE, MI US","42.7443389892578","-83.5173797607422","314.6","2025-07",,,,,,,
"US1MIOK0066","DAVISBURG 1.3 ESE, MI US","42.7443389892578","-83.5173797607422","314.6","2025-08",,,,,,,
"US1MIOK0066","DAVISBURG 1.3 ESE, MI US","42.7443389892578","-83.5173797607422","314.6","2025-09",,,,,,,
"US1MIOK0066","DAVISBURG 1.3 ESE, MI US","42.7443389892578","-83.5173797607422","314.6","2025-10",,,,,,,
"US1MIOK0066","DAVISBURG 1.3 ESE, MI US","42.7443389892578","-83.5173797607422","314.6","2025-11",,,,,,,
"US1MIOK0066","DAVISBURG 1.3 ESE, MI US","42.7443389892578","-83.5173797607422","314.6","2025-12",,,,,,,
"USR0000MBRR","BEAR MICHIGAN, MI US","44.8019","-86.0508","289.9","2025-07","153.9","7.8","31.7","9.4","20.7","26.4","15.1"
"USR0000MBRR","BEAR MICHIGAN, MI US","44.8019","-86.0508","289.9","2025-08","228.5","4.4","33.9","49.4","19.4","25.0","13.9"
"USR0000MBRR","BEAR MICHIGAN, MI US","44.8019","-86.0508","289.9","2025-09","240.1","4.4","28.3","110.5","16.5","22.0","11.0"
"USR0000MBRR","BEAR MICHIGAN, MI US","44.8019","-86.0508","289.9","2025-10","253.8","-1.7","30.6","315.7","12.1","17.7","6.6"
"USR0000MBRR","BEAR MICHIGAN, MI US","44.8019","-86.0508","289.9","2025-11","253.8","-6.1","13.9","756.3","3.6","7.1","0.2"
"USR0000MBRR","BEAR MICHIGAN, MI US","44.8019","-86.0508","289.9","2025-12","253.8","-13.9","7.8","1389.1","-3.4","-0.6","-6.1"
"US1MIOK0063","FENTON 2.7 SSE, MI US","42.7672157287598","-83.6855316162109","296.0","2025-07",,,,,,,
"US1MIOK0063","FENTON 2.7 SSE, MI US","42.7672157287598","-83.6855316162109","296.0","2025-08",,,,,,,
"US1MIOK0063","FENTON 2.7 SSE, MI US","42.7672157287598","-83.6855316162109","296.0","2025-09",,,,,,,
"US1MIOK0063","FENTON 2.7 SSE, MI US","42.7672157287598","-83.6855316162109","296.0","2025-10",,,,,,,
"US1MIOK0063","FENTON 2.7 SSE, MI US","42.7672157287598","-83.6855316162109","296.0","2025-11",,,,,,,
"US1MIOK0063","FENTON 2.7 SSE, MI US","42.7672157287598","-83.6855316162109","296.0","2025-12",,,,,,,
"US1MIIN0001","SARANAC 2.6 NE, MI US","42.957642","-85.173759","203.3","2025-07",,,,,,,
"US1MIIN0001","SARANAC 2.6 NE, MI US","42.957642","-85.173759","203.3","2025-08",,,,,,,
"US1MIIN0001","SARANAC 2.6 NE, MI US","42.957642","-85.173759","203.3","2025-09",,,,,,,
"US1MIIN0001","SARANAC 2.6 NE, MI US","42.957642","-85.173759","203.3","2025-10",,,,,,,
"US1MIIN0001","SARANAC 2.6 NE, MI US","42.957642","-85.173759","203.3","2025-11",,,,,,,
"US1MIIN0001","SARANAC 2.6 NE, MI US","42.957642","-85.173759","203.3","2025-12",,,,,,,
"US1MIWY0147","CANTON 3.7 WNW, MI US","42.3337277","-83.545602","258.5","2025-07",,,,,,,
"US1MIWY0147","CANTON 3.7 WNW, MI US","42.3337277","-83.545602","258.5","2025-08",,,,,,,
"US1MIOK0182","FERNDALE 0.3 SW, MI US","42.4562674","-83.1345206","197.2","2025-12",,,,,,,
"US1MIBN0028","BARODA 1.3 W, MI US","41.952376","-86.512989","198.1","2025-07",,,,,,,
"US1MIBN0028","BARODA 1.3 W, MI US","41.952376","-86.512989","198.1","2025-08",,,,,,,
"US1MIBN0028","BARODA 1.3 W, MI US","41.952376","-86.512989","198.1","2025-09",,,,,,,
"US1MIBN0028","BARODA 1.3 W, MI US","41.952376","-86.512989","198.1","2025-10",,,,,,,
"US1MIBN0028","BARODA 1.3 W, MI US","41.952376","-86.512989","198.1","2025-11",,,,,,,
"US1MIBN0028","BARODA 1.3 W, MI US","41.952376","-86.512989","198.1","2025-12",,,,,,,
"US1MIOK0180","WEST BLOOMFIELD TWP 3.0 SE, MI US","42.537726","-83.341322","267.9","2025-08",,,,,,,
"US1MIOK0180","WEST BLOOMFIELD TWP 3.0 SE, MI US","42.537726","-83.341322","267.9","2025-09",,,,,,,
"US1MIOK0180","WEST BLOOMFIELD TWP 3.0 SE, MI US","42.537726","-83.341322","267.9","2025-11",,,,,,,
"US1MIOK0180","WEST BLOOMFIELD TWP 3.0 SE, MI US","42.537726","-83.341322","267.9","2025-12",,,,,,,
"US1MIWY0143","NORTHVILLE 3.4 SE, MI US","42.40179","-83.44225","228.6","2025-10",,,,,,,
"US1MIWY0143","NORTHVILLE 3.4 SE, MI US","42.40179","-83.44225","228.6","2025-11",,,,,,,
"US1MIWY0143","NORTHVILLE 3.4 SE, MI US","42.40179","-83.44225","228.6","2025-12",,,,,,,
"US1MISC0014","PORT HURON 2.8 WSW, MI US","42.981609","-82.485512","189.9","2025-07",,,,,,,
"US1MISC0014","PORT HURON 2.8 WSW, MI US","42.981609","-82.485512","189.9","2025-08",,,,,,,
"US1MISC0014","PORT HURON 2.8 WSW, MI US","42.981609","-82.485512","189.9","2025-09",,,,,,,
"US1MISC0014","PORT HURON 2.8 WSW, MI US","42.981609","-82.485512","189.9","2025-10",,,,,,,
"US1MISC0014","PORT HURON 2.8 WSW, MI US","42.981609","-82.485512","189.9","2025-11",,,,,,,
"US1MISC0014","PORT HURON 2.8 WSW, MI US","42.981609","-82.485512","189.9","2025-12",,,,,,,
"US1MIWY0052","LIVONIA 2.0 NE, MI US","42.417046","-83.343613","195.7","2025-07",,,,,,,
"US1MIWY0052","LIVONIA 2.0 NE, MI US","42.417046","-83.343613","195.7","2025-08",,,,,,,
"US1MIWY0052","LIVONIA 2.0 NE, MI US","42.417046","-83.343613","195.7","2025-09",,,,,,,
"US1MIWY0052","LIVONIA 2.0 NE, MI US","42.417046","-83.343613","195.7","2025-10",,,,,,,
"US1MIWY0052","LIVONIA 2.0 NE, MI US","42.417046","-83.343613","195.7","2025-11",,,,,,,
"US1MIWY0174","LIVONIA 1.5 SW, MI US","42.383251","-83.392635","209.1","2025-07",,,,,,,
"US1MIWY0174","LIVONIA 1.5 SW, MI US","42.383251","-83.392635","209.1","2025-08",,,,,,,
"US1MIWY0174","LIVONIA 1.5 SW, MI US","42.383251","-83.392635","209.1","2025-09",,,,,,,
"US1MIWY0174","LIVONIA 1.5 SW, MI US","42.383251","-83.392635","209.1","2025-10",,,,,,,
"US1MIWY0174","LIVONIA 1.5 SW, MI US","42.383251","-83.392635","209.1","2025-11",,,,,,,
"US1MIWY0174","LIVONIA 1.5 SW, MI US","42.383251","-83.392635","209.1","2025-12",,,,,,,
"USC00209110","WYANDOTTE, MI US","42.20844","-83.1626","176.8","2025-07",,,,,,,
"USC00209110","WYANDOTTE, MI US","42.20844","-83.1626","176.8","2025-08",,,,,,,
"USC00209110","WYANDOTTE, MI US","42.20844","-83.1626","176.8","2025-09",,,,,,,
"USC00209110","WYANDOTTE, MI US","42.20844","-83.1626","176.8","2025-10",,,,,,,
"USC00209110","WYANDOTTE, MI US","42.20844","-83.1626","176.8","2025-11",,,,,,,
"USC00209110","WYANDOTTE, MI US","42.20844","-83.1626","176.8","2025-12",,,,,,,
"USC00201502","CHELSEA, MI US","42.3263","-84.0133","274.3","2025-07","286.5","11.7","35.0","0.3","23.5","29.4","17.5"
"USC00201502","CHELSEA, MI US","42.3263","-84.0133","274.3","2025-08","383.5","5.0","33.9","24.3","20.7","27.4","14.0"
"USC00201502","CHELSEA, MI US","42.3263","-84.0133","274.3","2025-09","406.3","3.3","30.6","60.5","17.9","25.7","10.1"
"USC00201502","CHELSEA, MI US","42.3263","-84.0133","274.3","2025-10","421.4","-1.7","31.1","258.0","12.4","19.1","5.8"
"USC00201502","CHELSEA, MI US","42.3263","-84.0133","274.3","2025-11","421.4","-6.7","19.4","684.9","4.1","8.9","-0.7"
"USC00201502","CHELSEA, MI US","42.3263","-84.0133","274.3","2025-12","421.4","-21.1","16.1","1363.6","-3.6","0.9","-8.1"
"USC00202955","FRANKENMUTH 1 SE, MI US","43.3194","-83.7161","193.5","2025-07",,,,,,,
"USC00202955","FRANKENMUTH 1 SE, MI US","43.3194","-83.7161","193.5","2025-08",,,,,,,
"USC00202955","FRANKENMUTH 1 SE, MI US","43.3194","-83.7161","193.5","2025-09",,,,,,,
"USC00202955","FRANKENMUTH 1 SE, MI US","43.3194","-83.7161","193.5","2025-10",,,,,,,
"USC00202955","FRANKENMUTH 1 SE, MI US","43.3194","-83.7161","193.5","2025-11",,"-7.2",,,,,"-2.2"
"USC00202955","FRANKENMUTH 1 SE, MI US","43.3194","-83.7161","193.5","2025-12",,"-18.9","10.0",,"-4.3","0.1","-8.7"
"USC00200779","BIG RAPIDS WATER TREATMENT PLANT, MI US","43.7072","-85.4819","273.7","2025-07","177.0","8.9","35.0","5.8","21.8","28.7","14.9"
"USC00200779","BIG RAPIDS WATER TREATMENT PLANT, MI US","43.7072","-85.4819","273.7","2025-08","245.0","4.4","32.8","39.2","19.6","26.7","12.5"
"USC00200779","BIG RAPIDS WATER TREATMENT PLANT, MI US","43.7072","-85.4819","273.7","2025-09","255.2","1.1","30.0","105.1","16.5","24.2","8.7"
"USC00200779","BIG RAPIDS WATER TREATMENT PLANT, MI US","43.7072","-85.4819","273.7","2025-10","259.2","-3.3","30.0","350.2","10.5","17.5","3.4"
"USC00200779","BIG RAPIDS WATER TREATMENT PLANT, MI US","43.7072","-85.4819","273.7","2025-11","259.2","-10.6","15.0","850.2","1.7","7.1","-3.7"
"USC00200779","BIG RAPIDS WATER TREATMENT PLANT, MI US","43.7072","-85.4819","273.7","2025-12","259.2","-20.6","7.8","1518.5","-5.3","-1.4","-9.1"
"USC00200417","BAD AXE, MI US","43.808","-82.9938","217.9","2025-07","210.6","9.4","34.4","9.0","22.2","28.2","16.2"
"USC00200417","BAD AXE, MI US","43.808","-82.9938","217.9","2025-08","290.6","6.1","33.9","39.7","19.9","25.8","14.1"
"USC00200417","BAD AXE, MI US","43.808","-82.9938","217.9","2025-09","305.7","4.4","27.8","85.0","17.3","23.8","10.8"
"USC00200417","BAD AXE, MI US","43.808","-82.9938","217.9","2025-10","319.2","-1.7","31.1","308.8","11.6","17.4","5.8"
"USC00200417","BAD AXE, MI US","43.808","-82.9938","217.9","2025-11","319.2","-6.7","12.8","756.5","2.9","6.9","-1.1"
"USC00200417","BAD AXE, MI US","43.808","-82.9938","217.9","2025-12","319.2","-17.2","8.3","1469.3","-4.7","-1.1","-8.3"
"US1MIMQ0032","BIG BAY 9.0 SE, MI US","46.71871","-87.61221","233.8","2025-07",,,,,,,
"US1MIMQ0032","BIG BAY 9.0 SE, MI US","46.71871","-87.61221","233.8","2025-08",,,,,,,
"US1MIMQ0032","BIG BAY 9.0 SE, MI US","46.71871","-87.61221","233.8","2025-09",,,,,,,
"US1MIMQ0032","BIG BAY 9.0 SE, MI US","46.71871","-87.61221","233.8","2025-10",,,,,,,
"US1MIMQ0032","BIG BAY 9.0 SE, MI US","46.71871","-87.61221","233.8","2025-11",,,,,,,
"US1MIMQ0032","BIG BAY 9.0 SE, MI US","46.71871","-87.61221","233.8","2025-12",,,,,,,
"US1MIMQ0033","MARQUETTE 2.0 WNW, MI US","46.562881","-87.433004","211.2","2025-07",,,,,,,
"US1MIMQ0033","MARQUETTE 2.0 WNW, MI US","46.562881","-87.433004","211.2","2025-09",,,,,,,
"US1MIMQ0033","MARQUETTE 2.0 WNW, MI US","46.562881","-87.433004","211.2","2025-10",,,,,,,
"US1MIMQ0033","MARQUETTE 2.0 WNW, MI US","46.562881","-87.433004","211.2","2025-11",,,,,,,
"US1MIMQ0033","MARQUETTE 2.0 WNW, MI US","46.562881","-87.433004","211.2","2025-12",,,,,,,
"US1MIMQ0030","MARQUETTE 6.1 SSW, MI US","46.472883","-87.457057","380.1","2025-07",,,,,,,
"US1MIMQ0030","MARQUETTE 6.1 SSW, MI US","46.472883","-87.457057","380.1","2025-08",,,,,,,
"US1MIMQ0030","MARQUETTE 6.1 SSW, MI US","46.472883","-87.457057","380.1","2025-09",,,,,,,
"US1MIMQ0030","MARQUETTE 6.1 SSW, MI US","46.472883","-87.457057","380.1","2025-10",,,,,,,
"US1MIMQ0030","MARQUETTE 6.1 SSW, MI US","46.472883","-87.457057","380.1","2025-11",,,,,,,
"US1MIMQ0030","MARQUETTE 6.1 SSW, MI US","46.472883","-87.457057","380.1","2025-12",,,,,,,
"USC00200770","BIG BAY 1 NW, MI US","46.8325","-87.7504","233.2","2025-07","96.6","6.7","31.1","46.1","18.9","24.0","13.7"
"USC00200770","BIG BAY 1 NW, MI US","46.8325","-87.7504","233.2","2025-08","136.5","2.8","30.6","115.8","17.4","22.3","12.5"
"USC00200770","BIG BAY 1 NW, MI US","46.8325","-87.7504","233.2","2025-09","150.1","5.6","30.0","217.1","15.4","20.1","10.7"
"USC00200770","BIG BAY 1 NW, MI US","46.8325","-87.7504","233.2","2025-10","164.1","-2.2","30.6","464.3","10.8","16.2","5.4"
"USC00200770","BIG BAY 1 NW, MI US","46.8325","-87.7504","233.2","2025-11","164.1","-6.7","13.9","953.2","2.0","5.4","-1.3"
"USC00200770","BIG BAY 1 NW, MI US","46.8325","-87.7504","233.2","2025-12","164.1","-17.2","7.2","1725.1","-6.6","-3.4","-9.7"
"USC00200771","BIG BAY 9 SW, MI US","46.7462","-87.8816","445.0","2025-07",,,,,,,
"USC00200771","BIG BAY 9 SW, MI US","46.7462","-87.8816","445.0","2025-08",,,,,,,
"USC00200771","BIG BAY 9 SW, MI US","46.7462","-87.8816","445.0","2025-09",,,,,,,
"USC00200771","BIG BAY 9 SW, MI US","46.7462","-87.8816","445.0","2025-10",,,,,,,
"USC00200771","BIG BAY 9 SW, MI US","46.7462","-87.8816","445.0","2025-11",,,,,,,
"US1MIMQ0034","SKANDIA 3.0 SSE, MI US","46.33748","-87.21344","339.9","2025-09",,,,,,,
"US1MIMQ0034","SKANDIA 3.0 SSE, MI US","46.33748","-87.21344","339.9","2025-10",,,,,,,
"US1MIMQ0034","SKANDIA 3.0 SSE, MI US","46.33748","-87.21344","339.9","2025-11",,,,,,,
"US1MIMQ0034","SKANDIA 3.0 SSE, MI US","46.33748","-87.21344","339.9","2025-12",,,,,,,
"US1MIWY0178","DEARBORN 2.1 SW, MI US","42.28715","-83.23726","183.5","2025-07",,,,,,,
"US1MIWY0178","DEARBORN 2.1 SW, MI US","42.28715","-83.23726","183.5","2025-08",,,,,,,
"US1MIWY0178","DEARBORN 2.1 SW, MI US","42.28715","-83.23726","183.5","2025-09",,,,,,,
"US1MIWY0178","DEARBORN 2.1 SW, MI US","42.28715","-83.23726","183.5","2025-10",,,,,,,
"US1MIWY0178","DEARBORN 2.1 SW, MI US","42.28715","-83.23726","183.5","2025-11",,,,,,,
"US1MIWY0178","DEARBORN 2.1 SW, MI US","42.28715","-83.23726","183.5","2025-12",,,,,,,
"US1MIWY0160","DETROIT 1.7 ESE, MI US","42.37373","-83.07139","192.0","2025-09",,,,,,,
"USC00207188","RUDYARD 5 SE, MI US","46.19076","-84.50852","203.3","2025-07","47.8","3.9","31.7","53.4","17.6","25.2","10.1"
"USC00207188","RUDYARD 5 SE, MI US","46.19076","-84.50852","203.3","2025-08","84.6","0.0","31.7","136.9","16.8","24.1","9.6"
"USC00207188","RUDYARD 5 SE, MI US","46.19076","-84.50852","203.3","2025-09","84.6","0.6","25.6","265.3","14.1","20.5","7.6"
"USC00207188","RUDYARD 5 SE, MI US","46.19076","-84.50852","203.3","2025-10","88.7","-6.7","27.2","580.1","8.3","15.5","1.1"
"USC00207188","RUDYARD 5 SE, MI US","46.19076","-84.50852","203.3","2025-11","88.7","-16.1","11.1","1124.6","0.2","4.9","-4.5"
"USC00207188","RUDYARD 5 SE, MI US","46.19076","-84.50852","203.3","2025-12","88.7","-20.6","5.6","1929.0","-7.6","-2.9","-12.3"
"US1MIWY0163","DETROIT 2.5 SE, MI US","42.35647","-83.06919","191.7","2025-07",,,,,,,
"US1MIWY0163","DETROIT 2.5 SE, MI US","42.35647","-83.06919","191.7","2025-08",,,,,,,
"US1MIWY0163","DETROIT 2.5 SE, MI US","42.35647","-83.06919","191.7","2025-09",,,,,,,
"US1MIWY0163","DETROIT 2.5 SE, MI US","42.35647","-83.06919","191.7","2025-10",,,,,,,
"US1MIWY0163","DETROIT 2.5 SE, MI US","42.35647","-83.06919","191.7","2025-11",,,,,,,
"US1MIWY0163","DETROIT 2.5 SE, MI US","42.35647","-83.06919","191.7","2025-12",,,,,,,
"US1MISC0007","PORT HURON 2.0 SSW, MI US","42.966773","-82.450284","184.1","2025-07",,,,,,,
"US1MISC0007","PORT HURON 2.0 SSW, MI US","42.966773","-82.450284","184.1","2025-09",,,,,,,
"US1MISC0007","PORT HURON 2.0 SSW, MI US","42.966773","-82.450284","184.1","2025-10",,,,,,,
"US1MISC0007","PORT HURON 2.0 SSW, MI US","42.966773","-82.450284","184.1","2025-11",,,,,,,
"US1MIET0018","LANSING 4.7 NW, MI US","42.752944","-84.623995","261.5","2025-07",,,,,,,
"US1MIET0018","LANSING 4.7 NW, MI US","42.752944","-84.623995","261.5","2025-08",,,,,,,
"US1MIET0018","LANSING 4.7 NW, MI US","42.752944","-84.623995","261.5","2025-09",,,,,,,
"US1MIET0018","LANSING 4.7 NW, MI US","42.752944","-84.623995","261.5","2025-10",,,,,,,
"US1MIET0018","LANSING 4.7 NW, MI US","42.752944","-84.623995","261.5","2025-11",,,,,,,
"US1MIET0018","LANSING 4.7 NW, MI US","42.752944","-84.623995","261.5","2025-12",,,,,,,
"US1MIET0015","EATON RAPIDS 6.6 N, MI US","42.60421","-84.67487","277.7","2025-07",,,,,,,
"US1MIET0015","EATON RAPIDS 6.6 N, MI US","42.60421","-84.67487","277.7","2025-08",,,,,,,
"US1MIET0015","EATON RAPIDS 6.6 N, MI US","42.60421","-84.67487","277.7","2025-09",,,,,,,
"US1MIET0015","EATON RAPIDS 6.6 N, MI US","42.60421","-84.67487","277.7","2025-11",,,,,,,
"US1MIET0015","EATON RAPIDS 6.6 N, MI US","42.60421","-84.67487","277.7","2025-12",,,,,,,
"US1MIET0014","VERMONTVILLE 4.3 N, MI US","42.687542","-85.033386","270.7","2025-07",,,,,,,
"US1MIET0014","VERMONTVILLE 4.3 N, MI US","42.687542","-85.033386","270.7","2025-08",,,,,,,
"US1MIET0014","VERMONTVILLE 4.3 N, MI US","42.687542","-85.033386","270.7","2025-09",,,,,,,
"US1MIET0014","VERMONTVILLE 4.3 N, MI US","42.687542","-85.033386","270.7","2025-10",,,,,,,
"US1MIET0022","KE8CIC EATON RAPIDS 0.3 SE, MI US","42.5066851","-84.64995","268.2","2025-07",,,,,,,
"US1MIET0022","KE8CIC EATON RAPIDS 0.3 SE, MI US","42.5066851","-84.64995","268.2","2025-08",,,,,,,
"US1MIET0022","KE8CIC EATON RAPIDS 0.3 SE, MI US","42.5066851","-84.64995","268.2","2025-09",,,,,,,
"US1MIET0022","KE8CIC EATON RAPIDS 0.3 SE, MI US","42.5066851","-84.64995","268.2","2025-10",,,,,,,
"US1MIET0022","KE8CIC EATON RAPIDS 0.3 SE, MI US","42.5066851","-84.64995","268.2","2025-11",,,,,,,
"US1MIET0023","BELLEVUE 1.9 ENE, MI US","42.4517402","-84.9818251","265.5","2025-07",,,,,,,
"US1MIET0023","BELLEVUE 1.9 ENE, MI US","42.4517402","-84.9818251","265.5","2025-08",,,,,,,
"US1MIET0023","BELLEVUE 1.9 ENE, MI US","42.4517402","-84.9818251","265.5","2025-09",,,,,,,
"US1MIET0023","BELLEVUE 1.9 ENE, MI US","42.4517402","-84.9818251","265.5","2025-10",,,,,,,
"US1MIET0023","BELLEVUE 1.9 ENE, MI US","42.4517402","-84.9818251","265.5","2025-11",,,,,,,
"US1MIET0021","LAKE ODESSA 3.7 ESE, MI US","42.76008","-85.07194","267.9","2025-07",,,,,,,
"US1MIET0021","LAKE ODESSA 3.7 ESE, MI US","42.76008","-85.07194","267.9","2025-08",,,,,,,
"US1MIOK0087","ORTONVILLE 2.3 S, MI US","42.818733215332","-83.4431304931641","297.2","2025-07",,,,,,,
"US1MIOK0087","ORTONVILLE 2.3 S, MI US","42.818733215332","-83.4431304931641","297.2","2025-08",,,,,,,
"US1MIOK0087","ORTONVILLE 2.3 S, MI US","42.818733215332","-83.4431304931641","297.2","2025-09",,,,,,,
"US1MIOK0087","ORTONVILLE 2.3 S, MI US","42.818733215332","-83.4431304931641","297.2","2025-10",,,,,,,
"US1MIOK0087","ORTONVILLE 2.3 S, MI US","42.818733215332","-83.4431304931641","297.2","2025-12",,,,,,,
"US1MIWY0047","BELLEVILLE 2.8 ESE, MI US","42.182333","-83.436367","201.5","2025-08",,,,,,,
"US1MIWY0047","BELLEVILLE 2.8 ESE, MI US","42.182333","-83.436367","201.5","2025-09",,,,,,,
"US1MIWY0047","BELLEVILLE 2.8 ESE, MI US","42.182333","-83.436367","201.5","2025-10",,,,,,,
"US1MIWY0047","BELLEVILLE 2.8 ESE, MI US","42.182333","-83.436367","201.5","2025-11",,,,,,,
"US1MIWY0047","BELLEVILLE 2.8 ESE, MI US","42.182333","-83.436367","201.5","2025-12",,,,,,,
"US1MIWY0043","DEARBORN HEIGHTS 1.8 NW, MI US","42.3419570922852","-83.3020706176758","185.6","2025-07",,,,,,,
"US1MIWY0043","DEARBORN HEIGHTS 1.8 NW, MI US","42.3419570922852","-83.3020706176758","185.6","2025-08",,,,,,,
"US1MIWY0043","DEARBORN HEIGHTS 1.8 NW, MI US","42.3419570922852","-83.3020706176758","185.6","2025-09",,,,,,,
"US1MIWY0043","DEARBORN HEIGHTS 1.8 NW, MI US","42.3419570922852","-83.3020706176758","185.6","2025-10",,,,,,,
"US1MIWY0043","DEARBORN HEIGHTS 1.8 NW, MI US","42.3419570922852","-83.3020706176758","185.6","2025-11",,,,,,,
"US1MIWY0043","DEARBORN HEIGHTS 1.8 NW, MI US","42.3419570922852","-83.3020706176758","185.6","2025-12",,,,,,,
"US1MIGL0004","GLADWIN 10.4 NNW, MI US","44.118652","-84.584704","321.6","2025-07",,,,,,,
"US1MIGL0004","GLADWIN 10.4 NNW, MI US","44.118652","-84.584704","321.6","2025-08",,,,,,,
"US1MIGL0004","GLADWIN 10.4 NNW, MI US","44.118652","-84.584704","321.6","2025-09",,,,,,,
"US1MIGL0004","GLADWIN 10.4 NNW, MI US","44.118652","-84.584704","321.6","2025-10",,,,,,,
"US1MIGL0004","GLADWIN 10.4 NNW, MI US","44.118652","-84.584704","321.6","2025-11",,,,,,,
"US1MIGL0004","GLADWIN 10.4 NNW, MI US","44.118652","-84.584704","321.6","2025-12",,,,,,,
"US1MIMQ0024","WOBIC 0.5 ESE, MI US","46.498396","-87.940723","491.0","2025-07",,,,,,,
"US1MIMQ0024","WOBIC 0.5 ESE, MI US","46.498396","-87.940723","491.0","2025-08",,,,,,,
"US1MIMQ0024","WOBIC 0.5 ESE, MI US","46.498396","-87.940723","491.0","2025-09",,,,,,,
"US1MIMQ0024","WOBIC 0.5 ESE, MI US","46.498396","-87.940723","491.0","2025-10",,,,,,,
"US1MIMQ0024","WOBIC 0.5 ESE, MI US","46.498396","-87.940723","491.0","2025-11",,,,,,,
"US1MIMQ0024","WOBIC 0.5 ESE, MI US","46.498396","-87.940723","491.0","2025-12",,,,,,,
