"STATION","NAME","LATITUDE","LONGITUDE","ELEVATION","DATE","CDSD","EMNT","EMXT","HDSD","TAVG","TMAX","TMIN"
"USC00205690","MUNISING, MI US","46.4121","-86.6625","207.3","2025-01","0.0","-26.1","2.8","2325.8","-8.3","-4.9","-11.8"
"USC00205690","MUNISING, MI US","46.4121","-86.6625","207.3","2025-02","0.0","-20.0","10.0","3046.1","-7.4","-3.6","-11.2"
"USC00205690","MUNISING, MI US","46.4121","-86.6625","207.3","2025-03","0.0","-11.7","12.8","3666.6","-1.7","2.7","-6.1"
"USC00205690","MUNISING, MI US","46.4121","-86.6625","207.3","2025-04","0.0","-11.1","16.7","4153.8","2.1","6.3","-2.1"
"USC00205690","MUNISING, MI US","46.4121","-86.6625","207.3","2025-05","4.5","-1.1","30.6","4435.7","9.4","14.5","4.2"
"USC00205690","MUNISING, MI US","46.4121","-86.6625","207.3","2025-06","27.3","2.8","33.9","4532.7","15.7","21.2","10.2"
"USC00203270","GLADSTONE NUMBER 2, MI US","45.8433","-87.0391","218.5","2025-01",,,,,,,
"USC00203270","GLADSTONE NUMBER 2, MI US","45.8433","-87.0391","218.5","2025-02",,,,,,,
"USC00203270","GLADSTONE NUMBER 2, MI US","45.8433","-87.0391","218.5","2025-03",,,,,,,
"USC00203270","GLADSTONE NUMBER 2, MI US","45.8433","-87.0391","218.5","2025-04",,,,,,,
"USC00203270","GLADSTONE NUMBER 2, MI US","45.8433","-87.0391","218.5","2025-05",,,,,,,
"USC00203270","GLADSTONE NUMBER 2, MI US","45.8433","-87.0391","218.5","2025-06",,,,,,,
"USC00203391","GRAYLING, MI US","44.64536","-84.69921","350.8","2025-01","0.0","-27.2","6.7","2436.0","-9.4","-4.7","-14.1"
"USC00203391","GRAYLING, MI US","44.64536","-84.69921","350.8","2025-02","0.0","-25.6","9.4","3197.1","-8.9","-3.6","-14.1"
"USC00203391","GRAYLING, MI US","44.64536","-84.69921","350.8","2025-03","0.0","-15.6","20.0","3794.2","-0.9","5.1","-7.0"
"USC00203391","GRAYLING, MI US","44.64536","-84.69921","350.8","2025-04","0.0","-13.3","23.3","4205.7","4.6","12.1","-2.9"
"USC00203391","GRAYLING, MI US","44.64536","-84.69921","350.8","2025-05","4.7","-4.4","29.4","4421.6","11.5","18.0","5.1"
"USC00203391","GRAYLING, MI US","44.64536","-84.69921","350.8","2025-06","57.4","1.1","33.9","4472.3","18.4","25.3","11.5"
"US1MILV0026","FENTON 6.2 WSW, MI US","42.768322","-83.829286","267.3","2025-01",,,,,,,
"US1MILV0026","FENTON 6.2 WSW, MI US","42.768322","-83.829286","267.3","2025-02",,,,,,,
"US1MILV0026","FENTON 6.2 WSW, MI US","42.768322","-83.829286","267.3","2025-03",,,,,,,
"US1MILV0026","FENTON 6.2 WSW, MI US","42.768322","-83.829286","267.3","2025-04",,,,,,,
"US1MILV0026","FENTON 6.2 WSW, MI US","42.768322","-83.829286","267.3","2025-05",,,,,,,
"US1MILV0026","FENTON 6.2 WSW, MI US","42.768322","-83.829286","267.3","2025-06",,,,,,,
"USC00206662","PORT AUSTIN WWTP, MI US","44.0469","-82.9702","184.4","2025-01",,,,,,,
"USC00206662","PORT AUSTIN WWTP, MI US","44.0469","-82.9702","184.4","2025-03",,,,,,,
"USC00206662","PORT AUSTIN WWTP, MI US","44.0469","-82.9702","184.4","2025-04",,,"27.2",,,"11.2",
"USC00206662","PORT AUSTIN WWTP, MI US","44.0469","-82.9702","184.4","2025-05",,,,,,,
"USC00206662","PORT AUSTIN WWTP, MI US","44.0469","-82.9702","184.4","2025-06",,,,,,,
"US1MILV0024","HOWELL 4.9 ESE, MI US","42.579228","-83.847953","294.1","2025-05",,,,,,,
"US1MILV0024","HOWELL 4.9 ESE, MI US","42.579228","-83.847953","294.1","2025-06",,,,,,,
"USC00206780","QUINCY HILL, MI US","47.1364","-88.5795","349.0","2025-01",,,,,,,
"USC00206780","QUINCY HILL, MI US","47.1364","-88.5795","349.0","2025-02",,,,,,,
"USC00206780","QUINCY HILL, MI US","47.1364","-88.5795","349.0","2025-03",,,,,,,
"USC00206780","QUINCY HILL, MI US","47.1364","-88.5795","349.0","2025-04",,,,,,,
"USC00206780","QUINCY HILL, MI US","47.1364","-88.5795","349.0","2025-05",,,,,,,
"USC00206780","QUINCY HILL, MI US","47.1364","-88.5795","349.0","2025-06",,,,,,,
"US1MIVB0015","GOBLES 1.0 ESE, MI US","42.356497","-85.859454","239.3","2025-01",,,,,,,
"US1MIVB0015","GOBLES 1.0 ESE, MI US","42.356497","-85.859454","239.3","2025-02",,,,,,,
"US1MIVB0015","GOBLES 1.0 ESE, MI US","42.356497","-85.859454","239.3","2025-05",,,,,,,
"US1MIVB0015","GOBLES 1.0 ESE, MI US","42.356497","-85.859454","239.3","2025-06",,,,,,,
"US1MIVB0013","PAW PAW 2.0 NE, MI US","42.23743","-85.861711","231.6","2025-01",,,,,,,
"US1MIVB0013","PAW PAW 2.0 NE, MI US","42.23743","-85.861711","231.6","2025-02",,,,,,,
"US1MIVB0013","PAW PAW 2.0 NE, MI US","42.23743","-85.861711","231.6","2025-03",,,,,,,
"US1MIVB0013","PAW PAW 2.0 NE, MI US","42.23743","-85.861711","231.6","2025-04",,,,,,,
"US1MIVB0013","PAW PAW 2.0 NE, MI US","42.23743","-85.861711","231.6","2025-05",,,,,,,
"US1MIVB0013","PAW PAW 2.0 NE, MI US","42.23743","-85.861711","231.6","2025-06",,,,,,,
"US1MIVB0006","GRAND JUNCTION 1.4 NW, MI US","42.424964","-86.079324","203.0","2025-05",,,,,,,
"US1MIVB0006","GRAND JUNCTION 1.4 NW, MI US","42.424964","-86.079324","203.0","2025-06",,,,,,,
"US1MIOW0014","HOLLAND 4.4 NW, MI US","42.823464","-86.151194","199.0","2025-01",,,,,,,
"US1MIOW0014","HOLLAND 4.4 NW, MI US","42.823464","-86.151194","199.0","2025-02",,,,,,,
"US1MIOW0014","HOLLAND 4.4 NW, MI US","42.823464","-86.151194","199.0","2025-03",,,,,,,
"US1MIOW0014","HOLLAND 4.4 NW, MI US","42.823464","-86.151194","199.0","2025-04",,,,,,,
"US1MIOW0014","HOLLAND 4.4 NW, MI US","42.823464","-86.151194","199.0","2025-05",,,,,,,
"US1MIAG0010","TRAUNIK 0.2 NNW, MI US","46.2635","-86.9724","285.0","2025-05",,,,,,,
"US1MIAG0010","TRAUNIK 0.2 NNW, MI US","46.2635","-86.9724","285.0","2025-06",,,,,,,
"USC00203025","FREMONT 4 WSW, MI US","43.44527","-86.02646","242.9","2025-01","0.0","-20.0","8.3","1957.3","-6.1","-2.6","-9.6"
"USC00203025","FREMONT 4 WSW, MI US","43.44527","-86.02646","242.9","2025-02","0.0","-16.1","10.0","2601.1","-5.5","-1.5","-9.5"
"USC00203025","FREMONT 4 WSW, MI US","43.44527","-86.02646","242.9","2025-03",,,,,,,
"USC00203025","FREMONT 4 WSW, MI US","43.44527","-86.02646","242.9","2025-04",,"-4.4","26.1",,"7.8","14.0","1.5"
"USC00203025","FREMONT 4 WSW, MI US","43.44527","-86.02646","242.9","2025-05",,"1.1","29.4",,"13.6","20.0","7.1"
"USC00203025","FREMONT 4 WSW, MI US","43.44527","-86.02646","242.9","2025-06",,"2.2","32.2",,"20.7","26.5","15.0"
"US1MIAN0001","WAYLAND 2.0 W, MI US","42.6732292","-85.68013763","225.2","2025-04",,,,,,,
"US1MIAN0001","WAYLAND 2.0 W, MI US","42.6732292","-85.68013763","225.2","2025-05",,,,,,,
"US1MIAN0001","WAYLAND 2.0 W, MI US","42.6732292","-85.68013763","225.2","2025-06",,,,,,,
"USC00206658","PONTIAC WWTP, MI US","42.6388","-83.2555","271.3","2025-01","0.0","-20.6","7.2","1740.2","-5.6","-2.0","-9.1"
"USC00206658","PONTIAC WWTP, MI US","42.6388","-83.2555","271.3","2025-02","0.0","-17.2","11.7","2369.7","-4.1","-0.2","-8.1"
"USC00206658","PONTIAC WWTP, MI US","42.6388","-83.2555","271.3","2025-03","0.0","-9.4","22.2","2750.1","4.8","10.5","-1.0"
"USC00206658","PONTIAC WWTP, MI US","42.6388","-83.2555","271.3","2025-04","7.3","-7.2","28.9","3012.1","9.8","16.4","3.3"
"USC00206658","PONTIAC WWTP, MI US","42.6388","-83.2555","271.3","2025-05","21.2","2.8","28.3","3157.1","14.1","19.6","8.6"
"USC00206658","PONTIAC WWTP, MI US","42.6388","-83.2555","271.3","2025-06","126.2","6.1","35.6","3169.8","21.6","27.4","15.8"
"USC00205567","MONTAGUE 4 NW, MI US","43.461","-86.41773","198.1","2025-01","0.0","-17.8","6.1","1882.4","-4.5","-1.5","-7.6"
"USC00205567","MONTAGUE 4 NW, MI US","43.461","-86.41773","198.1","2025-02","0.0","-16.7","7.2","2522.9","-4.5","-1.0","-8.1"
"USC00205567","MONTAGUE 4 NW, MI US","43.461","-86.41773","198.1","2025-03","0.0","-10.0","24.4","2959.8","4.2","9.9","-1.4"
"USC00205567","MONTAGUE 4 NW, MI US","43.461","-86.41773","198.1","2025-04","0.0","-5.0","25.0","3287.7","7.4","13.3","1.5"
"USC00205567","MONTAGUE 4 NW, MI US","43.461","-86.41773","198.1","2025-05","10.6","-1.7","30.0","3468.0","12.9","19.2","6.5"
"USC00205567","MONTAGUE 4 NW, MI US","43.461","-86.41773","198.1","2025-06","96.2","0.6","31.1","3496.6","20.2","26.1","14.3"
"US1MILV0014","BRIGHTON 2.5 E, MI US","42.5330831855536","-83.7359697371721","285.0","2025-05",,,,,,,
"US1MILV0014","BRIGHTON 2.5 E, MI US","42.5330831855536","-83.7359697371721","285.0","2025-06",,,,,,,
"US1MISH0004","MANISTIQUE 13.4 SW, MI US","45.801051","-86.413008","200.9","2025-04",,,,,,,
"US1MISH0004","MANISTIQUE 13.4 SW, MI US","45.801051","-86.413008","200.9","2025-05",,,,,,,
"US1MISH0004","MANISTIQUE 13.4 SW, MI US","45.801051","-86.413008","200.9","2025-06",,,,,,,
"USC00208972","WHITMORE LAKE 1 NW, MI US","42.4355","-83.783","276.1","2025-01","0.0","-22.2","7.2","1872.4","-6.2","-2.5","-9.9"
"USC00208972","WHITMORE LAKE 1 NW, MI US","42.4355","-83.783","276.1","2025-02","0.0","-20.6","12.2","2527.6","-5.1","-0.8","-9.4"
"USC00208972","WHITMORE LAKE 1 NW, MI US","42.4355","-83.783","276.1","2025-03","0.0","-11.7","22.2","2954.8","4.1","10.4","-2.2"
"USC00208972","WHITMORE LAKE 1 NW, MI US","42.4355","-83.783","276.1","2025-04","2.2","-6.1","30.0","3260.0","8.2","14.9","1.5"
"USC00208972","WHITMORE LAKE 1 NW, MI US","42.4355","-83.783","276.1","2025-05","7.2","0.0","28.3","3427.5","13.1","18.8","7.4"
"USC00208972","WHITMORE LAKE 1 NW, MI US","42.4355","-83.783","276.1","2025-06","92.8","3.9","33.9","3453.5","20.3","26.5","14.1"
"US1MIAN0004","FENNVILLE 0.8 W, MI US","42.594218","-86.120119","204.2","2025-01",,,,,,,
"US1MIAN0004","FENNVILLE 0.8 W, MI US","42.594218","-86.120119","204.2","2025-02",,,,,,,
"US1MIAN0004","FENNVILLE 0.8 W, MI US","42.594218","-86.120119","204.2","2025-03",,,,,,,
"US1MIAN0004","FENNVILLE 0.8 W, MI US","42.594218","-86.120119","204.2","2025-04",,,,,,,
"US1MIAN0004","FENNVILLE 0.8 W, MI US","42.594218","-86.120119","204.2","2025-05",,,,,,,
"US1MIAN0004","FENNVILLE 0.8 W, MI US","42.594218","-86.120119","204.2","2025-06",,,,,,,
"USC00204130","ISHPEMING WWTP, MI US","46.4911","-87.6894","428.5","2025-01","0.0","-29.4","3.3","2598.0","-10.7","-6.7","-14.7"
"USC00204130","ISHPEMING WWTP, MI US","46.4911","-87.6894","428.5","2025-02","0.0","-27.8","8.9","3402.3","-10.4","-4.9","-15.9"
"USC00204130","ISHPEMING WWTP, MI US","46.4911","-87.6894","428.5","2025-03","0.0","-22.2","15.6","4071.4","-3.2","2.7","-9.2"
"USC00204130","ISHPEMING WWTP, MI US","46.4911","-87.6894","428.5","2025-04","0.0","-17.2","19.4","4569.8","1.7","7.6","-4.1"
"USC00204130","ISHPEMING WWTP, MI US","46.4911","-87.6894","428.5","2025-05","3.4","-2.2","30.6","4839.5","9.7","16.4","3.0"
"USC00204130","ISHPEMING WWTP, MI US","46.4911","-87.6894","428.5","2025-06","37.1","-1.1","33.9","4935.3","16.3","22.5","10.0"
"US1MIME0012","BIG RAPIDS 3.1 SE, MI US","43.677222","-85.435194","287.1","2025-01",,,,,,,
"US1MIME0012","BIG RAPIDS 3.1 SE, MI US","43.677222","-85.435194","287.1","2025-02",,,,,,,
"US1MIME0012","BIG RAPIDS 3.1 SE, MI US","43.677222","-85.435194","287.1","2025-04",,,,,,,
"US1MISH0001","MANISTIQUE 2.7 NW, MI US","45.99042","-86.282664","190.5","2025-01",,,,,,,
"US1MISH0001","MANISTIQUE 2.7 NW, MI US","45.99042","-86.282664","190.5","2025-02",,,,,,,
"US1MISH0001","MANISTIQUE 2.7 NW, MI US","45.99042","-86.282664","190.5","2025-03",,,,,,,
"US1MISH0001","MANISTIQUE 2.7 NW, MI US","45.99042","-86.282664","190.5","2025-04",,,,,,,
"US1MISH0001","MANISTIQUE 2.7 NW, MI US","45.99042","-86.282664","190.5","2025-05",,,,,,,
"US1MISH0001","MANISTIQUE 2.7 NW, MI US","45.99042","-86.282664","190.5","2025-06",,,,,,,
"US1MIVB0004","PAW PAW 3.6 NNE, MI US","42.265824","-85.861936","216.1","2025-01",,,,,,,
"US1MIVB0004","PAW PAW 3.6 NNE, MI US","42.265824","-85.861936","216.1","2025-02",,,,,,,
"US1MIVB0004","PAW PAW 3.6 NNE, MI US","42.265824","-85.861936","216.1","2025-03",,,,,,,
"US1MIVB0004","PAW PAW 3.6 NNE, MI US","42.265824","-85.861936","216.1","2025-04",,,,,,,
"US1MIVB0004","PAW PAW 3.6 NNE, MI US","42.265824","-85.861936","216.1","2025-05",,,,,,,
"US1MIVB0004","PAW PAW 3.6 NNE, MI US","42.265824","-85.861936","216.1","2025-06",,,,,,,
"USR0000MSPI","SPINCICH LAKE MICHIGAN, MI US","46.4578","-85.6272","273.1","2025-01","0.0","-28.9","3.9","2478.9","-8.7","-4.6","-12.8"
"USR0000MSPI","SPINCICH LAKE MICHIGAN, MI US","46.4578","-85.6272","273.1","2025-02","0.0","-23.3","11.7","3209.2","-7.7","-2.7","-12.8"
"USR0000MSPI","SPINCICH LAKE MICHIGAN, MI US","46.4578","-85.6272","273.1","2025-03","0.0","-20.0","15.6","3813.7","-2.3","4.0","-8.6"
"USR0000MSPI","SPINCICH LAKE MICHIGAN, MI US","46.4578","-85.6272","273.1","2025-04","0.0","-19.4","17.2","4291.9","2.4","9.1","-4.3"
"USR0000MSPI","SPINCICH LAKE MICHIGAN, MI US","46.4578","-85.6272","273.1","2025-05","5.0","-6.7","28.3","4560.3","9.8","17.6","2.1"
"USR0000MSPI","SPINCICH LAKE MICHIGAN, MI US","46.4578","-85.6272","273.1","2025-06","26.5","-3.3","31.1","4651.4","16.0","23.7","8.4"
"US1MISH0002","MANISTIQUE 2.3 E, MI US","45.9644","-86.202","183.5","2025-05",,,,,,,
"US1MISH0002","MANISTIQUE 2.3 E, MI US","45.9644","-86.202","183.5","2025-06",,,,,,,
"US1MIOW0002","HOLLAND 3.9 NNE, MI US","42.822957","-86.06784","188.1","2025-01",,,,,,,
"US1MIOW0002","HOLLAND 3.9 NNE, MI US","42.822957","-86.06784","188.1","2025-02",,,,,,,
"US1MIOW0002","HOLLAND 3.9 NNE, MI US","42.822957","-86.06784","188.1","2025-03",,,,,,,
"US1MIOW0002","HOLLAND 3.9 NNE, MI US","42.822957","-86.06784","188.1","2025-04",,,,,,,
"US1MIOW0002","HOLLAND 3.9 NNE, MI US","42.822957","-86.06784","188.1","2025-05",,,,,,,
"US1MIOW0002","HOLLAND 3.9 NNE, MI US","42.822957","-86.06784","188.1","2025-06",,,,,,,
"US1MIAG0006","MUNISING 11.1 SSW, MI US","46.278055","-86.75747","264.3","2025-01",,,,,,,
"US1MIAG0006","MUNISING 11.1 SSW, MI US","46.278055","-86.75747","264.3","2025-02",,,,,,,
"US1MIAG0006","MUNISING 11.1 SSW, MI US","46.278055","-86.75747","264.3","2025-03",,,,,,,
"US1MIAG0006","MUNISING 11.1 SSW, MI US","46.278055","-86.75747","264.3","2025-04",,,,,,,
"US1MIAG0006","MUNISING 11.1 SSW, MI US","46.278055","-86.75747","264.3","2025-05",,,,,,,
"US1MIAG0006","MUNISING 11.1 SSW, MI US","46.278055","-86.75747","264.3","2025-06",,,,,,,
"USC00203278","GOODRICH, MI US","42.9163","-83.5097","277.4","2025-01","0.0","-21.7","7.2","1968.9","-6.4","-2.6","-10.3"
"USC00203278","GOODRICH, MI US","42.9163","-83.5097","277.4","2025-02","0.0","-19.4","11.1","2623.2","-5.0","-1.1","-9.0"
"USC00203278","GOODRICH, MI US","42.9163","-83.5097","277.4","2025-03","0.0","-8.9","22.2","3068.1","4.0","10.4","-2.4"
"USC00203278","GOODRICH, MI US","42.9163","-83.5097","277.4","2025-04","1.6","-6.1","27.8","3380.0","8.0","14.6","1.4"
"USC00203278","GOODRICH, MI US","42.9163","-83.5097","277.4","2025-05","8.8","-0.6","27.8","3561.0","12.7","18.3","7.1"
"USC00203278","GOODRICH, MI US","42.9163","-83.5097","277.4","2025-06","92.5","3.3","33.3","3586.9","20.3","26.1","14.4"
"USC00208967","WILLIAMSBURG 6 N, MI US","44.8561","-85.4161","210.3","2025-04",,,,,,,
"USC00208967","WILLIAMSBURG 6 N, MI US","44.8561","-85.4161","210.3","2025-05",,,,,,,
"USC00208967","WILLIAMSBURG 6 N, MI US","44.8561","-85.4161","210.3","2025-06",,,,,,,
"USC00206300","OWOSSO WWTP, MI US","43.0161","-84.18","222.5","2025-01","0.0","-21.1","8.3","1947.6","-6.1","-2.4","-9.8"
"USC00206300","OWOSSO WWTP, MI US","43.0161","-84.18","222.5","2025-02","0.0","-20.0","11.7","2600.9","-5.0","-1.0","-8.9"
"USC00206300","OWOSSO WWTP, MI US","43.0161","-84.18","222.5","2025-03","0.0","-9.4","23.3","3050.8","3.8","10.1","-2.4"
"USC00206300","OWOSSO WWTP, MI US","43.0161","-84.18","222.5","2025-04","0.0","-5.0","27.8","3379.2","7.4","14.4","0.4"
"USC00206300","OWOSSO WWTP, MI US","43.0161","-84.18","222.5","2025-05","8.6","-0.6","28.9","3554.2","12.8","19.0","6.6"
"USC00206300","OWOSSO WWTP, MI US","43.0161","-84.18","222.5","2025-06","99.9","3.3","34.4","3576.0","20.6","26.9","14.4"
"US1MILV0008","FENTON 5.6 WSW, MI US","42.7728706598282","-83.8187252730131","263.0","2025-03",,,,,,,
"US1MILV0008","FENTON 5.6 WSW, MI US","42.7728706598282","-83.8187252730131","263.0","2025-04",,,,,,,
"US1MILV0008","FENTON 5.6 WSW, MI US","42.7728706598282","-83.8187252730131","263.0","2025-05",,,,,,,
"US1MILV0008","FENTON 5.6 WSW, MI US","42.7728706598282","-83.8187252730131","263.0","2025-06",,,,,,,
"US1MIAG0009","WETMORE 12.7 S, MI US","46.198","-86.651","250.2","2025-01",,,,,,,
"US1MIAG0009","WETMORE 12.7 S, MI US","46.198","-86.651","250.2","2025-02",,,,,,,
"US1MIAG0009","WETMORE 12.7 S, MI US","46.198","-86.651","250.2","2025-03",,,,,,,
"US1MIAG0009","WETMORE 12.7 S, MI US","46.198","-86.651","250.2","2025-04",,,,,,,
"US1MIAG0009","WETMORE 12.7 S, MI US","46.198","-86.651","250.2","2025-05",,,,,,,
"US1MIAG0009","WETMORE 12.7 S, MI US","46.198","-86.651","250.2","2025-06",,,,,,,
"US1MIAG0008","AU TRAIN 7.8 NW, MI US","46.502905","-86.958575","190.8","2025-01",,,,,,,
"USC00206680","PORT HURON, MI US","42.975","-82.4194","179.8","2025-01","0.0","-18.3","4.4","1789.1","-5.4","-2.4","-8.4"
"USC00206680","PORT HURON, MI US","42.975","-82.4194","179.8","2025-02","0.0","-16.1","8.9","2420.5","-4.2","-0.9","-7.5"
"USC00206680","PORT HURON, MI US","42.975","-82.4194","179.8","2025-03","0.0","-8.3","20.6","2853.9","4.4","9.7","-1.0"
"USC00206680","PORT HURON, MI US","42.975","-82.4194","179.8","2025-04","0.8","-6.1","28.3","3163.5","8.0","13.3","2.8"
"USC00206680","PORT HURON, MI US","42.975","-82.4194","179.8","2025-05","8.3","3.9","26.7","3363.0","12.1","16.3","8.0"
"USC00206680","PORT HURON, MI US","42.975","-82.4194","179.8","2025-06","88.9","3.9","35.0","3398.9","19.8","24.6","15.0"
"US1MIAN0019","SAUGATUCK 0.6 E, MI US","42.656209","-86.193185","187.8","2025-01",,,,,,,
"US1MIAN0019","SAUGATUCK 0.6 E, MI US","42.656209","-86.193185","187.8","2025-02",,,,,,,
"US1MIAN0019","SAUGATUCK 0.6 E, MI US","42.656209","-86.193185","187.8","2025-03",,,,,,,
"US1MIAN0019","SAUGATUCK 0.6 E, MI US","42.656209","-86.193185","187.8","2025-04",,,,,,,
"US1MIAN0019","SAUGATUCK 0.6 E, MI US","42.656209","-86.193185","187.8","2025-06",,,,,,,
"USC00203295","GRAND HAVEN WASTEWATER PLANT, MI US","43.0618","-86.2044","182.9","2025-01",,,,,,,
"USC00203295","GRAND HAVEN WASTEWATER PLANT, MI US","43.0618","-86.2044","182.9","2025-02",,,,,,,
"USC00203295","GRAND HAVEN WASTEWATER PLANT, MI US","43.0618","-86.2044","182.9","2025-03",,,,,,,
"USC00203295","GRAND HAVEN WASTEWATER PLANT, MI US","43.0618","-86.2044","182.9","2025-04",,,,,,,
"USC00203295","GRAND HAVEN WASTEWATER PLANT, MI US","43.0618","-86.2044","182.9","2025-05",,,,,,,
"USC00203295","GRAND HAVEN WASTEWATER PLANT, MI US","43.0618","-86.2044","182.9","2025-06",,,,,,,
"US1MIMT0008","EDMORE 3.8 ESE, MI US","43.3797492980957","-84.9731903076172","307.2","2025-01",,,,,,,
"US1MIMT0008","EDMORE 3.8 ESE, MI US","43.3797492980957","-84.9731903076172","307.2","2025-02",,,,,,,
"US1MIMT0008","EDMORE 3.8 ESE, MI US","43.3797492980957","-84.9731903076172","307.2","2025-03",,,,,,,
"US1MIMT0008","EDMORE 3.8 ESE, MI US","43.3797492980957","-84.9731903076172","307.2","2025-04",,,,,,,
"US1MIMT0008","EDMORE 3.8 ESE, MI US","43.3797492980957","-84.9731903076172","307.2","2025-05",,,,,,,
"US1MIMT0008","EDMORE 3.8 ESE, MI US","43.3797492980957","-84.9731903076172","307.2","2025-06",,,,,,,
"US1MIKW0003","AHMEEK 0.1 E, MI US","47.297912","-88.39575","265.5","2025-01",,,,,,,
"US1MIKW0003","AHMEEK 0.1 E, MI US","47.297912","-88.39575","265.5","2025-03",,,,,,,
"US1MIKW0003","AHMEEK 0.1 E, MI US","47.297912","-88.39575","265.5","2025-04",,,,,,,
"US1MIKW0003","AHMEEK 0.1 E, MI US","47.297912","-88.39575","265.5","2025-05",,,,,,,
"US1MIKW0003","AHMEEK 0.1 E, MI US","47.297912","-88.39575","265.5","2025-06",,,,,,,
"USC00204257","KALKASKA, MI US","44.728","-85.1727","315.5","2025-01","0.0","-26.7","8.3","2358.4","-9.0","-4.8","-13.3"
"USC00204257","KALKASKA, MI US","44.728","-85.1727","315.5","2025-02","0.0","-23.9","9.4","3101.3","-8.2","-3.4","-13.0"
"USC00204257","KALKASKA, MI US","44.728","-85.1727","315.5","2025-03","0.0","-13.9","20.0","3678.2","-0.3","5.7","-6.3"
"USC00204257","KALKASKA, MI US","44.728","-85.1727","315.5","2025-04","0.0","-9.4","23.9","4100.1","4.3","10.9","-2.4"
"USC00204257","KALKASKA, MI US","44.728","-85.1727","315.5","2025-05","3.6","-2.2","29.4","4361.9","10.0","16.1","3.9"
"USC00204257","KALKASKA, MI US","44.728","-85.1727","315.5","2025-06","53.6","-1.1","34.4","4414.0","18.3","24.9","11.6"
"US1MIAN0025","PLAINWELL 0.5 WSW, MI US","42.4431800842285","-85.6537475585938","225.6","2025-01",,,,,,,
"US1MIAN0025","PLAINWELL 0.5 WSW, MI US","42.4431800842285","-85.6537475585938","225.6","2025-02",,,,,,,
"US1MIAN0025","PLAINWELL 0.5 WSW, MI US","42.4431800842285","-85.6537475585938","225.6","2025-03",,,,,,,
"US1MIAN0025","PLAINWELL 0.5 WSW, MI US","42.4431800842285","-85.6537475585938","225.6","2025-04",,,,,,,
"US1MIAN0025","PLAINWELL 0.5 WSW, MI US","42.4431800842285","-85.6537475585938","225.6","2025-05",,,,,,,
"US1MIAN0025","PLAINWELL 0.5 WSW, MI US","42.4431800842285","-85.6537475585938","225.6","2025-06",,,,,,,
"USC00207407","SCOTTVILLE 2 SE, MI US","43.93364","-86.24508","203.0","2025-01",,,,,,,
"USC00207407","SCOTTVILLE 2 SE, MI US","43.93364","-86.24508","203.0","2025-02",,,,,,,
"USC00207407","SCOTTVILLE 2 SE, MI US","43.93364","-86.24508","203.0","2025-03",,,,,,,
"USC00207407","SCOTTVILLE 2 SE, MI US","43.93364","-86.24508","203.0","2025-04",,,,,,,
"USC00207407","SCOTTVILLE 2 SE, MI US","43.93364","-86.24508","203.0","2025-05",,,,,,,
"USC00207407","SCOTTVILLE 2 SE, MI US","43.93364","-86.24508","203.0","2025-06",,,,,,,
"US1MIAN0020","HOLLAND 5.3 WSW, MI US","42.749","-86.202","204.2","2025-02",,,,,,,
"US1MILV0036","FOWLERVILLE 0.2 SSW, MI US","42.65752","-84.07402","272.5","2025-04",,,,,,,
"US1MILV0036","FOWLERVILLE 0.2 SSW, MI US","42.65752","-84.07402","272.5","2025-05",,,,,,,
"US1MILV0036","FOWLERVILLE 0.2 SSW, MI US","42.65752","-84.07402","272.5","2025-06",,,,,,,
"US1MIMM0001","SPALDING 0.5 NW, MI US","45.698937","-87.5153","262.7","2025-04",,,,,,,
"US1MILV0039","PINCKNEY 3.0 ESE, MI US","42.445888","-83.887068","270.7","2025-05",,,,,,,
"US1MILV0032","HOWELL 3.7 WSW, MI US","42.5983855","-84.0060165","273.7","2025-02",,,,,,,
"US1MILV0032","HOWELL 3.7 WSW, MI US","42.5983855","-84.0060165","273.7","2025-03",,,,,,,
"US1MILV0032","HOWELL 3.7 WSW, MI US","42.5983855","-84.0060165","273.7","2025-04",,,,,,,
"US1MILV0032","HOWELL 3.7 WSW, MI US","42.5983855","-84.0060165","273.7","2025-05",,,,,,,
"US1MILV0032","HOWELL 3.7 WSW, MI US","42.5983855","-84.0060165","273.7","2025-06",,,,,,,
"US1MIMM0008","MENOMINEE 4.1 NW, MI US","45.16128","-87.68621","198.7","2025-01",,,,,,,
"US1MIMM0008","MENOMINEE 4.1 NW, MI US","45.16128","-87.68621","198.7","2025-02",,,,,,,
"US1MIMM0008","MENOMINEE 4.1 NW, MI US","45.16128","-87.68621","198.7","2025-03",,,,,,,
"US1MIMM0008","MENOMINEE 4.1 NW, MI US","45.16128","-87.68621","198.7","2025-04",,,,,,,
"US1MIMM0008","MENOMINEE 4.1 NW, MI US","45.16128","-87.68621","198.7","2025-05",,,,,,,
"US1MIMM0008","MENOMINEE 4.1 NW, MI US","45.16128","-87.68621","198.7","2025-06",,,,,,,
"USC00202094","DETOUR VILLAGE, MI US","45.9983","-83.9013","181.4","2025-01","0.0","-20.0","2.2","2102.3","-8.3","-4.8","-11.8"
"USC00202094","DETOUR VILLAGE, MI US","45.9983","-83.9013","181.4","2025-02","0.0","-20.6","7.8","2753.6","-7.7","-3.7","-11.8"
"USC00202094","DETOUR VILLAGE, MI US","45.9983","-83.9013","181.4","2025-03","0.0","-18.9","9.4","3391.1","-2.9","1.3","-7.1"
"USC00202094","DETOUR VILLAGE, MI US","45.9983","-83.9013","181.4","2025-04","0.0","-10.0","17.2","3792.0","3.5","8.0","-1.0"
"USC00202094","DETOUR VILLAGE, MI US","45.9983","-83.9013","181.4","2025-05","0.0","0.0","22.8","4002.8","10.5","15.4","5.6"
"USC00202094","DETOUR VILLAGE, MI US","45.9983","-83.9013","181.4","2025-06","8.6","5.0","33.3","4078.1","15.9","21.0","10.9"
"US1MIMM0005","DAGGETT 4.8 N, MI US","45.53069","-87.61922","241.1","2025-05",,,,,,,
"US1MIMM0005","DAGGETT 4.8 N, MI US","45.53069","-87.61922","241.1","2025-06",,,,,,,
"US1MILV0034","FOWLERVILLE 6.8 N, MI US","42.7582433","-84.0904338","275.5","2025-04",,,,,,,
"US1MILV0034","FOWLERVILLE 6.8 N, MI US","42.7582433","-84.0904338","275.5","2025-06",,,,,,,
"US1MIAN0027","OTSEGO 0.9 WNW, MI US","42.462","-85.713","219.5","2025-01",,,,,,,
"US1MIAN0027","OTSEGO 0.9 WNW, MI US","42.462","-85.713","219.5","2025-02",,,,,,,
"US1MIAN0027","OTSEGO 0.9 WNW, MI US","42.462","-85.713","219.5","2025-03",,,,,,,
"US1MIAN0027","OTSEGO 0.9 WNW, MI US","42.462","-85.713","219.5","2025-04",,,,,,,
"US1MIAN0027","OTSEGO 0.9 WNW, MI US","42.462","-85.713","219.5","2025-06",,,,,,,
"US1MIMM0009","MENOMINEE 9.4 NNE, MI US","45.254","-87.57825","206.3","2025-01",,,,,,,
"US1MIMM0009","MENOMINEE 9.4 NNE, MI US","45.254","-87.57825","206.3","2025-02",,,,,,,
"US1MIMM0009","MENOMINEE 9.4 NNE, MI US","45.254","-87.57825","206.3","2025-03",,,,,,,
"US1MIMM0009","MENOMINEE 9.4 NNE, MI US","45.254","-87.57825","206.3","2025-04",,,,,,,
"US1MIMM0009","MENOMINEE 9.4 NNE, MI US","45.254","-87.57825","206.3","2025-05",,,,,,,
"US1MIMM0009","MENOMINEE 9.4 NNE, MI US","45.254","-87.57825","206.3","2025-06",,,,,,,
"US1MILV0030","LINDEN 6.5 SW, MI US","42.749595","-83.866443","269.1","2025-01",,,,,,,
"US1MILV0030","LINDEN 6.5 SW, MI US","42.749595","-83.866443","269.1","2025-03",,,,,,,
"US1MILV0030","LINDEN 6.5 SW, MI US","42.749595","-83.866443","269.1","2025-04",,,,,,,
"US1MILV0030","LINDEN 6.5 SW, MI US","42.749595","-83.866443","269.1","2025-05",,,,,,,
"US1MILV0030","LINDEN 6.5 SW, MI US","42.749595","-83.866443","269.1","2025-06",,,,,,,
"US1MIMT0014","LAKEVIEW 7.1 SE, MI US","43.36924","-85.18213","280.4","2025-01",,,,,,,
"US1MIMT0014","LAKEVIEW 7.1 SE, MI US","43.36924","-85.18213","280.4","2025-02",,,,,,,
"US1MIMT0014","LAKEVIEW 7.1 SE, MI US","43.36924","-85.18213","280.4","2025-03",,,,,,,
"US1MIMT0014","LAKEVIEW 7.1 SE, MI US","43.36924","-85.18213","280.4","2025-04",,,,,,,
"US1MIMT0014","LAKEVIEW 7.1 SE, MI US","43.36924","-85.18213","280.4","2025-06",,,,,,,
"US1MIMT0013","VESTABURG 1.7 S, MI US","43.375","-84.905","277.1","2025-01",,,,,,,
"US1MIMT0013","VESTABURG 1.7 S, MI US","43.375","-84.905","277.1","2025-03",,,,,,,
"US1MIMT0013","VESTABURG 1.7 S, MI US","43.375","-84.905","277.1","2025-04",,,,,,,
"US1MIMT0013","VESTABURG 1.7 S, MI US","43.375","-84.905","277.1","2025-06",,,,,,,
"US1MIHG0001","HOUGHTON 1.6 ESE, MI US","47.107741","-88.529386","190.8","2025-02",,,,,,,
"US1MIHG0001","HOUGHTON 1.6 ESE, MI US","47.107741","-88.529386","190.8","2025-03",,,,,,,
"US1MIHG0001","HOUGHTON 1.6 ESE, MI US","47.107741","-88.529386","190.8","2025-04",,,,,,,
"US1MIHG0001","HOUGHTON 1.6 ESE, MI US","47.107741","-88.529386","190.8","2025-05",,,,,,,
"USC00204280","KEARSARGE, MI US","47.2752","-88.417","341.4","2025-01","0.0","-23.3","5.0","2097.0","-8.3","-5.1","-11.5"
"USC00204280","KEARSARGE, MI US","47.2752","-88.417","341.4","2025-02","0.0","-18.3","8.9","2810.4","-7.1","-3.1","-11.2"
"USC00204280","KEARSARGE, MI US","47.2752","-88.417","341.4","2025-03","0.0","-17.8","15.0","3402.1","-1.4","3.6","-6.4"
"USC00204280","KEARSARGE, MI US","47.2752","-88.417","341.4","2025-04","0.0","-13.3","15.0","3876.8","2.0","6.7","-2.7"
"USC00204280","KEARSARGE, MI US","47.2752","-88.417","341.4","2025-05","9.2","-2.8","31.1","4091.2","10.7","17.1","4.4"
"USC00204280","KEARSARGE, MI US","47.2752","-88.417","341.4","2025-06","35.1","1.7","32.8","4172.6","16.2","22.7","9.7"
"USC00206583","PICKFORD 3 NE, MI US","46.1863","-84.3238","191.7","2025-01","0.0","-28.3","2.8","2337.8","-9.2","-4.6","-13.8"
"USC00206583","PICKFORD 3 NE, MI US","46.1863","-84.3238","191.7","2025-02","0.0","-27.8","6.7","3088.9","-8.5","-3.1","-13.9"
"USC00206583","PICKFORD 3 NE, MI US","46.1863","-84.3238","191.7","2025-03","0.0","-20.6","14.4","3703.1","-1.5","4.3","-7.2"
"USC00206583","PICKFORD 3 NE, MI US","46.1863","-84.3238","191.7","2025-04","0.0","-14.4","20.0","4136.3","3.9","10.3","-2.5"
"USC00206583","PICKFORD 3 NE, MI US","46.1863","-84.3238","191.7","2025-05","2.2","-3.9","27.8","4350.5","11.5","19.3","3.7"
"USC00206583","PICKFORD 3 NE, MI US","46.1863","-84.3238","191.7","2025-06","32.5","-1.7","31.7","4409.6","17.4","24.8","10.0"
"US1MIJC0013","HANOVER 3.8 W, MI US","42.107","-84.626","328.0","2025-05",,,,,,,
"US1MIJC0013","HANOVER 3.8 W, MI US","42.107","-84.626","328.0","2025-06",,,,,,,
"US1MIJC0011","JACKSON 3.2 W, MI US","42.240611","-84.466918","304.2","2025-01",,,,,,,
"US1MIJC0011","JACKSON 3.2 W, MI US","42.240611","-84.466918","304.2","2025-02",,,,,,,
"US1MIJC0011","JACKSON 3.2 W, MI US","42.240611","-84.466918","304.2","2025-03",,,,,,,
"US1MIJC0011","JACKSON 3.2 W, MI US","42.240611","-84.466918","304.2","2025-04",,,,,,,
"US1MIJC0011","JACKSON 3.2 W, MI US","42.240611","-84.466918","304.2","2025-05",,,,,,,
"US1MIJC0011","JACKSON 3.2 W, MI US","42.240611","-84.466918","304.2","2025-06",,,,,,,
"US1MIIH0060","WILLIAMSTON 3.8 NNW, MI US","42.73663","-84.322","278.3","2025-01",,,,,,,
"US1MIIH0060","WILLIAMSTON 3.8 NNW, MI US","42.73663","-84.322","278.3","2025-02",,,,,,,
"US1MIIH0060","WILLIAMSTON 3.8 NNW, MI US","42.73663","-84.322","278.3","2025-03",,,,,,,
"US1MIIH0060","WILLIAMSTON 3.8 NNW, MI US","42.73663","-84.322","278.3","2025-04",,,,,,,
"US1MIIH0060","WILLIAMSTON 3.8 NNW, MI US","42.73663","-84.322","278.3","2025-05",,,,,,,
"US1MIIH0060","WILLIAMSTON 3.8 NNW, MI US","42.73663","-84.322","278.3","2025-06",,,,,,,
"US1MIIH0061","LESLIE 4.3 E, MI US","42.4455","-84.34709","295.0","2025-01",,,,,,,
"US1MIIH0061","LESLIE 4.3 E, MI US","42.4455","-84.34709","295.0","2025-02",,,,,,,
"US1MIIH0061","LESLIE 4.3 E, MI US","42.4455","-84.34709","295.0","2025-03",,,,,,,
"US1MIIH0061","LESLIE 4.3 E, MI US","42.4455","-84.34709","295.0","2025-04",,,,,,,
"US1MIIH0061","LESLIE 4.3 E, MI US","42.4455","-84.34709","295.0","2025-05",,,,,,,
"US1MIIH0061","LESLIE 4.3 E, MI US","42.4455","-84.34709","295.0","2025-06",,,,,,,
"US1MICB0007","MACKINAW CITY 1.1 ENE, MI US","45.784734","-84.728905","181.7","2025-04",,,,,,,
"US1MICB0007","MACKINAW CITY 1.1 ENE, MI US","45.784734","-84.728905","181.7","2025-05",,,,,,,
"US1MICB0007","MACKINAW CITY 1.1 ENE, MI US","45.784734","-84.728905","181.7","2025-06",,,,,,,
"US1MICX0007","EAST JORDAN 2.1 NNW, MI US","45.186389","-85.1475","198.7","2025-01",,,,,,,
"US1MICX0007","EAST JORDAN 2.1 NNW, MI US","45.186389","-85.1475","198.7","2025-02",,,,,,,
"US1MICX0007","EAST JORDAN 2.1 NNW, MI US","45.186389","-85.1475","198.7","2025-03",,,,,,,
"US1MICX0007","EAST JORDAN 2.1 NNW, MI US","45.186389","-85.1475","198.7","2025-04",,,,,,,
"US1MICX0007","EAST JORDAN 2.1 NNW, MI US","45.186389","-85.1475","198.7","2025-05",,,,,,,
"US1MICX0007","EAST JORDAN 2.1 NNW, MI US","45.186389","-85.1475","198.7","2025-06",,,,,,,
"USC00205488","MILLINGTON 3 SE, MI US","43.2836","-83.4791","249.9","2025-01",,,,,,,
"USC00205488","MILLINGTON 3 SE, MI US","43.2836","-83.4791","249.9","2025-02",,,,,,,
"USC00205488","MILLINGTON 3 SE, MI US","43.2836","-83.4791","249.9","2025-03",,,,,,,
"USC00205488","MILLINGTON 3 SE, MI US","43.2836","-83.4791","249.9","2025-04",,,,,,,
"USC00205488","MILLINGTON 3 SE, MI US","43.2836","-83.4791","249.9","2025-05",,,,,,,
"USC00205488","MILLINGTON 3 SE, MI US","43.2836","-83.4791","249.9","2025-06",,,,,,,
"USC00203188","GLENNIE 2 SE, MI US","44.5358","-83.7022","272.5","2025-01","0.0","-28.3","3.3","2327.8","-8.9","-4.2","-13.6"
"USC00203188","GLENNIE 2 SE, MI US","44.5358","-83.7022","272.5","2025-02","0.0","-24.4","10.6","3070.1","-8.2","-2.9","-13.5"
"USC00203188","GLENNIE 2 SE, MI US","44.5358","-83.7022","272.5","2025-03","0.0","-13.9","21.7","3629.8","0.3","6.6","-6.0"
"USC00203188","GLENNIE 2 SE, MI US","44.5358","-83.7022","272.5","2025-04","0.0","-10.0","27.2","4041.6","4.6","12.1","-2.9"
"USC00203188","GLENNIE 2 SE, MI US","44.5358","-83.7022","272.5","2025-05","1.7","-2.2","26.7","4279.8","10.7","16.8","4.6"
"USC00203188","GLENNIE 2 SE, MI US","44.5358","-83.7022","272.5","2025-06","43.7","1.7","35.0","4336.4","17.9","25.0","10.7"
"USR0000MDOE","DOE LAKE MICHIGAN, MI US","46.2536","-86.7142","248.4","2025-01","0.0","-31.1","6.7","2493.7","-9.0","-4.4","-13.5"
"USR0000MDOE","DOE LAKE MICHIGAN, MI US","46.2536","-86.7142","248.4","2025-02","0.0","-28.3","12.8","3236.5","-8.2","-2.7","-13.7"
"USR0000MDOE","DOE LAKE MICHIGAN, MI US","46.2536","-86.7142","248.4","2025-03","0.0","-18.9","15.6","3816.3","-2.3","3.9","-8.5"
"USR0000MDOE","DOE LAKE MICHIGAN, MI US","46.2536","-86.7142","248.4","2025-04","0.0","-21.1","17.8","4294.9","2.4","8.9","-4.1"
"USR0000MDOE","DOE LAKE MICHIGAN, MI US","46.2536","-86.7142","248.4","2025-05","4.4","-7.2","29.4","4570.2","9.6","17.5","1.7"
"USR0000MDOE","DOE LAKE MICHIGAN, MI US","46.2536","-86.7142","248.4","2025-06","38.8","-1.1","33.9","4650.2","16.8","24.4","9.2"
"USC00205382","MENOMINEE NUMBER 2, MI US","45.111","-87.6117","180.1","2025-01",,,,,,,
"USC00205382","MENOMINEE NUMBER 2, MI US","45.111","-87.6117","180.1","2025-02",,,,,,,
"USC00205382","MENOMINEE NUMBER 2, MI US","45.111","-87.6117","180.1","2025-03",,,,,,,
"USC00205382","MENOMINEE NUMBER 2, MI US","45.111","-87.6117","180.1","2025-04",,,,,,,
"USC00205382","MENOMINEE NUMBER 2, MI US","45.111","-87.6117","180.1","2025-05",,,,,,,
"USC00205382","MENOMINEE NUMBER 2, MI US","45.111","-87.6117","180.1","2025-06",,,,,,,
"USC00208772","WELLSTON TIPPY DAM, MI US","44.2586","-85.9394","198.1","2025-01",,,,,,,
"USC00208772","WELLSTON TIPPY DAM, MI US","44.2586","-85.9394","198.1","2025-02",,,,,,,
"USC00208772","WELLSTON TIPPY DAM, MI US","44.2586","-85.9394","198.1","2025-03",,,,,,,
"USC00208772","WELLSTON TIPPY DAM, MI US","44.2586","-85.9394","198.1","2025-04",,,,,,,
"USC00208772","WELLSTON TIPPY DAM, MI US","44.2586","-85.9394","198.1","2025-05",,,,,,,
"USC00208772","WELLSTON TIPPY DAM, MI US","44.2586","-85.9394","198.1","2025-06",,,,,,,
"USC00206354","PARADISE, MI US","46.6038","-85.0396","191.4","2025-01",,,,,,,
"USC00206354","PARADISE, MI US","46.6038","-85.0396","191.4","2025-02",,,,,,,
"USC00206354","PARADISE, MI US","46.6038","-85.0396","191.4","2025-03",,,,,,,
"USC00206354","PARADISE, MI US","46.6038","-85.0396","191.4","2025-04",,,,,,,
"USC00206354","PARADISE, MI US","46.6038","-85.0396","191.4","2025-05",,"-2.2","28.9",,"9.3","15.3","3.3"
"USC00206354","PARADISE, MI US","46.6038","-85.0396","191.4","2025-06",,"2.2","32.8",,"14.5","20.6","8.4"
"US1MIHG0024","HANCOCK 0.1 ENE, MI US","47.1327321","-88.5983151","259.4","2025-01",,,,,,,
"US1MIHG0024","HANCOCK 0.1 ENE, MI US","47.1327321","-88.5983151","259.4","2025-03",,,,,,,
"US1MIGR0003","ALMA 0.3 NW, MI US","43.3818367","-84.6586301","224.9","2025-04",,,,,,,
"US1MIGR0003","ALMA 0.3 NW, MI US","43.3818367","-84.6586301","224.9","2025-05",,,,,,,
"US1MIGR0003","ALMA 0.3 NW, MI US","43.3818367","-84.6586301","224.9","2025-06",,,,,,,
"USC00206230","ORTONVILLE 2.5 SW, MI US","42.8347","-83.49","353.6","2025-06",,"4.4","33.9",,"20.6","26.2","14.9"
"US1MIHG0026","TWIN LAKES 0.2 SW, MI US","46.894401","-88.853953","371.2","2025-01",,,,,,,
"US1MIHG0026","TWIN LAKES 0.2 SW, MI US","46.894401","-88.853953","371.2","2025-02",,,,,,,
"US1MIHG0026","TWIN LAKES 0.2 SW, MI US","46.894401","-88.853953","371.2","2025-03",,,,,,,
"US1MIHG0026","TWIN LAKES 0.2 SW, MI US","46.894401","-88.853953","371.2","2025-04",,,,,,,
"US1MIHG0026","TWIN LAKES 0.2 SW, MI US","46.894401","-88.853953","371.2","2025-05",,,,,,,
"US1MIJC0029","MICHIGAN CENTER 0.9 NNE, MI US","42.2392190863225","-84.3182127604976","292.3","2025-03",,,,,,,
"US1MIJC0029","MICHIGAN CENTER 0.9 NNE, MI US","42.2392190863225","-84.3182127604976","292.3","2025-04",,,,,,,
"US1MIJC0029","MICHIGAN CENTER 0.9 NNE, MI US","42.2392190863225","-84.3182127604976","292.3","2025-05",,,,,,,
"US1MIJC0029","MICHIGAN CENTER 0.9 NNE, MI US","42.2392190863225","-84.3182127604976","292.3","2025-06",,,,,,,
"USC00200925","BOYNE FALLS, MI US","45.1672","-84.9138","221.9","2025-01","0.0","-21.1","8.3","2034.5","-6.4","-3.0","-9.9"
"USC00200925","BOYNE FALLS, MI US","45.1672","-84.9138","221.9","2025-02","0.0","-19.4","10.6","2697.8","-5.4","-1.2","-9.5"
"USC00200925","BOYNE FALLS, MI US","45.1672","-84.9138","221.9","2025-03","0.0","-14.4","21.1","3204.9","2.0","8.1","-4.2"
"USC00200925","BOYNE FALLS, MI US","45.1672","-84.9138","221.9","2025-04","0.0","-9.4","25.0","3563.0","6.4","13.1","-0.3"
"USC00200925","BOYNE FALLS, MI US","45.1672","-84.9138","221.9","2025-05","13.7","-2.8","31.7","3746.9","12.8","19.8","5.9"
"USC00200925","BOYNE FALLS, MI US","45.1672","-84.9138","221.9","2025-06","112.2","0.0","36.1","3774.9","20.7","27.8","13.5"
"US1MIHG0021","ATLANTIC MINE 3.9 NW, MI US","47.131564","-88.6926","296.6","2025-01",,,,,,,
"US1MIHG0021","ATLANTIC MINE 3.9 NW, MI US","47.131564","-88.6926","296.6","2025-02",,,,,,,
"US1MIHG0021","ATLANTIC MINE 3.9 NW, MI US","47.131564","-88.6926","296.6","2025-03",,,,,,,
"US1MIHG0021","ATLANTIC MINE 3.9 NW, MI US","47.131564","-88.6926","296.6","2025-04",,,,,,,
"US1MIHG0021","ATLANTIC MINE 3.9 NW, MI US","47.131564","-88.6926","296.6","2025-05",,,,,,,
"US1MIHG0021","ATLANTIC MINE 3.9 NW, MI US","47.131564","-88.6926","296.6","2025-06",,,,,,,
"USC00203078","GARDEN CORNERS, MI US","45.8983","-86.5485","178.9","2025-01","0.0","-26.1","3.9","2399.8","-8.7","-3.9","-13.5"
"USC00203078","GARDEN CORNERS, MI US","45.8983","-86.5485","178.9","2025-02","0.0","-26.7","12.2","3147.5","-8.4","-2.3","-14.4"
"USC00203078","GARDEN CORNERS, MI US","45.8983","-86.5485","178.9","2025-03","0.0","-15.0","10.6","3773.5","-1.9","3.3","-7.0"
"USC00203078","GARDEN CORNERS, MI US","45.8983","-86.5485","178.9","2025-04","0.0","-13.9","16.7","4224.1","3.3","9.2","-2.6"
"USC00203078","GARDEN CORNERS, MI US","45.8983","-86.5485","178.9","2025-05","0.0","-3.3","24.4","4471.0","10.4","16.7","4.0"
"USC00203078","GARDEN CORNERS, MI US","45.8983","-86.5485","178.9","2025-06","26.5","-2.2","29.4","4538.7","17.0","22.8","11.2"
"USC00207312","SALINE 4 SW, MI US","42.1236","-83.8199","256.0","2025-01","0.0","-21.1","8.9","1821.1","-5.3","-1.2","-9.4"
"USC00207312","SALINE 4 SW, MI US","42.1236","-83.8199","256.0","2025-02","0.0","-18.9","13.9","2442.4","-3.9","0.6","-8.4"
"USC00207312","SALINE 4 SW, MI US","42.1236","-83.8199","256.0","2025-03","0.0","-11.1","23.3","2818.0","5.4","12.1","-1.3"
"USC00207312","SALINE 4 SW, MI US","42.1236","-83.8199","256.0","2025-04","5.9","-6.1","29.4","3099.1","9.2","16.1","2.2"
"USC00207312","SALINE 4 SW, MI US","42.1236","-83.8199","256.0","2025-05","15.9","0.6","28.9","3217.3","14.6","20.6","8.6"
"USC00207312","SALINE 4 SW, MI US","42.1236","-83.8199","256.0","2025-06",,,,,,,
"US1MISW0012","OWOSSO 1.0 NW, MI US","43.006703","-84.186868","226.2","2025-01",,,,,,,
"US1MISW0012","OWOSSO 1.0 NW, MI US","43.006703","-84.186868","226.2","2025-02",,,,,,,
"US1MISW0012","OWOSSO 1.0 NW, MI US","43.006703","-84.186868","226.2","2025-03",,,,,,,
"US1MISW0012","OWOSSO 1.0 NW, MI US","43.006703","-84.186868","226.2","2025-04",,,,,,,
"US1MISW0012","OWOSSO 1.0 NW, MI US","43.006703","-84.186868","226.2","2025-05",,,,,,,
"US1MISW0012","OWOSSO 1.0 NW, MI US","43.006703","-84.186868","226.2","2025-06",,,,,,,
"US1MIIH0047","EDGEMONT PARK 0.7 NNE, MI US","42.755576","-84.586801","249.9","2025-04",,,,,,,
"US1MIIH0047","EDGEMONT PARK 0.7 NNE, MI US","42.755576","-84.586801","249.9","2025-05",,,,,,,
"US1MIIH0047","EDGEMONT PARK 0.7 NNE, MI US","42.755576","-84.586801","249.9","2025-06",,,,,,,
"US1MIOG0006","WEST BRANCH 2.1 SSW, MI US","44.2481446266174","-84.2508915066719","336.2","2025-01",,,,,,,
"US1MIOG0006","WEST BRANCH 2.1 SSW, MI US","44.2481446266174","-84.2508915066719","336.2","2025-02",,,,,,,
"US1MIOG0006","WEST BRANCH 2.1 SSW, MI US","44.2481446266174","-84.2508915066719","336.2","2025-03",,,,,,,
"US1MIOG0006","WEST BRANCH 2.1 SSW, MI US","44.2481446266174","-84.2508915066719","336.2","2025-04",,,,,,,
"US1MIOG0006","WEST BRANCH 2.1 SSW, MI US","44.2481446266174","-84.2508915066719","336.2","2025-05",,,,,,,
"US1MIOG0006","WEST BRANCH 2.1 SSW, MI US","44.2481446266174","-84.2508915066719","336.2","2025-06",,,,,,,
"US1MIIH0045","LANSING 1.0 ENE, MI US","42.714802","-84.534909","260.0","2025-01",,,,,,,
"US1MIIH0045","LANSING 1.0 ENE, MI US","42.714802","-84.534909","260.0","2025-02",,,,,,,
"US1MIIH0045","LANSING 1.0 ENE, MI US","42.714802","-84.534909","260.0","2025-03",,,,,,,
"US1MIIH0045","LANSING 1.0 ENE, MI US","42.714802","-84.534909","260.0","2025-04",,,,,,,
"US1MIIH0045","LANSING 1.0 ENE, MI US","42.714802","-84.534909","260.0","2025-05",,,,,,,
"US1MIIH0045","LANSING 1.0 ENE, MI US","42.714802","-84.534909","260.0","2025-06",,,,,,,
"US1MIEM0005","HARBOR SPRINGS 0.7 ENE, MI US","45.4345","-84.9754","208.5","2025-01",,,,,,,
"US1MIEM0005","HARBOR SPRINGS 0.7 ENE, MI US","45.4345","-84.9754","208.5","2025-02",,,,,,,
"US1MIEM0005","HARBOR SPRINGS 0.7 ENE, MI US","45.4345","-84.9754","208.5","2025-03",,,,,,,
"US1MIEM0005","HARBOR SPRINGS 0.7 ENE, MI US","45.4345","-84.9754","208.5","2025-05",,,,,,,
"US1MIEM0005","HARBOR SPRINGS 0.7 ENE, MI US","45.4345","-84.9754","208.5","2025-06",,,,,,,
"US1MIMS0009","LUDINGTON 5.1 ENE, MI US","43.993193","-86.354052","199.0","2025-05",,,,,,,
"US1MIMS0009","LUDINGTON 5.1 ENE, MI US","43.993193","-86.354052","199.0","2025-06",,,,,,,
"USC00208417","VANDERBILT 11 ENE, MI US","45.1702","-84.4397","275.8","2025-01",,,,,,,
"USC00208417","VANDERBILT 11 ENE, MI US","45.1702","-84.4397","275.8","2025-02",,"-21.7","10.6",,"-7.1","-2.5","-11.7"
"USC00208417","VANDERBILT 11 ENE, MI US","45.1702","-84.4397","275.8","2025-03",,"-16.7","20.0",,"0.2","6.7","-6.3"
"USC00208417","VANDERBILT 11 ENE, MI US","45.1702","-84.4397","275.8","2025-04",,"-11.7","23.3",,"4.6","11.6","-2.5"
"USC00208417","VANDERBILT 11 ENE, MI US","45.1702","-84.4397","275.8","2025-05",,"-4.4","31.7",,"11.2","18.6","3.8"
"USC00208417","VANDERBILT 11 ENE, MI US","45.1702","-84.4397","275.8","2025-06",,"-1.1","35.6",,"18.3","25.9","10.6"
"US1MIMS0008","LUDINGTON 1.8 NE, MI US","43.978821","-86.422785","182.0","2025-01",,,,,,,
"US1MIMS0008","LUDINGTON 1.8 NE, MI US","43.978821","-86.422785","182.0","2025-02",,,,,,,
"US1MIMS0008","LUDINGTON 1.8 NE, MI US","43.978821","-86.422785","182.0","2025-03",,,,,,,
"US1MIMS0008","LUDINGTON 1.8 NE, MI US","43.978821","-86.422785","182.0","2025-06",,,,,,,
"US1MILN0016","CLINTON 0.5 NE, MI US","42.0771","-83.9653","260.0","2025-01",,,,,,,
"US1MILN0016","CLINTON 0.5 NE, MI US","42.0771","-83.9653","260.0","2025-02",,,,,,,
"US1MILN0016","CLINTON 0.5 NE, MI US","42.0771","-83.9653","260.0","2025-03",,,,,,,
"US1MILN0016","CLINTON 0.5 NE, MI US","42.0771","-83.9653","260.0","2025-04",,,,,,,
"US1MILN0016","CLINTON 0.5 NE, MI US","42.0771","-83.9653","260.0","2025-05",,,,,,,
"US1MILN0016","CLINTON 0.5 NE, MI US","42.0771","-83.9653","260.0","2025-06",,,,,,,
"USC00207221","SAGINAW 8 NW, MI US","43.4954","-84.0963","188.4","2025-01",,,,,,,
"USC00207221","SAGINAW 8 NW, MI US","43.4954","-84.0963","188.4","2025-02",,,,,,,
"USC00207221","SAGINAW 8 NW, MI US","43.4954","-84.0963","188.4","2025-03",,,,,,,
"USC00207221","SAGINAW 8 NW, MI US","43.4954","-84.0963","188.4","2025-04",,,,,,,
"USC00207221","SAGINAW 8 NW, MI US","43.4954","-84.0963","188.4","2025-05",,,,,,,
"USC00207221","SAGINAW 8 NW, MI US","43.4954","-84.0963","188.4","2025-06",,,,,,,
"USC00207222","SAGINAW NUMBER 3, MI US","43.4122","-83.9561","182.9","2025-01","0.0","-20.6","7.2","1885.2","-6.3","-2.5","-10.1"
"USC00207222","SAGINAW NUMBER 3, MI US","43.4122","-83.9561","182.9","2025-02","0.0","-18.9","11.1","2549.6","-5.4","-1.1","-9.6"
"USC00207222","SAGINAW NUMBER 3, MI US","43.4122","-83.9561","182.9","2025-03","0.0","-9.4","23.9","3016.3","3.3","9.5","-2.9"
"USC00207222","SAGINAW NUMBER 3, MI US","43.4122","-83.9561","182.9","2025-04","0.0","-5.0","27.2","3326.4","7.6","14.3","1.0"
"USC00207222","SAGINAW NUMBER 3, MI US","43.4122","-83.9561","182.9","2025-05","14.2","0.6","30.0","3484.1","13.6","19.1","8.0"
"USC00207222","SAGINAW NUMBER 3, MI US","43.4122","-83.9561","182.9","2025-06","85.7","4.4","32.8","3502.9","20.2","26.0","14.5"
"US1MISW0005","DURAND 6.2 WNW, MI US","42.9299547","-84.1046428","249.9","2025-01",,,,,,,
"US1MISW0005","DURAND 6.2 WNW, MI US","42.9299547","-84.1046428","249.9","2025-02",,,,,,,
"US1MISW0005","DURAND 6.2 WNW, MI US","42.9299547","-84.1046428","249.9","2025-03",,,,,,,
"US1MISW0005","DURAND 6.2 WNW, MI US","42.9299547","-84.1046428","249.9","2025-04",,,,,,,
"US1MISW0005","DURAND 6.2 WNW, MI US","42.9299547","-84.1046428","249.9","2025-05",,,,,,,
"US1MISW0005","DURAND 6.2 WNW, MI US","42.9299547","-84.1046428","249.9","2025-06",,,,,,,
"USC00206013","NWSFO GRAND RAPIDS, MI US","42.89336","-85.54472","236.2","2025-01","0.0","-21.1","8.3","1907.1","-5.7","-2.3","-9.0"
"USC00206013","NWSFO GRAND RAPIDS, MI US","42.89336","-85.54472","236.2","2025-02","0.0","-16.7","12.2","2477.5","-3.7","-0.4","-6.9"
"USC00206013","NWSFO GRAND RAPIDS, MI US","42.89336","-85.54472","236.2","2025-03",,,,,,,
"USC00206013","NWSFO GRAND RAPIDS, MI US","42.89336","-85.54472","236.2","2025-04",,,"26.7",,,"14.3",
"USC00206012","NW MICHIGAN RESEARCH FARM, MI US","44.883","-85.6752","249.9","2025-01","0.0","-18.3","8.9","1942.1","-6.2","-3.5","-8.8"
"USC00206012","NW MICHIGAN RESEARCH FARM, MI US","44.883","-85.6752","249.9","2025-02","0.0","-15.6","9.4","2613.0","-5.6","-2.8","-8.4"
"USC00206012","NW MICHIGAN RESEARCH FARM, MI US","44.883","-85.6752","249.9","2025-03","0.0","-11.1","21.1","3151.6","1.0","5.3","-3.4"
"USC00206012","NW MICHIGAN RESEARCH FARM, MI US","44.883","-85.6752","249.9","2025-04","0.0","-5.6","25.0","3456.7","6.1","11.7","0.6"
"USC00206012","NW MICHIGAN RESEARCH FARM, MI US","44.883","-85.6752","249.9","2025-05","6.4","-0.6","27.8","3675.1","11.5","16.3","6.7"
"USC00206012","NW MICHIGAN RESEARCH FARM, MI US","44.883","-85.6752","249.9","2025-06","59.5","4.4","33.9","3714.2","18.8","23.9","13.7"
"US1MIIH0057","HASLETT 1.6 ESE, MI US","42.7455172","-84.376009","262.4","2025-05",,,,,,,
"US1MIIH0057","HASLETT 1.6 ESE, MI US","42.7455172","-84.376009","262.4","2025-06",,,,,,,
"US1MIIH0058","LANSING 1.3 WNW, MI US","42.717536","-84.57617","263.7","2025-04",,,,,,,
"US1MIIH0058","LANSING 1.3 WNW, MI US","42.717536","-84.57617","263.7","2025-05",,,,,,,
"USW00054810","CHATHAM 1 SE, MI US","46.3345","-86.92","266.7","2025-01","0.0","-25.4","4.0","2447.5","-8.8","-4.9","-12.7"
"USW00054810","CHATHAM 1 SE, MI US","46.3345","-86.92","266.7","2025-02","0.0","-25.2","10.5","3196.7","-8.4","-3.6","-13.2"
"USW00054810","CHATHAM 1 SE, MI US","46.3345","-86.92","266.7","2025-03","0.0","-15.0","14.7","3822.9","-1.9","3.3","-7.0"
"USW00054810","CHATHAM 1 SE, MI US","46.3345","-86.92","266.7","2025-04","0.0","-18.7","18.7","4299.7","2.4","8.0","-3.1"
"USW00054810","CHATHAM 1 SE, MI US","46.3345","-86.92","266.7","2025-05","3.2","-3.8","28.7","4586.4","9.2","15.9","2.5"
"USW00054810","CHATHAM 1 SE, MI US","46.3345","-86.92","266.7","2025-06","30.5","0.1","32.3","4684.8","16.0","22.4","9.5"
"US1MIMS0010","SCOTTVILLE 2.1 ESE, MI US","43.9336","-86.245","203.3","2025-01",,,,,,,
"US1MIMS0010","SCOTTVILLE 2.1 ESE, MI US","43.9336","-86.245","203.3","2025-02",,,,,,,
"US1MIMS0010","SCOTTVILLE 2.1 ESE, MI US","43.9336","-86.245","203.3","2025-03",,,,,,,
"US1MIMS0010","SCOTTVILLE 2.1 ESE, MI US","43.9336","-86.245","203.3","2025-04",,,,,,,
"US1MIMS0010","SCOTTVILLE 2.1 ESE, MI US","43.9336","-86.245","203.3","2025-05",,,,,,,
"US1MIEM0013","HARBOR SPRINGS 4.8 NW, MI US","45.473702","-85.068963","246.9","2025-05",,,,,,,
"US1MIEM0013","HARBOR SPRINGS 4.8 NW, MI US","45.473702","-85.068963","246.9","2025-06",,,,,,,
"US1MICP0014","SAULT STE. MARIE 2.2 E, MI US","46.489331","-84.319716","182.9","2025-01",,,,,,,
"US1MICP0014","SAULT STE. MARIE 2.2 E, MI US","46.489331","-84.319716","182.9","2025-02",,,,,,,
"US1MICP0014","SAULT STE. MARIE 2.2 E, MI US","46.489331","-84.319716","182.9","2025-03",,,,,,,
"US1MICP0014","SAULT STE. MARIE 2.2 E, MI US","46.489331","-84.319716","182.9","2025-04",,,,,,,
"US1MICP0014","SAULT STE. MARIE 2.2 E, MI US","46.489331","-84.319716","182.9","2025-05",,,,,,,
"US1MICP0014","SAULT STE. MARIE 2.2 E, MI US","46.489331","-84.319716","182.9","2025-06",,,,,,,
"USW00054813","MUNSING LAKESHORE, MI US","46.412036","-86.650452","186.5","2025-01","0.0","-24.3","5.0","2172.4","-7.0","-3.5","-10.5"
"USW00054813","MUNSING LAKESHORE, MI US","46.412036","-86.650452","186.5","2025-02","0.0","-22.1","10.0","2871.2","-6.6","-2.7","-10.6"
"USW00054813","MUNSING LAKESHORE, MI US","46.412036","-86.650452","186.5","2025-03","0.0","-12.7","15.0","3459.8","-0.6","3.7","-5.0"
"USW00054813","MUNSING LAKESHORE, MI US","46.412036","-86.650452","186.5","2025-04","0.0","-13.2","18.3","3915.3","3.1","7.5","-1.2"
"USW00054813","MUNSING LAKESHORE, MI US","46.412036","-86.650452","186.5","2025-05","9.5","-2.7","30.6","4184.6","9.4","14.4","4.4"
"USW00054813","MUNSING LAKESHORE, MI US","46.412036","-86.650452","186.5","2025-06","38.1","0.0","33.9","4280.2","16.1","21.7","10.5"
"US1MIIH0056","EAST LANSING 1.4 NNW, MI US","42.755631","-84.492088","269.4","2025-03",,,,,,,
"US1MIIH0056","EAST LANSING 1.4 NNW, MI US","42.755631","-84.492088","269.4","2025-04",,,,,,,
"US1MIIH0056","EAST LANSING 1.4 NNW, MI US","42.755631","-84.492088","269.4","2025-05",,,,,,,
"US1MIIH0056","EAST LANSING 1.4 NNW, MI US","42.755631","-84.492088","269.4","2025-06",,,,,,,
"USC00203099","GAYLORD 9 SSW, MI US","44.90715","-84.71891","447.4","2025-01","0.0","-20.0","6.1","2265.1","-7.6","-4.3","-10.9"
"USC00203099","GAYLORD 9 SSW, MI US","44.90715","-84.71891","447.4","2025-02","0.0","-15.0","9.4","2968.5","-6.8","-3.4","-10.2"
"USC00203099","GAYLORD 9 SSW, MI US","44.90715","-84.71891","447.4","2025-03","0.0","-14.4","18.9","3513.0","0.2","5.0","-4.6"
"USC00203099","GAYLORD 9 SSW, MI US","44.90715","-84.71891","447.4","2025-04","0.0","-8.9","22.8","3884.7","5.1","10.8","-0.7"
"USC00203099","GAYLORD 9 SSW, MI US","44.90715","-84.71891","447.4","2025-05","7.5","0.0","29.4","4100.5","11.4","16.8","6.0"
"USC00203099","GAYLORD 9 SSW, MI US","44.90715","-84.71891","447.4","2025-06","62.3","2.2","33.9","4147.0","18.6","24.5","12.7"
"USC00206007","NORTHPORT 2 W, MI US","45.1322","-85.6472","227.4","2025-01","0.0","-17.2","8.3","1914.0","-5.2","-2.1","-8.2"
"USC00206007","NORTHPORT 2 W, MI US","45.1322","-85.6472","227.4","2025-02","0.0","-16.7","9.4","2451.8","-4.1","-0.7","-7.4"
"USC00206007","NORTHPORT 2 W, MI US","45.1322","-85.6472","227.4","2025-03",,,,,,,
"USC00206007","NORTHPORT 2 W, MI US","45.1322","-85.6472","227.4","2025-04",,"-7.8","25.0",,"4.9","10.1","-0.3"
"USC00206007","NORTHPORT 2 W, MI US","45.1322","-85.6472","227.4","2025-05",,"-0.6","28.3",,"10.7","15.4","6.0"
"USC00206007","NORTHPORT 2 W, MI US","45.1322","-85.6472","227.4","2025-06",,"2.2","31.1",,"17.8","22.8","12.9"
"USC00201492","CHEBOYGAN, MI US","45.65225","-84.47239","177.4","2025-01","0.0","-20.6","5.6","2099.6","-6.9","-2.9","-10.9"
"USC00201492","CHEBOYGAN, MI US","45.65225","-84.47239","177.4","2025-02","0.0","-20.0","10.6","2790.4","-6.3","-2.0","-10.7"
"USC00201492","CHEBOYGAN, MI US","45.65225","-84.47239","177.4","2025-03","0.0","-15.6","20.6","3375.7","-0.6","4.7","-5.8"
"USC00201492","CHEBOYGAN, MI US","45.65225","-84.47239","177.4","2025-04","0.0","-10.0","23.3","3802.4","4.1","9.4","-1.2"
"USC00201492","CHEBOYGAN, MI US","45.65225","-84.47239","177.4","2025-05","1.9","-1.1","29.4","4040.5","10.7","16.2","5.3"
"USC00201492","CHEBOYGAN, MI US","45.65225","-84.47239","177.4","2025-06","35.8","3.3","33.9","4109.3","17.2","23.0","11.4"
"US1MICP0019","DRUMMOND ISLAND 6.3 SSE, MI US","45.928133","-83.607129","183.8","2025-01",,,,,,,
"US1MICP0019","DRUMMOND ISLAND 6.3 SSE, MI US","45.928133","-83.607129","183.8","2025-05",,,,,,,
"US1MICP0019","DRUMMOND ISLAND 6.3 SSE, MI US","45.928133","-83.607129","183.8","2025-06",,,,,,,
"US1MIOC0002","MONTAGUE 8.1 NW, MI US","43.5","-86.47","224.6","2025-04",,,,,,,
"US1MIOC0002","MONTAGUE 8.1 NW, MI US","43.5","-86.47","224.6","2025-05",,,,,,,
"US1MIOC0002","MONTAGUE 8.1 NW, MI US","43.5","-86.47","224.6","2025-06",,,,,,,
"USW00014853","DETROIT WILLOW RUN AIRPORT, MI US","42.23666","-83.52638","215.7","2025-01","0.0","-19.9","9.4","1774.9","-5.1","-1.0","-9.2"
"USW00014853","DETROIT WILLOW RUN AIRPORT, MI US","42.23666","-83.52638","215.7","2025-02","0.0","-18.2","13.3","2384.6","-3.4","0.7","-7.5"
"USW00014853","DETROIT WILLOW RUN AIRPORT, MI US","42.23666","-83.52638","215.7","2025-03","0.0","-9.9","23.3","2770.0","5.9","12.3","-0.4"
"USW00014853","DETROIT WILLOW RUN AIRPORT, MI US","42.23666","-83.52638","215.7","2025-04","3.9","-5.5","30.6","3023.1","9.7","16.3","3.2"
"USW00014853","DETROIT WILLOW RUN AIRPORT, MI US","42.23666","-83.52638","215.7","2025-05","11.7","1.7","29.4","3139.4","14.5","19.8","9.1"
"USW00014853","DETROIT WILLOW RUN AIRPORT, MI US","42.23666","-83.52638","215.7","2025-06","124.1","5.6","36.1","3146.8","22.2","28.1","16.3"
"US1MIBR0022","BATTLE CREEK 11.7 NNW, MI US","42.462339","-85.288936","299.0","2025-04",,,,,,,
"US1MIBR0022","BATTLE CREEK 11.7 NNW, MI US","42.462339","-85.288936","299.0","2025-05",,,,,,,
"US1MIBR0022","BATTLE CREEK 11.7 NNW, MI US","42.462339","-85.288936","299.0","2025-06",,,,,,,
"US1MICL0005","HARRISON 5.2 ESE, MI US","43.9886536449194","-84.7022844851017","296.9","2025-06",,,,,,,
"USW00014850","TRAVERSE CITY CHERRY CAPITAL AIRPORT, MI US","44.73895","-85.5679","185.2","2025-01","0.0","-19.3","10.0","1894.2","-5.2","-1.4","-8.9"
"USW00014850","TRAVERSE CITY CHERRY CAPITAL AIRPORT, MI US","44.73895","-85.5679","185.2","2025-02","0.0","-19.3","10.6","2537.7","-4.6","-0.9","-8.4"
"USW00014850","TRAVERSE CITY CHERRY CAPITAL AIRPORT, MI US","44.73895","-85.5679","185.2","2025-03","0.0","-9.3","23.9","3015.5","2.9","8.2","-2.3"
"USW00014850","TRAVERSE CITY CHERRY CAPITAL AIRPORT, MI US","44.73895","-85.5679","185.2","2025-04","0.0","-6.6","27.2","3362.7","6.8","13.3","0.2"
"USW00014850","TRAVERSE CITY CHERRY CAPITAL AIRPORT, MI US","44.73895","-85.5679","185.2","2025-05","7.2","-0.5","31.1","3565.6","12.0","17.9","6.1"
"USW00014850","TRAVERSE CITY CHERRY CAPITAL AIRPORT, MI US","44.73895","-85.5679","185.2","2025-06","82.3","1.7","34.4","3599.9","19.7","25.7","13.7"
"US1MICP0017","DAFTER 3.4 SE, MI US","46.32861","-84.37222","215.2","2025-06",,,,,,,
"USW00094889","ANN ARBOR MUNICIPAL AIRPORT, MI US","42.22393","-83.73983","250.6","2025-01","0.0","-21.0","8.3","1968.4","-5.8","-1.7","-10.0"
"USW00094889","ANN ARBOR MUNICIPAL AIRPORT, MI US","42.22393","-83.73983","250.6","2025-02","0.0","-22.7","12.8","2604.1","-4.4","0.2","-9.0"
"USW00094889","ANN ARBOR MUNICIPAL AIRPORT, MI US","42.22393","-83.73983","250.6","2025-03","0.0","-12.1","22.2","3016.5","5.0","11.6","-1.5"
"USW00094889","ANN ARBOR MUNICIPAL AIRPORT, MI US","42.22393","-83.73983","250.6","2025-04","2.5","-7.1","29.4","3301.1","8.9","15.9","1.9"
"USW00094889","ANN ARBOR MUNICIPAL AIRPORT, MI US","42.22393","-83.73983","250.6","2025-05","7.8","1.7","28.3","3453.9","13.6","19.4","7.8"
"USW00094889","ANN ARBOR MUNICIPAL AIRPORT, MI US","42.22393","-83.73983","250.6","2025-06","94.8","1.7","33.9","3473.6","20.6","27.3","13.8"
"US1MIAT0017","ELK RAPIDS 0.6 NE, MI US","44.901961","-85.396062","182.0","2025-06",,,,,,,
"USC00203306","GRAND LEDGE 1 NW, MI US","42.7621","-84.7617","244.1","2025-01",,,,,,,
"USC00203306","GRAND LEDGE 1 NW, MI US","42.7621","-84.7617","244.1","2025-02",,,,,,,
"USC00203306","GRAND LEDGE 1 NW, MI US","42.7621","-84.7617","244.1","2025-03",,,,,,,
"USC00203306","GRAND LEDGE 1 NW, MI US","42.7621","-84.7617","244.1","2025-04",,,,,,,
"USC00203306","GRAND LEDGE 1 NW, MI US","42.7621","-84.7617","244.1","2025-05",,,,,,,
"USC00203306","GRAND LEDGE 1 NW, MI US","42.7621","-84.7617","244.1","2025-06",,,,,,,
"US1MIBR0012","FREEPORT 1.6 S, MI US","42.740322","-85.31609","264.0","2025-06",,,,,,,
"USW00014847","SAULT STE MARIE SANDERSON FIELD, MI US","46.47998","-84.35809","219.8","2025-01","0.0","-23.8","3.3","2169.7","-8.2","-4.2","-12.2"
"USW00014847","SAULT STE MARIE SANDERSON FIELD, MI US","46.47998","-84.35809","219.8","2025-02","0.0","-23.2","7.2","2857.2","-8.0","-3.9","-12.1"
"USW00014847","SAULT STE MARIE SANDERSON FIELD, MI US","46.47998","-84.35809","219.8","2025-03","0.0","-19.9","12.2","3488.0","-2.0","2.6","-6.6"
"USW00014847","SAULT STE MARIE SANDERSON FIELD, MI US","46.47998","-84.35809","219.8","2025-04","0.0","-11.6","20.0","3886.4","3.4","8.0","-1.2"
"USW00014847","SAULT STE MARIE SANDERSON FIELD, MI US","46.47998","-84.35809","219.8","2025-05","2.3","-1.0","27.2","4119.0","10.9","16.9","4.9"
"USW00014847","SAULT STE MARIE SANDERSON FIELD, MI US","46.47998","-84.35809","219.8","2025-06","17.3","1.7","31.1","4202.1","16.1","22.3","9.8"
"USC00203421","GREENLAND 6 N, MI US","46.8736","-89.1006","241.1","2025-01","0.0","-22.2","5.0","2304.4","-8.6","-4.5","-12.7"
"USC00201361","CASS CITY 1 SSW, MI US","43.5861","-83.1805","212.8","2025-01","0.0","-22.8","5.0","1998.7","-7.0","-2.9","-11.1"
"USC00201361","CASS CITY 1 SSW, MI US","43.5861","-83.1805","212.8","2025-02","0.0","-22.2","9.4","2694.2","-6.5","-1.5","-11.6"
"USC00201361","CASS CITY 1 SSW, MI US","43.5861","-83.1805","212.8","2025-03","0.0","-10.6","22.8","3172.6","2.9","9.1","-3.2"
"USC00201361","CASS CITY 1 SSW, MI US","43.5861","-83.1805","212.8","2025-04","0.0","-6.1","28.3","3517.0","6.9","14.2","-0.5"
"USC00201361","CASS CITY 1 SSW, MI US","43.5861","-83.1805","212.8","2025-05","4.1","-1.7","28.3","3724.8","11.8","17.9","5.7"
"USC00201361","CASS CITY 1 SSW, MI US","43.5861","-83.1805","212.8","2025-06","73.3","2.8","34.4","3754.2","19.7","26.3","13.0"
"US1MIBY0009","BAY CITY 4.4 N, MI US","43.652939","-83.895985","182.0","2025-05",,,,,,,
"USC00200032","ADRIAN 2 NNE, MI US","41.91636","-84.01635","231.6","2025-01",,,,,,,
"USC00200032","ADRIAN 2 NNE, MI US","41.91636","-84.01635","231.6","2025-02",,,,,,,
"USC00200032","ADRIAN 2 NNE, MI US","41.91636","-84.01635","231.6","2025-03",,"-10.0","25.6",,"6.7","12.9","0.4"
"USC00200032","ADRIAN 2 NNE, MI US","41.91636","-84.01635","231.6","2025-04",,"-4.4","29.4",,"10.3","16.6","4.0"
"USC00200032","ADRIAN 2 NNE, MI US","41.91636","-84.01635","231.6","2025-05",,"1.7","29.4",,"14.9","20.7","9.1"
"USC00200032","ADRIAN 2 NNE, MI US","41.91636","-84.01635","231.6","2025-06",,"3.3","36.1",,"22.5","28.5","16.4"
"USC00203661","HASTINGS, MI US","42.64208","-85.28819","250.2","2025-01","0.0","-22.2","8.3","1904.6","-5.7","-1.9","-9.4"
"USC00203661","HASTINGS, MI US","42.64208","-85.28819","250.2","2025-02","0.0","-23.3","11.1","2531.2","-4.9","-0.8","-9.0"
"USC00203661","HASTINGS, MI US","42.64208","-85.28819","250.2","2025-03","0.0","-8.9","24.4","2914.0","4.7","11.2","-1.8"
"USC00203661","HASTINGS, MI US","42.64208","-85.28819","250.2","2025-04","0.0","-5.0","28.3","3217.7","7.9","14.9","0.9"
"USC00203661","HASTINGS, MI US","42.64208","-85.28819","250.2","2025-05","7.5","-1.1","28.9","3385.8","12.8","18.8","6.8"
"USC00203661","HASTINGS, MI US","42.64208","-85.28819","250.2","2025-06","95.7","2.8","35.0","3411.3","20.7","27.0","14.3"
"US1MIAT0010","CENTRAL LAKE 2.1 NNE, MI US","45.1001","-85.25348","188.7","2025-06",,,,,,,
"USC00205603","MORENCI, MI US","41.7216","-84.2147","234.7","2025-01","0.0","-21.1","7.8",,"-5.8","-1.7","-9.9"
"USC00205603","MORENCI, MI US","41.7216","-84.2147","234.7","2025-02","0.0","-17.8","12.8",,"-4.0","0.3","-8.3"
"USC00205603","MORENCI, MI US","41.7216","-84.2147","234.7","2025-03","0.0","-11.1","24.4",,"5.4","12.0","-1.3"
"USC00205603","MORENCI, MI US","41.7216","-84.2147","234.7","2025-04","3.1","-6.1","28.9",,"8.8","15.5","2.1"
"USC00205603","MORENCI, MI US","41.7216","-84.2147","234.7","2025-05","13.1","1.7","29.4",,"14.0","19.5","8.5"
"USC00205603","MORENCI, MI US","41.7216","-84.2147","234.7","2025-06","132.8","4.4","35.0",,"21.6","27.4","15.9"
"USC00201486","CHATHAM EXPERIMENT FARM 2, MI US","46.3414","-86.9242","265.2","2025-01","0.0","-27.8","5.0","2525.3","-9.7","-4.6","-14.8"
"USC00201486","CHATHAM EXPERIMENT FARM 2, MI US","46.3414","-86.9242","265.2","2025-02","0.0","-26.7","11.7","3283.5","-8.7","-3.1","-14.4"
"USC00201486","CHATHAM EXPERIMENT FARM 2, MI US","46.3414","-86.9242","265.2","2025-03","0.0","-16.1","15.0","3925.9","-2.4","3.8","-8.6"
"USC00201486","CHATHAM EXPERIMENT FARM 2, MI US","46.3414","-86.9242","265.2","2025-04","0.0","-21.1","17.8","4417.8","1.9","8.4","-4.5"
"USC00201486","CHATHAM EXPERIMENT FARM 2, MI US","46.3414","-86.9242","265.2","2025-05","0.6","-6.7","28.9","4707.5","9.0","16.5","1.5"
"USC00201486","CHATHAM EXPERIMENT FARM 2, MI US","46.3414","-86.9242","265.2","2025-06","28.4","-0.6","33.3","4816.5","15.6","23.1","8.1"
"US1MIAT0013","CENTRAL LAKE 2.4 ENE, MI US","45.08374","-85.218401","257.3","2025-05",,,,,,,
"US1MIAT0013","CENTRAL LAKE 2.4 ENE, MI US","45.08374","-85.218401","257.3","2025-06",,,,,,,
"US1MIRS0011","ROSCOMMON 4.2 WSW, MI US","44.47873","-84.67265","359.4","2025-06",,,,,,,
"US1MIAT0014","ELK RAPIDS 0.6 NW, MI US","44.9006","-85.413","179.8","2025-01",,,,,,,
"US1MIAT0014","ELK RAPIDS 0.6 NW, MI US","44.9006","-85.413","179.8","2025-02",,,,,,,
"US1MIAT0014","ELK RAPIDS 0.6 NW, MI US","44.9006","-85.413","179.8","2025-03",,,,,,,
"US1MIAT0014","ELK RAPIDS 0.6 NW, MI US","44.9006","-85.413","179.8","2025-04",,,,,,,
"US1MIAT0014","ELK RAPIDS 0.6 NW, MI US","44.9006","-85.413","179.8","2025-05",,,,,,,
"US1MIAT0014","ELK RAPIDS 0.6 NW, MI US","44.9006","-85.413","179.8","2025-06",,,,,,,
"USW00094893","IRON MOUNTAIN FORD AIRPORT, MI US","45.81339","-88.11292","343.2","2025-01","0.0","-28.8","6.7","2434.8","-9.8","-4.9","-14.6"
"USW00094893","IRON MOUNTAIN FORD AIRPORT, MI US","45.81339","-88.11292","343.2","2025-02","0.0","-27.1","11.1","3193.0","-8.7","-3.0","-14.5"
"USW00094893","IRON MOUNTAIN FORD AIRPORT, MI US","45.81339","-88.11292","343.2","2025-03","0.0","-17.7","16.7","3779.4","-0.6","5.5","-6.7"
"USW00094893","IRON MOUNTAIN FORD AIRPORT, MI US","45.81339","-88.11292","343.2","2025-04","0.0","-13.8","22.2","4200.7","4.3","10.8","-2.2"
"USW00094893","IRON MOUNTAIN FORD AIRPORT, MI US","45.81339","-88.11292","343.2","2025-05","3.1","-2.1","30.6","4402.7","11.9","19.8","4.0"
"USW00094893","IRON MOUNTAIN FORD AIRPORT, MI US","45.81339","-88.11292","343.2","2025-06","54.8","-1.6","36.1","4455.2","18.3","24.7","11.9"
"USW00094898","PORT HOPE, MI US","44.021772","-82.792932","180.0","2025-01","0.0","-18.9","5.0",,"-4.9","-1.7","-8.2"
"USW00094898","PORT HOPE, MI US","44.021772","-82.792932","180.0","2025-02","0.0","-18.2","8.3",,"-4.3","-1.1","-7.5"
"USW00094898","PORT HOPE, MI US","44.021772","-82.792932","180.0","2025-03","0.0","-9.9","23.9",,"3.4","8.2","-1.4"
"USW00094898","PORT HOPE, MI US","44.021772","-82.792932","180.0","2025-04","0.0","-4.9","28.9",,"7.4","12.0","2.8"
"USW00094898","PORT HOPE, MI US","44.021772","-82.792932","180.0","2025-05","1.7","3.9","27.8",,"10.8","14.1","7.4"
"USW00094898","PORT HOPE, MI US","44.021772","-82.792932","180.0","2025-06","66.0","6.1","34.4",,"18.7","23.2","14.2"
"USW00094899","COPPER HARBOR, MI US","47.467386","-87.875032","185.0","2025-01","0.0","-21.0","5.0","2014.1","-6.9","-3.9","-9.8"
"USW00094899","COPPER HARBOR, MI US","47.467386","-87.875032","185.0","2025-02","0.0","-14.9","8.3","2695.4","-6.0","-3.0","-9.0"
"USW00094899","COPPER HARBOR, MI US","47.467386","-87.875032","185.0","2025-03","0.0","-13.8","14.4","3295.2","-1.0","2.8","-4.9"
"USW00094899","COPPER HARBOR, MI US","47.467386","-87.875032","185.0","2025-04","0.0","-12.1","15.0","3752.8","3.1","6.7","-0.5"
"USW00094899","COPPER HARBOR, MI US","47.467386","-87.875032","185.0","2025-05","3.6","0.6","27.8","4008.2","10.2","15.1","5.3"
"USW00094899","COPPER HARBOR, MI US","47.467386","-87.875032","185.0","2025-06","12.3","3.9","28.9","4126.0","14.7","20.6","8.8"
"US1MIMN0011","BRETHREN 1.0 E, MI US","44.301813","-86.0014154","223.7","2025-06",,,,,,,
"US1MIBY0012","BAY CITY 0.9 NE, MI US","43.597574","-83.873195","180.7","2025-01",,,,,,,
"US1MIBY0012","BAY CITY 0.9 NE, MI US","43.597574","-83.873195","180.7","2025-02",,,,,,,
"US1MIBY0012","BAY CITY 0.9 NE, MI US","43.597574","-83.873195","180.7","2025-03",,,,,,,
"US1MIBY0012","BAY CITY 0.9 NE, MI US","43.597574","-83.873195","180.7","2025-04",,,,,,,
"US1MIBY0012","BAY CITY 0.9 NE, MI US","43.597574","-83.873195","180.7","2025-06",,,,,,,
"US1MIIH0032","WILLIAMSTON 4.0 ESE, MI US","42.6585884094238","-84.2163162231445","271.3","2025-01",,,,,,,
"US1MIIH0032","WILLIAMSTON 4.0 ESE, MI US","42.6585884094238","-84.2163162231445","271.3","2025-02",,,,,,,
"US1MIIH0032","WILLIAMSTON 4.0 ESE, MI US","42.6585884094238","-84.2163162231445","271.3","2025-03",,,,,,,
"US1MIIH0032","WILLIAMSTON 4.0 ESE, MI US","42.6585884094238","-84.2163162231445","271.3","2025-04",,,,,,,
"US1MIIH0032","WILLIAMSTON 4.0 ESE, MI US","42.6585884094238","-84.2163162231445","271.3","2025-05",,,,,,,
"US1MIIH0032","WILLIAMSTON 4.0 ESE, MI US","42.6585884094238","-84.2163162231445","271.3","2025-06",,,,,,,
"USW00014858","HANCOCK HOUGHTON CO AIRPORT, MI US","47.16594","-88.48076","323.9","2025-01","0.0","-24.3","5.0","2288.2","-8.4","-5.2","-11.6"
"USW00014858","HANCOCK HOUGHTON CO AIRPORT, MI US","47.16594","-88.48076","323.9","2025-02","0.0","-24.9","7.8","3028.4","-8.1","-4.2","-12.0"
"USW00014858","HANCOCK HOUGHTON CO AIRPORT, MI US","47.16594","-88.48076","323.9","2025-03","0.0","-21.0","16.1","3651.6","-1.8","3.1","-6.6"
"USW00014858","HANCOCK HOUGHTON CO AIRPORT, MI US","47.16594","-88.48076","323.9","2025-04","0.0","-16.6","17.8","4126.5","2.5","7.4","-2.4"
"USW00014858","HANCOCK HOUGHTON CO AIRPORT, MI US","47.16594","-88.48076","323.9","2025-05","10.3","-1.6","31.7","4353.1","11.4","17.7","5.0"
"USW00014858","HANCOCK HOUGHTON CO AIRPORT, MI US","47.16594","-88.48076","323.9","2025-06","38.7","2.8","30.6","4442.6","16.3","22.4","10.2"
"US1MIKK0005","KALKASKA 1.5 WNW, MI US","44.74593","-85.20612","306.0","2025-04",,,,,,,
"US1MIKK0005","KALKASKA 1.5 WNW, MI US","44.74593","-85.20612","306.0","2025-05",,,,,,,
"US1MIKK0005","KALKASKA 1.5 WNW, MI US","44.74593","-85.20612","306.0","2025-06",,,,,,,
"US1MION0004","ONTONAGON 1.8 ESE, MI US","46.85396","-89.28143","216.1","2025-01",,,,,,,
"US1MION0004","ONTONAGON 1.8 ESE, MI US","46.85396","-89.28143","216.1","2025-02",,,,,,,
"US1MION0004","ONTONAGON 1.8 ESE, MI US","46.85396","-89.28143","216.1","2025-03",,,,,,,
"US1MION0004","ONTONAGON 1.8 ESE, MI US","46.85396","-89.28143","216.1","2025-04",,,,,,,
"US1MION0004","ONTONAGON 1.8 ESE, MI US","46.85396","-89.28143","216.1","2025-05",,,,,,,
"US1MION0004","ONTONAGON 1.8 ESE, MI US","46.85396","-89.28143","216.1","2025-06",,,,,,,
"US1MIBR0009","PLAINWELL 5.4 E, MI US","42.450664","-85.537907","278.3","2025-05",,,,,,,
"US1MIBR0009","PLAINWELL 5.4 E, MI US","42.450664","-85.537907","278.3","2025-06",,,,,,,
"US1MION0006","WHITE PINE 0.4 SSW, MI US","46.747392","-89.587074","275.8","2025-01",,,,,,,
"US1MION0006","WHITE PINE 0.4 SSW, MI US","46.747392","-89.587074","275.8","2025-02",,,,,,,
"US1MION0006","WHITE PINE 0.4 SSW, MI US","46.747392","-89.587074","275.8","2025-03",,,,,,,
"US1MIBY0013","ESSEXVILLE 2.0 ESE, MI US","43.6016594","-83.805072","179.5","2025-04",,,,,,,
"US1MIBY0013","ESSEXVILLE 2.0 ESE, MI US","43.6016594","-83.805072","179.5","2025-05",,,,,,,
"US1MIBY0013","ESSEXVILLE 2.0 ESE, MI US","43.6016594","-83.805072","179.5","2025-06",,,,,,,
"US1MIKK0004","RAPID CITY 2.2 WNW, MI US","44.84873","-85.32284","180.4","2025-05",,,,,,,
"US1MIKK0004","RAPID CITY 2.2 WNW, MI US","44.84873","-85.32284","180.4","2025-06",,,,,,,
"USC00201150","BURTON 4 N, MI US","43.0675","-83.5919","230.7","2025-01","0.0","-21.1","8.9","1922.4","-6.6","-2.5","-10.6"
"USC00201150","BURTON 4 N, MI US","43.0675","-83.5919","230.7","2025-02","0.0","-18.3","12.8","2583.7","-5.3","-0.9","-9.7"
"USC00201150","BURTON 4 N, MI US","43.0675","-83.5919","230.7","2025-03","0.0","-9.4","22.8","3000.9","3.4","10.3","-3.4"
"USC00201150","BURTON 4 N, MI US","43.0675","-83.5919","230.7","2025-04","0.3","-7.2","28.3","3299.3","7.0","14.1","-0.2"
"USC00201150","BURTON 4 N, MI US","43.0675","-83.5919","230.7","2025-05","5.6","-1.7","28.9","3457.5","12.4","19.4","5.5"
"USC00201150","BURTON 4 N, MI US","43.0675","-83.5919","230.7","2025-06",,,,,,,
"US1MIIS0011","MOUNT PLEASANT 7.0 ENE, MI US","43.63176","-84.64773","221.3","2025-01",,,,,,,
"US1MIIS0011","MOUNT PLEASANT 7.0 ENE, MI US","43.63176","-84.64773","221.3","2025-02",,,,,,,
"US1MIIS0011","MOUNT PLEASANT 7.0 ENE, MI US","43.63176","-84.64773","221.3","2025-03",,,,,,,
"US1MIIS0011","MOUNT PLEASANT 7.0 ENE, MI US","43.63176","-84.64773","221.3","2025-04",,,,,,,
"US1MIIS0011","MOUNT PLEASANT 7.0 ENE, MI US","43.63176","-84.64773","221.3","2025-05",,,,,,,
"US1MIIS0011","MOUNT PLEASANT 7.0 ENE, MI US","43.63176","-84.64773","221.3","2025-06",,,,,,,
"US1MIIH0007","OKEMOS 0.6 ESE, MI US","42.706048","-84.402269","270.4","2025-05",,,,,,,
"US1MIIS0008","MOUNT PLEASANT 1.4 NE, MI US","43.609318","-84.755331","233.2","2025-01",,,,,,,
"US1MIIS0008","MOUNT PLEASANT 1.4 NE, MI US","43.609318","-84.755331","233.2","2025-02",,,,,,,
"US1MIIS0008","MOUNT PLEASANT 1.4 NE, MI US","43.609318","-84.755331","233.2","2025-03",,,,,,,
"US1MIIS0008","MOUNT PLEASANT 1.4 NE, MI US","43.609318","-84.755331","233.2","2025-04",,,,,,,
"US1MIIS0008","MOUNT PLEASANT 1.4 NE, MI US","43.609318","-84.755331","233.2","2025-05",,,,,,,
"US1MIIS0008","MOUNT PLEASANT 1.4 NE, MI US","43.609318","-84.755331","233.2","2025-06",,,,,,,
"USC00204659","LAPEER 2 W, MI US","43.05733","-83.36032","255.1","2025-01","0.0","-21.7","7.2","1966.4","-6.6","-3.1","-10.2"
"USC00204659","LAPEER 2 W, MI US","43.05733","-83.36032","255.1","2025-02","0.0","-18.3","10.6","2621.5","-5.1","-1.3","-8.9"
"USC00204659","LAPEER 2 W, MI US","43.05733","-83.36032","255.1","2025-03","0.0","-10.0","22.8","3056.8","4.0","9.9","-2.0"
"USC00204659","LAPEER 2 W, MI US","43.05733","-83.36032","255.1","2025-04","0.3","-7.2","27.8","3360.8","8.1","14.5","1.6"
"USC00204659","LAPEER 2 W, MI US","43.05733","-83.36032","255.1","2025-05","11.7","-1.1","30.0","3535.3","13.1","18.7","7.4"
"USC00204659","LAPEER 2 W, MI US","43.05733","-83.36032","255.1","2025-06","113.1","3.3","36.1","3557.8","21.0","27.4","14.5"
"US1MIIS0007","MOUNT PLEASANT 3.8 ESE, MI US","43.5786","-84.7072","232.6","2025-04",,,,,,,
"US1MIIS0007","MOUNT PLEASANT 3.8 ESE, MI US","43.5786","-84.7072","232.6","2025-05",,,,,,,
"US1MIIS0007","MOUNT PLEASANT 3.8 ESE, MI US","43.5786","-84.7072","232.6","2025-06",,,,,,,
"US1MIMD0010","MIDLAND 1.5 NNE, MI US","43.644126","-84.217296","199.0","2025-01",,,,,,,
"US1MIMD0010","MIDLAND 1.5 NNE, MI US","43.644126","-84.217296","199.0","2025-02",,,,,,,
"US1MIMD0010","MIDLAND 1.5 NNE, MI US","43.644126","-84.217296","199.0","2025-03",,,,,,,
"US1MIMD0010","MIDLAND 1.5 NNE, MI US","43.644126","-84.217296","199.0","2025-04",,,,,,,
"US1MIMD0010","MIDLAND 1.5 NNE, MI US","43.644126","-84.217296","199.0","2025-05",,,,,,,
"US1MIMD0010","MIDLAND 1.5 NNE, MI US","43.644126","-84.217296","199.0","2025-06",,,,,,,
"US1MIMK0001","LAKE CITY 5.0 SSW, MI US","44.265899","-85.255264","374.3","2025-01",,,,,,,
"US1MIMK0001","LAKE CITY 5.0 SSW, MI US","44.265899","-85.255264","374.3","2025-02",,,,,,,
"US1MIMK0001","LAKE CITY 5.0 SSW, MI US","44.265899","-85.255264","374.3","2025-03",,,,,,,
"US1MIMK0001","LAKE CITY 5.0 SSW, MI US","44.265899","-85.255264","374.3","2025-04",,,,,,,
"US1MIMK0001","LAKE CITY 5.0 SSW, MI US","44.265899","-85.255264","374.3","2025-05",,,,,,,
"US1MIMK0001","LAKE CITY 5.0 SSW, MI US","44.265899","-85.255264","374.3","2025-06",,,,,,,
"US1MIMD0016","MIDLAND 1.5 NE, MI US","43.637131","-84.206439","203.3","2025-04",,,,,,,
"US1MIMD0016","MIDLAND 1.5 NE, MI US","43.637131","-84.206439","203.3","2025-05",,,,,,,
"US1MIMD0016","MIDLAND 1.5 NE, MI US","43.637131","-84.206439","203.3","2025-06",,,,,,,
"US1MIMD0015","MIDLAND 4.4 SW, MI US","43.570974","-84.27807","190.8","2025-02",,,,,,,
"US1MIMD0015","MIDLAND 4.4 SW, MI US","43.570974","-84.27807","190.8","2025-03",,,,,,,
"US1MIMD0015","MIDLAND 4.4 SW, MI US","43.570974","-84.27807","190.8","2025-04",,,,,,,
"US1MIMD0015","MIDLAND 4.4 SW, MI US","43.570974","-84.27807","190.8","2025-05",,,,,,,
"US1MIMD0015","MIDLAND 4.4 SW, MI US","43.570974","-84.27807","190.8","2025-06",,,,,,,
"USC00202598","ENGADINE MDOT, MI US","46.128","-85.5696","208.8","2025-01","0.0","-25.0","3.3","2349.9","-8.8","-4.4","-13.1"
"USC00202598","ENGADINE MDOT, MI US","46.128","-85.5696","208.8","2025-02","0.0","-18.3","11.1","3079.6","-7.7","-3.1","-12.4"
"USC00202598","ENGADINE MDOT, MI US","46.128","-85.5696","208.8","2025-03","0.0","-16.1","12.8","3707.3","-1.9","2.8","-6.6"
"USC00202598","ENGADINE MDOT, MI US","46.128","-85.5696","208.8","2025-04","0.0","-13.9","17.2","4174.6","2.8","8.1","-2.6"
"USC00202598","ENGADINE MDOT, MI US","46.128","-85.5696","208.8","2025-05","0.3","-2.2","26.1","4419.9","10.4","16.8","4.1"
"USC00202598","ENGADINE MDOT, MI US","46.128","-85.5696","208.8","2025-06","21.8","2.2","28.9","4495.2","16.5","22.3","10.8"
"USC00204655","LAPEER WWTP, MI US","43.0608","-83.3074","249.9","2025-01","0.0","-20.6","7.2","1938.6","-6.2","-2.4","-10.0"
"USC00204655","LAPEER WWTP, MI US","43.0608","-83.3074","249.9","2025-02","0.0","-18.3","11.7","2596.3","-5.2","-0.9","-9.4"
"USC00204655","LAPEER WWTP, MI US","43.0608","-83.3074","249.9","2025-03","0.0","-9.4","25.6","3042.6","3.9","10.5","-2.6"
"USC00204655","LAPEER WWTP, MI US","43.0608","-83.3074","249.9","2025-04","0.9","-5.0","28.9","3328.1","8.4","15.5","1.3"
"USC00204655","LAPEER WWTP, MI US","43.0608","-83.3074","249.9","2025-05","8.6","0.6","28.9","3496.8","13.1","19.1","7.2"
"USC00204655","LAPEER WWTP, MI US","43.0608","-83.3074","249.9","2025-06","105.6","4.4","35.0","3517.6","20.9","27.1","14.6"
"USC00202250","DOWAGIAC 1 W, MI US","41.9856","-86.132","225.6","2025-01","0.0","-21.7","7.8","1921.3","-6.1","-2.3","-10.0"
"USC00202250","DOWAGIAC 1 W, MI US","41.9856","-86.132","225.6","2025-02","0.0","-17.2","9.4","2551.7","-4.2","-0.3","-8.1"
"USC00202250","DOWAGIAC 1 W, MI US","41.9856","-86.132","225.6","2025-03","0.0","-8.3","24.4","2970.9","4.8","11.1","-1.4"
"USC00202250","DOWAGIAC 1 W, MI US","41.9856","-86.132","225.6","2025-04","1.1","-5.6","27.2","3277.1","8.2","14.6","1.8"
"USC00202250","DOWAGIAC 1 W, MI US","41.9856","-86.132","225.6","2025-05","13.8","0.0","30.6","3439.4","13.5","19.8","7.2"
"USC00202250","DOWAGIAC 1 W, MI US","41.9856","-86.132","225.6","2025-06","126.8","1.7","33.9","3465.3","21.2","27.1","15.4"
"USW00004839","HOLLAND TULIP CITY AIRPORT, MI US","42.74634","-86.09677","206.5","2025-01","0.0","-19.9","8.9","1787.2","-4.1","-0.8","-7.4"
"USW00004839","HOLLAND TULIP CITY AIRPORT, MI US","42.74634","-86.09677","206.5","2025-02","0.0","-12.7","10.0","2388.7","-3.1","0.0","-6.3"
"USW00004839","HOLLAND TULIP CITY AIRPORT, MI US","42.74634","-86.09677","206.5","2025-03","0.0","-6.0","25.6","2787.4","5.5","11.1","-0.2"
"USW00004839","HOLLAND TULIP CITY AIRPORT, MI US","42.74634","-86.09677","206.5","2025-04","0.0","-3.2","26.1","3070.3","8.9","14.9","2.9"
"USW00004839","HOLLAND TULIP CITY AIRPORT, MI US","42.74634","-86.09677","206.5","2025-05","11.2","1.1","30.6","3235.2","13.4","18.9","7.8"
"USW00004839","HOLLAND TULIP CITY AIRPORT, MI US","42.74634","-86.09677","206.5","2025-06","126.2","2.2","34.4","3252.1","21.6","27.5","15.7"
"US1MIIS0005","SHEPHERD 3.7 SSE, MI US","43.47427","-84.66728","238.4","2025-01",,,,,,,
"US1MIIS0005","SHEPHERD 3.7 SSE, MI US","43.47427","-84.66728","238.4","2025-02",,,,,,,
"US1MIIS0005","SHEPHERD 3.7 SSE, MI US","43.47427","-84.66728","238.4","2025-03",,,,,,,
"US1MIIS0005","SHEPHERD 3.7 SSE, MI US","43.47427","-84.66728","238.4","2025-04",,,,,,,
"US1MIIS0005","SHEPHERD 3.7 SSE, MI US","43.47427","-84.66728","238.4","2025-05",,,,,,,
"US1MIIS0005","SHEPHERD 3.7 SSE, MI US","43.47427","-84.66728","238.4","2025-06",,,,,,,
"US1MIBG0003","THREE LAKES, MI US","46.5573","-88.2077","496.5","2025-01",,,,,,,
"US1MIBG0003","THREE LAKES, MI US","46.5573","-88.2077","496.5","2025-02",,,,,,,
"US1MIBG0003","THREE LAKES, MI US","46.5573","-88.2077","496.5","2025-03",,,,,,,
"US1MIBG0003","THREE LAKES, MI US","46.5573","-88.2077","496.5","2025-04",,,,,,,
"US1MIBG0003","THREE LAKES, MI US","46.5573","-88.2077","496.5","2025-05",,,,,,,
"US1MIBG0003","THREE LAKES, MI US","46.5573","-88.2077","496.5","2025-06",,,,,,,
"US1MIAT0009","BELLAIRE 3.2 N, MI US","45.0216","-85.2114","185.3","2025-04",,,,,,,
"US1MIAT0009","BELLAIRE 3.2 N, MI US","45.0216","-85.2114","185.3","2025-06",,,,,,,
"US1MIAT0006","MANCELONA 0.5 ESE, MI US","44.8998127877712","-85.0509964674711","348.4","2025-01",,,,,,,
"US1MIAT0006","MANCELONA 0.5 ESE, MI US","44.8998127877712","-85.0509964674711","348.4","2025-02",,,,,,,
"US1MIAT0006","MANCELONA 0.5 ESE, MI US","44.8998127877712","-85.0509964674711","348.4","2025-03",,,,,,,
"US1MIAT0006","MANCELONA 0.5 ESE, MI US","44.8998127877712","-85.0509964674711","348.4","2025-04",,,,,,,
"US1MIAT0006","MANCELONA 0.5 ESE, MI US","44.8998127877712","-85.0509964674711","348.4","2025-05",,,,,,,
"US1MIAT0006","MANCELONA 0.5 ESE, MI US","44.8998127877712","-85.0509964674711","348.4","2025-06",,,,,,,
"US1MIOW0060","JENISON 0.8 W, MI US","42.9098002","-85.8449935","207.0","2025-01",,,,,,,
"USC00207812","STAMBAUGH 2 SSE, MI US","46.0555","-88.6275","442.0","2025-01","0.0","-34.4","5.6","2818.6","-12.4","-6.8","-17.9"
"USC00207812","STAMBAUGH 2 SSE, MI US","46.0555","-88.6275","442.0","2025-02","0.0","-31.7","10.0","3655.8","-11.6","-4.4","-18.7"
"USC00207812","STAMBAUGH 2 SSE, MI US","46.0555","-88.6275","442.0","2025-03","0.0","-23.3","16.7","4308.1","-2.7","4.5","-9.9"
"USC00207812","STAMBAUGH 2 SSE, MI US","46.0555","-88.6275","442.0","2025-04","0.0","-21.1","21.1","4813.0","1.5","8.6","-5.6"
"USC00207812","STAMBAUGH 2 SSE, MI US","46.0555","-88.6275","442.0","2025-05","0.3","-4.4","29.4","5054.9","10.5","18.6","2.5"
"USC00207812","STAMBAUGH 2 SSE, MI US","46.0555","-88.6275","442.0","2025-06","27.0","-1.7","32.8","5156.8","15.8","22.3","9.4"
"USC00206840","RAPID RIVER 4 SSE, MI US","45.8727","-86.9496","182.3","2025-02",,,,,,,
"USC00206840","RAPID RIVER 4 SSE, MI US","45.8727","-86.9496","182.3","2025-06",,"0.0","32.2",,"17.7","23.6","11.8"
"USC00203331","GRANDVILLE 1 SW, MI US","42.8971","-85.7794","188.4","2025-01","0.0","-20.6","9.4","1880.9","-5.1","-1.8","-8.4"
"USC00203331","GRANDVILLE 1 SW, MI US","42.8971","-85.7794","188.4","2025-02","0.0","-20.0","10.0","2514.2","-4.3","-0.4","-8.2"
"USC00203331","GRANDVILLE 1 SW, MI US","42.8971","-85.7794","188.4","2025-03","0.0","-7.8","25.0","2941.6","4.6","11.1","-1.9"
"USC00203331","GRANDVILLE 1 SW, MI US","42.8971","-85.7794","188.4","2025-04","0.3","-5.0","27.2","3246.4","8.2","14.8","1.6"
"USC00203331","GRANDVILLE 1 SW, MI US","42.8971","-85.7794","188.4","2025-05","9.8","1.1","30.0","3397.7","13.8","19.9","7.7"
"USC00203331","GRANDVILLE 1 SW, MI US","42.8971","-85.7794","188.4","2025-06","124.8","3.9","35.0","3419.4","21.4","27.4","15.5"
"USC00204425","K.I. SAWYER WWTP, MI US","46.3341","-87.3779","340.2","2025-01","0.0","-25.6","2.8","2350.9","-8.3","-4.4","-12.2"
"USC00204425","K.I. SAWYER WWTP, MI US","46.3341","-87.3779","340.2","2025-02","0.0","-22.2","8.3","3071.7","-7.4","-2.3","-12.5"
"USC00204425","K.I. SAWYER WWTP, MI US","46.3341","-87.3779","340.2","2025-03","0.0","-16.7","15.0","3680.2","-1.3","3.8","-6.4"
"USC00204425","K.I. SAWYER WWTP, MI US","46.3341","-87.3779","340.2","2025-04","0.0","-13.3","18.3","4094.9","3.5","8.7","-1.6"
"USC00204425","K.I. SAWYER WWTP, MI US","46.3341","-87.3779","340.2","2025-05","3.3","-1.7","29.4","4319.2","11.2","17.3","5.1"
"USC00204425","K.I. SAWYER WWTP, MI US","46.3341","-87.3779","340.2","2025-06","53.4","1.7","34.4","4388.4","17.7","23.8","11.6"
"US1MIOW0064","COOPERSVILLE 5.1 WSW, MI US","43.0405563","-86.0288353","194.8","2025-01",,,,,,,
"US1MIOW0064","COOPERSVILLE 5.1 WSW, MI US","43.0405563","-86.0288353","194.8","2025-02",,,,,,,
"US1MIOW0064","COOPERSVILLE 5.1 WSW, MI US","43.0405563","-86.0288353","194.8","2025-03",,,,,,,
"US1MIOW0064","COOPERSVILLE 5.1 WSW, MI US","43.0405563","-86.0288353","194.8","2025-04",,,,,,,
"US1MIOW0064","COOPERSVILLE 5.1 WSW, MI US","43.0405563","-86.0288353","194.8","2025-05",,,,,,,
"US1MIOW0064","COOPERSVILLE 5.1 WSW, MI US","43.0405563","-86.0288353","194.8","2025-06",,,,,,,
"USC00204668","CALUMET TAMARACK, MI US","47.24559","-88.46793","377.6","2025-01",,,,,,,
"USC00204668","CALUMET TAMARACK, MI US","47.24559","-88.46793","377.6","2025-02",,,,,,,
"USC00204668","CALUMET TAMARACK, MI US","47.24559","-88.46793","377.6","2025-03",,,,,,,
"USC00204668","CALUMET TAMARACK, MI US","47.24559","-88.46793","377.6","2025-04",,,,,,,
"USC00204668","CALUMET TAMARACK, MI US","47.24559","-88.46793","377.6","2025-05",,,,,,,
"USC00204668","CALUMET TAMARACK, MI US","47.24559","-88.46793","377.6","2025-06",,,,,,,
"US1MIOW0063","WALKER 5.1 W, MI US","42.987331","-85.848535","230.1","2025-01",,,,,,,
"US1MIOW0063","WALKER 5.1 W, MI US","42.987331","-85.848535","230.1","2025-02",,,,,,,
"US1MIOW0063","WALKER 5.1 W, MI US","42.987331","-85.848535","230.1","2025-03",,,,,,,
"US1MIOW0063","WALKER 5.1 W, MI US","42.987331","-85.848535","230.1","2025-04",,,,,,,
"US1MIOW0063","WALKER 5.1 W, MI US","42.987331","-85.848535","230.1","2025-05",,,,,,,
"US1MIOW0063","WALKER 5.1 W, MI US","42.987331","-85.848535","230.1","2025-06",,,,,,,
"US1MIOW0066","GRAND HAVEN 1.1 E, MI US","43.0571","-86.2028","185.0","2025-05",,,,,,,
"US1MIOW0066","GRAND HAVEN 1.1 E, MI US","43.0571","-86.2028","185.0","2025-06",,,,,,,
"USW00094847","DETROIT METRO AIRPORT, MI US","42.23113","-83.33121","191.9","2025-01","0.0","-19.3","7.8","1741.2","-4.9","-1.1","-8.7"
"USW00094847","DETROIT METRO AIRPORT, MI US","42.23113","-83.33121","191.9","2025-02","0.0","-17.7","13.3","2344.4","-3.2","0.5","-6.9"
"USW00094847","DETROIT METRO AIRPORT, MI US","42.23113","-83.33121","191.9","2025-03","0.0","-9.3","23.3","2719.1","6.3","12.3","0.2"
"USW00094847","DETROIT METRO AIRPORT, MI US","42.23113","-83.33121","191.9","2025-04","4.1","-4.9","30.0","2965.3","10.3","16.4","4.1"
"USW00094847","DETROIT METRO AIRPORT, MI US","42.23113","-83.33121","191.9","2025-05","13.0","2.2","28.3","3093.5","14.5","19.5","9.4"
"USW00094847","DETROIT METRO AIRPORT, MI US","42.23113","-83.33121","191.9","2025-06","141.1","5.6","35.0","3102.4","22.3","27.8","16.8"
"USW00094849","ALPENA CO REGIONAL AIRPORT, MI US","45.0716","-83.56451","208.3","2025-01","0.0","-21.0","4.4","2098.9","-7.2","-2.8","-11.6"
"USW00094849","ALPENA CO REGIONAL AIRPORT, MI US","45.0716","-83.56451","208.3","2025-02","0.0","-22.1","12.2","2783.7","-6.1","-1.9","-10.4"
"USW00094849","ALPENA CO REGIONAL AIRPORT, MI US","45.0716","-83.56451","208.3","2025-03","0.0","-13.8","22.2","3285.3","1.0","6.9","-4.9"
"USW00094849","ALPENA CO REGIONAL AIRPORT, MI US","45.0716","-83.56451","208.3","2025-04","0.0","-9.9","26.7","3614.6","6.1","12.6","-0.3"
"USW00094849","ALPENA CO REGIONAL AIRPORT, MI US","45.0716","-83.56451","208.3","2025-05","3.1","-1.6","28.9","3834.2","11.4","17.1","5.6"
"USW00094849","ALPENA CO REGIONAL AIRPORT, MI US","45.0716","-83.56451","208.3","2025-06","54.9","1.1","36.1","3887.5","18.3","25.3","11.2"
"USC00202381","EAST JORDAN, MI US","45.15179","-85.1324","178.9","2025-01",,,,,,,
"USC00202381","EAST JORDAN, MI US","45.15179","-85.1324","178.9","2025-02",,,,,,,
"USC00202381","EAST JORDAN, MI US","45.15179","-85.1324","178.9","2025-03",,,,,,,
"USC00202381","EAST JORDAN, MI US","45.15179","-85.1324","178.9","2025-04",,,,,,,
"USC00202381","EAST JORDAN, MI US","45.15179","-85.1324","178.9","2025-05",,,,,,,
"USC00202381","EAST JORDAN, MI US","45.15179","-85.1324","178.9","2025-06",,,,,,,
"USC00205892","NILES, MI US","41.8405","-86.2658","198.1","2025-01","0.0","-20.6","8.3","1767.2","-4.8","-0.7","-8.9"
"USC00205892","NILES, MI US","41.8405","-86.2658","198.1","2025-02","0.0","-16.7","12.8","2356.2","-2.7","1.6","-7.0"
"USC00205892","NILES, MI US","41.8405","-86.2658","198.1","2025-03","2.2","-10.6","24.4","2711.7","6.9","13.3","0.6"
"USC00205892","NILES, MI US","41.8405","-86.2658","198.1","2025-04","3.0","-3.3","27.2","2984.6","9.3","15.2","3.3"
"USC00205892","NILES, MI US","41.8405","-86.2658","198.1","2025-05","15.3","1.7","30.6","3110.4","14.7","20.8","8.6"
"USC00205892","NILES, MI US","41.8405","-86.2658","198.1","2025-06","146.3","2.8","34.4","3126.7","22.2","27.7","16.6"
"USC00202382","EAST JORDAN 2 NW, MI US","45.1863","-85.1477","196.9","2025-01","0.0","-20.6","8.9","2113.8","-5.9","-2.2","-9.5"
"USC00202382","EAST JORDAN 2 NW, MI US","45.1863","-85.1477","196.9","2025-02","0.0","-20.6","10.6","2770.6","-5.1","-1.0","-9.3"
"USC00202382","EAST JORDAN 2 NW, MI US","45.1863","-85.1477","196.9","2025-03","0.0","-13.9","20.0","3281.3","1.9","7.9","-4.2"
"USC00202382","EAST JORDAN 2 NW, MI US","45.1863","-85.1477","196.9","2025-04","0.0","-9.4","23.9","3651.4","6.0","12.3","-0.3"
"USC00202382","EAST JORDAN 2 NW, MI US","45.1863","-85.1477","196.9","2025-05","8.3","-3.3","29.4","3855.3","12.0","18.7","5.4"
"USC00202382","EAST JORDAN 2 NW, MI US","45.1863","-85.1477","196.9","2025-06","69.7","-0.6","34.4","3897.0","19.0","25.6","12.3"
"US1MIWS0005","ANN ARBOR 3.0 SE, MI US","42.2436","-83.692","249.9","2025-03",,,,,,,
"US1MIWS0005","ANN ARBOR 3.0 SE, MI US","42.2436","-83.692","249.9","2025-04",,,,,,,
"US1MIWS0005","ANN ARBOR 3.0 SE, MI US","42.2436","-83.692","249.9","2025-05",,,,,,,
"USW00004847","ADRIAN LENAWEE CO AIRPORT, MI US","41.86784","-84.07946","244.1","2025-01","0.0","-19.3","7.8",,"-4.8","-1.2","-8.4"
"USW00004847","ADRIAN LENAWEE CO AIRPORT, MI US","41.86784","-84.07946","244.1","2025-02","0.0","-16.6","13.3",,"-2.8","0.9","-6.4"
"USW00004847","ADRIAN LENAWEE CO AIRPORT, MI US","41.86784","-84.07946","244.1","2025-03","0.0","-8.2","25.0",,"6.3","12.2","0.4"
"USW00004847","ADRIAN LENAWEE CO AIRPORT, MI US","41.86784","-84.07946","244.1","2025-04","5.0","-4.3","28.9",,"10.2","16.3","4.2"
"USW00004847","ADRIAN LENAWEE CO AIRPORT, MI US","41.86784","-84.07946","244.1","2025-05","16.7","2.2","29.4",,"15.1","20.4","9.8"
"USW00004847","ADRIAN LENAWEE CO AIRPORT, MI US","41.86784","-84.07946","244.1","2025-06","158.7","6.1","35.6",,"22.8","28.4","17.2"
"US1MIGG0011","IRONWOOD 7.3 NNE, MI US","46.549361","-90.082876","375.8","2025-01",,,,,,,
"US1MIGG0011","IRONWOOD 7.3 NNE, MI US","46.549361","-90.082876","375.8","2025-04",,,,,,,
"US1MIGG0011","IRONWOOD 7.3 NNE, MI US","46.549361","-90.082876","375.8","2025-05",,,,,,,
"US1MIOW0059","COOPERSVILLE 0.7 NNE, MI US","43.07481","-85.929451","199.0","2025-01",,,,,,,
"US1MIOW0059","COOPERSVILLE 0.7 NNE, MI US","43.07481","-85.929451","199.0","2025-02",,,,,,,
"US1MIOW0059","COOPERSVILLE 0.7 NNE, MI US","43.07481","-85.929451","199.0","2025-03",,,,,,,
"US1MIOW0059","COOPERSVILLE 0.7 NNE, MI US","43.07481","-85.929451","199.0","2025-05",,,,,,,
"US1MIOW0059","COOPERSVILLE 0.7 NNE, MI US","43.07481","-85.929451","199.0","2025-06",,,,,,,
"USC00205406","MICHIGAMME 3 WNW, MI US","46.5453","-88.18","521.2","2025-01",,,,,,,
"USC00205406","MICHIGAMME 3 WNW, MI US","46.5453","-88.18","521.2","2025-02",,,,,,,
"USC00205406","MICHIGAMME 3 WNW, MI US","46.5453","-88.18","521.2","2025-03",,,,,,,
"USC00205406","MICHIGAMME 3 WNW, MI US","46.5453","-88.18","521.2","2025-04",,,,,,,
"USC00205406","MICHIGAMME 3 WNW, MI US","46.5453","-88.18","521.2","2025-05",,,,,,,
"USC00205406","MICHIGAMME 3 WNW, MI US","46.5453","-88.18","521.2","2025-06",,,,,,,
"USW00004854","GAYLORD OTSEGO CO AIRPORT, MI US","45.01657","-84.68942","405.9","2025-01","0.0","-25.5","6.7","2204.1","-8.0","-3.9","-12.0"
"USW00004854","GAYLORD OTSEGO CO AIRPORT, MI US","45.01657","-84.68942","405.9","2025-02","0.0","-22.1","9.4","2852.5","-6.7","-2.6","-10.7"
"USW00004854","GAYLORD OTSEGO CO AIRPORT, MI US","45.01657","-84.68942","405.9","2025-03",,,,,,,
"USW00004854","GAYLORD OTSEGO CO AIRPORT, MI US","45.01657","-84.68942","405.9","2025-04",,"-7.7","22.8",,"6.3","12.5","0.1"
"USW00004854","GAYLORD OTSEGO CO AIRPORT, MI US","45.01657","-84.68942","405.9","2025-05",,"-2.7","30.0",,"11.2","16.6","5.8"
"USW00004854","GAYLORD OTSEGO CO AIRPORT, MI US","45.01657","-84.68942","405.9","2025-06",,"1.1","34.4",,"18.6","24.9","12.3"
"US1MIOD0004","MIO 6.2 NNE, MI US","44.7476","-84.1028","343.8","2025-03",,,,,,,
"US1MIOD0004","MIO 6.2 NNE, MI US","44.7476","-84.1028","343.8","2025-05",,,,,,,
"US1MIOD0004","MIO 6.2 NNE, MI US","44.7476","-84.1028","343.8","2025-06",,,,,,,
"USC00203585","HARBOR BEACH 1 SSE, MI US","43.8322","-82.6427","181.4","2025-01","0.0","-20.6","3.9","1944.9","-6.5","-2.9","-10.2"
"USC00203585","HARBOR BEACH 1 SSE, MI US","43.8322","-82.6427","181.4","2025-02","0.0","-18.9","9.4","2613.2","-5.5","-1.7","-9.3"
"USC00203585","HARBOR BEACH 1 SSE, MI US","43.8322","-82.6427","181.4","2025-03","0.0","-10.6","21.7","3116.3","2.1","7.0","-2.8"
"USC00203585","HARBOR BEACH 1 SSE, MI US","43.8322","-82.6427","181.4","2025-04","0.0","-5.0","28.9","3492.9","5.8","11.0","0.6"
"USC00203585","HARBOR BEACH 1 SSE, MI US","43.8322","-82.6427","181.4","2025-05","2.0","1.1","25.6","3745.9","10.2","13.8","6.6"
"USC00203585","HARBOR BEACH 1 SSE, MI US","43.8322","-82.6427","181.4","2025-06","58.7","5.0","34.4","3802.5","18.3","23.5","13.2"
"US1MIWS0003","PLYMOUTH 5.4 W, MI US","42.382785","-83.571244","266.4","2025-01",,,,,,,
"US1MIWS0003","PLYMOUTH 5.4 W, MI US","42.382785","-83.571244","266.4","2025-02",,,,,,,
"US1MIWS0003","PLYMOUTH 5.4 W, MI US","42.382785","-83.571244","266.4","2025-03",,,,,,,
"US1MIWS0003","PLYMOUTH 5.4 W, MI US","42.382785","-83.571244","266.4","2025-04",,,,,,,
"US1MIWS0003","PLYMOUTH 5.4 W, MI US","42.382785","-83.571244","266.4","2025-05",,,,,,,
"US1MIWS0003","PLYMOUTH 5.4 W, MI US","42.382785","-83.571244","266.4","2025-06",,,,,,,
"USC00200197","AMASA 1 W, MI US","46.2347","-88.4544","448.1","2025-01","0.0","-31.7","6.7","2581.0","-11.8","-6.3","-17.4"
"USC00200197","AMASA 1 W, MI US","46.2347","-88.4544","448.1","2025-02","0.0","-32.2","9.4","3388.1","-10.5","-3.5","-17.5"
"USC00200197","AMASA 1 W, MI US","46.2347","-88.4544","448.1","2025-03","0.0","-25.0","17.2","4030.0","-2.4","4.6","-9.4"
"USC00200197","AMASA 1 W, MI US","46.2347","-88.4544","448.1","2025-04","0.0","-18.9","23.3","4510.8","2.3","8.8","-4.1"
"USC00200197","AMASA 1 W, MI US","46.2347","-88.4544","448.1","2025-05","3.4","-5.0","30.6","4725.1","11.3","19.6","3.1"
"USC00200197","AMASA 1 W, MI US","46.2347","-88.4544","448.1","2025-06","45.4","-2.2","34.4","4802.5","17.1","23.9","10.2"
"USC00204793","LINDEN WWTP, MI US","42.8133","-83.8038","263.0","2025-01","0.0","-22.2","7.8",,"-6.5","-2.5","-10.5"
"USC00204793","LINDEN WWTP, MI US","42.8133","-83.8038","263.0","2025-02","0.0","-19.4","10.6",,"-5.0","-1.0","-9.1"
"USC00204793","LINDEN WWTP, MI US","42.8133","-83.8038","263.0","2025-03","0.0","-9.4","22.8",,"3.7","10.0","-2.6"
"USC00204793","LINDEN WWTP, MI US","42.8133","-83.8038","263.0","2025-04","0.3","-5.6","27.8",,"7.5","14.2","0.8"
"USC00204793","LINDEN WWTP, MI US","42.8133","-83.8038","263.0","2025-05","5.3","-1.1","27.8",,"12.6","18.4","6.8"
"USC00204793","LINDEN WWTP, MI US","42.8133","-83.8038","263.0","2025-06","91.1","2.2","33.3",,"20.4","26.4","14.3"
"US1MIOD0003","LUZERNE 2.4 NE, MI US","44.6414","-84.2383","344.1","2025-01",,,,,,,
"US1MIOD0003","LUZERNE 2.4 NE, MI US","44.6414","-84.2383","344.1","2025-02",,,,,,,
"US1MIOD0003","LUZERNE 2.4 NE, MI US","44.6414","-84.2383","344.1","2025-03",,,,,,,
"US1MIOD0003","LUZERNE 2.4 NE, MI US","44.6414","-84.2383","344.1","2025-04",,,,,,,
"US1MIOD0003","LUZERNE 2.4 NE, MI US","44.6414","-84.2383","344.1","2025-05",,,,,,,
"US1MIOD0003","LUZERNE 2.4 NE, MI US","44.6414","-84.2383","344.1","2025-06",,,,,,,
"USC00202375","EAST GRAND RAPIDS, MI US","42.9378","-85.6131","227.4","2025-01","0.0","-20.6","8.9","1931.0","-5.4","-2.2","-8.7"
"USC00202375","EAST GRAND RAPIDS, MI US","42.9378","-85.6131","227.4","2025-02","0.0","-18.9","10.0","2578.1","-4.8","-1.0","-8.5"
"USC00202375","EAST GRAND RAPIDS, MI US","42.9378","-85.6131","227.4","2025-03","0.0","-8.3","25.0","3017.8","4.1","10.7","-2.4"
"USC00202375","EAST GRAND RAPIDS, MI US","42.9378","-85.6131","227.4","2025-04","0.0","-6.1","27.2","3338.4","7.6","14.4","0.9"
"USC00202375","EAST GRAND RAPIDS, MI US","42.9378","-85.6131","227.4","2025-05","7.8","-0.6","30.0","3507.6","13.1","19.6","6.6"
"USC00202375","EAST GRAND RAPIDS, MI US","42.9378","-85.6131","227.4","2025-06","110.9","2.2","35.6","3535.2","20.9","27.4","14.3"
"USC00202015","DEARBORN, MI US","42.31917","-83.23839","184.4","2025-01","0.0","-20.0","7.2","1707.1","-5.1","-1.6","-8.5"
"USC00202015","DEARBORN, MI US","42.31917","-83.23839","184.4","2025-02","0.0","-19.4","9.4","2323.7","-3.7","0.1","-7.5"
"USC00202015","DEARBORN, MI US","42.31917","-83.23839","184.4","2025-03","0.0","-9.4","23.3","2689.7","5.7","11.5","-0.1"
"USC00202015","DEARBORN, MI US","42.31917","-83.23839","184.4","2025-04","7.0","-5.0","30.0","2939.1","10.0","16.0","3.9"
"USC00202015","DEARBORN, MI US","42.31917","-83.23839","184.4","2025-05","20.3","0.6","29.4","3076.4","14.3","19.3","9.3"
"USC00202015","DEARBORN, MI US","42.31917","-83.23839","184.4","2025-06","129.3","6.7","34.4","3089.3","21.6","27.1","16.2"
"USC00205403","MICHIGAMME, MI US","46.53529","-88.10949","490.1","2025-01",,,,,,,
"USC00205403","MICHIGAMME, MI US","46.53529","-88.10949","490.1","2025-02",,,,,,,
"USC00205403","MICHIGAMME, MI US","46.53529","-88.10949","490.1","2025-03",,"-23.9","16.1",,"-3.8","2.4","-10.0"
"USC00205403","MICHIGAMME, MI US","46.53529","-88.10949","490.1","2025-04",,"-18.3","19.4",,"1.0","7.0","-4.9"
"USC00205403","MICHIGAMME, MI US","46.53529","-88.10949","490.1","2025-05",,"-2.8","29.4",,"10.0","16.8","3.1"
"USC00205403","MICHIGAMME, MI US","46.53529","-88.10949","490.1","2025-06",,"0.0","33.9",,"16.1","22.1","10.1"
"USC00207820","STANDISH 4 NE, MI US","44.0126","-83.8977","187.5","2025-01","0.0","-21.7","5.0","2038.6","-6.9","-3.0","-10.7"
"USC00207820","STANDISH 4 NE, MI US","44.0126","-83.8977","187.5","2025-02","0.0","-21.1","10.0","2706.7","-6.4","-1.6","-11.2"
"USC00207820","STANDISH 4 NE, MI US","44.0126","-83.8977","187.5","2025-03","0.0","-11.1","22.2","3207.3","2.2","8.1","-3.7"
"USC00207820","STANDISH 4 NE, MI US","44.0126","-83.8977","187.5","2025-04","0.0","-6.7","27.2","3564.9","6.0","12.4","-0.4"
"USC00207820","STANDISH 4 NE, MI US","44.0126","-83.8977","187.5","2025-05","5.0","-0.6","26.7","3716.1","12.7","17.6","7.8"
"USC00207820","STANDISH 4 NE, MI US","44.0126","-83.8977","187.5","2025-06","72.0","3.3","35.0","3749.0","19.5","25.8","13.2"
"USC00202016","DEARBORN NUMBER 2, MI US","42.3469","-83.1736","184.4","2025-01","0.0","-18.9","6.1",,"-4.3","-0.8","-7.8"
"USC00202016","DEARBORN NUMBER 2, MI US","42.3469","-83.1736","184.4","2025-03",,"-8.9","22.8",,"5.3","11.1","-0.4"
"USC00202016","DEARBORN NUMBER 2, MI US","42.3469","-83.1736","184.4","2025-04",,"-5.6","27.8",,"9.1","15.3","2.9"
"USC00202016","DEARBORN NUMBER 2, MI US","42.3469","-83.1736","184.4","2025-05",,"2.8","27.8",,"14.1","19.0","9.3"
"USC00202016","DEARBORN NUMBER 2, MI US","42.3469","-83.1736","184.4","2025-06",,"7.8","36.1",,"22.2","27.6","16.8"
"USW00094850","MARQUETTE WEATHER FORECAST OFFICE, MI US","46.5313","-87.5491","431.3","2025-01","0.0","-28.3","3.9","2539.4","-10.2","-6.3","-14.1"
"USW00094850","MARQUETTE WEATHER FORECAST OFFICE, MI US","46.5313","-87.5491","431.3","2025-02","0.0","-27.1","8.9","3320.2","-9.6","-4.6","-14.5"
"USW00094850","MARQUETTE WEATHER FORECAST OFFICE, MI US","46.5313","-87.5491","431.3","2025-03","0.0","-22.1","15.0","3972.8","-2.7","2.6","-8.0"
"USW00094850","MARQUETTE WEATHER FORECAST OFFICE, MI US","46.5313","-87.5491","431.3","2025-04","0.0","-18.2","18.9","4459.6","2.1","7.6","-3.3"
"USW00094850","MARQUETTE WEATHER FORECAST OFFICE, MI US","46.5313","-87.5491","431.3","2025-05","9.7","-2.1","31.1","4723.7","10.1","16.3","3.9"
"USW00094850","MARQUETTE WEATHER FORECAST OFFICE, MI US","46.5313","-87.5491","431.3","2025-06","38.0","1.7","33.9","4813.2","16.3","22.2","10.4"
"US1MIHL0004","JONESVILLE 5.9 ENE, MI US","42.014718","-84.561902","364.8","2025-03",,,,,,,
"US1MIHL0004","JONESVILLE 5.9 ENE, MI US","42.014718","-84.561902","364.8","2025-04",,,,,,,
"US1MIHL0004","JONESVILLE 5.9 ENE, MI US","42.014718","-84.561902","364.8","2025-05",,,,,,,
"US1MIHL0004","JONESVILLE 5.9 ENE, MI US","42.014718","-84.561902","364.8","2025-06",,,,,,,
"USW00094853","ESCANABA DELTA CO AIRPORT, MI US","45.73333","-87.08333","181.1","2025-01","0.0","-26.0","5.6","2279.7","-8.1","-3.5","-12.8"
"USW00094853","ESCANABA DELTA CO AIRPORT, MI US","45.73333","-87.08333","181.1","2025-02","0.0","-22.1","12.2","3000.7","-7.4","-1.8","-13.0"
"USW00094853","ESCANABA DELTA CO AIRPORT, MI US","45.73333","-87.08333","181.1","2025-03","0.0","-13.8","16.7","3577.5","-0.3","4.5","-5.0"
"USW00094853","ESCANABA DELTA CO AIRPORT, MI US","45.73333","-87.08333","181.1","2025-04","0.0","-11.6","16.1","4031.2","3.2","8.5","-2.1"
"USW00094853","ESCANABA DELTA CO AIRPORT, MI US","45.73333","-87.08333","181.1","2025-05","0.0","-3.2","26.1","4285.6","10.1","16.3","4.0"
"USW00094853","ESCANABA DELTA CO AIRPORT, MI US","45.73333","-87.08333","181.1","2025-06","30.4","0.6","33.9","4361.6","16.8","22.2","11.4"
"US1MIBZ0001","BENZONIA 5.3 S, MI US","44.53975658","-86.10645586","245.4","2025-01",,,,,,,
"US1MIBZ0001","BENZONIA 5.3 S, MI US","44.53975658","-86.10645586","245.4","2025-02",,,,,,,
"US1MIBZ0001","BENZONIA 5.3 S, MI US","44.53975658","-86.10645586","245.4","2025-03",,,,,,,
"US1MIBZ0001","BENZONIA 5.3 S, MI US","44.53975658","-86.10645586","245.4","2025-04",,,,,,,
"US1MIBZ0001","BENZONIA 5.3 S, MI US","44.53975658","-86.10645586","245.4","2025-05",,,,,,,
"US1MIBZ0001","BENZONIA 5.3 S, MI US","44.53975658","-86.10645586","245.4","2025-06",,,,,,,
"US1MISG0018","SAGINAW 4.1 WNW, MI US","43.440854","-84.026733","189.6","2025-04",,,,,,,
"US1MISG0018","SAGINAW 4.1 WNW, MI US","43.440854","-84.026733","189.6","2025-05",,,,,,,
"US1MISG0019","ST CHARLES 5.0 W, MI US","43.2979","-84.2499","190.2","2025-03",,,,,,,
"US1MISG0019","ST CHARLES 5.0 W, MI US","43.2979","-84.2499","190.2","2025-05",,,,,,,
"US1MISG0019","ST CHARLES 5.0 W, MI US","43.2979","-84.2499","190.2","2025-06",,,,,,,
"US1MIPI0001","ROGERS CITY 0.2 WSW, MI US","45.4174","-83.8106","183.5","2025-01",,,,,,,
"US1MIPI0001","ROGERS CITY 0.2 WSW, MI US","45.4174","-83.8106","183.5","2025-02",,,,,,,
"US1MIPI0001","ROGERS CITY 0.2 WSW, MI US","45.4174","-83.8106","183.5","2025-03",,,,,,,
"US1MIPI0001","ROGERS CITY 0.2 WSW, MI US","45.4174","-83.8106","183.5","2025-04",,,,,,,
"US1MIPI0001","ROGERS CITY 0.2 WSW, MI US","45.4174","-83.8106","183.5","2025-05",,,,,,,
"US1MIPI0001","ROGERS CITY 0.2 WSW, MI US","45.4174","-83.8106","183.5","2025-06",,,,,,,
"USC00206507","PETOSKEY, MI US","45.3725","-84.9766","182.6","2025-01","0.0","-18.9","5.0","2034.0","-6.0","-2.8","-9.2"
"USC00206507","PETOSKEY, MI US","45.3725","-84.9766","182.6","2025-02","0.0","-17.2","9.4","2721.4","-6.2","-2.7","-9.8"
"USC00206507","PETOSKEY, MI US","45.3725","-84.9766","182.6","2025-03","0.0","-15.0","21.1","3263.9","-0.4","4.4","-5.2"
"USC00206507","PETOSKEY, MI US","45.3725","-84.9766","182.6","2025-04","0.0","-8.9","24.4","3686.3","4.3","9.0","-0.5"
"USC00206507","PETOSKEY, MI US","45.3725","-84.9766","182.6","2025-05","3.3","0.0","28.9","3940.4","10.2","14.6","5.9"
"USC00206507","PETOSKEY, MI US","45.3725","-84.9766","182.6","2025-06","36.4","3.9","33.3","4006.9","17.2","22.3","12.1"
"US1MIGG0004","WATERSMEET 5.0 SE, MI US","46.203333","-89.131667","518.5","2025-04",,,,,,,
"US1MIGG0004","WATERSMEET 5.0 SE, MI US","46.203333","-89.131667","518.5","2025-05",,,,,,,
"US1MIGG0004","WATERSMEET 5.0 SE, MI US","46.203333","-89.131667","518.5","2025-06",,,,,,,
"US1MISG0017","SAGINAW 6.4 W, MI US","43.422715","-84.077575","186.8","2025-01",,,,,,,
"US1MISG0017","SAGINAW 6.4 W, MI US","43.422715","-84.077575","186.8","2025-02",,,,,,,
"US1MISG0017","SAGINAW 6.4 W, MI US","43.422715","-84.077575","186.8","2025-03",,,,,,,
"US1MISG0017","SAGINAW 6.4 W, MI US","43.422715","-84.077575","186.8","2025-04",,,,,,,
"US1MISG0017","SAGINAW 6.4 W, MI US","43.422715","-84.077575","186.8","2025-05",,,,,,,
"US1MISG0017","SAGINAW 6.4 W, MI US","43.422715","-84.077575","186.8","2025-06",,,,,,,
"US1MIPI0004","MILLERSBURG 2.3 NNW, MI US","45.36576","-84.076909","227.7","2025-05",,,,,,,
"US1MIPI0004","MILLERSBURG 2.3 NNW, MI US","45.36576","-84.076909","227.7","2025-06",,,,,,,
"US1MIOW0049","HOLLAND 4.2 NW, MI US","42.8217","-86.14896","189.6","2025-01",,,,,,,
"US1MIOW0049","HOLLAND 4.2 NW, MI US","42.8217","-86.14896","189.6","2025-02",,,,,,,
"US1MIOW0049","HOLLAND 4.2 NW, MI US","42.8217","-86.14896","189.6","2025-03",,,,,,,
"US1MIOW0049","HOLLAND 4.2 NW, MI US","42.8217","-86.14896","189.6","2025-04",,,,,,,
"US1MIOW0049","HOLLAND 4.2 NW, MI US","42.8217","-86.14896","189.6","2025-05",,,,,,,
"US1MIOW0049","HOLLAND 4.2 NW, MI US","42.8217","-86.14896","189.6","2025-06",,,,,,,
"USC00205533","MIO WWTP, MI US","44.6466","-84.1158","316.1","2025-01","0.0","-25.6","5.6","2222.3","-8.0","-3.3","-12.7"
"USC00205533","MIO WWTP, MI US","44.6466","-84.1158","316.1","2025-02","0.0","-22.2","13.3","2919.3","-6.6","-1.0","-12.1"
"USC00205533","MIO WWTP, MI US","44.6466","-84.1158","316.1","2025-03","0.0","-14.4","21.1","3457.5","1.0","7.1","-5.2"
"USC00205533","MIO WWTP, MI US","44.6466","-84.1158","316.1","2025-04","0.0","-11.1","26.7","3835.6","5.7","13.0","-1.5"
"USC00205533","MIO WWTP, MI US","44.6466","-84.1158","316.1","2025-05","8.8","-3.3","30.0","4046.6","11.8","18.1","5.5"
"USC00205533","MIO WWTP, MI US","44.6466","-84.1158","316.1","2025-06","73.0","1.7","35.6","4087.4","19.1","26.5","11.7"
"USC00206982","RICHMOND 4 NNW, MI US","42.8783","-82.7958","233.2","2025-01","0.0","-24.4","5.0","2046.1","-7.2","-2.8","-11.6"
"USC00206982","RICHMOND 4 NNW, MI US","42.8783","-82.7958","233.2","2025-02","0.0","-24.4","11.1","2725.6","-5.9","-0.9","-10.9"
"USC00206982","RICHMOND 4 NNW, MI US","42.8783","-82.7958","233.2","2025-03","0.0","-10.6","21.1","3201.8","3.0","9.1","-3.1"
"USC00206982","RICHMOND 4 NNW, MI US","42.8783","-82.7958","233.2","2025-04","0.0","-7.8","28.3","3526.6","7.5","13.9","1.1"
"USC00206982","RICHMOND 4 NNW, MI US","42.8783","-82.7958","233.2","2025-05","4.8","0.0","26.7","3720.6","12.2","17.4","7.0"
"USC00206982","RICHMOND 4 NNW, MI US","42.8783","-82.7958","233.2","2025-06","89.8","2.2","35.6","3748.3","20.2","26.5","14.0"
"USC00200089","ALBERTA FORD FOR CENTER, MI US","46.6448","-88.4812","399.3","2025-01","0.0","-35.6","4.4","2551.0","-12.3","-7.4","-17.2"
"USC00200089","ALBERTA FORD FOR CENTER, MI US","46.6448","-88.4812","399.3","2025-02","0.0","-32.2","10.0","3378.2","-11.2","-5.4","-17.0"
"USC00200089","ALBERTA FORD FOR CENTER, MI US","46.6448","-88.4812","399.3","2025-03","0.0","-24.4","17.8","4023.0","-2.5","3.4","-8.3"
"USC00200089","ALBERTA FORD FOR CENTER, MI US","46.6448","-88.4812","399.3","2025-04","0.0","-15.6","18.9","4495.3","2.6","8.1","-3.0"
"USC00200089","ALBERTA FORD FOR CENTER, MI US","46.6448","-88.4812","399.3","2025-05","12.9","-5.0","31.7","4729.2","11.2","17.9","4.4"
"USC00200089","ALBERTA FORD FOR CENTER, MI US","46.6448","-88.4812","399.3","2025-06","54.3","0.0","35.0","4814.5","16.9","23.1","10.7"
"US1MIWS0011","ANN ARBOR 2.1 WNW, MI US","42.283233","-83.771503","275.5","2025-01",,,,,,,
"US1MIWS0011","ANN ARBOR 2.1 WNW, MI US","42.283233","-83.771503","275.5","2025-02",,,,,,,
"US1MIWS0011","ANN ARBOR 2.1 WNW, MI US","42.283233","-83.771503","275.5","2025-03",,,,,,,
"US1MIWS0011","ANN ARBOR 2.1 WNW, MI US","42.283233","-83.771503","275.5","2025-04",,,,,,,
"US1MIWS0011","ANN ARBOR 2.1 WNW, MI US","42.283233","-83.771503","275.5","2025-05",,,,,,,
"USC00201178","CADILLAC 9 AND 10 NEWS, MI US","44.21138","-85.40865","415.4","2025-01","0.0","-23.9","6.7","2232.6","-7.9","-4.5","-11.4"
"USC00201178","CADILLAC 9 AND 10 NEWS, MI US","44.21138","-85.40865","415.4","2025-02","0.0","-18.3","8.3","2950.6","-7.3","-3.6","-11.0"
"USC00201178","CADILLAC 9 AND 10 NEWS, MI US","44.21138","-85.40865","415.4","2025-03","0.0","-12.2","21.1","3500.4","0.6","6.1","-4.9"
"USC00201178","CADILLAC 9 AND 10 NEWS, MI US","44.21138","-85.40865","415.4","2025-04","0.0","-8.9","22.8","3869.0","5.6","11.4","-0.1"
"USC00201299","CARO WWTP, MI US","43.4838","-83.3919","210.3","2025-01","0.0","-21.1","6.7","1917.8","-6.9","-3.1","-10.6"
"USC00201299","CARO WWTP, MI US","43.4838","-83.3919","210.3","2025-02","0.0","-20.0","10.6","2568.4","-5.8","-1.5","-10.1"
"USC00201299","CARO WWTP, MI US","43.4838","-83.3919","210.3","2025-03","0.0","-10.6","22.8","3024.3","3.1","9.3","-3.0"
"USC00201299","CARO WWTP, MI US","43.4838","-83.3919","210.3","2025-04","0.0","-6.1","28.9","3348.7","7.5","14.4","0.7"
"USC00201299","CARO WWTP, MI US","43.4838","-83.3919","210.3","2025-05","8.6","-1.1","28.9","3539.4","12.5","18.6","6.4"
"USC00201299","CARO WWTP, MI US","43.4838","-83.3919","210.3","2025-06","82.9","4.4","35.6","3559.1","20.4","26.9","13.8"
"USC00203477","GROSSE POINTE FARMS, MI US","42.4077","-82.8891","186.8","2025-01","0.0","-19.4","4.4",,"-5.3","-1.9","-8.7"
"USC00203477","GROSSE POINTE FARMS, MI US","42.4077","-82.8891","186.8","2025-02","0.0","-16.7","12.2",,"-3.9","-0.2","-7.6"
"USC00203477","GROSSE POINTE FARMS, MI US","42.4077","-82.8891","186.8","2025-03","0.0","-8.9","22.2",,"4.7","10.4","-1.0"
"USC00203477","GROSSE POINTE FARMS, MI US","42.4077","-82.8891","186.8","2025-04","2.5","-5.0","31.1",,"9.0","14.7","3.4"
"USC00203477","GROSSE POINTE FARMS, MI US","42.4077","-82.8891","186.8","2025-05","8.4","2.2","28.9",,"13.7","18.3","9.1"
"USC00203477","GROSSE POINTE FARMS, MI US","42.4077","-82.8891","186.8","2025-06","86.7","6.7","33.3",,"21.4","26.0","16.7"
"USC00208800","WEST BRANCH 3 SE, MI US","44.2541","-84.2011","269.7","2025-01","0.0","-24.4","4.4","2232.6","-8.2","-3.8","-12.6"
"USC00208800","WEST BRANCH 3 SE, MI US","44.2541","-84.2011","269.7","2025-02","0.0","-19.4","11.1","2942.0","-7.0","-2.1","-12.0"
"USC00208800","WEST BRANCH 3 SE, MI US","44.2541","-84.2011","269.7","2025-03","0.0","-12.8","21.1","3483.2","0.9","7.8","-6.0"
"USC00208800","WEST BRANCH 3 SE, MI US","44.2541","-84.2011","269.7","2025-04","0.0","-8.9","26.1","3854.5","6.0","13.3","-1.4"
"USC00208800","WEST BRANCH 3 SE, MI US","44.2541","-84.2011","269.7","2025-05","4.2","-1.7","27.8","4057.6","11.9","18.0","5.8"
"USC00208800","WEST BRANCH 3 SE, MI US","44.2541","-84.2011","269.7","2025-06","61.2","3.3","33.9","4098.3","18.9","25.3","12.4"
"USW00094860","GRAND RAPIDS GERALD R FORD INTERNATIONAL AIRPORT, MI US","42.8821","-85.52297","240.3","2025-01","0.0","-21.0","8.3","1874.6","-5.4","-1.9","-8.8"
"USW00094860","GRAND RAPIDS GERALD R FORD INTERNATIONAL AIRPORT, MI US","42.8821","-85.52297","240.3","2025-02","0.0","-17.1","10.6","2502.3","-4.1","-0.6","-7.5"
"USW00094860","GRAND RAPIDS GERALD R FORD INTERNATIONAL AIRPORT, MI US","42.8821","-85.52297","240.3","2025-03","0.0","-7.7","24.4","2922.8","4.8","10.9","-1.4"
"USW00094860","GRAND RAPIDS GERALD R FORD INTERNATIONAL AIRPORT, MI US","42.8821","-85.52297","240.3","2025-04","0.0","-4.9","27.2","3203.9","9.0","15.2","2.7"
"USW00094860","GRAND RAPIDS GERALD R FORD INTERNATIONAL AIRPORT, MI US","42.8821","-85.52297","240.3","2025-05","10.6","0.6","29.4","3352.1","13.9","19.7","8.1"
"USW00094860","GRAND RAPIDS GERALD R FORD INTERNATIONAL AIRPORT, MI US","42.8821","-85.52297","240.3","2025-06","126.4","3.9","35.0","3364.9","21.8","27.9","15.6"
"USW00004869","CHIPPEWA INTERNATIONAL AIRPORT, MI US","46.25","-84.46667","243.5","2025-01","0.0","-24.3","2.8","2291.3","-8.7","-4.3","-13.1"
"USW00004869","CHIPPEWA INTERNATIONAL AIRPORT, MI US","46.25","-84.46667","243.5","2025-02","0.0","-23.8","8.9","3023.7","-7.8","-3.2","-12.4"
"USW00004869","CHIPPEWA INTERNATIONAL AIRPORT, MI US","46.25","-84.46667","243.5","2025-03","0.0","-19.9","12.8","3664.2","-2.3","2.6","-7.2"
"USW00004869","CHIPPEWA INTERNATIONAL AIRPORT, MI US","46.25","-84.46667","243.5","2025-04","0.0","-13.8","20.0","4126.2","2.9","8.2","-2.3"
"USW00004869","CHIPPEWA INTERNATIONAL AIRPORT, MI US","46.25","-84.46667","243.5","2025-05","1.7","-2.1","27.8","4355.4","11.0","17.0","5.0"
"USW00004869","CHIPPEWA INTERNATIONAL AIRPORT, MI US","46.25","-84.46667","243.5","2025-06","24.7","3.3","31.1","4420.2","16.9","23.2","10.6"
"USC00206510","PETOSKEY NCMC, MI US","45.3613","-84.9512","228.0","2025-01","0.0","-21.7","6.7","2253.5","-7.9","-4.5","-11.2"
"USC00206510","PETOSKEY NCMC, MI US","45.3613","-84.9512","228.0","2025-02","0.0","-23.9","10.0","2979.5","-7.6","-3.4","-11.8"
"USC00206510","PETOSKEY NCMC, MI US","45.3613","-84.9512","228.0","2025-03","0.0","-16.1","20.6","3578.0","-1.0","4.1","-6.1"
"USC00206510","PETOSKEY NCMC, MI US","45.3613","-84.9512","228.0","2025-04","0.0","-10.6","23.9","4016.6","3.7","9.4","-2.0"
"USC00206510","PETOSKEY NCMC, MI US","45.3613","-84.9512","228.0","2025-05","5.3","-1.7","28.3","4263.2","10.6","15.5","5.6"
"USC00206510","PETOSKEY NCMC, MI US","45.3613","-84.9512","228.0","2025-06","45.4","0.6","34.4","4332.6","17.4","22.8","12.0"
"US1MIBH0007","QUINCY 0.3 NE, MI US","41.94725","-84.8789","309.7","2025-05",,,,,,,
"US1MIBH0007","QUINCY 0.3 NE, MI US","41.94725","-84.8789","309.7","2025-06",,,,,,,
"USC00205662","CENTRAL MICHIGAN UNIVERSITY, MI US","43.5859","-84.7694","242.3","2025-01","0.0","-21.1","8.3","2032.9","-6.8","-3.5","-10.1"
"USC00205662","CENTRAL MICHIGAN UNIVERSITY, MI US","43.5859","-84.7694","242.3","2025-02","0.0","-17.2","13.3","2706.2","-5.7","-2.1","-9.3"
"USC00205662","CENTRAL MICHIGAN UNIVERSITY, MI US","43.5859","-84.7694","242.3","2025-03","0.0","-8.9","22.8","3151.4","3.0","8.8","-2.9"
"USC00205662","CENTRAL MICHIGAN UNIVERSITY, MI US","43.5859","-84.7694","242.3","2025-04","0.0","-6.1","25.0","3489.8","7.1","13.4","0.8"
"USC00205662","CENTRAL MICHIGAN UNIVERSITY, MI US","43.5859","-84.7694","242.3","2025-05","7.5","-0.6","27.8","3684.0","12.3","17.9","6.7"
"USC00205662","CENTRAL MICHIGAN UNIVERSITY, MI US","43.5859","-84.7694","242.3","2025-06","86.3","4.4","34.4","3708.4","20.1","26.4","13.9"
"USC00202170","DOLLAR BAY, MI US","47.1167","-88.5137","183.5","2025-01",,,,,,,
"USC00202170","DOLLAR BAY, MI US","47.1167","-88.5137","183.5","2025-02",,,,,,,
"USC00202170","DOLLAR BAY, MI US","47.1167","-88.5137","183.5","2025-03",,,,,,,
"USC00202170","DOLLAR BAY, MI US","47.1167","-88.5137","183.5","2025-06",,,,,,,
"USW00094871","BENTON HARBOR, MI US","42.12894","-86.41518","195.4","2025-01","0.0","-19.3","9.4","1609.4","-2.9","0.3","-6.2"
"USW00094871","BENTON HARBOR, MI US","42.12894","-86.41518","195.4","2025-02","0.0","-13.8","12.8","2168.0","-1.6","1.9","-5.2"
"USW00094871","BENTON HARBOR, MI US","42.12894","-86.41518","195.4","2025-03",,,,,,,
"USW00094871","BENTON HARBOR, MI US","42.12894","-86.41518","195.4","2025-04",,"-5.5","26.7",,"8.4","14.6","2.2"
"USW00094871","BENTON HARBOR, MI US","42.12894","-86.41518","195.4","2025-05",,"0.0","30.6",,"12.4","17.9","6.8"
"USW00094871","BENTON HARBOR, MI US","42.12894","-86.41518","195.4","2025-06",,"1.1","35.0",,"21.7","27.7","15.8"
"US1MICN0023","MARSHALL 2.4 WNW, MI US","42.27083","-85.00293","281.6","2025-04",,,,,,,
"US1MICN0023","MARSHALL 2.4 WNW, MI US","42.27083","-85.00293","281.6","2025-05",,,,,,,
"US1MICN0023","MARSHALL 2.4 WNW, MI US","42.27083","-85.00293","281.6","2025-06",,,,,,,
"US1MIMC0003","CEDARVILLE 3.2 ESE, MI US","45.9893775","-84.2977821","189.6","2025-01",,,,,,,
"US1MIMC0003","CEDARVILLE 3.2 ESE, MI US","45.9893775","-84.2977821","189.6","2025-02",,,,,,,
"US1MIMC0003","CEDARVILLE 3.2 ESE, MI US","45.9893775","-84.2977821","189.6","2025-03",,,,,,,
"US1MIMC0003","CEDARVILLE 3.2 ESE, MI US","45.9893775","-84.2977821","189.6","2025-06",,,,,,,
"US1MIMC0005","ST. IGNACE 0.6 WSW, MI US","45.8642265200615","-84.7358228266239","213.7","2025-01",,,,,,,
"US1MIMC0005","ST. IGNACE 0.6 WSW, MI US","45.8642265200615","-84.7358228266239","213.7","2025-02",,,,,,,
"US1MIMC0005","ST. IGNACE 0.6 WSW, MI US","45.8642265200615","-84.7358228266239","213.7","2025-03",,,,,,,
"US1MIMC0005","ST. IGNACE 0.6 WSW, MI US","45.8642265200615","-84.7358228266239","213.7","2025-04",,,,,,,
"US1MIMC0005","ST. IGNACE 0.6 WSW, MI US","45.8642265200615","-84.7358228266239","213.7","2025-05",,,,,,,
"US1MIMC0005","ST. IGNACE 0.6 WSW, MI US","45.8642265200615","-84.7358228266239","213.7","2025-06",,,,,,,
"US1MILP0014","LAPEER 4.4 SSE, MI US","42.986","-83.302","271.9","2025-01",,,,,,,
"US1MILP0014","LAPEER 4.4 SSE, MI US","42.986","-83.302","271.9","2025-02",,,,,,,
"US1MILP0014","LAPEER 4.4 SSE, MI US","42.986","-83.302","271.9","2025-03",,,,,,,
"US1MILP0014","LAPEER 4.4 SSE, MI US","42.986","-83.302","271.9","2025-04",,,,,,,
"US1MILP0014","LAPEER 4.4 SSE, MI US","42.986","-83.302","271.9","2025-05",,,,,,,
"US1MILP0014","LAPEER 4.4 SSE, MI US","42.986","-83.302","271.9","2025-06",,,,,,,
"USC00208706","WATTON 2 WSW, MI US","46.52664","-88.64243","424.9","2025-01","0.0","-31.1","4.4","2590.1","-11.4","-6.9","-15.9"
"USC00208706","WATTON 2 WSW, MI US","46.52664","-88.64243","424.9","2025-02","0.0","-28.3","10.6","3389.4","-10.2","-5.1","-15.3"
"USC00208706","WATTON 2 WSW, MI US","46.52664","-88.64243","424.9","2025-03","0.0","-22.8","16.7","4032.4","-2.4","3.3","-8.1"
"USC00208706","WATTON 2 WSW, MI US","46.52664","-88.64243","424.9","2025-04","0.0","-15.6","20.6","4510.4","2.4","7.7","-2.9"
"USC00208706","WATTON 2 WSW, MI US","46.52664","-88.64243","424.9","2025-05","8.4","-5.0","31.1","4743.3","11.1","18.6","3.6"
"USC00208706","WATTON 2 WSW, MI US","46.52664","-88.64243","424.9","2025-06","42.0","-1.1","34.4","4835.2","16.4","22.5","10.2"
"USC00205434","MIDLAND, MI US","43.6088","-84.2011","195.1","2025-01","0.0","-21.1","6.1","2141.8","-7.2","-3.6","-10.8"
"USC00205434","MIDLAND, MI US","43.6088","-84.2011","195.1","2025-02","0.0","-18.9","7.8","2839.5","-6.6","-2.9","-10.3"
"USC00205434","MIDLAND, MI US","43.6088","-84.2011","195.1","2025-03","0.0","-11.7","20.6","3333.5","1.9","7.8","-4.0"
"USC00205434","MIDLAND, MI US","43.6088","-84.2011","195.1","2025-04","0.0","-8.3","25.6","3690.9","6.4","12.4","0.4"
"USC00205434","MIDLAND, MI US","43.6088","-84.2011","195.1","2025-05","2.2","-1.1","27.2","3908.2","11.4","16.7","6.1"
"USC00205434","MIDLAND, MI US","43.6088","-84.2011","195.1","2025-06","57.7","2.2","33.3","3933.3","19.5","25.4","13.6"
"USC00206884","REED CITY WWTP, MI US","43.875","-85.4968","319.1","2025-01",,,,,,,
"USC00206884","REED CITY WWTP, MI US","43.875","-85.4968","319.1","2025-02",,,,,,,
"USC00206884","REED CITY WWTP, MI US","43.875","-85.4968","319.1","2025-05",,,,,,,
"USC00206884","REED CITY WWTP, MI US","43.875","-85.4968","319.1","2025-06",,,,,,,
"USR0000MSEN","SENEY MICHIGAN, MI US","46.2403","-85.9428","221.3","2025-01","0.0","-25.6","3.3","2315.8","-8.1","-4.1","-12.1"
"USR0000MSEN","SENEY MICHIGAN, MI US","46.2403","-85.9428","221.3","2025-02","0.0","-22.2","11.7","3028.4","-7.1","-2.8","-11.5"
"USR0000MSEN","SENEY MICHIGAN, MI US","46.2403","-85.9428","221.3","2025-03","0.0","-15.0","14.4","3603.7","-1.3","3.9","-6.6"
"USR0000MSEN","SENEY MICHIGAN, MI US","46.2403","-85.9428","221.3","2025-04","0.0","-14.4","17.2","4055.2","3.3","8.9","-2.3"
"USR0000MSEN","SENEY MICHIGAN, MI US","46.2403","-85.9428","221.3","2025-05","2.8","-2.2","26.7","4287.3","10.9","17.7","4.2"
"USR0000MSEN","SENEY MICHIGAN, MI US","46.2403","-85.9428","221.3","2025-06","33.3","1.1","30.6","4351.2","17.2","23.7","10.7"
"USC00208941","WHITE LAKE 4 E, MI US","42.698","-83.4716","321.0","2025-01","0.0","-22.8","8.3","2019.1","-6.8","-2.7","-10.9"
"USC00208941","WHITE LAKE 4 E, MI US","42.698","-83.4716","321.0","2025-02","0.0","-21.7","11.7","2675.2","-5.1","-0.9","-9.3"
"USC00208941","WHITE LAKE 4 E, MI US","42.698","-83.4716","321.0","2025-03","0.0","-11.1","22.8","3096.9","4.7","11.3","-1.8"
"USC00208941","WHITE LAKE 4 E, MI US","42.698","-83.4716","321.0","2025-04","0.0","-7.8","28.3","3391.8","8.5","15.7","1.3"
"USC00208941","WHITE LAKE 4 E, MI US","42.698","-83.4716","321.0","2025-05","6.7","0.0","28.9","3563.5","13.0","18.8","7.2"
"USC00208941","WHITE LAKE 4 E, MI US","42.698","-83.4716","321.0","2025-06","92.5","2.8","34.4","3583.0","20.6","27.2","13.9"
"USC00204104","IRONWOOD, MI US","46.4656","-90.1892","435.9","2025-01","0.0","-32.8","6.7","2606.0","-12.1","-6.9","-17.4"
"USC00204104","IRONWOOD, MI US","46.4656","-90.1892","435.9","2025-02","0.0","-29.4","8.9","3413.5","-10.5","-4.8","-16.2"
"USC00204104","IRONWOOD, MI US","46.4656","-90.1892","435.9","2025-03","0.0","-22.2","18.3","4055.6","-2.4","4.3","-9.1"
"USC00204104","IRONWOOD, MI US","46.4656","-90.1892","435.9","2025-04","0.0","-16.7","20.6","4538.9","2.2","8.3","-3.8"
"USC00204104","IRONWOOD, MI US","46.4656","-90.1892","435.9","2025-05","12.5","-2.2","29.4","4756.5","11.7","18.6","4.9"
"USC00204104","IRONWOOD, MI US","46.4656","-90.1892","435.9","2025-06","44.0","2.2","32.8","4849.5","16.3","22.1","10.5"
"US1MIIR0003","IRON RIVER 2.3 NW, MI US","46.12119","-88.67501","459.9","2025-01",,,,,,,
"US1MIIR0003","IRON RIVER 2.3 NW, MI US","46.12119","-88.67501","459.9","2025-03",,,,,,,
"US1MIIR0003","IRON RIVER 2.3 NW, MI US","46.12119","-88.67501","459.9","2025-04",,,,,,,
"US1MIIR0003","IRON RIVER 2.3 NW, MI US","46.12119","-88.67501","459.9","2025-05",,,,,,,
"USC00204105","IRONWOOD NUMBER 2, MI US","46.46521","-90.13827","463.3","2025-01","0.0","-33.3","6.1","2617.8","-12.5","-7.6","-17.4"
"USC00204105","IRONWOOD NUMBER 2, MI US","46.46521","-90.13827","463.3","2025-02","0.0","-29.4","9.4","3416.6","-10.2","-4.9","-15.5"
"USC00204105","IRONWOOD NUMBER 2, MI US","46.46521","-90.13827","463.3","2025-03","0.0","-22.2","18.3","4042.4","-1.9","4.4","-8.1"
"USC00204105","IRONWOOD NUMBER 2, MI US","46.46521","-90.13827","463.3","2025-04","0.0","-14.4","20.6","4501.1","2.5","8.3","-3.2"
"USC00204105","IRONWOOD NUMBER 2, MI US","46.46521","-90.13827","463.3","2025-05","13.1","-2.8","30.0","4714.5","11.9","19.6","4.1"
"USC00204105","IRONWOOD NUMBER 2, MI US","46.46521","-90.13827","463.3","2025-06","46.6","0.6","32.8","4796.9","16.7","22.6","10.9"
"USC00208043","TAHQUAMENON FALLS S P, MI US","46.6013","-85.2238","227.1","2025-01","0.0","-23.9","2.2","2533.8","-9.3","-5.4","-13.2"
"USC00208043","TAHQUAMENON FALLS S P, MI US","46.6013","-85.2238","227.1","2025-02","0.0","-23.9","8.3","3317.0","-9.6","-4.9","-14.4"
"USC00208043","TAHQUAMENON FALLS S P, MI US","46.6013","-85.2238","227.1","2025-03","0.0","-16.7","15.6","3992.5","-3.5","1.8","-8.7"
"USC00208043","TAHQUAMENON FALLS S P, MI US","46.6013","-85.2238","227.1","2025-04","0.0","-17.2","17.2","4505.8","1.2","7.6","-5.1"
"USC00208043","TAHQUAMENON FALLS S P, MI US","46.6013","-85.2238","227.1","2025-05","2.0","-3.3","27.2","4775.5","9.7","16.5","2.9"
"USC00208043","TAHQUAMENON FALLS S P, MI US","46.6013","-85.2238","227.1","2025-06","22.9","-1.7","32.2","4889.2","15.2","22.1","8.3"
"US1MIWS0049","CHELSEA 2.4 S, MI US","42.2808479","-84.03025","298.7","2025-03",,,,,,,
"US1MIWS0049","CHELSEA 2.4 S, MI US","42.2808479","-84.03025","298.7","2025-04",,,,,,,
"US1MIWS0049","CHELSEA 2.4 S, MI US","42.2808479","-84.03025","298.7","2025-05",,,,,,,
"US1MIWS0049","CHELSEA 2.4 S, MI US","42.2808479","-84.03025","298.7","2025-06",,,,,,,
"US1MIKN0065","BELMONT 1.0 WNW, MI US","43.07895","-85.6282","239.3","2025-01",,,,,,,
"US1MIKN0065","BELMONT 1.0 WNW, MI US","43.07895","-85.6282","239.3","2025-02",,,,,,,
"US1MIKN0065","BELMONT 1.0 WNW, MI US","43.07895","-85.6282","239.3","2025-03",,,,,,,
"US1MIKN0065","BELMONT 1.0 WNW, MI US","43.07895","-85.6282","239.3","2025-04",,,,,,,
"US1MIKN0065","BELMONT 1.0 WNW, MI US","43.07895","-85.6282","239.3","2025-05",,,,,,,
"US1MIKN0065","BELMONT 1.0 WNW, MI US","43.07895","-85.6282","239.3","2025-06",,,,,,,
"USC00207070","ROCKFORD, MI US","43.1158","-85.5642","218.2","2025-04",,,,,,,
"USC00207070","ROCKFORD, MI US","43.1158","-85.5642","218.2","2025-05",,,,,,,
"USC00207070","ROCKFORD, MI US","43.1158","-85.5642","218.2","2025-06",,,,,,,
"US1MIGN0041","FLINT 2.4 WSW, MI US","43.004667","-83.733946","239.9","2025-06",,,,,,,
"USC00203823","HILLSDALE, MI US","41.9352","-84.6411","329.2","2025-01","0.0","-22.2","8.3","1891.0","-6.1","-2.1","-10.1"
"USC00203823","HILLSDALE, MI US","41.9352","-84.6411","329.2","2025-02","0.0","-18.3","12.8","2541.4","-4.9","-0.6","-9.2"
"USC00203823","HILLSDALE, MI US","41.9352","-84.6411","329.2","2025-03","0.0","-8.9","25.0","2967.0","4.6","11.3","-2.1"
"USC00203823","HILLSDALE, MI US","41.9352","-84.6411","329.2","2025-04","3.3","-6.7","28.9","3256.2","8.8","15.8","1.8"
"USC00203823","HILLSDALE, MI US","41.9352","-84.6411","329.2","2025-05","12.8","-0.6","29.4","3407.8","13.8","19.9","7.6"
"USC00203823","HILLSDALE, MI US","41.9352","-84.6411","329.2","2025-06","132.7","2.8","35.0","3430.0","21.6","27.9","15.3"
"US1MIGN0047","FENTON 1.1 S, MI US","42.78405","-83.71073","307.5","2025-05",,,,,,,
"US1MIGN0047","FENTON 1.1 S, MI US","42.78405","-83.71073","307.5","2025-06",,,,,,,
"US1MIWS0044","SALINE 1.3 SSE, MI US","42.15951","-83.7657","238.4","2025-06",,,,,,,
"US1MIAR0002","ALGER 2.4 ENE, MI US","44.1337316483259","-84.0743129700422","238.4","2025-01",,,,,,,
"US1MIAR0002","ALGER 2.4 ENE, MI US","44.1337316483259","-84.0743129700422","238.4","2025-02",,,,,,,
"US1MIAR0002","ALGER 2.4 ENE, MI US","44.1337316483259","-84.0743129700422","238.4","2025-03",,,,,,,
"US1MIAR0002","ALGER 2.4 ENE, MI US","44.1337316483259","-84.0743129700422","238.4","2025-04",,,,,,,
"US1MIAR0002","ALGER 2.4 ENE, MI US","44.1337316483259","-84.0743129700422","238.4","2025-06",,,,,,,
"USC00202851","FLINT 7 W, MI US","43.0377","-83.7694","207.0","2025-01","0.0","-21.1","7.8","2000.0","-6.3","-2.3","-10.3"
"USC00202851","FLINT 7 W, MI US","43.0377","-83.7694","207.0","2025-02","0.0","-18.3","10.6","2656.5","-5.1","-1.2","-9.0"
"USC00202851","FLINT 7 W, MI US","43.0377","-83.7694","207.0","2025-03","0.0","-9.4","22.8","3115.4","3.5","10.1","-3.1"
"USC00202851","FLINT 7 W, MI US","43.0377","-83.7694","207.0","2025-04","0.6","-6.1","27.8","3440.2","7.5","14.0","1.1"
"USC00202851","FLINT 7 W, MI US","43.0377","-83.7694","207.0","2025-05","7.0","-1.1","27.8","3624.9","12.6","18.2","7.0"
"USC00202851","FLINT 7 W, MI US","43.0377","-83.7694","207.0","2025-06","89.0","3.3","33.3","3647.2","20.3","26.3","14.4"
"US1MIAR0003","TAWAS CITY 9.3 SSW, MI US","44.1373","-83.5689","185.0","2025-01",,,,,,,
"US1MIAR0003","TAWAS CITY 9.3 SSW, MI US","44.1373","-83.5689","185.0","2025-02",,,,,,,
"US1MIAR0003","TAWAS CITY 9.3 SSW, MI US","44.1373","-83.5689","185.0","2025-03",,,,,,,
"US1MIAR0003","TAWAS CITY 9.3 SSW, MI US","44.1373","-83.5689","185.0","2025-04",,,,,,,
"US1MIAR0003","TAWAS CITY 9.3 SSW, MI US","44.1373","-83.5689","185.0","2025-05",,,,,,,
"US1MIAR0003","TAWAS CITY 9.3 SSW, MI US","44.1373","-83.5689","185.0","2025-06",,,,,,,
"USC00200552","BATTLE CREEK 5 NW, MI US","42.3678","-85.2634","281.3","2025-01","0.0","-22.8","7.8","1924.5","-6.2","-2.5","-9.9"
"USC00200552","BATTLE CREEK 5 NW, MI US","42.3678","-85.2634","281.3","2025-02","0.0","-20.0","11.1","2559.2","-4.3","-0.5","-8.2"
"USC00200552","BATTLE CREEK 5 NW, MI US","42.3678","-85.2634","281.3","2025-03","0.0","-10.6","24.4","2951.3","5.7","11.9","-0.5"
"USC00200552","BATTLE CREEK 5 NW, MI US","42.3678","-85.2634","281.3","2025-04","1.4","-6.7","27.2","3234.7","8.9","15.1","2.7"
"USC00200552","BATTLE CREEK 5 NW, MI US","42.3678","-85.2634","281.3","2025-05","9.7","-1.1","28.3","3392.1","13.4","19.5","7.3"
"USC00200552","BATTLE CREEK 5 NW, MI US","42.3678","-85.2634","281.3","2025-06","108.0","1.7","33.3","3410.7","21.1","27.3","15.0"
"USC00201522","CHESANING, MI US","43.1936","-84.1113","189.0","2025-01",,,,,,,
"USC00201522","CHESANING, MI US","43.1936","-84.1113","189.0","2025-02",,,,,,,
"USC00201522","CHESANING, MI US","43.1936","-84.1113","189.0","2025-03",,,,,,,
"USC00201522","CHESANING, MI US","43.1936","-84.1113","189.0","2025-04",,,,,,,
"USC00201522","CHESANING, MI US","43.1936","-84.1113","189.0","2025-05",,,,,,,
"USC00201522","CHESANING, MI US","43.1936","-84.1113","189.0","2025-06",,,,,,,
"US1MIWS0041","ANN ARBOR 7.1 W, MI US","42.2639","-83.8694","273.7","2025-01",,,,,,,
"US1MIWS0041","ANN ARBOR 7.1 W, MI US","42.2639","-83.8694","273.7","2025-02",,,,,,,
"US1MIWS0041","ANN ARBOR 7.1 W, MI US","42.2639","-83.8694","273.7","2025-04",,,,,,,
"US1MIWS0041","ANN ARBOR 7.1 W, MI US","42.2639","-83.8694","273.7","2025-05",,,,,,,
"US1MIWS0041","ANN ARBOR 7.1 W, MI US","42.2639","-83.8694","273.7","2025-06",,,,,,,
"USW00094814","HOUGHTON LAKE ROSCOMMON CO AIRPORT, MI US","44.35904","-84.6739","350.6","2025-01","0.0","-25.5","6.1","2267.7","-7.9","-3.8","-12.0"
"USW00094814","HOUGHTON LAKE ROSCOMMON CO AIRPORT, MI US","44.35904","-84.6739","350.6","2025-02","0.0","-19.9","7.8","2982.4","-7.2","-3.0","-11.4"
"USW00094814","HOUGHTON LAKE ROSCOMMON CO AIRPORT, MI US","44.35904","-84.6739","350.6","2025-03","0.0","-12.7","20.6","3520.4","1.0","6.8","-4.8"
"USW00094814","HOUGHTON LAKE ROSCOMMON CO AIRPORT, MI US","44.35904","-84.6739","350.6","2025-04","0.0","-8.8","23.9","3890.9","6.0","13.0","-1.0"
"USW00094814","HOUGHTON LAKE ROSCOMMON CO AIRPORT, MI US","44.35904","-84.6739","350.6","2025-05","6.1","-1.6","28.3","4102.8","11.7","17.9","5.5"
"USW00094814","HOUGHTON LAKE ROSCOMMON CO AIRPORT, MI US","44.35904","-84.6739","350.6","2025-06","66.4","1.7","33.3","4138.9","19.1","25.8","12.5"
"USW00094815","KALAMAZOO BATTLE CREEK INTERNATIONAL AIRPORT, MI US","42.22826","-85.546","263.3","2025-01","0.0","-21.6","6.1","1750.0","-5.8","-2.3","-9.2"
"USW00094815","KALAMAZOO BATTLE CREEK INTERNATIONAL AIRPORT, MI US","42.22826","-85.546","263.3","2025-02","0.0","-18.2","12.2","2371.6","-3.9","-0.1","-7.6"
"USW00094815","KALAMAZOO BATTLE CREEK INTERNATIONAL AIRPORT, MI US","42.22826","-85.546","263.3","2025-03","0.0","-7.7","25.0","2755.6","5.1","11.3","-1.1"
"USW00094815","KALAMAZOO BATTLE CREEK INTERNATIONAL AIRPORT, MI US","42.22826","-85.546","263.3","2025-04","0.8","-5.5","27.8","3032.6","9.1","15.7","2.6"
"USW00094815","KALAMAZOO BATTLE CREEK INTERNATIONAL AIRPORT, MI US","42.22826","-85.546","263.3","2025-05","9.2","-0.5","28.9","3185.6","13.7","19.6","7.7"
"USW00094815","KALAMAZOO BATTLE CREEK INTERNATIONAL AIRPORT, MI US","42.22826","-85.546","263.3","2025-06","131.1","2.2","34.4","3200.7","21.9","27.9","15.9"
"US1MIKN0077","COMSTOCK PARK 1.0 NNW, MI US","43.057961","-85.680295","227.7","2025-04",,,,,,,
"US1MIKN0077","COMSTOCK PARK 1.0 NNW, MI US","43.057961","-85.680295","227.7","2025-05",,,,,,,
"US1MIKN0077","COMSTOCK PARK 1.0 NNW, MI US","43.057961","-85.680295","227.7","2025-06",,,,,,,
"USW00094817","PONTIAC OAKLAND CO INTERNATIONAL AIRPORT, MI US","42.66314","-83.41016","295.4","2025-01","0.0","-21.0","6.7","1884.7","-6.0","-2.4","-9.7"
"USW00094817","PONTIAC OAKLAND CO INTERNATIONAL AIRPORT, MI US","42.66314","-83.41016","295.4","2025-02","0.0","-18.8","11.7","2521.1","-4.4","-0.7","-8.0"
"USW00094817","PONTIAC OAKLAND CO INTERNATIONAL AIRPORT, MI US","42.66314","-83.41016","295.4","2025-03","0.0","-9.3","22.8","2931.4","5.1","11.2","-1.0"
"USW00094817","PONTIAC OAKLAND CO INTERNATIONAL AIRPORT, MI US","42.66314","-83.41016","295.4","2025-04","0.0","-5.5","28.3","3207.1","9.1","15.4","2.9"
"USW00094817","PONTIAC OAKLAND CO INTERNATIONAL AIRPORT, MI US","42.66314","-83.41016","295.4","2025-05","7.5","1.7","28.3","3366.5","13.4","18.4","8.4"
"USW00094817","PONTIAC OAKLAND CO INTERNATIONAL AIRPORT, MI US","42.66314","-83.41016","295.4","2025-06","109.7","5.0","34.4","3378.2","21.4","27.1","15.6"
"US1MIMQ0040","GWINN 0.7 SW, MI US","46.283974","-87.450351","339.5","2025-02",,,,,,,
"US1MIMQ0040","GWINN 0.7 SW, MI US","46.283974","-87.450351","339.5","2025-03",,,,,,,
"US1MIMQ0040","GWINN 0.7 SW, MI US","46.283974","-87.450351","339.5","2025-04",,,,,,,
"US1MIMQ0040","GWINN 0.7 SW, MI US","46.283974","-87.450351","339.5","2025-05",,,,,,,
"US1MIMQ0040","GWINN 0.7 SW, MI US","46.283974","-87.450351","339.5","2025-06",,,,,,,
"US1MIKN0078","CEDAR SPRINGS 2.8 SSW, MI US","43.182941","-85.56863","253.9","2025-05",,,,,,,
"US1MIKN0078","CEDAR SPRINGS 2.8 SSW, MI US","43.182941","-85.56863","253.9","2025-06",,,,,,,
"US1MIWS0051","SALINE 2.7 SSW, MI US","42.1389363","-83.7970346","243.2","2025-04",,,,,,,
"US1MIWS0051","SALINE 2.7 SSW, MI US","42.1389363","-83.7970346","243.2","2025-05",,,,,,,
"US1MIMB0033","ROSEVILLE 1.7 ENE, MI US","42.5147724151611","-82.9042267799377","180.4","2025-01",,,,,,,
"US1MIMB0033","ROSEVILLE 1.7 ENE, MI US","42.5147724151611","-82.9042267799377","180.4","2025-02",,,,,,,
"US1MIMB0033","ROSEVILLE 1.7 ENE, MI US","42.5147724151611","-82.9042267799377","180.4","2025-03",,,,,,,
"US1MIMB0033","ROSEVILLE 1.7 ENE, MI US","42.5147724151611","-82.9042267799377","180.4","2025-04",,,,,,,
"US1MIMB0033","ROSEVILLE 1.7 ENE, MI US","42.5147724151611","-82.9042267799377","180.4","2025-05",,,,,,,
"US1MIMB0033","ROSEVILLE 1.7 ENE, MI US","42.5147724151611","-82.9042267799377","180.4","2025-06",,,,,,,
"USC00204808","LEXINGTON WATER PLANT, MI US","43.26319","-82.5327","189.6","2025-01","0.0","-20.0","6.7","1735.4","-6.2","-2.1","-10.2"
"USC00204808","LEXINGTON WATER PLANT, MI US","43.26319","-82.5327","189.6","2025-02","0.0","-18.3","10.0","2341.9","-5.9","-1.7","-10.1"
"USC00204808","LEXINGTON WATER PLANT, MI US","43.26319","-82.5327","189.6","2025-03","0.0","-9.4","21.1","2816.0","3.0","8.4","-2.3"
"USC00204808","LEXINGTON WATER PLANT, MI US","43.26319","-82.5327","189.6","2025-04","0.0","-5.0","29.4","3109.2","7.5","13.2","1.7"
"USC00204808","LEXINGTON WATER PLANT, MI US","43.26319","-82.5327","189.6","2025-05","3.0","1.7","27.2","3279.3","11.9","16.4","7.4"
"USC00204808","LEXINGTON WATER PLANT, MI US","43.26319","-82.5327","189.6","2025-06","64.3","3.9","35.0","3318.7","19.1","24.1","14.0"
"US1MIMB0030","SHELBY 2.6 SW, MI US","42.64333333","-83.06916667","215.2","2025-04",,,,,,,
"US1MIMB0030","SHELBY 2.6 SW, MI US","42.64333333","-83.06916667","215.2","2025-05",,,,,,,
"US1MIMB0030","SHELBY 2.6 SW, MI US","42.64333333","-83.06916667","215.2","2025-06",,,,,,,
"US1MIWS0059","ANN ARBOR 4.3 WSW, MI US","42.24744","-83.80649","320.3","2025-05",,,,,,,
"US1MIWS0059","ANN ARBOR 4.3 WSW, MI US","42.24744","-83.80649","320.3","2025-06",,,,,,,
"US1MIWS0058","ANN ARBOR 6.4 NNE, MI US","42.36326","-83.69184","307.2","2025-02",,,,,,,
"US1MIWS0058","ANN ARBOR 6.4 NNE, MI US","42.36326","-83.69184","307.2","2025-03",,,,,,,
"US1MIWS0058","ANN ARBOR 6.4 NNE, MI US","42.36326","-83.69184","307.2","2025-04",,,,,,,
"US1MIWS0058","ANN ARBOR 6.4 NNE, MI US","42.36326","-83.69184","307.2","2025-06",,,,,,,
"US1MIWS0055","SOUTH LYON 2.6 SW, MI US","42.43423","-83.68679","296.0","2025-05",,,,,,,
"US1MIWS0053","CHELSEA 3.7 NNE, MI US","42.3636","-83.9933","288.3","2025-01",,,,,,,
"US1MIWS0053","CHELSEA 3.7 NNE, MI US","42.3636","-83.9933","288.3","2025-02",,,,,,,
"US1MIWS0053","CHELSEA 3.7 NNE, MI US","42.3636","-83.9933","288.3","2025-03",,,,,,,
"US1MIWS0053","CHELSEA 3.7 NNE, MI US","42.3636","-83.9933","288.3","2025-04",,,,,,,
"US1MIWS0053","CHELSEA 3.7 NNE, MI US","42.3636","-83.9933","288.3","2025-05",,,,,,,
"US1MIWS0053","CHELSEA 3.7 NNE, MI US","42.3636","-83.9933","288.3","2025-06",,,,,,,
"USC00202984","FRANKFORT 2 NE, MI US","44.64822","-86.20986","289.0","2025-01","0.0","-18.3","6.1",,"-5.2","-1.8","-8.6"
"USC00202984","FRANKFORT 2 NE, MI US","44.64822","-86.20986","289.0","2025-02","0.0","-13.9","10.6",,"-4.4","-1.0","-7.7"
"USC00202984","FRANKFORT 2 NE, MI US","44.64822","-86.20986","289.0","2025-03","0.0","-10.0","22.8",,"2.2","7.4","-2.9"
"USC00202984","FRANKFORT 2 NE, MI US","44.64822","-86.20986","289.0","2025-04","0.0","-5.6","23.9",,"6.9","12.4","1.5"
"USC00202984","FRANKFORT 2 NE, MI US","44.64822","-86.20986","289.0","2025-05","6.1","1.7","27.8",,"11.8","16.6","6.9"
"USC00202984","FRANKFORT 2 NE, MI US","44.64822","-86.20986","289.0","2025-06","59.0","4.4","30.0",,"19.0","23.6","14.3"
"USR0000MRAC","RACO MICHIGAN, MI US","46.25","-84.5833","274.3","2025-01","0.0","-26.1","2.8","2360.4","-8.6","-4.5","-12.6"
"USR0000MRAC","RACO MICHIGAN, MI US","46.25","-84.5833","274.3","2025-02","0.0","-28.3","11.1","3105.1","-8.3","-3.2","-13.4"
"USR0000MRAC","RACO MICHIGAN, MI US","46.25","-84.5833","274.3","2025-03","0.0","-19.4","15.0","3745.6","-2.3","3.0","-7.7"
"USR0000MRAC","RACO MICHIGAN, MI US","46.25","-84.5833","274.3","2025-04","0.0","-19.4","18.9","4181.7","2.7","9.2","-3.9"
"USR0000MRAC","RACO MICHIGAN, MI US","46.25","-84.5833","274.3","2025-05","2.5","-6.1","28.3","4430.5","10.4","17.6","3.2"
"USR0000MRAC","RACO MICHIGAN, MI US","46.25","-84.5833","274.3","2025-06","25.0","-2.2","31.7","4506.1","16.6","23.5","9.6"
"USC00208184","THREE RIVERS, MI US","41.9299","-85.6385","246.9","2025-01","0.0","-20.6","8.9","1844.9","-5.4","-1.2","-9.6"
"USC00208184","THREE RIVERS, MI US","41.9299","-85.6385","246.9","2025-02","0.0","-16.7","11.7","2458.2","-3.6","1.0","-8.2"
"USC00208184","THREE RIVERS, MI US","41.9299","-85.6385","246.9","2025-03","0.0","-6.7","24.4","2858.1","5.4","12.0","-1.1"
"USC00208184","THREE RIVERS, MI US","41.9299","-85.6385","246.9","2025-04","2.0","-4.4","27.8","3143.4","8.9","15.6","2.1"
"USC00208184","THREE RIVERS, MI US","41.9299","-85.6385","246.9","2025-05","9.7","1.1","30.0","3285.0","14.0","20.1","8.0"
"USC00208184","THREE RIVERS, MI US","41.9299","-85.6385","246.9","2025-06","123.7","3.3","33.9","3307.2","21.4","27.4","15.3"
"US1MIGT0001","TRAVERSE CITY 4.1 E, MI US","44.746623","-85.519284","195.4","2025-05",,,,,,,
"US1MIGT0001","TRAVERSE CITY 4.1 E, MI US","44.746623","-85.519284","195.4","2025-06",,,,,,,
"US1MIKN0086","GRAND RAPIDS 5.5 SSE, MI US","42.891167","-85.60239","234.4","2025-02",,,,,,,
"US1MIKN0086","GRAND RAPIDS 5.5 SSE, MI US","42.891167","-85.60239","234.4","2025-03",,,,,,,
"US1MIKN0086","GRAND RAPIDS 5.5 SSE, MI US","42.891167","-85.60239","234.4","2025-04",,,,,,,
"US1MIKN0086","GRAND RAPIDS 5.5 SSE, MI US","42.891167","-85.60239","234.4","2025-05",,,,,,,
"US1MIKN0086","GRAND RAPIDS 5.5 SSE, MI US","42.891167","-85.60239","234.4","2025-06",,,,,,,
"US1MIWS0028","DEXTER 0.3 ENE, MI US","42.333667755127","-83.875129699707","274.0","2025-01",,,,,,,
"US1MIWS0028","DEXTER 0.3 ENE, MI US","42.333667755127","-83.875129699707","274.0","2025-02",,,,,,,
"US1MIWS0028","DEXTER 0.3 ENE, MI US","42.333667755127","-83.875129699707","274.0","2025-03",,,,,,,
"US1MIWS0028","DEXTER 0.3 ENE, MI US","42.333667755127","-83.875129699707","274.0","2025-05",,,,,,,
"US1MIHL0013","OSSEO 2.7 NE, MI US","41.900713","-84.493602","356.6","2025-01",,,,,,,
"US1MIHL0013","OSSEO 2.7 NE, MI US","41.900713","-84.493602","356.6","2025-02",,,,,,,
"US1MIHL0013","OSSEO 2.7 NE, MI US","41.900713","-84.493602","356.6","2025-03",,,,,,,
"US1MIHL0013","OSSEO 2.7 NE, MI US","41.900713","-84.493602","356.6","2025-04",,,,,,,
"US1MIHL0013","OSSEO 2.7 NE, MI US","41.900713","-84.493602","356.6","2025-05",,,,,,,
"US1MIHL0013","OSSEO 2.7 NE, MI US","41.900713","-84.493602","356.6","2025-06",,,,,,,
"US1MIHR0001","BAD AXE 6.3 SSW, MI US","43.7226168665","-83.0572713121","232.0","2025-01",,,,,,,
"US1MIHR0001","BAD AXE 6.3 SSW, MI US","43.7226168665","-83.0572713121","232.0","2025-02",,,,,,,
"US1MIHR0001","BAD AXE 6.3 SSW, MI US","43.7226168665","-83.0572713121","232.0","2025-03",,,,,,,
"US1MIHR0001","BAD AXE 6.3 SSW, MI US","43.7226168665","-83.0572713121","232.0","2025-04",,,,,,,
"US1MIHR0001","BAD AXE 6.3 SSW, MI US","43.7226168665","-83.0572713121","232.0","2025-05",,,,,,,
"US1MIHR0001","BAD AXE 6.3 SSW, MI US","43.7226168665","-83.0572713121","232.0","2025-06",,,,,,,
"US1MIHR0002","BAD AXE 0.5 SSW, MI US","43.796139","-82.999626","228.0","2025-05",,,,,,,
"US1MIHR0002","BAD AXE 0.5 SSW, MI US","43.796139","-82.999626","228.0","2025-06",,,,,,,
"USR0000MBAL","BALDWIN MICHIGAN, MI US","43.8933","-85.8506","253.6","2025-01","0.0","-25.0","10.0","2109.1","-6.1","-2.2","-10.1"
"USR0000MBAL","BALDWIN MICHIGAN, MI US","43.8933","-85.8506","253.6","2025-02","0.0","-27.2","10.0","2813.8","-6.8","-1.1","-12.6"
"USR0000MBAL","BALDWIN MICHIGAN, MI US","43.8933","-85.8506","253.6","2025-03","0.0","-15.6","25.0","3316.3","2.1","9.4","-5.1"
"USR0000MBAL","BALDWIN MICHIGAN, MI US","43.8933","-85.8506","253.6","2025-04","0.0","-10.6","26.7","3678.7","6.3","14.4","-1.9"
"USR0000MBAL","BALDWIN MICHIGAN, MI US","43.8933","-85.8506","253.6","2025-05","6.7","-3.9","30.6","3873.4","12.3","19.8","4.7"
"USR0000MBAL","BALDWIN MICHIGAN, MI US","43.8933","-85.8506","253.6","2025-06","94.2","-2.8","33.3","3903.1","20.3","27.6","13.0"
"US1MIHL0015","HILLSDALE 2.5 ESE, MI US","41.910949","-84.592046","360.3","2025-01",,,,,,,
"US1MIHL0015","HILLSDALE 2.5 ESE, MI US","41.910949","-84.592046","360.3","2025-02",,,,,,,
"US1MIHL0015","HILLSDALE 2.5 ESE, MI US","41.910949","-84.592046","360.3","2025-03",,,,,,,
"US1MIHL0015","HILLSDALE 2.5 ESE, MI US","41.910949","-84.592046","360.3","2025-04",,,,,,,
"US1MIHL0015","HILLSDALE 2.5 ESE, MI US","41.910949","-84.592046","360.3","2025-05",,,,,,,
"US1MIGN0022","GRAND BLANC 2.9 SE, MI US","42.8908670693636","-83.585834428668","283.8","2025-01",,,,,,,
"US1MIGN0022","GRAND BLANC 2.9 SE, MI US","42.8908670693636","-83.585834428668","283.8","2025-04",,,,,,,
"US1MIGN0022","GRAND BLANC 2.9 SE, MI US","42.8908670693636","-83.585834428668","283.8","2025-05",,,,,,,
"US1MIGN0022","GRAND BLANC 2.9 SE, MI US","42.8908670693636","-83.585834428668","283.8","2025-06",,,,,,,
"US1MIKN0084","GRAND RAPIDS 4.6 ESE, MI US","42.9281463623047","-85.5768508911133","239.6","2025-06",,,,,,,
"US1MIWS0025","SALINE 3.8 SSW, MI US","42.12618","-83.81094","249.9","2025-01",,,,,,,
"US1MIWS0025","SALINE 3.8 SSW, MI US","42.12618","-83.81094","249.9","2025-02",,,,,,,
"US1MIWS0025","SALINE 3.8 SSW, MI US","42.12618","-83.81094","249.9","2025-03",,,,,,,
"US1MIWS0025","SALINE 3.8 SSW, MI US","42.12618","-83.81094","249.9","2025-05",,,,,,,
"US1MIWS0025","SALINE 3.8 SSW, MI US","42.12618","-83.81094","249.9","2025-06",,,,,,,
"US1MIMB0009","NEW BALTIMORE 0.4 SSE, MI US","42.677025","-82.735671","175.0","2025-01",,,,,,,
"US1MIMB0009","NEW BALTIMORE 0.4 SSE, MI US","42.677025","-82.735671","175.0","2025-02",,,,,,,
"US1MIMB0009","NEW BALTIMORE 0.4 SSE, MI US","42.677025","-82.735671","175.0","2025-03",,,,,,,
"US1MIMB0009","NEW BALTIMORE 0.4 SSE, MI US","42.677025","-82.735671","175.0","2025-04",,,,,,,
"US1MIMB0009","NEW BALTIMORE 0.4 SSE, MI US","42.677025","-82.735671","175.0","2025-05",,,,,,,
"US1MIMB0009","NEW BALTIMORE 0.4 SSE, MI US","42.677025","-82.735671","175.0","2025-06",,,,,,,
"US1MIWS0024","ANN ARBOR 2.6 NNE, MI US","42.31025","-83.713693","277.4","2025-03",,,,,,,
"US1MIWS0024","ANN ARBOR 2.6 NNE, MI US","42.31025","-83.713693","277.4","2025-04",,,,,,,
"US1MIWS0024","ANN ARBOR 2.6 NNE, MI US","42.31025","-83.713693","277.4","2025-05",,,,,,,
"US1MIWS0024","ANN ARBOR 2.6 NNE, MI US","42.31025","-83.713693","277.4","2025-06",,,,,,,
"US1MIKN0083","ROCKFORD 5.0 ESE, MI US","43.09455","-85.467366","265.5","2025-01",,,,,,,
"US1MIKN0083","ROCKFORD 5.0 ESE, MI US","43.09455","-85.467366","265.5","2025-02",,,,,,,
"US1MIKN0083","ROCKFORD 5.0 ESE, MI US","43.09455","-85.467366","265.5","2025-03",,,,,,,
"US1MIKN0083","ROCKFORD 5.0 ESE, MI US","43.09455","-85.467366","265.5","2025-05",,,,,,,
"US1MIKN0083","ROCKFORD 5.0 ESE, MI US","43.09455","-85.467366","265.5","2025-06",,,,,,,
"US1MIMB0007","SHELBY 0.4 SSE, MI US","42.665936","-83.028694","207.3","2025-01",,,,,,,
"US1MIMB0007","SHELBY 0.4 SSE, MI US","42.665936","-83.028694","207.3","2025-02",,,,,,,
"US1MIMB0007","SHELBY 0.4 SSE, MI US","42.665936","-83.028694","207.3","2025-03",,,,,,,
"US1MIMB0007","SHELBY 0.4 SSE, MI US","42.665936","-83.028694","207.3","2025-04",,,,,,,
"US1MIMB0007","SHELBY 0.4 SSE, MI US","42.665936","-83.028694","207.3","2025-05",,,,,,,
"US1MIMB0007","SHELBY 0.4 SSE, MI US","42.665936","-83.028694","207.3","2025-06",,,,,,,
"US1MIWY0011","WOODHAVEN 0.9 WNW, MI US","42.136495","-83.252854","181.1","2025-05",,,,,,,
"USW00094836","GWINN K I SAWYER AFB, MI US","46.35","-87.4","372.2","2025-01","0.0","-28.0","3.0",,"-8.9","-4.9","-13.0"
"USW00094836","GWINN K I SAWYER AFB, MI US","46.35","-87.4","372.2","2025-02","0.0","-26.0","9.0",,"-8.5","-4.1","-12.9"
"USW00094836","GWINN K I SAWYER AFB, MI US","46.35","-87.4","372.2","2025-03","0.0","-18.0","15.0",,"-1.3","3.6","-6.3"
"USW00094836","GWINN K I SAWYER AFB, MI US","46.35","-87.4","372.2","2025-04","0.0","-18.0","18.0",,"2.8","7.8","-2.2"
"USW00094836","GWINN K I SAWYER AFB, MI US","46.35","-87.4","372.2","2025-05","2.8","-2.0","29.0",,"10.5","16.3","4.7"
"USW00094836","GWINN K I SAWYER AFB, MI US","46.35","-87.4","372.2","2025-06","47.6","0.0","35.0",,"17.2","22.9","11.6"
"USC00203858","HOLLAND WTP, MI US","42.7989","-86.20635","184.4","2025-01",,,,,,,
"USC00203858","HOLLAND WTP, MI US","42.7989","-86.20635","184.4","2025-02",,,,,,,
"USC00203858","HOLLAND WTP, MI US","42.7989","-86.20635","184.4","2025-03",,,,,,,
"USC00203858","HOLLAND WTP, MI US","42.7989","-86.20635","184.4","2025-04",,,,,,,
"USC00203858","HOLLAND WTP, MI US","42.7989","-86.20635","184.4","2025-05",,,,,,,
"USC00203858","HOLLAND WTP, MI US","42.7989","-86.20635","184.4","2025-06",,,,,,,
"USC00201435","CLARKSBURG, MI US","46.49909","-87.84506","473.7","2025-01","0.0","-31.1","4.4","2852.1","-11.7","-6.5","-17.0"
"USC00201435","CLARKSBURG, MI US","46.49909","-87.84506","473.7","2025-02","0.0","-32.2","9.4","3691.6","-11.6","-4.6","-18.7"
"USC00201435","CLARKSBURG, MI US","46.49909","-87.84506","473.7","2025-03","0.0","-27.2","15.6","4389.0","-4.2","3.5","-11.9"
"USC00201435","CLARKSBURG, MI US","46.49909","-87.84506","473.7","2025-04","0.0","-21.7","18.9","4916.1","0.8","8.7","-7.2"
"USC00201435","CLARKSBURG, MI US","46.49909","-87.84506","473.7","2025-05","0.0","-5.6","31.7","5196.5","9.3","18.3","0.2"
"USC00201435","CLARKSBURG, MI US","46.49909","-87.84506","473.7","2025-06","28.6","-2.8","35.0","5304.8","15.7","24.0","7.3"
"USC00200106","ALGONAC WWTP, MI US","42.6158","-82.5436","178.3","2025-01","0.0","-19.4","5.0","1840.0","-5.5","-1.4","-9.6"
"USC00200106","ALGONAC WWTP, MI US","42.6158","-82.5436","178.3","2025-02","0.0","-18.9","12.8","2473.3","-4.3","0.4","-9.0"
"USC00200106","ALGONAC WWTP, MI US","42.6158","-82.5436","178.3","2025-03","0.0","-8.3","22.2","2910.0","4.3","10.7","-2.2"
"USC00200106","ALGONAC WWTP, MI US","42.6158","-82.5436","178.3","2025-04","0.0","-7.2","28.9","3212.2","8.3","15.3","1.2"
"USC00200106","ALGONAC WWTP, MI US","42.6158","-82.5436","178.3","2025-05","10.5","-0.6","28.9","3381.5","13.2","19.3","7.1"
"USC00200106","ALGONAC WWTP, MI US","42.6158","-82.5436","178.3","2025-06","108.1","3.9","35.0","3396.5","21.1","27.4","14.7"
"USC00204944","LOWELL, MI US","42.92793","-85.34013","199.9","2025-01",,,,,,,
"USC00204944","LOWELL, MI US","42.92793","-85.34013","199.9","2025-02",,,,,,,
"USC00204944","LOWELL, MI US","42.92793","-85.34013","199.9","2025-03",,,,,,,
"USC00204944","LOWELL, MI US","42.92793","-85.34013","199.9","2025-04",,,,,,,
"USC00204944","LOWELL, MI US","42.92793","-85.34013","199.9","2025-05",,,,,,,
"USC00204944","LOWELL, MI US","42.92793","-85.34013","199.9","2025-06",,,,,,,
"USC00200228","ANN ARBOR SE, MI US","42.2416","-83.6933","253.6","2025-01","0.0","-20.0","8.9","1880.9","-5.3","-1.4","-9.2"
"USC00200228","ANN ARBOR SE, MI US","42.2416","-83.6933","253.6","2025-02","0.0","-18.3","13.3","2506.7","-4.0","0.4","-8.4"
"USC00200228","ANN ARBOR SE, MI US","42.2416","-83.6933","253.6","2025-03","0.0","-11.1","23.3","2927.5","4.8","11.5","-1.9"
"USC00200228","ANN ARBOR SE, MI US","42.2416","-83.6933","253.6","2025-04","2.5","-6.1","29.4","3225.0","8.5","15.8","1.2"
"USC00200228","ANN ARBOR SE, MI US","42.2416","-83.6933","253.6","2025-05","9.4","0.6","28.9","3377.8","13.6","19.6","7.6"
"USC00200228","ANN ARBOR SE, MI US","42.2416","-83.6933","253.6","2025-06","104.3","5.0","34.4","3399.0","20.8","27.2","14.4"
"US1MIGN0034","DAVISON 3.4 NNW, MI US","43.07662","-83.54797","248.7","2025-01",,,,,,,
"US1MIGN0034","DAVISON 3.4 NNW, MI US","43.07662","-83.54797","248.7","2025-02",,,,,,,
"US1MIGN0034","DAVISON 3.4 NNW, MI US","43.07662","-83.54797","248.7","2025-03",,,,,,,
"US1MIGN0034","DAVISON 3.4 NNW, MI US","43.07662","-83.54797","248.7","2025-04",,,,,,,
"US1MIGN0034","DAVISON 3.4 NNW, MI US","43.07662","-83.54797","248.7","2025-05",,,,,,,
"US1MIGN0034","DAVISON 3.4 NNW, MI US","43.07662","-83.54797","248.7","2025-06",,,,,,,
"US1MIWS0037","PLYMOUTH 6.3 W, MI US","42.382058","-83.589714","276.8","2025-03",,,,,,,
"US1MIWS0037","PLYMOUTH 6.3 W, MI US","42.382058","-83.589714","276.8","2025-05",,,,,,,
"US1MIWS0037","PLYMOUTH 6.3 W, MI US","42.382058","-83.589714","276.8","2025-06",,,,,,,
"US1MIWY0125","CANTON 2.7 N, MI US","42.347327","-83.472867","210.6","2025-01",,,,,,,
"US1MIWY0125","CANTON 2.7 N, MI US","42.347327","-83.472867","210.6","2025-02",,,,,,,
"US1MIWY0125","CANTON 2.7 N, MI US","42.347327","-83.472867","210.6","2025-03",,,,,,,
"US1MIWY0125","CANTON 2.7 N, MI US","42.347327","-83.472867","210.6","2025-04",,,,,,,
"US1MIWY0125","CANTON 2.7 N, MI US","42.347327","-83.472867","210.6","2025-05",,,,,,,
"US1MIWY0125","CANTON 2.7 N, MI US","42.347327","-83.472867","210.6","2025-06",,,,,,,
"US1MIGN0037","DAVISON 1.8 SW, MI US","43.0103842610508","-83.538554962332","241.7","2025-05",,,,,,,
"US1MIGN0037","DAVISON 1.8 SW, MI US","43.0103842610508","-83.538554962332","241.7","2025-06",,,,,,,
"US1MIKN0093","GRANDVILLE 0.6 SSW, MI US","42.89531","-85.76006","192.0","2025-01",,,,,,,
"US1MIKN0093","GRANDVILLE 0.6 SSW, MI US","42.89531","-85.76006","192.0","2025-02",,,,,,,
"US1MIKN0093","GRANDVILLE 0.6 SSW, MI US","42.89531","-85.76006","192.0","2025-03",,,,,,,
"US1MIKN0093","GRANDVILLE 0.6 SSW, MI US","42.89531","-85.76006","192.0","2025-04",,,,,,,
"US1MIKN0093","GRANDVILLE 0.6 SSW, MI US","42.89531","-85.76006","192.0","2025-05",,,,,,,
"US1MIKN0093","GRANDVILLE 0.6 SSW, MI US","42.89531","-85.76006","192.0","2025-06",,,,,,,
"US1MIKN0094","CALEDONIA 2.6 NNW, MI US","42.82742","-85.534945","250.9","2025-01",,,,,,,
"US1MIKN0094","CALEDONIA 2.6 NNW, MI US","42.82742","-85.534945","250.9","2025-02",,,,,,,
"US1MIKN0094","CALEDONIA 2.6 NNW, MI US","42.82742","-85.534945","250.9","2025-03",,,,,,,
"US1MIKN0094","CALEDONIA 2.6 NNW, MI US","42.82742","-85.534945","250.9","2025-04",,,,,,,
"US1MIKN0094","CALEDONIA 2.6 NNW, MI US","42.82742","-85.534945","250.9","2025-05",,,,,,,
"US1MIKN0094","CALEDONIA 2.6 NNW, MI US","42.82742","-85.534945","250.9","2025-06",,,,,,,
"USC00200342","ATLANTA, MI US","45.00471","-84.14043","267.9","2025-01","0.0","-22.8","5.6","2350.7","-8.5","-4.1","-12.9"
"USC00200342","ATLANTA, MI US","45.00471","-84.14043","267.9","2025-02","0.0","-20.6","11.7","3072.7","-7.4","-2.9","-12.0"
"USC00200342","ATLANTA, MI US","45.00471","-84.14043","267.9","2025-03","0.0","-16.1","20.6","3641.6","0.0","5.7","-5.7"
"USC00200342","ATLANTA, MI US","45.00471","-84.14043","267.9","2025-04","0.0","-10.6","24.4","4051.4","4.7","11.8","-2.5"
"USC00200342","ATLANTA, MI US","45.00471","-84.14043","267.9","2025-05","10.6","-2.8","30.0","4280.2","11.3","17.1","5.5"
"USC00200342","ATLANTA, MI US","45.00471","-84.14043","267.9","2025-06","64.2","3.9","35.0","4331.8","18.4","25.2","11.6"
"US1MIWS0031","DEXTER 2.2 SE, MI US","42.304488","-83.855344","285.6","2025-01",,,,,,,
"US1MIWS0031","DEXTER 2.2 SE, MI US","42.304488","-83.855344","285.6","2025-02",,,,,,,
"US1MIWS0031","DEXTER 2.2 SE, MI US","42.304488","-83.855344","285.6","2025-03",,,,,,,
"US1MIWS0031","DEXTER 2.2 SE, MI US","42.304488","-83.855344","285.6","2025-04",,,,,,,
"US1MIWS0031","DEXTER 2.2 SE, MI US","42.304488","-83.855344","285.6","2025-05",,,,,,,
"US1MIWS0031","DEXTER 2.2 SE, MI US","42.304488","-83.855344","285.6","2025-06",,,,,,,
"USC00201675","COLDWATER ST SCHOOL, MI US","41.9622","-84.9925","299.9","2025-01","0.0","-21.7","8.3","1921.4","-6.3","-2.8","-9.9"
"USC00201675","COLDWATER ST SCHOOL, MI US","41.9622","-84.9925","299.9","2025-02","0.0","-17.8","11.7","2553.3","-4.2","0.1","-8.6"
"USC00201675","COLDWATER ST SCHOOL, MI US","41.9622","-84.9925","299.9","2025-03","0.0","-10.6","23.9","2968.5","4.9","11.6","-1.7"
"USC00201675","COLDWATER ST SCHOOL, MI US","41.9622","-84.9925","299.9","2025-04","5.3","-5.0","27.8","3265.2","8.6","15.1","2.2"
"USC00201675","COLDWATER ST SCHOOL, MI US","41.9622","-84.9925","299.9","2025-05","13.1","0.0","28.9","3414.1","13.8","19.9","7.6"
"USC00201675","COLDWATER ST SCHOOL, MI US","41.9622","-84.9925","299.9","2025-06","129.9","2.8","33.9","3438.3","21.4","27.2","15.6"
"US1MIGT0021","KINGSLEY 2.7 ENE, MI US","44.59871667","-85.48426667","281.3","2025-01",,,,,,,
"US1MIGT0021","KINGSLEY 2.7 ENE, MI US","44.59871667","-85.48426667","281.3","2025-02",,,,,,,
"US1MIGT0021","KINGSLEY 2.7 ENE, MI US","44.59871667","-85.48426667","281.3","2025-03",,,,,,,
"US1MIGT0021","KINGSLEY 2.7 ENE, MI US","44.59871667","-85.48426667","281.3","2025-04",,,,,,,
"US1MIGT0021","KINGSLEY 2.7 ENE, MI US","44.59871667","-85.48426667","281.3","2025-05",,,,,,,
"US1MIGT0021","KINGSLEY 2.7 ENE, MI US","44.59871667","-85.48426667","281.3","2025-06",,,,,,,
"US1MIMB0071","ST CLAIR SHORES 2.5 N, MI US","42.5283646","-82.8846237","186.8","2025-01",,,,,,,
"US1MIMB0071","ST CLAIR SHORES 2.5 N, MI US","42.5283646","-82.8846237","186.8","2025-03",,,,,,,
"US1MIMB0071","ST CLAIR SHORES 2.5 N, MI US","42.5283646","-82.8846237","186.8","2025-04",,,,,,,
"US1MIMB0071","ST CLAIR SHORES 2.5 N, MI US","42.5283646","-82.8846237","186.8","2025-05",,,,,,,
"US1MIMB0070","STERLING HEIGHTS 2.2 NNE, MI US","42.606547","-83.007035","188.4","2025-05",,,,,,,
"US1MIMB0070","STERLING HEIGHTS 2.2 NNE, MI US","42.606547","-83.007035","188.4","2025-06",,,,,,,
"USC00208080","TECUMSEH, MI US","42.0027","-83.9336","237.7","2025-01","0.0","-20.0","7.8",,"-5.8","-1.9","-9.7"
"USC00208080","TECUMSEH, MI US","42.0027","-83.9336","237.7","2025-04",,,,,,,
"USC00208080","TECUMSEH, MI US","42.0027","-83.9336","237.7","2025-05",,,,,,,
"USC00208080","TECUMSEH, MI US","42.0027","-83.9336","237.7","2025-06",,,,,,,
"US1MIMB0069","ROSEVILLE 0.6 E, MI US","42.505895","-82.924859","184.7","2025-01",,,,,,,
"US1MIMB0069","ROSEVILLE 0.6 E, MI US","42.505895","-82.924859","184.7","2025-02",,,,,,,
"USC00204958","LUDINGTON STATE PARK, MI US","44.0334","-86.5043","179.2","2025-04",,,,,,,
"USC00204958","LUDINGTON STATE PARK, MI US","44.0334","-86.5043","179.2","2025-05",,,,,,,
"USC00204958","LUDINGTON STATE PARK, MI US","44.0334","-86.5043","179.2","2025-06",,,,,,,
"USW00014808","OSCODA WURTSMITH AIRPORT, MI US","44.45","-83.4","192.9","2025-01","0.0","-24.0","3.0",,"-7.3","-3.0","-11.7"
"USW00014808","OSCODA WURTSMITH AIRPORT, MI US","44.45","-83.4","192.9","2025-02","0.0","-22.0","10.0",,"-5.7","-1.5","-10.0"
"USW00014808","OSCODA WURTSMITH AIRPORT, MI US","44.45","-83.4","192.9","2025-03","0.0","-12.0","21.0",,"1.7","7.5","-4.0"
"USW00014808","OSCODA WURTSMITH AIRPORT, MI US","44.45","-83.4","192.9","2025-04","0.0","-9.0","28.0",,"5.9","11.9","0.0"
"USW00014808","OSCODA WURTSMITH AIRPORT, MI US","44.45","-83.4","192.9","2025-05","2.2","-1.0","27.0",,"10.9","15.6","6.2"
"USW00014808","OSCODA WURTSMITH AIRPORT, MI US","44.45","-83.4","192.9","2025-06","58.4","4.0","37.0",,"18.7","24.9","12.5"
"US1MIWS0081","ANN ARBOR 1.9 W, MI US","42.27112","-83.76696","283.8","2025-04",,,,,,,
"US1MIWS0081","ANN ARBOR 1.9 W, MI US","42.27112","-83.76696","283.8","2025-05",,,,,,,
"US1MIWS0081","ANN ARBOR 1.9 W, MI US","42.27112","-83.76696","283.8","2025-06",,,,,,,
"USC00203504","GULL LAKE BIOLOGICAL STATION, MI US","42.3941","-85.385","281.9","2025-01","0.0","-17.2","5.6",,"-4.5","-1.0","-8.0"
"USC00203504","GULL LAKE BIOLOGICAL STATION, MI US","42.3941","-85.385","281.9","2025-02","0.0","-15.6","7.8",,"-3.1","0.3","-6.4"
"USC00203504","GULL LAKE BIOLOGICAL STATION, MI US","42.3941","-85.385","281.9","2025-03",,"-6.7",,,,,"0.1"
"USC00203504","GULL LAKE BIOLOGICAL STATION, MI US","42.3941","-85.385","281.9","2025-05",,,,,,,
"USC00203504","GULL LAKE BIOLOGICAL STATION, MI US","42.3941","-85.385","281.9","2025-06",,,,,,,
"US1MIMB0065","CHESTERFIELD 2.4 E, MI US","42.66549","-82.79473","178.9","2025-01",,,,,,,
"US1MIMB0065","CHESTERFIELD 2.4 E, MI US","42.66549","-82.79473","178.9","2025-04",,,,,,,
"US1MIMB0065","CHESTERFIELD 2.4 E, MI US","42.66549","-82.79473","178.9","2025-05",,,,,,,
"US1MIMB0065","CHESTERFIELD 2.4 E, MI US","42.66549","-82.79473","178.9","2025-06",,,,,,,
"US1MIWS0080","ANN ARBOR 2.8 SE, MI US","42.245694","-83.693389","249.0","2025-05",,,,,,,
"US1MIWS0080","ANN ARBOR 2.8 SE, MI US","42.245694","-83.693389","249.0","2025-06",,,,,,,
"USW00014804","MOUNT CLEMENS ANG BASE, MI US","42.6083","-82.8183","176.8","2025-01","0.0","-18.9","6.7","1751.9","-4.8","-1.1","-8.5"
"USW00014804","MOUNT CLEMENS ANG BASE, MI US","42.6083","-82.8183","176.8","2025-02","0.0","-16.1","13.3","2356.6","-3.3","0.4","-7.0"
"USW00014804","MOUNT CLEMENS ANG BASE, MI US","42.6083","-82.8183","176.8","2025-03","0.0","-7.8","22.2","2755.6","5.5","12.2","-1.3"
"USW00014804","MOUNT CLEMENS ANG BASE, MI US","42.6083","-82.8183","176.8","2025-04","0.3","-5.0","29.4","3021.2","9.5","15.8","3.1"
"USW00014804","MOUNT CLEMENS ANG BASE, MI US","42.6083","-82.8183","176.8","2025-05","7.6","2.2","27.2","3169.3","13.8","19.2","8.4"
"USW00014804","MOUNT CLEMENS ANG BASE, MI US","42.6083","-82.8183","176.8","2025-06","116.3","5.6","35.6","3180.4","21.6","27.5","15.6"
"USC00203628","HARRISVILLE STATE PARK, MI US","44.64975","-83.29585","186.5","2025-01","0.0","-22.8","3.3","2184.6","-7.5","-2.9","-12.1"
"USC00203628","HARRISVILLE STATE PARK, MI US","44.64975","-83.29585","186.5","2025-02","0.0","-18.9","10.6","2880.3","-6.5","-1.9","-11.1"
"USC00203628","HARRISVILLE STATE PARK, MI US","44.64975","-83.29585","186.5","2025-03","0.0","-13.3","19.4","3446.7","0.1","5.5","-5.4"
"USC00203628","HARRISVILLE STATE PARK, MI US","44.64975","-83.29585","186.5","2025-04","0.0","-8.9","18.9","3869.2","4.3","9.2","-0.7"
"USC00203628","HARRISVILLE STATE PARK, MI US","44.64975","-83.29585","186.5","2025-05","0.0","-1.7","27.8","4139.3","9.3","13.7","4.9"
"USC00203628","HARRISVILLE STATE PARK, MI US","44.64975","-83.29585","186.5","2025-06","25.8","3.3","34.4","4226.3","16.3","21.7","10.9"
"USC00200230","ANN ARBOR U OF MICH, MI US","42.29806","-83.66388","247.8","2025-01","0.0","-21.1","8.9","1864.2","-5.2","-1.7","-8.7"
"USC00200230","ANN ARBOR U OF MICH, MI US","42.29806","-83.66388","247.8","2025-02","0.0","-20.6","12.8","2480.9","-3.7","0.8","-8.2"
"USC00200230","ANN ARBOR U OF MICH, MI US","42.29806","-83.66388","247.8","2025-03","0.0","-11.1","22.8","2866.8","5.9","12.4","-0.7"
"USC00200230","ANN ARBOR U OF MICH, MI US","42.29806","-83.66388","247.8","2025-04","5.5","-7.2","29.4","3139.1","9.4","16.8","2.1"
"USC00200230","ANN ARBOR U OF MICH, MI US","42.29806","-83.66388","247.8","2025-05","13.0","0.0","28.9","3273.7","14.2","20.8","7.7"
"USC00200230","ANN ARBOR U OF MICH, MI US","42.29806","-83.66388","247.8","2025-06","116.5","2.8","35.0","3287.6","21.3","28.3","14.3"
"USC00203744","HERMAN, MI US","46.6653","-88.3772","523.3","2025-01","0.0","-31.7","2.2","2736.1","-11.7","-7.7","-15.7"
"USC00203744","HERMAN, MI US","46.6653","-88.3772","523.3","2025-02","0.0","-29.4","8.3","3548.6","-10.7","-6.4","-15.0"
"USC00203744","HERMAN, MI US","46.6653","-88.3772","523.3","2025-03","0.0","-23.3","15.6","4226.0","-3.5","1.6","-8.7"
"USC00203744","HERMAN, MI US","46.6653","-88.3772","523.3","2025-04","0.0","-14.4","17.2","4731.2","1.5","6.1","-3.1"
"USC00203744","HERMAN, MI US","46.6653","-88.3772","523.3","2025-05","7.5","-3.3","30.6","4991.2","10.2","16.6","3.8"
"USC00203744","HERMAN, MI US","46.6653","-88.3772","523.3","2025-06","36.9","-1.7","33.3","5093.5","15.9","21.5","10.3"
"US1MIIC0003","EAST TAWAS 0.8 WSW, MI US","44.2832232","-83.4992036","179.8","2025-01",,,,,,,
"US1MIIC0003","EAST TAWAS 0.8 WSW, MI US","44.2832232","-83.4992036","179.8","2025-02",,,,,,,
"US1MIIC0003","EAST TAWAS 0.8 WSW, MI US","44.2832232","-83.4992036","179.8","2025-03",,,,,,,
"US1MIIC0003","EAST TAWAS 0.8 WSW, MI US","44.2832232","-83.4992036","179.8","2025-04",,,,,,,
"US1MIIC0003","EAST TAWAS 0.8 WSW, MI US","44.2832232","-83.4992036","179.8","2025-05",,,,,,,
"US1MIIC0003","EAST TAWAS 0.8 WSW, MI US","44.2832232","-83.4992036","179.8","2025-06",,,,,,,
"USC00200234","ARNOLD 2 N, MI US","46.07511","-87.48987","338.6","2025-01",,,,,,,
"USC00200234","ARNOLD 2 N, MI US","46.07511","-87.48987","338.6","2025-02",,,,,,,
"USC00200234","ARNOLD 2 N, MI US","46.07511","-87.48987","338.6","2025-04",,,,,,,
"USC00200234","ARNOLD 2 N, MI US","46.07511","-87.48987","338.6","2025-05",,,,,,,
"USC00200234","ARNOLD 2 N, MI US","46.07511","-87.48987","338.6","2025-06",,,,,,,
"US1MIGT0030","TRAVERSE CITY 6.1 SW, MI US","44.68445","-85.67803","270.1","2025-01",,,,,,,
"US1MIGT0030","TRAVERSE CITY 6.1 SW, MI US","44.68445","-85.67803","270.1","2025-02",,,,,,,
"US1MIGT0030","TRAVERSE CITY 6.1 SW, MI US","44.68445","-85.67803","270.1","2025-04",,,,,,,
"US1MIGT0030","TRAVERSE CITY 6.1 SW, MI US","44.68445","-85.67803","270.1","2025-05",,,,,,,
"US1MIGT0030","TRAVERSE CITY 6.1 SW, MI US","44.68445","-85.67803","270.1","2025-06",,,,,,,
"US1MIGT0032","TRAVERSE CITY 3.7 S, MI US","44.700692","-85.601609","233.5","2025-01",,,,,,,
"US1MIGT0032","TRAVERSE CITY 3.7 S, MI US","44.700692","-85.601609","233.5","2025-02",,,,,,,
"US1MIGT0032","TRAVERSE CITY 3.7 S, MI US","44.700692","-85.601609","233.5","2025-03",,,,,,,
"US1MIGT0032","TRAVERSE CITY 3.7 S, MI US","44.700692","-85.601609","233.5","2025-04",,,,,,,
"US1MIGT0032","TRAVERSE CITY 3.7 S, MI US","44.700692","-85.601609","233.5","2025-05",,,,,,,
"US1MIGT0032","TRAVERSE CITY 3.7 S, MI US","44.700692","-85.601609","233.5","2025-06",,,,,,,
"US1MICF0009","GRAYLING 15.8 NE, MI US","44.804643","-84.463138","353.0","2025-05",,,,,,,
"US1MIKN0033","GRAND RAPIDS 3.0 NW, MI US","42.995024","-85.692186","189.3","2025-06",,,,,,,
"US1MICT0001","LAINGSBURG 5.0 SW, MI US","42.8402777","-84.4197222","247.2","2025-01",,,,,,,
"US1MICT0001","LAINGSBURG 5.0 SW, MI US","42.8402777","-84.4197222","247.2","2025-02",,,,,,,
"US1MICT0001","LAINGSBURG 5.0 SW, MI US","42.8402777","-84.4197222","247.2","2025-03",,,,,,,
"US1MICT0001","LAINGSBURG 5.0 SW, MI US","42.8402777","-84.4197222","247.2","2025-04",,,,,,,
"US1MICT0001","LAINGSBURG 5.0 SW, MI US","42.8402777","-84.4197222","247.2","2025-05",,,,,,,
"US1MICT0001","LAINGSBURG 5.0 SW, MI US","42.8402777","-84.4197222","247.2","2025-06",,,,,,,
"US1MICT0002","HASLETT 1.2 N, MI US","42.76997","-84.40314","263.0","2025-01",,,,,,,
"US1MICT0002","HASLETT 1.2 N, MI US","42.76997","-84.40314","263.0","2025-02",,,,,,,
"US1MICT0002","HASLETT 1.2 N, MI US","42.76997","-84.40314","263.0","2025-03",,,,,,,
"US1MICT0002","HASLETT 1.2 N, MI US","42.76997","-84.40314","263.0","2025-04",,,,,,,
"US1MICT0002","HASLETT 1.2 N, MI US","42.76997","-84.40314","263.0","2025-05",,,,,,,
"US1MICT0002","HASLETT 1.2 N, MI US","42.76997","-84.40314","263.0","2025-06",,,,,,,
"US1MIKN0032","GRAND RAPIDS 2.9 NW, MI US","42.991906","-85.694373","194.2","2025-01",,,,,,,
"US1MIKN0032","GRAND RAPIDS 2.9 NW, MI US","42.991906","-85.694373","194.2","2025-02",,,,,,,
"US1MIKN0032","GRAND RAPIDS 2.9 NW, MI US","42.991906","-85.694373","194.2","2025-03",,,,,,,
"US1MIKN0032","GRAND RAPIDS 2.9 NW, MI US","42.991906","-85.694373","194.2","2025-04",,,,,,,
"US1MIKN0032","GRAND RAPIDS 2.9 NW, MI US","42.991906","-85.694373","194.2","2025-06",,,,,,,
"USW00014822","DETROIT CITY AIRPORT, MI US","42.40725","-83.00899","189.8","2025-01","0.0","-17.7","7.2","1594.3","-3.6","-0.4","-6.9"
"USW00014822","DETROIT CITY AIRPORT, MI US","42.40725","-83.00899","189.8","2025-02","0.0","-15.5","13.9","2143.0","-2.0","1.5","-5.5"
"USW00014822","DETROIT CITY AIRPORT, MI US","42.40725","-83.00899","189.8","2025-03","1.7","-7.1","23.3","2478.3","7.2","13.0","1.4"
"USW00014822","DETROIT CITY AIRPORT, MI US","42.40725","-83.00899","189.8","2025-04","5.9","-3.2","31.1","2701.1","11.1","16.9","5.2"
"USW00014822","DETROIT CITY AIRPORT, MI US","42.40725","-83.00899","189.8","2025-05","13.4","2.8","27.8","2837.5","14.2","19.2","9.1"
"USW00014822","DETROIT CITY AIRPORT, MI US","42.40725","-83.00899","189.8","2025-06","135.6","7.2","35.0","2845.6","22.1","27.5","16.8"
"US1MIOK0109","HIGHLAND 1.3 NE, MI US","42.678772","-83.593618","312.1","2025-01",,,,,,,
"US1MIOK0109","HIGHLAND 1.3 NE, MI US","42.678772","-83.593618","312.1","2025-02",,,,,,,
"US1MIOK0109","HIGHLAND 1.3 NE, MI US","42.678772","-83.593618","312.1","2025-03",,,,,,,
"US1MIOK0109","HIGHLAND 1.3 NE, MI US","42.678772","-83.593618","312.1","2025-04",,,,,,,
"US1MIOK0109","HIGHLAND 1.3 NE, MI US","42.678772","-83.593618","312.1","2025-05",,,,,,,
"US1MIOK0109","HIGHLAND 1.3 NE, MI US","42.678772","-83.593618","312.1","2025-06",,,,,,,
"US1MIOK0107","CLARKSTON 1.4 NE, MI US","42.749556","-83.401394","311.2","2025-01",,,,,,,
"US1MIOK0107","CLARKSTON 1.4 NE, MI US","42.749556","-83.401394","311.2","2025-02",,,,,,,
"US1MIOK0107","CLARKSTON 1.4 NE, MI US","42.749556","-83.401394","311.2","2025-03",,,,,,,
"US1MIOK0107","CLARKSTON 1.4 NE, MI US","42.749556","-83.401394","311.2","2025-04",,,,,,,
"US1MIOK0107","CLARKSTON 1.4 NE, MI US","42.749556","-83.401394","311.2","2025-05",,,,,,,
"USC00205816","NEWBERRY LUCE CO ROAD COMMISSION, MI US","46.35155","-85.51629","241.4","2025-01","0.0","-28.9","2.2","2388.6","-9.4","-5.6","-13.1"
"USC00205816","NEWBERRY LUCE CO ROAD COMMISSION, MI US","46.35155","-85.51629","241.4","2025-02","0.0","-18.9","9.4","3134.3","-8.3","-4.1","-12.5"
"USC00205816","NEWBERRY LUCE CO ROAD COMMISSION, MI US","46.35155","-85.51629","241.4","2025-03","0.0","-15.0","15.0","3785.8","-2.7","1.8","-7.2"
"USC00205816","NEWBERRY LUCE CO ROAD COMMISSION, MI US","46.35155","-85.51629","241.4","2025-04","0.0","-14.4","17.2","4263.7","2.4","7.6","-2.8"
"USC00205816","NEWBERRY LUCE CO ROAD COMMISSION, MI US","46.35155","-85.51629","241.4","2025-05","4.4","-2.2","27.2","4508.1","10.6","17.0","4.2"
"USC00205816","NEWBERRY LUCE CO ROAD COMMISSION, MI US","46.35155","-85.51629","241.4","2025-06","30.6","0.6","31.1","4585.9","16.6","22.5","10.8"
"USW00014817","CADILLAC, MI US","44.2655","-85.3966","394.7","2025-01","0.0","-24.4","7.8","2319.9","-8.3","-4.1","-12.5"
"USW00014817","CADILLAC, MI US","44.2655","-85.3966","394.7","2025-02","0.0","-22.2","9.4","3023.8","-6.8","-2.2","-11.4"
"USW00014817","CADILLAC, MI US","44.2655","-85.3966","394.7","2025-03","0.0","-13.9","22.2","3578.0","0.4","6.9","-6.0"
"USW00014817","CADILLAC, MI US","44.2655","-85.3966","394.7","2025-04","0.0","-10.0","23.9","3974.8","5.1","12.2","-2.0"
"USW00014817","CADILLAC, MI US","44.2655","-85.3966","394.7","2025-05","7.0","-2.2","28.9","4192.0","11.6","18.0","5.1"
"USW00014817","CADILLAC, MI US","44.2655","-85.3966","394.7","2025-06","63.2","0.0","33.9","4231.4","18.9","25.7","12.1"
"USC00204967","LUPTON 1 S, MI US","44.4199","-84.0232","276.8","2025-01","0.0","-27.8","3.9","2240.1","-7.9","-3.0","-12.8"
"USC00204967","LUPTON 1 S, MI US","44.4199","-84.0232","276.8","2025-02","0.0","-26.1","11.7","2964.1","-7.5","-1.8","-13.2"
"USC00204967","LUPTON 1 S, MI US","44.4199","-84.0232","276.8","2025-03","0.0","-13.9","21.1","3503.7","0.9","7.8","-5.9"
"USC00204967","LUPTON 1 S, MI US","44.4199","-84.0232","276.8","2025-04","0.0","-10.0","26.7","3879.9","5.8","14.3","-2.7"
"USC00204967","LUPTON 1 S, MI US","44.4199","-84.0232","276.8","2025-05","3.4","-2.2","28.3","4102.3","11.3","18.0","4.6"
"USC00204967","LUPTON 1 S, MI US","44.4199","-84.0232","276.8","2025-06","58.1","2.2","35.6","4141.3","18.9","26.6","11.1"
"USC00202308","DUNDEE, MI US","41.9552","-83.6488","201.2","2025-01","0.0","-20.0","5.0",,"-5.9","-1.9","-9.9"
"USC00202308","DUNDEE, MI US","41.9552","-83.6488","201.2","2025-03",,"-8.9","22.8",,"5.4","11.7","-0.8"
"USC00202308","DUNDEE, MI US","41.9552","-83.6488","201.2","2025-04",,"-5.0","28.9",,"10.1","16.6","3.5"
"USC00202308","DUNDEE, MI US","41.9552","-83.6488","201.2","2025-05",,"2.2","29.4",,"14.1","19.6","8.7"
"USC00202308","DUNDEE, MI US","41.9552","-83.6488","201.2","2025-06",,"5.6","35.0",,"21.9","27.5","16.2"
"USW00014815","BATTLE CREEK KELLOGG AIRPORT, MI US","42.31192","-85.24147","282.5","2025-01","0.0","-21.0","7.2","1818.3","-5.4","-1.9","-9.0"
"USW00014815","BATTLE CREEK KELLOGG AIRPORT, MI US","42.31192","-85.24147","282.5","2025-02","0.0","-21.0","12.8","2429.3","-3.5","0.5","-7.5"
"USW00014815","BATTLE CREEK KELLOGG AIRPORT, MI US","42.31192","-85.24147","282.5","2025-03","0.0","-8.8","25.0","2811.5","6.0","12.3","-0.2"
"USW00014815","BATTLE CREEK KELLOGG AIRPORT, MI US","42.31192","-85.24147","282.5","2025-04","1.7","-4.9","27.8","3070.3","9.5","15.9","3.1"
"USW00014815","BATTLE CREEK KELLOGG AIRPORT, MI US","42.31192","-85.24147","282.5","2025-05","11.5","0.0","28.9","3220.3","13.7","19.4","7.9"
"USW00014815","BATTLE CREEK KELLOGG AIRPORT, MI US","42.31192","-85.24147","282.5","2025-06","126.8","2.2","34.4","3237.3","21.6","27.5","15.7"
"USW00014814","ALPENA WASTEWATER PLANT, MI US","45.0605","-83.428","179.8","2025-01","0.0","-20.0","3.9","2089.1","-7.2","-3.7","-10.6"
"USW00014814","ALPENA WASTEWATER PLANT, MI US","45.0605","-83.428","179.8","2025-02","0.0","-16.7","11.1","2778.7","-6.3","-2.6","-10.0"
"USW00014814","ALPENA WASTEWATER PLANT, MI US","45.0605","-83.428","179.8","2025-03","0.0","-13.9","19.4","3354.9","-0.2","4.3","-4.8"
"USW00014814","ALPENA WASTEWATER PLANT, MI US","45.0605","-83.428","179.8","2025-04","0.0","-7.2","20.6","3764.0","4.7","9.6","-0.2"
"USW00014814","ALPENA WASTEWATER PLANT, MI US","45.0605","-83.428","179.8","2025-05","1.4","-1.7","27.2","4011.7","10.4","14.5","6.2"
"USW00014814","ALPENA WASTEWATER PLANT, MI US","45.0605","-83.428","179.8","2025-06","45.4","5.6","36.7","4061.9","18.1","23.4","12.9"
"USC00203639","HARVEY, MI US","46.4907","-87.3544","195.1","2025-01",,,,,,,
"USC00203639","HARVEY, MI US","46.4907","-87.3544","195.1","2025-02",,,,,,,
"USC00203639","HARVEY, MI US","46.4907","-87.3544","195.1","2025-03",,,,,,,
"USC00203639","HARVEY, MI US","46.4907","-87.3544","195.1","2025-04",,,,,,,
"USC00203639","HARVEY, MI US","46.4907","-87.3544","195.1","2025-05",,,,,,,
"USC00203639","HARVEY, MI US","46.4907","-87.3544","195.1","2025-06",,,,,,,
"US1MIMB0073","EASTPOINTE 1.2 SSW, MI US","42.45155","-82.96084","185.0","2025-01",,,,,,,
"US1MIMB0073","EASTPOINTE 1.2 SSW, MI US","42.45155","-82.96084","185.0","2025-02",,,,,,,
"US1MIMB0073","EASTPOINTE 1.2 SSW, MI US","42.45155","-82.96084","185.0","2025-03",,,,,,,
"US1MIMB0073","EASTPOINTE 1.2 SSW, MI US","42.45155","-82.96084","185.0","2025-04",,,,,,,
"US1MIMB0073","EASTPOINTE 1.2 SSW, MI US","42.45155","-82.96084","185.0","2025-05",,,,,,,
"US1MIMB0073","EASTPOINTE 1.2 SSW, MI US","42.45155","-82.96084","185.0","2025-06",,,,,,,
"USC00200361","AUBURN 2 NE, MI US","43.6252","-84.0188","184.4","2025-01","0.0","-20.0","5.6",,"-6.3","-2.4","-10.1"
"USC00200361","AUBURN 2 NE, MI US","43.6252","-84.0188","184.4","2025-02","0.0","-19.4","12.8",,"-4.8","-0.2","-9.5"
"USC00200361","AUBURN 2 NE, MI US","43.6252","-84.0188","184.4","2025-03","0.0","-8.9","23.9",,"3.3","9.5","-2.8"
"USC00200361","AUBURN 2 NE, MI US","43.6252","-84.0188","184.4","2025-04",,,,,,,
"USC00200361","AUBURN 2 NE, MI US","43.6252","-84.0188","184.4","2025-05",,,,,,,
"USC00200361","AUBURN 2 NE, MI US","43.6252","-84.0188","184.4","2025-06",,,,,,,
"US1MIIC0010","SOUTH BRANCH 2.9 ENE, MI US","44.4838","-83.8342","284.7","2025-04",,,,,,,
"US1MIGT0028","GRAWN 1.3 SSW, MI US","44.646221","-85.703462","266.4","2025-01",,,,,,,
"US1MIGT0028","GRAWN 1.3 SSW, MI US","44.646221","-85.703462","266.4","2025-02",,,,,,,
"US1MIGT0028","GRAWN 1.3 SSW, MI US","44.646221","-85.703462","266.4","2025-03",,,,,,,
"US1MIGT0028","GRAWN 1.3 SSW, MI US","44.646221","-85.703462","266.4","2025-04",,,,,,,
"US1MIGT0028","GRAWN 1.3 SSW, MI US","44.646221","-85.703462","266.4","2025-05",,,,,,,
"US1MIGT0028","GRAWN 1.3 SSW, MI US","44.646221","-85.703462","266.4","2025-06",,,,,,,
"USC00202783","FIFE LAKE 2 WNW, MI US","44.5848","-85.3653","320.6","2025-01","0.0","-25.0","8.3",,"-8.8","-4.6","-13.0"
"USC00202783","FIFE LAKE 2 WNW, MI US","44.5848","-85.3653","320.6","2025-02","0.0","-22.2","9.4",,"-7.6","-3.3","-11.9"
"USC00202783","FIFE LAKE 2 WNW, MI US","44.5848","-85.3653","320.6","2025-03","0.0","-12.8","20.0",,"-0.2","5.4","-5.8"
"USC00202783","FIFE LAKE 2 WNW, MI US","44.5848","-85.3653","320.6","2025-04","0.0","-10.0","24.4",,"3.7","10.9","-3.6"
"USC00202783","FIFE LAKE 2 WNW, MI US","44.5848","-85.3653","320.6","2025-05","2.8","-5.0","29.4",,"10.3","17.1","3.6"
"USC00202783","FIFE LAKE 2 WNW, MI US","44.5848","-85.3653","320.6","2025-06","44.7","-0.6","34.4",,"17.9","24.9","10.9"
"USC00203632","HART 3 WSW, MI US","43.6751","-86.4228","236.2","2025-01","0.0","-18.3","6.7","1985.9","-5.6","-2.5","-8.7"
"USC00203632","HART 3 WSW, MI US","43.6751","-86.4228","236.2","2025-02","0.0","-18.9","8.3","2659.1","-5.7","-1.7","-9.8"
"USC00203632","HART 3 WSW, MI US","43.6751","-86.4228","236.2","2025-03","0.0","-10.6","25.6","3140.0","2.8","8.4","-2.7"
"USC00203632","HART 3 WSW, MI US","43.6751","-86.4228","236.2","2025-04","0.0","-5.6","25.0","3492.6","6.6","13.1","0.1"
"USC00203632","HART 3 WSW, MI US","43.6751","-86.4228","236.2","2025-05","8.3","-1.7","30.0","3698.1","12.0","18.6","5.4"
"USC00203632","HART 3 WSW, MI US","43.6751","-86.4228","236.2","2025-06","90.5","-0.6","32.2","3731.6","20.0","26.1","13.9"
"USC00202423","EAST TAWAS, MI US","44.2838","-83.5036","178.6","2025-01","0.0","-21.7","3.9","2073.9","-6.7","-2.5","-10.9"
"USC00202423","EAST TAWAS, MI US","44.2838","-83.5036","178.6","2025-02","0.0","-17.8","11.7","2748.3","-5.7","-0.7","-10.8"
"USC00202423","EAST TAWAS, MI US","44.2838","-83.5036","178.6","2025-03","0.0","-13.3","17.8","3272.3","1.4","7.1","-4.2"
"USC00202423","EAST TAWAS, MI US","44.2838","-83.5036","178.6","2025-04","0.0","-7.8","28.3","3638.1","6.1","12.0","0.3"
"USC00202423","EAST TAWAS, MI US","44.2838","-83.5036","178.6","2025-05","1.9","-1.1","25.0","3837.3","11.3","16.5","6.1"
"USC00202423","EAST TAWAS, MI US","44.2838","-83.5036","178.6","2025-06","58.3","1.7","35.6","3875.4","18.9","25.0","12.9"
"US1MIKN0048","KENTWOOD 1.6 WSW, MI US","42.874211","-85.622056","227.1","2025-02",,,,,,,
"US1MIKN0048","KENTWOOD 1.6 WSW, MI US","42.874211","-85.622056","227.1","2025-03",,,,,,,
"US1MIKN0048","KENTWOOD 1.6 WSW, MI US","42.874211","-85.622056","227.1","2025-04",,,,,,,
"US1MIKN0048","KENTWOOD 1.6 WSW, MI US","42.874211","-85.622056","227.1","2025-05",,,,,,,
"US1MIKN0048","KENTWOOD 1.6 WSW, MI US","42.874211","-85.622056","227.1","2025-06",,,,,,,
"US1MIOT0019","ELMIRA 2.2 ESE, MI US","45.04799","-84.817837","420.0","2025-01",,,,,,,
"US1MIOT0019","ELMIRA 2.2 ESE, MI US","45.04799","-84.817837","420.0","2025-02",,,,,,,
"US1MIOT0017","GAYLORD 4.1 S, MI US","44.963889","-84.684674","392.9","2025-01",,,,,,,
"US1MIOT0017","GAYLORD 4.1 S, MI US","44.963889","-84.684674","392.9","2025-02",,,,,,,
"US1MIOT0017","GAYLORD 4.1 S, MI US","44.963889","-84.684674","392.9","2025-04",,,,,,,
"US1MIOT0017","GAYLORD 4.1 S, MI US","44.963889","-84.684674","392.9","2025-05",,,,,,,
"US1MIOT0017","GAYLORD 4.1 S, MI US","44.963889","-84.684674","392.9","2025-06",,,,,,,
"US1MIKN0043","CALEDONIA 4.4 WNW, MI US","42.825262288","-85.589418411","232.3","2025-01",,,,,,,
"US1MIKN0043","CALEDONIA 4.4 WNW, MI US","42.825262288","-85.589418411","232.3","2025-02",,,,,,,
"US1MIKN0043","CALEDONIA 4.4 WNW, MI US","42.825262288","-85.589418411","232.3","2025-04",,,,,,,
"US1MIKN0043","CALEDONIA 4.4 WNW, MI US","42.825262288","-85.589418411","232.3","2025-05",,,,,,,
"US1MIKN0043","CALEDONIA 4.4 WNW, MI US","42.825262288","-85.589418411","232.3","2025-06",,,,,,,
"US1MISJ0007","THREE RIVERS 2.4 NE, MI US","41.97145","-85.60233","250.2","2025-01",,,,,,,
"US1MISJ0007","THREE RIVERS 2.4 NE, MI US","41.97145","-85.60233","250.2","2025-02",,,,,,,
"US1MISJ0007","THREE RIVERS 2.4 NE, MI US","41.97145","-85.60233","250.2","2025-03",,,,,,,
"US1MISJ0007","THREE RIVERS 2.4 NE, MI US","41.97145","-85.60233","250.2","2025-04",,,,,,,
"US1MISJ0007","THREE RIVERS 2.4 NE, MI US","41.97145","-85.60233","250.2","2025-05",,,,,,,
"USW00014833","JACKSON REYNOLDS FIELD, MI US","42.26373","-84.45644","295.9","2025-01","0.0","-21.0","8.9","1928.0","-5.8","-2.3","-9.4"
"USW00014833","JACKSON REYNOLDS FIELD, MI US","42.26373","-84.45644","295.9","2025-02","0.0","-21.0","12.8","2556.0","-4.1","0.0","-8.2"
"USW00014833","JACKSON REYNOLDS FIELD, MI US","42.26373","-84.45644","295.9","2025-03","0.0","-11.6","24.4","2960.6","5.3","11.6","-1.0"
"USW00014833","JACKSON REYNOLDS FIELD, MI US","42.26373","-84.45644","295.9","2025-04","2.2","-4.9","28.3","3241.2","9.1","15.8","2.3"
"USW00014833","JACKSON REYNOLDS FIELD, MI US","42.26373","-84.45644","295.9","2025-05","10.3","-1.0","28.3","3400.3","13.5","19.2","7.7"
"USW00014833","JACKSON REYNOLDS FIELD, MI US","42.26373","-84.45644","295.9","2025-06","111.5","0.6","33.3","3420.0","21.1","27.1","15.0"
"USC00202437","EATON RAPIDS, MI US","42.518","-84.6521","265.2","2025-01","0.0","-21.7","8.9","1894.4","-5.8","-2.3","-9.3"
"USC00202437","EATON RAPIDS, MI US","42.518","-84.6521","265.2","2025-02","0.0","-21.1","11.7","2537.9","-4.6","-0.6","-8.7"
"USC00202437","EATON RAPIDS, MI US","42.518","-84.6521","265.2","2025-03","0.0","-9.4","24.4","2953.1","4.9","11.2","-1.3"
"USC00202437","EATON RAPIDS, MI US","42.518","-84.6521","265.2","2025-04","2.2","-6.1","28.3","3243.4","8.7","15.1","2.4"
"USC00202437","EATON RAPIDS, MI US","42.518","-84.6521","265.2","2025-05","12.8","0.0","29.4","3390.9","13.8","19.6","8.0"
"USC00202437","EATON RAPIDS, MI US","42.518","-84.6521","265.2","2025-06","132.7","2.2","34.4","3410.6","21.8","27.5","16.1"
"USC00203528","HALE 5 SSW NUMBER 2, MI US","44.3122","-83.8377","248.7","2025-01","0.0","-25.0","3.9","2346.3","-8.7","-3.6","-13.7"
"USC00203528","HALE 5 SSW NUMBER 2, MI US","44.3122","-83.8377","248.7","2025-02","0.0","-22.2","10.6","3086.2","-8.1","-1.3","-14.9"
"USC00203528","HALE 5 SSW NUMBER 2, MI US","44.3122","-83.8377","248.7","2025-03","0.0","-13.9","22.2","3644.8","0.3","7.1","-6.5"
"USC00203528","HALE 5 SSW NUMBER 2, MI US","44.3122","-83.8377","248.7","2025-04","0.0","-10.0","27.2","4034.9","5.3","13.0","-2.4"
"USC00203528","HALE 5 SSW NUMBER 2, MI US","44.3122","-83.8377","248.7","2025-05","4.2","-3.9","27.8","4252.7","11.4","18.1","4.8"
"USC00203528","HALE 5 SSW NUMBER 2, MI US","44.3122","-83.8377","248.7","2025-06","58.8","0.6","35.0","4306.4","18.4","26.1","10.6"
"USC00201468","CHARLEVOIX, MI US","45.3172","-85.2672","180.7","2025-01","0.0","-17.8","7.2","1892.1","-5.1","-1.8","-8.3"
"USC00201468","CHARLEVOIX, MI US","45.3172","-85.2672","180.7","2025-02","0.0","-17.2","8.9","2564.0","-5.7","-2.2","-9.1"
"USC00201468","CHARLEVOIX, MI US","45.3172","-85.2672","180.7","2025-03","0.0","-13.9","21.1","3113.6","0.6","5.3","-4.1"
"USC00201468","CHARLEVOIX, MI US","45.3172","-85.2672","180.7","2025-04","0.8","-6.7","26.1","3529.8","4.5","9.2","-0.2"
"USC00201468","CHARLEVOIX, MI US","45.3172","-85.2672","180.7","2025-05","1.9","0.0","30.0","3784.8","10.1","15.0","5.3"
"USC00201468","CHARLEVOIX, MI US","45.3172","-85.2672","180.7","2025-06","33.6","5.6","35.0","3847.4","17.3","22.2","12.4"
"US1MIOK0135","BLOOMFIELD TOWNSHIP 2.9 E, MI US","42.567698","-83.216265","235.6","2025-02",,,,,,,
"US1MIOK0135","BLOOMFIELD TOWNSHIP 2.9 E, MI US","42.567698","-83.216265","235.6","2025-03",,,,,,,
"US1MIOK0135","BLOOMFIELD TOWNSHIP 2.9 E, MI US","42.567698","-83.216265","235.6","2025-04",,,,,,,
"US1MIOK0135","BLOOMFIELD TOWNSHIP 2.9 E, MI US","42.567698","-83.216265","235.6","2025-05",,,,,,,
"US1MIOK0135","BLOOMFIELD TOWNSHIP 2.9 E, MI US","42.567698","-83.216265","235.6","2025-06",,,,,,,
"US1MIWS0061","ANN ARBOR 1.4 S, MI US","42.2558","-83.7282","253.3","2025-04",,,,,,,
"US1MIWS0061","ANN ARBOR 1.4 S, MI US","42.2558","-83.7282","253.3","2025-05",,,,,,,
"US1MIOK0013","PLEASANT RIDGE 0.5 WNW, MI US","42.472465","-83.153615","200.3","2025-01",,,,,,,
"US1MIOK0013","PLEASANT RIDGE 0.5 WNW, MI US","42.472465","-83.153615","200.3","2025-02",,,,,,,
"US1MIOK0013","PLEASANT RIDGE 0.5 WNW, MI US","42.472465","-83.153615","200.3","2025-03",,,,,,,
"US1MIOK0013","PLEASANT RIDGE 0.5 WNW, MI US","42.472465","-83.153615","200.3","2025-04",,,,,,,
"US1MIOK0013","PLEASANT RIDGE 0.5 WNW, MI US","42.472465","-83.153615","200.3","2025-05",,,,,,,
"USW00014828","GLADWIN, MI US","43.9758","-84.4908","236.2","2025-01","0.0","-27.2","6.7","2146.1","-8.1","-3.1","-12.9"
"USW00014828","GLADWIN, MI US","43.9758","-84.4908","236.2","2025-02","0.0","-20.6","11.1","2860.8","-7.2","-1.4","-12.9"
"USW00014828","GLADWIN, MI US","43.9758","-84.4908","236.2","2025-03","0.0","-12.2","23.3","3377.8","1.6","8.4","-5.1"
"USW00014828","GLADWIN, MI US","43.9758","-84.4908","236.2","2025-04","0.0","-8.9","25.6","3732.2","6.5","13.8","-0.8"
"USW00014828","GLADWIN, MI US","43.9758","-84.4908","236.2","2025-05","5.3","-1.1","28.3","3917.0","12.4","18.8","5.9"
"USW00014828","GLADWIN, MI US","43.9758","-84.4908","236.2","2025-06","67.7","3.3","34.4","3949.9","19.4","26.2","12.5"
"USW00014826","FLINT FCWOS, MI US","42.96684","-83.74996","234.8","2025-01","0.0","-20.5","7.2","1905.9","-5.9","-2.1","-9.7"
"USW00014826","FLINT FCWOS, MI US","42.96684","-83.74996","234.8","2025-02","0.0","-18.8","11.7","2531.3","-4.0","-0.3","-7.7"
"USW00014826","FLINT FCWOS, MI US","42.96684","-83.74996","234.8","2025-03","0.0","-8.8","23.3","2942.4","5.1","11.6","-1.5"
"USW00014826","FLINT FCWOS, MI US","42.96684","-83.74996","234.8","2025-04","0.0","-6.0","28.9","3230.1","8.8","15.5","2.0"
"USW00014826","FLINT FCWOS, MI US","42.96684","-83.74996","234.8","2025-05","8.9","0.0","28.3","3385.4","13.6","19.4","7.8"
"USW00014826","FLINT FCWOS, MI US","42.96684","-83.74996","234.8","2025-06","110.9","2.8","34.4","3398.9","21.3","27.6","15.0"
"USC00203529","HALE LOUD DAM, MI US","44.4633","-83.7216","221.9","2025-01","0.0","-26.7","3.3","2129.1","-7.9","-3.6","-12.1"
"USC00203529","HALE LOUD DAM, MI US","44.4633","-83.7216","221.9","2025-02","0.0","-27.8","11.1","2843.2","-7.2","-1.9","-12.4"
"USC00203529","HALE LOUD DAM, MI US","44.4633","-83.7216","221.9","2025-03","0.0","-13.3","22.2","3373.5","1.2","7.1","-4.7"
"USC00203529","HALE LOUD DAM, MI US","44.4633","-83.7216","221.9","2025-04","1.1","-10.6","26.7","3745.0","6.0","12.3","-0.3"
"USC00203529","HALE LOUD DAM, MI US","44.4633","-83.7216","221.9","2025-05","6.9","-1.1","28.3","3949.6","11.9","17.2","6.6"
"USC00203529","HALE LOUD DAM, MI US","44.4633","-83.7216","221.9","2025-06","75.9","2.2","34.4","3988.9","19.3","25.8","12.9"
"US1MIOK0130","ORCHARD LAKE VILLAGE 1.1 W, MI US","42.5807014","-83.3993215","299.0","2025-01",,,,,,,
"US1MIOK0130","ORCHARD LAKE VILLAGE 1.1 W, MI US","42.5807014","-83.3993215","299.0","2025-02",,,,,,,
"US1MIOK0130","ORCHARD LAKE VILLAGE 1.1 W, MI US","42.5807014","-83.3993215","299.0","2025-03",,,,,,,
"US1MIOK0130","ORCHARD LAKE VILLAGE 1.1 W, MI US","42.5807014","-83.3993215","299.0","2025-04",,,,,,,
"US1MIOK0130","ORCHARD LAKE VILLAGE 1.1 W, MI US","42.5807014","-83.3993215","299.0","2025-05",,,,,,,
"US1MIOK0130","ORCHARD LAKE VILLAGE 1.1 W, MI US","42.5807014","-83.3993215","299.0","2025-06",,,,,,,
"USW00014824","ESCANABA, MI US","45.7438","-87.0406","180.1","2025-01",,,,,,,
"USW00014824","ESCANABA, MI US","45.7438","-87.0406","180.1","2025-02",,,,,,,
"USW00014824","ESCANABA, MI US","45.7438","-87.0406","180.1","2025-03",,,,,,,
"USW00014824","ESCANABA, MI US","45.7438","-87.0406","180.1","2025-04",,,,,,,
"USW00014824","ESCANABA, MI US","45.7438","-87.0406","180.1","2025-05",,,,,,,
"USW00014824","ESCANABA, MI US","45.7438","-87.0406","180.1","2025-06",,,,,,,
"USC00200497","BARAGA 7 NW, MI US","46.8208","-88.6064","198.7","2025-01","0.0","-23.9","5.6","2451.5","-8.9","-4.5","-13.4"
"USC00200497","BARAGA 7 NW, MI US","46.8208","-88.6064","198.7","2025-02","0.0","-25.6","11.1","3192.3","-8.1","-3.1","-13.1"
"USC00200497","BARAGA 7 NW, MI US","46.8208","-88.6064","198.7","2025-03","0.0","-18.9","17.2","3799.6","-1.3","4.5","-7.0"
"USC00200497","BARAGA 7 NW, MI US","46.8208","-88.6064","198.7","2025-04","0.0","-12.8","20.6","4209.5","3.1","9.2","-2.9"
"USC00200497","BARAGA 7 NW, MI US","46.8208","-88.6064","198.7","2025-05","5.9","-4.4","32.2","4450.5","10.8","18.5","3.0"
"USC00200497","BARAGA 7 NW, MI US","46.8208","-88.6064","198.7","2025-06","25.1","-0.6","33.3","4562.6","15.2","22.5","8.0"
"US1MIWS0064","YPSILANTI 0.4 E, MI US","42.244332","-83.612839","223.1","2025-06",,,,,,,
"US1MIKZ0001","KALAMAZOO 6.0 SW, MI US","42.206126","-85.658962","274.0","2025-01",,,,,,,
"US1MIKZ0001","KALAMAZOO 6.0 SW, MI US","42.206126","-85.658962","274.0","2025-03",,,,,,,
"US1MIKZ0001","KALAMAZOO 6.0 SW, MI US","42.206126","-85.658962","274.0","2025-04",,,,,,,
"US1MIKZ0001","KALAMAZOO 6.0 SW, MI US","42.206126","-85.658962","274.0","2025-05",,,,,,,
"USC00202691","FARMINGTON, MI US","42.4669","-83.3625","219.5","2025-01","0.0","-20.6","7.8","1914.9","-6.0","-2.1","-9.9"
"USC00202691","FARMINGTON, MI US","42.4669","-83.3625","219.5","2025-02","0.0","-18.3","12.8","2570.0","-5.1","-0.8","-9.3"
"USC00202691","FARMINGTON, MI US","42.4669","-83.3625","219.5","2025-03","0.0","-10.0","22.8","3011.4","4.1","10.8","-2.6"
"USC00202691","FARMINGTON, MI US","42.4669","-83.3625","219.5","2025-04","1.4","-6.7","28.9","3314.7","8.3","15.2","1.4"
"USC00202691","FARMINGTON, MI US","42.4669","-83.3625","219.5","2025-05","8.7","1.1","28.9","3475.0","13.4","19.1","7.7"
"USC00202691","FARMINGTON, MI US","42.4669","-83.3625","219.5","2025-06","104.0","5.0","35.6","3492.3","20.9","27.2","14.6"
"USW00014845","SAGINAW MBS INTERNATIONAL AIRPORT, MI US","43.52808","-84.08133","201.7","2025-01","0.0","-19.3","7.8","1905.5","-5.9","-2.1","-9.8"
"USW00014845","SAGINAW MBS INTERNATIONAL AIRPORT, MI US","43.52808","-84.08133","201.7","2025-02","0.0","-20.5","12.2","2554.4","-4.8","-1.0","-8.7"
"USW00014845","SAGINAW MBS INTERNATIONAL AIRPORT, MI US","43.52808","-84.08133","201.7","2025-03","0.6","-8.2","23.3","2995.5","4.1","9.9","-1.7"
"USW00014845","SAGINAW MBS INTERNATIONAL AIRPORT, MI US","43.52808","-84.08133","201.7","2025-04","0.6","-5.5","27.8","3298.3","8.2","14.6","1.9"
"USW00014845","SAGINAW MBS INTERNATIONAL AIRPORT, MI US","43.52808","-84.08133","201.7","2025-05","12.8","1.7","28.9","3459.5","13.5","18.6","8.4"
"USW00014845","SAGINAW MBS INTERNATIONAL AIRPORT, MI US","43.52808","-84.08133","201.7","2025-06","128.8","3.9","35.6","3470.3","21.8","27.4","16.3"
"US1MIOK0129","ROCHESTER HILLS 1.6 NNW, MI US","42.687697","-83.167111","262.7","2025-01",,,,,,,
"US1MIOK0129","ROCHESTER HILLS 1.6 NNW, MI US","42.687697","-83.167111","262.7","2025-03",,,,,,,
"US1MIOK0129","ROCHESTER HILLS 1.6 NNW, MI US","42.687697","-83.167111","262.7","2025-05",,,,,,,
"USW00014841","PELLSTON REGIONAL AIRPORT, MI US","45.5644","-84.79291","215.3","2025-01","0.0","-24.3","5.6","2211.7","-7.3","-2.8","-11.8"
"USW00014841","PELLSTON REGIONAL AIRPORT, MI US","45.5644","-84.79291","215.3","2025-02","0.0","-23.8","9.4","2922.3","-7.0","-2.2","-11.8"
"USW00014841","PELLSTON REGIONAL AIRPORT, MI US","45.5644","-84.79291","215.3","2025-03","0.0","-16.0","21.1","3466.2","-0.4","5.6","-6.4"
"USW00014841","PELLSTON REGIONAL AIRPORT, MI US","45.5644","-84.79291","215.3","2025-04","0.0","-12.1","24.4","3855.2","4.9","11.9","-2.1"
"USW00014841","PELLSTON REGIONAL AIRPORT, MI US","45.5644","-84.79291","215.3","2025-05","5.2","-3.2","29.4","4074.4","11.4","18.6","4.2"
"USW00014841","PELLSTON REGIONAL AIRPORT, MI US","45.5644","-84.79291","215.3","2025-06","45.3","0.0","34.4","4123.9","18.0","25.0","11.0"
"US1MIOK0128","BERKLEY 0.6 N, MI US","42.50623","-83.18688","210.3","2025-01",,,,,,,
"US1MIOK0128","BERKLEY 0.6 N, MI US","42.50623","-83.18688","210.3","2025-02",,,,,,,
"US1MIOK0128","BERKLEY 0.6 N, MI US","42.50623","-83.18688","210.3","2025-04",,,,,,,
"US1MIOK0128","BERKLEY 0.6 N, MI US","42.50623","-83.18688","210.3","2025-05",,,,,,,
"US1MIOK0128","BERKLEY 0.6 N, MI US","42.50623","-83.18688","210.3","2025-06",,,,,,,
"USW00014840","MUSKEGON CO AIRPORT, MI US","43.17111","-86.23685","190.3","2025-01","0.0","-16.6","7.8","1732.6","-3.4","-0.1","-6.6"
"USW00014840","MUSKEGON CO AIRPORT, MI US","43.17111","-86.23685","190.3","2025-02","0.0","-12.7","10.0","2335.5","-3.2","0.0","-6.4"
"USW00014840","MUSKEGON CO AIRPORT, MI US","43.17111","-86.23685","190.3","2025-03","0.0","-7.1","26.1","2754.1","4.8","10.5","-0.8"
"USW00014840","MUSKEGON CO AIRPORT, MI US","43.17111","-86.23685","190.3","2025-04","0.0","-3.8","25.6","3051.3","8.4","14.6","2.3"
"USW00014840","MUSKEGON CO AIRPORT, MI US","43.17111","-86.23685","190.3","2025-05","11.6","0.0","31.1","3231.3","12.9","18.8","7.0"
"USW00014840","MUSKEGON CO AIRPORT, MI US","43.17111","-86.23685","190.3","2025-06","113.4","1.1","32.8","3258.2","20.8","26.4","15.2"
"US1MIOK0125","FARMINGTON HILLS 2.4 SSW, MI US","42.456306","-83.401299","248.7","2025-06",,,,,,,
"USC00202328","DURAND WWTP, MI US","42.9269","-83.9894","234.7","2025-01","0.0","-23.9","7.8","1969.8","-7.0","-2.9","-11.1"
"USC00202328","DURAND WWTP, MI US","42.9269","-83.9894","234.7","2025-02","0.0","-21.7","10.6","2603.3","-5.8","-1.2","-10.4"
"USC00202328","DURAND WWTP, MI US","42.9269","-83.9894","234.7","2025-03","0.0","-11.1","23.3","3022.1","3.9","10.5","-2.7"
"USC00202328","DURAND WWTP, MI US","42.9269","-83.9894","234.7","2025-04","0.3","-6.1","27.8","3294.7","8.3","14.8","1.7"
"USC00202328","DURAND WWTP, MI US","42.9269","-83.9894","234.7","2025-05","8.9","0.0","28.3","3456.7","13.1","18.6","7.6"
"USC00202328","DURAND WWTP, MI US","42.9269","-83.9894","234.7","2025-06","107.2","4.4","34.4","3478.4","21.0","27.1","14.8"
"US1MIOK0122","BERKLEY 0.5 WSW, MI US","42.493633","-83.195037","209.4","2025-05",,,,,,,
"US1MIDL0004","GLADSTONE 2.1 SW, MI US","45.83218","-87.05727","217.3","2025-01",,,,,,,
"US1MIDL0004","GLADSTONE 2.1 SW, MI US","45.83218","-87.05727","217.3","2025-02",,,,,,,
"US1MIDL0004","GLADSTONE 2.1 SW, MI US","45.83218","-87.05727","217.3","2025-03",,,,,,,
"US1MIDL0004","GLADSTONE 2.1 SW, MI US","45.83218","-87.05727","217.3","2025-04",,,,,,,
"US1MIDL0004","GLADSTONE 2.1 SW, MI US","45.83218","-87.05727","217.3","2025-05",,,,,,,
"US1MIDL0004","GLADSTONE 2.1 SW, MI US","45.83218","-87.05727","217.3","2025-06",,,,,,,
"USW00014838","MARQUETTE, MI US","46.5458","-87.3795","186.8","2025-01","0.0","-24.4","4.4","2161.4","-7.8","-4.3","-11.4"
"USW00014838","MARQUETTE, MI US","46.5458","-87.3795","186.8","2025-02","0.0","-17.8","11.1","2868.8","-6.9","-3.3","-10.6"
"USW00014838","MARQUETTE, MI US","46.5458","-87.3795","186.8","2025-03","0.0","-12.2","16.1","3460.7","-0.8","3.2","-4.7"
"USW00014838","MARQUETTE, MI US","46.5458","-87.3795","186.8","2025-04","0.0","-6.7","17.2","3914.8","3.2","6.6","-0.2"
"USW00014838","MARQUETTE, MI US","46.5458","-87.3795","186.8","2025-05","0.0","-0.6","29.4","4196.0","9.3","13.6","4.9"
"USW00014838","MARQUETTE, MI US","46.5458","-87.3795","186.8","2025-06","20.3","6.7","34.4","4313.0","15.1","20.0","10.3"
"USW00014836","LANSING CAPITAL CITY AIRPORT, MI US","42.77609","-84.59972","261.2","2025-01","0.0","-21.6","7.8","1817.2","-5.6","-1.6","-9.6"
"USW00014836","LANSING CAPITAL CITY AIRPORT, MI US","42.77609","-84.59972","261.2","2025-02","0.0","-19.3","11.7","2447.3","-4.2","-0.6","-7.7"
"USW00014836","LANSING CAPITAL CITY AIRPORT, MI US","42.77609","-84.59972","261.2","2025-03","0.0","-10.5","24.4","2857.4","5.1","11.6","-1.4"
"USW00014836","LANSING CAPITAL CITY AIRPORT, MI US","42.77609","-84.59972","261.2","2025-04","0.3","-5.5","27.8","3142.7","8.8","15.4","2.3"
"USW00014836","LANSING CAPITAL CITY AIRPORT, MI US","42.77609","-84.59972","261.2","2025-05","8.1","-0.5","28.9","3303.9","13.4","19.1","7.7"
"USW00014836","LANSING CAPITAL CITY AIRPORT, MI US","42.77609","-84.59972","261.2","2025-06","116.7","2.8","34.4","3318.6","21.5","27.3","15.6"
"US1MIWS0079","YPSILANTI 2.5 ESE, MI US","42.227658","-83.577115","222.2","2025-04",,,,,,,
"US1MIWS0079","YPSILANTI 2.5 ESE, MI US","42.227658","-83.577115","222.2","2025-05",,,,,,,
"US1MIWS0079","YPSILANTI 2.5 ESE, MI US","42.227658","-83.577115","222.2","2025-06",,,,,,,
"USC00201476","CHARLOTTE, MI US","42.5499","-84.825","274.9","2025-01",,,,,,,
"USC00201476","CHARLOTTE, MI US","42.5499","-84.825","274.9","2025-02",,,,,,,
"USC00201476","CHARLOTTE, MI US","42.5499","-84.825","274.9","2025-03",,,,,,,
"USC00201476","CHARLOTTE, MI US","42.5499","-84.825","274.9","2025-04",,,,,,,
"USC00201476","CHARLOTTE, MI US","42.5499","-84.825","274.9","2025-05",,,,,,,
"USC00201476","CHARLOTTE, MI US","42.5499","-84.825","274.9","2025-06",,,,,,,
"USC00203413","GREEN GARDEN NUMBER 2, MI US","46.4533","-87.3038","205.7","2025-01",,,,,,,
"USC00203413","GREEN GARDEN NUMBER 2, MI US","46.4533","-87.3038","205.7","2025-02",,,,,,,
"USC00203413","GREEN GARDEN NUMBER 2, MI US","46.4533","-87.3038","205.7","2025-03",,,,,,,
"USC00203413","GREEN GARDEN NUMBER 2, MI US","46.4533","-87.3038","205.7","2025-04",,,,,,,
"USC00203413","GREEN GARDEN NUMBER 2, MI US","46.4533","-87.3038","205.7","2025-05",,,,,,,
"USC00203413","GREEN GARDEN NUMBER 2, MI US","46.4533","-87.3038","205.7","2025-06",,,,,,,
"USC00204502","LAKE CITY EXPERIMENTAL FARM, MI US","44.3088","-85.205","374.9","2025-01","0.0","-25.6","8.3","2328.9","-8.4","-3.4","-13.4"
"USC00204502","LAKE CITY EXPERIMENTAL FARM, MI US","44.3088","-85.205","374.9","2025-02","0.0","-21.7","8.9","3038.0","-7.0","-2.2","-11.8"
"USC00204502","LAKE CITY EXPERIMENTAL FARM, MI US","44.3088","-85.205","374.9","2025-03","0.0","-14.4","21.7","3594.1","0.4","7.3","-6.5"
"USC00204502","LAKE CITY EXPERIMENTAL FARM, MI US","44.3088","-85.205","374.9","2025-04","0.0","-10.0","23.9","3988.2","5.2","12.5","-2.1"
"USC00204502","LAKE CITY EXPERIMENTAL FARM, MI US","44.3088","-85.205","374.9","2025-05","5.6","-3.3","28.3","4206.7","11.5","17.9","5.1"
"USC00204502","LAKE CITY EXPERIMENTAL FARM, MI US","44.3088","-85.205","374.9","2025-06","65.9","1.7","33.3","4249.4","18.9","25.7","12.1"
"US1MIDC0006","IRON MOUNTAIN 1.1 W, MI US","45.827192","-88.084161","387.7","2025-01",,,,,,,
"US1MIDC0006","IRON MOUNTAIN 1.1 W, MI US","45.827192","-88.084161","387.7","2025-02",,,,,,,
"US1MIDC0006","IRON MOUNTAIN 1.1 W, MI US","45.827192","-88.084161","387.7","2025-03",,,,,,,
"US1MIDC0006","IRON MOUNTAIN 1.1 W, MI US","45.827192","-88.084161","387.7","2025-04",,,,,,,
"US1MIDC0006","IRON MOUNTAIN 1.1 W, MI US","45.827192","-88.084161","387.7","2025-05",,,,,,,
"US1MIDC0006","IRON MOUNTAIN 1.1 W, MI US","45.827192","-88.084161","387.7","2025-06",,,,,,,
"USC00200146","ALMA, MI US","43.38686","-84.64818","221.9","2025-01","0.0","-20.6","7.8",,"-6.2","-2.8","-9.7"
"USC00200146","ALMA, MI US","43.38686","-84.64818","221.9","2025-02",,,,,,,
"USC00200146","ALMA, MI US","43.38686","-84.64818","221.9","2025-04",,"-5.6","26.1",,"7.0","13.7","0.3"
"USC00200146","ALMA, MI US","43.38686","-84.64818","221.9","2025-05",,"0.0","28.9",,"12.5","18.4","6.7"
"USC00200146","ALMA, MI US","43.38686","-84.64818","221.9","2025-06",,"3.3","35.0",,"20.2","26.4","14.0"
"US1MIWS0074","ANN ARBOR 5.4 SSW, MI US","42.2011204","-83.765407","257.3","2025-02",,,,,,,
"US1MIWS0074","ANN ARBOR 5.4 SSW, MI US","42.2011204","-83.765407","257.3","2025-03",,,,,,,
"US1MIWS0074","ANN ARBOR 5.4 SSW, MI US","42.2011204","-83.765407","257.3","2025-04",,,,,,,
"US1MIWS0074","ANN ARBOR 5.4 SSW, MI US","42.2011204","-83.765407","257.3","2025-06",,,,,,,
"US1MIMR0016","OTTAWA LAKE 1.4 SSW, MI US","41.782787","-83.738953","209.7","2025-01",,,,,,,
"US1MIMR0016","OTTAWA LAKE 1.4 SSW, MI US","41.782787","-83.738953","209.7","2025-02",,,,,,,
"US1MIMR0016","OTTAWA LAKE 1.4 SSW, MI US","41.782787","-83.738953","209.7","2025-03",,,,,,,
"US1MIMR0016","OTTAWA LAKE 1.4 SSW, MI US","41.782787","-83.738953","209.7","2025-04",,,,,,,
"US1MIMR0016","OTTAWA LAKE 1.4 SSW, MI US","41.782787","-83.738953","209.7","2025-05",,,,,,,
"US1MIMR0016","OTTAWA LAKE 1.4 SSW, MI US","41.782787","-83.738953","209.7","2025-06",,,,,,,
"US1MIKZ0032","KALAMAZOO 1.6 WSW, MI US","42.266463","-85.617403","286.8","2025-01",,,,,,,
"US1MIKZ0032","KALAMAZOO 1.6 WSW, MI US","42.266463","-85.617403","286.8","2025-05",,,,,,,
"USC00208443","VASSAR, MI US","43.3656","-83.5828","192.0","2025-05",,,,,,,
"USC00208443","VASSAR, MI US","43.3656","-83.5828","192.0","2025-06",,"2.8","35.0",,"20.8","27.2","14.3"
"US1MIMR0017","MONROE 5.9 NW, MI US","41.965405","-83.479872","191.4","2025-01",,,,,,,
"US1MIMR0017","MONROE 5.9 NW, MI US","41.965405","-83.479872","191.4","2025-02",,,,,,,
"US1MIMR0017","MONROE 5.9 NW, MI US","41.965405","-83.479872","191.4","2025-03",,,,,,,
"US1MIMR0017","MONROE 5.9 NW, MI US","41.965405","-83.479872","191.4","2025-04",,,,,,,
"US1MIMR0017","MONROE 5.9 NW, MI US","41.965405","-83.479872","191.4","2025-05",,,,,,,
"US1MIMR0017","MONROE 5.9 NW, MI US","41.965405","-83.479872","191.4","2025-06",,,,,,,
"USC00205050","MANCHESTER, MI US","42.1508","-84.0236","294.1","2025-01","0.0","-20.6","8.3",,"-5.5","-1.6","-9.3"
"USC00205050","MANCHESTER, MI US","42.1508","-84.0236","294.1","2025-02","0.0","-20.6","13.3",,"-4.3","0.5","-9.1"
"USC00205050","MANCHESTER, MI US","42.1508","-84.0236","294.1","2025-03","0.0","-11.1","23.9",,"4.7","11.4","-2.1"
"USC00205050","MANCHESTER, MI US","42.1508","-84.0236","294.1","2025-04","2.2","-5.6","29.4",,"8.8","16.0","1.6"
"USC00205050","MANCHESTER, MI US","42.1508","-84.0236","294.1","2025-05","9.7","1.1","29.4",,"14.1","20.3","7.8"
"USC00205050","MANCHESTER, MI US","42.1508","-84.0236","294.1","2025-06","115.9","2.8","35.6",,"21.2","27.9","14.5"
"US1MIKZ0031","PORTAGE 5.6 E, MI US","42.212449","-85.481922","270.7","2025-01",,,,,,,
"US1MIKZ0031","PORTAGE 5.6 E, MI US","42.212449","-85.481922","270.7","2025-02",,,,,,,
"US1MIKZ0031","PORTAGE 5.6 E, MI US","42.212449","-85.481922","270.7","2025-03",,,,,,,
"US1MIKZ0031","PORTAGE 5.6 E, MI US","42.212449","-85.481922","270.7","2025-06",,,,,,,
"USC00208202","TIPTON 2 WNW, MI US","42.0283","-84.1108","295.7","2025-04",,,,,,,
"USC00208202","TIPTON 2 WNW, MI US","42.0283","-84.1108","295.7","2025-05",,,,,,,
"USC00208202","TIPTON 2 WNW, MI US","42.0283","-84.1108","295.7","2025-06",,,,,,,
"US1MIKN0102","LOWELL 5.5 NW, MI US","42.987608","-85.424039","253.3","2025-04",,,,,,,
"US1MIKN0102","LOWELL 5.5 NW, MI US","42.987608","-85.424039","253.3","2025-05",,,,,,,
"US1MIKN0102","LOWELL 5.5 NW, MI US","42.987608","-85.424039","253.3","2025-06",,,,,,,
"US1MIBN0004","NILES 2.7 W, MI US","41.83705","-86.30048","219.2","2025-01",,,,,,,
"US1MIBN0004","NILES 2.7 W, MI US","41.83705","-86.30048","219.2","2025-02",,,,,,,
"US1MIBN0004","NILES 2.7 W, MI US","41.83705","-86.30048","219.2","2025-03",,,,,,,
"US1MIBN0004","NILES 2.7 W, MI US","41.83705","-86.30048","219.2","2025-04",,,,,,,
"US1MIBN0004","NILES 2.7 W, MI US","41.83705","-86.30048","219.2","2025-05",,,,,,,
"US1MIBN0004","NILES 2.7 W, MI US","41.83705","-86.30048","219.2","2025-06",,,,,,,
"US1MIBN0003","BUCHANAN 1.4 ESE, MI US","41.818287","-86.342251","231.3","2025-01",,,,,,,
"US1MIBN0003","BUCHANAN 1.4 ESE, MI US","41.818287","-86.342251","231.3","2025-02",,,,,,,
"US1MIBN0003","BUCHANAN 1.4 ESE, MI US","41.818287","-86.342251","231.3","2025-03",,,,,,,
"US1MIBN0003","BUCHANAN 1.4 ESE, MI US","41.818287","-86.342251","231.3","2025-04",,,,,,,
"US1MIBN0003","BUCHANAN 1.4 ESE, MI US","41.818287","-86.342251","231.3","2025-05",,,,,,,
"US1MIBN0003","BUCHANAN 1.4 ESE, MI US","41.818287","-86.342251","231.3","2025-06",,,,,,,
"US1MIBN0002","STEVENSVILLE 1.7 SSE, MI US","41.991137","-86.508585","187.8","2025-01",,,,,,,
"US1MIBN0002","STEVENSVILLE 1.7 SSE, MI US","41.991137","-86.508585","187.8","2025-02",,,,,,,
"US1MIBN0002","STEVENSVILLE 1.7 SSE, MI US","41.991137","-86.508585","187.8","2025-03",,,,,,,
"US1MIBN0002","STEVENSVILLE 1.7 SSE, MI US","41.991137","-86.508585","187.8","2025-04",,,,,,,
"US1MIBN0002","STEVENSVILLE 1.7 SSE, MI US","41.991137","-86.508585","187.8","2025-05",,,,,,,
"US1MIBN0002","STEVENSVILLE 1.7 SSE, MI US","41.991137","-86.508585","187.8","2025-06",,,,,,,
"USC00208682","WATERSMEET 12 WSW, MI US","46.2231","-89.4085","515.1","2025-01",,,,,,,
"USC00208682","WATERSMEET 12 WSW, MI US","46.2231","-89.4085","515.1","2025-02",,,,,,,
"USC00208682","WATERSMEET 12 WSW, MI US","46.2231","-89.4085","515.1","2025-03",,,,,,,
"USC00208682","WATERSMEET 12 WSW, MI US","46.2231","-89.4085","515.1","2025-04",,,,,,,
"USC00208682","WATERSMEET 12 WSW, MI US","46.2231","-89.4085","515.1","2025-05",,,,,,,
"USC00208682","WATERSMEET 12 WSW, MI US","46.2231","-89.4085","515.1","2025-06",,,,,,,
"USC00200718","BERGLAND DAM, MI US","46.5869","-89.5475","396.2","2025-01",,,,,,,
"USC00200718","BERGLAND DAM, MI US","46.5869","-89.5475","396.2","2025-02",,"-31.1","8.9",,"-11.0","-5.8","-16.3"
"USC00200718","BERGLAND DAM, MI US","46.5869","-89.5475","396.2","2025-03",,"-25.6","17.8",,"-3.3","3.5","-10.1"
"USC00200718","BERGLAND DAM, MI US","46.5869","-89.5475","396.2","2025-04",,"-18.3","20.6",,"1.4","8.0","-5.2"
"USC00200718","BERGLAND DAM, MI US","46.5869","-89.5475","396.2","2025-05",,"-2.8","31.1",,"11.2","19.6","2.8"
"USC00200718","BERGLAND DAM, MI US","46.5869","-89.5475","396.2","2025-06",,"6.1","33.9",,"16.7","23.2","10.2"
"US1MIKN0106","LOWELL 5.5 N, MI US","43.0124","-85.3512","245.4","2025-01",,,,,,,
"US1MIKN0106","LOWELL 5.5 N, MI US","43.0124","-85.3512","245.4","2025-02",,,,,,,
"US1MIKN0106","LOWELL 5.5 N, MI US","43.0124","-85.3512","245.4","2025-03",,,,,,,
"US1MIKN0106","LOWELL 5.5 N, MI US","43.0124","-85.3512","245.4","2025-04",,,,,,,
"US1MIKN0106","LOWELL 5.5 N, MI US","43.0124","-85.3512","245.4","2025-05",,,,,,,
"US1MIKN0106","LOWELL 5.5 N, MI US","43.0124","-85.3512","245.4","2025-06",,,,,,,
"US1MIOK0158","BEVERLY HILLS 1.2 W, MI US","42.51655","-83.26511","213.1","2025-02",,,,,,,
"US1MIOK0158","BEVERLY HILLS 1.2 W, MI US","42.51655","-83.26511","213.1","2025-03",,,,,,,
"US1MIOK0158","BEVERLY HILLS 1.2 W, MI US","42.51655","-83.26511","213.1","2025-04",,,,,,,
"US1MIOK0158","BEVERLY HILLS 1.2 W, MI US","42.51655","-83.26511","213.1","2025-06",,,,,,,
"USC00200710","BENTON HARBOR AIRPORT, MI US","42.1245","-86.4266","190.5","2025-01","0.0","-18.3","8.9","1727.2","-3.4","-0.5","-6.4"
"USC00200710","BENTON HARBOR AIRPORT, MI US","42.1245","-86.4266","190.5","2025-02","0.0","-12.2","10.6","2302.0","-2.2","1.3","-5.7"
"USC00200710","BENTON HARBOR AIRPORT, MI US","42.1245","-86.4266","190.5","2025-03","0.0","-5.6","23.9","2660.7","6.8","12.7","0.8"
"USC00200710","BENTON HARBOR AIRPORT, MI US","42.1245","-86.4266","190.5","2025-04","0.0","-4.4","26.1","2963.4","8.2","14.2","2.3"
"USC00200710","BENTON HARBOR AIRPORT, MI US","42.1245","-86.4266","190.5","2025-05","6.1","2.2","29.4","3149.9","12.5","17.8","7.3"
"USC00200710","BENTON HARBOR AIRPORT, MI US","42.1245","-86.4266","190.5","2025-06","129.6","2.2","35.6","3164.9","21.9","27.1","16.8"
"US1MIOK0035","WATERFORD 2.1 NW, MI US","42.687418","-83.413166","299.3","2025-01",,,,,,,
"US1MIOK0035","WATERFORD 2.1 NW, MI US","42.687418","-83.413166","299.3","2025-02",,,,,,,
"US1MIOK0035","WATERFORD 2.1 NW, MI US","42.687418","-83.413166","299.3","2025-03",,,,,,,
"US1MIOK0035","WATERFORD 2.1 NW, MI US","42.687418","-83.413166","299.3","2025-04",,,,,,,
"US1MIOK0035","WATERFORD 2.1 NW, MI US","42.687418","-83.413166","299.3","2025-05",,,,,,,
"US1MIOK0035","WATERFORD 2.1 NW, MI US","42.687418","-83.413166","299.3","2025-06",,,,,,,
"US1MIOK0031","WATERFORD 2.6 N, MI US","42.70081","-83.39073","294.1","2025-04",,,,,,,
"US1MIOK0031","WATERFORD 2.6 N, MI US","42.70081","-83.39073","294.1","2025-05",,,,,,,
"US1MIOK0031","WATERFORD 2.6 N, MI US","42.70081","-83.39073","294.1","2025-06",,,,,,,
"US1MIOK0152","NORTHVILLE 1.6 ENE, MI US","42.4428","-83.4583","262.1","2025-01",,,,,,,
"US1MIOK0152","NORTHVILLE 1.6 ENE, MI US","42.4428","-83.4583","262.1","2025-03",,,,,,,
"US1MIOK0152","NORTHVILLE 1.6 ENE, MI US","42.4428","-83.4583","262.1","2025-04",,,,,,,
"US1MIOK0152","NORTHVILLE 1.6 ENE, MI US","42.4428","-83.4583","262.1","2025-06",,,,,,,
"USC00204079","IONIA 3 W, MI US","42.98145","-85.12095","242.3","2025-01","0.0","-22.2","8.3","1987.1","-6.2","-2.6","-9.8"
"USC00204079","IONIA 3 W, MI US","42.98145","-85.12095","242.3","2025-02","0.0","-21.7","11.1","2650.0","-5.3","-1.4","-9.2"
"USC00204079","IONIA 3 W, MI US","42.98145","-85.12095","242.3","2025-03","0.0","-10.0","25.0","3103.6","3.7","10.6","-3.2"
"USC00204079","IONIA 3 W, MI US","42.98145","-85.12095","242.3","2025-04","0.0","-6.1","27.2","3430.2","7.4","14.5","0.4"
"USC00204079","IONIA 3 W, MI US","42.98145","-85.12095","242.3","2025-05","6.0","-1.1","29.4","3611.0","12.7","19.3","6.1"
"USC00204079","IONIA 3 W, MI US","42.98145","-85.12095","242.3","2025-06","90.0","1.1","33.9","3644.2","20.0","26.8","13.2"
"US1MIKZ0025","PORTAGE 0.8 WSW, MI US","42.19781","-85.60467","267.0","2025-04",,,,,,,
"US1MIKZ0025","PORTAGE 0.8 WSW, MI US","42.19781","-85.60467","267.0","2025-06",,,,,,,
"US1MIWY0182","GROSSE POINTE PARK 0.7 SSW, MI US","42.36477","-82.92763","175.9","2025-05",,,,,,,
"US1MIMR0004","MONROE 3.0 S, MI US","41.872635","-83.380939","182.3","2025-01",,,,,,,
"US1MIMR0004","MONROE 3.0 S, MI US","41.872635","-83.380939","182.3","2025-02",,,,,,,
"US1MIMR0004","MONROE 3.0 S, MI US","41.872635","-83.380939","182.3","2025-03",,,,,,,
"US1MIMR0004","MONROE 3.0 S, MI US","41.872635","-83.380939","182.3","2025-04",,,,,,,
"US1MIMR0004","MONROE 3.0 S, MI US","41.872635","-83.380939","182.3","2025-05",,,,,,,
"US1MIMR0004","MONROE 3.0 S, MI US","41.872635","-83.380939","182.3","2025-06",,,,,,,
"US1MIWY0183","CANTON 2.6 E, MI US","42.304243","-83.432358","204.5","2025-05",,,,,,,
"US1MIWY0183","CANTON 2.6 E, MI US","42.304243","-83.432358","204.5","2025-06",,,,,,,
"USC00207364","SAULT STE MARIE, MI US","46.48913","-84.31932","183.5","2025-01","0.0","-27.2","2.2","2422.3","-9.7","-5.4","-14.0"
"USC00207364","SAULT STE MARIE, MI US","46.48913","-84.31932","183.5","2025-02","0.0","-23.9","6.7","3204.3","-9.6","-4.3","-14.9"
"USC00207364","SAULT STE MARIE, MI US","46.48913","-84.31932","183.5","2025-03","0.0","-20.0","10.6","3892.2","-3.9","1.4","-9.1"
"USC00207364","SAULT STE MARIE, MI US","46.48913","-84.31932","183.5","2025-04","0.0","-13.3","20.0","4377.9","2.1","7.4","-3.1"
"USC00207364","SAULT STE MARIE, MI US","46.48913","-84.31932","183.5","2025-05","3.4","-1.1","27.2","4607.3","11.0","17.6","4.5"
"USC00207364","SAULT STE MARIE, MI US","46.48913","-84.31932","183.5","2025-06","17.1","1.1","31.1","4704.9","15.5","22.0","9.1"
"US1MIWY0184","PLYMOUTH 1.4 W, MI US","42.372998","-83.493837","239.3","2025-05",,,,,,,
"US1MIWY0184","PLYMOUTH 1.4 W, MI US","42.372998","-83.493837","239.3","2025-06",,,,,,,
"USC00206398","PAULDING, MI US","46.3976","-89.1794","416.7","2025-01","0.0","-33.3","3.9","2729.9","-11.9","-6.4","-17.4"
"USC00206398","PAULDING, MI US","46.3976","-89.1794","416.7","2025-02","0.0","-30.0","7.8","3530.5","-10.3","-4.4","-16.1"
"USC00206398","PAULDING, MI US","46.3976","-89.1794","416.7","2025-03","0.0","-25.0","15.0","4123.8","-2.1","4.2","-8.4"
"USC00206398","PAULDING, MI US","46.3976","-89.1794","416.7","2025-04","0.0","-19.4","21.1","4592.6","2.7","8.6","-3.2"
"USC00206398","PAULDING, MI US","46.3976","-89.1794","416.7","2025-05","5.9","-4.4","31.7","4814.7","10.6","18.5","2.7"
"USC00206398","PAULDING, MI US","46.3976","-89.1794","416.7","2025-06","37.9","-1.7","33.9","4914.9","16.0","22.7","9.2"
"US1MIMR0009","CARLETON 2.5 S, MI US","42.0212526619434","-83.3944923430681","187.5","2025-03",,,,,,,
"US1MIMR0009","CARLETON 2.5 S, MI US","42.0212526619434","-83.3944923430681","187.5","2025-04",,,,,,,
"US1MIMR0009","CARLETON 2.5 S, MI US","42.0212526619434","-83.3944923430681","187.5","2025-05",,,,,,,
"US1MIMR0009","CARLETON 2.5 S, MI US","42.0212526619434","-83.3944923430681","187.5","2025-06",,,,,,,
"USC00205065","MANISTEE 3 SE, MI US","44.2113","-86.2938","204.2","2025-01",,,,,,,
"USC00205065","MANISTEE 3 SE, MI US","44.2113","-86.2938","204.2","2025-02",,,,,,,
"USC00205065","MANISTEE 3 SE, MI US","44.2113","-86.2938","204.2","2025-03",,,,,,,
"USC00205065","MANISTEE 3 SE, MI US","44.2113","-86.2938","204.2","2025-05",,"-0.6","29.4",,"10.4","15.7","5.2"
"USC00205065","MANISTEE 3 SE, MI US","44.2113","-86.2938","204.2","2025-06",,"1.1","31.7",,"18.7","24.3","13.1"
"US1MIMG0019","NORTH MUSKEGON 2.4 NW, MI US","43.2774122804403","-86.302200704813","188.1","2025-05",,,,,,,
"US1MIMG0019","NORTH MUSKEGON 2.4 NW, MI US","43.2774122804403","-86.302200704813","188.1","2025-06",,,,,,,
"USC00204090","IRON MTN KINGSFORD WWTP, MI US","45.7858","-88.0841","326.4","2025-01","0.0","-28.9","7.2","2407.4","-9.9","-4.8","-15.0"
"USC00204090","IRON MTN KINGSFORD WWTP, MI US","45.7858","-88.0841","326.4","2025-02","0.0","-27.2","11.7","3173.4","-9.0","-2.4","-15.7"
"USC00204090","IRON MTN KINGSFORD WWTP, MI US","45.7858","-88.0841","326.4","2025-03","0.0","-16.1","17.8","3748.6","-0.2","5.6","-6.1"
"USC00204090","IRON MTN KINGSFORD WWTP, MI US","45.7858","-88.0841","326.4","2025-04","0.0","-11.1","21.7","4163.3","4.5","10.6","-1.6"
"USC00204090","IRON MTN KINGSFORD WWTP, MI US","45.7858","-88.0841","326.4","2025-05","3.9","-0.6","29.4","4346.3","12.6","19.6","5.5"
"USC00204090","IRON MTN KINGSFORD WWTP, MI US","45.7858","-88.0841","326.4","2025-06","66.9","1.1","35.0","4398.8","18.7","24.9","12.5"
"US1MIOK0149","COMMERCE 1.8 ESE, MI US","42.5692","-83.455","287.1","2025-01",,,,,,,
"US1MIOK0149","COMMERCE 1.8 ESE, MI US","42.5692","-83.455","287.1","2025-02",,,,,,,
"US1MIOK0149","COMMERCE 1.8 ESE, MI US","42.5692","-83.455","287.1","2025-03",,,,,,,
"US1MIOK0149","COMMERCE 1.8 ESE, MI US","42.5692","-83.455","287.1","2025-04",,,,,,,
"US1MIOK0149","COMMERCE 1.8 ESE, MI US","42.5692","-83.455","287.1","2025-05",,,,,,,
"US1MIOK0149","COMMERCE 1.8 ESE, MI US","42.5692","-83.455","287.1","2025-06",,,,,,,
"US1MIKN0116","EAST GRAND RAPIDS 1.1 SSW, MI US","42.931836","-85.616801","241.4","2025-05",,,,,,,
"US1MIOK0148","HOLLY 6.6 NE, MI US","42.86712","-83.53112","291.1","2025-01",,,,,,,
"US1MIOK0148","HOLLY 6.6 NE, MI US","42.86712","-83.53112","291.1","2025-02",,,,,,,
"US1MIOK0148","HOLLY 6.6 NE, MI US","42.86712","-83.53112","291.1","2025-03",,,,,,,
"US1MIOK0148","HOLLY 6.6 NE, MI US","42.86712","-83.53112","291.1","2025-04",,,,,,,
"US1MIOK0148","HOLLY 6.6 NE, MI US","42.86712","-83.53112","291.1","2025-05",,,,,,,
"US1MIOK0148","HOLLY 6.6 NE, MI US","42.86712","-83.53112","291.1","2025-06",,,,,,,
"US1MIOK0142","WATERFORD 1.1 NE, MI US","42.6756","-83.3735","292.6","2025-02",,,,,,,
"US1MIOK0142","WATERFORD 1.1 NE, MI US","42.6756","-83.3735","292.6","2025-03",,,,,,,
"US1MIOK0142","WATERFORD 1.1 NE, MI US","42.6756","-83.3735","292.6","2025-04",,,,,,,
"US1MIOK0142","WATERFORD 1.1 NE, MI US","42.6756","-83.3735","292.6","2025-05",,,,,,,
"US1MIOK0141","CLAWSON 0.5 S, MI US","42.53003","-83.15127","202.4","2025-01",,,,,,,
"US1MIOK0141","CLAWSON 0.5 S, MI US","42.53003","-83.15127","202.4","2025-02",,,,,,,
"US1MIOK0141","CLAWSON 0.5 S, MI US","42.53003","-83.15127","202.4","2025-03",,,,,,,
"US1MIOK0141","CLAWSON 0.5 S, MI US","42.53003","-83.15127","202.4","2025-04",,,,,,,
"US1MIOK0141","CLAWSON 0.5 S, MI US","42.53003","-83.15127","202.4","2025-05",,,,,,,
"US1MIOK0141","CLAWSON 0.5 S, MI US","42.53003","-83.15127","202.4","2025-06",,,,,,,
"US1MIAP0001","ALPENA 1.6 SSW, MI US","45.051565","-83.44876","178.9","2025-01",,,,,,,
"US1MIAP0001","ALPENA 1.6 SSW, MI US","45.051565","-83.44876","178.9","2025-02",,,,,,,
"US1MIAP0001","ALPENA 1.6 SSW, MI US","45.051565","-83.44876","178.9","2025-03",,,,,,,
"US1MIAP0001","ALPENA 1.6 SSW, MI US","45.051565","-83.44876","178.9","2025-04",,,,,,,
"US1MIAP0001","ALPENA 1.6 SSW, MI US","45.051565","-83.44876","178.9","2025-05",,,,,,,
"US1MIAP0001","ALPENA 1.6 SSW, MI US","45.051565","-83.44876","178.9","2025-06",,,,,,,
"US1MISC0030","ST. CLAIR 1.3 NNE, MI US","42.840392781036","-82.4786096600234","187.8","2025-04",,,,,,,
"US1MISC0030","ST. CLAIR 1.3 NNE, MI US","42.840392781036","-82.4786096600234","187.8","2025-05",,,,,,,
"US1MISC0030","ST. CLAIR 1.3 NNE, MI US","42.840392781036","-82.4786096600234","187.8","2025-06",,,,,,,
"US1MIBN0022","SHOREHAM 2.0 SE, MI US","42.0349","-86.4885","191.7","2025-01",,,,,,,
"US1MIBN0022","SHOREHAM 2.0 SE, MI US","42.0349","-86.4885","191.7","2025-04",,,,,,,
"US1MIBN0022","SHOREHAM 2.0 SE, MI US","42.0349","-86.4885","191.7","2025-05",,,,,,,
"USC00205195","MARSHALL, MI US","42.26477","-84.9696","272.8","2025-01",,,,,,,
"USC00205195","MARSHALL, MI US","42.26477","-84.9696","272.8","2025-02",,,,,,,
"USC00205195","MARSHALL, MI US","42.26477","-84.9696","272.8","2025-03",,,,,,,
"USC00205195","MARSHALL, MI US","42.26477","-84.9696","272.8","2025-04",,,,,,,
"USC00205195","MARSHALL, MI US","42.26477","-84.9696","272.8","2025-05",,,,,,,
"USC00205195","MARSHALL, MI US","42.26477","-84.9696","272.8","2025-06",,,,,,,
"USC00205073","MANISTIQUE WWTP, MI US","45.9512","-86.2513","182.9","2025-01","0.0","-25.0","3.3","2347.3","-8.3","-4.2","-12.3"
"USC00205073","MANISTIQUE WWTP, MI US","45.9512","-86.2513","182.9","2025-02","0.0","-19.4","12.2","3067.4","-7.4","-2.8","-12.0"
"USC00205073","MANISTIQUE WWTP, MI US","45.9512","-86.2513","182.9","2025-03","0.0","-13.3","10.6","3678.6","-1.4","2.8","-5.6"
"USC00205073","MANISTIQUE WWTP, MI US","45.9512","-86.2513","182.9","2025-04","0.0","-10.0","15.0","4140.3","2.9","7.0","-1.1"
"USC00205073","MANISTIQUE WWTP, MI US","45.9512","-86.2513","182.9","2025-05","0.3","-2.8","26.1","4402.6","9.9","14.6","5.2"
"USC00205073","MANISTIQUE WWTP, MI US","45.9512","-86.2513","182.9","2025-06","2.0","4.4","24.4","4504.6","15.0","18.9","11.1"
"US1MIKN0126","SPARTA 5.7 ENE, MI US","43.1793","-85.5998","245.1","2025-01",,,,,,,
"US1MIKN0126","SPARTA 5.7 ENE, MI US","43.1793","-85.5998","245.1","2025-02",,,,,,,
"US1MIKN0126","SPARTA 5.7 ENE, MI US","43.1793","-85.5998","245.1","2025-03",,,,,,,
"US1MIKN0126","SPARTA 5.7 ENE, MI US","43.1793","-85.5998","245.1","2025-04",,,,,,,
"US1MIKN0126","SPARTA 5.7 ENE, MI US","43.1793","-85.5998","245.1","2025-05",,,,,,,
"US1MIKN0126","SPARTA 5.7 ENE, MI US","43.1793","-85.5998","245.1","2025-06",,,,,,,
"US1MICT0018","LAINGSBURG 2.1 NNW, MI US","42.9166107","-84.3680344","250.9","2025-01",,,,,,,
"US1MICT0018","LAINGSBURG 2.1 NNW, MI US","42.9166107","-84.3680344","250.9","2025-02",,,,,,,
"US1MICT0018","LAINGSBURG 2.1 NNW, MI US","42.9166107","-84.3680344","250.9","2025-03",,,,,,,
"US1MICT0018","LAINGSBURG 2.1 NNW, MI US","42.9166107","-84.3680344","250.9","2025-04",,,,,,,
"US1MICT0018","LAINGSBURG 2.1 NNW, MI US","42.9166107","-84.3680344","250.9","2025-05",,,,,,,
"US1MICT0018","LAINGSBURG 2.1 NNW, MI US","42.9166107","-84.3680344","250.9","2025-06",,,,,,,
"US1MIJC0030","JACKSON 1.3 WSW, MI US","42.23506","-84.42734","300.2","2025-04",,,,,,,
"US1MIJC0030","JACKSON 1.3 WSW, MI US","42.23506","-84.42734","300.2","2025-05",,,,,,,
"US1MIJC0030","JACKSON 1.3 WSW, MI US","42.23506","-84.42734","300.2","2025-06",,,,,,,
"US1MICT0011","DEWITT 1.0 NNW, MI US","42.849203","-84.584367","258.5","2025-05",,,,,,,
"US1MICT0011","DEWITT 1.0 NNW, MI US","42.849203","-84.584367","258.5","2025-06",,,,,,,
"US1MIKN0121","SPARTA 0.3 NE, MI US","43.16015","-85.7052","232.0","2025-01",,,,,,,
"US1MIKN0121","SPARTA 0.3 NE, MI US","43.16015","-85.7052","232.0","2025-02",,,,,,,
"US1MIKN0121","SPARTA 0.3 NE, MI US","43.16015","-85.7052","232.0","2025-03",,,,,,,
"US1MIKN0121","SPARTA 0.3 NE, MI US","43.16015","-85.7052","232.0","2025-04",,,,,,,
"US1MIKN0121","SPARTA 0.3 NE, MI US","43.16015","-85.7052","232.0","2025-05",,,,,,,
"US1MIKN0121","SPARTA 0.3 NE, MI US","43.16015","-85.7052","232.0","2025-06",,,,,,,
"US1MIBN0024","ST. JOSEPH 2.8 SSE, MI US","42.059672","-86.471057","194.5","2025-01",,,,,,,
"US1MIBN0024","ST. JOSEPH 2.8 SSE, MI US","42.059672","-86.471057","194.5","2025-02",,,,,,,
"US1MIBN0024","ST. JOSEPH 2.8 SSE, MI US","42.059672","-86.471057","194.5","2025-03",,,,,,,
"US1MIBN0024","ST. JOSEPH 2.8 SSE, MI US","42.059672","-86.471057","194.5","2025-04",,,,,,,
"US1MIBN0024","ST. JOSEPH 2.8 SSE, MI US","42.059672","-86.471057","194.5","2025-05",,,,,,,
"US1MIBN0024","ST. JOSEPH 2.8 SSE, MI US","42.059672","-86.471057","194.5","2025-06",,,,,,,
"US1MIMB0093","WARREN 3.8 NE, MI US","42.53748","-82.9849","187.1","2025-04",,,,,,,
"US1MIMB0093","WARREN 3.8 NE, MI US","42.53748","-82.9849","187.1","2025-05",,,,,,,
"US1MIMB0093","WARREN 3.8 NE, MI US","42.53748","-82.9849","187.1","2025-06",,,,,,,
"US1MIMB0090","RICHMOND 1.0 WSW, MI US","42.80556","-82.77318","221.3","2025-05",,,,,,,
"US1MIMB0090","RICHMOND 1.0 WSW, MI US","42.80556","-82.77318","221.3","2025-06",,,,,,,
"US1MIKN0008","GRAND RAPIDS 3.1 NNE, MI US","43.0053","-85.641146","212.4","2025-01",,,,,,,
"US1MIKN0008","GRAND RAPIDS 3.1 NNE, MI US","43.0053","-85.641146","212.4","2025-02",,,,,,,
"US1MIKN0008","GRAND RAPIDS 3.1 NNE, MI US","43.0053","-85.641146","212.4","2025-03",,,,,,,
"US1MIKN0008","GRAND RAPIDS 3.1 NNE, MI US","43.0053","-85.641146","212.4","2025-04",,,,,,,
"US1MIKN0008","GRAND RAPIDS 3.1 NNE, MI US","43.0053","-85.641146","212.4","2025-05",,,,,,,
"US1MIKN0008","GRAND RAPIDS 3.1 NNE, MI US","43.0053","-85.641146","212.4","2025-06",,,,,,,
"US1MIKN0127","ALTO 2.9 S, MI US","42.812957","-85.381099","246.6","2025-01",,,,,,,
"US1MIKN0127","ALTO 2.9 S, MI US","42.812957","-85.381099","246.6","2025-02",,,,,,,
"US1MIKN0127","ALTO 2.9 S, MI US","42.812957","-85.381099","246.6","2025-04",,,,,,,
"US1MIKN0127","ALTO 2.9 S, MI US","42.812957","-85.381099","246.6","2025-05",,,,,,,
"US1MIKN0127","ALTO 2.9 S, MI US","42.812957","-85.381099","246.6","2025-06",,,,,,,
"US1MIKN0128","GRAND RAPIDS 6.6 W, MI US","42.976142","-85.784333","228.0","2025-05",,,,,,,
"US1MIKN0128","GRAND RAPIDS 6.6 W, MI US","42.976142","-85.784333","228.0","2025-06",,,,,,,
"US1MICS0005","NILES 3.5 E, MI US","41.840575709939","-86.1795915663242","233.5","2025-01",,,,,,,
"US1MICS0005","NILES 3.5 E, MI US","41.840575709939","-86.1795915663242","233.5","2025-02",,,,,,,
"US1MICS0005","NILES 3.5 E, MI US","41.840575709939","-86.1795915663242","233.5","2025-03",,,,,,,
"US1MICS0005","NILES 3.5 E, MI US","41.840575709939","-86.1795915663242","233.5","2025-04",,,,,,,
"US1MICS0005","NILES 3.5 E, MI US","41.840575709939","-86.1795915663242","233.5","2025-05",,,,,,,
"US1MICS0005","NILES 3.5 E, MI US","41.840575709939","-86.1795915663242","233.5","2025-06",,,,,,,
"US1MIMB0088","NEW HAVEN 0.4 NE, MI US","42.7372","-82.78798","190.5","2025-05",,,,,,,
"US1MIMB0085","NEW HAVEN 2.7 S, MI US","42.6940922","-82.8003218","183.8","2025-04",,,,,,,
"US1MIMB0085","NEW HAVEN 2.7 S, MI US","42.6940922","-82.8003218","183.8","2025-05",,,,,,,
"US1MIMB0084","HARRISON 1.7 SW, MI US","42.568981","-82.844551","177.4","2025-01",,,,,,,
"US1MIMB0084","HARRISON 1.7 SW, MI US","42.568981","-82.844551","177.4","2025-02",,,,,,,
"US1MIMB0084","HARRISON 1.7 SW, MI US","42.568981","-82.844551","177.4","2025-03",,,,,,,
"US1MIMB0084","HARRISON 1.7 SW, MI US","42.568981","-82.844551","177.4","2025-04",,,,,,,
"US1MIMB0084","HARRISON 1.7 SW, MI US","42.568981","-82.844551","177.4","2025-05",,,,,,,
"US1MIMB0084","HARRISON 1.7 SW, MI US","42.568981","-82.844551","177.4","2025-06",,,,,,,
"US1MILL0008","SUTTONS BAY 1.7 N, MI US","45.00285","-85.64508","252.4","2025-02",,,,,,,
"US1MILL0008","SUTTONS BAY 1.7 N, MI US","45.00285","-85.64508","252.4","2025-04",,,,,,,
"US1MILL0008","SUTTONS BAY 1.7 N, MI US","45.00285","-85.64508","252.4","2025-06",,,,,,,
"USC00206158","OLD MISSION 3 SSW, MI US","44.9215","-85.5161","199.9","2025-01",,,,,,,
"USC00206158","OLD MISSION 3 SSW, MI US","44.9215","-85.5161","199.9","2025-02",,,,,,,
"USC00206158","OLD MISSION 3 SSW, MI US","44.9215","-85.5161","199.9","2025-03",,,,,,,
"USC00206158","OLD MISSION 3 SSW, MI US","44.9215","-85.5161","199.9","2025-05",,,,,,,
"USC00206158","OLD MISSION 3 SSW, MI US","44.9215","-85.5161","199.9","2025-06",,,,,,,
"US1MICT0021","LAINGSBURG 2.1 NW, MI US","42.9127757","-84.3762217","247.2","2025-01",,,,,,,
"US1MICT0021","LAINGSBURG 2.1 NW, MI US","42.9127757","-84.3762217","247.2","2025-02",,,,,,,
"US1MICT0021","LAINGSBURG 2.1 NW, MI US","42.9127757","-84.3762217","247.2","2025-03",,,,,,,
"US1MICT0021","LAINGSBURG 2.1 NW, MI US","42.9127757","-84.3762217","247.2","2025-04",,,,,,,
"US1MICT0021","LAINGSBURG 2.1 NW, MI US","42.9127757","-84.3762217","247.2","2025-05",,,,,,,
"US1MICT0021","LAINGSBURG 2.1 NW, MI US","42.9127757","-84.3762217","247.2","2025-06",,,,,,,
"US1MICT0026","DEWITT 4.7 NNE, MI US","42.8924467","-84.5244549","258.8","2025-05",,,,,,,
"US1MICT0026","DEWITT 4.7 NNE, MI US","42.8924467","-84.5244549","258.8","2025-06",,,,,,,
"US1MIMR0029","MONROE 0.5 NW, MI US","41.923039","-83.392266","181.7","2025-06",,,,,,,
"US1MIKN0135","CEDAR SPRINGS 8.0 E, MI US","43.20656","-85.39513","276.5","2025-06",,,,,,,
"US1MIKN0011","LOWELL 1.4 ESE, MI US","42.923687","-85.322221","215.8","2025-01",,,,,,,
"US1MIKN0011","LOWELL 1.4 ESE, MI US","42.923687","-85.322221","215.8","2025-02",,,,,,,
"US1MIKN0011","LOWELL 1.4 ESE, MI US","42.923687","-85.322221","215.8","2025-03",,,,,,,
"US1MIKN0011","LOWELL 1.4 ESE, MI US","42.923687","-85.322221","215.8","2025-04",,,,,,,
"US1MIKN0011","LOWELL 1.4 ESE, MI US","42.923687","-85.322221","215.8","2025-05",,,,,,,
"US1MIKN0011","LOWELL 1.4 ESE, MI US","42.923687","-85.322221","215.8","2025-06",,,,,,,
"US1MICT0023","ST. JOHNS 3.5 SSW, MI US","42.9561","-84.592533","225.9","2025-03",,,,,,,
"US1MICT0023","ST. JOHNS 3.5 SSW, MI US","42.9561","-84.592533","225.9","2025-04",,,,,,,
"US1MICT0023","ST. JOHNS 3.5 SSW, MI US","42.9561","-84.592533","225.9","2025-05",,,,,,,
"US1MICT0023","ST. JOHNS 3.5 SSW, MI US","42.9561","-84.592533","225.9","2025-06",,,,,,,
"US1MICT0024","LAINGSBURG 2.2 SW, MI US","42.8709829","-84.3833521","249.6","2025-01",,,,,,,
"US1MICT0024","LAINGSBURG 2.2 SW, MI US","42.8709829","-84.3833521","249.6","2025-02",,,,,,,
"US1MICT0024","LAINGSBURG 2.2 SW, MI US","42.8709829","-84.3833521","249.6","2025-03",,,,,,,
"US1MICT0024","LAINGSBURG 2.2 SW, MI US","42.8709829","-84.3833521","249.6","2025-04",,,,,,,
"US1MICT0024","LAINGSBURG 2.2 SW, MI US","42.8709829","-84.3833521","249.6","2025-05",,,,,,,
"US1MICT0024","LAINGSBURG 2.2 SW, MI US","42.8709829","-84.3833521","249.6","2025-06",,,,,,,
"US1MIBN0013","ST. JOSEPH 1.5 SSE, MI US","42.077448","-86.480321","192.6","2025-01",,,,,,,
"US1MIBN0013","ST. JOSEPH 1.5 SSE, MI US","42.077448","-86.480321","192.6","2025-02",,,,,,,
"US1MIBN0013","ST. JOSEPH 1.5 SSE, MI US","42.077448","-86.480321","192.6","2025-03",,,,,,,
"US1MIBN0013","ST. JOSEPH 1.5 SSE, MI US","42.077448","-86.480321","192.6","2025-04",,,,,,,
"US1MIBN0013","ST. JOSEPH 1.5 SSE, MI US","42.077448","-86.480321","192.6","2025-06",,,,,,,
"US1MIWY0081","GROSSE POINTE WOODS 0.6 W, MI US","42.436292","-82.91032","178.6","2025-04",,,,,,,
"US1MIWY0081","GROSSE POINTE WOODS 0.6 W, MI US","42.436292","-82.91032","178.6","2025-05",,,,,,,
"US1MIWY0081","GROSSE POINTE WOODS 0.6 W, MI US","42.436292","-82.91032","178.6","2025-06",,,,,,,
"US1MIKN0130","GRAND RAPIDS 0.3 S, MI US","42.9568","-85.6549","221.3","2025-01",,,,,,,
"US1MIKN0130","GRAND RAPIDS 0.3 S, MI US","42.9568","-85.6549","221.3","2025-02",,,,,,,
"US1MIKN0130","GRAND RAPIDS 0.3 S, MI US","42.9568","-85.6549","221.3","2025-03",,,,,,,
"US1MIKN0130","GRAND RAPIDS 0.3 S, MI US","42.9568","-85.6549","221.3","2025-04",,,,,,,
"US1MIKN0130","GRAND RAPIDS 0.3 S, MI US","42.9568","-85.6549","221.3","2025-05",,,,,,,
"US1MIKN0130","GRAND RAPIDS 0.3 S, MI US","42.9568","-85.6549","221.3","2025-06",,,,,,,
"US1MIMR0022","TEMPERANCE 4.6 WNW, MI US","41.801","-83.6499","207.0","2025-01",,,,,,,
"US1MIMR0022","TEMPERANCE 4.6 WNW, MI US","41.801","-83.6499","207.0","2025-02",,,,,,,
"US1MIMR0022","TEMPERANCE 4.6 WNW, MI US","41.801","-83.6499","207.0","2025-03",,,,,,,
"US1MIMR0022","TEMPERANCE 4.6 WNW, MI US","41.801","-83.6499","207.0","2025-04",,,,,,,
"US1MIMR0022","TEMPERANCE 4.6 WNW, MI US","41.801","-83.6499","207.0","2025-05",,,,,,,
"US1MIMR0022","TEMPERANCE 4.6 WNW, MI US","41.801","-83.6499","207.0","2025-06",,,,,,,
"USR0000MWAT","WATERSMEET MICHIGAN, MI US","46.2689","-89.17","489.2","2025-01","0.0","-32.8","7.2","2509.3","-11.3","-6.3","-16.3"
"USR0000MWAT","WATERSMEET MICHIGAN, MI US","46.2689","-89.17","489.2","2025-02","0.0","-30.0","10.0","3300.3","-9.9","-3.6","-16.2"
"USR0000MWAT","WATERSMEET MICHIGAN, MI US","46.2689","-89.17","489.2","2025-03","0.0","-25.0","17.8","3919.0","-1.6","4.8","-8.1"
"USR0000MWAT","WATERSMEET MICHIGAN, MI US","46.2689","-89.17","489.2","2025-04","0.0","-20.0","21.1","4369.8","3.3","10.0","-3.4"
"USR0000MWAT","WATERSMEET MICHIGAN, MI US","46.2689","-89.17","489.2","2025-05","10.6","-5.0","31.1","4593.4","11.5","19.5","3.4"
"USR0000MWAT","WATERSMEET MICHIGAN, MI US","46.2689","-89.17","489.2","2025-06","48.4","-1.7","34.4","4671.9","17.0","23.4","10.6"
"US1MIOK0047","BLOOMFIELD TOWNSHIP 3.1 SW, MI US","42.54516","-83.317685","262.7","2025-01",,,,,,,
"US1MIOK0047","BLOOMFIELD TOWNSHIP 3.1 SW, MI US","42.54516","-83.317685","262.7","2025-02",,,,,,,
"US1MIOK0047","BLOOMFIELD TOWNSHIP 3.1 SW, MI US","42.54516","-83.317685","262.7","2025-03",,,,,,,
"US1MIOK0047","BLOOMFIELD TOWNSHIP 3.1 SW, MI US","42.54516","-83.317685","262.7","2025-04",,,,,,,
"US1MIOK0047","BLOOMFIELD TOWNSHIP 3.1 SW, MI US","42.54516","-83.317685","262.7","2025-05",,,,,,,
"US1MIOK0047","BLOOMFIELD TOWNSHIP 3.1 SW, MI US","42.54516","-83.317685","262.7","2025-06",,,,,,,
"USW00054854","GAYLORD 9 SSW, MI US","44.908","-84.7203","445.3","2025-01","0.0","-22.7","6.2","2328.4","-8.5","-4.8","-12.2"
"USW00054854","GAYLORD 9 SSW, MI US","44.908","-84.7203","445.3","2025-02","0.0","-17.0","9.3","3052.1","-7.5","-4.0","-11.1"
"USW00054854","GAYLORD 9 SSW, MI US","44.908","-84.7203","445.3","2025-03","0.0","-16.0","18.3","3635.5","-0.5","4.5","-5.5"
"USW00054854","GAYLORD 9 SSW, MI US","44.908","-84.7203","445.3","2025-04","0.0","-9.8","22.8","4037.4","4.9","11.1","-1.2"
"USW00054854","GAYLORD 9 SSW, MI US","44.908","-84.7203","445.3","2025-05","8.2","-0.3","29.5","4263.9","11.3","16.6","6.0"
"USW00054854","GAYLORD 9 SSW, MI US","44.908","-84.7203","445.3","2025-06","59.2","1.0","33.2","4312.4","18.4","24.3","12.5"
"US1MIOK0046","ORCHARD LAKE VILLAGE 0.9 WSW, MI US","42.577345","-83.394211","285.9","2025-03",,,,,,,
"US1MIOK0046","ORCHARD LAKE VILLAGE 0.9 WSW, MI US","42.577345","-83.394211","285.9","2025-05",,,,,,,
"US1MIOK0046","ORCHARD LAKE VILLAGE 0.9 WSW, MI US","42.577345","-83.394211","285.9","2025-06",,,,,,,
"US1MIOK0166","BIRMINGHAM 0.8 NNE, MI US","42.5556286","-83.2115753","236.2","2025-04",,,,,,,
"US1MIOK0166","BIRMINGHAM 0.8 NNE, MI US","42.5556286","-83.2115753","236.2","2025-05",,,,,,,
"US1MIOK0044","MILFORD 4.3 ESE, MI US","42.5727","-83.517587","283.8","2025-04",,,,,,,
"US1MIOK0044","MILFORD 4.3 ESE, MI US","42.5727","-83.517587","283.8","2025-05",,,,,,,
"US1MIOK0044","MILFORD 4.3 ESE, MI US","42.5727","-83.517587","283.8","2025-06",,,,,,,
"US1MINW0008","WHITE CLOUD 7.5 ENE, MI US","43.606302","-85.641918","298.1","2025-01",,,,,,,
"US1MINW0008","WHITE CLOUD 7.5 ENE, MI US","43.606302","-85.641918","298.1","2025-02",,,,,,,
"US1MINW0008","WHITE CLOUD 7.5 ENE, MI US","43.606302","-85.641918","298.1","2025-03",,,,,,,
"US1MINW0008","WHITE CLOUD 7.5 ENE, MI US","43.606302","-85.641918","298.1","2025-04",,,,,,,
"US1MINW0008","WHITE CLOUD 7.5 ENE, MI US","43.606302","-85.641918","298.1","2025-05",,,,,,,
"US1MINW0008","WHITE CLOUD 7.5 ENE, MI US","43.606302","-85.641918","298.1","2025-06",,,,,,,
"USC00202804","FILION 5 NNW, MI US","43.9158","-83.083","193.5","2025-01","0.0","-18.3","5.0",,"-4.8","-1.7","-7.9"
"USC00202804","FILION 5 NNW, MI US","43.9158","-83.083","193.5","2025-02","0.0","-17.2","9.4",,"-4.3","-0.6","-7.9"
"USC00202804","FILION 5 NNW, MI US","43.9158","-83.083","193.5","2025-03","0.0","-7.2","23.3",,"3.9","8.7","-0.8"
"USC00202804","FILION 5 NNW, MI US","43.9158","-83.083","193.5","2025-04",,,,,,,
"USC00202804","FILION 5 NNW, MI US","43.9158","-83.083","193.5","2025-05",,,,,,,
"USC00202804","FILION 5 NNW, MI US","43.9158","-83.083","193.5","2025-06",,,,,,,
"US1MIOK0164","BIRMINGHAM 0.7 S, MI US","42.53478","-83.21838","231.3","2025-05",,,,,,,
"US1MIMB0095","LENOX 1.5 N, MI US","42.7834","-82.8054","203.6","2025-04",,,,,,,
"US1MIMB0095","LENOX 1.5 N, MI US","42.7834","-82.8054","203.6","2025-05",,,,,,,
"US1MIMB0095","LENOX 1.5 N, MI US","42.7834","-82.8054","203.6","2025-06",,,,,,,
"US1MIKZ0039","GALESBURG 1.4 NNW, MI US","42.310813","-85.424155","264.3","2025-02",,,,,,,
"US1MIKZ0039","GALESBURG 1.4 NNW, MI US","42.310813","-85.424155","264.3","2025-03",,,,,,,
"US1MIKZ0039","GALESBURG 1.4 NNW, MI US","42.310813","-85.424155","264.3","2025-04",,,,,,,
"US1MIKZ0039","GALESBURG 1.4 NNW, MI US","42.310813","-85.424155","264.3","2025-05",,,,,,,
"US1MIKZ0039","GALESBURG 1.4 NNW, MI US","42.310813","-85.424155","264.3","2025-06",,,,,,,
"US1MIKZ0037","GALESBURG 2.5 W, MI US","42.2973341","-85.4663517","274.3","2025-05",,,,,,,
"US1MIKZ0037","GALESBURG 2.5 W, MI US","42.2973341","-85.4663517","274.3","2025-06",,,,,,,
"USC00207277","BEAVER ISLAND, MI US","45.6911","-85.5463","204.8","2025-01","0.0","-19.4","4.4",,"-6.8","-3.1","-10.6"
"USC00207277","BEAVER ISLAND, MI US","45.6911","-85.5463","204.8","2025-02","0.0","-18.3","7.2",,"-6.5","-2.7","-10.2"
"USC00207277","BEAVER ISLAND, MI US","45.6911","-85.5463","204.8","2025-03","0.0","-15.0","16.1",,"-0.1","4.4","-4.7"
"USC00207277","BEAVER ISLAND, MI US","45.6911","-85.5463","204.8","2025-04","0.0","-9.4","21.1",,"4.2","9.4","-1.0"
"USC00207277","BEAVER ISLAND, MI US","45.6911","-85.5463","204.8","2025-05","0.9","-1.7","27.8",,"11.3","16.7","5.9"
"USC00207277","BEAVER ISLAND, MI US","45.6911","-85.5463","204.8","2025-06","22.1","4.4","30.0",,"17.1","22.2","12.0"
"USC00208245","TRAVERSE CITY 4.7ESE, MI US","44.73389","-85.51208","245.1","2025-01","0.0","-20.6","8.9","2138.1","-7.0","-3.8","-10.2"
"USC00208245","TRAVERSE CITY 4.7ESE, MI US","44.73389","-85.51208","245.1","2025-02","0.0","-16.1","10.0","2828.5","-6.3","-2.9","-9.8"
"USC00208245","TRAVERSE CITY 4.7ESE, MI US","44.73389","-85.51208","245.1","2025-03","0.0","-11.1","21.7","3364.4","1.1","5.9","-3.8"
"USC00208245","TRAVERSE CITY 4.7ESE, MI US","44.73389","-85.51208","245.1","2025-04","0.0","-6.7","25.0","3767.8","4.9","10.9","-1.1"
"USC00208245","TRAVERSE CITY 4.7ESE, MI US","44.73389","-85.51208","245.1","2025-05","7.2","-2.8","30.0","4013.7","10.6","16.2","5.0"
"USC00208245","TRAVERSE CITY 4.7ESE, MI US","44.73389","-85.51208","245.1","2025-06","51.7","3.3","33.3","4065.5","18.1","23.6","12.6"
"USR0000MMIO","MIO MICHIGAN, MI US","44.6761","-84.1283","320.0","2025-01","0.0","-28.3","5.6","2286.5","-8.1","-3.3","-12.9"
"USR0000MMIO","MIO MICHIGAN, MI US","44.6761","-84.1283","320.0","2025-02","0.0","-21.7","12.2","2989.5","-6.8","-1.7","-11.9"
"USR0000MMIO","MIO MICHIGAN, MI US","44.6761","-84.1283","320.0","2025-03","0.0","-14.4","21.1","3495.4","0.8","7.3","-5.7"
"USR0000MMIO","MIO MICHIGAN, MI US","44.6761","-84.1283","320.0","2025-04","0.0","-12.2","25.0","3886.4","5.3","12.9","-2.3"
"USR0000MMIO","MIO MICHIGAN, MI US","44.6761","-84.1283","320.0","2025-05","4.5","-4.4","29.4","4109.7","11.3","17.8","4.8"
"USR0000MMIO","MIO MICHIGAN, MI US","44.6761","-84.1283","320.0","2025-06","65.9","0.6","35.6","4149.5","19.1","26.7","11.4"
"USC00205097","MAPLE CITY 1 E, MI US","44.855","-85.8352","243.5","2025-01","0.0","-17.8","9.4","1943.4","-6.0","-2.4","-9.7"
"USC00205097","MAPLE CITY 1 E, MI US","44.855","-85.8352","243.5","2025-02","0.0","-18.9","10.0","2597.7","-5.0","-1.6","-8.5"
"USC00205097","MAPLE CITY 1 E, MI US","44.855","-85.8352","243.5","2025-03","0.0","-11.1","22.8","3106.6","1.9","7.3","-3.4"
"USC00205097","MAPLE CITY 1 E, MI US","44.855","-85.8352","243.5","2025-04","0.0","-7.8","25.6","3452.4","6.4","12.7","0.1"
"USC00205097","MAPLE CITY 1 E, MI US","44.855","-85.8352","243.5","2025-05","7.5","-1.1","28.9","3662.7","11.8","17.6","6.0"
"USC00205097","MAPLE CITY 1 E, MI US","44.855","-85.8352","243.5","2025-06","71.5","1.7","33.3","3703.2","19.1","24.5","13.8"
"US1MIMQ0019","ISHPEMING 7.2 SW, MI US","46.4055","-87.7567","445.9","2025-01",,,,,,,
"US1MIMQ0019","ISHPEMING 7.2 SW, MI US","46.4055","-87.7567","445.9","2025-02",,,,,,,
"US1MIMQ0019","ISHPEMING 7.2 SW, MI US","46.4055","-87.7567","445.9","2025-03",,,,,,,
"US1MIMQ0019","ISHPEMING 7.2 SW, MI US","46.4055","-87.7567","445.9","2025-04",,,,,,,
"US1MIMQ0019","ISHPEMING 7.2 SW, MI US","46.4055","-87.7567","445.9","2025-05",,,,,,,
"US1MIMQ0019","ISHPEMING 7.2 SW, MI US","46.4055","-87.7567","445.9","2025-06",,,,,,,
"USC00201845","COVINGTON 1 NNW, MI US","46.5588","-88.5419","491.0","2025-01","0.0","-32.2","4.4",,"-12.4","-8.0","-16.9"
"USC00201845","COVINGTON 1 NNW, MI US","46.5588","-88.5419","491.0","2025-02","0.0","-26.1","10.0",,"-10.8","-5.8","-15.8"
"USC00201845","COVINGTON 1 NNW, MI US","46.5588","-88.5419","491.0","2025-03","0.0","-23.3","17.2",,"-2.9","3.3","-9.1"
"USC00201845","COVINGTON 1 NNW, MI US","46.5588","-88.5419","491.0","2025-04","0.0","-16.1","20.6",,"2.4","7.9","-3.1"
"USC00201845","COVINGTON 1 NNW, MI US","46.5588","-88.5419","491.0","2025-05","9.5","-2.2","31.1",,"11.0","17.7","4.3"
"USC00201845","COVINGTON 1 NNW, MI US","46.5588","-88.5419","491.0","2025-06","42.6","0.0","33.9",,"16.6","22.2","10.9"
"US1MIMQ0016","MARQUETTE 0.4 ESE, MI US","46.5477","-87.3888","213.4","2025-05",,,,,,,
"US1MIOK0077","WHITE LAKE 0.5 E, MI US","42.69242","-83.54549","316.7","2025-02",,,,,,,
"US1MIOK0077","WHITE LAKE 0.5 E, MI US","42.69242","-83.54549","316.7","2025-03",,,,,,,
"US1MIOK0077","WHITE LAKE 0.5 E, MI US","42.69242","-83.54549","316.7","2025-04",,,,,,,
"US1MIOK0077","WHITE LAKE 0.5 E, MI US","42.69242","-83.54549","316.7","2025-05",,,,,,,
"US1MIOK0077","WHITE LAKE 0.5 E, MI US","42.69242","-83.54549","316.7","2025-06",,,,,,,
"USC00200758","BEULAH 7 SSW, MI US","44.5316","-86.1311","235.6","2025-01","0.0","-17.8","8.3","2023.7","-6.1","-2.9","-9.3"
"USC00200758","BEULAH 7 SSW, MI US","44.5316","-86.1311","235.6","2025-02","0.0","-16.7","11.1","2689.8","-5.5","-2.0","-8.9"
"USC00200758","BEULAH 7 SSW, MI US","44.5316","-86.1311","235.6","2025-03","0.0","-10.6","25.0","3206.2","1.7","6.9","-3.5"
"USC00200758","BEULAH 7 SSW, MI US","44.5316","-86.1311","235.6","2025-04","0.0","-6.7","25.6","3575.4","6.0","12.2","-0.2"
"USC00200758","BEULAH 7 SSW, MI US","44.5316","-86.1311","235.6","2025-05","5.3","-2.2","30.6","3788.3","11.6","17.7","5.6"
"USC00200758","BEULAH 7 SSW, MI US","44.5316","-86.1311","235.6","2025-06","65.6","2.2","33.9","3824.0","19.2","24.9","13.4"
"US1MIWY0038","DETROIT 4.4 S, MI US","42.319995","-83.09005","180.1","2025-04",,,,,,,
"US1MIWY0038","DETROIT 4.4 S, MI US","42.319995","-83.09005","180.1","2025-05",,,,,,,
"US1MIWY0038","DETROIT 4.4 S, MI US","42.319995","-83.09005","180.1","2025-06",,,,,,,
"US1MIWY0033","LIVONIA 2.3 NNW, MI US","42.431002","-83.381911","210.9","2025-01",,,,,,,
"US1MIWY0033","LIVONIA 2.3 NNW, MI US","42.431002","-83.381911","210.9","2025-02",,,,,,,
"US1MIWY0033","LIVONIA 2.3 NNW, MI US","42.431002","-83.381911","210.9","2025-03",,,,,,,
"US1MIWY0033","LIVONIA 2.3 NNW, MI US","42.431002","-83.381911","210.9","2025-04",,,,,,,
"US1MIWY0033","LIVONIA 2.3 NNW, MI US","42.431002","-83.381911","210.9","2025-05",,,,,,,
"US1MIWY0020","LIVONIA 2.2 WNW, MI US","42.406371","-83.413232","208.2","2025-05",,,,,,,
"US1MIHR0010","BAY PORT 3.2 SSW, MI US","43.807469","-83.400139","178.3","2025-01",,,,,,,
"US1MIHR0010","BAY PORT 3.2 SSW, MI US","43.807469","-83.400139","178.3","2025-03",,,,,,,
"US1MIHR0010","BAY PORT 3.2 SSW, MI US","43.807469","-83.400139","178.3","2025-04",,,,,,,
"US1MIHR0010","BAY PORT 3.2 SSW, MI US","43.807469","-83.400139","178.3","2025-05",,,,,,,
"US1MIHR0010","BAY PORT 3.2 SSW, MI US","43.807469","-83.400139","178.3","2025-06",,,,,,,
"USC00207280","SAINT JOHNS, MI US","43.0128","-84.5547","226.5","2025-01",,,,,,,
"USC00207280","SAINT JOHNS, MI US","43.0128","-84.5547","226.5","2025-02",,,,,,,
"USC00207280","SAINT JOHNS, MI US","43.0128","-84.5547","226.5","2025-03",,,,,,,
"USC00207280","SAINT JOHNS, MI US","43.0128","-84.5547","226.5","2025-04",,,,,,,
"USC00207280","SAINT JOHNS, MI US","43.0128","-84.5547","226.5","2025-05",,,,,,,
"USC00207280","SAINT JOHNS, MI US","43.0128","-84.5547","226.5","2025-06",,,,,,,
"US1MIOK0069","SOUTHFIELD 2.8 NNE, MI US","42.51303","-83.238","216.1","2025-04",,,,,,,
"US1MIOK0069","SOUTHFIELD 2.8 NNE, MI US","42.51303","-83.238","216.1","2025-05",,,,,,,
"US1MIOK0069","SOUTHFIELD 2.8 NNE, MI US","42.51303","-83.238","216.1","2025-06",,,,,,,
"US1MICS0014","EDWARDSBURG 3.0 NNW, MI US","41.837844","-86.099858","254.5","2025-01",,,,,,,
"US1MICS0014","EDWARDSBURG 3.0 NNW, MI US","41.837844","-86.099858","254.5","2025-02",,,,,,,
"US1MICS0014","EDWARDSBURG 3.0 NNW, MI US","41.837844","-86.099858","254.5","2025-03",,,,,,,
"US1MICS0014","EDWARDSBURG 3.0 NNW, MI US","41.837844","-86.099858","254.5","2025-04",,,,,,,
"US1MICS0014","EDWARDSBURG 3.0 NNW, MI US","41.837844","-86.099858","254.5","2025-05",,,,,,,
"US1MICS0014","EDWARDSBURG 3.0 NNW, MI US","41.837844","-86.099858","254.5","2025-06",,,,,,,
"US1MIOK0066","DAVISBURG 1.3 ESE, MI US","42.7443389892578","-83.5173797607422","314.6","2025-01",,,,,,,
"US1MIOK0066","DAVISBURG 1.3 ESE, MI US","42.7443389892578","-83.5173797607422","314.6","2025-02",,,,,,,
"US1MIOK0066","DAVISBURG 1.3 ESE, MI US","42.7443389892578","-83.5173797607422","314.6","2025-04",,,,,,,
"US1MIOK0066","DAVISBURG 1.3 ESE, MI US","42.7443389892578","-83.5173797607422","314.6","2025-05",,,,,,,
"US1MIOK0066","DAVISBURG 1.3 ESE, MI US","42.7443389892578","-83.5173797607422","314.6","2025-06",,,,,,,
"USR0000MBRR","BEAR MICHIGAN, MI US","44.8019","-86.0508","289.9","2025-01","0.0","-17.8","9.4","2004.0","-5.6","-2.4","-8.8"
"USR0000MBRR","BEAR MICHIGAN, MI US","44.8019","-86.0508","289.9","2025-02","0.0","-19.4","11.7","2656.3","-5.0","-1.3","-8.6"
"USR0000MBRR","BEAR MICHIGAN, MI US","44.8019","-86.0508","289.9","2025-03","0.0","-10.6","24.4","3145.5","1.7","6.9","-3.6"
"USR0000MBRR","BEAR MICHIGAN, MI US","44.8019","-86.0508","289.9","2025-04","0.0","-8.3","26.1","3517.2","5.9","12.2","-0.3"
"USR0000MBRR","BEAR MICHIGAN, MI US","44.8019","-86.0508","289.9","2025-05","8.4","-1.7","30.6","3736.8","11.5","17.0","6.0"
"USR0000MBRR","BEAR MICHIGAN, MI US","44.8019","-86.0508","289.9","2025-06","69.9","0.0","33.3","3773.7","19.1","24.9","13.4"
"US1MIOK0063","FENTON 2.7 SSE, MI US","42.7672157287598","-83.6855316162109","296.0","2025-01",,,,,,,
"US1MIOK0063","FENTON 2.7 SSE, MI US","42.7672157287598","-83.6855316162109","296.0","2025-02",,,,,,,
"US1MIOK0063","FENTON 2.7 SSE, MI US","42.7672157287598","-83.6855316162109","296.0","2025-03",,,,,,,
"US1MIOK0063","FENTON 2.7 SSE, MI US","42.7672157287598","-83.6855316162109","296.0","2025-04",,,,,,,
"US1MIOK0063","FENTON 2.7 SSE, MI US","42.7672157287598","-83.6855316162109","296.0","2025-05",,,,,,,
"US1MIOK0063","FENTON 2.7 SSE, MI US","42.7672157287598","-83.6855316162109","296.0","2025-06",,,,,,,
"US1MIIN0001","SARANAC 2.6 NE, MI US","42.957642","-85.173759","203.3","2025-01",,,,,,,
"US1MIIN0001","SARANAC 2.6 NE, MI US","42.957642","-85.173759","203.3","2025-02",,,,,,,
"US1MIIN0001","SARANAC 2.6 NE, MI US","42.957642","-85.173759","203.3","2025-03",,,,,,,
"US1MIIN0001","SARANAC 2.6 NE, MI US","42.957642","-85.173759","203.3","2025-04",,,,,,,
"US1MIIN0001","SARANAC 2.6 NE, MI US","42.957642","-85.173759","203.3","2025-05",,,,,,,
"US1MIIN0001","SARANAC 2.6 NE, MI US","42.957642","-85.173759","203.3","2025-06",,,,,,,
"US1MIWY0147","CANTON 3.7 WNW, MI US","42.3337277","-83.545602","258.5","2025-04",,,,,,,
"US1MIWY0147","CANTON 3.7 WNW, MI US","42.3337277","-83.545602","258.5","2025-05",,,,,,,
"US1MIWY0147","CANTON 3.7 WNW, MI US","42.3337277","-83.545602","258.5","2025-06",,,,,,,
"US1MIBN0028","BARODA 1.3 W, MI US","41.952376","-86.512989","198.1","2025-01",,,,,,,
"US1MIBN0028","BARODA 1.3 W, MI US","41.952376","-86.512989","198.1","2025-02",,,,,,,
"US1MIBN0028","BARODA 1.3 W, MI US","41.952376","-86.512989","198.1","2025-03",,,,,,,
"US1MIBN0028","BARODA 1.3 W, MI US","41.952376","-86.512989","198.1","2025-04",,,,,,,
"US1MIBN0028","BARODA 1.3 W, MI US","41.952376","-86.512989","198.1","2025-05",,,,,,,
"US1MIBN0028","BARODA 1.3 W, MI US","41.952376","-86.512989","198.1","2025-06",,,,,,,
"US1MIWY0143","NORTHVILLE 3.4 SE, MI US","42.40179","-83.44225","228.6","2025-01",,,,,,,
"US1MIWY0143","NORTHVILLE 3.4 SE, MI US","42.40179","-83.44225","228.6","2025-05",,,,,,,
"US1MISC0014","PORT HURON 2.8 WSW, MI US","42.981609","-82.485512","189.9","2025-01",,,,,,,
"US1MISC0014","PORT HURON 2.8 WSW, MI US","42.981609","-82.485512","189.9","2025-02",,,,,,,
"US1MISC0014","PORT HURON 2.8 WSW, MI US","42.981609","-82.485512","189.9","2025-03",,,,,,,
"US1MISC0014","PORT HURON 2.8 WSW, MI US","42.981609","-82.485512","189.9","2025-04",,,,,,,
"US1MISC0014","PORT HURON 2.8 WSW, MI US","42.981609","-82.485512","189.9","2025-05",,,,,,,
"US1MISC0014","PORT HURON 2.8 WSW, MI US","42.981609","-82.485512","189.9","2025-06",,,,,,,
"US1MIWY0052","LIVONIA 2.0 NE, MI US","42.417046","-83.343613","195.7","2025-03",,,,,,,
"US1MIWY0052","LIVONIA 2.0 NE, MI US","42.417046","-83.343613","195.7","2025-04",,,,,,,
"US1MIWY0052","LIVONIA 2.0 NE, MI US","42.417046","-83.343613","195.7","2025-05",,,,,,,
"US1MIWY0052","LIVONIA 2.0 NE, MI US","42.417046","-83.343613","195.7","2025-06",,,,,,,
"US1MIWY0174","LIVONIA 1.5 SW, MI US","42.383251","-83.392635","209.1","2025-04",,,,,,,
"US1MIWY0174","LIVONIA 1.5 SW, MI US","42.383251","-83.392635","209.1","2025-05",,,,,,,
"US1MIWY0174","LIVONIA 1.5 SW, MI US","42.383251","-83.392635","209.1","2025-06",,,,,,,
"USC00209110","WYANDOTTE, MI US","42.20844","-83.1626","176.8","2025-01",,,,,,,
"USC00209110","WYANDOTTE, MI US","42.20844","-83.1626","176.8","2025-02",,,,,,,
"USC00209110","WYANDOTTE, MI US","42.20844","-83.1626","176.8","2025-03",,,,,,,
"USC00209110","WYANDOTTE, MI US","42.20844","-83.1626","176.8","2025-04",,,,,,,
"USC00209110","WYANDOTTE, MI US","42.20844","-83.1626","176.8","2025-05",,,,,,,
"USC00209110","WYANDOTTE, MI US","42.20844","-83.1626","176.8","2025-06",,,,,,,
"USC00206080","OIL CITY 2 S, MI US","43.5816","-84.5888","207.3","2025-01","0.0","-23.3","7.8",,"-6.9","-2.9","-11.0"
"USC00206080","OIL CITY 2 S, MI US","43.5816","-84.5888","207.3","2025-02","0.0","-22.2","11.1",,"-6.4","-1.6","-11.2"
"USC00206080","OIL CITY 2 S, MI US","43.5816","-84.5888","207.3","2025-03","0.0","-12.2","23.3",,"2.1","8.6","-4.4"
"USC00201502","CHELSEA, MI US","42.3263","-84.0133","274.3","2025-01","0.0","-21.7","9.4","1886.1","-5.6","-2.1","-9.2"
"USC00201502","CHELSEA, MI US","42.3263","-84.0133","274.3","2025-02","0.0","-21.1","12.2","2524.0","-4.4","-0.3","-8.6"
"USC00201502","CHELSEA, MI US","42.3263","-84.0133","274.3","2025-03","0.0","-11.7","23.9","2936.1","5.0","11.0","-0.9"
"USC00201502","CHELSEA, MI US","42.3263","-84.0133","274.3","2025-04","5.3","-6.1","28.9","3221.8","9.0","15.3","2.7"
"USC00201502","CHELSEA, MI US","42.3263","-84.0133","274.3","2025-05","16.2","0.6","28.9","3364.6","14.1","19.5","8.6"
"USC00201502","CHELSEA, MI US","42.3263","-84.0133","274.3","2025-06","127.4","3.3","34.4","3384.0","21.4","27.6","15.2"
"USC00202955","FRANKENMUTH 1 SE, MI US","43.3194","-83.7161","193.5","2025-01","0.0","-21.1","7.2",,"-6.8","-3.6","-10.0"
"USC00202955","FRANKENMUTH 1 SE, MI US","43.3194","-83.7161","193.5","2025-04",,,,,,,
"USC00202955","FRANKENMUTH 1 SE, MI US","43.3194","-83.7161","193.5","2025-05",,,,,,,
"USC00202955","FRANKENMUTH 1 SE, MI US","43.3194","-83.7161","193.5","2025-06",,,,,,,
"USC00200779","BIG RAPIDS WATER TREATMENT PLANT, MI US","43.7072","-85.4819","273.7","2025-01","0.0","-25.0","8.3","2174.8","-7.1","-3.4","-10.8"
"USC00200779","BIG RAPIDS WATER TREATMENT PLANT, MI US","43.7072","-85.4819","273.7","2025-02","0.0","-23.9","9.4","2878.4","-6.8","-2.1","-11.5"
"USC00200779","BIG RAPIDS WATER TREATMENT PLANT, MI US","43.7072","-85.4819","273.7","2025-03","0.0","-13.9","22.8","3351.0","2.1","8.7","-4.6"
"USC00200779","BIG RAPIDS WATER TREATMENT PLANT, MI US","43.7072","-85.4819","273.7","2025-04","0.0","-7.2","25.0","3703.3","6.2","13.3","-1.0"
"USC00200779","BIG RAPIDS WATER TREATMENT PLANT, MI US","43.7072","-85.4819","273.7","2025-05","5.2","-3.3","28.3","3887.4","12.0","19.0","5.1"
"USC00200779","BIG RAPIDS WATER TREATMENT PLANT, MI US","43.7072","-85.4819","273.7","2025-06","69.4","1.1","32.8","3927.2","19.2","26.0","12.4"
"USC00200417","BAD AXE, MI US","43.808","-82.9938","217.9","2025-01","0.0","-21.7","3.9","2013.9","-6.9","-3.5","-10.3"
"USC00200417","BAD AXE, MI US","43.808","-82.9938","217.9","2025-02","0.0","-18.9","8.9","2646.2","-6.0","-2.2","-9.7"
"USC00200417","BAD AXE, MI US","43.808","-82.9938","217.9","2025-03","0.0","-11.1","22.8","3140.2","2.4","8.0","-3.2"
"USC00200417","BAD AXE, MI US","43.808","-82.9938","217.9","2025-04","0.0","-6.1","28.3","3489.4","6.7","13.4","0.0"
"USC00200417","BAD AXE, MI US","43.808","-82.9938","217.9","2025-05","8.0","-0.6","28.9","3712.2","11.4","16.5","6.3"
"USC00200417","BAD AXE, MI US","43.808","-82.9938","217.9","2025-06","81.9","3.9","35.0","3740.5","19.9","26.0","13.7"
"US1MIMQ0032","BIG BAY 9.0 SE, MI US","46.71871","-87.61221","233.8","2025-01",,,,,,,
"US1MIMQ0032","BIG BAY 9.0 SE, MI US","46.71871","-87.61221","233.8","2025-02",,,,,,,
"US1MIMQ0032","BIG BAY 9.0 SE, MI US","46.71871","-87.61221","233.8","2025-03",,,,,,,
"US1MIMQ0032","BIG BAY 9.0 SE, MI US","46.71871","-87.61221","233.8","2025-04",,,,,,,
"US1MIMQ0032","BIG BAY 9.0 SE, MI US","46.71871","-87.61221","233.8","2025-05",,,,,,,
"US1MIMQ0032","BIG BAY 9.0 SE, MI US","46.71871","-87.61221","233.8","2025-06",,,,,,,
"US1MIMQ0033","MARQUETTE 2.0 WNW, MI US","46.562881","-87.433004","211.2","2025-01",,,,,,,
"US1MIMQ0033","MARQUETTE 2.0 WNW, MI US","46.562881","-87.433004","211.2","2025-02",,,,,,,
"US1MIMQ0033","MARQUETTE 2.0 WNW, MI US","46.562881","-87.433004","211.2","2025-03",,,,,,,
"US1MIMQ0033","MARQUETTE 2.0 WNW, MI US","46.562881","-87.433004","211.2","2025-05",,,,,,,
"US1MIMQ0033","MARQUETTE 2.0 WNW, MI US","46.562881","-87.433004","211.2","2025-06",,,,,,,
"US1MIMQ0030","MARQUETTE 6.1 SSW, MI US","46.472883","-87.457057","380.1","2025-01",,,,,,,
"US1MIMQ0030","MARQUETTE 6.1 SSW, MI US","46.472883","-87.457057","380.1","2025-02",,,,,,,
"US1MIMQ0030","MARQUETTE 6.1 SSW, MI US","46.472883","-87.457057","380.1","2025-04",,,,,,,
"US1MIMQ0030","MARQUETTE 6.1 SSW, MI US","46.472883","-87.457057","380.1","2025-05",,,,,,,
"US1MIMQ0030","MARQUETTE 6.1 SSW, MI US","46.472883","-87.457057","380.1","2025-06",,,,,,,
"USC00200770","BIG BAY 1 NW, MI US","46.8325","-87.7504","233.2","2025-01","0.0","-25.0","5.0","2327.2","-8.4","-5.1","-11.8"
"USC00200770","BIG BAY 1 NW, MI US","46.8325","-87.7504","233.2","2025-02","0.0","-22.2","9.4","3061.1","-7.9","-3.9","-11.9"
"USC00200770","BIG BAY 1 NW, MI US","46.8325","-87.7504","233.2","2025-03","0.0","-15.6","17.8","3665.0","-1.1","3.3","-5.6"
"USC00200770","BIG BAY 1 NW, MI US","46.8325","-87.7504","233.2","2025-04","0.0","-11.1","20.0","4122.5","3.1","7.4","-1.2"
"USC00200770","BIG BAY 1 NW, MI US","46.8325","-87.7504","233.2","2025-05","10.5","-3.9","32.2","4396.4","9.8","15.6","4.1"
"USC00200770","BIG BAY 1 NW, MI US","46.8325","-87.7504","233.2","2025-06","33.8","1.7","34.4","4518.8","15.0","20.4","9.6"
"USC00200771","BIG BAY 9 SW, MI US","46.7462","-87.8816","445.0","2025-01",,,,,,,
"USC00200771","BIG BAY 9 SW, MI US","46.7462","-87.8816","445.0","2025-02",,,,,,,
"USC00200771","BIG BAY 9 SW, MI US","46.7462","-87.8816","445.0","2025-03",,,,,,,
"USC00200771","BIG BAY 9 SW, MI US","46.7462","-87.8816","445.0","2025-04",,,,,,,
"USC00200771","BIG BAY 9 SW, MI US","46.7462","-87.8816","445.0","2025-05",,,,,,,
"USC00200771","BIG BAY 9 SW, MI US","46.7462","-87.8816","445.0","2025-06",,,,,,,
"US1MIMQ0034","SKANDIA 3.0 SSE, MI US","46.33748","-87.21344","339.9","2025-01",,,,,,,
"US1MIMQ0034","SKANDIA 3.0 SSE, MI US","46.33748","-87.21344","339.9","2025-02",,,,,,,
"US1MIMQ0034","SKANDIA 3.0 SSE, MI US","46.33748","-87.21344","339.9","2025-03",,,,,,,
"US1MIMQ0034","SKANDIA 3.0 SSE, MI US","46.33748","-87.21344","339.9","2025-04",,,,,,,
"US1MIMQ0034","SKANDIA 3.0 SSE, MI US","46.33748","-87.21344","339.9","2025-05",,,,,,,
"US1MIMQ0034","SKANDIA 3.0 SSE, MI US","46.33748","-87.21344","339.9","2025-06",,,,,,,
"US1MIWY0178","DEARBORN 2.1 SW, MI US","42.28715","-83.23726","183.5","2025-04",,,,,,,
"US1MIWY0178","DEARBORN 2.1 SW, MI US","42.28715","-83.23726","183.5","2025-05",,,,,,,
"US1MIWY0178","DEARBORN 2.1 SW, MI US","42.28715","-83.23726","183.5","2025-06",,,,,,,
"US1MIWY0160","DETROIT 1.7 ESE, MI US","42.37373","-83.07139","192.0","2025-01",,,,,,,
"US1MIWY0160","DETROIT 1.7 ESE, MI US","42.37373","-83.07139","192.0","2025-02",,,,,,,
"US1MIWY0160","DETROIT 1.7 ESE, MI US","42.37373","-83.07139","192.0","2025-03",,,,,,,
"US1MIWY0160","DETROIT 1.7 ESE, MI US","42.37373","-83.07139","192.0","2025-04",,,,,,,
"US1MIWY0160","DETROIT 1.7 ESE, MI US","42.37373","-83.07139","192.0","2025-05",,,,,,,
"US1MIWY0160","DETROIT 1.7 ESE, MI US","42.37373","-83.07139","192.0","2025-06",,,,,,,
"USC00207188","RUDYARD 5 SE, MI US","46.19076","-84.50852","203.3","2025-01","0.0","-27.2","2.8","2581.8","-9.7","-5.0","-14.5"
"USC00207188","RUDYARD 5 SE, MI US","46.19076","-84.50852","203.3","2025-02","0.0","-28.9","8.9","3369.9","-9.8","-4.1","-15.6"
"USC00207188","RUDYARD 5 SE, MI US","46.19076","-84.50852","203.3","2025-03","0.0","-20.0","12.8","4056.6","-3.8","1.6","-9.3"
"USC00207188","RUDYARD 5 SE, MI US","46.19076","-84.50852","203.3","2025-04","0.0","-15.6","19.4","4544.3","2.1","8.2","-4.1"
"USC00207188","RUDYARD 5 SE, MI US","46.19076","-84.50852","203.3","2025-05","0.6","-4.4","26.7","4805.2","9.9","17.5","2.4"
"USC00207188","RUDYARD 5 SE, MI US","46.19076","-84.50852","203.3","2025-06","15.6","-2.8","30.0","4915.9","15.1","22.5","7.8"
"US1MIWY0163","DETROIT 2.5 SE, MI US","42.35647","-83.06919","191.7","2025-01",,,,,,,
"US1MIWY0163","DETROIT 2.5 SE, MI US","42.35647","-83.06919","191.7","2025-02",,,,,,,
"US1MIWY0163","DETROIT 2.5 SE, MI US","42.35647","-83.06919","191.7","2025-03",,,,,,,
"US1MIWY0163","DETROIT 2.5 SE, MI US","42.35647","-83.06919","191.7","2025-04",,,,,,,
"US1MIWY0163","DETROIT 2.5 SE, MI US","42.35647","-83.06919","191.7","2025-05",,,,,,,
"US1MIWY0163","DETROIT 2.5 SE, MI US","42.35647","-83.06919","191.7","2025-06",,,,,,,
"US1MIET0018","LANSING 4.7 NW, MI US","42.752944","-84.623995","261.5","2025-01",,,,,,,
"US1MIET0018","LANSING 4.7 NW, MI US","42.752944","-84.623995","261.5","2025-02",,,,,,,
"US1MIET0018","LANSING 4.7 NW, MI US","42.752944","-84.623995","261.5","2025-04",,,,,,,
"US1MIET0018","LANSING 4.7 NW, MI US","42.752944","-84.623995","261.5","2025-05",,,,,,,
"US1MIET0018","LANSING 4.7 NW, MI US","42.752944","-84.623995","261.5","2025-06",,,,,,,
"US1MIET0015","EATON RAPIDS 6.6 N, MI US","42.60421","-84.67487","277.7","2025-01",,,,,,,
"US1MIET0015","EATON RAPIDS 6.6 N, MI US","42.60421","-84.67487","277.7","2025-02",,,,,,,
"US1MIET0015","EATON RAPIDS 6.6 N, MI US","42.60421","-84.67487","277.7","2025-03",,,,,,,
"US1MIET0015","EATON RAPIDS 6.6 N, MI US","42.60421","-84.67487","277.7","2025-04",,,,,,,
"US1MIET0015","EATON RAPIDS 6.6 N, MI US","42.60421","-84.67487","277.7","2025-05",,,,,,,
"US1MIET0015","EATON RAPIDS 6.6 N, MI US","42.60421","-84.67487","277.7","2025-06",,,,,,,
"US1MIET0014","VERMONTVILLE 4.3 N, MI US","42.687542","-85.033386","270.7","2025-05",,,,,,,
"US1MIET0014","VERMONTVILLE 4.3 N, MI US","42.687542","-85.033386","270.7","2025-06",,,,,,,
"US1MIET0022","KE8CIC EATON RAPIDS 0.3 SE, MI US","42.5066851","-84.64995","268.2","2025-01",,,,,,,
"US1MIET0022","KE8CIC EATON RAPIDS 0.3 SE, MI US","42.5066851","-84.64995","268.2","2025-02",,,,,,,
"US1MIET0022","KE8CIC EATON RAPIDS 0.3 SE, MI US","42.5066851","-84.64995","268.2","2025-03",,,,,,,
"US1MIET0022","KE8CIC EATON RAPIDS 0.3 SE, MI US","42.5066851","-84.64995","268.2","2025-04",,,,,,,
"US1MIET0022","KE8CIC EATON RAPIDS 0.3 SE, MI US","42.5066851","-84.64995","268.2","2025-05",,,,,,,
"US1MIET0022","KE8CIC EATON RAPIDS 0.3 SE, MI US","42.5066851","-84.64995","268.2","2025-06",,,,,,,
"US1MIET0023","BELLEVUE 1.9 ENE, MI US","42.4517402","-84.9818251","265.5","2025-01",,,,,,,
"US1MIET0023","BELLEVUE 1.9 ENE, MI US","42.4517402","-84.9818251","265.5","2025-02",,,,,,,
"US1MIET0023","BELLEVUE 1.9 ENE, MI US","42.4517402","-84.9818251","265.5","2025-03",,,,,,,
"US1MIET0023","BELLEVUE 1.9 ENE, MI US","42.4517402","-84.9818251","265.5","2025-04",,,,,,,
"US1MIET0023","BELLEVUE 1.9 ENE, MI US","42.4517402","-84.9818251","265.5","2025-05",,,,,,,
"US1MIET0023","BELLEVUE 1.9 ENE, MI US","42.4517402","-84.9818251","265.5","2025-06",,,,,,,
"US1MIET0021","LAKE ODESSA 3.7 ESE, MI US","42.76008","-85.07194","267.9","2025-05",,,,,,,
"US1MIET0021","LAKE ODESSA 3.7 ESE, MI US","42.76008","-85.07194","267.9","2025-06",,,,,,,
"US1MIOK0087","ORTONVILLE 2.3 S, MI US","42.818733215332","-83.4431304931641","297.2","2025-01",,,,,,,
"US1MIOK0087","ORTONVILLE 2.3 S, MI US","42.818733215332","-83.4431304931641","297.2","2025-02",,,,,,,
"US1MIOK0087","ORTONVILLE 2.3 S, MI US","42.818733215332","-83.4431304931641","297.2","2025-03",,,,,,,
"US1MIOK0087","ORTONVILLE 2.3 S, MI US","42.818733215332","-83.4431304931641","297.2","2025-04",,,,,,,
"US1MIOK0087","ORTONVILLE 2.3 S, MI US","42.818733215332","-83.4431304931641","297.2","2025-05",,,,,,,
"US1MIOK0087","ORTONVILLE 2.3 S, MI US","42.818733215332","-83.4431304931641","297.2","2025-06",,,,,,,
"US1MIWY0047","BELLEVILLE 2.8 ESE, MI US","42.182333","-83.436367","201.5","2025-03",,,,,,,
"US1MIWY0047","BELLEVILLE 2.8 ESE, MI US","42.182333","-83.436367","201.5","2025-04",,,,,,,
"US1MIWY0047","BELLEVILLE 2.8 ESE, MI US","42.182333","-83.436367","201.5","2025-05",,,,,,,
"US1MIWY0047","BELLEVILLE 2.8 ESE, MI US","42.182333","-83.436367","201.5","2025-06",,,,,,,
"US1MIWY0043","DEARBORN HEIGHTS 1.8 NW, MI US","42.3419570922852","-83.3020706176758","185.6","2025-01",,,,,,,
"US1MIWY0043","DEARBORN HEIGHTS 1.8 NW, MI US","42.3419570922852","-83.3020706176758","185.6","2025-02",,,,,,,
"US1MIWY0043","DEARBORN HEIGHTS 1.8 NW, MI US","42.3419570922852","-83.3020706176758","185.6","2025-03",,,,,,,
"US1MIWY0043","DEARBORN HEIGHTS 1.8 NW, MI US","42.3419570922852","-83.3020706176758","185.6","2025-04",,,,,,,
"US1MIWY0043","DEARBORN HEIGHTS 1.8 NW, MI US","42.3419570922852","-83.3020706176758","185.6","2025-05",,,,,,,
"US1MIWY0043","DEARBORN HEIGHTS 1.8 NW, MI US","42.3419570922852","-83.3020706176758","185.6","2025-06",,,,,,,
"US1MIGL0004","GLADWIN 10.4 NNW, MI US","44.118652","-84.584704","321.6","2025-01",,,,,,,
"US1MIGL0004","GLADWIN 10.4 NNW, MI US","44.118652","-84.584704","321.6","2025-02",,,,,,,
"US1MIGL0004","GLADWIN 10.4 NNW, MI US","44.118652","-84.584704","321.6","2025-03",,,,,,,
"US1MIGL0004","GLADWIN 10.4 NNW, MI US","44.118652","-84.584704","321.6","2025-04",,,,,,,
"US1MIWY0167","WAYNE 0.4 E, MI US","42.2757973","-83.3814382","200.6","2025-04",,,,,,,
"US1MIWY0167","WAYNE 0.4 E, MI US","42.2757973","-83.3814382","200.6","2025-05",,,,,,,
"US1MIMQ0024","WOBIC 0.5 ESE, MI US","46.498396","-87.940723","491.0","2025-01",,,,,,,
"US1MIMQ0024","WOBIC 0.5 ESE, MI US","46.498396","-87.940723","491.0","2025-02",,,,,,,
"US1MIMQ0024","WOBIC 0.5 ESE, MI US","46.498396","-87.940723","491.0","2025-03",,,,,,,
"US1MIMQ0024","WOBIC 0.5 ESE, MI US","46.498396","-87.940723","491.0","2025-04",,,,,,,
"US1MIMQ0024","WOBIC 0.5 ESE, MI US","46.498396","-87.940723","491.0","2025-05",,,,,,,
"US1MIMQ0024","WOBIC 0.5 ESE, MI US","46.498396","-87.940723","491.0","2025-06",,,,,,,
