"STATION","NAME","LATITUDE","LONGITUDE","ELEVATION","DATE","CDSD","EMNT","EMXT","HDSD","TAVG","TMAX","TMIN"
"USC00205690","MUNISING, MI US","46.4121","-86.6625","207.3","2005-07","106.8","8.9","33.3","38.0","19.4","24.7","14.0"
"USC00205690","MUNISING, MI US","46.4121","-86.6625","207.3","2005-08","161.2","10.6","31.7","58.8","19.4","24.2","14.6"
"USC00205690","MUNISING, MI US","46.4121","-86.6625","207.3","2005-09","186.7","6.7","30.6","133.0","16.7","21.8","11.7"
"USC00205690","MUNISING, MI US","46.4121","-86.6625","207.3","2005-10","191.1","-1.7","24.4","396.1","10.0","13.5","6.4"
"USC00205690","MUNISING, MI US","46.4121","-86.6625","207.3","2005-11","191.1","-13.9","12.8","901.2","1.5","5.0","-2.1"
"USC00205690","MUNISING, MI US","46.4121","-86.6625","207.3","2005-12","191.1","-17.8","1.7","1637.1","-5.4","-2.5","-8.3"
"USC00203391","GRAYLING, MI US","44.64536","-84.69921","350.8","2005-07","167.0","3.9","33.3","21.2","20.3","27.8","12.7"
"USC00203391","GRAYLING, MI US","44.64536","-84.69921","350.8","2005-08","205.6","5.0","32.2","47.8","18.7","26.1","11.4"
"USC00203391","GRAYLING, MI US","44.64536","-84.69921","350.8","2005-09","227.1","1.1","31.7","142.2","15.9","23.9","7.9"
"USC00203391","GRAYLING, MI US","44.64536","-84.69921","350.8","2005-10","242.4","-6.7","28.9","431.1","9.3","15.8","2.7"
"USC00203391","GRAYLING, MI US","44.64536","-84.69921","350.8","2005-11","242.4","-20.0","17.2","921.1","2.0","8.1","-4.1"
"USC00203391","GRAYLING, MI US","44.64536","-84.69921","350.8","2005-12","242.4","-15.6","3.3","1578.7","-5.1","-2.7","-7.5"
"USC00206662","PORT AUSTIN WWTP, MI US","44.0469","-82.9702","184.4","2005-07","180.0","9.4","33.3","5.6","21.9","27.0","16.7"
"USC00206662","PORT AUSTIN WWTP, MI US","44.0469","-82.9702","184.4","2005-08","268.6","10.0","33.3","10.9","21.6","27.1","16.1"
"USC00206662","PORT AUSTIN WWTP, MI US","44.0469","-82.9702","184.4","2005-09","311.8","6.7","32.2","44.6","18.8","24.9","12.7"
"USC00206662","PORT AUSTIN WWTP, MI US","44.0469","-82.9702","184.4","2005-10","330.3","-0.6","29.4","232.7","12.3","16.6","8.1"
"USC00206662","PORT AUSTIN WWTP, MI US","44.0469","-82.9702","184.4","2005-11","330.3","-10.0","20.6","576.3","4.9","9.6","0.3"
"USC00206662","PORT AUSTIN WWTP, MI US","44.0469","-82.9702","184.4","2005-12","330.3","-15.0","3.3","1139.6","-3.4","-1.0","-5.8"
"USC00205452","MILFORD GM PROVING GROUND, MI US","42.5794","-83.6844","295.7","2005-07",,"8.3","32.2","3.9","22.5","28.4","16.6"
"USC00205452","MILFORD GM PROVING GROUND, MI US","42.5794","-83.6844","295.7","2005-08",,"8.3","31.7","10.3","21.7","27.8","15.7"
"USC00205452","MILFORD GM PROVING GROUND, MI US","42.5794","-83.6844","295.7","2005-09",,,,,,,
"USC00205452","MILFORD GM PROVING GROUND, MI US","42.5794","-83.6844","295.7","2005-10",,"-5.0","28.3",,"10.6","16.4","4.9"
"USC00205452","MILFORD GM PROVING GROUND, MI US","42.5794","-83.6844","295.7","2005-11",,"-11.7","21.1",,"4.6","9.9","-0.7"
"USC00205452","MILFORD GM PROVING GROUND, MI US","42.5794","-83.6844","295.7","2005-12",,,,,,,
"USC00205451","MILAN WWTP, MI US","42.0811","-83.6769","207.3","2005-07",,"8.9","34.4","0.6","22.8","29.8","15.8"
"USC00205451","MILAN WWTP, MI US","42.0811","-83.6769","207.3","2005-08",,"9.4","36.1","4.2","22.0","29.4","14.5"
"USC00205451","MILAN WWTP, MI US","42.0811","-83.6769","207.3","2005-09",,"2.8","33.3","25.0","19.3","26.8","11.8"
"USC00205451","MILAN WWTP, MI US","42.0811","-83.6769","207.3","2005-10",,,"30.6",,,"19.6",
"USC00205451","MILAN WWTP, MI US","42.0811","-83.6769","207.3","2005-11",,"-15.6",,,,,"-1.2"
"USC00205451","MILAN WWTP, MI US","42.0811","-83.6769","207.3","2005-12",,"-17.2","5.6",,"-3.7","-0.1","-7.4"
"USC00205450","MILAN 4 ESE, MI US","42.06639","-83.61861","204.2","2005-07",,"5.0","32.8","3.4","22.8","29.8","15.7"
"USC00205450","MILAN 4 ESE, MI US","42.06639","-83.61861","204.2","2005-08",,,"33.3",,,"29.6",
"USC00205450","MILAN 4 ESE, MI US","42.06639","-83.61861","204.2","2005-09",,,"32.8",,,"27.1",
"USC00205450","MILAN 4 ESE, MI US","42.06639","-83.61861","204.2","2005-10",,,"31.1",,,"18.7",
"USC00205450","MILAN 4 ESE, MI US","42.06639","-83.61861","204.2","2005-11",,,"22.8",,,"11.7",
"USC00205450","MILAN 4 ESE, MI US","42.06639","-83.61861","204.2","2005-12",,,"5.6",,,"-1.0",
"USC00208043","TAHQUAMENON FALLS S P, MI US","46.6013","-85.2238","227.1","2005-07","77.8","1.7","35.0","57.7","18.3","26.8","9.8"
"USC00208043","TAHQUAMENON FALLS S P, MI US","46.6013","-85.2238","227.1","2005-08",,,,,,,
"USC00208043","TAHQUAMENON FALLS S P, MI US","46.6013","-85.2238","227.1","2005-09",,"-1.7","30.0",,"14.5","22.1","6.9"
"USC00208043","TAHQUAMENON FALLS S P, MI US","46.6013","-85.2238","227.1","2005-10",,"-6.1","25.6",,"8.0","13.5","2.5"
"USC00208043","TAHQUAMENON FALLS S P, MI US","46.6013","-85.2238","227.1","2005-11",,"-22.2","12.8",,"-0.3","4.3","-5.0"
"USC00208043","TAHQUAMENON FALLS S P, MI US","46.6013","-85.2238","227.1","2005-12",,"-18.3","1.7",,"-6.8","-3.5","-10.1"
"USC00201645","CLIO, MI US","43.1794","-83.7369","214.9","2005-08",,,,,,,
"USC00201645","CLIO, MI US","43.1794","-83.7369","214.9","2005-09",,,,,,,
"USC00201645","CLIO, MI US","43.1794","-83.7369","214.9","2005-10",,,,,,,
"USC00203823","HILLSDALE, MI US","41.9352","-84.6411","329.2","2005-07",,"7.2","33.3","5.2","22.2","28.6","15.7"
"USC00203823","HILLSDALE, MI US","41.9352","-84.6411","329.2","2005-09",,"3.3","31.7",,"18.1","25.7","10.6"
"USC00203823","HILLSDALE, MI US","41.9352","-84.6411","329.2","2005-10",,"-3.9","28.9",,"11.0","17.3","4.7"
"USC00203823","HILLSDALE, MI US","41.9352","-84.6411","329.2","2005-11",,"-11.7","21.7",,"5.2","10.4","-0.1"
"USC00203823","HILLSDALE, MI US","41.9352","-84.6411","329.2","2005-12",,"-18.3","5.0",,"-4.6","-1.5","-7.7"
"USC00203947","HOWELL WWTP, MI US","42.59382","-83.93251","279.5","2005-07","245.0","7.8","33.3","5.8","22.2","29.3","15.1"
"USC00203947","HOWELL WWTP, MI US","42.59382","-83.93251","279.5","2005-08","359.8","8.3","33.3","12.4","21.9","29.0","14.8"
"USC00203947","HOWELL WWTP, MI US","42.59382","-83.93251","279.5","2005-09","394.6","1.1","32.8","49.1","18.3","26.1","10.4"
"USC00203947","HOWELL WWTP, MI US","42.59382","-83.93251","279.5","2005-10","405.4","-5.0","30.6","296.4","10.7","17.5","3.9"
"USC00203947","HOWELL WWTP, MI US","42.59382","-83.93251","279.5","2005-11","405.4","-11.7","21.7","686.8","5.0","10.9","-1.0"
"USC00203947","HOWELL WWTP, MI US","42.59382","-83.93251","279.5","2005-12","405.4","-18.9","6.7","1357.6","-4.0","-0.7","-7.3"
"USC00207867","STEPHENSON 8 WNW, MI US","45.39028","-87.7025","210.3","2005-07",,"5.6","36.7","16.2","20.5","29.7","11.2"
"USC00207867","STEPHENSON 8 WNW, MI US","45.39028","-87.7025","210.3","2005-10",,"-4.4","29.4",,"9.9","16.9","3.0"
"USC00207867","STEPHENSON 8 WNW, MI US","45.39028","-87.7025","210.3","2005-11",,"-16.7","16.7",,"1.3","7.3","-4.7"
"USC00207867","STEPHENSON 8 WNW, MI US","45.39028","-87.7025","210.3","2005-12",,"-21.7","3.3",,"-6.6","-1.9","-11.3"
"USC00205563","MONROE, MI US","41.9069","-83.4158","178.6","2005-09",,"5.6","32.2",,"20.1","25.9","14.3"
"USC00205563","MONROE, MI US","41.9069","-83.4158","178.6","2005-10",,"0.6","29.4",,"12.6","18.3","6.8"
"USC00205563","MONROE, MI US","41.9069","-83.4158","178.6","2005-11",,,"22.2",,,"11.2",
"USC00205563","MONROE, MI US","41.9069","-83.4158","178.6","2005-12",,"-15.6","5.6",,"-3.8","-0.4","-7.1"
"USC00202851","FLINT 7 W, MI US","43.0377","-83.7694","207.0","2005-07",,"8.9","33.9","4.5","22.2","28.7","15.7"
"USC00202851","FLINT 7 W, MI US","43.0377","-83.7694","207.0","2005-08",,"10.0","35.6","12.0","22.3","28.4","16.2"
"USC00202851","FLINT 7 W, MI US","43.0377","-83.7694","207.0","2005-09",,,"31.7",,,"24.6",
"USC00202851","FLINT 7 W, MI US","43.0377","-83.7694","207.0","2005-10",,"-3.3","28.3",,"10.3","15.9","4.7"
"USC00202851","FLINT 7 W, MI US","43.0377","-83.7694","207.0","2005-11",,"-11.1","20.6",,"4.3","9.9","-1.3"
"USC00202851","FLINT 7 W, MI US","43.0377","-83.7694","207.0","2005-12",,,"5.6",,,"-1.8",
"USC00209006","WILLIAMSTON, MI US","42.7103","-84.2503","272.8","2005-07",,,,,,,
"USC00209006","WILLIAMSTON, MI US","42.7103","-84.2503","272.8","2005-08",,,,,,,
"USC00209006","WILLIAMSTON, MI US","42.7103","-84.2503","272.8","2005-10",,,,,,,
"USC00209006","WILLIAMSTON, MI US","42.7103","-84.2503","272.8","2005-12",,,,,,,
"USC00206658","PONTIAC WWTP, MI US","42.6388","-83.2555","271.3","2005-07",,,,,,,
"USC00206658","PONTIAC WWTP, MI US","42.6388","-83.2555","271.3","2005-08",,,,,,,
"USC00206658","PONTIAC WWTP, MI US","42.6388","-83.2555","271.3","2005-09",,,,,,,
"USC00206658","PONTIAC WWTP, MI US","42.6388","-83.2555","271.3","2005-10",,,,,,,
"USC00206658","PONTIAC WWTP, MI US","42.6388","-83.2555","271.3","2005-11",,,,,,,
"USC00206658","PONTIAC WWTP, MI US","42.6388","-83.2555","271.3","2005-12",,,,,,,
"USC00207742","SPALDING 1 NW, MI US","45.7019","-87.5255","262.1","2005-07",,"6.1","35.6","20.9","21.1","28.7","13.4"
"USC00207742","SPALDING 1 NW, MI US","45.7019","-87.5255","262.1","2005-08",,"6.1","33.3","36.5","19.9","26.7","13.1"
"USC00207742","SPALDING 1 NW, MI US","45.7019","-87.5255","262.1","2005-09",,"1.7","33.3","120.4","16.6","23.8","9.4"
"USC00207742","SPALDING 1 NW, MI US","45.7019","-87.5255","262.1","2005-10",,"-3.9","27.8","397.8","9.4","15.2","3.6"
"USC00207742","SPALDING 1 NW, MI US","45.7019","-87.5255","262.1","2005-11",,"-17.2","16.1","940.6","0.2","4.8","-4.3"
"USC00207742","SPALDING 1 NW, MI US","45.7019","-87.5255","262.1","2005-12",,"-20.6","2.2","1622.0","-6.0","-2.4","-9.6"
"USC00201522","CHESANING, MI US","43.1936","-84.1113","189.0","2005-07",,,,,,,
"USC00205567","MONTAGUE 4 NW, MI US","43.461","-86.41773","198.1","2005-07",,"5.6","31.7","9.2","21.0","27.5","14.5"
"USC00205567","MONTAGUE 4 NW, MI US","43.461","-86.41773","198.1","2005-08",,"7.2","31.7","13.4","21.3","27.2","15.4"
"USC00205567","MONTAGUE 4 NW, MI US","43.461","-86.41773","198.1","2005-09",,,,,,,
"USC00205567","MONTAGUE 4 NW, MI US","43.461","-86.41773","198.1","2005-10",,"-5.6","27.2",,"11.1","16.3","6.0"
"USC00205567","MONTAGUE 4 NW, MI US","43.461","-86.41773","198.1","2005-11",,"-11.7","17.2",,"4.8","8.9","0.6"
"USC00205567","MONTAGUE 4 NW, MI US","43.461","-86.41773","198.1","2005-12",,"-15.6","4.4",,"-2.9","-1.2","-4.7"
"USW00094814","HOUGHTON LAKE ROSCOMMON CO AIRPORT, MI US","44.35904","-84.6739","350.6","2005-07","171.4","4.4","31.1","19.8","20.1","27.2","13.1"
"USW00094814","HOUGHTON LAKE ROSCOMMON CO AIRPORT, MI US","44.35904","-84.6739","350.6","2005-08","215.7","3.9","31.7","43.8","19.0","25.9","12.1"
"USW00094814","HOUGHTON LAKE ROSCOMMON CO AIRPORT, MI US","44.35904","-84.6739","350.6","2005-09","240.5","2.8","31.1","129.8","16.3","23.4","9.1"
"USW00094814","HOUGHTON LAKE ROSCOMMON CO AIRPORT, MI US","44.35904","-84.6739","350.6","2005-10","253.9","-6.7","27.8","420.5","9.4","15.0","3.8"
"USW00094814","HOUGHTON LAKE ROSCOMMON CO AIRPORT, MI US","44.35904","-84.6739","350.6","2005-11","253.9","-12.8","17.8","881.7","3.0","7.3","-1.3"
"USW00094814","HOUGHTON LAKE ROSCOMMON CO AIRPORT, MI US","44.35904","-84.6739","350.6","2005-12","253.9","-14.4","2.8","1601.7","-4.9","-2.8","-7.0"
"USW00094815","KALAMAZOO BATTLE CREEK INTERNATIONAL AIRPORT, MI US","42.22826","-85.546","263.3","2005-07","355.4","8.9","34.4","1.1","23.9","29.9","18.0"
"USW00094815","KALAMAZOO BATTLE CREEK INTERNATIONAL AIRPORT, MI US","42.22826","-85.546","263.3","2005-08","507.0","12.2","33.3","2.3","23.2","28.6","17.7"
"USW00094815","KALAMAZOO BATTLE CREEK INTERNATIONAL AIRPORT, MI US","42.22826","-85.546","263.3","2005-09","584.0","5.6","33.9","20.9","20.3","26.9","13.6"
"USW00094815","KALAMAZOO BATTLE CREEK INTERNATIONAL AIRPORT, MI US","42.22826","-85.546","263.3","2005-10","602.9","-1.1","29.4","223.6","12.4","17.7","7.1"
"USW00094815","KALAMAZOO BATTLE CREEK INTERNATIONAL AIRPORT, MI US","42.22826","-85.546","263.3","2005-11","602.9","-10.0","22.2","584.7","6.3","11.1","1.5"
"USW00094815","KALAMAZOO BATTLE CREEK INTERNATIONAL AIRPORT, MI US","42.22826","-85.546","263.3","2005-12","602.9","-17.2","5.6","1246.3","-3.0","-0.4","-5.6"
"USW00094817","PONTIAC OAKLAND CO INTERNATIONAL AIRPORT, MI US","42.66314","-83.41016","295.4","2005-07","284.3","10.6","32.8","1.1","23.1","28.7","17.6"
"USW00094817","PONTIAC OAKLAND CO INTERNATIONAL AIRPORT, MI US","42.66314","-83.41016","295.4","2005-08","429.3","10.6","32.8","4.4","23.1","28.2","17.9"
"USW00094817","PONTIAC OAKLAND CO INTERNATIONAL AIRPORT, MI US","42.66314","-83.41016","295.4","2005-09","479.3","3.9","32.2","32.5","19.1","24.9","13.2"
"USW00094817","PONTIAC OAKLAND CO INTERNATIONAL AIRPORT, MI US","42.66314","-83.41016","295.4","2005-10","491.5","-1.1","28.3","257.8","11.5","16.3","6.6"
"USW00094817","PONTIAC OAKLAND CO INTERNATIONAL AIRPORT, MI US","42.66314","-83.41016","295.4","2005-11","491.5","-11.1","21.1","638.7","5.2","10.0","0.4"
"USW00094817","PONTIAC OAKLAND CO INTERNATIONAL AIRPORT, MI US","42.66314","-83.41016","295.4","2005-12","491.5","-16.1","3.3","1256.0","-4.5","-2.2","-6.9"
"USC00208293","TROUT LAKE 1 SW, MI US","46.1796","-85.0311","250.9","2005-07","141.5","6.7","34.4","20.2","20.6","27.7","13.5"
"USC00208293","TROUT LAKE 1 SW, MI US","46.1796","-85.0311","250.9","2005-08","188.1","7.8","30.6","41.2","19.2","24.6","13.7"
"USC00208293","TROUT LAKE 1 SW, MI US","46.1796","-85.0311","250.9","2005-09","203.8","3.3","26.7","117.0","16.3","21.6","11.1"
"USC00208293","TROUT LAKE 1 SW, MI US","46.1796","-85.0311","250.9","2005-10","210.8","-4.4","25.6","395.8","9.6","14.2","4.9"
"USC00208293","TROUT LAKE 1 SW, MI US","46.1796","-85.0311","250.9","2005-11","210.8","-13.9","12.8","900.5","1.5","5.6","-2.5"
"USC00208293","TROUT LAKE 1 SW, MI US","46.1796","-85.0311","250.9","2005-12","210.8","-20.6","1.7","1649.4","-5.8","-2.4","-9.2"
"USR0000MSPI","SPINCICH LAKE MICHIGAN, MI US","46.4578","-85.6272","273.1","2005-07","88.7","0.0","35.6","75.0","17.6","27.2","7.9"
"USR0000MSPI","SPINCICH LAKE MICHIGAN, MI US","46.4578","-85.6272","273.1","2005-08","121.6","1.1","32.8","145.1","17.1","25.5","8.8"
"USR0000MSPI","SPINCICH LAKE MICHIGAN, MI US","46.4578","-85.6272","273.1","2005-09","139.7","-2.8","29.4","289.4","14.1","22.1","6.2"
"USR0000MSPI","SPINCICH LAKE MICHIGAN, MI US","46.4578","-85.6272","273.1","2005-10","146.4","-8.3","25.0","618.4","7.9","13.6","2.3"
"USR0000MSPI","SPINCICH LAKE MICHIGAN, MI US","46.4578","-85.6272","273.1","2005-11","146.4","-26.1","12.2","1097.1","-0.3","4.2","-4.9"
"USR0000MSPI","SPINCICH LAKE MICHIGAN, MI US","46.4578","-85.6272","273.1","2005-12","146.4","-22.2","2.2","1891.8","-7.3","-3.6","-11.0"
"USC00200446","BALDWIN, MI US","43.9005","-85.8505","254.5","2005-07",,,,,,,
"USC00200446","BALDWIN, MI US","43.9005","-85.8505","254.5","2005-08",,,,,,,
"USC00200446","BALDWIN, MI US","43.9005","-85.8505","254.5","2005-09",,,,,,,
"USC00200446","BALDWIN, MI US","43.9005","-85.8505","254.5","2005-10",,,,,,,
"USC00200446","BALDWIN, MI US","43.9005","-85.8505","254.5","2005-11",,,,,,,
"USC00203712","HELL, MI US","42.4344","-83.9858","271.3","2005-07",,,,,,,
"USC00203712","HELL, MI US","42.4344","-83.9858","271.3","2005-08",,,,,,,
"USC00203712","HELL, MI US","42.4344","-83.9858","271.3","2005-09",,,,,,,
"USC00203712","HELL, MI US","42.4344","-83.9858","271.3","2005-10",,,,,,,
"USC00203712","HELL, MI US","42.4344","-83.9858","271.3","2005-12",,,,,,,
"USC00204808","LEXINGTON WATER PLANT, MI US","43.26319","-82.5327","189.6","2005-07","204.0","10.6","31.1","7.5","21.6","26.8","16.4"
"USC00204808","LEXINGTON WATER PLANT, MI US","43.26319","-82.5327","189.6","2005-08","315.1","11.7","33.3","12.4","21.8","27.1","16.4"
"USC00204808","LEXINGTON WATER PLANT, MI US","43.26319","-82.5327","189.6","2005-09","363.8","4.4","32.2","41.4","19.0","24.4","13.6"
"USC00204808","LEXINGTON WATER PLANT, MI US","43.26319","-82.5327","189.6","2005-10","370.7","0.0","28.3","252.8","11.7","16.5","7.0"
"USC00204808","LEXINGTON WATER PLANT, MI US","43.26319","-82.5327","189.6","2005-11","370.7","-10.6","21.7","645.2","5.3","10.4","0.1"
"USC00204808","LEXINGTON WATER PLANT, MI US","43.26319","-82.5327","189.6","2005-12","370.7","-13.3","3.3","1319.6","-4.1","-1.1","-7.0"
"USC00206303","OXFORD, MI US","42.8094","-83.2569","317.0","2005-07",,,,,,,
"USC00206303","OXFORD, MI US","42.8094","-83.2569","317.0","2005-08",,,,,,,
"USC00206303","OXFORD, MI US","42.8094","-83.2569","317.0","2005-09",,,,,,,
"USC00206303","OXFORD, MI US","42.8094","-83.2569","317.0","2005-10",,,,,,,
"USC00206303","OXFORD, MI US","42.8094","-83.2569","317.0","2005-11",,,,,,,
"USC00206303","OXFORD, MI US","42.8094","-83.2569","317.0","2005-12",,,,,,,
"USC00203278","GOODRICH, MI US","42.9163","-83.5097","277.4","2005-07","261.2","7.8","33.3","7.8","22.2","29.4","15.1"
"USC00203278","GOODRICH, MI US","42.9163","-83.5097","277.4","2005-08","380.2","7.8","33.9","14.2","22.1","29.3","14.9"
"USC00203278","GOODRICH, MI US","42.9163","-83.5097","277.4","2005-09","429.4","2.8","33.9","49.8","18.9","26.6","11.1"
"USC00203278","GOODRICH, MI US","42.9163","-83.5097","277.4","2005-10","448.6","-3.9","31.1","271.5","11.4","18.1","4.8"
"USC00203278","GOODRICH, MI US","42.9163","-83.5097","277.4","2005-11","448.6","-12.2","21.7","653.7","5.0","10.7","-0.7"
"USC00203278","GOODRICH, MI US","42.9163","-83.5097","277.4","2005-12","448.6","-18.3","7.2","1361.5","-4.5","-1.2","-7.8"
"USC00206300","OWOSSO WWTP, MI US","43.0161","-84.18","222.5","2005-07","246.6","8.3","33.3","5.9","22.1","28.5","15.6"
"USC00206300","OWOSSO WWTP, MI US","43.0161","-84.18","222.5","2005-08","358.1","8.9","33.3","12.0","21.7","28.2","15.3"
"USC00206300","OWOSSO WWTP, MI US","43.0161","-84.18","222.5","2005-09","408.5","5.0","31.7","43.4","19.0","25.6","12.4"
"USC00206300","OWOSSO WWTP, MI US","43.0161","-84.18","222.5","2005-10","424.6","-2.2","29.4","279.8","11.0","16.6","5.4"
"USC00206300","OWOSSO WWTP, MI US","43.0161","-84.18","222.5","2005-11","424.6","-11.1","21.7","668.8","4.9","9.8","0.0"
"USC00206300","OWOSSO WWTP, MI US","43.0161","-84.18","222.5","2005-12","424.6","-16.7","5.6","1362.2","-4.0","-1.3","-6.7"
"USC00206663","PORT HOPE, MI US","43.9483","-82.7141","182.9","2005-07","149.7","8.9","32.8","10.9","21.2","26.3","16.1"
"USC00206663","PORT HOPE, MI US","43.9483","-82.7141","182.9","2005-08","250.0","11.1","33.9","14.8","21.5","26.7","16.3"
"USC00206663","PORT HOPE, MI US","43.9483","-82.7141","182.9","2005-09","281.8","6.1","32.8","41.1","18.8","24.5","13.1"
"USC00206663","PORT HOPE, MI US","43.9483","-82.7141","182.9","2005-10","294.8","-1.1","28.3","255.5","11.8","15.8","7.8"
"USC00206663","PORT HOPE, MI US","43.9483","-82.7141","182.9","2005-11","294.8","-10.6","20.0","650.5","4.8","9.3","0.3"
"USC00206663","PORT HOPE, MI US","43.9483","-82.7141","182.9","2005-12","294.8","-16.7","3.3","1323.5","-4.1","-1.5","-6.7"
"USC00201896","CROSS VILLAGE 1 E, MI US","45.6413","-85.0141","219.8","2005-07","113.3","8.9","30.0","21.1","19.8","25.0","14.6"
"USC00201896","CROSS VILLAGE 1 E, MI US","45.6413","-85.0141","219.8","2005-08","159.1","10.6","31.7","38.3","19.3","23.2","15.4"
"USC00201896","CROSS VILLAGE 1 E, MI US","45.6413","-85.0141","219.8","2005-09","185.5","7.2","28.3","86.7","17.4","21.2","13.5"
"USC00201896","CROSS VILLAGE 1 E, MI US","45.6413","-85.0141","219.8","2005-10","199.4","-0.6","27.8","313.5","10.7","14.3","7.1"
"USC00201896","CROSS VILLAGE 1 E, MI US","45.6413","-85.0141","219.8","2005-11","199.4","-11.7","18.3","721.6","3.6","7.3","-0.2"
"USC00201896","CROSS VILLAGE 1 E, MI US","45.6413","-85.0141","219.8","2005-12","199.4","-17.2","3.3","1386.0","-3.8","-1.5","-6.1"
"USC00202984","FRANKFORT 2 NE, MI US","44.64822","-86.20986","289.0","2005-07","210.3","10.6","32.8","2.2","22.2","27.3","17.1"
"USC00202984","FRANKFORT 2 NE, MI US","44.64822","-86.20986","289.0","2005-08","324.9","10.6","32.8","5.5","21.9","26.5","17.4"
"USC00202984","FRANKFORT 2 NE, MI US","44.64822","-86.20986","289.0","2005-09","363.1","7.8","28.3","38.6","18.5","22.5","14.6"
"USC00202984","FRANKFORT 2 NE, MI US","44.64822","-86.20986","289.0","2005-10","376.7","0.6","26.1","273.5","11.2","14.5","7.9"
"USC00202984","FRANKFORT 2 NE, MI US","44.64822","-86.20986","289.0","2005-11","376.7","-12.2","16.7","701.0","4.1","7.6","0.5"
"USC00202984","FRANKFORT 2 NE, MI US","44.64822","-86.20986","289.0","2005-12","376.7","-11.1","3.3","1349.4","-3.3","-1.2","-5.4"
"USC00205591","MORAN, MI US","45.9902","-84.8361","211.8","2005-07","117.8","3.3","33.9","34.0","19.9","27.4","12.4"
"USC00205591","MORAN, MI US","45.9902","-84.8361","211.8","2005-08","156.4","6.7","32.2","60.2","18.7","24.7","12.8"
"USC00205591","MORAN, MI US","45.9902","-84.8361","211.8","2005-09","170.1","1.7","27.8","147.4","15.9","22.4","9.3"
"USC00205591","MORAN, MI US","45.9902","-84.8361","211.8","2005-10","175.9","-5.6","27.2","438.3","9.1","14.4","3.9"
"USC00205591","MORAN, MI US","45.9902","-84.8361","211.8","2005-11","175.9","-16.7","13.9","950.3","1.3","5.7","-3.2"
"USC00205591","MORAN, MI US","45.9902","-84.8361","211.8","2005-12","175.9","-20.6","2.2","1692.4","-5.6","-1.9","-9.3"
"USC00206680","PORT HURON, MI US","42.975","-82.4194","179.8","2005-07","303.4","13.3","32.2","1.1","23.5","27.8","19.1"
"USC00206680","PORT HURON, MI US","42.975","-82.4194","179.8","2005-08","457.7","13.3","33.9","2.2","23.3","27.8","18.7"
"USC00206680","PORT HURON, MI US","42.975","-82.4194","179.8","2005-09","528.4","6.1","32.2","27.8","19.8","24.8","14.9"
"USC00206680","PORT HURON, MI US","42.975","-82.4194","179.8","2005-10","542.0","1.7","27.8","220.5","12.3","16.7","8.0"
"USC00206680","PORT HURON, MI US","42.975","-82.4194","179.8","2005-11","542.0","-10.6","20.6","588.8","5.5","10.3","0.7"
"USC00206680","PORT HURON, MI US","42.975","-82.4194","179.8","2005-12","542.0","-13.3","4.4","1262.5","-3.4","-0.8","-6.0"
"USR0000MRAC","RACO MICHIGAN, MI US","46.25","-84.5833","274.3","2005-07","91.3","1.7","34.4","57.8","18.4","26.6","10.2"
"USR0000MRAC","RACO MICHIGAN, MI US","46.25","-84.5833","274.3","2005-08","119.9","4.4","31.1","111.0","17.5","24.0","11.0"
"USR0000MRAC","RACO MICHIGAN, MI US","46.25","-84.5833","274.3","2005-09","133.5","-0.6","28.9","240.8","14.5","21.0","7.9"
"USR0000MRAC","RACO MICHIGAN, MI US","46.25","-84.5833","274.3","2005-10","139.6","-8.3","26.1","565.6","8.1","13.1","3.0"
"USR0000MRAC","RACO MICHIGAN, MI US","46.25","-84.5833","274.3","2005-11","139.6","-16.7","12.8","1071.2","0.2","4.1","-3.7"
"USR0000MRAC","RACO MICHIGAN, MI US","46.25","-84.5833","274.3","2005-12","139.6","-27.8","1.1","1871.2","-7.5","-3.4","-11.5"
"USC00206442","PELLSTON AIRPORT NUMBER 2, MI US","45.5719","-84.7858","217.0","2005-07","161.3","2.8","32.8","31.5","20.1","27.4","12.8"
"USC00206442","PELLSTON AIRPORT NUMBER 2, MI US","45.5719","-84.7858","217.0","2005-08","197.4","6.1","33.9","53.7","18.8","25.6","12.0"
"USC00206442","PELLSTON AIRPORT NUMBER 2, MI US","45.5719","-84.7858","217.0","2005-09","222.2","0.0","30.6","153.6","15.8","23.3","8.3"
"USC00206442","PELLSTON AIRPORT NUMBER 2, MI US","45.5719","-84.7858","217.0","2005-10","238.0","-7.2","30.0","427.6","9.4","15.0","3.8"
"USC00206442","PELLSTON AIRPORT NUMBER 2, MI US","45.5719","-84.7858","217.0","2005-11","238.0","-13.3","16.1","919.7","1.9","6.2","-2.4"
"USC00206442","PELLSTON AIRPORT NUMBER 2, MI US","45.5719","-84.7858","217.0","2005-12","238.0","-21.1","2.8","1662.5","-5.6","-2.7","-8.6"
"USC00208184","THREE RIVERS, MI US","41.9299","-85.6385","246.9","2005-07",,"10.0","35.6","0.3","23.9","31.1","16.8"
"USC00208184","THREE RIVERS, MI US","41.9299","-85.6385","246.9","2005-08",,"11.1","33.3","2.2","22.9","29.5","16.3"
"USC00208184","THREE RIVERS, MI US","41.9299","-85.6385","246.9","2005-09",,"6.7","33.3","15.5","20.2","28.0","12.4"
"USC00208184","THREE RIVERS, MI US","41.9299","-85.6385","246.9","2005-10",,"-1.7","31.1","232.9","11.8","18.5","5.1"
"USC00208184","THREE RIVERS, MI US","41.9299","-85.6385","246.9","2005-11",,"-11.1","22.8","565.1","6.0","12.1","-0.1"
"USC00208184","THREE RIVERS, MI US","41.9299","-85.6385","246.9","2005-12",,"-17.8","7.2","1251.1","-3.8","-0.1","-7.6"
"USR0000MBAL","BALDWIN MICHIGAN, MI US","43.8933","-85.8506","253.6","2005-07","246.3","5.0","33.9","8.8","21.6","28.9","14.2"
"USR0000MBAL","BALDWIN MICHIGAN, MI US","43.8933","-85.8506","253.6","2005-08","318.0","7.8","33.3","17.7","20.4","27.4","13.3"
"USR0000MBAL","BALDWIN MICHIGAN, MI US","43.8933","-85.8506","253.6","2005-09","349.7","4.4","32.2","70.5","17.6","25.4","9.9"
"USR0000MBAL","BALDWIN MICHIGAN, MI US","43.8933","-85.8506","253.6","2005-10","363.8","-5.6","29.4","341.1","10.1","16.6","3.5"
"USR0000MBAL","BALDWIN MICHIGAN, MI US","43.8933","-85.8506","253.6","2005-11","363.8","-12.2","20.0","800.2","3.0","8.0","-1.9"
"USR0000MBAL","BALDWIN MICHIGAN, MI US","43.8933","-85.8506","253.6","2005-12","363.8","-15.0","5.0","1484.4","-3.7","-1.2","-6.3"
"USC00207094","ROGERS CITY, MI US","45.4169","-83.8158","187.5","2005-07","196.5","8.3","33.9","12.9","21.6","28.1","15.2"
"USC00207094","ROGERS CITY, MI US","45.4169","-83.8158","187.5","2005-08","264.0","10.0","34.4","25.1","20.1","26.0","14.2"
"USC00207094","ROGERS CITY, MI US","45.4169","-83.8158","187.5","2005-09","302.8","3.3","33.3","83.7","17.7","24.0","11.4"
"USC00207094","ROGERS CITY, MI US","45.4169","-83.8158","187.5","2005-10","323.4","-2.2","30.6","345.1","10.6","15.4","5.7"
"USC00207094","ROGERS CITY, MI US","45.4169","-83.8158","187.5","2005-11","323.4","-12.8","16.7","799.4","3.2","7.5","-1.1"
"USC00207094","ROGERS CITY, MI US","45.4169","-83.8158","187.5","2005-12","323.4","-16.7","4.4","1472.7","-4.1","-0.6","-7.5"
"USC00203969","HUDSON 3 E, MI US","41.8483","-84.2938","266.7","2005-07",,,,,,,
"USC00203969","HUDSON 3 E, MI US","41.8483","-84.2938","266.7","2005-08",,,,,,,
"USC00203969","HUDSON 3 E, MI US","41.8483","-84.2938","266.7","2005-09",,,,,,,
"USC00203969","HUDSON 3 E, MI US","41.8483","-84.2938","266.7","2005-10",,,,,,,
"USC00203969","HUDSON 3 E, MI US","41.8483","-84.2938","266.7","2005-11",,,,,,,
"USC00203969","HUDSON 3 E, MI US","41.8483","-84.2938","266.7","2005-12",,,,,,,
"USC00201780","COPPER HARBOR FORT WILKINS, MI US","47.4679","-87.8671","190.5","2005-07",,"6.7","33.9","26.1","20.2","26.0","14.4"
"USC00201780","COPPER HARBOR FORT WILKINS, MI US","47.4679","-87.8671","190.5","2005-08",,"10.0","33.3","33.6","20.9","26.0","15.7"
"USC00201780","COPPER HARBOR FORT WILKINS, MI US","47.4679","-87.8671","190.5","2005-09",,"6.1","32.2","85.1","17.9","22.6","13.2"
"USC00201780","COPPER HARBOR FORT WILKINS, MI US","47.4679","-87.8671","190.5","2005-10",,"-1.1","26.1","346.4","9.8","13.3","6.4"
"USC00201780","COPPER HARBOR FORT WILKINS, MI US","47.4679","-87.8671","190.5","2005-11",,"-14.4","15.0","854.3","1.4","4.8","-2.0"
"USC00201780","COPPER HARBOR FORT WILKINS, MI US","47.4679","-87.8671","190.5","2005-12",,"-13.9","2.2","1559.7","-4.4","-2.3","-6.6"
"USC00204257","KALKASKA, MI US","44.728","-85.1727","315.5","2005-07","171.5","3.3","32.2","25.8","19.9","26.7","13.1"
"USC00204257","KALKASKA, MI US","44.728","-85.1727","315.5","2005-08","212.8","6.1","31.7","51.4","18.8","25.2","12.5"
"USC00204257","KALKASKA, MI US","44.728","-85.1727","315.5","2005-09","235.9","4.4","30.0","131.5","16.4","22.9","10.0"
"USC00204257","KALKASKA, MI US","44.728","-85.1727","315.5","2005-10","247.3","-6.1","28.3","408.1","9.1","14.7","3.5"
"USC00204257","KALKASKA, MI US","44.728","-85.1727","315.5","2005-11","247.3","-12.8","16.1","898.0","2.0","6.4","-2.4"
"USC00204257","KALKASKA, MI US","44.728","-85.1727","315.5","2005-12","247.3","-17.8","4.4","1627.9","-5.2","-3.0","-7.4"
"USC00207521","SHELBY 1 SSW, MI US","42.6844","-83.0808","222.5","2005-07",,,,,,,
"USC00207521","SHELBY 1 SSW, MI US","42.6844","-83.0808","222.5","2005-08",,"11.1","33.9",,"22.2","28.5","16.0"
"USC00207521","SHELBY 1 SSW, MI US","42.6844","-83.0808","222.5","2005-09",,"3.3","32.2",,"18.4","24.8","12.1"
"USC00207521","SHELBY 1 SSW, MI US","42.6844","-83.0808","222.5","2005-10",,"-1.7","27.8",,"11.3","17.2","5.4"
"USC00207521","SHELBY 1 SSW, MI US","42.6844","-83.0808","222.5","2005-11",,,,,,,
"USC00207521","SHELBY 1 SSW, MI US","42.6844","-83.0808","222.5","2005-12",,,,,,,
"USC00202631","ESSEXVILLE, MI US","43.6155","-83.845","179.2","2005-07",,"7.8","32.8","9.8","22.2","27.5","16.9"
"USC00202631","ESSEXVILLE, MI US","43.6155","-83.845","179.2","2005-08",,"10.6","33.9","17.5","21.5","27.0","16.0"
"USC00202631","ESSEXVILLE, MI US","43.6155","-83.845","179.2","2005-09",,"5.6","32.8","47.2","19.1","25.3","12.8"
"USC00202631","ESSEXVILLE, MI US","43.6155","-83.845","179.2","2005-10",,"-0.6","30.6","234.8","11.9","16.6","7.2"
"USC00202631","ESSEXVILLE, MI US","43.6155","-83.845","179.2","2005-11",,,"20.6",,,"10.2",
"USC00202631","ESSEXVILLE, MI US","43.6155","-83.845","179.2","2005-12",,"-14.4","4.4",,"-3.5","-0.9","-6.1"
"USC00202094","DETOUR VILLAGE, MI US","45.9983","-83.9013","181.4","2005-07","137.5","7.8","34.4","9.3","21.3","26.2","16.4"
"USC00202094","DETOUR VILLAGE, MI US","45.9983","-83.9013","181.4","2005-08","187.4","11.1","30.6","15.4","19.8","23.6","15.9"
"USC00202094","DETOUR VILLAGE, MI US","45.9983","-83.9013","181.4","2005-09","212.6","4.4","30.0","64.5","17.5","21.6","13.5"
"USC00202094","DETOUR VILLAGE, MI US","45.9983","-83.9013","181.4","2005-10","218.2","0.6","25.0","323.8","10.1","13.3","7.0"
"USC00202094","DETOUR VILLAGE, MI US","45.9983","-83.9013","181.4","2005-11","218.2","-16.7","13.9","806.7","2.2","5.5","-1.0"
"USC00202094","DETOUR VILLAGE, MI US","45.9983","-83.9013","181.4","2005-12","218.2","-13.9","2.2","1528.6","-4.9","-2.4","-7.5"
"USC00203858","HOLLAND WTP, MI US","42.7989","-86.20635","184.4","2005-07",,"8.3","34.4","2.8","23.4","30.1","16.7"
"USC00203858","HOLLAND WTP, MI US","42.7989","-86.20635","184.4","2005-08",,"11.7","33.9","3.6","23.0","28.8","17.2"
"USC00203858","HOLLAND WTP, MI US","42.7989","-86.20635","184.4","2005-09",,"7.2","32.8","26.5","19.2","26.4","12.0"
"USC00203858","HOLLAND WTP, MI US","42.7989","-86.20635","184.4","2005-10",,"-1.7","30.0","239.0","11.7","17.9","5.4"
"USC00203858","HOLLAND WTP, MI US","42.7989","-86.20635","184.4","2005-11",,"-11.1","19.4","636.0","5.1","10.2","-0.1"
"USC00203858","HOLLAND WTP, MI US","42.7989","-86.20635","184.4","2005-12",,"-11.1","6.1","1292.6","-2.9","0.2","-5.9"
"USC00201435","CLARKSBURG, MI US","46.49909","-87.84506","473.7","2005-07",,"3.3","35.0","55.0","18.1","27.4","8.7"
"USC00201435","CLARKSBURG, MI US","46.49909","-87.84506","473.7","2005-08",,"1.1","33.3","122.7","17.2","26.1","8.4"
"USC00201435","CLARKSBURG, MI US","46.49909","-87.84506","473.7","2005-09",,"-0.6","33.9","253.1","14.6","23.5","5.7"
"USC00201435","CLARKSBURG, MI US","46.49909","-87.84506","473.7","2005-10",,"-6.1","27.8","581.4","7.9","14.2","1.5"
"USC00201435","CLARKSBURG, MI US","46.49909","-87.84506","473.7","2005-11",,"-25.6","12.8","1192.0","-2.0","3.3","-7.4"
"USC00201435","CLARKSBURG, MI US","46.49909","-87.84506","473.7","2005-12",,"-23.3","1.7","2017.4","-8.3","-4.2","-12.4"
"USC00200106","ALGONAC WWTP, MI US","42.6158","-82.5436","178.3","2005-07",,"10.6","35.0","1.6","23.8","30.2","17.4"
"USC00200106","ALGONAC WWTP, MI US","42.6158","-82.5436","178.3","2005-08",,"11.1","34.4","3.8","23.4","29.5","17.4"
"USC00200106","ALGONAC WWTP, MI US","42.6158","-82.5436","178.3","2005-09",,"3.9","32.8","26.6","19.5","25.7","13.4"
"USC00200106","ALGONAC WWTP, MI US","42.6158","-82.5436","178.3","2005-10",,"-1.7","28.3","226.2","11.6","17.2","5.9"
"USC00200106","ALGONAC WWTP, MI US","42.6158","-82.5436","178.3","2005-11",,"-10.6","20.6","565.1","6.1","11.4","0.9"
"USC00200106","ALGONAC WWTP, MI US","42.6158","-82.5436","178.3","2005-12",,"-13.9","6.7","1176.8","-2.8","0.2","-5.8"
"USC00204944","LOWELL, MI US","42.92793","-85.34013","199.9","2005-07",,,,,,,
"USC00204944","LOWELL, MI US","42.92793","-85.34013","199.9","2005-08",,,,,,,
"USC00204944","LOWELL, MI US","42.92793","-85.34013","199.9","2005-09",,,,,,,
"USC00204944","LOWELL, MI US","42.92793","-85.34013","199.9","2005-10",,,,,,,
"USC00204944","LOWELL, MI US","42.92793","-85.34013","199.9","2005-11",,,,,,,
"USC00204944","LOWELL, MI US","42.92793","-85.34013","199.9","2005-12",,,,,,,
"USC00200228","ANN ARBOR SE, MI US","42.2416","-83.6933","253.6","2005-07","266.5","8.9","32.8","3.6","22.6","29.2","16.0"
"USC00200228","ANN ARBOR SE, MI US","42.2416","-83.6933","253.6","2005-08","391.3","10.0","32.8","8.3","22.2","29.1","15.3"
"USC00200228","ANN ARBOR SE, MI US","42.2416","-83.6933","253.6","2005-09","427.8","1.1","32.8","38.5","18.5","26.3","10.8"
"USC00200228","ANN ARBOR SE, MI US","42.2416","-83.6933","253.6","2005-10","436.9","-4.4","30.0","275.7","11.0","17.8","4.1"
"USC00200228","ANN ARBOR SE, MI US","42.2416","-83.6933","253.6","2005-11","436.9","-12.2","22.8","670.4","5.2","10.9","-0.5"
"USC00200228","ANN ARBOR SE, MI US","42.2416","-83.6933","253.6","2005-12","436.9","-17.8","5.0","1371.6","-4.3","-0.9","-7.7"
"USC00207419","SEBEWAING, MI US","43.73194","-83.45917","178.0","2005-07",,,,,,,
"USC00207419","SEBEWAING, MI US","43.73194","-83.45917","178.0","2005-08",,,,,,,
"USC00207419","SEBEWAING, MI US","43.73194","-83.45917","178.0","2005-09",,,,,,,
"USC00207419","SEBEWAING, MI US","43.73194","-83.45917","178.0","2005-10",,,,,,,
"USC00207419","SEBEWAING, MI US","43.73194","-83.45917","178.0","2005-11",,,,,,,
"USC00207419","SEBEWAING, MI US","43.73194","-83.45917","178.0","2005-12",,,,,,,
"USC00201439","CHAMPION VAN RIPER P, MI US","46.5193","-87.9859","487.4","2005-07","83.8","3.9","31.7","46.7","18.4","26.0","10.8"
"USC00201439","CHAMPION VAN RIPER P, MI US","46.5193","-87.9859","487.4","2005-08","115.7","2.8","31.7","103.2","17.5","24.2","10.9"
"USC00201439","CHAMPION VAN RIPER P, MI US","46.5193","-87.9859","487.4","2005-09","138.8","0.0","31.7","212.6","15.4","22.1","8.6"
"USC00201439","CHAMPION VAN RIPER P, MI US","46.5193","-87.9859","487.4","2005-10","142.5","-5.0","27.2","516.3","8.4","13.5","3.4"
"USC00201439","CHAMPION VAN RIPER P, MI US","46.5193","-87.9859","487.4","2005-11","142.5","-23.3","12.8","1046.0","-1.3","2.9","-5.5"
"USC00201439","CHAMPION VAN RIPER P, MI US","46.5193","-87.9859","487.4","2005-12","142.5","-20.6","1.7","1761.5","-7.3","-4.5","-10.1"
"USC00200342","ATLANTA, MI US","45.00471","-84.14043","267.9","2005-07",,"2.8","34.4","34.6","19.7","28.4","11.0"
"USC00200342","ATLANTA, MI US","45.00471","-84.14043","267.9","2005-08",,"5.0","33.3","64.5","18.6","26.5","10.8"
"USC00200342","ATLANTA, MI US","45.00471","-84.14043","267.9","2005-09",,"-1.7","32.2","164.4","15.8","24.3","7.3"
"USC00200342","ATLANTA, MI US","45.00471","-84.14043","267.9","2005-10",,"-8.3","29.4","445.6","9.4","15.7","3.1"
"USC00200342","ATLANTA, MI US","45.00471","-84.14043","267.9","2005-11",,"-16.7","18.9","909.2","2.9","8.0","-2.2"
"USC00200342","ATLANTA, MI US","45.00471","-84.14043","267.9","2005-12",,"-20.0","3.3","1639.0","-5.2","-1.8","-8.6"
"USC00201675","COLDWATER ST SCHOOL, MI US","41.9622","-84.9925","299.9","2005-07","274.3","8.9","33.3","2.3","22.4","28.0","16.8"
"USC00201675","COLDWATER ST SCHOOL, MI US","41.9622","-84.9925","299.9","2005-08","388.0","11.1","32.2","7.3","21.8","27.2","16.5"
"USC00201675","COLDWATER ST SCHOOL, MI US","41.9622","-84.9925","299.9","2005-09","437.2","3.3","31.1","41.4","18.8","25.0","12.6"
"USC00201675","COLDWATER ST SCHOOL, MI US","41.9622","-84.9925","299.9","2005-10","450.9","-2.8","28.3","274.2","11.3","16.0","6.5"
"USC00201675","COLDWATER ST SCHOOL, MI US","41.9622","-84.9925","299.9","2005-11","450.9","-11.7","20.0","668.8","5.2","10.0","0.4"
"USC00201675","COLDWATER ST SCHOOL, MI US","41.9622","-84.9925","299.9","2005-12","450.9","-18.9","4.4","1382.9","-4.7","-2.3","-7.1"
"USC00203194","GLENNIE 6 W, MI US","44.5519","-83.8625","295.4","2005-07",,,,,,,
"USC00203194","GLENNIE 6 W, MI US","44.5519","-83.8625","295.4","2005-08",,,,,,,
"USC00206220","ONTONAGON 6 SE, MI US","46.8343","-89.2074","240.8","2005-07","181.8","3.9","36.7","22.8","20.8","28.4","13.3"
"USC00206220","ONTONAGON 6 SE, MI US","46.8343","-89.2074","240.8","2005-08","249.9","6.1","36.1","43.1","19.9","26.6","13.3"
"USC00206220","ONTONAGON 6 SE, MI US","46.8343","-89.2074","240.8","2005-09","295.7","0.6","36.1","98.7","18.1","25.0","11.3"
"USC00206220","ONTONAGON 6 SE, MI US","46.8343","-89.2074","240.8","2005-10","308.2","-1.7","29.4","366.9","10.1","15.0","5.2"
"USC00206220","ONTONAGON 6 SE, MI US","46.8343","-89.2074","240.8","2005-11","308.2","-18.3","16.1","861.0","1.3","5.6","-3.0"
"USC00206220","ONTONAGON 6 SE, MI US","46.8343","-89.2074","240.8","2005-12","308.2","-20.6","5.6","1569.4","-5.2","-2.0","-8.5"
"USC00206583","PICKFORD 3 NE, MI US","46.1863","-84.3238","191.7","2005-09",,,,,,,
"USC00206583","PICKFORD 3 NE, MI US","46.1863","-84.3238","191.7","2005-10",,,,,,,
"USC00206583","PICKFORD 3 NE, MI US","46.1863","-84.3238","191.7","2005-11",,"-20.0","13.9",,"1.5","6.2","-3.1"
"USC00206583","PICKFORD 3 NE, MI US","46.1863","-84.3238","191.7","2005-12",,"-26.1","2.8",,"-6.3","-1.8","-10.8"
"USC00208080","TECUMSEH, MI US","42.0027","-83.9336","237.7","2005-07","308.4","10.0","35.0","0.0","23.5","30.7","16.3"
"USC00208080","TECUMSEH, MI US","42.0027","-83.9336","237.7","2005-08","441.4","11.1","33.9","1.7","22.6","29.6","15.5"
"USC00208080","TECUMSEH, MI US","42.0027","-83.9336","237.7","2005-09","474.5","1.7","33.3","31.5","18.6","26.6","10.6"
"USC00208080","TECUMSEH, MI US","42.0027","-83.9336","237.7","2005-10","484.8","-4.4","30.6","254.8","11.5","18.7","4.2"
"USC00208080","TECUMSEH, MI US","42.0027","-83.9336","237.7","2005-11","484.8","-12.8","22.8","659.4","4.9","11.1","-1.4"
"USC00208080","TECUMSEH, MI US","42.0027","-83.9336","237.7","2005-12","484.8","-18.3","6.1","1353.8","-4.1","0.3","-8.4"
"USW00014804","MOUNT CLEMENS ANG BASE, MI US","42.6083","-82.8183","176.8","2005-07","284.8","11.1","33.9","0.0","23.7","29.4","18.0"
"USW00014804","MOUNT CLEMENS ANG BASE, MI US","42.6083","-82.8183","176.8","2005-08","437.6","11.1","33.9","1.9","23.2","28.9","17.6"
"USW00014804","MOUNT CLEMENS ANG BASE, MI US","42.6083","-82.8183","176.8","2005-09","487.8","3.9","32.2","21.3","19.3","25.5","13.1"
"USW00014804","MOUNT CLEMENS ANG BASE, MI US","42.6083","-82.8183","176.8","2005-10","498.1","-2.2","27.8","242.4","11.5","16.7","6.4"
"USW00014804","MOUNT CLEMENS ANG BASE, MI US","42.6083","-82.8183","176.8","2005-11","498.1","-10.0","22.2","595.7","5.6","11.0","0.1"
"USW00014804","MOUNT CLEMENS ANG BASE, MI US","42.6083","-82.8183","176.8","2005-12","498.1","-13.9","3.9","1246.9","-3.4","-0.8","-6.1"
"USC00203628","HARRISVILLE STATE PARK, MI US","44.64975","-83.29585","186.5","2005-07","132.1","8.3","32.8","11.1","20.9","25.8","15.9"
"USC00203628","HARRISVILLE STATE PARK, MI US","44.64975","-83.29585","186.5","2005-08","211.7","11.1","35.0","15.5","20.8","26.1","15.4"
"USC00203628","HARRISVILLE STATE PARK, MI US","44.64975","-83.29585","186.5","2005-09","240.8","5.6","30.0","54.4","18.0","23.5","12.6"
"USC00203628","HARRISVILLE STATE PARK, MI US","44.64975","-83.29585","186.5","2005-10","246.1","-1.1","23.9","292.2","10.8","15.2","6.5"
"USC00203628","HARRISVILLE STATE PARK, MI US","44.64975","-83.29585","186.5","2005-11","246.1","-12.2","20.0","725.9","3.9","8.2","-0.5"
"USC00203628","HARRISVILLE STATE PARK, MI US","44.64975","-83.29585","186.5","2005-12","246.1","-15.0","2.8","1410.7","-3.8","-0.5","-7.0"
"USC00205807","NEW BALTIMORE 5 SW, MI US","42.6502","-82.8044","173.7","2005-07",,,,,,,
"USC00205807","NEW BALTIMORE 5 SW, MI US","42.6502","-82.8044","173.7","2005-08",,,,,,,
"USC00205807","NEW BALTIMORE 5 SW, MI US","42.6502","-82.8044","173.7","2005-09",,,,,,,
"USC00205807","NEW BALTIMORE 5 SW, MI US","42.6502","-82.8044","173.7","2005-10",,,,,,,
"USC00205807","NEW BALTIMORE 5 SW, MI US","42.6502","-82.8044","173.7","2005-11",,,,,,,
"USC00205807","NEW BALTIMORE 5 SW, MI US","42.6502","-82.8044","173.7","2005-12",,,,,,,
"USR0000MWDO","WINDIGO MICHIGAN, MI US","47.9117","-89.1547","213.4","2005-07",,"8.3","32.8","25.8","19.9","25.6","14.1"
"USR0000MWDO","WINDIGO MICHIGAN, MI US","47.9117","-89.1547","213.4","2005-08",,"9.4","32.2","46.7","19.1","23.6","14.6"
"USR0000MWDO","WINDIGO MICHIGAN, MI US","47.9117","-89.1547","213.4","2005-09",,"4.4","27.2","146.7","15.5","19.1","11.9"
"USR0000MWDO","WINDIGO MICHIGAN, MI US","47.9117","-89.1547","213.4","2005-10",,"0.6","23.3","453.4","8.5","11.4","5.6"
"USR0000MWDO","WINDIGO MICHIGAN, MI US","47.9117","-89.1547","213.4","2005-11",,"-18.9","12.8","971.5","-0.3","3.3","-3.9"
"USR0000MWDO","WINDIGO MICHIGAN, MI US","47.9117","-89.1547","213.4","2005-12",,"-16.1","1.7","1707.3","-6.1","-3.9","-8.4"
"USC00204399","KINGSLEY 2 WSW, MI US","44.5694","-85.5722","330.7","2005-07","250.5","4.4","33.9","7.3","21.9","29.4","14.3"
"USC00204399","KINGSLEY 2 WSW, MI US","44.5694","-85.5722","330.7","2005-08","324.1","7.8","32.8","15.3","20.4","27.2","13.7"
"USC00204399","KINGSLEY 2 WSW, MI US","44.5694","-85.5722","330.7","2005-09","361.6","5.0","30.6","56.4","18.2","24.7","11.7"
"USC00204399","KINGSLEY 2 WSW, MI US","44.5694","-85.5722","330.7","2005-10","380.3","-5.0","28.9","310.0","10.8","16.4","5.1"
"USC00204399","KINGSLEY 2 WSW, MI US","44.5694","-85.5722","330.7","2005-11","380.3","-13.3","16.1","762.0","3.3","7.8","-1.2"
"USC00204399","KINGSLEY 2 WSW, MI US","44.5694","-85.5722","330.7","2005-12","380.3","-15.0","4.4","1453.9","-4.0","-1.4","-6.6"
"USC00205488","MILLINGTON 3 SE, MI US","43.2836","-83.4791","249.9","2005-07",,,,,,,
"USC00205488","MILLINGTON 3 SE, MI US","43.2836","-83.4791","249.9","2005-08",,,,,,,
"USC00205488","MILLINGTON 3 SE, MI US","43.2836","-83.4791","249.9","2005-09",,,,,,,
"USC00205488","MILLINGTON 3 SE, MI US","43.2836","-83.4791","249.9","2005-10",,,,,,,
"USC00205488","MILLINGTON 3 SE, MI US","43.2836","-83.4791","249.9","2005-11",,,,,,,
"USC00205488","MILLINGTON 3 SE, MI US","43.2836","-83.4791","249.9","2005-12",,,,,,,
"USC00200230","ANN ARBOR U OF MICH, MI US","42.29806","-83.66388","247.8","2005-07","318.0","10.0","32.8","1.4","23.6","29.5","17.6"
"USC00200230","ANN ARBOR U OF MICH, MI US","42.29806","-83.66388","247.8","2005-08","479.7","11.7","32.8","1.4","23.6","29.2","17.9"
"USC00200230","ANN ARBOR U OF MICH, MI US","42.29806","-83.66388","247.8","2005-09","548.7","3.3","32.8","19.8","20.0","26.4","13.6"
"USC00200230","ANN ARBOR U OF MICH, MI US","42.29806","-83.66388","247.8","2005-10","565.1","-1.7","29.4","226.1","12.2","17.5","6.9"
"USC00200230","ANN ARBOR U OF MICH, MI US","42.29806","-83.66388","247.8","2005-11","565.1","-11.1","22.2","597.4","6.0","10.8","1.1"
"USC00200230","ANN ARBOR U OF MICH, MI US","42.29806","-83.66388","247.8","2005-12","565.1","-15.0","4.4","1277.1","-3.6","-1.1","-6.1"
"USC00207308","SALINE WWTP, MI US","42.1611","-83.7819","228.6","2005-07",,"9.4","33.9","1.4","22.6","29.6","15.5"
"USC00207308","SALINE WWTP, MI US","42.1611","-83.7819","228.6","2005-10",,"-3.9","30.6",,"10.9","18.0","3.8"
"USC00207308","SALINE WWTP, MI US","42.1611","-83.7819","228.6","2005-11",,"-15.6","22.8",,"4.5","11.1","-2.1"
"USC00207308","SALINE WWTP, MI US","42.1611","-83.7819","228.6","2005-12",,"-18.9","5.6",,"-4.8","-0.6","-9.0"
"USC00204954","LUDINGTON, MI US","43.9066","-86.3942","210.3","2005-07","260.4","6.7","34.4","3.0","22.4","29.3","15.5"
"USC00204954","LUDINGTON, MI US","43.9066","-86.3942","210.3","2005-08","376.8","8.3","33.9","6.6","22.0","28.6","15.3"
"USC00204954","LUDINGTON, MI US","43.9066","-86.3942","210.3","2005-09","449.5","5.0","32.2","22.1","20.2","26.3","14.2"
"USC00204954","LUDINGTON, MI US","43.9066","-86.3942","210.3","2005-10","471.6","-1.7","29.4","227.8","12.2","17.5","6.8"
"USC00204954","LUDINGTON, MI US","43.9066","-86.3942","210.3","2005-11","471.6","-8.3","17.8","526.9","5.9","9.9","1.9"
"USC00204954","LUDINGTON, MI US","43.9066","-86.3942","210.3","2005-12","471.6","-11.7","5.0","1145.9","-2.3","0.2","-4.8"
"USC00203744","HERMAN, MI US","46.6653","-88.3772","523.3","2005-07","84.8","2.8","31.1","39.8","18.7","25.7","11.8"
"USC00203744","HERMAN, MI US","46.6653","-88.3772","523.3","2005-08","128.8","3.3","31.7","83.2","18.2","24.2","12.2"
"USC00203744","HERMAN, MI US","46.6653","-88.3772","523.3","2005-09",,"-0.6",,,,,"9.4"
"USC00203744","HERMAN, MI US","46.6653","-88.3772","523.3","2005-10",,"-4.4","27.8",,"8.8","13.6","3.9"
"USC00203744","HERMAN, MI US","46.6653","-88.3772","523.3","2005-11",,"-25.0","15.0",,"-0.5","3.6","-4.7"
"USC00203744","HERMAN, MI US","46.6653","-88.3772","523.3","2005-12",,"-20.0","1.1",,"-8.0","-5.3","-10.7"
"USR0000MDOE","DOE LAKE MICHIGAN, MI US","46.2536","-86.7142","248.4","2005-07",,"0.6","37.2","54.8","18.5","27.8","9.3"
"USR0000MDOE","DOE LAKE MICHIGAN, MI US","46.2536","-86.7142","248.4","2005-08",,"1.7","33.3","114.6","17.6","25.6","9.5"
"USR0000MDOE","DOE LAKE MICHIGAN, MI US","46.2536","-86.7142","248.4","2005-09",,"-0.6","32.2","242.7","14.8","22.7","7.0"
"USR0000MDOE","DOE LAKE MICHIGAN, MI US","46.2536","-86.7142","248.4","2005-10",,"-8.3","25.0","556.6","8.4","13.6","3.2"
"USR0000MDOE","DOE LAKE MICHIGAN, MI US","46.2536","-86.7142","248.4","2005-11",,"-13.9","12.2","1106.5","0.0","4.0","-4.0"
"USR0000MDOE","DOE LAKE MICHIGAN, MI US","46.2536","-86.7142","248.4","2005-12",,"-13.3","1.7","1794.9","-5.4","-3.1","-7.7"
"USC00208772","WELLSTON TIPPY DAM, MI US","44.2586","-85.9394","198.1","2005-07",,,,,,,
"USC00208772","WELLSTON TIPPY DAM, MI US","44.2586","-85.9394","198.1","2005-08",,,,,,,
"USC00208772","WELLSTON TIPPY DAM, MI US","44.2586","-85.9394","198.1","2005-09",,,,,,,
"USC00208772","WELLSTON TIPPY DAM, MI US","44.2586","-85.9394","198.1","2005-10",,,,,,,
"USC00208772","WELLSTON TIPPY DAM, MI US","44.2586","-85.9394","198.1","2005-11",,,,,,,
"USC00208772","WELLSTON TIPPY DAM, MI US","44.2586","-85.9394","198.1","2005-12",,,,,,,
"USC00207320","SAMARIA, MI US","41.8069","-83.583","198.7","2005-07",,"9.4","38.3","2.2","23.3","30.4","16.1"
"USC00207320","SAMARIA, MI US","41.8069","-83.583","198.7","2005-08",,,,,,,
"USC00207320","SAMARIA, MI US","41.8069","-83.583","198.7","2005-09",,"1.7","32.2",,"19.1","26.1","12.1"
"USC00207320","SAMARIA, MI US","41.8069","-83.583","198.7","2005-10",,"-2.8","31.1",,"11.9","18.5","5.4"
"USC00207320","SAMARIA, MI US","41.8069","-83.583","198.7","2005-11",,"-12.2","22.2",,"5.8","11.5","0.1"
"USC00207320","SAMARIA, MI US","41.8069","-83.583","198.7","2005-12",,"-19.4","6.1",,"-4.7","-0.8","-8.6"
"USC00207684","SOUTH BOARDMAN 2 W, MI US","44.6391","-85.325","318.8","2005-07",,,,,,,
"USC00207684","SOUTH BOARDMAN 2 W, MI US","44.6391","-85.325","318.8","2005-08",,,,,,,
"USC00207684","SOUTH BOARDMAN 2 W, MI US","44.6391","-85.325","318.8","2005-09",,"3.9","31.7",,"17.1","23.8","10.4"
"USC00207684","SOUTH BOARDMAN 2 W, MI US","44.6391","-85.325","318.8","2005-10",,"-6.1","29.4",,"10.0","15.9","4.1"
"USC00207684","SOUTH BOARDMAN 2 W, MI US","44.6391","-85.325","318.8","2005-11",,"-13.3","16.7",,"2.4","6.9","-2.2"
"USC00207684","SOUTH BOARDMAN 2 W, MI US","44.6391","-85.325","318.8","2005-12",,"-15.0","5.0",,"-5.0","-2.6","-7.4"
"USC00208890","WHITE CLOUD 9 E, MI US","43.5491","-85.5841","263.7","2005-07",,,,,,,
"USC00208890","WHITE CLOUD 9 E, MI US","43.5491","-85.5841","263.7","2005-08",,,,,,,
"USC00208890","WHITE CLOUD 9 E, MI US","43.5491","-85.5841","263.7","2005-09",,,,,,,
"USC00208890","WHITE CLOUD 9 E, MI US","43.5491","-85.5841","263.7","2005-10",,,,,,,
"USC00208890","WHITE CLOUD 9 E, MI US","43.5491","-85.5841","263.7","2005-11",,,,,,,
"USC00208890","WHITE CLOUD 9 E, MI US","43.5491","-85.5841","263.7","2005-12",,,,,,,
"USC00209188","YALE 1 NNW, MI US","43.1447","-82.8011","249.9","2005-07",,,,,,,
"USC00209188","YALE 1 NNW, MI US","43.1447","-82.8011","249.9","2005-08",,,,,,,
"USC00209188","YALE 1 NNW, MI US","43.1447","-82.8011","249.9","2005-09",,,,,,,
"USC00209188","YALE 1 NNW, MI US","43.1447","-82.8011","249.9","2005-10",,,,,,,
"USC00209188","YALE 1 NNW, MI US","43.1447","-82.8011","249.9","2005-11",,,,,,,
"USC00209188","YALE 1 NNW, MI US","43.1447","-82.8011","249.9","2005-12",,,,,,,
"USW00014822","DETROIT CITY AIRPORT, MI US","42.40725","-83.00899","189.8","2005-07","376.3","13.3","34.4","0.0","24.7","29.9","19.5"
"USW00014822","DETROIT CITY AIRPORT, MI US","42.40725","-83.00899","189.8","2005-08","569.7","13.3","34.4","0.0","24.6","29.2","19.9"
"USW00014822","DETROIT CITY AIRPORT, MI US","42.40725","-83.00899","189.8","2005-09","656.0","6.1","32.2","15.0","20.7","25.9","15.6"
"USW00014822","DETROIT CITY AIRPORT, MI US","42.40725","-83.00899","189.8","2005-10","673.5","0.6","28.3","198.4","13.0","17.3","8.7"
"USW00014822","DETROIT CITY AIRPORT, MI US","42.40725","-83.00899","189.8","2005-11","673.5","-9.4","21.7","548.4","6.7","11.1","2.2"
"USW00014822","DETROIT CITY AIRPORT, MI US","42.40725","-83.00899","189.8","2005-12","673.5","-12.2","5.0","1203.2","-2.8","-0.6","-5.0"
"USC00202788","FIFE LAKE 3 WSW, MI US","44.565","-85.4133","338.9","2005-07","255.2","3.3","35.0","7.0","22.0","29.8","14.2"
"USC00202788","FIFE LAKE 3 WSW, MI US","44.565","-85.4133","338.9","2005-08","332.0","7.2","33.9","15.1","20.6","27.7","13.5"
"USC00202788","FIFE LAKE 3 WSW, MI US","44.565","-85.4133","338.9","2005-09","373.4","4.4","31.7","58.6","18.3","25.0","11.5"
"USC00202788","FIFE LAKE 3 WSW, MI US","44.565","-85.4133","338.9","2005-10","393.2","-3.9","30.0","311.1","10.8","16.7","5.0"
"USC00202788","FIFE LAKE 3 WSW, MI US","44.565","-85.4133","338.9","2005-11","393.2","-13.3","16.7","757.5","3.1","7.7","-1.6"
"USC00202788","FIFE LAKE 3 WSW, MI US","44.565","-85.4133","338.9","2005-12","393.2","-13.9","5.6","1452.3","-4.1","-1.4","-6.8"
"USC00200128","ALLEGAN 5 NE, MI US","42.5799","-85.7893","228.6","2005-07",,"7.8","33.9","10.2","21.8","28.6","14.9"
"USC00200128","ALLEGAN 5 NE, MI US","42.5799","-85.7893","228.6","2005-08",,"9.4","32.8","17.7","20.8","26.9","14.7"
"USC00200128","ALLEGAN 5 NE, MI US","42.5799","-85.7893","228.6","2005-09",,,"31.7",,,"25.4",
"USC00200128","ALLEGAN 5 NE, MI US","42.5799","-85.7893","228.6","2005-10",,"-3.3","28.9",,"10.7","16.8","4.6"
"USC00200128","ALLEGAN 5 NE, MI US","42.5799","-85.7893","228.6","2005-11",,"-12.2","20.0",,"4.9","9.8","0.0"
"USC00200128","ALLEGAN 5 NE, MI US","42.5799","-85.7893","228.6","2005-12",,"-17.2","5.0",,"-4.7","-1.9","-7.5"
"USW00014817","CADILLAC, MI US","44.2655","-85.3966","394.7","2005-07","232.1","5.0","32.2","10.6","21.1","28.0","14.2"
"USW00014817","CADILLAC, MI US","44.2655","-85.3966","394.7","2005-08","293.5","6.1","32.2","29.5","19.7","26.0","13.4"
"USW00014817","CADILLAC, MI US","44.2655","-85.3966","394.7","2005-09","322.1","4.4","30.6","102.8","16.8","23.9","9.8"
"USW00014817","CADILLAC, MI US","44.2655","-85.3966","394.7","2005-10","335.7","-5.0","28.3","384.5","9.7","15.1","4.2"
"USW00014817","CADILLAC, MI US","44.2655","-85.3966","394.7","2005-11","335.7","-13.9","17.8","865.0","2.3","7.3","-2.7"
"USW00014817","CADILLAC, MI US","44.2655","-85.3966","394.7","2005-12","335.7","-17.8","3.9","1581.6","-4.8","-2.2","-7.4"
"USC00204967","LUPTON 1 S, MI US","44.4199","-84.0232","276.8","2005-07",,,,,,,
"USC00204967","LUPTON 1 S, MI US","44.4199","-84.0232","276.8","2005-08",,"6.1","33.3",,"18.9","27.0","10.9"
"USC00204967","LUPTON 1 S, MI US","44.4199","-84.0232","276.8","2005-09",,"3.3","31.7",,"15.9","24.3","7.6"
"USC00204967","LUPTON 1 S, MI US","44.4199","-84.0232","276.8","2005-10",,"-5.0","28.9",,"9.3","15.7","2.9"
"USC00204967","LUPTON 1 S, MI US","44.4199","-84.0232","276.8","2005-11",,"-17.8","20.0",,"3.3","9.0","-2.5"
"USC00204967","LUPTON 1 S, MI US","44.4199","-84.0232","276.8","2005-12",,"-20.0","2.8",,"-5.9","-1.5","-10.2"
"USC00202308","DUNDEE, MI US","41.9552","-83.6488","201.2","2005-07","323.9","11.7","33.3","0.0","23.9","29.6","18.1"
"USC00202308","DUNDEE, MI US","41.9552","-83.6488","201.2","2005-08","474.4","12.8","33.3","0.6","23.2","29.3","17.1"
"USC00202308","DUNDEE, MI US","41.9552","-83.6488","201.2","2005-09","536.7","3.9","32.8","14.8","19.9","26.9","12.8"
"USC00202308","DUNDEE, MI US","41.9552","-83.6488","201.2","2005-10","550.6","-1.7","30.6","208.4","12.5","18.7","6.4"
"USC00202308","DUNDEE, MI US","41.9552","-83.6488","201.2","2005-11","550.6","-11.1","22.2","571.6","6.2","11.4","1.1"
"USC00202308","DUNDEE, MI US","41.9552","-83.6488","201.2","2005-12","550.6","-16.7","5.6","1267.2","-4.1","-0.9","-7.3"
"USW00014815","BATTLE CREEK KELLOGG AIRPORT, MI US","42.31192","-85.24147","282.5","2005-07","310.4","9.4","33.9","1.5","23.2","28.8","17.5"
"USW00014815","BATTLE CREEK KELLOGG AIRPORT, MI US","42.31192","-85.24147","282.5","2005-08","444.0","11.1","32.2","3.7","22.6","27.9","17.2"
"USW00014815","BATTLE CREEK KELLOGG AIRPORT, MI US","42.31192","-85.24147","282.5","2005-09",,,,,,,
"USW00014815","BATTLE CREEK KELLOGG AIRPORT, MI US","42.31192","-85.24147","282.5","2005-10",,"-1.7","28.9",,"11.7","16.9","6.4"
"USW00014815","BATTLE CREEK KELLOGG AIRPORT, MI US","42.31192","-85.24147","282.5","2005-11",,"-11.7","21.1",,"5.4","10.3","0.6"
"USW00014815","BATTLE CREEK KELLOGG AIRPORT, MI US","42.31192","-85.24147","282.5","2005-12",,"-17.2","4.4",,"-4.0","-1.4","-6.5"
"USW00014814","ALPENA WASTEWATER PLANT, MI US","45.0605","-83.428","179.8","2005-07","171.5","8.9","32.8","6.1","21.5","26.6","16.3"
"USW00014814","ALPENA WASTEWATER PLANT, MI US","45.0605","-83.428","179.8","2005-08","239.6","11.1","33.3","13.4","20.3","25.3","15.3"
"USW00014814","ALPENA WASTEWATER PLANT, MI US","45.0605","-83.428","179.8","2005-09","270.7","5.6","32.2","61.7","17.8","22.8","12.7"
"USW00014814","ALPENA WASTEWATER PLANT, MI US","45.0605","-83.428","179.8","2005-10","284.9","-0.6","27.2","288.3","10.7","14.9","6.6"
"USW00014814","ALPENA WASTEWATER PLANT, MI US","45.0605","-83.428","179.8","2005-11","284.9","-12.8","19.4","703.0","3.5","7.8","-0.8"
"USW00014814","ALPENA WASTEWATER PLANT, MI US","45.0605","-83.428","179.8","2005-12","284.9","-13.3","2.8","1379.2","-4.2","-1.5","-6.9"
"USC00203639","HARVEY, MI US","46.4907","-87.3544","195.1","2005-07",,,,,,,
"USC00203639","HARVEY, MI US","46.4907","-87.3544","195.1","2005-08",,,,,,,
"USC00203639","HARVEY, MI US","46.4907","-87.3544","195.1","2005-09",,,,,,,
"USC00203639","HARVEY, MI US","46.4907","-87.3544","195.1","2005-10",,,,,,,
"USC00203639","HARVEY, MI US","46.4907","-87.3544","195.1","2005-11",,,,,,,
"USC00203639","HARVEY, MI US","46.4907","-87.3544","195.1","2005-12",,,,,,,
"USC00200925","BOYNE FALLS, MI US","45.1672","-84.9138","221.9","2005-07","319.8","5.0","35.6","4.5","23.2","31.1","15.4"
"USC00200925","BOYNE FALLS, MI US","45.1672","-84.9138","221.9","2005-08","421.4","7.8","34.4","11.4","21.4","27.8","15.0"
"USC00200925","BOYNE FALLS, MI US","45.1672","-84.9138","221.9","2005-09","486.5","4.4","33.3","52.7","19.1","25.9","12.4"
"USC00200925","BOYNE FALLS, MI US","45.1672","-84.9138","221.9","2005-10","516.1","-5.6","31.7","298.1","11.4","16.7","6.0"
"USC00200925","BOYNE FALLS, MI US","45.1672","-84.9138","221.9","2005-11","516.1","-12.8","16.7","732.7","3.9","7.9","-0.2"
"USC00200925","BOYNE FALLS, MI US","45.1672","-84.9138","221.9","2005-12","516.1","-20.6","3.9","1399.0","-3.8","-1.4","-6.3"
"USC00200361","AUBURN 2 NE, MI US","43.6252","-84.0188","184.4","2005-07","236.9","8.9","33.3","9.9","21.9","28.2","15.6"
"USC00200361","AUBURN 2 NE, MI US","43.6252","-84.0188","184.4","2005-08","335.2","9.4","33.3","17.1","21.3","27.6","14.9"
"USC00200361","AUBURN 2 NE, MI US","43.6252","-84.0188","184.4","2005-09","379.0","6.7","32.8","55.8","18.5","25.6","11.4"
"USC00200361","AUBURN 2 NE, MI US","43.6252","-84.0188","184.4","2005-10","402.3","-2.2","30.6","269.8","11.6","17.0","6.3"
"USC00200361","AUBURN 2 NE, MI US","43.6252","-84.0188","184.4","2005-11",,,"20.6",,,"10.0",
"USC00200361","AUBURN 2 NE, MI US","43.6252","-84.0188","184.4","2005-12",,"-16.7","3.3",,"-4.3","-1.4","-7.2"
"USC00206587","PINCONNING WWTP, MI US","43.85667","-83.95611","178.9","2005-07",,"8.9","32.8","7.8","21.9","27.9","15.8"
"USC00206587","PINCONNING WWTP, MI US","43.85667","-83.95611","178.9","2005-08",,"7.2","33.9","18.4","20.5","27.8","13.2"
"USC00206587","PINCONNING WWTP, MI US","43.85667","-83.95611","178.9","2005-09",,"2.8","32.8","78.4","17.2","25.3","9.1"
"USC00206587","PINCONNING WWTP, MI US","43.85667","-83.95611","178.9","2005-10",,"-5.0","30.6","339.5","10.1","16.5","3.7"
"USC00206587","PINCONNING WWTP, MI US","43.85667","-83.95611","178.9","2005-11",,"-12.8","21.1","758.3","2.8","8.7","-3.2"
"USC00206587","PINCONNING WWTP, MI US","43.85667","-83.95611","178.9","2005-12",,"-17.8","3.9","1399.0","-4.6","-0.6","-8.6"
"USC00207312","SALINE 4 SW, MI US","42.1236","-83.8199","256.0","2005-07","275.4","8.9","36.1","1.9","22.9","29.4","16.4"
"USC00207312","SALINE 4 SW, MI US","42.1236","-83.8199","256.0","2005-08","405.3","10.0","32.8","4.1","22.4","28.8","16.1"
"USC00207312","SALINE 4 SW, MI US","42.1236","-83.8199","256.0","2005-09","455.8","1.7","32.8","28.2","19.2","26.6","11.8"
"USC00203632","HART 3 WSW, MI US","43.6751","-86.4228","236.2","2005-11",,"-11.7","16.7",,"4.6","9.2","-0.1"
"USC00203632","HART 3 WSW, MI US","43.6751","-86.4228","236.2","2005-12",,"-11.7","4.4",,"-3.3","-0.8","-5.7"
"USC00202423","EAST TAWAS, MI US","44.2838","-83.5036","178.6","2005-07","191.3","8.9","33.9","8.6","21.6","27.7","15.6"
"USC00202423","EAST TAWAS, MI US","44.2838","-83.5036","178.6","2005-08","285.1","7.2","35.0","15.8","21.1","27.7","14.6"
"USC00202423","EAST TAWAS, MI US","44.2838","-83.5036","178.6","2005-09","312.3","5.6","30.0","61.5","17.7","24.6","10.8"
"USC00202423","EAST TAWAS, MI US","44.2838","-83.5036","178.6","2005-10","322.4","-2.8","26.7","311.0","10.6","16.0","5.2"
"USC00202423","EAST TAWAS, MI US","44.2838","-83.5036","178.6","2005-11","322.4","-11.7","21.1","735.2","4.2","9.1","-0.7"
"USC00202423","EAST TAWAS, MI US","44.2838","-83.5036","178.6","2005-12","322.4","-15.0","3.3","1422.8","-3.9","-0.4","-7.3"
"USC00207690","SOUTH HAVEN, MI US","42.4014","-86.2826","179.8","2005-07","284.5","10.0","33.3","2.5","23.1","27.8","18.4"
"USC00207690","SOUTH HAVEN, MI US","42.4014","-86.2826","179.8","2005-08","438.3","12.2","31.7","2.5","23.3","27.6","19.0"
"USC00207690","SOUTH HAVEN, MI US","42.4014","-86.2826","179.8","2005-09","512.5","7.8","31.1","19.4","20.4","25.1","15.7"
"USC00207690","SOUTH HAVEN, MI US","42.4014","-86.2826","179.8","2005-10","537.0","1.7","29.4","184.1","13.7","17.9","9.4"
"USC00207690","SOUTH HAVEN, MI US","42.4014","-86.2826","179.8","2005-11","537.0","-8.9","19.4","515.5","7.3","11.5","3.1"
"USC00207690","SOUTH HAVEN, MI US","42.4014","-86.2826","179.8","2005-12","537.0","-13.9","6.1","1147.0","-2.0","0.1","-4.2"
"USC00203096","GAYLORD, MI US","45.0332","-84.7113","401.7","2005-07","184.9","5.0","31.1","13.4","21.0","26.9","15.1"
"USC00203096","GAYLORD, MI US","45.0332","-84.7113","401.7","2005-08","224.4","4.4","30.6","39.3","18.8","24.5","13.0"
"USC00203096","GAYLORD, MI US","45.0332","-84.7113","401.7","2005-09","249.9","3.3","30.0","93.9","17.3","22.9","11.8"
"USC00203096","GAYLORD, MI US","45.0332","-84.7113","401.7","2005-10","263.6","-5.0","27.8","375.5","9.6","14.7","4.4"
"USC00203096","GAYLORD, MI US","45.0332","-84.7113","401.7","2005-11","263.6","-13.9","15.6","822.7","2.1","6.0","-1.9"
"USC00203096","GAYLORD, MI US","45.0332","-84.7113","401.7","2005-12","263.6","-16.1","3.3","1535.7","-5.3","-2.7","-8.0"
"USW00014833","JACKSON REYNOLDS FIELD, MI US","42.26373","-84.45644","295.9","2005-07","245.4","7.8","32.8","3.6","21.9","28.2","15.7"
"USW00014833","JACKSON REYNOLDS FIELD, MI US","42.26373","-84.45644","295.9","2005-08","351.5","8.9","31.1","9.3","21.6","27.6","15.6"
"USW00014833","JACKSON REYNOLDS FIELD, MI US","42.26373","-84.45644","295.9","2005-09","392.3","2.8","31.7","47.4","18.4","25.3","11.6"
"USW00014833","JACKSON REYNOLDS FIELD, MI US","42.26373","-84.45644","295.9","2005-10","405.4","-4.4","28.9","283.4","11.1","16.6","5.6"
"USW00014833","JACKSON REYNOLDS FIELD, MI US","42.26373","-84.45644","295.9","2005-11","405.4","-11.7","20.6","674.5","5.3","10.3","0.3"
"USW00014833","JACKSON REYNOLDS FIELD, MI US","42.26373","-84.45644","295.9","2005-12","405.4","-17.8","5.0","1375.6","-4.3","-1.8","-6.8"
"USC00203527","HALE 5 SSW, MI US","44.3127","-83.8272","256.6","2005-07","178.2","7.2","33.3","13.3","21.1","27.8","14.3"
"USC00203527","HALE 5 SSW, MI US","44.3127","-83.8272","256.6","2005-08","240.3","5.6","33.3","29.4","19.8","26.9","12.7"
"USC00203527","HALE 5 SSW, MI US","44.3127","-83.8272","256.6","2005-09",,,,,,,
"USC00203527","HALE 5 SSW, MI US","44.3127","-83.8272","256.6","2005-10",,"-4.4","29.4",,"10.0","15.8","4.2"
"USC00203527","HALE 5 SSW, MI US","44.3127","-83.8272","256.6","2005-11",,"-12.8","20.0",,"3.2","8.4","-2.0"
"USC00203527","HALE 5 SSW, MI US","44.3127","-83.8272","256.6","2005-12",,"-16.1","5.0",,"-4.6","-1.1","-8.1"
"USC00203769","HESPERIA 4 WNW, MI US","43.5908","-86.1056","237.7","2005-07","219.0","4.4","33.9","15.1","21.2","28.7","13.7"
"USC00203769","HESPERIA 4 WNW, MI US","43.5908","-86.1056","237.7","2005-08","281.8","6.7","32.8","26.7","20.1","27.5","12.7"
"USC00203769","HESPERIA 4 WNW, MI US","43.5908","-86.1056","237.7","2005-09","323.8","3.3","32.2","89.5","17.6","25.7","9.6"
"USC00203769","HESPERIA 4 WNW, MI US","43.5908","-86.1056","237.7","2005-10","334.4","-4.4","28.9","342.8","10.3","17.2","3.3"
"USC00203769","HESPERIA 4 WNW, MI US","43.5908","-86.1056","237.7","2005-11","334.4","-13.3","17.8","788.1","3.0","8.5","-2.5"
"USC00203769","HESPERIA 4 WNW, MI US","43.5908","-86.1056","237.7","2005-12","334.4","-15.0","5.0","1471.0","-3.7","-0.9","-6.4"
"USC00202437","EATON RAPIDS, MI US","42.518","-84.6521","265.2","2005-07",,,,,,,
"USC00202437","EATON RAPIDS, MI US","42.518","-84.6521","265.2","2005-08",,,,,,,
"USC00202437","EATON RAPIDS, MI US","42.518","-84.6521","265.2","2005-09",,,,,,,
"USC00202437","EATON RAPIDS, MI US","42.518","-84.6521","265.2","2005-11",,,,,,,
"USC00202437","EATON RAPIDS, MI US","42.518","-84.6521","265.2","2005-12",,,,,,,
"USC00201468","CHARLEVOIX, MI US","45.3172","-85.2672","180.7","2005-07","177.6","8.9","32.2","11.9","21.3","25.6","17.0"
"USC00201468","CHARLEVOIX, MI US","45.3172","-85.2672","180.7","2005-08","268.4","12.2","34.4","16.4","21.1","25.3","17.0"
"USC00201468","CHARLEVOIX, MI US","45.3172","-85.2672","180.7","2005-09","310.9","7.2","31.1","58.9","18.3","23.2","13.5"
"USC00201468","CHARLEVOIX, MI US","45.3172","-85.2672","180.7","2005-10","329.8","-1.1","30.0","289.0","11.5","15.8","7.3"
"USC00201468","CHARLEVOIX, MI US","45.3172","-85.2672","180.7","2005-11","329.8","-8.9","16.7","709.1","4.3","7.9","0.8"
"USC00201468","CHARLEVOIX, MI US","45.3172","-85.2672","180.7","2005-12","329.8","-10.0","3.9","1356.4","-2.6","-0.7","-4.4"
"USW00014828","GLADWIN, MI US","43.9758","-84.4908","236.2","2005-07","214.4","7.2","32.2","8.0","21.7","28.4","15.1"
"USW00014828","GLADWIN, MI US","43.9758","-84.4908","236.2","2005-08","284.4","8.9","32.8","15.0","20.4","27.2","13.5"
"USW00014828","GLADWIN, MI US","43.9758","-84.4908","236.2","2005-09","305.3","5.6","31.1","62.9","17.4","24.9","9.9"
"USW00014828","GLADWIN, MI US","43.9758","-84.4908","236.2","2005-10","317.0","-3.9","29.4","313.8","10.5","16.4","4.6"
"USW00014828","GLADWIN, MI US","43.9758","-84.4908","236.2","2005-11","317.0","-11.1","20.6","758.5","3.5","9.1","-2.1"
"USW00014828","GLADWIN, MI US","43.9758","-84.4908","236.2","2005-12","317.0","-17.2","3.3","1459.4","-4.3","-1.1","-7.4"
"USW00014826","FLINT FCWOS, MI US","42.96684","-83.74996","234.8","2005-07","252.5","7.8","32.8","2.5","22.4","28.7","16.0"
"USW00014826","FLINT FCWOS, MI US","42.96684","-83.74996","234.8","2005-08","367.7","7.2","32.2","7.5","21.9","28.4","15.4"
"USW00014826","FLINT FCWOS, MI US","42.96684","-83.74996","234.8","2005-09","406.6","2.2","31.7","45.0","18.4","25.3","11.5"
"USW00014826","FLINT FCWOS, MI US","42.96684","-83.74996","234.8","2005-10","421.1","-5.0","28.9","285.9","11.0","16.6","5.4"
"USW00014826","FLINT FCWOS, MI US","42.96684","-83.74996","234.8","2005-11","421.1","-11.1","21.1","678.6","5.2","10.4","0.1"
"USW00014826","FLINT FCWOS, MI US","42.96684","-83.74996","234.8","2005-12","421.1","-18.9","5.0","1379.1","-4.3","-1.6","-6.9"
"USC00203529","HALE LOUD DAM, MI US","44.4633","-83.7216","221.9","2005-07","172.9","7.2","32.2","10.6","21.2","27.8","14.6"
"USC00203529","HALE LOUD DAM, MI US","44.4633","-83.7216","221.9","2005-08","223.5","8.3","32.8","22.2","19.8","27.0","12.7"
"USC00203529","HALE LOUD DAM, MI US","44.4633","-83.7216","221.9","2005-09","237.9","3.9","30.0","89.1","16.5","23.9","9.2"
"USC00203529","HALE LOUD DAM, MI US","44.4633","-83.7216","221.9","2005-10","245.2","-3.3","28.9","321.2","10.0","15.7","4.4"
"USC00203529","HALE LOUD DAM, MI US","44.4633","-83.7216","221.9","2005-11","245.2","-15.0","18.9","746.6","2.7","8.6","-3.2"
"USC00203529","HALE LOUD DAM, MI US","44.4633","-83.7216","221.9","2005-12","245.2","-19.4","2.8","1449.6","-5.1","-1.6","-8.7"
"USC00208779","WEST BLOOMFIELD, MI US","42.5413","-83.343","271.3","2005-07",,,,,,,
"USC00208779","WEST BLOOMFIELD, MI US","42.5413","-83.343","271.3","2005-08",,,,,,,
"USC00208779","WEST BLOOMFIELD, MI US","42.5413","-83.343","271.3","2005-09",,,,,,,
"USC00208779","WEST BLOOMFIELD, MI US","42.5413","-83.343","271.3","2005-10",,,,,,,
"USC00208779","WEST BLOOMFIELD, MI US","42.5413","-83.343","271.3","2005-11",,,,,,,
"USC00208779","WEST BLOOMFIELD, MI US","42.5413","-83.343","271.3","2005-12",,,,,,,
"USC00208417","VANDERBILT 11 ENE, MI US","45.1702","-84.4397","275.8","2005-07",,"1.7","33.3","39.1","19.2","27.7","10.8"
"USC00208417","VANDERBILT 11 ENE, MI US","45.1702","-84.4397","275.8","2005-08",,,,,,,
"USC00208417","VANDERBILT 11 ENE, MI US","45.1702","-84.4397","275.8","2005-09",,"-2.2","31.7",,"15.1","23.7","6.6"
"USC00208417","VANDERBILT 11 ENE, MI US","45.1702","-84.4397","275.8","2005-10",,"-7.8","30.0",,"8.9","15.5","2.4"
"USC00208417","VANDERBILT 11 ENE, MI US","45.1702","-84.4397","275.8","2005-11",,"-18.9","17.2",,"1.5","6.4","-3.5"
"USC00208417","VANDERBILT 11 ENE, MI US","45.1702","-84.4397","275.8","2005-12",,"-20.0","4.4",,"-5.4","-2.4","-8.4"
"US1MIKZ0006","WESTERN MICHIGAN UNIVERSITY, MI US","42.283","-85.615","271.9","2005-12",,,,,,,
"USC00201343","CASEVILLE, MI US","43.9416","-83.2669","181.4","2005-07","191.1","8.3","32.8","14.2","20.8","27.0","14.6"
"USC00201343","CASEVILLE, MI US","43.9416","-83.2669","181.4","2005-08","275.6","7.2","33.3","25.1","20.7","27.3","14.2"
"USC00201343","CASEVILLE, MI US","43.9416","-83.2669","181.4","2005-09","304.2","5.6","33.3","78.4","17.5","24.6","10.4"
"USC00201343","CASEVILLE, MI US","43.9416","-83.2669","181.4","2005-10","317.8","-2.2","30.0","307.8","11.1","16.2","6.1"
"USC00201343","CASEVILLE, MI US","43.9416","-83.2669","181.4","2005-11","317.8","-10.6","20.0","708.6","4.3","9.0","-0.5"
"USC00201343","CASEVILLE, MI US","43.9416","-83.2669","181.4","2005-12","317.8","-15.6","3.9","1395.3","-3.8","-0.7","-6.9"
"USC00205822","NEWPORT 4 SSE, MI US","41.9497","-83.28","176.2","2005-07",,"10.6","34.4","0.8","23.4","30.1","16.8"
"USC00205822","NEWPORT 4 SSE, MI US","41.9497","-83.28","176.2","2005-08",,"11.1","33.9","1.7","22.9","29.1","16.7"
"USC00205822","NEWPORT 4 SSE, MI US","41.9497","-83.28","176.2","2005-09",,"2.8","31.1","21.1","19.9","26.2","13.5"
"USC00205822","NEWPORT 4 SSE, MI US","41.9497","-83.28","176.2","2005-10",,"-2.2","28.3","225.3","12.1","18.2","6.1"
"USC00205822","NEWPORT 4 SSE, MI US","41.9497","-83.28","176.2","2005-11",,"-11.7","21.7","598.6","5.9","11.0","0.7"
"USC00205822","NEWPORT 4 SSE, MI US","41.9497","-83.28","176.2","2005-12",,"-17.2","4.4","1291.2","-4.0","-0.5","-7.5"
"USC00201225","CANTON, MI US","42.32","-83.4561","205.4","2005-07","342.5","11.1","35.0","0.0","24.5","31.3","17.7"
"USC00201225","CANTON, MI US","42.32","-83.4561","205.4","2005-08","512.8","11.1","35.0","0.0","24.2","30.8","17.6"
"USC00201225","CANTON, MI US","42.32","-83.4561","205.4","2005-09","577.1","2.8","33.9","14.9","20.2","27.7","12.6"
"USC00201225","CANTON, MI US","42.32","-83.4561","205.4","2005-10","594.1","-3.3","30.6","205.5","12.7","19.1","6.4"
"USC00201225","CANTON, MI US","42.32","-83.4561","205.4","2005-11","594.1","-11.1","23.9","549.1","6.5","12.1","0.8"
"USC00201225","CANTON, MI US","42.32","-83.4561","205.4","2005-12","594.1","-15.0","6.1","1154.5","-2.6","0.7","-5.9"
"USC00207220","SAGINAW 9 W, MI US","43.4099","-84.1316","195.1","2005-07",,"7.8","33.9","8.3","22.1","29.7","14.4"
"USC00207220","SAGINAW 9 W, MI US","43.4099","-84.1316","195.1","2005-08",,"7.2","34.4","13.5","21.4","29.4","13.3"
"USC00207220","SAGINAW 9 W, MI US","43.4099","-84.1316","195.1","2005-09",,"5.0","35.0","44.0","19.0","27.6","10.5"
"USC00207220","SAGINAW 9 W, MI US","43.4099","-84.1316","195.1","2005-10",,"-3.3","31.7","275.3","11.4","18.4","4.5"
"USC00207220","SAGINAW 9 W, MI US","43.4099","-84.1316","195.1","2005-11",,"-13.3","21.7","684.6","4.7","10.4","-1.0"
"USC00207220","SAGINAW 9 W, MI US","43.4099","-84.1316","195.1","2005-12",,"-20.0","3.9","1323.2","-4.5","-0.6","-8.3"
"USC00207222","SAGINAW NUMBER 3, MI US","43.4122","-83.9561","182.9","2005-07",,"10.6","35.0","1.6","23.7","30.1","17.4"
"USC00207222","SAGINAW NUMBER 3, MI US","43.4122","-83.9561","182.9","2005-08",,"12.2","34.4","1.6","23.2","29.9","16.5"
"USC00207222","SAGINAW NUMBER 3, MI US","43.4122","-83.9561","182.9","2005-09",,"6.1","34.4","21.9","20.2","27.8","12.7"
"USC00207222","SAGINAW NUMBER 3, MI US","43.4122","-83.9561","182.9","2005-10",,"-1.7","31.7","208.4","12.4","18.5","6.2"
"USC00207222","SAGINAW NUMBER 3, MI US","43.4122","-83.9561","182.9","2005-11",,"-10.6","21.7","606.9","5.1","10.7","-0.6"
"USC00207222","SAGINAW NUMBER 3, MI US","43.4122","-83.9561","182.9","2005-12",,"-15.0","4.4","1287.2","-3.6","-0.2","-7.0"
"USC00207344","SANDSTONE, MI US","46.9828","-88.4158","199.0","2005-12",,"-16.7","2.8",,"-5.2","-2.6","-7.9"
"USC00206012","NW MICHIGAN RESEARCH FARM, MI US","44.883","-85.6752","249.9","2005-07","257.9","10.0","33.9","6.7","22.5","27.9","17.1"
"USC00206012","NW MICHIGAN RESEARCH FARM, MI US","44.883","-85.6752","249.9","2005-08","364.6","12.8","33.9","9.5","21.7","26.4","17.0"
"USC00206012","NW MICHIGAN RESEARCH FARM, MI US","44.883","-85.6752","249.9","2005-09","416.0","8.3","31.1","40.9","19.0","23.8","14.2"
"USC00206012","NW MICHIGAN RESEARCH FARM, MI US","44.883","-85.6752","249.9","2005-10","437.7","0.6","30.0","253.3","11.9","15.7","8.1"
"USC00206012","NW MICHIGAN RESEARCH FARM, MI US","44.883","-85.6752","249.9","2005-11","437.7","-10.6","16.7","684.4","4.0","7.4","0.5"
"USC00206012","NW MICHIGAN RESEARCH FARM, MI US","44.883","-85.6752","249.9","2005-12","437.7","-10.6","4.4","1345.2","-3.0","-1.4","-4.5"
"USC00202691","FARMINGTON, MI US","42.4669","-83.3625","219.5","2005-07","268.3","10.6","32.8","1.3","22.9","29.1","16.8"
"USC00202691","FARMINGTON, MI US","42.4669","-83.3625","219.5","2005-08","405.9","11.7","33.9","5.2","22.6","28.9","16.4"
"USC00202691","FARMINGTON, MI US","42.4669","-83.3625","219.5","2005-09","449.7","2.8","32.8","34.2","18.8","25.5","12.2"
"USC00202691","FARMINGTON, MI US","42.4669","-83.3625","219.5","2005-10","458.9","-1.7","28.9","268.7","11.1","16.7","5.4"
"USC00202691","FARMINGTON, MI US","42.4669","-83.3625","219.5","2005-11","458.9","-10.6","22.2","669.4","5.0","10.5","-0.6"
"USC00202691","FARMINGTON, MI US","42.4669","-83.3625","219.5","2005-12","458.9","-15.6","4.4","1368.9","-4.2","-1.3","-7.2"
"USW00014845","SAGINAW MBS INTERNATIONAL AIRPORT, MI US","43.52808","-84.08133","201.7","2005-07","239.6","10.0","32.2","5.1","21.8","27.6","16.0"
"USW00014845","SAGINAW MBS INTERNATIONAL AIRPORT, MI US","43.52808","-84.08133","201.7","2005-08","332.7","10.0","31.7","12.1","21.1","27.1","15.1"
"USW00014845","SAGINAW MBS INTERNATIONAL AIRPORT, MI US","43.52808","-84.08133","201.7","2005-09","377.7","6.7","33.3","42.1","18.8","25.9","11.8"
"USW00014845","SAGINAW MBS INTERNATIONAL AIRPORT, MI US","43.52808","-84.08133","201.7","2005-10","396.1","-1.7","30.6","272.4","11.5","16.4","6.5"
"USW00014845","SAGINAW MBS INTERNATIONAL AIRPORT, MI US","43.52808","-84.08133","201.7","2005-11","396.1","-11.1","20.0","693.4","4.3","9.0","-0.4"
"USW00014845","SAGINAW MBS INTERNATIONAL AIRPORT, MI US","43.52808","-84.08133","201.7","2005-12","396.1","-16.7","2.8","1399.5","-4.4","-2.0","-6.9"
"USW00014841","PELLSTON REGIONAL AIRPORT, MI US","45.5644","-84.79291","215.3","2005-07","158.7","1.1","35.0","30.6","19.9","28.5","11.3"
"USW00014841","PELLSTON REGIONAL AIRPORT, MI US","45.5644","-84.79291","215.3","2005-08","198.5","6.1","33.9","54.1","18.9","25.9","11.8"
"USW00014841","PELLSTON REGIONAL AIRPORT, MI US","45.5644","-84.79291","215.3","2005-09","221.1","-0.6","31.7","145.7","16.0","23.6","8.5"
"USW00014841","PELLSTON REGIONAL AIRPORT, MI US","45.5644","-84.79291","215.3","2005-10","237.2","-7.8","30.6","429.6","9.7","15.8","3.6"
"USW00014841","PELLSTON REGIONAL AIRPORT, MI US","45.5644","-84.79291","215.3","2005-11","237.2","-13.3","17.8","888.5","3.0","7.4","-1.3"
"USW00014841","PELLSTON REGIONAL AIRPORT, MI US","45.5644","-84.79291","215.3","2005-12","237.2","-22.8","3.3","1604.9","-4.8","-1.6","-8.0"
"USW00014840","MUSKEGON CO AIRPORT, MI US","43.17111","-86.23685","190.3","2005-07","259.4","8.3","33.9","6.1","22.3","28.2","16.4"
"USW00014840","MUSKEGON CO AIRPORT, MI US","43.17111","-86.23685","190.3","2005-08","357.1","10.0","32.2","9.4","21.4","26.8","16.0"
"USW00014840","MUSKEGON CO AIRPORT, MI US","43.17111","-86.23685","190.3","2005-09","407.7","7.8","30.6","46.1","18.8","24.3","13.3"
"USW00014840","MUSKEGON CO AIRPORT, MI US","43.17111","-86.23685","190.3","2005-10","425.2","-2.8","27.2","276.0","11.5","16.6","6.4"
"USW00014840","MUSKEGON CO AIRPORT, MI US","43.17111","-86.23685","190.3","2005-11","425.2","-10.6","18.3","669.7","5.2","9.1","1.4"
"USW00014840","MUSKEGON CO AIRPORT, MI US","43.17111","-86.23685","190.3","2005-12","425.2","-16.7","5.0","1324.1","-2.8","-0.9","-4.6"
"USC00201238","CAPAC 2 N, MI US","43.048","-82.9238","248.4","2005-07","215.3","6.7","32.8","13.3","21.7","29.1","14.3"
"USC00201238","CAPAC 2 N, MI US","43.048","-82.9238","248.4","2005-08","310.4","5.6","33.9","25.2","21.2","28.9","13.6"
"USC00201238","CAPAC 2 N, MI US","43.048","-82.9238","248.4","2005-09",,,"32.8",,,"25.7",
"USC00201238","CAPAC 2 N, MI US","43.048","-82.9238","248.4","2005-10",,"-4.4","29.4",,"10.4","17.6","3.3"
"USC00201238","CAPAC 2 N, MI US","43.048","-82.9238","248.4","2005-11",,,"21.7",,,"10.5",
"USC00201238","CAPAC 2 N, MI US","43.048","-82.9238","248.4","2005-12",,"-18.3","5.0",,"-4.5","-0.9","-8.2"
"USW00054810","CHATHAM 1 SE, MI US","46.3345","-86.92","266.7","2005-07","94.7","5.9","33.6","48.5","18.8","25.9","11.8"
"USW00054810","CHATHAM 1 SE, MI US","46.3345","-86.92","266.7","2005-08","143.7","4.0","32.4","96.8","18.4","24.9","11.9"
"USW00054810","CHATHAM 1 SE, MI US","46.3345","-86.92","266.7","2005-09","166.9","2.5","32.1","205.2","15.4","22.0","8.8"
"USW00054810","CHATHAM 1 SE, MI US","46.3345","-86.92","266.7","2005-10","172.8","-4.9","25.4","505.1","8.9","13.5","4.2"
"USW00054810","CHATHAM 1 SE, MI US","46.3345","-86.92","266.7","2005-11","172.8","-24.3","11.8","1067.3","-0.4","3.9","-4.7"
"USW00054810","CHATHAM 1 SE, MI US","46.3345","-86.92","266.7","2005-12","172.8","-21.7","1.0","1823.8","-6.9","-3.4","-10.4"
"USC00202328","DURAND WWTP, MI US","42.9269","-83.9894","234.7","2005-07","251.4","7.8","33.3","5.5","22.4","28.9","16.0"
"USC00202328","DURAND WWTP, MI US","42.9269","-83.9894","234.7","2005-08","372.1","8.3","33.3","9.4","22.3","29.0","15.6"
"USC00202328","DURAND WWTP, MI US","42.9269","-83.9894","234.7","2005-09","407.3","1.7","32.8","44.9","18.3","25.9","10.6"
"USC00202328","DURAND WWTP, MI US","42.9269","-83.9894","234.7","2005-10","424.5","-4.4","30.0","295.2","10.8","17.2","4.4"
"USC00202328","DURAND WWTP, MI US","42.9269","-83.9894","234.7","2005-11",,,"22.2",,,"10.6",
"USC00202328","DURAND WWTP, MI US","42.9269","-83.9894","234.7","2005-12",,"-17.8","6.1",,"-4.4","-1.0","-7.9"
"USW00014838","MARQUETTE, MI US","46.5458","-87.3795","186.8","2005-07","101.1","9.4","34.4","30.5","19.9","24.5","15.2"
"USW00014838","MARQUETTE, MI US","46.5458","-87.3795","186.8","2005-08","188.0","11.1","33.9","39.1","20.9","25.1","16.8"
"USW00014838","MARQUETTE, MI US","46.5458","-87.3795","186.8","2005-09","232.8","6.1","33.3","90.3","18.1","22.7","13.5"
"USW00014838","MARQUETTE, MI US","46.5458","-87.3795","186.8","2005-10","238.7","1.7","26.1","331.4","10.8","14.0","7.5"
"USW00014838","MARQUETTE, MI US","46.5458","-87.3795","186.8","2005-11","238.7","-15.0","12.8","825.2","1.9","5.1","-1.3"
"USW00014838","MARQUETTE, MI US","46.5458","-87.3795","186.8","2005-12","238.7","-14.4","2.2","1541.0","-4.8","-2.2","-7.3"
"USW00054813","MUNSING LAKESHORE, MI US","46.412036","-86.650452","186.5","2005-07","111.3","7.8","35.0","38.9","19.5","25.1","13.9"
"USW00054813","MUNSING LAKESHORE, MI US","46.412036","-86.650452","186.5","2005-08","171.3","7.2","33.3","72.4","19.2","24.4","13.9"
"USW00054813","MUNSING LAKESHORE, MI US","46.412036","-86.650452","186.5","2005-09","207.0","6.1","32.8","147.6","17.0","22.6","11.5"
"USW00054813","MUNSING LAKESHORE, MI US","46.412036","-86.650452","186.5","2005-10","216.2","-3.3","25.6","407.5","10.3","14.4","6.1"
"USW00054813","MUNSING LAKESHORE, MI US","46.412036","-86.650452","186.5","2005-11","216.2","-18.3","12.8","905.0","1.8","5.5","-2.0"
"USW00054813","MUNSING LAKESHORE, MI US","46.412036","-86.650452","186.5","2005-12","216.2","-18.3","2.2","1630.2","-5.1","-2.0","-8.1"
"USW00014836","LANSING CAPITAL CITY AIRPORT, MI US","42.77609","-84.59972","261.2","2005-07","281.8","8.9","33.9","3.0","22.7","28.6","16.7"
"USW00014836","LANSING CAPITAL CITY AIRPORT, MI US","42.77609","-84.59972","261.2","2005-08","420.2","10.0","32.8","6.6","22.7","28.3","17.1"
"USW00014836","LANSING CAPITAL CITY AIRPORT, MI US","42.77609","-84.59972","261.2","2005-09","480.1","5.0","32.8","36.6","19.3","25.7","12.9"
"USW00014836","LANSING CAPITAL CITY AIRPORT, MI US","42.77609","-84.59972","261.2","2005-10","496.8","-2.8","28.9","266.6","11.4","16.7","6.2"
"USW00014836","LANSING CAPITAL CITY AIRPORT, MI US","42.77609","-84.59972","261.2","2005-11","496.8","-11.1","21.1","654.0","5.4","10.0","0.9"
"USW00014836","LANSING CAPITAL CITY AIRPORT, MI US","42.77609","-84.59972","261.2","2005-12","496.8","-14.4","5.6","1332.8","-3.6","-1.5","-5.6"
"USC00203099","GAYLORD 9 SSW, MI US","44.90715","-84.71891","447.4","2005-07","174.2","6.1","32.8","20.7","20.5","26.7","14.4"
"USC00203099","GAYLORD 9 SSW, MI US","44.90715","-84.71891","447.4","2005-08","223.7","9.4","31.7","38.8","19.4","24.6","14.1"
"USC00203099","GAYLORD 9 SSW, MI US","44.90715","-84.71891","447.4","2005-09","247.9","3.3","30.6","112.8","16.7","22.6","10.7"
"USC00203099","GAYLORD 9 SSW, MI US","44.90715","-84.71891","447.4","2005-10","261.0","-3.3","27.8","401.4","9.4","14.1","4.8"
"USC00203099","GAYLORD 9 SSW, MI US","44.90715","-84.71891","447.4","2005-11","261.0","-13.9","16.1","900.9","1.7","5.8","-2.4"
"USC00203099","GAYLORD 9 SSW, MI US","44.90715","-84.71891","447.4","2005-12","261.0","-16.7","3.9","1649.6","-5.8","-3.6","-8.0"
"USC00201476","CHARLOTTE, MI US","42.5499","-84.825","274.9","2005-08",,"10.0","33.3",,"22.1","28.3","15.9"
"USC00204502","LAKE CITY EXPERIMENTAL FARM, MI US","44.3088","-85.205","374.9","2005-07","178.0","6.1","31.7","19.5","20.4","27.4","13.3"
"USC00204502","LAKE CITY EXPERIMENTAL FARM, MI US","44.3088","-85.205","374.9","2005-08","222.8","6.1","32.8","41.3","19.1","25.9","12.2"
"USC00204502","LAKE CITY EXPERIMENTAL FARM, MI US","44.3088","-85.205","374.9","2005-09","240.3","3.9","30.0","120.5","16.3","23.8","8.8"
"USC00204502","LAKE CITY EXPERIMENTAL FARM, MI US","44.3088","-85.205","374.9","2005-10","249.8","-6.1","28.3","405.0","9.5","15.5","3.4"
"USC00204502","LAKE CITY EXPERIMENTAL FARM, MI US","44.3088","-85.205","374.9","2005-11","249.8","-12.8","17.8","887.3","2.3","7.2","-2.7"
"USC00204502","LAKE CITY EXPERIMENTAL FARM, MI US","44.3088","-85.205","374.9","2005-12","249.8","-18.3","4.4","1615.8","-5.2","-2.3","-8.1"
"USC00200146","ALMA, MI US","43.38686","-84.64818","221.9","2005-07","252.1","7.2","33.3","8.6","22.0","28.9","15.1"
"USC00200146","ALMA, MI US","43.38686","-84.64818","221.9","2005-08","349.7","8.9","33.3","14.4","21.3","28.1","14.5"
"USC00200146","ALMA, MI US","43.38686","-84.64818","221.9","2005-09","386.4","3.9","32.8","62.5","17.9","25.7","10.2"
"USC00200146","ALMA, MI US","43.38686","-84.64818","221.9","2005-10","398.7","-5.0","28.9","329.6","10.1","16.6","3.6"
"USC00200146","ALMA, MI US","43.38686","-84.64818","221.9","2005-11","398.7","-12.8","20.0","768.4","3.7","9.4","-2.0"
"USC00200146","ALMA, MI US","43.38686","-84.64818","221.9","2005-12","398.7","-16.7","3.9","1476.5","-4.5","-1.0","-8.0"
"USC00202445","EAU CLAIRE 4 NE, MI US","42.0153","-86.243","256.0","2005-07","374.7","9.4","36.1","0.6","24.3","30.6","18.1"
"USC00202445","EAU CLAIRE 4 NE, MI US","42.0153","-86.243","256.0","2005-08","546.7","11.7","33.9","1.1","23.9","29.4","18.3"
"USC00202445","EAU CLAIRE 4 NE, MI US","42.0153","-86.243","256.0","2005-09","640.6","5.0","33.9","18.6","21.0","27.6","14.5"
"USC00202445","EAU CLAIRE 4 NE, MI US","42.0153","-86.243","256.0","2005-10","662.0","0.0","31.1","213.4","12.7","17.7","7.8"
"USC00202445","EAU CLAIRE 4 NE, MI US","42.0153","-86.243","256.0","2005-11","662.0","-10.6","22.2","567.4","6.5","11.4","1.6"
"USC00202445","EAU CLAIRE 4 NE, MI US","42.0153","-86.243","256.0","2005-12","662.0","-15.6","6.7","1245.6","-3.6","-0.6","-6.5"
"USC00206007","NORTHPORT 2 W, MI US","45.1322","-85.6472","227.4","2005-07","153.2","7.2","31.7","15.3","20.5","25.4","15.6"
"USC00206007","NORTHPORT 2 W, MI US","45.1322","-85.6472","227.4","2005-08","215.0","11.1","29.4","24.2","20.1","24.2","16.0"
"USC00206007","NORTHPORT 2 W, MI US","45.1322","-85.6472","227.4","2005-09","252.3","7.2","29.4","67.9","18.1","22.4","13.9"
"USC00206007","NORTHPORT 2 W, MI US","45.1322","-85.6472","227.4","2005-10","264.8","-1.1","30.6","301.8","11.0","15.1","6.8"
"USC00206007","NORTHPORT 2 W, MI US","45.1322","-85.6472","227.4","2005-11","264.8","-11.7","16.1","715.4","4.1","7.6","0.7"
"USC00206007","NORTHPORT 2 W, MI US","45.1322","-85.6472","227.4","2005-12","264.8","-13.3","3.9","1332.7","-3.0","-1.0","-5.0"
"USC00208443","VASSAR, MI US","43.3656","-83.5828","192.0","2005-07",,,,,,,
"USC00208443","VASSAR, MI US","43.3656","-83.5828","192.0","2005-08",,,,,,,
"USC00208443","VASSAR, MI US","43.3656","-83.5828","192.0","2005-09",,,,,,,
"USC00208443","VASSAR, MI US","43.3656","-83.5828","192.0","2005-10",,,,,,,
"USC00208443","VASSAR, MI US","43.3656","-83.5828","192.0","2005-11",,,,,,,
"USC00208443","VASSAR, MI US","43.3656","-83.5828","192.0","2005-12",,,,,,,
"USC00205050","MANCHESTER, MI US","42.1508","-84.0236","294.1","2005-09",,"2.2","32.2",,"18.6","25.9","11.3"
"USC00205050","MANCHESTER, MI US","42.1508","-84.0236","294.1","2005-10",,"-3.3","30.0",,"11.3","17.7","4.9"
"USC00205050","MANCHESTER, MI US","42.1508","-84.0236","294.1","2005-11",,"-11.7","22.8",,"4.7","10.1","-0.8"
"USC00205050","MANCHESTER, MI US","42.1508","-84.0236","294.1","2005-12",,"-17.8","5.0",,"-4.4","-1.1","-7.9"
"USC00208202","TIPTON 2 WNW, MI US","42.0283","-84.1108","295.7","2005-07","268.3","10.6","32.8","1.1","22.8","29.3","16.4"
"USC00208202","TIPTON 2 WNW, MI US","42.0283","-84.1108","295.7","2005-08","398.6","12.2","32.8","2.5","22.5","28.8","16.1"
"USC00208202","TIPTON 2 WNW, MI US","42.0283","-84.1108","295.7","2005-09","446.3","2.2","32.2","26.5","19.1","26.3","11.9"
"USC00208202","TIPTON 2 WNW, MI US","42.0283","-84.1108","295.7","2005-10","456.3","-2.2","30.0","251.4","11.4","17.8","5.0"
"USC00208202","TIPTON 2 WNW, MI US","42.0283","-84.1108","295.7","2005-11","456.3","-12.2","22.2","631.3","4.8","10.7","-1.1"
"USC00208202","TIPTON 2 WNW, MI US","42.0283","-84.1108","295.7","2005-12","456.3","-17.2","5.6","1346.2","-4.7","-1.0","-8.5"
"USC00201492","CHEBOYGAN, MI US","45.65225","-84.47239","177.4","2005-07","171.4","7.8","32.8","13.6","21.4","27.6","15.3"
"USC00201492","CHEBOYGAN, MI US","45.65225","-84.47239","177.4","2005-08","243.8","9.4","34.4","23.3","20.4","25.7","15.0"
"USC00201492","CHEBOYGAN, MI US","45.65225","-84.47239","177.4","2005-09","276.6","0.6","32.2","88.9","17.2","23.4","11.1"
"USC00201492","CHEBOYGAN, MI US","45.65225","-84.47239","177.4","2005-10","295.7","-5.0","31.1","367.6","10.0","15.1","4.8"
"USC00201492","CHEBOYGAN, MI US","45.65225","-84.47239","177.4","2005-11","295.7","-12.8","16.7","821.9","2.7","6.9","-1.5"
"USC00201492","CHEBOYGAN, MI US","45.65225","-84.47239","177.4","2005-12","295.7","-15.0","3.9","1504.9","-4.4","-1.2","-7.7"
"USC00207350","SANDUSKY, MI US","43.4194","-82.8191","235.9","2005-07",,,"32.2",,,"27.4",
"USC00207350","SANDUSKY, MI US","43.4194","-82.8191","235.9","2005-08",,"10.0","31.7",,"21.5","27.2","15.7"
"USC00207350","SANDUSKY, MI US","43.4194","-82.8191","235.9","2005-09",,"5.0","30.6",,"18.4","24.6","12.1"
"USC00207350","SANDUSKY, MI US","43.4194","-82.8191","235.9","2005-10",,"-1.7","28.3",,"11.2","16.0","6.5"
"USC00207350","SANDUSKY, MI US","43.4194","-82.8191","235.9","2005-12",,"-15.6","2.8",,"-4.6","-1.9","-7.3"
"USC00200718","BERGLAND DAM, MI US","46.5869","-89.5475","396.2","2005-07",,"5.6","33.9","41.2","18.9","26.6","11.3"
"USC00200718","BERGLAND DAM, MI US","46.5869","-89.5475","396.2","2005-08",,"2.8","32.8","94.8","17.9","24.7","11.1"
"USC00200718","BERGLAND DAM, MI US","46.5869","-89.5475","396.2","2005-09",,"0.0","32.8","201.0","15.5","23.4","7.6"
"USC00200718","BERGLAND DAM, MI US","46.5869","-89.5475","396.2","2005-11",,"-23.3","15.0",,"-0.6","3.9","-5.0"
"USC00200718","BERGLAND DAM, MI US","46.5869","-89.5475","396.2","2005-12",,"-21.7","2.8",,"-8.0","-4.4","-11.5"
"USW00014853","DETROIT WILLOW RUN AIRPORT, MI US","42.23666","-83.52638","215.7","2005-07","279.0","9.4","32.8","1.7","22.9","29.0","16.8"
"USW00014853","DETROIT WILLOW RUN AIRPORT, MI US","42.23666","-83.52638","215.7","2005-08","414.4","9.4","32.8","5.9","22.6","28.8","16.3"
"USW00014853","DETROIT WILLOW RUN AIRPORT, MI US","42.23666","-83.52638","215.7","2005-09","457.3","2.2","32.8","35.0","18.8","26.1","11.5"
"USW00014853","DETROIT WILLOW RUN AIRPORT, MI US","42.23666","-83.52638","215.7","2005-10","467.9","-2.2","28.9","260.4","11.4","17.6","5.2"
"USW00014853","DETROIT WILLOW RUN AIRPORT, MI US","42.23666","-83.52638","215.7","2005-11","467.9","-11.7","22.2","641.1","5.6","11.1","0.2"
"USW00014853","DETROIT WILLOW RUN AIRPORT, MI US","42.23666","-83.52638","215.7","2005-12","467.9","-16.7","5.0","1340.9","-4.2","-1.2","-7.2"
"USW00014850","TRAVERSE CITY CHERRY CAPITAL AIRPORT, MI US","44.73895","-85.5679","185.2","2005-07","230.6","7.2","33.3","6.3","21.8","28.3","15.3"
"USW00014850","TRAVERSE CITY CHERRY CAPITAL AIRPORT, MI US","44.73895","-85.5679","185.2","2005-08","327.0","9.4","33.9","11.0","21.3","26.9","15.7"
"USW00014850","TRAVERSE CITY CHERRY CAPITAL AIRPORT, MI US","44.73895","-85.5679","185.2","2005-09","369.9","5.0","31.7","51.7","18.4","24.1","12.7"
"USW00014850","TRAVERSE CITY CHERRY CAPITAL AIRPORT, MI US","44.73895","-85.5679","185.2","2005-10","393.5","-3.3","29.4","299.5","11.1","16.2","6.0"
"USW00014850","TRAVERSE CITY CHERRY CAPITAL AIRPORT, MI US","44.73895","-85.5679","185.2","2005-11","393.5","-11.1","17.2","710.6","4.1","8.4","-0.1"
"USW00014850","TRAVERSE CITY CHERRY CAPITAL AIRPORT, MI US","44.73895","-85.5679","185.2","2005-12","393.5","-11.7","4.4","1369.8","-2.9","-1.1","-4.8"
"USW00094889","ANN ARBOR MUNICIPAL AIRPORT, MI US","42.22393","-83.73983","250.6","2005-07","216.8","8.9","32.8","4.2","21.8","28.3","15.4"
"USW00094889","ANN ARBOR MUNICIPAL AIRPORT, MI US","42.22393","-83.73983","250.6","2005-08","313.4","7.2","31.7","10.6","21.2","27.8","14.7"
"USW00094889","ANN ARBOR MUNICIPAL AIRPORT, MI US","42.22393","-83.73983","250.6","2005-09","331.3","-0.6","31.7","54.8","17.5","25.3","9.6"
"USW00094889","ANN ARBOR MUNICIPAL AIRPORT, MI US","42.22393","-83.73983","250.6","2005-10","337.7","-7.2","28.9","303.4","10.3","16.9","3.6"
"USW00094889","ANN ARBOR MUNICIPAL AIRPORT, MI US","42.22393","-83.73983","250.6","2005-11","337.7","-13.9","21.7","719.6","4.5","10.4","-1.5"
"USW00094889","ANN ARBOR MUNICIPAL AIRPORT, MI US","42.22393","-83.73983","250.6","2005-12","337.7","-20.0","4.4","1422.3","-5.1","-1.9","-8.3"
"USC00203429","GREENVILLE 2 NNE, MI US","43.2026","-85.2421","270.7","2005-07","252.7","6.7","33.9","5.2","22.2","29.6","14.8"
"USC00203429","GREENVILLE 2 NNE, MI US","43.2026","-85.2421","270.7","2005-08","352.8","8.9","33.9","10.7","21.4","28.6","14.2"
"USC00203429","GREENVILLE 2 NNE, MI US","43.2026","-85.2421","270.7","2005-09","401.2","1.7","33.3","51.0","18.6","26.6","10.6"
"USC00203429","GREENVILLE 2 NNE, MI US","43.2026","-85.2421","270.7","2005-10","413.7","-5.6","30.0","297.6","10.8","17.6","4.0"
"USC00203429","GREENVILLE 2 NNE, MI US","43.2026","-85.2421","270.7","2005-11","413.7","-13.3","19.4","738.3","3.6","9.3","-2.1"
"USC00203429","GREENVILLE 2 NNE, MI US","43.2026","-85.2421","270.7","2005-12","413.7","-20.0","4.4","1460.3","-5.0","-1.4","-8.5"
"USC00200710","BENTON HARBOR AIRPORT, MI US","42.1245","-86.4266","190.5","2005-07",,"7.8",,,,,"17.1"
"USC00200710","BENTON HARBOR AIRPORT, MI US","42.1245","-86.4266","190.5","2005-08",,"10.0",,,,,"16.8"
"USC00200710","BENTON HARBOR AIRPORT, MI US","42.1245","-86.4266","190.5","2005-09",,"4.4",,,,,"13.3"
"USC00200710","BENTON HARBOR AIRPORT, MI US","42.1245","-86.4266","190.5","2005-10",,"-3.9",,,,,"7.1"
"USC00200710","BENTON HARBOR AIRPORT, MI US","42.1245","-86.4266","190.5","2005-11",,"-12.2",,,,,"0.9"
"USC00200710","BENTON HARBOR AIRPORT, MI US","42.1245","-86.4266","190.5","2005-12",,"-19.4",,,,,"-5.3"
"USC00201802","CORNELL 5 SE, MI US","45.8269","-87.1589","242.0","2005-07","151.4","7.8","35.6","15.9","21.3","29.2","13.3"
"USC00201802","CORNELL 5 SE, MI US","45.8269","-87.1589","242.0","2005-08","220.5","7.2","33.3","29.2","20.1","27.4","12.9"
"USC00201802","CORNELL 5 SE, MI US","45.8269","-87.1589","242.0","2005-09","255.5","2.8","34.4","106.1","16.9","24.2","9.7"
"USC00201802","CORNELL 5 SE, MI US","45.8269","-87.1589","242.0","2005-11",,"-16.1","13.3",,"1.1","5.7","-3.6"
"USC00201802","CORNELL 5 SE, MI US","45.8269","-87.1589","242.0","2005-12",,"-20.0","3.9",,"-6.1","-2.4","-9.8"
"USW00014847","SAULT STE MARIE SANDERSON FIELD, MI US","46.47998","-84.35809","219.8","2005-07","118.5","5.6","34.4","26.1","20.2","27.0","13.4"
"USW00014847","SAULT STE MARIE SANDERSON FIELD, MI US","46.47998","-84.35809","219.8","2005-08","156.7","8.9","31.7","45.3","18.9","24.4","13.5"
"USW00014847","SAULT STE MARIE SANDERSON FIELD, MI US","46.47998","-84.35809","219.8","2005-09","174.6","3.3","30.6","126.9","16.2","21.7","10.8"
"USW00014847","SAULT STE MARIE SANDERSON FIELD, MI US","46.47998","-84.35809","219.8","2005-10","183.2","-3.3","27.2","409.8","9.5","13.9","5.1"
"USW00014847","SAULT STE MARIE SANDERSON FIELD, MI US","46.47998","-84.35809","219.8","2005-11","183.2","-17.2","12.2","927.7","1.1","4.4","-2.3"
"USW00014847","SAULT STE MARIE SANDERSON FIELD, MI US","46.47998","-84.35809","219.8","2005-12","183.2","-21.1","2.2","1686.8","-6.1","-3.0","-9.3"
"USC00200716","BERKLEY, MI US","42.4933","-83.175","202.7","2005-07","289.6","10.0","33.3","1.4","23.6","30.1","17.2"
"USC00200716","BERKLEY, MI US","42.4933","-83.175","202.7","2005-08","437.2","11.1","34.4","4.5","23.0","29.5","16.5"
"USC00200716","BERKLEY, MI US","42.4933","-83.175","202.7","2005-09","488.5","3.3","33.3","29.5","19.2","26.1","12.3"
"USC00200716","BERKLEY, MI US","42.4933","-83.175","202.7","2005-10","499.8","-2.8","30.0","252.8","11.5","17.9","5.0"
"USC00200716","BERKLEY, MI US","42.4933","-83.175","202.7","2005-11","499.8","-10.6","22.8","596.7","5.6","11.2","0.0"
"USC00200716","BERKLEY, MI US","42.4933","-83.175","202.7","2005-12","499.8","-13.3","6.1","1268.3","-3.3","-0.6","-6.1"
"USC00201361","CASS CITY 1 SSW, MI US","43.5861","-83.1805","212.8","2005-07","203.7","8.3","31.1","14.5","21.1","27.4","14.9"
"USC00201361","CASS CITY 1 SSW, MI US","43.5861","-83.1805","212.8","2005-08","282.4","8.9","31.7","22.9","20.6","26.8","14.4"
"USC00201361","CASS CITY 1 SSW, MI US","43.5861","-83.1805","212.8","2005-09","306.0","5.0","31.1","74.6","17.4","24.3","10.5"
"USC00201361","CASS CITY 1 SSW, MI US","43.5861","-83.1805","212.8","2005-10","319.1","-3.3","28.9","314.9","11.0","16.5","5.5"
"USC00201361","CASS CITY 1 SSW, MI US","43.5861","-83.1805","212.8","2005-11","319.1","-11.7","20.6","742.0","4.1","9.4","-1.1"
"USC00201361","CASS CITY 1 SSW, MI US","43.5861","-83.1805","212.8","2005-12","319.1","-17.2","3.3","1454.6","-4.6","-1.7","-7.6"
"USC00200032","ADRIAN 2 NNE, MI US","41.91636","-84.01635","231.6","2005-07",,"9.4","34.4","1.4","23.3","30.2","16.4"
"USC00200032","ADRIAN 2 NNE, MI US","41.91636","-84.01635","231.6","2005-08",,"10.0","33.3","5.5","22.3","29.2","15.4"
"USC00200032","ADRIAN 2 NNE, MI US","41.91636","-84.01635","231.6","2005-09",,"1.7","32.2","29.9","18.9","26.7","11.1"
"USC00200032","ADRIAN 2 NNE, MI US","41.91636","-84.01635","231.6","2005-10",,"-4.4","30.0","248.6","11.7","17.9","5.4"
"USC00200032","ADRIAN 2 NNE, MI US","41.91636","-84.01635","231.6","2005-11",,"-12.2","21.1","609.7","5.0","11.0","-1.0"
"USC00200032","ADRIAN 2 NNE, MI US","41.91636","-84.01635","231.6","2005-12",,"-20.0","6.1","1287.8","-4.2","-0.4","-8.1"
"USC00205168","MARLETTE, MI US","43.3308","-83.0663","249.9","2005-07",,,,,,,
"USC00205168","MARLETTE, MI US","43.3308","-83.0663","249.9","2005-08",,,,,,,
"USC00205168","MARLETTE, MI US","43.3308","-83.0663","249.9","2005-12",,,,,,,
"USC00204078","IONIA 2 SSW, MI US","42.953","-85.0777","245.4","2005-07","266.6","8.9","34.4","5.8","22.4","28.6","16.2"
"USC00204078","IONIA 2 SSW, MI US","42.953","-85.0777","245.4","2005-08","376.0","10.0","33.3","10.7","21.7","27.6","15.8"
"USC00204078","IONIA 2 SSW, MI US","42.953","-85.0777","245.4","2005-09","420.4","4.4","32.2","50.5","18.5","25.3","11.7"
"USC00204078","IONIA 2 SSW, MI US","42.953","-85.0777","245.4","2005-10","434.8","-3.9","28.3","305.4","10.6","16.3","4.8"
"USC00204078","IONIA 2 SSW, MI US","42.953","-85.0777","245.4","2005-11","434.8","-11.7","19.4","728.1","4.2","8.9","-0.4"
"USC00204078","IONIA 2 SSW, MI US","42.953","-85.0777","245.4","2005-12","434.8","-17.2","4.4","1433.8","-4.4","-1.8","-7.1"
"USC00203661","HASTINGS, MI US","42.64208","-85.28819","250.2","2005-07","254.2","8.3","34.4","6.1","22.2","28.8","15.6"
"USC00203661","HASTINGS, MI US","42.64208","-85.28819","250.2","2005-08","358.8","8.9","32.8","12.4","21.6","28.0","15.3"
"USC00203661","HASTINGS, MI US","42.64208","-85.28819","250.2","2005-09","409.1","3.9","33.3","45.5","18.9","26.3","11.5"
"USC00203661","HASTINGS, MI US","42.64208","-85.28819","250.2","2005-10","423.3","-3.9","30.0","279.9","10.9","17.3","4.5"
"USC00203661","HASTINGS, MI US","42.64208","-85.28819","250.2","2005-11","423.3","-11.7","21.7","683.7","4.9","10.0","-0.3"
"USC00203661","HASTINGS, MI US","42.64208","-85.28819","250.2","2005-12","423.3","-18.3","6.1","1376.9","-4.0","-1.3","-6.8"
"USC00205603","MORENCI, MI US","41.7216","-84.2147","234.7","2005-07","327.6","10.6","34.4","0.0","23.5","30.3","16.8"
"USC00205603","MORENCI, MI US","41.7216","-84.2147","234.7","2005-08","469.0","10.6","33.9","1.4","22.9","29.9","15.8"
"USC00205603","MORENCI, MI US","41.7216","-84.2147","234.7","2005-09","519.1","2.2","33.3","23.9","19.3","27.3","11.2"
"USC00205603","MORENCI, MI US","41.7216","-84.2147","234.7","2005-10","530.2","-4.4","30.6","237.4","11.6","18.3","4.9"
"USC00205603","MORENCI, MI US","41.7216","-84.2147","234.7","2005-11","530.2","-12.2","21.1","623.2","5.5","11.2","-0.2"
"USC00205603","MORENCI, MI US","41.7216","-84.2147","234.7","2005-12","530.2","-19.4","5.6","1329.4","-4.4","-0.7","-8.2"
"USC00207103","ROMEO, MI US","42.7794","-82.9391","213.4","2005-07",,"10.6","35.6","2.0","23.0","29.5","16.5"
"USC00207103","ROMEO, MI US","42.7794","-82.9391","213.4","2005-08",,"10.6","36.1","5.0","22.7","29.0","16.3"
"USC00207103","ROMEO, MI US","42.7794","-82.9391","213.4","2005-09",,"3.3","31.7","38.6","18.3","25.5","11.1"
"USC00207103","ROMEO, MI US","42.7794","-82.9391","213.4","2005-11",,"-11.7","22.2",,"5.6","11.6","-0.4"
"USC00201486","CHATHAM EXPERIMENT FARM 2, MI US","46.3414","-86.9242","265.2","2005-07","97.0","3.9","36.1","55.7","18.6","27.4","9.9"
"USC00201486","CHATHAM EXPERIMENT FARM 2, MI US","46.3414","-86.9242","265.2","2005-08","143.1","3.9","33.9","97.5","18.5","26.5","10.5"
"USC00201486","CHATHAM EXPERIMENT FARM 2, MI US","46.3414","-86.9242","265.2","2005-09","160.6","0.6","33.3","218.6","14.8","23.5","6.0"
"USC00201486","CHATHAM EXPERIMENT FARM 2, MI US","46.3414","-86.9242","265.2","2005-10","162.3","-7.2","26.1","531.9","7.9","14.8","1.1"
"USC00201486","CHATHAM EXPERIMENT FARM 2, MI US","46.3414","-86.9242","265.2","2005-11","162.3","-26.7","13.3","1117.7","-1.2","5.0","-7.4"
"USC00201486","CHATHAM EXPERIMENT FARM 2, MI US","46.3414","-86.9242","265.2","2005-12","162.3","-25.0","2.2","1939.4","-8.2","-2.6","-13.8"
"USC00207364","SAULT STE MARIE, MI US","46.48913","-84.31932","183.5","2005-07","127.1","5.0","36.1","32.7","20.1","27.7","12.5"
"USC00207364","SAULT STE MARIE, MI US","46.48913","-84.31932","183.5","2005-08","164.9","7.2","32.2","62.1","18.6","24.7","12.5"
"USC00207364","SAULT STE MARIE, MI US","46.48913","-84.31932","183.5","2005-09","183.3","3.9","30.6","153.6","15.9","22.3","9.5"
"USC00207364","SAULT STE MARIE, MI US","46.48913","-84.31932","183.5","2005-10","191.6","-4.4","27.8","448.7","9.1","14.3","3.9"
"USC00207364","SAULT STE MARIE, MI US","46.48913","-84.31932","183.5","2005-11","191.6","-17.2","12.8","966.4","1.1","4.8","-2.7"
"USC00207364","SAULT STE MARIE, MI US","46.48913","-84.31932","183.5","2005-12","191.6","-23.9","2.2","1732.2","-6.4","-2.9","-9.9"
"USC00205065","MANISTEE 3 SE, MI US","44.2113","-86.2938","204.2","2005-07","239.0","5.6","32.2","8.6","21.8","27.6","15.9"
"USC00205065","MANISTEE 3 SE, MI US","44.2113","-86.2938","204.2","2005-08","338.5","9.4","32.2","11.2","21.5","26.9","16.0"
"USC00205065","MANISTEE 3 SE, MI US","44.2113","-86.2938","204.2","2005-09","396.1","5.6","29.4","43.4","19.2","24.9","13.5"
"USC00205065","MANISTEE 3 SE, MI US","44.2113","-86.2938","204.2","2005-10","416.4","-2.2","28.9","264.8","11.9","16.8","6.9"
"USC00205065","MANISTEE 3 SE, MI US","44.2113","-86.2938","204.2","2005-11","416.4","-11.7","17.2","669.8","4.8","9.0","0.7"
"USC00205065","MANISTEE 3 SE, MI US","44.2113","-86.2938","204.2","2005-12","416.4","-10.6","5.0","1319.7","-2.6","-0.7","-4.6"
"USC00201818","CORUNNA 2 NE, MI US","42.9986","-84.0744","232.3","2005-07","193.3","6.7","32.8","7.2","21.2","28.6","13.8"
"USC00201818","CORUNNA 2 NE, MI US","42.9986","-84.0744","232.3","2005-08","282.9","7.2","33.3","16.7","21.0","28.4","13.6"
"USC00201818","CORUNNA 2 NE, MI US","42.9986","-84.0744","232.3","2005-09","320.3","3.9","32.8","57.0","18.2","26.1","10.4"
"USC00201818","CORUNNA 2 NE, MI US","42.9986","-84.0744","232.3","2005-10","338.7","-3.3","30.0","293.1","11.3","17.4","5.3"
"USC00201818","CORUNNA 2 NE, MI US","42.9986","-84.0744","232.3","2005-11",,,,,,,
"USC00201818","CORUNNA 2 NE, MI US","42.9986","-84.0744","232.3","2005-12",,"-18.3","5.0",,"-3.9","-0.7","-7.1"
"USW00094893","IRON MOUNTAIN FORD AIRPORT, MI US","45.81339","-88.11292","343.2","2005-07","157.2","5.0","35.0","23.3","20.5","28.6","12.5"
"USW00094893","IRON MOUNTAIN FORD AIRPORT, MI US","45.81339","-88.11292","343.2","2005-08","209.1","5.6","33.3","47.9","19.2","26.2","12.2"
"USW00094893","IRON MOUNTAIN FORD AIRPORT, MI US","45.81339","-88.11292","343.2","2005-09","242.4","1.1","33.3","140.3","16.3","23.8","8.9"
"USW00094893","IRON MOUNTAIN FORD AIRPORT, MI US","45.81339","-88.11292","343.2","2005-10","253.2","-5.0","28.3","428.9","9.4","15.0","3.7"
"USW00094893","IRON MOUNTAIN FORD AIRPORT, MI US","45.81339","-88.11292","343.2","2005-11","253.2","-18.9","13.9","977.6","0.0","4.3","-4.2"
"USW00094893","IRON MOUNTAIN FORD AIRPORT, MI US","45.81339","-88.11292","343.2","2005-12","253.2","-20.0","2.2","1757.1","-6.8","-3.4","-10.3"
"USC00204090","IRON MTN KINGSFORD WWTP, MI US","45.7858","-88.0841","326.4","2005-07","193.1","6.7","35.6","15.9","21.4","28.8","13.9"
"USC00204090","IRON MTN KINGSFORD WWTP, MI US","45.7858","-88.0841","326.4","2005-08","262.9","6.7","33.3","32.9","20.1","26.6","13.6"
"USC00204090","IRON MTN KINGSFORD WWTP, MI US","45.7858","-88.0841","326.4","2005-09","298.2","3.3","33.3","104.1","17.0","24.2","9.9"
"USC00204090","IRON MTN KINGSFORD WWTP, MI US","45.7858","-88.0841","326.4","2005-10","305.5","-3.3","28.3","384.1","9.5","15.5","3.6"
"USC00204090","IRON MTN KINGSFORD WWTP, MI US","45.7858","-88.0841","326.4","2005-11","305.5","-16.7","13.9","926.5","0.3","5.0","-4.5"
"USC00204090","IRON MTN KINGSFORD WWTP, MI US","45.7858","-88.0841","326.4","2005-12","305.5","-19.4","2.8","1702.6","-6.7","-3.2","-10.2"
"USW00094898","PORT HOPE, MI US","44.021772","-82.792932","180.0","2005-07","181.6","11.7","32.2","6.1","21.3","25.3","17.3"
"USW00094898","PORT HOPE, MI US","44.021772","-82.792932","180.0","2005-08","280.4","11.7","32.8","10.8","21.4","25.5","17.3"
"USW00094898","PORT HOPE, MI US","44.021772","-82.792932","180.0","2005-09","332.8","8.3","32.2","39.7","19.1","23.9","14.4"
"USW00094898","PORT HOPE, MI US","44.021772","-82.792932","180.0","2005-10","352.4","1.1","29.4","230.4","12.8","15.9","9.7"
"USW00094898","PORT HOPE, MI US","44.021772","-82.792932","180.0","2005-11","352.4","-9.4","20.0","618.3","5.4","9.4","1.4"
"USW00094898","PORT HOPE, MI US","44.021772","-82.792932","180.0","2005-12","352.4","-12.8","3.3","1278.9","-3.0","-0.9","-5.0"
"USW00094899","COPPER HARBOR, MI US","47.467386","-87.875032","185.0","2005-07","77.9","7.2","31.7","42.6","18.9","23.4","14.4"
"USW00094899","COPPER HARBOR, MI US","47.467386","-87.875032","185.0","2005-08","137.4","10.0","33.3","64.0","19.6","23.5","15.6"
"USW00094899","COPPER HARBOR, MI US","47.467386","-87.875032","185.0","2005-09","165.9","7.2","30.6","129.9","17.1","20.9","13.3"
"USW00094899","COPPER HARBOR, MI US","47.467386","-87.875032","185.0","2005-10","171.2","-0.6","25.0","413.5","9.4","12.3","6.4"
"USW00094899","COPPER HARBOR, MI US","47.467386","-87.875032","185.0","2005-11","171.2","-13.3","13.9","919.8","1.5","4.6","-1.7"
"USW00094899","COPPER HARBOR, MI US","47.467386","-87.875032","185.0","2005-12","171.2","-13.3","2.8","1606.7","-3.8","-1.8","-5.9"
"USC00200842","BLISSFIELD 1 NNE, MI US","41.84","-83.8608","210.3","2005-07","250.1","10.6","33.9","0.6","22.8","28.8","16.7"
"USC00200842","BLISSFIELD 1 NNE, MI US","41.84","-83.8608","210.3","2005-08","367.8","10.6","32.8","3.6","22.3","29.0","15.6"
"USC00200842","BLISSFIELD 1 NNE, MI US","41.84","-83.8608","210.3","2005-09","403.8","2.2","32.8","27.2","18.8","26.4","11.3"
"USC00200842","BLISSFIELD 1 NNE, MI US","41.84","-83.8608","210.3","2005-10","414.6","-3.3","30.6","254.3","11.4","17.8","5.0"
"USC00200842","BLISSFIELD 1 NNE, MI US","41.84","-83.8608","210.3","2005-11","414.6","-12.2","21.7","639.5","5.5","11.0","0.0"
"USC00200842","BLISSFIELD 1 NNE, MI US","41.84","-83.8608","210.3","2005-12","414.6","-18.9","4.4","1348.8","-5.3","-1.7","-8.8"
"USR0000MELK","ELKHORN MICHIGAN, MI US","45.9536","-86.4053","219.5","2005-07","136.9","5.6","35.0","24.7","20.3","28.3","12.4"
"USR0000MELK","ELKHORN MICHIGAN, MI US","45.9536","-86.4053","219.5","2005-08","191.6","7.2","33.3","42.0","19.5","26.1","13.0"
"USR0000MELK","ELKHORN MICHIGAN, MI US","45.9536","-86.4053","219.5","2005-09","214.6","3.9","30.0","124.8","16.3","22.8","9.9"
"USR0000MELK","ELKHORN MICHIGAN, MI US","45.9536","-86.4053","219.5","2005-10","219.9","-3.9","24.4","408.6","9.4","14.3","4.4"
"USR0000MELK","ELKHORN MICHIGAN, MI US","45.9536","-86.4053","219.5","2005-11","219.9","-19.4","12.8","934.8","0.8","5.1","-3.5"
"USR0000MELK","ELKHORN MICHIGAN, MI US","45.9536","-86.4053","219.5","2005-12","219.9","-19.4","2.8","1688.1","-6.0","-2.5","-9.5"
"USW00014859","GRAND MARAIS, MI US","46.66667","-85.95","190.2","2005-07","128.0","3.9","34.4","37.5","19.4","25.6","13.1"
"USW00014859","GRAND MARAIS, MI US","46.66667","-85.95","190.2","2005-08","181.2","7.2","31.7","60.6","19.4","24.5","14.2"
"USW00014859","GRAND MARAIS, MI US","46.66667","-85.95","190.2","2005-09","213.5","2.2","31.1","129.1","17.1","22.4","11.8"
"USW00014859","GRAND MARAIS, MI US","46.66667","-85.95","190.2","2005-11",,"-15.0","12.2",,"1.8","5.5","-1.8"
"USW00014859","GRAND MARAIS, MI US","46.66667","-85.95","190.2","2005-12",,"-15.6","2.8",,"-5.0","-1.9","-8.2"
"USW00014858","HANCOCK HOUGHTON CO AIRPORT, MI US","47.16594","-88.48076","323.9","2005-07","89.1","5.6","33.3","45.5","19.0","25.4","12.6"
"USW00014858","HANCOCK HOUGHTON CO AIRPORT, MI US","47.16594","-88.48076","323.9","2005-08","134.5","5.6","35.0","85.3","18.5","24.5","12.5"
"USW00014858","HANCOCK HOUGHTON CO AIRPORT, MI US","47.16594","-88.48076","323.9","2005-09","163.8","0.6","32.2","182.0","16.1","21.8","10.4"
"USW00014858","HANCOCK HOUGHTON CO AIRPORT, MI US","47.16594","-88.48076","323.9","2005-10","169.6","-3.3","27.2","491.4","8.5","12.9","4.2"
"USW00014858","HANCOCK HOUGHTON CO AIRPORT, MI US","47.16594","-88.48076","323.9","2005-11","169.6","-21.1","12.8","1060.5","-0.6","3.3","-4.6"
"USW00014858","HANCOCK HOUGHTON CO AIRPORT, MI US","47.16594","-88.48076","323.9","2005-12","169.6","-15.0","1.7","1807.2","-5.7","-3.7","-7.8"
"USC00200166","ALPENA 10 NW, MI US","45.1627","-83.5905","225.6","2005-07","166.7","5.6","34.4","23.6","20.8","27.9","13.8"
"USC00200166","ALPENA 10 NW, MI US","45.1627","-83.5905","225.6","2005-08","212.7","7.2","32.8","43.6","19.1","25.6","12.5"
"USC00200166","ALPENA 10 NW, MI US","45.1627","-83.5905","225.6","2005-09","235.0","1.7","32.2","127.6","16.3","23.4","9.1"
"USC00200166","ALPENA 10 NW, MI US","45.1627","-83.5905","225.6","2005-10","253.2","-3.9","29.4","416.5","9.6","15.1","4.1"
"USC00200166","ALPENA 10 NW, MI US","45.1627","-83.5905","225.6","2005-11","253.2","-13.3","18.9","880.3","2.4","7.3","-2.4"
"USC00200166","ALPENA 10 NW, MI US","45.1627","-83.5905","225.6","2005-12","253.2","-19.4","3.3","1567.5","-5.2","-1.8","-8.7"
"USC00205073","MANISTIQUE WWTP, MI US","45.9512","-86.2513","182.9","2005-07","86.3","8.3","33.3","24.2","19.8","25.2","14.5"
"USC00205073","MANISTIQUE WWTP, MI US","45.9512","-86.2513","182.9","2005-08","144.4","8.9","28.9","34.7","19.9","24.7","15.0"
"USC00205073","MANISTIQUE WWTP, MI US","45.9512","-86.2513","182.9","2005-09","162.1","4.4","26.1","106.2","16.5","21.6","11.5"
"USC00205073","MANISTIQUE WWTP, MI US","45.9512","-86.2513","182.9","2005-10","162.1","-1.7","20.0","385.6","9.3","13.4","5.3"
"USC00205073","MANISTIQUE WWTP, MI US","45.9512","-86.2513","182.9","2005-11","162.1","-14.4","12.2","893.4","1.4","5.7","-2.9"
"USC00205073","MANISTIQUE WWTP, MI US","45.9512","-86.2513","182.9","2005-12","162.1","-17.8","2.8","1631.4","-5.5","-2.4","-8.6"
"USC00201150","BURTON 4 N, MI US","43.0675","-83.5919","230.7","2005-08",,"7.8","36.7",,"21.8","29.1","14.5"
"USC00201150","BURTON 4 N, MI US","43.0675","-83.5919","230.7","2005-09",,"1.7","32.8",,"18.4","26.1","10.6"
"USC00201150","BURTON 4 N, MI US","43.0675","-83.5919","230.7","2005-10",,"-5.0","30.0",,"10.9","17.6","4.3"
"USC00201150","BURTON 4 N, MI US","43.0675","-83.5919","230.7","2005-11",,"-11.1","21.7",,"5.0","11.1","-1.1"
"USC00206158","OLD MISSION 3 SSW, MI US","44.9215","-85.5161","199.9","2005-07",,,,,,,
"USC00206158","OLD MISSION 3 SSW, MI US","44.9215","-85.5161","199.9","2005-09",,,,,,,
"USC00206158","OLD MISSION 3 SSW, MI US","44.9215","-85.5161","199.9","2005-11",,,,,,,
"USC00206158","OLD MISSION 3 SSW, MI US","44.9215","-85.5161","199.9","2005-12",,,,,,,
"USC00201940","DAGGETT 4 W, MI US","45.468","-87.6836","234.7","2005-10",,,,,,,
"USC00201940","DAGGETT 4 W, MI US","45.468","-87.6836","234.7","2005-11",,,,,,,
"USC00201940","DAGGETT 4 W, MI US","45.468","-87.6836","234.7","2005-12",,,,,,,
"USC00204655","LAPEER WWTP, MI US","43.0608","-83.3074","249.9","2005-07",,"10.0","32.8","6.7","22.2","28.4","16.0"
"USC00204655","LAPEER WWTP, MI US","43.0608","-83.3074","249.9","2005-08",,"9.4","32.8","12.8","21.8","28.1","15.4"
"USC00204655","LAPEER WWTP, MI US","43.0608","-83.3074","249.9","2005-09",,"3.3","31.7","46.9","18.4","25.1","11.7"
"USC00204655","LAPEER WWTP, MI US","43.0608","-83.3074","249.9","2005-10",,"-3.3","28.9","276.1","11.1","16.8","5.4"
"USC00204655","LAPEER WWTP, MI US","43.0608","-83.3074","249.9","2005-11",,"-11.1","21.1","678.2","4.6","9.9","-0.6"
"USC00204655","LAPEER WWTP, MI US","43.0608","-83.3074","249.9","2005-12",,"-18.3","5.6","1380.9","-4.3","-1.6","-7.0"
"USC00202250","DOWAGIAC 1 W, MI US","41.9856","-86.132","225.6","2005-07",,"7.8","35.6","4.5","23.1","30.7","15.5"
"USC00202250","DOWAGIAC 1 W, MI US","41.9856","-86.132","225.6","2005-08",,"9.4","33.9","9.0","21.6","29.2","14.1"
"USC00202250","DOWAGIAC 1 W, MI US","41.9856","-86.132","225.6","2005-09",,"3.9","32.8","41.7","19.0","26.0","11.9"
"USC00202250","DOWAGIAC 1 W, MI US","41.9856","-86.132","225.6","2005-10",,"-2.8","29.4","288.1","10.9","17.0","4.9"
"USC00202250","DOWAGIAC 1 W, MI US","41.9856","-86.132","225.6","2005-11",,"-9.4","21.7","649.2","5.9","11.0","0.8"
"USC00202250","DOWAGIAC 1 W, MI US","41.9856","-86.132","225.6","2005-12",,"-20.0","6.1","1350.0","-4.3","-1.0","-7.6"
"USW00004839","HOLLAND TULIP CITY AIRPORT, MI US","42.74634","-86.09677","206.5","2005-07","278.4","8.9","33.9","3.1","22.6","28.9","16.1"
"USW00004839","HOLLAND TULIP CITY AIRPORT, MI US","42.74634","-86.09677","206.5","2005-08","380.1","9.4","33.3","6.9","21.5","27.6","15.4"
"USW00004839","HOLLAND TULIP CITY AIRPORT, MI US","42.74634","-86.09677","206.5","2005-09","439.7","5.6","33.9","42.4","19.1","25.6","12.6"
"USW00004839","HOLLAND TULIP CITY AIRPORT, MI US","42.74634","-86.09677","206.5","2005-10","452.7","-2.2","29.4","250.9","11.6","17.2","6.1"
"USW00004839","HOLLAND TULIP CITY AIRPORT, MI US","42.74634","-86.09677","206.5","2005-11","452.7","-10.0","19.4","636.0","5.5","9.9","1.1"
"USW00004839","HOLLAND TULIP CITY AIRPORT, MI US","42.74634","-86.09677","206.5","2005-12","452.7","-12.8","4.4","1289.0","-2.7","-0.8","-4.7"
"USR0000MWAT","WATERSMEET MICHIGAN, MI US","46.2689","-89.17","489.2","2005-07","118.0","4.4","33.3","34.7","19.7","26.6","12.8"
"USR0000MWAT","WATERSMEET MICHIGAN, MI US","46.2689","-89.17","489.2","2005-08","156.8","2.2","33.3","87.9","17.9","24.1","11.6"
"USR0000MWAT","WATERSMEET MICHIGAN, MI US","46.2689","-89.17","489.2","2005-09","182.6","-1.7","32.2","201.1","15.4","22.4","8.4"
"USR0000MWAT","WATERSMEET MICHIGAN, MI US","46.2689","-89.17","489.2","2005-10","188.8","-3.9","26.7","512.5","8.5","13.7","3.3"
"USR0000MWAT","WATERSMEET MICHIGAN, MI US","46.2689","-89.17","489.2","2005-11","188.8","-17.2","15.0","1084.2","-0.7","3.4","-4.9"
"USR0000MWAT","WATERSMEET MICHIGAN, MI US","46.2689","-89.17","489.2","2005-12","188.8","-21.7","2.8","1888.4","-7.6","-4.3","-10.9"
"USC00200864","BLOOMINGDALE, MI US","42.3838","-85.9626","224.3","2005-07",,"7.8","36.1","5.8","22.5","29.9","15.1"
"USC00200864","BLOOMINGDALE, MI US","42.3838","-85.9626","224.3","2005-08",,"10.0","34.4","6.9","21.8","28.8","14.8"
"USC00200864","BLOOMINGDALE, MI US","42.3838","-85.9626","224.3","2005-09",,"1.7","33.3","42.6","18.7","26.4","11.0"
"USC00200864","BLOOMINGDALE, MI US","42.3838","-85.9626","224.3","2005-10",,,"30.0",,,"17.8",
"USC00200864","BLOOMINGDALE, MI US","42.3838","-85.9626","224.3","2005-11",,"-11.7","20.6",,"4.2","10.4","-2.0"
"USC00200864","BLOOMINGDALE, MI US","42.3838","-85.9626","224.3","2005-12",,"-18.9","7.2",,"-4.0","-0.3","-7.8"
"USC00202804","FILION 5 NNW, MI US","43.9158","-83.083","193.5","2005-07","183.3","8.3","31.7","15.5","20.7","26.7","14.6"
"USC00202804","FILION 5 NNW, MI US","43.9158","-83.083","193.5","2005-08","264.6","7.8","32.8","26.9","20.7","27.0","14.5"
"USC00202804","FILION 5 NNW, MI US","43.9158","-83.083","193.5","2005-09","305.4","5.6","32.8","74.7","18.1","24.9","11.2"
"USC00202804","FILION 5 NNW, MI US","43.9158","-83.083","193.5","2005-10","327.3","-1.1","29.4","296.6","11.5","15.8","7.2"
"USC00202804","FILION 5 NNW, MI US","43.9158","-83.083","193.5","2005-11","327.3","-10.6","19.4","687.1","4.4","8.9","-0.2"
"USC00202804","FILION 5 NNW, MI US","43.9158","-83.083","193.5","2005-12","327.3","-16.7","3.3","1364.6","-4.3","-1.8","-6.7"
"USC00206720","POSEYVILLE 4 SW, MI US","43.4855","-84.2922","199.6","2005-07",,,,,,,
"USC00207812","STAMBAUGH 2 SSE, MI US","46.0555","-88.6275","442.0","2005-07","78.4","3.3","32.8","43.4","18.4","26.5","10.2"
"USC00207812","STAMBAUGH 2 SSE, MI US","46.0555","-88.6275","442.0","2005-08","105.6","2.2","31.7","117.0","16.8","24.2","9.4"
"USC00207812","STAMBAUGH 2 SSE, MI US","46.0555","-88.6275","442.0","2005-09","116.5","-1.1","31.1","253.5","14.0","22.2","5.8"
"USC00207812","STAMBAUGH 2 SSE, MI US","46.0555","-88.6275","442.0","2005-10","120.1","-6.7","27.2","581.2","7.9","14.5","1.3"
"USC00207812","STAMBAUGH 2 SSE, MI US","46.0555","-88.6275","442.0","2005-11","120.1","-23.3","14.4","1146.2","-1.7","3.5","-6.9"
"USC00207812","STAMBAUGH 2 SSE, MI US","46.0555","-88.6275","442.0","2005-12","120.1","-22.8","1.7","1975.7","-8.4","-4.7","-12.1"
"USC00206184","ONAWAY 4 N, MI US","45.4108","-84.2233","227.1","2005-07","220.0","6.1","33.9","7.5","21.8","29.8","13.8"
"USC00206184","ONAWAY 4 N, MI US","45.4108","-84.2233","227.1","2005-08","278.1","7.2","33.9","23.1","19.7","26.6","12.8"
"USC00206184","ONAWAY 4 N, MI US","45.4108","-84.2233","227.1","2005-09","317.8","0.6","32.2","78.9","17.8","24.7","10.9"
"USC00206184","ONAWAY 4 N, MI US","45.4108","-84.2233","227.1","2005-10","339.8","-6.1","31.1","338.1","10.7","16.1","5.3"
"USC00206184","ONAWAY 4 N, MI US","45.4108","-84.2233","227.1","2005-11","339.8","-13.3","18.9","785.5","3.4","7.6","-0.7"
"USC00206184","ONAWAY 4 N, MI US","45.4108","-84.2233","227.1","2005-12","339.8","-19.4","5.6","1489.6","-4.4","-1.1","-7.6"
"USW00094847","DETROIT METRO AIRPORT, MI US","42.23113","-83.33121","191.9","2005-07","340.1","12.2","33.3","0.0","24.1","29.4","18.8"
"USW00094847","DETROIT METRO AIRPORT, MI US","42.23113","-83.33121","191.9","2005-08","510.3","12.8","32.8","0.8","23.8","28.9","18.7"
"USW00094847","DETROIT METRO AIRPORT, MI US","42.23113","-83.33121","191.9","2005-09","584.0","4.4","32.8","18.3","20.2","26.1","14.3"
"USW00094847","DETROIT METRO AIRPORT, MI US","42.23113","-83.33121","191.9","2005-10","602.0","-0.6","28.9","204.6","12.9","18.1","7.7"
"USW00094847","DETROIT METRO AIRPORT, MI US","42.23113","-83.33121","191.9","2005-11","602.0","-10.6","22.2","567.8","6.2","11.3","1.2"
"USW00094847","DETROIT METRO AIRPORT, MI US","42.23113","-83.33121","191.9","2005-12","602.0","-14.4","5.6","1243.2","-3.4","-0.7","-6.2"
"USC00207277","BEAVER ISLAND, MI US","45.6911","-85.5463","204.8","2005-07","161.6","7.8","33.3","7.2","21.4","27.1","15.6"
"USC00207277","BEAVER ISLAND, MI US","45.6911","-85.5463","204.8","2005-08","229.6","11.7","32.2","13.8","20.4","24.7","16.0"
"USC00207277","BEAVER ISLAND, MI US","45.6911","-85.5463","204.8","2005-09","254.8","6.7","27.8","56.3","17.6","22.2","13.1"
"USC00207277","BEAVER ISLAND, MI US","45.6911","-85.5463","204.8","2005-10","265.3","-1.1","25.6","286.3","10.8","14.1","7.4"
"USC00207277","BEAVER ISLAND, MI US","45.6911","-85.5463","204.8","2005-11","265.3","-11.7","14.4","710.9","3.3","6.8","-0.2"
"USC00207277","BEAVER ISLAND, MI US","45.6911","-85.5463","204.8","2005-12","265.3","-16.7","3.3","1361.2","-3.4","-1.5","-5.3"
"USW00094849","ALPENA CO REGIONAL AIRPORT, MI US","45.0716","-83.56451","208.3","2005-07","159.9","6.1","34.4","19.2","20.4","27.7","13.2"
"USW00094849","ALPENA CO REGIONAL AIRPORT, MI US","45.0716","-83.56451","208.3","2005-08","207.0","7.2","32.8","38.7","19.2","25.6","12.9"
"USW00094849","ALPENA CO REGIONAL AIRPORT, MI US","45.0716","-83.56451","208.3","2005-09","228.7","1.1","32.2","119.4","16.4","23.6","9.1"
"USW00094849","ALPENA CO REGIONAL AIRPORT, MI US","45.0716","-83.56451","208.3","2005-10","244.2","-4.4","29.4","394.8","9.9","15.3","4.6"
"USW00094849","ALPENA CO REGIONAL AIRPORT, MI US","45.0716","-83.56451","208.3","2005-11","244.2","-12.8","18.9","857.6","2.9","7.6","-1.8"
"USW00094849","ALPENA CO REGIONAL AIRPORT, MI US","45.0716","-83.56451","208.3","2005-12","244.2","-18.9","2.8","1585.8","-5.2","-1.8","-8.5"
"USC00202381","EAST JORDAN, MI US","45.15179","-85.1324","178.9","2005-07","225.7","4.4","33.9","13.5","21.2","29.9","12.6"
"USC00202381","EAST JORDAN, MI US","45.15179","-85.1324","178.9","2005-08","291.2","6.1","34.4","21.1","20.2","27.8","12.6"
"USC00202381","EAST JORDAN, MI US","45.15179","-85.1324","178.9","2005-09","339.5","0.6","32.2","85.3","17.8","25.5","10.1"
"USC00202381","EAST JORDAN, MI US","45.15179","-85.1324","178.9","2005-10","357.8","-5.6","30.6","327.6","11.1","17.4","4.8"
"USC00202381","EAST JORDAN, MI US","45.15179","-85.1324","178.9","2005-11","357.8","-11.1","16.7","725.8","4.1","8.4","-0.1"
"USC00202381","EAST JORDAN, MI US","45.15179","-85.1324","178.9","2005-12","357.8","-13.3","6.1","1327.1","-3.0","-0.1","-5.9"
"USC00205892","NILES, MI US","41.8405","-86.2658","198.1","2005-07",,,,,,,
"USC00205892","NILES, MI US","41.8405","-86.2658","198.1","2005-08",,,,,,,
"USC00205892","NILES, MI US","41.8405","-86.2658","198.1","2005-09",,,,,,,
"USC00205892","NILES, MI US","41.8405","-86.2658","198.1","2005-10",,,,,,,
"USC00205892","NILES, MI US","41.8405","-86.2658","198.1","2005-11",,,,,,,
"USC00205892","NILES, MI US","41.8405","-86.2658","198.1","2005-12",,,,,,,
"USR0000MMIO","MIO MICHIGAN, MI US","44.6761","-84.1283","320.0","2005-07","157.0","3.9","33.9","24.2","20.1","28.1","12.1"
"USR0000MMIO","MIO MICHIGAN, MI US","44.6761","-84.1283","320.0","2005-08","197.4","4.4","32.8","49.9","18.8","26.3","11.3"
"USR0000MMIO","MIO MICHIGAN, MI US","44.6761","-84.1283","320.0","2005-09","217.5","-1.1","32.2","143.5","15.9","23.9","7.9"
"USR0000MMIO","MIO MICHIGAN, MI US","44.6761","-84.1283","320.0","2005-10","234.2","-7.8","28.9","439.3","9.3","15.2","3.4"
"USR0000MMIO","MIO MICHIGAN, MI US","44.6761","-84.1283","320.0","2005-11","234.2","-16.1","18.9","916.2","2.4","7.4","-2.5"
"USR0000MMIO","MIO MICHIGAN, MI US","44.6761","-84.1283","320.0","2005-12","234.2","-21.1","5.0","1647.0","-5.2","-1.9","-8.6"
"USC00201052","BROWN CITY, MI US","43.2172","-82.9905","246.9","2005-07",,,,,,,
"USC00201052","BROWN CITY, MI US","43.2172","-82.9905","246.9","2005-08",,,,,,,
"USC00201052","BROWN CITY, MI US","43.2172","-82.9905","246.9","2005-09",,,,,,,
"USC00201052","BROWN CITY, MI US","43.2172","-82.9905","246.9","2005-10",,,,,,,
"USC00201052","BROWN CITY, MI US","43.2172","-82.9905","246.9","2005-11",,,,,,,
"USC00201052","BROWN CITY, MI US","43.2172","-82.9905","246.9","2005-12",,,,,,,
"USC00205097","MAPLE CITY 1 E, MI US","44.855","-85.8352","243.5","2005-07",,"6.1","33.3","5.5","21.7","28.1","15.3"
"USC00205097","MAPLE CITY 1 E, MI US","44.855","-85.8352","243.5","2005-08",,"8.9","33.3","10.0","21.0","26.3","15.8"
"USC00205097","MAPLE CITY 1 E, MI US","44.855","-85.8352","243.5","2005-09",,"7.2","31.1","40.3","19.2","24.5","13.8"
"USC00205097","MAPLE CITY 1 E, MI US","44.855","-85.8352","243.5","2005-10",,"-3.3","29.4","236.2","11.9","16.9","7.0"
"USC00205097","MAPLE CITY 1 E, MI US","44.855","-85.8352","243.5","2005-11",,"-7.8","16.7","664.4","4.1","7.9","0.3"
"USC00205097","MAPLE CITY 1 E, MI US","44.855","-85.8352","243.5","2005-12",,"-11.7","3.9","1329.6","-3.1","-1.1","-5.2"
"USC00207274","ST IGNACE MACKINAC B, MI US","45.8488","-84.7227","181.4","2005-07","155.8","10.6","32.2","6.4","21.6","26.8","16.4"
"USC00207274","ST IGNACE MACKINAC B, MI US","45.8488","-84.7227","181.4","2005-08","223.0","11.7","32.2","12.2","20.3","24.3","16.3"
"USC00207274","ST IGNACE MACKINAC B, MI US","45.8488","-84.7227","181.4","2005-09","259.1","5.0","28.3","47.4","18.4","22.8","14.0"
"USC00207274","ST IGNACE MACKINAC B, MI US","45.8488","-84.7227","181.4","2005-10","266.9","0.6","26.7","245.7","11.5","14.9","8.0"
"USC00207274","ST IGNACE MACKINAC B, MI US","45.8488","-84.7227","181.4","2005-11","266.9","-13.3","14.4","644.4","3.7","7.0","0.3"
"USC00207274","ST IGNACE MACKINAC B, MI US","45.8488","-84.7227","181.4","2005-12","266.9","-13.9","2.2","1297.4","-3.4","-1.3","-5.6"
"USW00004847","ADRIAN LENAWEE CO AIRPORT, MI US","41.86784","-84.07946","244.1","2005-07",,,,,,,
"USW00004847","ADRIAN LENAWEE CO AIRPORT, MI US","41.86784","-84.07946","244.1","2005-08",,,,,,,
"USW00004847","ADRIAN LENAWEE CO AIRPORT, MI US","41.86784","-84.07946","244.1","2005-09",,"2.8","32.8",,"19.4","26.5","12.4"
"USW00004847","ADRIAN LENAWEE CO AIRPORT, MI US","41.86784","-84.07946","244.1","2005-10",,"-1.7","30.6",,"13.0","18.7","7.3"
"USW00004847","ADRIAN LENAWEE CO AIRPORT, MI US","41.86784","-84.07946","244.1","2005-11",,"-11.7","22.2",,"5.1","10.1","0.1"
"USW00004847","ADRIAN LENAWEE CO AIRPORT, MI US","41.86784","-84.07946","244.1","2005-12",,"-17.8","5.0",,"-4.2","-1.2","-7.2"
"USC00200758","BEULAH 7 SSW, MI US","44.5316","-86.1311","235.6","2005-07","208.7","7.2","32.2","12.5","21.4","27.5","15.2"
"USC00200758","BEULAH 7 SSW, MI US","44.5316","-86.1311","235.6","2005-08","300.1","10.6","32.8","18.3","21.1","26.4","15.8"
"USC00200758","BEULAH 7 SSW, MI US","44.5316","-86.1311","235.6","2005-09","343.2","7.8","30.0","60.8","18.4","23.8","12.9"
"USC00200758","BEULAH 7 SSW, MI US","44.5316","-86.1311","235.6","2005-10","360.4","-0.6","28.9","309.1","10.9","15.6","6.2"
"USC00200758","BEULAH 7 SSW, MI US","44.5316","-86.1311","235.6","2005-11","360.4","-11.7","16.7","746.3","3.8","7.7","-0.2"
"USC00200758","BEULAH 7 SSW, MI US","44.5316","-86.1311","235.6","2005-12","360.4","-10.6","3.9","1418.5","-3.4","-1.5","-5.2"
"USW00004854","GAYLORD OTSEGO CO AIRPORT, MI US","45.01657","-84.68942","405.9","2005-07","177.9","3.9","32.8","22.8","20.1","26.8","13.5"
"USW00004854","GAYLORD OTSEGO CO AIRPORT, MI US","45.01657","-84.68942","405.9","2005-08","217.4","6.1","32.2","48.0","18.8","24.6","13.0"
"USW00004854","GAYLORD OTSEGO CO AIRPORT, MI US","45.01657","-84.68942","405.9","2005-09","241.0","2.2","31.1","138.3","16.1","22.5","9.7"
"USW00004854","GAYLORD OTSEGO CO AIRPORT, MI US","45.01657","-84.68942","405.9","2005-10","258.0","-6.7","28.3","431.3","9.4","14.4","4.5"
"USW00004854","GAYLORD OTSEGO CO AIRPORT, MI US","45.01657","-84.68942","405.9","2005-11","258.0","-13.9","16.1","922.4","2.0","6.0","-2.1"
"USW00004854","GAYLORD OTSEGO CO AIRPORT, MI US","45.01657","-84.68942","405.9","2005-12","258.0","-16.7","3.3","1660.3","-5.5","-3.1","-7.8"
"USC00203585","HARBOR BEACH 1 SSE, MI US","43.8322","-82.6427","181.4","2005-07","126.9","10.0","30.6","12.7","20.3","24.7","15.9"
"USC00203585","HARBOR BEACH 1 SSE, MI US","43.8322","-82.6427","181.4","2005-08","196.5","10.6","31.1","23.5","20.2","25.1","15.4"
"USC00203585","HARBOR BEACH 1 SSE, MI US","43.8322","-82.6427","181.4","2005-09","225.6","5.6","31.1","71.2","17.7","23.0","12.4"
"USC00203585","HARBOR BEACH 1 SSE, MI US","43.8322","-82.6427","181.4","2005-10","234.0","-1.1","26.7","301.2","11.2","15.1","7.2"
"USC00203585","HARBOR BEACH 1 SSE, MI US","43.8322","-82.6427","181.4","2005-11","234.0","-11.1","20.0","717.6","4.0","8.3","-0.3"
"USC00203585","HARBOR BEACH 1 SSE, MI US","43.8322","-82.6427","181.4","2005-12","234.0","-17.8","2.2","1435.7","-4.8","-2.1","-7.6"
"USC00200197","AMASA 1 W, MI US","46.2347","-88.4544","448.1","2005-07",,"5.0","33.9","36.7","19.1","26.8","11.4"
"USC00200197","AMASA 1 W, MI US","46.2347","-88.4544","448.1","2005-08",,"3.3","32.8","82.0","18.0","25.4","10.6"
"USC00200197","AMASA 1 W, MI US","46.2347","-88.4544","448.1","2005-11",,"-23.9","11.7",,"-2.1","2.7","-6.9"
"USC00200197","AMASA 1 W, MI US","46.2347","-88.4544","448.1","2005-12",,"-23.9","2.2",,"-8.1","-3.8","-12.5"
"USC00204793","LINDEN WWTP, MI US","42.8133","-83.8038","263.0","2005-07",,"7.8","32.2","5.0","22.1","28.1","16.0"
"USC00204793","LINDEN WWTP, MI US","42.8133","-83.8038","263.0","2005-08",,"8.9","32.2","13.0","21.6","27.6","15.5"
"USC00204793","LINDEN WWTP, MI US","42.8133","-83.8038","263.0","2005-09",,"3.9","31.7","48.6","18.5","24.8","12.2"
"USC00204793","LINDEN WWTP, MI US","42.8133","-83.8038","263.0","2005-10",,"-2.8","28.3","296.7","10.8","16.4","5.2"
"USC00204793","LINDEN WWTP, MI US","42.8133","-83.8038","263.0","2005-12",,"-16.7","5.0",,"-4.7","-2.0","-7.4"
"USC00202015","DEARBORN, MI US","42.31917","-83.23839","184.4","2005-07","331.3","10.0","35.0","1.1","24.1","30.8","17.4"
"USC00202015","DEARBORN, MI US","42.31917","-83.23839","184.4","2005-09",,"3.3","32.8",,"20.1","27.1","13.1"
"USC00202015","DEARBORN, MI US","42.31917","-83.23839","184.4","2005-10",,"-3.3","30.0",,"12.0","18.6","5.4"
"USC00202015","DEARBORN, MI US","42.31917","-83.23839","184.4","2005-11",,"-10.6","22.8",,"6.7","12.5","0.9"
"USC00202015","DEARBORN, MI US","42.31917","-83.23839","184.4","2005-12",,"-15.0","6.7",,"-3.5","0.0","-7.0"
"USC00204797","LINWOOOD 7 W, MI US","43.7533","-84.0936","268.2","2005-07",,,,,,,
"USC00204797","LINWOOOD 7 W, MI US","43.7533","-84.0936","268.2","2005-08",,,,,,,
"USC00204797","LINWOOOD 7 W, MI US","43.7533","-84.0936","268.2","2005-09",,,,,,,
"USC00204797","LINWOOOD 7 W, MI US","43.7533","-84.0936","268.2","2005-10",,"-4.4","31.1",,"10.5","16.9","4.1"
"USC00207820","STANDISH 4 NE, MI US","44.0126","-83.8977","187.5","2005-07","180.4","6.7","32.2","14.9","21.0","27.7","14.4"
"USC00207820","STANDISH 4 NE, MI US","44.0126","-83.8977","187.5","2005-08","248.6","6.7","32.2","24.6","20.2","27.3","13.1"
"USC00207820","STANDISH 4 NE, MI US","44.0126","-83.8977","187.5","2005-09","274.8","5.0","32.2","72.7","17.5","25.3","9.7"
"USC00207820","STANDISH 4 NE, MI US","44.0126","-83.8977","187.5","2005-10","288.4","-4.4","30.0","331.6","10.4","16.4","4.4"
"USC00207820","STANDISH 4 NE, MI US","44.0126","-83.8977","187.5","2005-11","288.4","-11.7","21.1","768.3","3.8","9.3","-1.7"
"USC00207820","STANDISH 4 NE, MI US","44.0126","-83.8977","187.5","2005-12","288.4","-19.4","3.3","1481.4","-4.7","-1.3","-8.1"
"USC00202016","DEARBORN NUMBER 2, MI US","42.3469","-83.1736","184.4","2005-07",,,,,,,
"USC00202016","DEARBORN NUMBER 2, MI US","42.3469","-83.1736","184.4","2005-09",,,,,,,
"USC00202016","DEARBORN NUMBER 2, MI US","42.3469","-83.1736","184.4","2005-10",,,,,,,
"USC00202016","DEARBORN NUMBER 2, MI US","42.3469","-83.1736","184.4","2005-11",,,,,,,
"USC00202016","DEARBORN NUMBER 2, MI US","42.3469","-83.1736","184.4","2005-12",,,,,,,
"USC00200094","ALBION, MI US","42.24941","-84.7732","285.0","2005-08",,,,,,,
"USC00200094","ALBION, MI US","42.24941","-84.7732","285.0","2005-09",,,,,,,
"USC00200094","ALBION, MI US","42.24941","-84.7732","285.0","2005-10",,,,,,,
"USC00200094","ALBION, MI US","42.24941","-84.7732","285.0","2005-11",,,,,,,
"USC00200094","ALBION, MI US","42.24941","-84.7732","285.0","2005-12",,,,,,,
"USC00201062","BROWNSTOWN, MI US","42.14","-83.2747","185.9","2005-07",,,,,,,
"USC00201062","BROWNSTOWN, MI US","42.14","-83.2747","185.9","2005-08",,,,,,,
"USC00201062","BROWNSTOWN, MI US","42.14","-83.2747","185.9","2005-09",,,,,,,
"USC00201062","BROWNSTOWN, MI US","42.14","-83.2747","185.9","2005-10",,,,,,,
"USC00201062","BROWNSTOWN, MI US","42.14","-83.2747","185.9","2005-11",,,,,,,
"USC00201062","BROWNSTOWN, MI US","42.14","-83.2747","185.9","2005-12",,,,,,,
"USW00094850","MARQUETTE WEATHER FORECAST OFFICE, MI US","46.5313","-87.5491","431.3","2005-07","128.3","6.7","35.0","44.7","19.6","26.3","12.9"
"USW00094850","MARQUETTE WEATHER FORECAST OFFICE, MI US","46.5313","-87.5491","431.3","2005-08","181.5","3.3","33.9","87.2","18.7","25.1","12.3"
"USW00094850","MARQUETTE WEATHER FORECAST OFFICE, MI US","46.5313","-87.5491","431.3","2005-09","213.7","1.7","32.8","188.2","16.0","22.5","9.6"
"USW00094850","MARQUETTE WEATHER FORECAST OFFICE, MI US","46.5313","-87.5491","431.3","2005-10","221.2","-3.9","26.1","492.6","8.8","13.2","4.4"
"USW00094850","MARQUETTE WEATHER FORECAST OFFICE, MI US","46.5313","-87.5491","431.3","2005-11","221.2","-22.2","12.2","1086.2","-1.5","2.8","-5.7"
"USW00094850","MARQUETTE WEATHER FORECAST OFFICE, MI US","46.5313","-87.5491","431.3","2005-12","221.2","-20.0","1.7","1887.6","-7.5","-4.3","-10.7"
"USC00207280","SAINT JOHNS, MI US","43.0128","-84.5547","226.5","2005-08",,"10.0","33.3",,"22.2","28.2","16.2"
"USC00207280","SAINT JOHNS, MI US","43.0128","-84.5547","226.5","2005-09",,"5.6","32.8",,"19.2","26.0","12.5"
"USC00207280","SAINT JOHNS, MI US","43.0128","-84.5547","226.5","2005-10",,"-2.2","29.4",,"11.4","17.0","5.7"
"USC00207280","SAINT JOHNS, MI US","43.0128","-84.5547","226.5","2005-11",,"-11.7","20.6",,"4.8","9.4","0.2"
"USC00207280","SAINT JOHNS, MI US","43.0128","-84.5547","226.5","2005-12",,"-15.6","5.6",,"-4.3","-1.7","-6.9"
"USC00203913","HOPE 3 SW, MI US","43.73","-84.3702","199.6","2005-07",,,,,,,
"USC00203913","HOPE 3 SW, MI US","43.73","-84.3702","199.6","2005-08",,,"35.0",,,"28.9",
"USC00203913","HOPE 3 SW, MI US","43.73","-84.3702","199.6","2005-09",,,,,,,
"USC00203913","HOPE 3 SW, MI US","43.73","-84.3702","199.6","2005-11",,,,,,,
"USC00203913","HOPE 3 SW, MI US","43.73","-84.3702","199.6","2005-12",,"-19.4","3.9",,"-3.9","-1.0","-6.9"
"USC00206507","PETOSKEY, MI US","45.3725","-84.9766","182.6","2005-07","147.7","8.3","33.3","9.7","21.1","26.0","16.2"
"USC00206507","PETOSKEY, MI US","45.3725","-84.9766","182.6","2005-08","223.1","10.0","34.4","15.0","20.7","25.4","16.0"
"USC00206507","PETOSKEY, MI US","45.3725","-84.9766","182.6","2005-09","268.7","7.2","31.1","62.1","18.3","23.1","13.4"
"USC00206507","PETOSKEY, MI US","45.3725","-84.9766","182.6","2005-10","289.2","-9.4","30.6","277.5","11.2","15.5","6.8"
"USC00206507","PETOSKEY, MI US","45.3725","-84.9766","182.6","2005-11","289.2","-9.4","16.7","684.2","4.0","7.9","0.0"
"USC00206507","PETOSKEY, MI US","45.3725","-84.9766","182.6","2005-12","289.2","-12.8","3.9","1319.2","-2.8","-0.9","-4.8"
"USR0000MBRR","BEAR MICHIGAN, MI US","44.8019","-86.0508","289.9","2005-07","212.3","8.3","32.8","10.9","21.6","26.9","16.2"
"USR0000MBRR","BEAR MICHIGAN, MI US","44.8019","-86.0508","289.9","2005-08","302.7","11.1","33.9","12.3","21.2","26.0","16.4"
"USR0000MBRR","BEAR MICHIGAN, MI US","44.8019","-86.0508","289.9","2005-09","339.9","7.2","30.0","45.8","18.5","23.6","13.4"
"USR0000MBRR","BEAR MICHIGAN, MI US","44.8019","-86.0508","289.9","2005-10","362.4","0.0","30.0","279.7","11.5","15.9","7.2"
"USR0000MBRR","BEAR MICHIGAN, MI US","44.8019","-86.0508","289.9","2005-11","362.4","-11.1","17.2","666.3","4.2","7.7","0.7"
"USR0000MBRR","BEAR MICHIGAN, MI US","44.8019","-86.0508","289.9","2005-12","362.4","-10.0","3.9","1323.8","-2.9","-1.1","-4.7"
"USC00205531","MIO HYDRO PLANT, MI US","44.6613","-84.1316","292.6","2005-07","213.2","7.2","35.0","11.2","21.7","28.8","14.6"
"USC00205531","MIO HYDRO PLANT, MI US","44.6613","-84.1316","292.6","2005-08","267.2","6.1","33.3","22.3","19.9","27.3","12.5"
"USC00205531","MIO HYDRO PLANT, MI US","44.6613","-84.1316","292.6","2005-09","299.4","1.1","32.2","78.3","17.5","25.4","9.6"
"USC00205531","MIO HYDRO PLANT, MI US","44.6613","-84.1316","292.6","2005-10","312.8","-4.4","28.9","339.3","10.3","16.1","4.6"
"USC00205531","MIO HYDRO PLANT, MI US","44.6613","-84.1316","292.6","2005-11","312.8","-13.3","18.3","758.9","3.3","8.5","-1.9"
"USC00205531","MIO HYDRO PLANT, MI US","44.6613","-84.1316","292.6","2005-12","312.8","-20.6","5.0","1360.3","-3.9","-0.5","-7.4"
"USC00204320","KENT CITY 2 SW, MI US","43.2036","-85.7776","247.8","2005-07",,,,,,,
"USC00204320","KENT CITY 2 SW, MI US","43.2036","-85.7776","247.8","2005-08",,,,,,,
"USC00204320","KENT CITY 2 SW, MI US","43.2036","-85.7776","247.8","2005-09",,,,,,,
"USC00204320","KENT CITY 2 SW, MI US","43.2036","-85.7776","247.8","2005-10",,,,,,,
"USC00204320","KENT CITY 2 SW, MI US","43.2036","-85.7776","247.8","2005-11",,,,,,,
"USC00204320","KENT CITY 2 SW, MI US","43.2036","-85.7776","247.8","2005-12",,,,,,,
"USC00206982","RICHMOND 4 NNW, MI US","42.8783","-82.7958","233.2","2005-07","265.8","9.4","33.3","6.1","22.4","28.7","16.2"
"USC00206982","RICHMOND 4 NNW, MI US","42.8783","-82.7958","233.2","2005-08","380.1","10.0","33.9","12.5","21.9","28.0","15.9"
"USC00206982","RICHMOND 4 NNW, MI US","42.8783","-82.7958","233.2","2005-09","402.1","2.8","32.2","54.1","17.9","24.5","11.3"
"USC00206982","RICHMOND 4 NNW, MI US","42.8783","-82.7958","233.2","2005-10","410.7","-3.3","28.3","285.4","11.1","16.9","5.4"
"USC00206982","RICHMOND 4 NNW, MI US","42.8783","-82.7958","233.2","2005-11","410.7","-11.7","22.2","710.3","4.2","9.8","-1.5"
"USC00206982","RICHMOND 4 NNW, MI US","42.8783","-82.7958","233.2","2005-12","410.7","-17.2","4.4","1392.7","-4.5","-1.8","-7.2"
"USC00200089","ALBERTA FORD FOR CENTER, MI US","46.6448","-88.4812","399.3","2005-08",,"5.0","34.4",,"19.1","25.3","12.9"
"USC00200089","ALBERTA FORD FOR CENTER, MI US","46.6448","-88.4812","399.3","2005-09",,"-0.6","33.3",,"17.7","24.5","10.9"
"USC00200089","ALBERTA FORD FOR CENTER, MI US","46.6448","-88.4812","399.3","2005-11",,"-21.1","15.0",,"-0.2","3.8","-4.1"
"USC00200089","ALBERTA FORD FOR CENTER, MI US","46.6448","-88.4812","399.3","2005-12",,"-20.0","1.7",,"-6.4","-3.6","-9.3"
"USC00201299","CARO WWTP, MI US","43.4838","-83.3919","210.3","2005-07","207.5","8.9","33.3","6.9","22.1","28.1","16.0"
"USC00201299","CARO WWTP, MI US","43.4838","-83.3919","210.3","2005-08","318.8","9.4","33.3","11.6","21.9","28.2","15.7"
"USC00201299","CARO WWTP, MI US","43.4838","-83.3919","210.3","2005-09","370.0","6.1","32.2","33.5","19.3","25.9","12.7"
"USC00201299","CARO WWTP, MI US","43.4838","-83.3919","210.3","2005-10","389.1","-1.1","29.4","257.9","11.6","16.8","6.3"
"USC00201299","CARO WWTP, MI US","43.4838","-83.3919","210.3","2005-11","389.1","-11.1","21.1","597.5","5.4","10.4","0.5"
"USC00201299","CARO WWTP, MI US","43.4838","-83.3919","210.3","2005-12","389.1","-16.7","3.9","1232.2","-4.4","-1.9","-6.9"
"USC00203477","GROSSE POINTE FARMS, MI US","42.4077","-82.8891","186.8","2005-07",,"12.2","33.3","0.0","23.7","28.7","18.7"
"USC00203477","GROSSE POINTE FARMS, MI US","42.4077","-82.8891","186.8","2005-08",,"10.6","34.4","1.3","23.3","28.0","18.7"
"USC00203477","GROSSE POINTE FARMS, MI US","42.4077","-82.8891","186.8","2005-09",,"5.6","31.7","18.8","19.8","24.9","14.8"
"USC00203477","GROSSE POINTE FARMS, MI US","42.4077","-82.8891","186.8","2005-10",,"-2.8","27.8","199.4","12.2","16.7","7.8"
"USC00203477","GROSSE POINTE FARMS, MI US","42.4077","-82.8891","186.8","2005-11",,"-10.0","21.1","529.3","5.6","10.6","0.6"
"USC00203477","GROSSE POINTE FARMS, MI US","42.4077","-82.8891","186.8","2005-12",,"-12.8","5.0","1188.9","-3.7","-0.9","-6.4"
"USC00208249","TRAVERSE CITY MUNSON, MI US","44.7607","-85.6443","193.5","2005-07","222.6","8.3","33.3","9.8","21.9","27.3","16.6"
"USC00208249","TRAVERSE CITY MUNSON, MI US","44.7607","-85.6443","193.5","2005-08","320.1","10.6","33.3","17.5","21.2","26.4","16.1"
"USC00208249","TRAVERSE CITY MUNSON, MI US","44.7607","-85.6443","193.5","2005-09","364.6","6.7","30.6","54.6","18.5","23.8","13.3"
"USC00208249","TRAVERSE CITY MUNSON, MI US","44.7607","-85.6443","193.5","2005-10","381.3","-1.7","28.9","298.8","11.0","15.3","6.6"
"USC00208249","TRAVERSE CITY MUNSON, MI US","44.7607","-85.6443","193.5","2005-11","381.3","-11.7","16.7","741.4","3.6","7.8","-0.6"
"USC00208249","TRAVERSE CITY MUNSON, MI US","44.7607","-85.6443","193.5","2005-12","381.3","-10.6","4.4","1407.2","-3.1","-1.4","-4.9"
"USC00208920","WHITEFISH POINT, MI US","46.7475","-84.9857","189.6","2005-07","73.6","5.0","32.2","30.0","19.4","25.7","13.1"
"USC00208920","WHITEFISH POINT, MI US","46.7475","-84.9857","189.6","2005-08","119.8","7.2","30.6","45.7","19.3","24.5","14.1"
"USC00208920","WHITEFISH POINT, MI US","46.7475","-84.9857","189.6","2005-09","146.8","2.8","31.7","101.2","17.0","22.5","11.6"
"USC00208920","WHITEFISH POINT, MI US","46.7475","-84.9857","189.6","2005-10","151.3","-2.2","23.3","329.8","10.5","14.2","6.8"
"USC00208920","WHITEFISH POINT, MI US","46.7475","-84.9857","189.6","2005-11","151.3","-14.4","12.2","769.7","1.8","5.1","-1.5"
"USC00208920","WHITEFISH POINT, MI US","46.7475","-84.9857","189.6","2005-12","151.3","-15.0","2.2","1480.0","-4.6","-1.9","-7.3"
"USC00208800","WEST BRANCH 3 SE, MI US","44.2541","-84.2011","269.7","2005-07",,"7.2","32.2","15.4","20.9","28.1","13.8"
"USC00208800","WEST BRANCH 3 SE, MI US","44.2541","-84.2011","269.7","2005-08",,"4.4","32.8","33.0","19.5","27.2","11.7"
"USC00208800","WEST BRANCH 3 SE, MI US","44.2541","-84.2011","269.7","2005-09",,"2.8","31.7","100.0","16.7","24.6","8.7"
"USC00208800","WEST BRANCH 3 SE, MI US","44.2541","-84.2011","269.7","2005-10",,"-4.4","29.4","374.3","9.9","16.4","3.3"
"USC00208800","WEST BRANCH 3 SE, MI US","44.2541","-84.2011","269.7","2005-11",,"-16.1","20.6","840.5","2.8","8.5","-2.9"
"USC00208800","WEST BRANCH 3 SE, MI US","44.2541","-84.2011","269.7","2005-12",,"-18.9","2.8","1555.7","-4.7","-0.6","-8.9"
"USC00209110","WYANDOTTE, MI US","42.20844","-83.1626","176.8","2005-07",,,,,,,
"USC00209110","WYANDOTTE, MI US","42.20844","-83.1626","176.8","2005-08",,,,,,,
"USC00209110","WYANDOTTE, MI US","42.20844","-83.1626","176.8","2005-09",,,,,,,
"USC00209110","WYANDOTTE, MI US","42.20844","-83.1626","176.8","2005-10",,,,,,,
"USC00209110","WYANDOTTE, MI US","42.20844","-83.1626","176.8","2005-11",,,,,,,
"USC00209110","WYANDOTTE, MI US","42.20844","-83.1626","176.8","2005-12",,,,,,,
"USW00094860","GRAND RAPIDS GERALD R FORD INTERNATIONAL AIRPORT, MI US","42.8821","-85.52297","240.3","2005-07","283.3","9.4","34.4","2.8","22.7","28.6","16.7"
"USW00094860","GRAND RAPIDS GERALD R FORD INTERNATIONAL AIRPORT, MI US","42.8821","-85.52297","240.3","2005-08","407.8","10.6","33.3","4.8","22.3","27.8","16.8"
"USW00094860","GRAND RAPIDS GERALD R FORD INTERNATIONAL AIRPORT, MI US","42.8821","-85.52297","240.3","2005-09","466.8","5.0","32.8","36.6","19.2","25.6","12.8"
"USW00094860","GRAND RAPIDS GERALD R FORD INTERNATIONAL AIRPORT, MI US","42.8821","-85.52297","240.3","2005-10","482.9","-2.8","28.9","264.9","11.5","16.8","6.2"
"USW00094860","GRAND RAPIDS GERALD R FORD INTERNATIONAL AIRPORT, MI US","42.8821","-85.52297","240.3","2005-11","482.9","-11.7","18.3","673.6","4.7","9.4","0.1"
"USW00094860","GRAND RAPIDS GERALD R FORD INTERNATIONAL AIRPORT, MI US","42.8821","-85.52297","240.3","2005-12","482.9","-16.7","4.4","1348.6","-3.4","-1.4","-5.5"
"USC00206080","OIL CITY 2 S, MI US","43.5816","-84.5888","207.3","2005-07",,,"33.3",,,"29.1",
"USC00206080","OIL CITY 2 S, MI US","43.5816","-84.5888","207.3","2005-08",,,,,,,
"USC00206080","OIL CITY 2 S, MI US","43.5816","-84.5888","207.3","2005-09",,,,,,,
"USC00206080","OIL CITY 2 S, MI US","43.5816","-84.5888","207.3","2005-10",,,,,,,
"USC00206080","OIL CITY 2 S, MI US","43.5816","-84.5888","207.3","2005-12",,"-21.1","4.4",,"-4.6","-0.7","-8.4"
"USC00201502","CHELSEA, MI US","42.3263","-84.0133","274.3","2005-07",,"8.9","33.3","2.8","22.5","28.7","16.3"
"USC00201502","CHELSEA, MI US","42.3263","-84.0133","274.3","2005-08",,"10.0","32.2","6.2","22.0","28.1","16.0"
"USC00201502","CHELSEA, MI US","42.3263","-84.0133","274.3","2005-09",,"1.1","31.7","45.3","18.4","25.6","11.2"
"USC00201502","CHELSEA, MI US","42.3263","-84.0133","274.3","2005-10",,"-3.9","29.4","284.2","11.0","16.9","5.0"
"USC00201502","CHELSEA, MI US","42.3263","-84.0133","274.3","2005-11",,"-11.7","21.1","680.9","4.7","9.6","-0.2"
"USC00201502","CHELSEA, MI US","42.3263","-84.0133","274.3","2005-12",,"-19.4","5.6","1351.4","-4.1","-1.2","-6.9"
"USC00200779","BIG RAPIDS WATER TREATMENT PLANT, MI US","43.7072","-85.4819","273.7","2005-07","224.9","6.1","33.3","12.2","21.2","28.4","14.1"
"USC00200779","BIG RAPIDS WATER TREATMENT PLANT, MI US","43.7072","-85.4819","273.7","2005-08","294.3","7.8","33.3","23.9","20.2","26.9","13.4"
"USC00200779","BIG RAPIDS WATER TREATMENT PLANT, MI US","43.7072","-85.4819","273.7","2005-09","326.9","5.6","32.2","79.7","17.6","25.1","10.0"
"USC00200779","BIG RAPIDS WATER TREATMENT PLANT, MI US","43.7072","-85.4819","273.7","2005-10","338.9","-4.4","28.9","358.8","9.7","15.6","3.8"
"USC00200779","BIG RAPIDS WATER TREATMENT PLANT, MI US","43.7072","-85.4819","273.7","2005-11","338.9","-13.3","18.9","827.4","2.7","7.6","-2.2"
"USC00200779","BIG RAPIDS WATER TREATMENT PLANT, MI US","43.7072","-85.4819","273.7","2005-12","338.9","-16.1","3.9","1512.0","-4.5","-1.7","-7.3"
"USC00200417","BAD AXE, MI US","43.808","-82.9938","217.9","2005-07",,"8.3","32.2","5.3","22.2","28.0","16.4"
"USC00200417","BAD AXE, MI US","43.808","-82.9938","217.9","2005-08",,"11.1","36.1","8.4","22.6","28.4","16.9"
"USC00200417","BAD AXE, MI US","43.808","-82.9938","217.9","2005-09",,"6.7","31.7","48.2","18.5","24.8","12.1"
"USC00200417","BAD AXE, MI US","43.808","-82.9938","217.9","2005-10",,"-0.6","29.4","271.1","11.7","16.3","7.1"
"USC00200417","BAD AXE, MI US","43.808","-82.9938","217.9","2005-11",,"-11.1","20.6","636.4","4.9","10.0","-0.3"
"USC00200417","BAD AXE, MI US","43.808","-82.9938","217.9","2005-12",,"-15.0","3.3","1292.4","-4.2","-1.5","-6.9"
"USC00202395","EAST LANSING 4 S, MI US","42.67417","-84.485","268.2","2005-07",,"9.4","33.3","3.9","22.8","28.5","17.1"
"USC00202395","EAST LANSING 4 S, MI US","42.67417","-84.485","268.2","2005-08",,"10.6","32.8","6.9","22.8","28.4","17.1"
"USC00202395","EAST LANSING 4 S, MI US","42.67417","-84.485","268.2","2005-09",,"3.9","32.8","29.3","19.4","26.1","12.6"
"USC00202395","EAST LANSING 4 S, MI US","42.67417","-84.485","268.2","2005-10",,"-2.2","29.4","236.8","12.0","17.1","6.9"
"USC00202395","EAST LANSING 4 S, MI US","42.67417","-84.485","268.2","2005-11",,"-11.1","21.7","610.9","5.5","10.0","0.9"
"USC00202395","EAST LANSING 4 S, MI US","42.67417","-84.485","268.2","2005-12",,,,,,,
"USC00205662","CENTRAL MICHIGAN UNIVERSITY, MI US","43.5859","-84.7694","242.3","2005-07","253.7","9.4","32.2","7.0","22.1","28.1","16.0"
"USC00205662","CENTRAL MICHIGAN UNIVERSITY, MI US","43.5859","-84.7694","242.3","2005-08","358.9","11.1","32.8","10.4","21.8","27.4","16.2"
"USC00205662","CENTRAL MICHIGAN UNIVERSITY, MI US","43.5859","-84.7694","242.3","2005-09","405.5","7.2","32.2","44.6","18.7","25.1","12.4"
"USC00205662","CENTRAL MICHIGAN UNIVERSITY, MI US","43.5859","-84.7694","242.3","2005-10","422.2","-1.1","28.9","247.8","11.5","16.3","6.7"
"USC00205662","CENTRAL MICHIGAN UNIVERSITY, MI US","43.5859","-84.7694","242.3","2005-11","422.2","-11.7","18.9","684.1","3.8","8.6","-1.0"
"USC00205662","CENTRAL MICHIGAN UNIVERSITY, MI US","43.5859","-84.7694","242.3","2005-12","422.2","-15.0","3.3","1385.6","-4.3","-1.5","-7.1"
"USW00094871","BENTON HARBOR, MI US","42.12894","-86.41518","195.4","2005-07","257.0","5.6","36.1","9.4","22.0","28.6","15.5"
"USW00094871","BENTON HARBOR, MI US","42.12894","-86.41518","195.4","2005-08","337.9","8.3","33.9","16.1","20.8","27.2","14.4"
"USW00094871","BENTON HARBOR, MI US","42.12894","-86.41518","195.4","2005-09","389.3","4.4","32.8","64.0","18.4","25.1","11.8"
"USW00094871","BENTON HARBOR, MI US","42.12894","-86.41518","195.4","2005-10","408.7","-5.0","30.0","293.7","11.6","16.9","6.2"
"USW00094871","BENTON HARBOR, MI US","42.12894","-86.41518","195.4","2005-11","408.7","-10.0","20.0","657.0","6.2","11.1","1.4"
"USW00094871","BENTON HARBOR, MI US","42.12894","-86.41518","195.4","2005-12","408.7","-19.4","7.8","1304.1","-2.5","-0.2","-4.9"
"USC00207180","RUBY, MI US","43.0341","-82.608","213.7","2005-07",,,,,,,
"USC00207180","RUBY, MI US","43.0341","-82.608","213.7","2005-08",,,,,,,
"USC00207180","RUBY, MI US","43.0341","-82.608","213.7","2005-09",,,,,,,
"USC00207180","RUBY, MI US","43.0341","-82.608","213.7","2005-10",,,,,,,
"USC00207180","RUBY, MI US","43.0341","-82.608","213.7","2005-11",,,,,,,
"USC00207180","RUBY, MI US","43.0341","-82.608","213.7","2005-12",,,,,,,
"USC00203932","HOUGHTON LAKE 6 WSW, MI US","44.3119","-84.8922","345.9","2005-07",,"1.7","33.3","26.6","20.4","28.5","12.2"
"USC00203932","HOUGHTON LAKE 6 WSW, MI US","44.3119","-84.8922","345.9","2005-08",,"2.8","33.9","58.4","18.7","27.4","9.9"
"USC00203932","HOUGHTON LAKE 6 WSW, MI US","44.3119","-84.8922","345.9","2005-09",,"0.6","32.8","163.2","15.4","24.7","6.2"
"USC00203932","HOUGHTON LAKE 6 WSW, MI US","44.3119","-84.8922","345.9","2005-10",,,,,,,
"USC00203932","HOUGHTON LAKE 6 WSW, MI US","44.3119","-84.8922","345.9","2005-11",,"-12.8","18.9",,"2.3","8.1","-3.4"
"USC00203932","HOUGHTON LAKE 6 WSW, MI US","44.3119","-84.8922","345.9","2005-12",,"-18.3","2.8",,"-5.0","-1.5","-8.4"
"USC00208706","WATTON 2 WSW, MI US","46.52664","-88.64243","424.9","2005-07",,"5.0","31.7","51.8","18.3","24.7","11.8"
"USC00208706","WATTON 2 WSW, MI US","46.52664","-88.64243","424.9","2005-08",,"4.4","31.7","114.2","17.6","22.9","12.3"
"USC00208706","WATTON 2 WSW, MI US","46.52664","-88.64243","424.9","2005-09",,"0.0","31.1","239.2","14.8","21.3","8.3"
"USC00208706","WATTON 2 WSW, MI US","46.52664","-88.64243","424.9","2005-10",,"-2.8","26.7","567.6","7.9","12.8","3.1"
"USC00208706","WATTON 2 WSW, MI US","46.52664","-88.64243","424.9","2005-11",,"-22.2","14.4","1150.6","-1.1","3.3","-5.5"
"USC00208706","WATTON 2 WSW, MI US","46.52664","-88.64243","424.9","2005-12",,"-20.6","2.2","1954.9","-7.6","-4.8","-10.4"
"USC00205434","MIDLAND, MI US","43.6088","-84.2011","195.1","2005-07","280.8","8.3","32.8","2.8","22.8","28.5","17.0"
"USC00205434","MIDLAND, MI US","43.6088","-84.2011","195.1","2005-08","410.0","11.1","34.4","5.6","22.4","28.0","16.8"
"USC00205434","MIDLAND, MI US","43.6088","-84.2011","195.1","2005-09","466.6","7.2","33.3","35.1","19.2","25.6","12.9"
"USC00205434","MIDLAND, MI US","43.6088","-84.2011","195.1","2005-10","486.0","-2.2","29.4","261.8","11.6","16.6","6.7"
"USC00205434","MIDLAND, MI US","43.6088","-84.2011","195.1","2005-11","486.0","-11.1","20.6","681.5","4.3","8.8","-0.2"
"USC00205434","MIDLAND, MI US","43.6088","-84.2011","195.1","2005-12","486.0","-15.0","3.3","1372.5","-4.0","-1.5","-6.4"
"USR0000MSEN","SENEY MICHIGAN, MI US","46.2403","-85.9428","221.3","2005-07","132.0","5.6","35.6","30.0","20.0","27.7","12.3"
"USR0000MSEN","SENEY MICHIGAN, MI US","46.2403","-85.9428","221.3","2005-08","184.2","5.6","31.7","56.4","19.2","25.6","12.8"
"USR0000MSEN","SENEY MICHIGAN, MI US","46.2403","-85.9428","221.3","2005-09","205.3","3.3","28.9","149.2","15.9","22.3","9.6"
"USR0000MSEN","SENEY MICHIGAN, MI US","46.2403","-85.9428","221.3","2005-10","210.3","-5.0","23.9","428.9","9.5","14.3","4.7"
"USR0000MSEN","SENEY MICHIGAN, MI US","46.2403","-85.9428","221.3","2005-11","210.3","-20.0","12.8","876.9","0.9","5.2","-3.4"
"USR0000MSEN","SENEY MICHIGAN, MI US","46.2403","-85.9428","221.3","2005-12","210.3","-20.0","3.3","1626.4","-5.9","-2.5","-9.2"
"USC00203930","HOUGHTON LAKE 2 NW, MI US","44.3122","-84.7747","353.9","2005-07","191.2","4.4","33.3","19.4","20.8","28.1","13.5"
"USC00203930","HOUGHTON LAKE 2 NW, MI US","44.3122","-84.7747","353.9","2005-08","246.5","6.1","33.3","35.0","19.6","26.9","12.3"
"USC00203930","HOUGHTON LAKE 2 NW, MI US","44.3122","-84.7747","353.9","2005-09","274.0","3.9","32.2","103.7","17.0","24.7","9.2"
"USC00203930","HOUGHTON LAKE 2 NW, MI US","44.3122","-84.7747","353.9","2005-10","288.2","-6.7","29.4","383.7","9.8","15.5","4.0"
"USC00203930","HOUGHTON LAKE 2 NW, MI US","44.3122","-84.7747","353.9","2005-11","288.2","-13.3","18.3","841.3","2.5","7.4","-2.4"
"USC00203930","HOUGHTON LAKE 2 NW, MI US","44.3122","-84.7747","353.9","2005-12","288.2","-19.4","2.8","1551.3","-5.3","-1.9","-8.6"
"USC00208941","WHITE LAKE 4 E, MI US","42.698","-83.4716","321.0","2005-07","219.2","7.2","32.2","5.6","21.5","28.0","15.0"
"USC00208941","WHITE LAKE 4 E, MI US","42.698","-83.4716","321.0","2005-08","324.5","7.2","32.2","15.4","21.4","27.7","15.1"
"USC00208941","WHITE LAKE 4 E, MI US","42.698","-83.4716","321.0","2005-09","357.4","1.7","31.7","59.5","18.0","24.5","11.4"
"USC00208941","WHITE LAKE 4 E, MI US","42.698","-83.4716","321.0","2005-10","370.2","-3.9","28.3","309.4","10.7","16.3","5.1"
"USC00208941","WHITE LAKE 4 E, MI US","42.698","-83.4716","321.0","2005-11","370.2","-11.7","21.7","701.8","4.8","10.1","-0.5"
"USC00208941","WHITE LAKE 4 E, MI US","42.698","-83.4716","321.0","2005-12","370.2","-19.4","5.6","1395.6","-4.7","-1.9","-7.5"
"USC00200420","BAD AXE 8 E, MI US","43.8302","-82.8425","225.6","2005-10",,,"29.4",,,"17.1",
"USC00200420","BAD AXE 8 E, MI US","43.8302","-82.8425","225.6","2005-11",,,"20.6",,,"9.5",
"USC00200420","BAD AXE 8 E, MI US","43.8302","-82.8425","225.6","2005-12",,,"3.3",,,"-0.9",
"USC00204104","IRONWOOD, MI US","46.4656","-90.1892","435.9","2005-07","134.2","6.1","33.3","34.4","19.8","26.1","13.6"
"USC00204104","IRONWOOD, MI US","46.4656","-90.1892","435.9","2005-08","179.7","6.1","32.8","76.1","18.5","23.9","13.1"
"USC00204104","IRONWOOD, MI US","46.4656","-90.1892","435.9","2005-09","204.5","0.6","32.2","186.8","15.5","22.0","8.9"
"USC00204104","IRONWOOD, MI US","46.4656","-90.1892","435.9","2005-11",,"-23.3","15.0",,"-0.5","4.1","-5.0"
"USC00204104","IRONWOOD, MI US","46.4656","-90.1892","435.9","2005-12",,"-21.7","3.3",,"-8.1","-4.9","-11.2"
