"STATION","NAME","LATITUDE","LONGITUDE","ELEVATION","DATE","CDSD","EMNT","EMXT","HDSD","TAVG","TMAX","TMIN"
"USC00205690","MUNISING, MI US","46.4121","-86.6625","207.3","1980-01","0.0","-23.9","7.2","2571.1","-7.1","-2.9","-11.3"
"USC00205690","MUNISING, MI US","46.4121","-86.6625","207.3","1980-02","0.0","-25.6","3.9","3345.0","-8.4","-3.5","-13.2"
"USC00205690","MUNISING, MI US","46.4121","-86.6625","207.3","1980-03","0.0","-25.6","10.6","4059.4","-4.7","0.7","-10.1"
"USC00205690","MUNISING, MI US","46.4121","-86.6625","207.3","1980-04","0.0","-7.2","27.8","4466.7","4.3","9.1","-0.5"
"USC00205690","MUNISING, MI US","46.4121","-86.6625","207.3","1980-05","2.5","-1.1","29.4","4678.7","11.4","18.4","4.3"
"USC00205690","MUNISING, MI US","46.4121","-86.6625","207.3","1980-06","18.9","-1.1","32.2","4844.6","13.4","19.6","7.1"
"USC00206020","NOTTAWA 3 SE, MI US","41.88333","-85.41667","262.1","1980-01",,,,,,,
"USC00206020","NOTTAWA 3 SE, MI US","41.88333","-85.41667","262.1","1980-02",,,,,,,
"USC00206020","NOTTAWA 3 SE, MI US","41.88333","-85.41667","262.1","1980-03",,,,,,,
"USC00206020","NOTTAWA 3 SE, MI US","41.88333","-85.41667","262.1","1980-04",,,,,,,
"USC00206020","NOTTAWA 3 SE, MI US","41.88333","-85.41667","262.1","1980-05",,,,,,,
"USC00206020","NOTTAWA 3 SE, MI US","41.88333","-85.41667","262.1","1980-06",,,,,,,
"USC00203391","GRAYLING, MI US","44.64536","-84.69921","350.8","1980-01","0.0","-26.1","9.4",,"-7.3","-1.9","-12.7"
"USC00203391","GRAYLING, MI US","44.64536","-84.69921","350.8","1980-02","0.0","-31.7","2.8",,"-11.1","-3.7","-18.4"
"USC00203391","GRAYLING, MI US","44.64536","-84.69921","350.8","1980-03","0.0","-32.8","11.7",,"-6.1","1.3","-13.5"
"USC00203391","GRAYLING, MI US","44.64536","-84.69921","350.8","1980-04","0.0","-7.8","31.7",,"4.8","10.5","-0.9"
"USC00203391","GRAYLING, MI US","44.64536","-84.69921","350.8","1980-05","5.8","-2.8","30.6",,"12.8","21.0","4.5"
"USC00203391","GRAYLING, MI US","44.64536","-84.69921","350.8","1980-06","30.5","-1.1","31.7",,"14.7","21.8","7.6"
"USC00209014","WILLIS 5 SSW, MI US","42.08333","-83.58333","201.2","1980-01","0.0","-18.9","12.2","2128.6","-4.6","-0.3","-9.0"
"USC00209014","WILLIS 5 SSW, MI US","42.08333","-83.58333","201.2","1980-02","0.0","-20.6","5.0","2838.0","-6.1","-1.7","-10.6"
"USC00209014","WILLIS 5 SSW, MI US","42.08333","-83.58333","201.2","1980-03","0.0","-20.0","15.0","3419.4","-0.4","4.7","-5.5"
"USC00209014","WILLIS 5 SSW, MI US","42.08333","-83.58333","201.2","1980-04","0.6","-3.3","30.6","3740.1","7.7","13.4","1.9"
"USC00209014","WILLIS 5 SSW, MI US","42.08333","-83.58333","201.2","1980-05","12.4","-0.6","29.4","3852.9","15.1","22.2","8.0"
"USC00209014","WILLIS 5 SSW, MI US","42.08333","-83.58333","201.2","1980-06","49.1","2.2","32.2","3911.2","17.6","24.3","10.9"
"USC00208167","THOMPSONVILLE, MI US","44.51667","-85.93333","242.3","1980-01",,,,,,,
"USC00208167","THOMPSONVILLE, MI US","44.51667","-85.93333","242.3","1980-02",,,,,,,
"USC00208167","THOMPSONVILLE, MI US","44.51667","-85.93333","242.3","1980-03",,,,,,,
"USC00208167","THOMPSONVILLE, MI US","44.51667","-85.93333","242.3","1980-04",,,,,,,
"USC00208167","THOMPSONVILLE, MI US","44.51667","-85.93333","242.3","1980-05",,,,,,,
"USC00208167","THOMPSONVILLE, MI US","44.51667","-85.93333","242.3","1980-06",,,,,,,
"USC00208443","VASSAR, MI US","43.3656","-83.5828","192.0","1980-02",,"-21.7","7.2",,"-6.9","-1.9","-12.0"
"USC00208443","VASSAR, MI US","43.3656","-83.5828","192.0","1980-04",,"-4.4","30.6",,"6.5","12.2","0.9"
"USC00208443","VASSAR, MI US","43.3656","-83.5828","192.0","1980-05",,"-1.1","30.0",,"13.3","20.7","5.9"
"USC00205452","MILFORD GM PROVING GROUND, MI US","42.5794","-83.6844","295.7","1980-01","0.0","-17.8","10.6","2114.1","-5.0","-0.9","-9.1"
"USC00205452","MILFORD GM PROVING GROUND, MI US","42.5794","-83.6844","295.7","1980-02","0.0","-19.4","6.7","2777.2","-5.4","-1.4","-9.4"
"USC00205452","MILFORD GM PROVING GROUND, MI US","42.5794","-83.6844","295.7","1980-03","0.0","-20.6","15.0","3366.8","-0.7","4.1","-5.5"
"USC00205452","MILFORD GM PROVING GROUND, MI US","42.5794","-83.6844","295.7","1980-04","1.7","-3.3","28.9","3708.8","7.0","11.5","2.4"
"USC00205452","MILFORD GM PROVING GROUND, MI US","42.5794","-83.6844","295.7","1980-05","19.7","1.7","29.4","3814.3","15.5","21.2","9.8"
"USC00205452","MILFORD GM PROVING GROUND, MI US","42.5794","-83.6844","295.7","1980-06","56.9","3.3","30.0","3878.8","17.4","22.9","12.0"
"USC00208680","WATERSMEET, MI US","46.2778","-89.1742","484.6","1980-01","0.0","-30.6","4.4","3013.2","-11.9","-6.9","-17.0"
"USC00208680","WATERSMEET, MI US","46.2778","-89.1742","484.6","1980-02","0.0","-30.0","1.7","3913.1","-12.7","-6.5","-18.9"
"USC00208680","WATERSMEET, MI US","46.2778","-89.1742","484.6","1980-03","0.0","-31.7","7.8","4687.6","-6.6","-0.1","-13.2"
"USC00208680","WATERSMEET, MI US","46.2778","-89.1742","484.6","1980-04","0.0","-11.1","28.9","5139.5","3.3","9.1","-2.6"
"USC00208680","WATERSMEET, MI US","46.2778","-89.1742","484.6","1980-05","0.0","-2.8","27.8","5376.9","10.1","17.6","2.6"
"USC00208680","WATERSMEET, MI US","46.2778","-89.1742","484.6","1980-06","7.6","-1.1","28.9","5539.8","13.2","19.4","6.9"
"USC00201492","CHEBOYGAN, MI US","45.65225","-84.47239","177.4","1980-01","0.0","-23.3","8.3","2425.2","-6.6","-1.9","-11.3"
"USC00201492","CHEBOYGAN, MI US","45.65225","-84.47239","177.4","1980-02","0.0","-26.1","3.3","3244.9","-9.9","-4.0","-15.8"
"USC00201492","CHEBOYGAN, MI US","45.65225","-84.47239","177.4","1980-03","0.0","-27.2","13.3","3900.4","-4.4","1.2","-10.0"
"USC00201492","CHEBOYGAN, MI US","45.65225","-84.47239","177.4","1980-04","0.0","-6.1","21.1","4316.9","4.4","8.8","0.1"
"USC00201492","CHEBOYGAN, MI US","45.65225","-84.47239","177.4","1980-05","3.0","1.1","28.9","4499.8","12.2","18.3","6.1"
"USC00201492","CHEBOYGAN, MI US","45.65225","-84.47239","177.4","1980-06","29.1","0.0","34.4","4634.3","14.7","20.4","9.0"
"USC00208043","TAHQUAMENON FALLS S P, MI US","46.6013","-85.2238","227.1","1980-01",,"-23.9",,,,,"-13.2"
"USC00208043","TAHQUAMENON FALLS S P, MI US","46.6013","-85.2238","227.1","1980-02",,"-26.1","2.8",,"-11.2","-5.4","-17.0"
"USC00208043","TAHQUAMENON FALLS S P, MI US","46.6013","-85.2238","227.1","1980-03",,"-30.0","9.4",,"-6.5","-0.4","-12.5"
"USC00208043","TAHQUAMENON FALLS S P, MI US","46.6013","-85.2238","227.1","1980-04",,"-9.4","22.8",,"4.1","9.8","-1.5"
"USC00208043","TAHQUAMENON FALLS S P, MI US","46.6013","-85.2238","227.1","1980-05",,"-3.3","31.1",,"11.9","19.7","4.0"
"USC00208043","TAHQUAMENON FALLS S P, MI US","46.6013","-85.2238","227.1","1980-06",,"-3.3","31.1",,"12.6","19.5","5.7"
"USC00207190","RUDYARD 4 N, MI US","46.2963","-84.5761","229.5","1980-01","0.0","-25.6","6.1","2763.4","-9.0","-3.6","-14.5"
"USC00207190","RUDYARD 4 N, MI US","46.2963","-84.5761","229.5","1980-02","0.0","-35.0","2.8","3582.4","-11.0","-4.6","-17.3"
"USC00207190","RUDYARD 4 N, MI US","46.2963","-84.5761","229.5","1980-03","0.0","-29.4","11.7","4314.1","-5.3","1.2","-11.8"
"USC00207190","RUDYARD 4 N, MI US","46.2963","-84.5761","229.5","1980-04","0.0","-10.0","21.7","4687.7","4.5","10.6","-1.5"
"USC00207190","RUDYARD 4 N, MI US","46.2963","-84.5761","229.5","1980-05","6.7","-2.2","31.1","4871.4","12.3","20.8","3.7"
"USC00207190","RUDYARD 4 N, MI US","46.2963","-84.5761","229.5","1980-06","17.8","-3.3","30.6","5028.4","13.5","20.6","6.4"
"USC00200718","BERGLAND DAM, MI US","46.5869","-89.5475","396.2","1980-01","0.0","-33.3","4.4",,"-11.7","-5.9","-17.6"
"USC00200718","BERGLAND DAM, MI US","46.5869","-89.5475","396.2","1980-02","0.0","-31.7","2.2",,"-12.2","-5.6","-18.8"
"USC00200718","BERGLAND DAM, MI US","46.5869","-89.5475","396.2","1980-03","0.0","-31.7","11.1",,"-7.5","-0.1","-14.8"
"USC00200718","BERGLAND DAM, MI US","46.5869","-89.5475","396.2","1980-04","0.0","-11.1","31.7",,"3.8","10.5","-2.9"
"USC00200718","BERGLAND DAM, MI US","46.5869","-89.5475","396.2","1980-05","10.3","-1.7","31.7",,"12.9","21.2","4.5"
"USC00200718","BERGLAND DAM, MI US","46.5869","-89.5475","396.2","1980-06","24.3","-1.1","32.2",,"14.3","21.3","7.3"
"USC00471139","BRULE ISLAND, WI US","45.95","-88.21667","381.0","1980-01","0.0","-30.6","4.4","2917.5","-11.4","-5.6","-17.2"
"USC00471139","BRULE ISLAND, WI US","45.95","-88.21667","381.0","1980-02","0.0","-30.0","3.3","3802.6","-12.2","-4.7","-19.7"
"USC00471139","BRULE ISLAND, WI US","45.95","-88.21667","381.0","1980-03","0.0","-29.4","11.1","4546.8","-5.7","1.4","-12.7"
"USC00471139","BRULE ISLAND, WI US","45.95","-88.21667","381.0","1980-04",,,,,,,
"USC00471139","BRULE ISLAND, WI US","45.95","-88.21667","381.0","1980-05",,"-2.8","31.1",,"13.3","22.3","4.4"
"USC00471139","BRULE ISLAND, WI US","45.95","-88.21667","381.0","1980-06",,"-1.7","31.7",,"14.9","22.8","6.9"
"USW00014850","TRAVERSE CITY CHERRY CAPITAL AIRPORT, MI US","44.73895","-85.5679","185.2","1980-01","0.0","-19.4","9.4","2367.7","-6.3","-2.7","-10.0"
"USW00014850","TRAVERSE CITY CHERRY CAPITAL AIRPORT, MI US","44.73895","-85.5679","185.2","1980-02","0.0","-27.2","3.9","3134.2","-8.1","-4.1","-12.1"
"USW00014850","TRAVERSE CITY CHERRY CAPITAL AIRPORT, MI US","44.73895","-85.5679","185.2","1980-03","0.0","-20.6","11.7","3806.1","-3.3","1.8","-8.5"
"USW00014850","TRAVERSE CITY CHERRY CAPITAL AIRPORT, MI US","44.73895","-85.5679","185.2","1980-04","1.9","-5.6","31.1","4192.1","5.5","10.4","0.6"
"USW00014850","TRAVERSE CITY CHERRY CAPITAL AIRPORT, MI US","44.73895","-85.5679","185.2","1980-05","8.0","-1.7","29.4","4368.5","12.8","20.5","5.2"
"USW00014850","TRAVERSE CITY CHERRY CAPITAL AIRPORT, MI US","44.73895","-85.5679","185.2","1980-06","34.4","0.6","31.7","4479.3","15.5","22.0","9.0"
"USC00200159","ALMONT, MI US","42.91667","-83.03333","251.2","1980-01",,,,,,,
"USC00200159","ALMONT, MI US","42.91667","-83.03333","251.2","1980-02",,,,,,,
"USC00200159","ALMONT, MI US","42.91667","-83.03333","251.2","1980-03",,,,,,,
"USC00200159","ALMONT, MI US","42.91667","-83.03333","251.2","1980-04",,,,,,,
"USC00200159","ALMONT, MI US","42.91667","-83.03333","251.2","1980-05",,,,,,,
"USC00200159","ALMONT, MI US","42.91667","-83.03333","251.2","1980-06",,,,,,,
"USC00203429","GREENVILLE 2 NNE, MI US","43.2026","-85.2421","270.7","1980-01","0.0","-20.0","10.6","2199.5","-5.9","-1.2","-10.5"
"USC00203429","GREENVILLE 2 NNE, MI US","43.2026","-85.2421","270.7","1980-02","0.0","-23.3","4.4","2927.1","-6.8","-1.6","-11.9"
"USC00203429","GREENVILLE 2 NNE, MI US","43.2026","-85.2421","270.7","1980-03","0.0","-23.9","14.4","3541.1","-1.5","4.3","-7.3"
"USC00203429","GREENVILLE 2 NNE, MI US","43.2026","-85.2421","270.7","1980-04","1.1","-6.7","29.4","3882.1","7.0","13.3","0.8"
"USC00203429","GREENVILLE 2 NNE, MI US","43.2026","-85.2421","270.7","1980-05","13.1","-0.6","29.4","4007.2","14.7","22.4","7.0"
"USC00203429","GREENVILLE 2 NNE, MI US","43.2026","-85.2421","270.7","1980-06","49.5","-1.1","31.7","4077.9","17.2","24.8","9.6"
"USC00200710","BENTON HARBOR AIRPORT, MI US","42.1245","-86.4266","190.5","1980-01","0.0","-16.1","12.8",,"-3.2","0.3","-6.7"
"USC00200710","BENTON HARBOR AIRPORT, MI US","42.1245","-86.4266","190.5","1980-02",,,"6.1",,,"-0.3",
"USC00200710","BENTON HARBOR AIRPORT, MI US","42.1245","-86.4266","190.5","1980-03",,"-13.9","14.4",,"0.8","5.2","-3.5"
"USC00200710","BENTON HARBOR AIRPORT, MI US","42.1245","-86.4266","190.5","1980-04",,"-2.8","29.4",,"7.7","12.8","2.6"
"USC00200710","BENTON HARBOR AIRPORT, MI US","42.1245","-86.4266","190.5","1980-05",,"0.0","30.0",,"15.1","22.0","8.3"
"USC00200710","BENTON HARBOR AIRPORT, MI US","42.1245","-86.4266","190.5","1980-06",,"3.3","31.1",,"17.9","23.7","12.1"
"USC00201922","CRYSTAL FALLS 6 NE, MI US","46.16667","-88.23333","414.5","1980-01","0.0","-32.2","4.4","3072.5","-11.6","-5.4","-17.7"
"USC00201922","CRYSTAL FALLS 6 NE, MI US","46.16667","-88.23333","414.5","1980-02","0.0","-30.0","3.3","3969.5","-12.6","-5.1","-20.1"
"USC00201922","CRYSTAL FALLS 6 NE, MI US","46.16667","-88.23333","414.5","1980-03","0.0","-31.1","11.1","4761.7","-7.2","0.2","-14.7"
"USC00201922","CRYSTAL FALLS 6 NE, MI US","46.16667","-88.23333","414.5","1980-04","0.0","-10.6","33.3","5189.5","4.1","10.6","-2.5"
"USC00201922","CRYSTAL FALLS 6 NE, MI US","46.16667","-88.23333","414.5","1980-05","6.2","-2.2","31.7","5363.8","12.7","21.9","3.6"
"USC00201922","CRYSTAL FALLS 6 NE, MI US","46.16667","-88.23333","414.5","1980-06","21.4","-2.2","31.7","5499.4","14.3","21.7","6.9"
"USC00201800","CORNELL 4 WSW, MI US","45.88333","-87.3","268.2","1980-01","0.0","-26.7","7.2",,"-8.6","-3.0","-14.2"
"USC00201800","CORNELL 4 WSW, MI US","45.88333","-87.3","268.2","1980-02","0.0","-23.9","5.6",,"-8.9","-3.0","-14.7"
"USC00201800","CORNELL 4 WSW, MI US","45.88333","-87.3","268.2","1980-03","0.0","-25.6","11.7",,"-4.4","1.9","-10.8"
"USC00201800","CORNELL 4 WSW, MI US","45.88333","-87.3","268.2","1980-04","0.0","-7.8","23.9",,"5.8","12.4","-0.7"
"USC00201800","CORNELL 4 WSW, MI US","45.88333","-87.3","268.2","1980-05","13.1","-1.7","33.3",,"13.4","21.4","5.3"
"USC00203306","GRAND LEDGE 1 NW, MI US","42.7621","-84.7617","244.1","1980-01",,,,,,,
"USC00203306","GRAND LEDGE 1 NW, MI US","42.7621","-84.7617","244.1","1980-02",,,,,,,
"USC00203306","GRAND LEDGE 1 NW, MI US","42.7621","-84.7617","244.1","1980-03",,,,,,,
"USC00203306","GRAND LEDGE 1 NW, MI US","42.7621","-84.7617","244.1","1980-04",,,,,,,
"USC00203306","GRAND LEDGE 1 NW, MI US","42.7621","-84.7617","244.1","1980-05",,,,,,,
"USC00203306","GRAND LEDGE 1 NW, MI US","42.7621","-84.7617","244.1","1980-06",,,,,,,
"USC00203823","HILLSDALE, MI US","41.9352","-84.6411","329.2","1980-01","0.0","-18.3","12.2","2110.9","-4.5","-0.1","-8.9"
"USC00203823","HILLSDALE, MI US","41.9352","-84.6411","329.2","1980-02","0.0","-19.4","5.6","2789.0","-6.5","-1.8","-11.2"
"USC00203823","HILLSDALE, MI US","41.9352","-84.6411","329.2","1980-03","0.0","-22.2","13.9","3316.8","-0.9","4.4","-6.3"
"USC00203823","HILLSDALE, MI US","41.9352","-84.6411","329.2","1980-04","0.0","-3.9","29.4","3631.9","7.5","13.0","2.0"
"USC00203823","HILLSDALE, MI US","41.9352","-84.6411","329.2","1980-05","17.3","-2.2","28.9","3772.7","14.4","21.4","7.4"
"USC00203823","HILLSDALE, MI US","41.9352","-84.6411","329.2","1980-06","59.3","2.2","31.7","3818.6","18.1","25.4","10.7"
"USC00202737","FAYETTE 4 SW, MI US","45.66667","-86.71667","227.1","1980-01","0.0","-23.3","5.6","2349.1","-6.6","-2.7","-10.6"
"USC00202737","FAYETTE 4 SW, MI US","45.66667","-86.71667","227.1","1980-02","0.0","-18.9","2.8","3080.7","-6.9","-3.2","-10.5"
"USC00202737","FAYETTE 4 SW, MI US","45.66667","-86.71667","227.1","1980-03","0.0","-20.0","11.1","3751.3","-3.3","1.3","-7.9"
"USC00202737","FAYETTE 4 SW, MI US","45.66667","-86.71667","227.1","1980-04","0.0","-5.0","20.6","4140.3","5.4","10.1","0.6"
"USC00202737","FAYETTE 4 SW, MI US","45.66667","-86.71667","227.1","1980-05","4.8","1.7","27.8","4319.0","12.7","18.8","6.7"
"USC00202737","FAYETTE 4 SW, MI US","45.66667","-86.71667","227.1","1980-06",,,"26.7",,,"18.9",
"USC00203947","HOWELL WWTP, MI US","42.59382","-83.93251","279.5","1980-01",,,,,,,
"USC00203947","HOWELL WWTP, MI US","42.59382","-83.93251","279.5","1980-02",,,,,,,
"USC00203947","HOWELL WWTP, MI US","42.59382","-83.93251","279.5","1980-03",,,,,,,
"USC00203947","HOWELL WWTP, MI US","42.59382","-83.93251","279.5","1980-04",,,,,,,
"USC00203947","HOWELL WWTP, MI US","42.59382","-83.93251","279.5","1980-05",,,,,,,
"USC00203947","HOWELL WWTP, MI US","42.59382","-83.93251","279.5","1980-06",,,,,,,
"USW00014847","SAULT STE MARIE SANDERSON FIELD, MI US","46.47998","-84.35809","219.8","1980-01","0.0","-25.6","6.7","2795.4","-9.4","-4.9","-14.0"
"USW00014847","SAULT STE MARIE SANDERSON FIELD, MI US","46.47998","-84.35809","219.8","1980-02","0.0","-27.2","2.2","3642.7","-10.9","-6.1","-15.7"
"USW00014847","SAULT STE MARIE SANDERSON FIELD, MI US","46.47998","-84.35809","219.8","1980-03","0.0","-25.0","12.2","4374.5","-5.3","-0.2","-10.4"
"USW00014847","SAULT STE MARIE SANDERSON FIELD, MI US","46.47998","-84.35809","219.8","1980-04","0.0","-8.9","23.9","4773.3","5.0","10.6","-0.6"
"USW00014847","SAULT STE MARIE SANDERSON FIELD, MI US","46.47998","-84.35809","219.8","1980-05","5.3","-1.1","31.1","4966.7","12.3","20.4","4.1"
"USW00014847","SAULT STE MARIE SANDERSON FIELD, MI US","46.47998","-84.35809","219.8","1980-06","14.3","-2.2","30.6","5146.0","12.7","19.5","5.8"
"USC00203663","HASTINGS 3 SE, MI US","42.6158","-85.2364","239.9","1980-01",,,,,,,
"USC00203663","HASTINGS 3 SE, MI US","42.6158","-85.2364","239.9","1980-02",,,,,,,
"USC00203663","HASTINGS 3 SE, MI US","42.6158","-85.2364","239.9","1980-03",,,,,,,
"USC00203663","HASTINGS 3 SE, MI US","42.6158","-85.2364","239.9","1980-04",,,,,,,
"USC00203663","HASTINGS 3 SE, MI US","42.6158","-85.2364","239.9","1980-05",,,,,,,
"USC00203663","HASTINGS 3 SE, MI US","42.6158","-85.2364","239.9","1980-06",,,,,,,
"USC00207867","STEPHENSON 8 WNW, MI US","45.39028","-87.7025","210.3","1980-01","0.0","-27.8","6.7","2559.1","-8.6","-3.8","-13.4"
"USC00207867","STEPHENSON 8 WNW, MI US","45.39028","-87.7025","210.3","1980-02","0.0","-22.2","4.4","3331.0","-8.3","-3.2","-13.4"
"USC00207867","STEPHENSON 8 WNW, MI US","45.39028","-87.7025","210.3","1980-03","0.0","-20.6","11.7","4003.3","-3.4","2.1","-8.9"
"USC00207867","STEPHENSON 8 WNW, MI US","45.39028","-87.7025","210.3","1980-04","0.0","-6.7","32.8","4339.7","7.1","13.5","0.7"
"USC00207867","STEPHENSON 8 WNW, MI US","45.39028","-87.7025","210.3","1980-05","15.6","-1.1","31.7","4471.4","14.6","22.6","6.6"
"USC00207867","STEPHENSON 8 WNW, MI US","45.39028","-87.7025","210.3","1980-06","49.8","-1.1","31.1","4546.7","17.0","24.4","9.6"
"USC00201361","CASS CITY 1 SSW, MI US","43.5861","-83.1805","212.8","1980-01",,,,,,,
"USC00201361","CASS CITY 1 SSW, MI US","43.5861","-83.1805","212.8","1980-02",,,,,,,
"USC00201361","CASS CITY 1 SSW, MI US","43.5861","-83.1805","212.8","1980-03",,,,,,,
"USC00201361","CASS CITY 1 SSW, MI US","43.5861","-83.1805","212.8","1980-04",,,,,,,
"USC00201361","CASS CITY 1 SSW, MI US","43.5861","-83.1805","212.8","1980-05",,,,,,,
"USC00201361","CASS CITY 1 SSW, MI US","43.5861","-83.1805","212.8","1980-06",,,,,,,
"USC00201122","BURLINGTON, MI US","42.103","-85.0833","292.6","1980-01",,,,,,,
"USC00201122","BURLINGTON, MI US","42.103","-85.0833","292.6","1980-02",,,,,,,
"USC00201122","BURLINGTON, MI US","42.103","-85.0833","292.6","1980-03",,,,,,,
"USC00201122","BURLINGTON, MI US","42.103","-85.0833","292.6","1980-04",,,,,,,
"USC00201122","BURLINGTON, MI US","42.103","-85.0833","292.6","1980-05",,,,,,,
"USC00201122","BURLINGTON, MI US","42.103","-85.0833","292.6","1980-06",,,,,,,
"USC00200032","ADRIAN 2 NNE, MI US","41.91636","-84.01635","231.6","1980-01",,,"11.7",,,"0.2",
"USC00200032","ADRIAN 2 NNE, MI US","41.91636","-84.01635","231.6","1980-02",,"-16.7","5.0",,"-5.1","-1.2","-9.1"
"USC00200032","ADRIAN 2 NNE, MI US","41.91636","-84.01635","231.6","1980-03",,"-17.2",,,,,"-4.4"
"USC00200032","ADRIAN 2 NNE, MI US","41.91636","-84.01635","231.6","1980-04",,"-2.8",,,,,"2.2"
"USC00200032","ADRIAN 2 NNE, MI US","41.91636","-84.01635","231.6","1980-05",,"1.1",,,,,"8.5"
"USC00200032","ADRIAN 2 NNE, MI US","41.91636","-84.01635","231.6","1980-06",,"3.3",,,,,"11.4"
"USC00201484","CHATHAM EXPERIMENT FARM, MI US","46.35","-86.93333","268.2","1980-01","0.0","-25.6","5.6","2629.7","-8.2","-3.2","-13.2"
"USC00201484","CHATHAM EXPERIMENT FARM, MI US","46.35","-86.93333","268.2","1980-02","0.0","-29.4","3.3","3409.7","-8.6","-3.7","-13.5"
"USC00201484","CHATHAM EXPERIMENT FARM, MI US","46.35","-86.93333","268.2","1980-03","0.0","-28.9","10.0","4104.5","-4.7","1.5","-10.9"
"USC00201484","CHATHAM EXPERIMENT FARM, MI US","46.35","-86.93333","268.2","1980-04",,,"27.2",,,"11.1",
"USC00201484","CHATHAM EXPERIMENT FARM, MI US","46.35","-86.93333","268.2","1980-05",,"-0.6","31.7",,"12.9","21.2","4.5"
"USC00201484","CHATHAM EXPERIMENT FARM, MI US","46.35","-86.93333","268.2","1980-06",,"-0.6","31.7",,"14.3","21.8","6.7"
"USC00202298","DUNBAR FOREST EXPERIMENTAL ST, MI US","46.31667","-84.23333","182.9","1980-01","0.0","-28.9","7.2","2646.3","-8.2","-3.2","-13.1"
"USC00202298","DUNBAR FOREST EXPERIMENTAL ST, MI US","46.31667","-84.23333","182.9","1980-02","0.0","-31.7","1.7","3495.0","-10.9","-4.9","-17.0"
"USC00202298","DUNBAR FOREST EXPERIMENTAL ST, MI US","46.31667","-84.23333","182.9","1980-03","0.0","-30.6","13.3","4237.1","-5.6","1.2","-12.4"
"USC00202298","DUNBAR FOREST EXPERIMENTAL ST, MI US","46.31667","-84.23333","182.9","1980-04","0.0","-8.9","20.0","4656.9","4.3","9.9","-1.2"
"USC00202298","DUNBAR FOREST EXPERIMENTAL ST, MI US","46.31667","-84.23333","182.9","1980-05","2.0","-2.8","30.0","4852.5","11.6","20.1","3.2"
"USC00202298","DUNBAR FOREST EXPERIMENTAL ST, MI US","46.31667","-84.23333","182.9","1980-06","12.3","-2.8","30.0","5015.2","13.3","20.5","6.0"
"USC00203661","HASTINGS, MI US","42.64208","-85.28819","250.2","1980-01","0.0","-20.6","11.7","2164.7","-5.0","-0.6","-9.3"
"USC00203661","HASTINGS, MI US","42.64208","-85.28819","250.2","1980-02","0.0","-20.6","6.1","2879.4","-6.3","-1.4","-11.2"
"USC00203661","HASTINGS, MI US","42.64208","-85.28819","250.2","1980-03","0.0","-20.6","15.6","3489.2","-1.3","3.7","-6.3"
"USC00203661","HASTINGS, MI US","42.64208","-85.28819","250.2","1980-04","0.0","-5.6","30.6","3824.8","7.1","12.2","2.1"
"USC00203661","HASTINGS, MI US","42.64208","-85.28819","250.2","1980-05","16.5","-0.6","30.0","3962.9","14.4","21.4","7.5"
"USC00203661","HASTINGS, MI US","42.64208","-85.28819","250.2","1980-06","56.0","1.1","30.0","4036.2","17.2","23.4","11.0"
"USC00202851","FLINT 7 W, MI US","43.0377","-83.7694","207.0","1980-01",,,,,,,
"USC00202851","FLINT 7 W, MI US","43.0377","-83.7694","207.0","1980-02",,,,,,,
"USC00202851","FLINT 7 W, MI US","43.0377","-83.7694","207.0","1980-03",,,,,,,
"USC00202851","FLINT 7 W, MI US","43.0377","-83.7694","207.0","1980-04",,,,,,,
"USC00202851","FLINT 7 W, MI US","43.0377","-83.7694","207.0","1980-05",,"-1.1","28.3",,"12.9","19.5","6.4"
"USC00202851","FLINT 7 W, MI US","43.0377","-83.7694","207.0","1980-06",,,,,,,
"USC00205603","MORENCI, MI US","41.7216","-84.2147","234.7","1980-01",,,,,,,
"USC00205603","MORENCI, MI US","41.7216","-84.2147","234.7","1980-02",,,,,,,
"USC00205603","MORENCI, MI US","41.7216","-84.2147","234.7","1980-03",,,,,,,
"USC00205603","MORENCI, MI US","41.7216","-84.2147","234.7","1980-04",,,,,,,
"USC00205603","MORENCI, MI US","41.7216","-84.2147","234.7","1980-05",,,,,,,
"USC00205603","MORENCI, MI US","41.7216","-84.2147","234.7","1980-06",,,,,,,
"USC00209006","WILLIAMSTON, MI US","42.7103","-84.2503","272.8","1980-01",,,,,,,
"USC00209006","WILLIAMSTON, MI US","42.7103","-84.2503","272.8","1980-02",,,,,,,
"USC00209006","WILLIAMSTON, MI US","42.7103","-84.2503","272.8","1980-03",,,,,,,
"USC00209006","WILLIAMSTON, MI US","42.7103","-84.2503","272.8","1980-04",,,,,,,
"USC00206658","PONTIAC WWTP, MI US","42.6388","-83.2555","271.3","1980-01","0.0","-16.1","10.6",,"-4.7","-0.8","-8.7"
"USC00206658","PONTIAC WWTP, MI US","42.6388","-83.2555","271.3","1980-02","0.0","-20.0","7.8",,"-5.8","-1.6","-10.0"
"USC00206658","PONTIAC WWTP, MI US","42.6388","-83.2555","271.3","1980-03","0.0","-19.4","15.6",,"-0.3","4.7","-5.3"
"USC00206658","PONTIAC WWTP, MI US","42.6388","-83.2555","271.3","1980-04","2.0","-3.3","30.6",,"8.4","13.9","2.8"
"USC00206658","PONTIAC WWTP, MI US","42.6388","-83.2555","271.3","1980-05","32.1","0.6","30.0",,"15.9","22.4","9.4"
"USC00206658","PONTIAC WWTP, MI US","42.6388","-83.2555","271.3","1980-06","81.2","1.7","31.1",,"18.2","24.9","11.5"
"USC00200552","BATTLE CREEK 5 NW, MI US","42.3678","-85.2634","281.3","1980-01","0.0","-17.8","11.1","2029.8","-4.3","-0.5","-8.0"
"USC00200552","BATTLE CREEK 5 NW, MI US","42.3678","-85.2634","281.3","1980-02","0.0","-18.9","7.2","2718.7","-5.4","-1.3","-9.5"
"USC00200552","BATTLE CREEK 5 NW, MI US","42.3678","-85.2634","281.3","1980-03","0.0","-20.0","16.1","3288.1","0.0","4.9","-5.0"
"USC00200552","BATTLE CREEK 5 NW, MI US","42.3678","-85.2634","281.3","1980-04","3.4","-4.4","30.6","3596.4","8.2","13.6","2.7"
"USC00200552","BATTLE CREEK 5 NW, MI US","42.3678","-85.2634","281.3","1980-05","25.6","-1.1","30.0","3705.1","15.5","22.5","8.6"
"USC00200552","BATTLE CREEK 5 NW, MI US","42.3678","-85.2634","281.3","1980-06","74.4","2.2","30.0","3760.6","18.1","24.1","12.2"
"USC00207742","SPALDING 1 NW, MI US","45.7019","-87.5255","262.1","1980-01",,,,,,,
"USC00207742","SPALDING 1 NW, MI US","45.7019","-87.5255","262.1","1980-02",,,,,,,
"USC00207742","SPALDING 1 NW, MI US","45.7019","-87.5255","262.1","1980-03",,,,,,,
"USC00207742","SPALDING 1 NW, MI US","45.7019","-87.5255","262.1","1980-04",,,,,,,
"USC00207742","SPALDING 1 NW, MI US","45.7019","-87.5255","262.1","1980-05",,,,,,,
"USC00207742","SPALDING 1 NW, MI US","45.7019","-87.5255","262.1","1980-06",,,,,,,
"USC00205567","MONTAGUE 4 NW, MI US","43.461","-86.41773","198.1","1980-01","0.0","-23.9","9.4","2209.0","-4.6","-1.0","-8.2"
"USC00205567","MONTAGUE 4 NW, MI US","43.461","-86.41773","198.1","1980-02","0.0","-18.3","6.1","2892.3","-5.2","-1.5","-8.9"
"USC00205567","MONTAGUE 4 NW, MI US","43.461","-86.41773","198.1","1980-03","0.0","-21.1","11.7","3474.3","-1.2","3.4","-5.8"
"USC00205567","MONTAGUE 4 NW, MI US","43.461","-86.41773","198.1","1980-04","0.0","-6.7","25.0","3843.6","6.0","11.7","0.3"
"USC00205567","MONTAGUE 4 NW, MI US","43.461","-86.41773","198.1","1980-05","3.4","-1.1","29.4","4014.6","12.9","20.3","5.6"
"USC00205567","MONTAGUE 4 NW, MI US","43.461","-86.41773","198.1","1980-06","16.7","-1.7","28.9","4126.9","15.0","22.2","7.9"
"USC00207880","STEUBEN, MI US","46.18535","-86.46418","221.9","1980-01",,,,,,,
"USC00207880","STEUBEN, MI US","46.18535","-86.46418","221.9","1980-02",,,,,,,
"USC00207880","STEUBEN, MI US","46.18535","-86.46418","221.9","1980-03",,,,,,,
"USC00207880","STEUBEN, MI US","46.18535","-86.46418","221.9","1980-04",,,,,,,
"USC00207880","STEUBEN, MI US","46.18535","-86.46418","221.9","1980-05",,,,,,,
"USC00207880","STEUBEN, MI US","46.18535","-86.46418","221.9","1980-06",,,,,,,
"USW00094814","HOUGHTON LAKE ROSCOMMON CO AIRPORT, MI US","44.35904","-84.6739","350.6","1980-01","0.0","-21.7","8.3","2477.4","-7.2","-2.7","-11.7"
"USW00094814","HOUGHTON LAKE ROSCOMMON CO AIRPORT, MI US","44.35904","-84.6739","350.6","1980-02","0.0","-28.3","2.8","3271.9","-9.1","-3.6","-14.5"
"USW00094814","HOUGHTON LAKE ROSCOMMON CO AIRPORT, MI US","44.35904","-84.6739","350.6","1980-03","0.0","-28.3","11.7","3961.8","-3.9","2.1","-10.0"
"USW00094814","HOUGHTON LAKE ROSCOMMON CO AIRPORT, MI US","44.35904","-84.6739","350.6","1980-04","1.1","-7.2","30.0","4348.1","5.5","10.7","0.3"
"USW00094814","HOUGHTON LAKE ROSCOMMON CO AIRPORT, MI US","44.35904","-84.6739","350.6","1980-05","8.9","-1.1","29.4","4510.8","13.3","20.7","6.0"
"USW00094814","HOUGHTON LAKE ROSCOMMON CO AIRPORT, MI US","44.35904","-84.6739","350.6","1980-06","30.8","-0.6","31.1","4629.6","15.1","21.8","8.4"
"USC00205065","MANISTEE 3 SE, MI US","44.2113","-86.2938","204.2","1980-01","0.0","-16.7","7.8",,"-4.3","-0.2","-8.4"
"USC00205065","MANISTEE 3 SE, MI US","44.2113","-86.2938","204.2","1980-02","0.0","-20.6","6.7",,"-5.4","-0.2","-10.7"
"USC00205065","MANISTEE 3 SE, MI US","44.2113","-86.2938","204.2","1980-03","0.0","-21.7","16.1",,"-1.2","4.9","-7.3"
"USC00205065","MANISTEE 3 SE, MI US","44.2113","-86.2938","204.2","1980-04","0.0","-3.9","29.4",,"7.0","12.5","1.4"
"USC00205065","MANISTEE 3 SE, MI US","44.2113","-86.2938","204.2","1980-05","4.4","0.0","28.9",,"13.6","20.8","6.4"
"USC00205065","MANISTEE 3 SE, MI US","44.2113","-86.2938","204.2","1980-06","27.7","2.2","30.6",,"15.9","22.8","9.1"
"USC00208293","TROUT LAKE 1 SW, MI US","46.1796","-85.0311","250.9","1980-01","0.0","-28.3","7.2","2770.1","-9.4","-3.4","-15.5"
"USC00208293","TROUT LAKE 1 SW, MI US","46.1796","-85.0311","250.9","1980-02","0.0","-37.2","2.2","3639.2","-11.6","-4.1","-19.1"
"USC00208293","TROUT LAKE 1 SW, MI US","46.1796","-85.0311","250.9","1980-03","0.0","-35.0","11.1","4335.5","-5.9","1.4","-13.1"
"USC00208293","TROUT LAKE 1 SW, MI US","46.1796","-85.0311","250.9","1980-04","0.0","-9.4","21.1","4752.5","4.4","10.5","-1.6"
"USC00208293","TROUT LAKE 1 SW, MI US","46.1796","-85.0311","250.9","1980-05",,,"30.6",,,"20.3",
"USC00208293","TROUT LAKE 1 SW, MI US","46.1796","-85.0311","250.9","1980-06",,"-2.8","28.9",,"13.1","20.0","6.2"
"USC00204090","IRON MTN KINGSFORD WWTP, MI US","45.7858","-88.0841","326.4","1980-01","0.0","-28.3","5.6","2680.6","-9.2","-4.2","-14.2"
"USC00204090","IRON MTN KINGSFORD WWTP, MI US","45.7858","-88.0841","326.4","1980-02","0.0","-25.6","3.9","3487.8","-9.5","-3.4","-15.6"
"USC00204090","IRON MTN KINGSFORD WWTP, MI US","45.7858","-88.0841","326.4","1980-03","0.0","-23.3","11.7","4178.9","-4.0","2.5","-10.4"
"USC00204090","IRON MTN KINGSFORD WWTP, MI US","45.7858","-88.0841","326.4","1980-04","0.0","-9.4","34.4","4534.2","6.5","13.5","-0.5"
"USC00204090","IRON MTN KINGSFORD WWTP, MI US","45.7858","-88.0841","326.4","1980-05","14.6","-2.2","32.2","4669.9","14.4","22.8","6.1"
"USC00204090","IRON MTN KINGSFORD WWTP, MI US","45.7858","-88.0841","326.4","1980-06","46.4","-1.1","32.2","4754.2","16.6","24.1","9.1"
"USC00200446","BALDWIN, MI US","43.9005","-85.8505","254.5","1980-01","0.0","-21.7","10.0","2429.5","-6.6","-1.2","-12.0"
"USC00200446","BALDWIN, MI US","43.9005","-85.8505","254.5","1980-02","0.0","-27.2","6.1","3197.1","-8.1","-2.0","-14.3"
"USC00200446","BALDWIN, MI US","43.9005","-85.8505","254.5","1980-03","0.0","-31.7","12.8","3844.1","-3.2","3.1","-9.6"
"USC00200446","BALDWIN, MI US","43.9005","-85.8505","254.5","1980-04","0.0","-8.9","30.6","4218.2","5.9","12.2","-0.5"
"USC00200446","BALDWIN, MI US","43.9005","-85.8505","254.5","1980-05",,,,,,,
"USC00200446","BALDWIN, MI US","43.9005","-85.8505","254.5","1980-06",,"-1.7","31.7",,"15.1","23.0","7.2"
"USW00014859","GRAND MARAIS, MI US","46.66667","-85.95","190.2","1980-01","0.0","-22.2","6.7","2725.5","-7.4","-3.1","-11.7"
"USW00014859","GRAND MARAIS, MI US","46.66667","-85.95","190.2","1980-02","0.0","-25.0","1.7","3516.9","-9.0","-4.4","-13.5"
"USW00014859","GRAND MARAIS, MI US","46.66667","-85.95","190.2","1980-03","0.0","-23.9","7.8","4236.2","-4.9","0.6","-10.3"
"USW00014859","GRAND MARAIS, MI US","46.66667","-85.95","190.2","1980-04","0.0","-8.9","22.8","4638.4","3.9","8.8","-1.0"
"USW00014859","GRAND MARAIS, MI US","46.66667","-85.95","190.2","1980-05","0.0","-3.3","27.2","4888.7","10.2","17.1","3.2"
"USW00014859","GRAND MARAIS, MI US","46.66667","-85.95","190.2","1980-06","8.6","-2.2","29.4","5084.3","12.1","18.8","5.4"
"USW00014858","HANCOCK HOUGHTON CO AIRPORT, MI US","47.16594","-88.48076","323.9","1980-01","0.0","-22.2","2.2","2791.0","-9.1","-5.7","-12.4"
"USW00014858","HANCOCK HOUGHTON CO AIRPORT, MI US","47.16594","-88.48076","323.9","1980-02","0.0","-21.1","1.1","3617.2","-10.2","-6.4","-13.9"
"USW00014858","HANCOCK HOUGHTON CO AIRPORT, MI US","47.16594","-88.48076","323.9","1980-03","0.0","-22.2","8.9","4354.1","-5.4","-1.2","-9.6"
"USW00014858","HANCOCK HOUGHTON CO AIRPORT, MI US","47.16594","-88.48076","323.9","1980-04","0.0","-6.7","26.1","4773.2","4.4","8.8","0.0"
"USW00014858","HANCOCK HOUGHTON CO AIRPORT, MI US","47.16594","-88.48076","323.9","1980-05","17.5","0.6","28.9","4958.8","12.9","18.7","7.1"
"USW00014858","HANCOCK HOUGHTON CO AIRPORT, MI US","47.16594","-88.48076","323.9","1980-06","39.2","0.6","32.8","5095.3","14.5","20.4","8.6"
"USC00205698","MUNITH 5 SW, MI US","42.35","-84.31667","289.6","1980-01",,,,,,,
"USC00205698","MUNITH 5 SW, MI US","42.35","-84.31667","289.6","1980-02",,,,,,,
"USC00205698","MUNITH 5 SW, MI US","42.35","-84.31667","289.6","1980-03",,,,,,,
"USC00205698","MUNITH 5 SW, MI US","42.35","-84.31667","289.6","1980-04",,,,,,,
"USC00205698","MUNITH 5 SW, MI US","42.35","-84.31667","289.6","1980-05",,,,,,,
"USC00205698","MUNITH 5 SW, MI US","42.35","-84.31667","289.6","1980-06",,,,,,,
"USC00206303","OXFORD, MI US","42.8094","-83.2569","317.0","1980-01",,,,,,,
"USC00206303","OXFORD, MI US","42.8094","-83.2569","317.0","1980-02",,,,,,,
"USC00206303","OXFORD, MI US","42.8094","-83.2569","317.0","1980-04",,,,,,,
"USC00206303","OXFORD, MI US","42.8094","-83.2569","317.0","1980-05",,,,,,,
"USC00206303","OXFORD, MI US","42.8094","-83.2569","317.0","1980-06",,,,,,,
"USC00207515","SENEY WILDLIFE REF, MI US","46.28333","-85.95","216.4","1980-01","0.0","-27.2","5.6","2589.8","-8.1","-3.1","-13.2"
"USC00207515","SENEY WILDLIFE REF, MI US","46.28333","-85.95","216.4","1980-02","0.0","-25.6","3.9","3393.8","-9.4","-2.7","-16.1"
"USC00207515","SENEY WILDLIFE REF, MI US","46.28333","-85.95","216.4","1980-03","0.0","-27.8","10.6","4121.6","-5.1","2.3","-12.6"
"USC00207515","SENEY WILDLIFE REF, MI US","46.28333","-85.95","216.4","1980-04","0.0","-7.8","23.9","4499.9","5.7","12.1","-0.6"
"USC00207515","SENEY WILDLIFE REF, MI US","46.28333","-85.95","216.4","1980-05","12.3","-0.6","32.2","4657.1","13.7","21.9","5.4"
"USC00207515","SENEY WILDLIFE REF, MI US","46.28333","-85.95","216.4","1980-06","23.8","-1.1","31.1","4778.2","14.7","22.6","6.8"
"USC00206300","OWOSSO WWTP, MI US","43.0161","-84.18","222.5","1980-01","0.0","-17.2","11.7","2066.4","-4.9","-0.9","-8.8"
"USC00206300","OWOSSO WWTP, MI US","43.0161","-84.18","222.5","1980-02","0.0","-22.2","6.7","2767.0","-6.6","-2.2","-10.9"
"USC00206300","OWOSSO WWTP, MI US","43.0161","-84.18","222.5","1980-03","0.0","-20.0","17.2","3357.5","-0.7","4.2","-5.6"
"USC00206300","OWOSSO WWTP, MI US","43.0161","-84.18","222.5","1980-04","2.5","-3.3","29.4","3678.9","7.7","12.8","2.6"
"USC00206300","OWOSSO WWTP, MI US","43.0161","-84.18","222.5","1980-05","23.4","-0.6","28.9","3794.4","15.3","21.9","8.6"
"USC00206300","OWOSSO WWTP, MI US","43.0161","-84.18","222.5","1980-06","67.2","1.7","31.7","3853.3","17.8","24.5","11.2"
"USC00204244","KALAMAZOO STATE HOSPITAL, MI US","42.28333","-85.6","289.6","1980-01","0.0","-16.7","12.2",,"-4.1","-0.4","-7.9"
"USC00204244","KALAMAZOO STATE HOSPITAL, MI US","42.28333","-85.6","289.6","1980-02","0.0","-18.3","8.3",,"-4.7","-0.3","-9.2"
"USC00204244","KALAMAZOO STATE HOSPITAL, MI US","42.28333","-85.6","289.6","1980-03","0.0","-18.3","15.6",,"-0.6","4.9","-6.1"
"USC00201896","CROSS VILLAGE 1 E, MI US","45.6413","-85.0141","219.8","1980-01","0.0","-25.0","8.3","2290.8","-6.0","-2.3","-9.8"
"USC00201896","CROSS VILLAGE 1 E, MI US","45.6413","-85.0141","219.8","1980-02","0.0","-30.6","2.8","3079.1","-8.9","-3.4","-14.4"
"USC00201896","CROSS VILLAGE 1 E, MI US","45.6413","-85.0141","219.8","1980-03","0.0","-26.1","11.7","3744.8","-3.1","2.7","-9.0"
"USC00201896","CROSS VILLAGE 1 E, MI US","45.6413","-85.0141","219.8","1980-04","0.0","-7.2","23.9","4126.2","5.6","10.7","0.5"
"USC00201896","CROSS VILLAGE 1 E, MI US","45.6413","-85.0141","219.8","1980-05","4.7","-1.1","27.8","4295.1","13.0","20.2","5.8"
"USC00201896","CROSS VILLAGE 1 E, MI US","45.6413","-85.0141","219.8","1980-06","18.4","1.1","27.8","4422.9","14.5","20.2","8.9"
"USC00204127","ISHPEMING, MI US","46.48333","-87.65","438.9","1980-01","0.0","-28.9","4.4","2800.1","-9.8","-5.2","-14.5"
"USC00204127","ISHPEMING, MI US","46.48333","-87.65","438.9","1980-02","0.0","-24.4","2.8","3609.3","-9.6","-4.6","-14.5"
"USC00204127","ISHPEMING, MI US","46.48333","-87.65","438.9","1980-03","0.0","-25.6","10.6","4306.2","-4.9","1.3","-11.1"
"USC00204127","ISHPEMING, MI US","46.48333","-87.65","438.9","1980-04","0.3","-12.2","31.1","4705.1","5.1","11.0","-0.9"
"USC00204127","ISHPEMING, MI US","46.48333","-87.65","438.9","1980-05","16.1","-1.1","31.7","4866.7","13.6","21.5","5.7"
"USC00204127","ISHPEMING, MI US","46.48333","-87.65","438.9","1980-06","37.0","-0.6","31.1","4982.1","15.2","22.7","7.6"
"USC00202984","FRANKFORT 2 NE, MI US","44.64822","-86.20986","289.0","1980-01","0.0","-16.7","8.9",,"-4.9","-1.8","-8.1"
"USC00202984","FRANKFORT 2 NE, MI US","44.64822","-86.20986","289.0","1980-02","0.0","-21.1","3.9",,"-5.9","-3.2","-8.6"
"USC00202984","FRANKFORT 2 NE, MI US","44.64822","-86.20986","289.0","1980-03","0.0","-15.6","11.1",,"-1.9","1.9","-5.7"
"USC00202984","FRANKFORT 2 NE, MI US","44.64822","-86.20986","289.0","1980-04","0.0","-3.9","26.7",,"6.1","10.4","1.8"
"USC00202984","FRANKFORT 2 NE, MI US","44.64822","-86.20986","289.0","1980-05",,,,,,,
"USC00202984","FRANKFORT 2 NE, MI US","44.64822","-86.20986","289.0","1980-06",,"3.3","29.4",,"15.1","20.5","9.8"
"USC00207253","SAINT CHARLES, MI US","43.3","-84.16667","182.9","1980-01","0.0","-17.8","10.6",,"-4.6","-0.4","-8.7"
"USC00207253","SAINT CHARLES, MI US","43.3","-84.16667","182.9","1980-02","0.0","-21.1","9.4",,"-5.1","-0.7","-9.5"
"USC00207253","SAINT CHARLES, MI US","43.3","-84.16667","182.9","1980-03","0.0","-21.7","16.7",,"-0.6","4.5","-5.7"
"USC00207253","SAINT CHARLES, MI US","43.3","-84.16667","182.9","1980-04","1.7","-6.7","30.6",,"8.2","13.7","2.6"
"USC00207253","SAINT CHARLES, MI US","43.3","-84.16667","182.9","1980-05","29.6","0.6","31.1",,"15.8","22.9","8.7"
"USC00207253","SAINT CHARLES, MI US","43.3","-84.16667","182.9","1980-06","81.3","3.3","33.3",,"18.6","26.1","11.1"
"USC00205073","MANISTIQUE WWTP, MI US","45.9512","-86.2513","182.9","1980-01","0.0","-23.9","5.6","2554.9","-6.9","-2.3","-11.6"
"USC00205073","MANISTIQUE WWTP, MI US","45.9512","-86.2513","182.9","1980-02","0.0","-23.3","3.3","3342.7","-8.8","-3.5","-14.1"
"USC00205073","MANISTIQUE WWTP, MI US","45.9512","-86.2513","182.9","1980-03","0.0","-23.3","9.4","4062.3","-4.9","0.0","-9.8"
"USC00205073","MANISTIQUE WWTP, MI US","45.9512","-86.2513","182.9","1980-04","0.0","-6.1","16.7","4450.8","5.0","9.3","0.6"
"USC00205073","MANISTIQUE WWTP, MI US","45.9512","-86.2513","182.9","1980-05","0.0","1.1","26.7","4659.2","11.6","16.9","6.3"
"USC00205073","MANISTIQUE WWTP, MI US","45.9512","-86.2513","182.9","1980-06","0.0","1.1","25.0","4836.5","12.4","16.9","7.9"
"USC00203290","GRAND HAVEN FIRE DEPARTMENT, MI US","43.06222","-86.22444","189.0","1980-01","0.0","-15.6","10.0","1884.7","-3.1","-0.1","-6.2"
"USC00203290","GRAND HAVEN FIRE DEPARTMENT, MI US","43.06222","-86.22444","189.0","1980-02","0.0","-18.3","6.1","2526.2","-3.8","-0.5","-7.1"
"USC00203290","GRAND HAVEN FIRE DEPARTMENT, MI US","43.06222","-86.22444","189.0","1980-03","0.0","-17.2","14.4","3077.7","0.5","4.4","-3.4"
"USC00203290","GRAND HAVEN FIRE DEPARTMENT, MI US","43.06222","-86.22444","189.0","1980-04","1.4","-3.3","26.7","3392.9","7.9","12.4","3.3"
"USC00203290","GRAND HAVEN FIRE DEPARTMENT, MI US","43.06222","-86.22444","189.0","1980-05","23.4","2.2","30.0","3524.8","14.8","20.4","9.1"
"USC00203290","GRAND HAVEN FIRE DEPARTMENT, MI US","43.06222","-86.22444","189.0","1980-06","72.0","4.4","31.1","3577.6","18.2","23.7","12.6"
"USC00208184","THREE RIVERS, MI US","41.9299","-85.6385","246.9","1980-01","0.0","-18.3","11.1","1995.1","-4.2","-0.3","-8.0"
"USC00208184","THREE RIVERS, MI US","41.9299","-85.6385","246.9","1980-02","0.0","-17.8","6.1","2681.7","-5.3","-0.9","-9.7"
"USC00208184","THREE RIVERS, MI US","41.9299","-85.6385","246.9","1980-03","0.0","-20.0","13.9","3238.8","0.4","5.4","-4.6"
"USC00208184","THREE RIVERS, MI US","41.9299","-85.6385","246.9","1980-04","3.6","-3.9","30.6","3539.4","8.4","14.1","2.8"
"USC00208184","THREE RIVERS, MI US","41.9299","-85.6385","246.9","1980-05","32.6","-1.1","31.1","3637.0","16.1","23.4","8.8"
"USC00208184","THREE RIVERS, MI US","41.9299","-85.6385","246.9","1980-06","93.6","2.8","32.2","3677.9","19.0","25.6","12.4"
"USC00207094","ROGERS CITY, MI US","45.4169","-83.8158","187.5","1980-01","0.0","-20.0","8.9","2462.9","-6.4","-1.9","-11.0"
"USC00207094","ROGERS CITY, MI US","45.4169","-83.8158","187.5","1980-02",,"-23.9","2.8",,"-9.4","-4.6","-14.3"
"USC00207094","ROGERS CITY, MI US","45.4169","-83.8158","187.5","1980-03",,"-25.6","12.2",,"-4.5","0.9","-9.9"
"USC00207094","ROGERS CITY, MI US","45.4169","-83.8158","187.5","1980-04",,"-7.2","21.7",,"4.8","9.2","0.4"
"USC00207094","ROGERS CITY, MI US","45.4169","-83.8158","187.5","1980-05",,"-0.6","31.7",,"12.6","19.1","6.1"
"USC00207094","ROGERS CITY, MI US","45.4169","-83.8158","187.5","1980-06",,"0.6","30.6",,"14.3","20.1","8.4"
"USC00204939","LOWELL 2 SE, MI US","42.925","-85.3427","231.6","1980-01",,,,,,,
"USC00204939","LOWELL 2 SE, MI US","42.925","-85.3427","231.6","1980-02",,,,,,,
"USC00204939","LOWELL 2 SE, MI US","42.925","-85.3427","231.6","1980-03",,,,,,,
"USC00204939","LOWELL 2 SE, MI US","42.925","-85.3427","231.6","1980-04",,,,,,,
"USC00204939","LOWELL 2 SE, MI US","42.925","-85.3427","231.6","1980-05",,,,,,,
"USC00204939","LOWELL 2 SE, MI US","42.925","-85.3427","231.6","1980-06",,,,,,,
"USC00203969","HUDSON 3 E, MI US","41.8483","-84.2938","266.7","1980-01",,,,,,,
"USC00203969","HUDSON 3 E, MI US","41.8483","-84.2938","266.7","1980-02",,,,,,,
"USC00203969","HUDSON 3 E, MI US","41.8483","-84.2938","266.7","1980-03",,,,,,,
"USC00203969","HUDSON 3 E, MI US","41.8483","-84.2938","266.7","1980-04",,,,,,,
"USC00203969","HUDSON 3 E, MI US","41.8483","-84.2938","266.7","1980-05",,,,,,,
"USC00203969","HUDSON 3 E, MI US","41.8483","-84.2938","266.7","1980-06",,,,,,,
"USC00204257","KALKASKA, MI US","44.728","-85.1727","315.5","1980-01",,,,,,,
"USC00204257","KALKASKA, MI US","44.728","-85.1727","315.5","1980-02",,,,,,,
"USC00204257","KALKASKA, MI US","44.728","-85.1727","315.5","1980-03",,,,,,,
"USC00204257","KALKASKA, MI US","44.728","-85.1727","315.5","1980-04",,,,,,,
"USC00204257","KALKASKA, MI US","44.728","-85.1727","315.5","1980-05",,"0.0","28.9",,"13.3","20.2","6.3"
"USC00204257","KALKASKA, MI US","44.728","-85.1727","315.5","1980-06",,,,,,,
"USC00206158","OLD MISSION 3 SSW, MI US","44.9215","-85.5161","199.9","1980-01","0.0","-15.6","9.4",,"-5.4","-1.6","-9.1"
"USC00206158","OLD MISSION 3 SSW, MI US","44.9215","-85.5161","199.9","1980-02","0.0","-27.8","3.3",,"-7.3","-3.3","-11.3"
"USC00206158","OLD MISSION 3 SSW, MI US","44.9215","-85.5161","199.9","1980-03","0.0","-26.7","10.6",,"-3.3","1.3","-7.9"
"USC00206158","OLD MISSION 3 SSW, MI US","44.9215","-85.5161","199.9","1980-04","0.0","-5.0","29.4",,"5.5","10.0","1.0"
"USC00206158","OLD MISSION 3 SSW, MI US","44.9215","-85.5161","199.9","1980-05","7.2","-0.6","29.4",,"12.9","19.8","6.0"
"USC00206158","OLD MISSION 3 SSW, MI US","44.9215","-85.5161","199.9","1980-06","32.6","1.1","30.6",,"15.0","20.9","9.1"
"USC00202631","ESSEXVILLE, MI US","43.6155","-83.845","179.2","1980-01","0.0","-15.0","10.0","2108.7","-4.8","-1.0","-8.5"
"USC00202631","ESSEXVILLE, MI US","43.6155","-83.845","179.2","1980-02","0.0","-21.1","3.9","2820.9","-6.2","-2.6","-9.9"
"USC00202631","ESSEXVILLE, MI US","43.6155","-83.845","179.2","1980-03","0.0","-20.6","14.4","3435.8","-1.5","2.2","-5.2"
"USC00202631","ESSEXVILLE, MI US","43.6155","-83.845","179.2","1980-04","0.0","-2.8","29.4","3768.7","7.2","11.2","3.3"
"USC00202631","ESSEXVILLE, MI US","43.6155","-83.845","179.2","1980-05","18.6","2.2","30.0","3893.6","14.7","19.8","9.6"
"USC00202631","ESSEXVILLE, MI US","43.6155","-83.845","179.2","1980-06","61.1","2.8","31.7","3966.9","17.3","22.6","12.0"
"USC00204655","LAPEER WWTP, MI US","43.0608","-83.3074","249.9","1980-01","0.0","-17.8","11.1","2027.7","-5.1","-0.8","-9.3"
"USC00204655","LAPEER WWTP, MI US","43.0608","-83.3074","249.9","1980-02","0.0","-21.7","7.2","2722.8","-6.4","-0.9","-11.8"
"USC00204655","LAPEER WWTP, MI US","43.0608","-83.3074","249.9","1980-03","0.0","-24.4","17.2","3320.4","-0.9","4.9","-6.7"
"USC00204655","LAPEER WWTP, MI US","43.0608","-83.3074","249.9","1980-04","0.0","-5.0","28.9","3643.3","7.6","13.7","1.4"
"USC00204655","LAPEER WWTP, MI US","43.0608","-83.3074","249.9","1980-05","13.6","-0.6","29.4","3776.4","14.5","22.3","6.7"
"USC00204655","LAPEER WWTP, MI US","43.0608","-83.3074","249.9","1980-06","42.2","0.0","31.1","3853.6","16.7","24.2","9.2"
"USC00202250","DOWAGIAC 1 W, MI US","41.9856","-86.132","225.6","1980-01",,,"11.7",,,"0.3",
"USC00202250","DOWAGIAC 1 W, MI US","41.9856","-86.132","225.6","1980-02",,"-24.4","7.8",,"-5.4","0.0","-10.9"
"USC00202250","DOWAGIAC 1 W, MI US","41.9856","-86.132","225.6","1980-03",,"-20.6","15.6",,"-0.5","4.5","-5.4"
"USC00202250","DOWAGIAC 1 W, MI US","41.9856","-86.132","225.6","1980-04",,"-3.9","31.1",,"7.5","12.5","2.5"
"USC00202250","DOWAGIAC 1 W, MI US","41.9856","-86.132","225.6","1980-05",,"-1.1","32.2",,"15.0","22.1","7.9"
"USC00202250","DOWAGIAC 1 W, MI US","41.9856","-86.132","225.6","1980-06",,"2.8","31.7",,"18.1","24.6","11.6"
"USC00203616","HARRISON 1 NNW, MI US","44.03333","-84.8","352.3","1980-02",,,,,,,
"USC00203616","HARRISON 1 NNW, MI US","44.03333","-84.8","352.3","1980-03",,,,,,,
"USC00203616","HARRISON 1 NNW, MI US","44.03333","-84.8","352.3","1980-04",,,,,,,
"USC00203616","HARRISON 1 NNW, MI US","44.03333","-84.8","352.3","1980-05",,,,,,,
"USC00203616","HARRISON 1 NNW, MI US","44.03333","-84.8","352.3","1980-06",,,,,,,
"USC00203858","HOLLAND WTP, MI US","42.7989","-86.20635","184.4","1980-01","0.0","-18.9","12.2",,"-3.3","0.1","-6.7"
"USC00203858","HOLLAND WTP, MI US","42.7989","-86.20635","184.4","1980-02","0.0","-18.9","7.2",,"-4.4","-0.4","-8.3"
"USC00203858","HOLLAND WTP, MI US","42.7989","-86.20635","184.4","1980-03","0.0","-20.0","15.0",,"0.5","4.7","-3.7"
"USC00203858","HOLLAND WTP, MI US","42.7989","-86.20635","184.4","1980-04","0.8","-4.4","29.4",,"7.8","12.6","3.0"
"USC00203858","HOLLAND WTP, MI US","42.7989","-86.20635","184.4","1980-05","20.9","-0.6","30.6",,"14.7","21.5","7.9"
"USC00203858","HOLLAND WTP, MI US","42.7989","-86.20635","184.4","1980-06","72.6","0.6","32.2",,"17.9","24.2","11.7"
"USC00200864","BLOOMINGDALE, MI US","42.3838","-85.9626","224.3","1980-01","0.0","-21.7","11.7","2156.2","-4.5","-0.7","-8.2"
"USC00200864","BLOOMINGDALE, MI US","42.3838","-85.9626","224.3","1980-02","0.0","-21.7","6.7","2860.5","-5.9","-1.3","-10.6"
"USC00200864","BLOOMINGDALE, MI US","42.3838","-85.9626","224.3","1980-03","0.0","-20.6","15.6","3465.4","-1.2","3.6","-6.0"
"USC00200864","BLOOMINGDALE, MI US","42.3838","-85.9626","224.3","1980-04","0.6","-4.4","30.6","3807.9","6.9","11.9","1.9"
"USC00200864","BLOOMINGDALE, MI US","42.3838","-85.9626","224.3","1980-05","12.8","-0.6","29.4","3957.8","13.9","20.9","6.8"
"USC00200864","BLOOMINGDALE, MI US","42.3838","-85.9626","224.3","1980-06","48.3","1.7","30.6","4036.6","16.9","23.6","10.3"
"USC00204944","LOWELL, MI US","42.92793","-85.34013","199.9","1980-01",,,,,,,
"USC00204944","LOWELL, MI US","42.92793","-85.34013","199.9","1980-02",,,,,,,
"USC00204944","LOWELL, MI US","42.92793","-85.34013","199.9","1980-03",,,,,,,
"USC00204944","LOWELL, MI US","42.92793","-85.34013","199.9","1980-04",,,,,,,
"USC00204944","LOWELL, MI US","42.92793","-85.34013","199.9","1980-05",,,,,,,
"USC00204944","LOWELL, MI US","42.92793","-85.34013","199.9","1980-06",,,,,,,
"USC00207419","SEBEWAING, MI US","43.73194","-83.45917","178.0","1980-04",,,,,,,
"USC00207419","SEBEWAING, MI US","43.73194","-83.45917","178.0","1980-05",,,,,,,
"USC00207419","SEBEWAING, MI US","43.73194","-83.45917","178.0","1980-06",,,,,,,
"USC00201439","CHAMPION VAN RIPER P, MI US","46.5193","-87.9859","487.4","1980-01","0.0","-30.0","4.4","3006.4","-11.2","-5.2","-17.1"
"USC00201439","CHAMPION VAN RIPER P, MI US","46.5193","-87.9859","487.4","1980-02","0.0","-31.1","3.3","3885.6","-12.0","-4.5","-19.4"
"USC00201439","CHAMPION VAN RIPER P, MI US","46.5193","-87.9859","487.4","1980-03","0.0","-32.2","10.6","4643.0","-6.1","1.8","-13.9"
"USC00201439","CHAMPION VAN RIPER P, MI US","46.5193","-87.9859","487.4","1980-04","0.0","-15.0","33.3","5050.2","4.3","11.5","-3.0"
"USC00201439","CHAMPION VAN RIPER P, MI US","46.5193","-87.9859","487.4","1980-06",,"-4.4","30.6",,"13.9","22.3","5.6"
"USC00207812","STAMBAUGH 2 SSE, MI US","46.0555","-88.6275","442.0","1980-01","0.0","-32.8","5.6","2896.9","-11.1","-5.2","-17.0"
"USC00207812","STAMBAUGH 2 SSE, MI US","46.0555","-88.6275","442.0","1980-02","0.0","-31.1","3.3","3766.9","-11.7","-3.7","-19.6"
"USC00207812","STAMBAUGH 2 SSE, MI US","46.0555","-88.6275","442.0","1980-03","0.0","-31.7","10.6","4505.1","-5.5","2.0","-13.0"
"USC00207812","STAMBAUGH 2 SSE, MI US","46.0555","-88.6275","442.0","1980-04","0.0","-11.1","33.3","4880.1","5.8","13.3","-1.6"
"USC00207812","STAMBAUGH 2 SSE, MI US","46.0555","-88.6275","442.0","1980-05","4.1","-2.8","31.1","5040.8","13.3","22.6","3.9"
"USC00207812","STAMBAUGH 2 SSE, MI US","46.0555","-88.6275","442.0","1980-06","21.1","-2.8","31.1","5145.6","15.4","23.5","7.3"
"USC00208468","VESTABURG, MI US","43.3925","-84.90917","278.9","1980-01",,,,,,,
"USC00208468","VESTABURG, MI US","43.3925","-84.90917","278.9","1980-02",,,,,,,
"USC00208468","VESTABURG, MI US","43.3925","-84.90917","278.9","1980-03",,,,,,,
"USC00208468","VESTABURG, MI US","43.3925","-84.90917","278.9","1980-04",,,,,,,
"USC00208468","VESTABURG, MI US","43.3925","-84.90917","278.9","1980-05",,,,,,,
"USC00208468","VESTABURG, MI US","43.3925","-84.90917","278.9","1980-06",,,,,,,
"USC00200343","ATLANTA 5 WNW, MI US","45.02833","-84.23306","359.7","1980-01","0.0","-26.1","8.9","2465.9","-6.4","-0.7","-12.2"
"USC00200343","ATLANTA 5 WNW, MI US","45.02833","-84.23306","359.7","1980-02","0.0","-28.9","3.3","3266.6","-9.3","-2.8","-15.8"
"USC00200343","ATLANTA 5 WNW, MI US","45.02833","-84.23306","359.7","1980-03","0.0","-30.0","14.4","3946.3","-4.3","2.6","-11.2"
"USC00200343","ATLANTA 5 WNW, MI US","45.02833","-84.23306","359.7","1980-04","0.0","-10.6","30.6","4329.6","5.6","11.8","-0.7"
"USC00200343","ATLANTA 5 WNW, MI US","45.02833","-84.23306","359.7","1980-05","8.3","-3.3","32.2","4479.8","13.3","23.7","2.9"
"USC00200343","ATLANTA 5 WNW, MI US","45.02833","-84.23306","359.7","1980-06","36.5","-2.8","33.3","4605.4","15.1","23.3","6.9"
"USC00201675","COLDWATER ST SCHOOL, MI US","41.9622","-84.9925","299.9","1980-01","0.0","-18.3","11.7","2102.1","-4.9","-0.5","-9.4"
"USC00201675","COLDWATER ST SCHOOL, MI US","41.9622","-84.9925","299.9","1980-02","0.0","-19.4","5.0","2815.3","-6.3","-1.6","-10.9"
"USC00201675","COLDWATER ST SCHOOL, MI US","41.9622","-84.9925","299.9","1980-03","0.0","-21.1","14.4","3411.4","-0.9","4.2","-5.9"
"USC00201675","COLDWATER ST SCHOOL, MI US","41.9622","-84.9925","299.9","1980-04","0.0","-4.4","30.0","3746.8","7.1","12.9","1.4"
"USC00201675","COLDWATER ST SCHOOL, MI US","41.9622","-84.9925","299.9","1980-05","15.9","1.7","30.0","3844.3","15.2","21.6","8.8"
"USC00201675","COLDWATER ST SCHOOL, MI US","41.9622","-84.9925","299.9","1980-06","63.3","2.8","31.7","3901.1","18.0","24.5","11.5"
"USC00206184","ONAWAY 4 N, MI US","45.4108","-84.2233","227.1","1980-01","0.0","-22.2","8.9",,"-7.0","-2.4","-11.6"
"USC00206184","ONAWAY 4 N, MI US","45.4108","-84.2233","227.1","1980-02",,"-27.8","2.8",,"-9.7","-3.7","-15.6"
"USC00206184","ONAWAY 4 N, MI US","45.4108","-84.2233","227.1","1980-03",,"-27.2","13.9",,"-3.3","3.0","-9.6"
"USC00206184","ONAWAY 4 N, MI US","45.4108","-84.2233","227.1","1980-04",,"-6.7","23.9",,"5.7","11.1","0.2"
"USC00206184","ONAWAY 4 N, MI US","45.4108","-84.2233","227.1","1980-05",,"0.0","31.1",,"14.0","21.9","6.1"
"USC00206184","ONAWAY 4 N, MI US","45.4108","-84.2233","227.1","1980-06",,"1.1","31.1",,"16.1","23.3","8.8"
"USW00094847","DETROIT METRO AIRPORT, MI US","42.23113","-83.33121","191.9","1980-01","0.0","-16.1","12.2","2053.9","-4.2","-0.2","-8.1"
"USW00094847","DETROIT METRO AIRPORT, MI US","42.23113","-83.33121","191.9","1980-02","0.0","-17.8","5.6","2742.9","-5.4","-1.5","-9.3"
"USW00094847","DETROIT METRO AIRPORT, MI US","42.23113","-83.33121","191.9","1980-03","0.0","-18.3","14.4","3323.4","-0.4","4.4","-5.1"
"USW00094847","DETROIT METRO AIRPORT, MI US","42.23113","-83.33121","191.9","1980-04","1.4","-2.2","30.6","3643.0","7.7","13.0","2.4"
"USW00094847","DETROIT METRO AIRPORT, MI US","42.23113","-83.33121","191.9","1980-05","20.9","0.6","29.4","3751.9","15.4","21.6","9.3"
"USW00094847","DETROIT METRO AIRPORT, MI US","42.23113","-83.33121","191.9","1980-06","57.7","3.3","32.2","3811.1","17.6","23.8","11.4"
"USC00207277","BEAVER ISLAND, MI US","45.6911","-85.5463","204.8","1980-01","0.0","-18.9","7.8",,"-6.1","-2.6","-9.5"
"USC00207277","BEAVER ISLAND, MI US","45.6911","-85.5463","204.8","1980-02","0.0","-24.4","2.2",,"-8.9","-4.2","-13.6"
"USC00207277","BEAVER ISLAND, MI US","45.6911","-85.5463","204.8","1980-03","0.0","-18.9","11.1",,"-3.2","1.6","-8.0"
"USC00207277","BEAVER ISLAND, MI US","45.6911","-85.5463","204.8","1980-04","0.0","-6.1","17.2",,"3.5","8.3","-1.3"
"USC00207277","BEAVER ISLAND, MI US","45.6911","-85.5463","204.8","1980-05","0.0","-0.6","26.7",,"11.2","17.9","4.4"
"USC00207277","BEAVER ISLAND, MI US","45.6911","-85.5463","204.8","1980-06","4.4","2.2","28.3",,"13.3","19.4","7.2"
"USW00094849","ALPENA CO REGIONAL AIRPORT, MI US","45.0716","-83.56451","208.3","1980-01","0.0","-19.4","8.3","2494.0","-6.8","-2.5","-11.1"
"USW00094849","ALPENA CO REGIONAL AIRPORT, MI US","45.0716","-83.56451","208.3","1980-02","0.0","-24.4","3.9","3271.2","-8.5","-4.2","-12.7"
"USW00094849","ALPENA CO REGIONAL AIRPORT, MI US","45.0716","-83.56451","208.3","1980-03","0.0","-25.0","14.4","3942.8","-3.3","2.0","-8.7"
"USW00094849","ALPENA CO REGIONAL AIRPORT, MI US","45.0716","-83.56451","208.3","1980-04","0.0","-7.2","23.9","4352.8","4.7","9.7","-0.3"
"USW00094849","ALPENA CO REGIONAL AIRPORT, MI US","45.0716","-83.56451","208.3","1980-05","4.2","-0.6","31.7","4551.8","12.1","19.1","5.0"
"USW00094849","ALPENA CO REGIONAL AIRPORT, MI US","45.0716","-83.56451","208.3","1980-06","27.3","-1.1","32.2","4711.5","13.8","20.2","7.3"
"USC00202381","EAST JORDAN, MI US","45.15179","-85.1324","178.9","1980-01","0.0","-26.7","8.9",,"-6.5","-2.3","-10.6"
"USC00202381","EAST JORDAN, MI US","45.15179","-85.1324","178.9","1980-02","0.0","-29.4","3.9",,"-8.6","-2.5","-14.7"
"USC00202381","EAST JORDAN, MI US","45.15179","-85.1324","178.9","1980-03","0.0","-28.3","12.8",,"-2.8","2.9","-8.5"
"USC00202381","EAST JORDAN, MI US","45.15179","-85.1324","178.9","1980-04","0.0","-7.2","31.1",,"6.3","12.1","0.4"
"USC00202381","EAST JORDAN, MI US","45.15179","-85.1324","178.9","1980-05","6.4","-1.1","30.0",,"13.5","21.8","5.2"
"USC00202381","EAST JORDAN, MI US","45.15179","-85.1324","178.9","1980-06","33.6","-0.6","32.2",,"15.6","23.5","7.7"
"USC00205892","NILES, MI US","41.8405","-86.2658","198.1","1980-01",,,,,,,
"USC00205892","NILES, MI US","41.8405","-86.2658","198.1","1980-02",,,,,,,
"USC00205892","NILES, MI US","41.8405","-86.2658","198.1","1980-03",,,,,,,
"USC00205892","NILES, MI US","41.8405","-86.2658","198.1","1980-04",,,,,,,
"USC00205892","NILES, MI US","41.8405","-86.2658","198.1","1980-05",,,,,,,
"USC00205892","NILES, MI US","41.8405","-86.2658","198.1","1980-06",,,,,,,
"USC00206220","ONTONAGON 6 SE, MI US","46.8343","-89.2074","240.8","1980-01","0.0","-26.7","4.4","2573.7","-8.9","-4.0","-13.8"
"USC00206220","ONTONAGON 6 SE, MI US","46.8343","-89.2074","240.8","1980-02","0.0","-27.2","3.3","3390.6","-9.8","-3.7","-15.9"
"USC00206220","ONTONAGON 6 SE, MI US","46.8343","-89.2074","240.8","1980-03","0.0","-31.1","12.2","4100.0","-4.6","2.3","-11.4"
"USC00206220","ONTONAGON 6 SE, MI US","46.8343","-89.2074","240.8","1980-04","2.5","-9.4","30.0","4476.0","5.9","11.8","0.0"
"USC00206220","ONTONAGON 6 SE, MI US","46.8343","-89.2074","240.8","1980-05","11.9","-1.1","30.0","4643.4","13.2","21.1","5.4"
"USC00206220","ONTONAGON 6 SE, MI US","46.8343","-89.2074","240.8","1980-06","29.3","-2.2","32.8","4752.4","15.3","22.9","7.7"
"USC00205097","MAPLE CITY 1 E, MI US","44.855","-85.8352","243.5","1980-01","0.0","-17.8","10.0","2188.3","-5.3","-1.6","-9.0"
"USC00205097","MAPLE CITY 1 E, MI US","44.855","-85.8352","243.5","1980-02","0.0","-20.6","4.4","2907.4","-6.5","-2.1","-10.9"
"USC00205097","MAPLE CITY 1 E, MI US","44.855","-85.8352","243.5","1980-03","0.0","-21.1","12.2","3544.0","-2.2","3.0","-7.4"
"USC00205097","MAPLE CITY 1 E, MI US","44.855","-85.8352","243.5","1980-04","3.1","-5.6","32.2","3904.4","6.4","11.9","1.0"
"USC00205097","MAPLE CITY 1 E, MI US","44.855","-85.8352","243.5","1980-05","15.9","-1.7","30.6","4053.8","13.9","21.8","6.1"
"USC00205097","MAPLE CITY 1 E, MI US","44.855","-85.8352","243.5","1980-06","50.7","-1.1","31.7","4145.9","16.4","23.1","9.7"
"USC00207274","ST IGNACE MACKINAC B, MI US","45.8488","-84.7227","181.4","1980-01","0.0","-20.6","7.2","2353.8","-6.1","-2.4","-9.8"
"USC00207274","ST IGNACE MACKINAC B, MI US","45.8488","-84.7227","181.4","1980-02","0.0","-22.2","3.9","3165.8","-9.7","-4.8","-14.5"
"USC00207274","ST IGNACE MACKINAC B, MI US","45.8488","-84.7227","181.4","1980-03","0.0","-26.1","11.1","3893.3","-5.1","0.5","-10.8"
"USC00207274","ST IGNACE MACKINAC B, MI US","45.8488","-84.7227","181.4","1980-04","0.0","-5.0","16.7","4293.3","4.5","8.4","0.6"
"USC00207274","ST IGNACE MACKINAC B, MI US","45.8488","-84.7227","181.4","1980-05","0.0","0.6","25.0","4530.4","10.7","16.1","5.3"
"USC00207274","ST IGNACE MACKINAC B, MI US","45.8488","-84.7227","181.4","1980-06","6.9","1.1","28.9","4683.8","13.2","18.5","8.0"
"USC00202140","DIMONDALE 1 WSW, MI US","42.6444","-84.6503","266.7","1980-01",,,,,,,
"USC00202140","DIMONDALE 1 WSW, MI US","42.6444","-84.6503","266.7","1980-02",,,,,,,
"USC00202140","DIMONDALE 1 WSW, MI US","42.6444","-84.6503","266.7","1980-03",,,,,,,
"USC00202140","DIMONDALE 1 WSW, MI US","42.6444","-84.6503","266.7","1980-04",,,,,,,
"USC00202140","DIMONDALE 1 WSW, MI US","42.6444","-84.6503","266.7","1980-05",,,,,,,
"USC00202140","DIMONDALE 1 WSW, MI US","42.6444","-84.6503","266.7","1980-06",,,,,,,
"USC00200632","BEAVERTON 1 ESE, MI US","43.8797","-84.4741","208.2","1980-01",,,,,,,
"USC00200632","BEAVERTON 1 ESE, MI US","43.8797","-84.4741","208.2","1980-02",,,,,,,
"USC00200632","BEAVERTON 1 ESE, MI US","43.8797","-84.4741","208.2","1980-04",,,,,,,
"USC00200632","BEAVERTON 1 ESE, MI US","43.8797","-84.4741","208.2","1980-05",,,,,,,
"USC00200632","BEAVERTON 1 ESE, MI US","43.8797","-84.4741","208.2","1980-06",,,,,,,
"USC00203504","GULL LAKE BIOLOGICAL STATION, MI US","42.3941","-85.385","281.9","1980-01","0.0","-18.9","10.6","1924.9","-4.1","0.0","-8.1"
"USC00203504","GULL LAKE BIOLOGICAL STATION, MI US","42.3941","-85.385","281.9","1980-02","0.0","-19.4","7.2","2621.6","-5.7","-0.9","-10.4"
"USC00203504","GULL LAKE BIOLOGICAL STATION, MI US","42.3941","-85.385","281.9","1980-03","0.0","-18.9","15.0","3194.2","-0.1","5.1","-5.3"
"USC00203504","GULL LAKE BIOLOGICAL STATION, MI US","42.3941","-85.385","281.9","1980-04","1.1","-4.4","26.7","3497.8","8.0","13.5","2.4"
"USC00203504","GULL LAKE BIOLOGICAL STATION, MI US","42.3941","-85.385","281.9","1980-05","19.4","0.0","29.4","3606.5","15.4","22.5","8.4"
"USC00203504","GULL LAKE BIOLOGICAL STATION, MI US","42.3941","-85.385","281.9","1980-06","67.8","1.1","30.6","3652.5","18.4","24.9","11.9"
"USW00014804","MOUNT CLEMENS ANG BASE, MI US","42.6083","-82.8183","176.8","1980-01","0.0","-12.2","8.9","2005.3","-4.0","-0.8","-7.1"
"USW00014804","MOUNT CLEMENS ANG BASE, MI US","42.6083","-82.8183","176.8","1980-02","0.0","-16.7","4.4","2700.3","-5.6","-2.4","-8.9"
"USW00014804","MOUNT CLEMENS ANG BASE, MI US","42.6083","-82.8183","176.8","1980-03","0.0","-16.7","11.7","3283.8","-0.5","3.4","-4.4"
"USW00014804","MOUNT CLEMENS ANG BASE, MI US","42.6083","-82.8183","176.8","1980-04","0.0","-2.2","21.7","3629.1","6.8","11.4","2.2"
"USW00014804","MOUNT CLEMENS ANG BASE, MI US","42.6083","-82.8183","176.8","1980-05","9.2","1.7","28.9","3764.6","14.3","20.1","8.4"
"USW00014804","MOUNT CLEMENS ANG BASE, MI US","42.6083","-82.8183","176.8","1980-06","32.0","3.3","31.7","3841.1","16.6","22.4","10.7"
"USC00203628","HARRISVILLE STATE PARK, MI US","44.64975","-83.29585","186.5","1980-01","0.0","-17.8","10.0","2210.7","-5.0","-0.7","-9.3"
"USC00203628","HARRISVILLE STATE PARK, MI US","44.64975","-83.29585","186.5","1980-02","0.0","-23.3","4.4","2939.3","-6.8","-2.2","-11.3"
"USC00203628","HARRISVILLE STATE PARK, MI US","44.64975","-83.29585","186.5","1980-03","0.0","-22.2","13.9","3551.6","-2.1","3.5","-7.7"
"USC00203628","HARRISVILLE STATE PARK, MI US","44.64975","-83.29585","186.5","1980-04","0.0","-6.1","23.9","3953.7","4.9","9.7","0.2"
"USC00203628","HARRISVILLE STATE PARK, MI US","44.64975","-83.29585","186.5","1980-05","6.4","-0.6","31.1","4163.5","11.8","17.9","5.7"
"USC00203628","HARRISVILLE STATE PARK, MI US","44.64975","-83.29585","186.5","1980-06","38.6","1.1","33.9","4278.9","15.6","21.9","9.2"
"USC00203585","HARBOR BEACH 1 SSE, MI US","43.8322","-82.6427","181.4","1980-02",,"-19.4","3.9",,"-5.7","-1.9","-9.4"
"USC00203585","HARBOR BEACH 1 SSE, MI US","43.8322","-82.6427","181.4","1980-03",,"-18.9","13.3",,"-1.9","2.7","-6.6"
"USC00203585","HARBOR BEACH 1 SSE, MI US","43.8322","-82.6427","181.4","1980-04",,"-4.4","22.2",,"5.7","10.0","1.5"
"USC00203585","HARBOR BEACH 1 SSE, MI US","43.8322","-82.6427","181.4","1980-05",,"1.7","29.4",,"12.6","17.7","7.4"
"USC00203585","HARBOR BEACH 1 SSE, MI US","43.8322","-82.6427","181.4","1980-06",,"3.3","31.1",,"15.9","21.6","10.2"
"USC00205488","MILLINGTON 3 SE, MI US","43.2836","-83.4791","249.9","1980-01",,,,,,,
"USC00205488","MILLINGTON 3 SE, MI US","43.2836","-83.4791","249.9","1980-02",,,,,,,
"USC00205488","MILLINGTON 3 SE, MI US","43.2836","-83.4791","249.9","1980-03",,,,,,,
"USC00205488","MILLINGTON 3 SE, MI US","43.2836","-83.4791","249.9","1980-04",,,,,,,
"USC00205488","MILLINGTON 3 SE, MI US","43.2836","-83.4791","249.9","1980-05",,,,,,,
"USC00205488","MILLINGTON 3 SE, MI US","43.2836","-83.4791","249.9","1980-06",,,,,,,
"USC00200230","ANN ARBOR U OF MICH, MI US","42.29806","-83.66388","247.8","1980-01","0.0","-15.0","11.1","2002.0","-4.3","-0.8","-7.8"
"USC00200230","ANN ARBOR U OF MICH, MI US","42.29806","-83.66388","247.8","1980-02","0.0","-19.4","6.1","2693.4","-5.5","-1.7","-9.3"
"USC00200230","ANN ARBOR U OF MICH, MI US","42.29806","-83.66388","247.8","1980-03","0.0","-18.9","13.3","3271.1","-0.3","4.4","-5.0"
"USC00200230","ANN ARBOR U OF MICH, MI US","42.29806","-83.66388","247.8","1980-04","2.5","-3.3","30.0","3572.7","8.4","13.5","3.2"
"USC00200230","ANN ARBOR U OF MICH, MI US","42.29806","-83.66388","247.8","1980-05","25.7","0.6","29.4","3673.7","15.8","22.2","9.4"
"USC00200230","ANN ARBOR U OF MICH, MI US","42.29806","-83.66388","247.8","1980-06","75.2","2.2","31.1","3725.7","18.3","24.6","11.9"
"USC00202015","DEARBORN, MI US","42.31917","-83.23839","184.4","1980-01","0.0","-15.0","12.2","1947.6","-3.7","0.4","-7.9"
"USC00202015","DEARBORN, MI US","42.31917","-83.23839","184.4","1980-02","0.0","-18.3","7.2","2632.8","-5.3","-0.7","-9.8"
"USC00202015","DEARBORN, MI US","42.31917","-83.23839","184.4","1980-03","0.0","-18.9","15.6","3213.2","-0.4","4.1","-4.9"
"USC00202015","DEARBORN, MI US","42.31917","-83.23839","184.4","1980-04","1.4","-2.8","31.1","3500.7","8.4","13.8","3.1"
"USC00202015","DEARBORN, MI US","42.31917","-83.23839","184.4","1980-05","25.9","0.0","30.6","3605.6","15.7","22.5","9.0"
"USC00202015","DEARBORN, MI US","42.31917","-83.23839","184.4","1980-06","76.5","2.2","32.8","3661.7","18.1","24.9","11.4"
"USC00205801","NEWAYGO 2 SSE, MI US","43.4","-85.78333","234.7","1980-01",,,,,,,
"USC00205801","NEWAYGO 2 SSE, MI US","43.4","-85.78333","234.7","1980-02",,,,,,,
"USC00205801","NEWAYGO 2 SSE, MI US","43.4","-85.78333","234.7","1980-03",,,,,,,
"USC00205801","NEWAYGO 2 SSE, MI US","43.4","-85.78333","234.7","1980-04",,,,,,,
"USC00205801","NEWAYGO 2 SSE, MI US","43.4","-85.78333","234.7","1980-05",,,,,,,
"USC00205801","NEWAYGO 2 SSE, MI US","43.4","-85.78333","234.7","1980-06",,,,,,,
"USC00204954","LUDINGTON, MI US","43.9066","-86.3942","210.3","1980-01","0.0","-19.4","7.8",,"-4.7","-0.6","-8.8"
"USC00204954","LUDINGTON, MI US","43.9066","-86.3942","210.3","1980-02","0.0","-21.7","5.6",,"-5.7","-0.8","-10.6"
"USC00204954","LUDINGTON, MI US","43.9066","-86.3942","210.3","1980-03","0.0","-20.0","13.9",,"-1.1","4.4","-6.6"
"USC00204954","LUDINGTON, MI US","43.9066","-86.3942","210.3","1980-04","0.0","-5.6","27.8",,"6.8","12.4","1.1"
"USC00204954","LUDINGTON, MI US","43.9066","-86.3942","210.3","1980-05","2.2","-1.1","30.0",,"13.3","21.1","5.6"
"USC00204954","LUDINGTON, MI US","43.9066","-86.3942","210.3","1980-06","17.3","0.6","28.3",,"15.3","21.4","9.1"
"USC00203744","HERMAN, MI US","46.6653","-88.3772","523.3","1980-01","0.0","-28.3","4.4","3061.7","-11.4","-6.5","-16.3"
"USC00203744","HERMAN, MI US","46.6653","-88.3772","523.3","1980-02","0.0","-26.7","2.2","3937.7","-11.9","-6.1","-17.7"
"USC00203744","HERMAN, MI US","46.6653","-88.3772","523.3","1980-03","0.0","-32.8","11.7","4695.0","-6.1","1.1","-13.3"
"USC00203744","HERMAN, MI US","46.6653","-88.3772","523.3","1980-04","0.6","-18.3","32.8","5132.2","3.8","10.6","-3.1"
"USC00203744","HERMAN, MI US","46.6653","-88.3772","523.3","1980-05","8.3","-2.8","30.0","5310.0","12.9","21.1","4.6"
"USC00203744","HERMAN, MI US","46.6653","-88.3772","523.3","1980-06","22.1","-3.9","30.0","5456.9","13.9","21.6","6.2"
"USC00207820","STANDISH 4 NE, MI US","44.0126","-83.8977","187.5","1980-01","0.0","-21.1","10.0","2228.2","-5.9","-0.8","-10.9"
"USC00207820","STANDISH 4 NE, MI US","44.0126","-83.8977","187.5","1980-02","0.0","-24.4","3.3","2981.0","-7.6","-2.4","-12.8"
"USC00207820","STANDISH 4 NE, MI US","44.0126","-83.8977","187.5","1980-03","0.0","-24.4","13.9","3654.7","-3.4","2.3","-9.1"
"USC00207820","STANDISH 4 NE, MI US","44.0126","-83.8977","187.5","1980-04","0.0","-4.4","23.9","4037.3","5.6","10.3","0.8"
"USC00207820","STANDISH 4 NE, MI US","44.0126","-83.8977","187.5","1980-05","9.8","-0.6","30.6","4212.8","13.0","19.9","6.0"
"USC00207820","STANDISH 4 NE, MI US","44.0126","-83.8977","187.5","1980-06","34.5","0.6","33.3","4324.1","15.4","22.2","8.7"
"USC00208650","WASHINGTON, MI US","42.73333","-83.03333","227.1","1980-01","0.0","-16.1","11.7","2039.7","-4.5","0.4","-9.4"
"USC00208650","WASHINGTON, MI US","42.73333","-83.03333","227.1","1980-02","0.0","-19.4","7.8","2737.0","-5.7","-0.7","-10.7"
"USC00208650","WASHINGTON, MI US","42.73333","-83.03333","227.1","1980-03","0.0","-20.0","16.1","3347.4","-1.4","4.0","-6.7"
"USC00208650","WASHINGTON, MI US","42.73333","-83.03333","227.1","1980-04","0.3","-3.3","29.4","3665.9","7.7","13.3","2.2"
"USC00208650","WASHINGTON, MI US","42.73333","-83.03333","227.1","1980-05","21.4","0.6","31.7","3787.1","15.1","22.0","8.2"
"USC00208650","WASHINGTON, MI US","42.73333","-83.03333","227.1","1980-06","66.8","2.2","32.8","3855.5","17.6","24.2","10.9"
"USC00208772","WELLSTON TIPPY DAM, MI US","44.2586","-85.9394","198.1","1980-01",,,,,,,
"USC00208772","WELLSTON TIPPY DAM, MI US","44.2586","-85.9394","198.1","1980-02",,,,,,,
"USC00208772","WELLSTON TIPPY DAM, MI US","44.2586","-85.9394","198.1","1980-03",,,,,,,
"USC00208772","WELLSTON TIPPY DAM, MI US","44.2586","-85.9394","198.1","1980-04",,,,,,,
"USC00208772","WELLSTON TIPPY DAM, MI US","44.2586","-85.9394","198.1","1980-05",,,,,,,
"USC00208772","WELLSTON TIPPY DAM, MI US","44.2586","-85.9394","198.1","1980-06",,,,,,,
"USC00200094","ALBION, MI US","42.24941","-84.7732","285.0","1980-01",,,,,,,
"USC00200094","ALBION, MI US","42.24941","-84.7732","285.0","1980-02",,,,,,,
"USC00200094","ALBION, MI US","42.24941","-84.7732","285.0","1980-03",,,,,,,
"USC00200094","ALBION, MI US","42.24941","-84.7732","285.0","1980-04",,,,,,,
"USC00209188","YALE 1 NNW, MI US","43.1447","-82.8011","249.9","1980-01",,,,,,,
"USC00209188","YALE 1 NNW, MI US","43.1447","-82.8011","249.9","1980-02",,,,,,,
"USC00209188","YALE 1 NNW, MI US","43.1447","-82.8011","249.9","1980-03",,,,,,,
"USC00209188","YALE 1 NNW, MI US","43.1447","-82.8011","249.9","1980-04",,,,,,,
"USC00209188","YALE 1 NNW, MI US","43.1447","-82.8011","249.9","1980-05",,,,,,,
"USC00209188","YALE 1 NNW, MI US","43.1447","-82.8011","249.9","1980-06",,,,,,,
"USW00014822","DETROIT CITY AIRPORT, MI US","42.40725","-83.00899","189.8","1980-01","0.0","-11.1","10.6",,"-2.7","0.1","-5.6"
"USW00014822","DETROIT CITY AIRPORT, MI US","42.40725","-83.00899","189.8","1980-02","0.0","-16.7","7.8",,"-4.0","-0.9","-7.1"
"USW00014822","DETROIT CITY AIRPORT, MI US","42.40725","-83.00899","189.8","1980-03","0.0","-15.0","13.9",,"0.0","3.6","-3.5"
"USW00014822","DETROIT CITY AIRPORT, MI US","42.40725","-83.00899","189.8","1980-04","3.1","-1.1","31.1",,"8.5","12.9","4.1"
"USW00014822","DETROIT CITY AIRPORT, MI US","42.40725","-83.00899","189.8","1980-05","34.0","3.9","29.4",,"16.4","21.7","11.1"
"USW00014822","DETROIT CITY AIRPORT, MI US","42.40725","-83.00899","189.8","1980-06","97.3","6.1","32.8",,"19.1","24.2","14.0"
"USW00094850","MARQUETTE WEATHER FORECAST OFFICE, MI US","46.5313","-87.5491","431.3","1980-01","0.0","-30.0","4.4","2960.4","-10.5","-5.6","-15.4"
"USW00094850","MARQUETTE WEATHER FORECAST OFFICE, MI US","46.5313","-87.5491","431.3","1980-02","0.0","-23.9","2.8","3801.8","-10.7","-5.8","-15.5"
"USW00094850","MARQUETTE WEATHER FORECAST OFFICE, MI US","46.5313","-87.5491","431.3","1980-03","0.0","-23.9","10.6","4555.6","-6.0","-0.2","-11.8"
"USW00094850","MARQUETTE WEATHER FORECAST OFFICE, MI US","46.5313","-87.5491","431.3","1980-04","1.1","-13.9","33.3","4988.4","3.9","9.3","-1.4"
"USW00094850","MARQUETTE WEATHER FORECAST OFFICE, MI US","46.5313","-87.5491","431.3","1980-05","12.8","-1.1","31.7","5181.1","12.5","19.7","5.3"
"USW00094850","MARQUETTE WEATHER FORECAST OFFICE, MI US","46.5313","-87.5491","431.3","1980-06","32.0","0.0","31.7","5335.0","13.8","20.2","7.5"
"USC00207280","SAINT JOHNS, MI US","43.0128","-84.5547","226.5","1980-01","0.0","-17.2","11.1","2021.6","-4.3","-0.4","-8.1"
"USC00207280","SAINT JOHNS, MI US","43.0128","-84.5547","226.5","1980-02","0.0","-21.1","6.1","2708.6","-5.4","-0.8","-9.9"
"USC00207280","SAINT JOHNS, MI US","43.0128","-84.5547","226.5","1980-03","0.0","-20.0","16.1","3278.9","-0.1","5.4","-5.5"
"USC00207280","SAINT JOHNS, MI US","43.0128","-84.5547","226.5","1980-04","1.9","-3.9","29.4","3584.4","8.2","14.0","2.5"
"USC00207280","SAINT JOHNS, MI US","43.0128","-84.5547","226.5","1980-05","34.5","-1.1","30.0","3683.6","16.0","22.9","9.1"
"USC00207280","SAINT JOHNS, MI US","43.0128","-84.5547","226.5","1980-06","88.1","1.7","31.7","3735.3","18.4","25.3","11.5"
"USC00205816","NEWBERRY LUCE CO ROAD COMMISSION, MI US","46.35155","-85.51629","241.4","1980-01","0.0","-25.0","5.6","2751.6","-8.4","-4.0","-12.9"
"USC00205816","NEWBERRY LUCE CO ROAD COMMISSION, MI US","46.35155","-85.51629","241.4","1980-02","0.0","-26.1","1.7","3563.5","-9.7","-4.4","-14.9"
"USC00205816","NEWBERRY LUCE CO ROAD COMMISSION, MI US","46.35155","-85.51629","241.4","1980-03","0.0","-24.4","10.6","4274.8","-4.6","0.7","-9.9"
"USC00205816","NEWBERRY LUCE CO ROAD COMMISSION, MI US","46.35155","-85.51629","241.4","1980-04","0.0","-8.3","22.8","4667.4","5.3","10.4","0.1"
"USC00205816","NEWBERRY LUCE CO ROAD COMMISSION, MI US","46.35155","-85.51629","241.4","1980-05","7.5","-0.6","31.7","4839.0","13.0","20.4","5.7"
"USC00205816","NEWBERRY LUCE CO ROAD COMMISSION, MI US","46.35155","-85.51629","241.4","1980-06","14.8","-1.1","28.9","4995.8","13.4","19.8","6.9"
"USC00200128","ALLEGAN 5 NE, MI US","42.5799","-85.7893","228.6","1980-01","0.0","-21.7","12.2","2167.8","-4.4","-0.2","-8.5"
"USC00200128","ALLEGAN 5 NE, MI US","42.5799","-85.7893","228.6","1980-02","0.0","-21.7","7.2","2875.1","-6.1","-1.0","-11.1"
"USC00200128","ALLEGAN 5 NE, MI US","42.5799","-85.7893","228.6","1980-03","0.0","-23.3","15.6","3476.0","-1.1","4.2","-6.3"
"USC00200128","ALLEGAN 5 NE, MI US","42.5799","-85.7893","228.6","1980-04","0.3","-6.1","31.1","3814.6","7.1","12.6","1.5"
"USC00200128","ALLEGAN 5 NE, MI US","42.5799","-85.7893","228.6","1980-05","12.6","-2.2","30.6","3957.9","14.1","21.9","6.4"
"USC00200128","ALLEGAN 5 NE, MI US","42.5799","-85.7893","228.6","1980-06","53.8","0.0","31.7","4040.7","16.9","24.1","9.8"
"USC00206507","PETOSKEY, MI US","45.3725","-84.9766","182.6","1980-01","0.0","-20.6","8.9","2181.6","-4.8","-1.5","-8.2"
"USC00206507","PETOSKEY, MI US","45.3725","-84.9766","182.6","1980-02","0.0","-26.1","3.9","2919.9","-8.0","-3.7","-12.2"
"USC00206507","PETOSKEY, MI US","45.3725","-84.9766","182.6","1980-03","0.0","-22.2","12.2","3572.0","-2.7","2.4","-7.8"
"USC00206507","PETOSKEY, MI US","45.3725","-84.9766","182.6","1980-04","0.0","-5.6","21.1","3962.2","5.3","9.9","0.8"
"USC00206507","PETOSKEY, MI US","45.3725","-84.9766","182.6","1980-05","1.1","1.7","27.8","4171.6","11.4","16.7","6.1"
"USC00206507","PETOSKEY, MI US","45.3725","-84.9766","182.6","1980-06","13.9","2.2","27.8","4308.4","14.2","18.8","9.6"
"USC00204328","KENTON, MI US","46.4863","-88.8916","355.7","1980-01","0.0","-28.9","5.0","2854.3","-10.5","-6.2","-14.8"
"USC00204328","KENTON, MI US","46.4863","-88.8916","355.7","1980-02","0.0","-33.9","2.2","3710.1","-11.2","-4.5","-17.9"
"USC00204328","KENTON, MI US","46.4863","-88.8916","355.7","1980-03","0.0","-30.0","10.6","4380.5","-5.0","1.5","-11.6"
"USC00204328","KENTON, MI US","46.4863","-88.8916","355.7","1980-04","0.0","-9.4","33.3","4773.9","4.6","10.7","-1.4"
"USC00204328","KENTON, MI US","46.4863","-88.8916","355.7","1980-05","8.4","-2.2","31.7","4955.6","12.7","21.4","4.1"
"USC00204328","KENTON, MI US","46.4863","-88.8916","355.7","1980-06","23.1","-2.2","32.2","5096.8","14.1","21.0","7.2"
"USW00014817","CADILLAC, MI US","44.2655","-85.3966","394.7","1980-01","0.0","-18.3","8.9","2500.8","-6.6","-2.2","-10.9"
"USW00014817","CADILLAC, MI US","44.2655","-85.3966","394.7","1980-02","0.0","-28.9","3.3","3294.9","-9.1","-3.3","-14.8"
"USW00014817","CADILLAC, MI US","44.2655","-85.3966","394.7","1980-03","0.0","-28.3","11.1","4013.8","-4.9","0.7","-10.4"
"USW00014817","CADILLAC, MI US","44.2655","-85.3966","394.7","1980-04","0.0","-7.8","30.0","4417.0","4.9","10.3","-0.5"
"USW00014817","CADILLAC, MI US","44.2655","-85.3966","394.7","1980-05","2.8","-2.8","28.9","4595.1","12.7","20.6","4.8"
"USW00014817","CADILLAC, MI US","44.2655","-85.3966","394.7","1980-06","19.5","-0.6","30.6","4726.0","14.5","21.2","7.9"
"USC00204967","LUPTON 1 S, MI US","44.4199","-84.0232","276.8","1980-01","0.0","-22.8","8.9","2552.4","-7.1","-1.1","-13.1"
"USC00204967","LUPTON 1 S, MI US","44.4199","-84.0232","276.8","1980-02","0.0","-26.7","3.9","3341.1","-9.8","-2.8","-16.7"
"USC00204967","LUPTON 1 S, MI US","44.4199","-84.0232","276.8","1980-03","0.0","-28.9","13.3","4061.2","-4.9","2.2","-12.0"
"USC00204967","LUPTON 1 S, MI US","44.4199","-84.0232","276.8","1980-04","0.0","-8.9","27.8","4452.9","5.3","11.3","-0.8"
"USC00204967","LUPTON 1 S, MI US","44.4199","-84.0232","276.8","1980-05","5.3","-3.9","31.7","4632.0","12.7","21.4","3.9"
"USC00204967","LUPTON 1 S, MI US","44.4199","-84.0232","276.8","1980-06","22.1","-2.8","32.2","4766.3","14.4","22.3","6.5"
"USC00200647","BEECHWOOD 7 WNW, MI US","46.18333","-88.88333","506.0","1980-01","0.0","-31.7","5.0","2869.3","-11.1","-6.2","-16.0"
"USC00200647","BEECHWOOD 7 WNW, MI US","46.18333","-88.88333","506.0","1980-02","0.0","-27.8","2.8","3710.0","-10.7","-4.8","-16.5"
"USC00200647","BEECHWOOD 7 WNW, MI US","46.18333","-88.88333","506.0","1980-03","0.0","-26.1","10.0","4439.0","-5.2","1.1","-11.5"
"USC00200647","BEECHWOOD 7 WNW, MI US","46.18333","-88.88333","506.0","1980-04","0.3","-9.4","31.7","4821.7","5.6","12.1","-0.9"
"USC00200647","BEECHWOOD 7 WNW, MI US","46.18333","-88.88333","506.0","1980-05","9.7","-1.7","29.4","4977.0","13.6","21.7","5.6"
"USC00200647","BEECHWOOD 7 WNW, MI US","46.18333","-88.88333","506.0","1980-06","26.1","-1.7","30.0","5086.0","15.3","22.4","8.2"
"USW00014814","ALPENA WASTEWATER PLANT, MI US","45.0605","-83.428","179.8","1980-01","0.0","-16.7","8.9","2294.5","-5.8","-1.8","-9.7"
"USW00014814","ALPENA WASTEWATER PLANT, MI US","45.0605","-83.428","179.8","1980-02","0.0","-23.3","3.9","3039.9","-7.4","-3.4","-11.4"
"USW00014814","ALPENA WASTEWATER PLANT, MI US","45.0605","-83.428","179.8","1980-03","0.0","-19.4","12.2","3686.4","-2.5","1.9","-7.0"
"USW00014814","ALPENA WASTEWATER PLANT, MI US","45.0605","-83.428","179.8","1980-04","0.0","-6.7","22.8","4086.2","5.0","8.8","1.2"
"USW00014814","ALPENA WASTEWATER PLANT, MI US","45.0605","-83.428","179.8","1980-05","6.2","0.6","30.6","4275.9","12.4","17.3","7.5"
"USW00014814","ALPENA WASTEWATER PLANT, MI US","45.0605","-83.428","179.8","1980-06","28.4","2.2","32.8","4390.6","15.3","20.5","10.0"
"USC00200925","BOYNE FALLS, MI US","45.1672","-84.9138","221.9","1980-01","0.0","-26.7","8.9","2361.7","-6.2","-2.0","-10.4"
"USC00200925","BOYNE FALLS, MI US","45.1672","-84.9138","221.9","1980-02","0.0","-32.8","3.9","3145.6","-8.7","-2.6","-14.8"
"USC00200925","BOYNE FALLS, MI US","45.1672","-84.9138","221.9","1980-03","0.0","-28.3","12.8","3803.3","-2.9","3.6","-9.4"
"USC00200925","BOYNE FALLS, MI US","45.1672","-84.9138","221.9","1980-04","1.1","-9.4","31.7","4164.8","6.3","12.4","0.3"
"USC00200925","BOYNE FALLS, MI US","45.1672","-84.9138","221.9","1980-05","12.3","-2.2","31.7","4313.8","13.9","22.7","5.1"
"USC00200925","BOYNE FALLS, MI US","45.1672","-84.9138","221.9","1980-06","44.2","-2.2","32.8","4429.0","15.6","22.8","8.3"
"USC00205531","MIO HYDRO PLANT, MI US","44.6613","-84.1316","292.6","1980-01","0.0","-21.7","8.9","2362.9","-6.4","-1.0","-11.9"
"USC00205531","MIO HYDRO PLANT, MI US","44.6613","-84.1316","292.6","1980-02","0.0","-27.8","2.2","3148.5","-8.8","-2.4","-15.1"
"USC00205531","MIO HYDRO PLANT, MI US","44.6613","-84.1316","292.6","1980-03","0.0","-30.0","13.3","3847.7","-4.2","2.2","-10.6"
"USC00205531","MIO HYDRO PLANT, MI US","44.6613","-84.1316","292.6","1980-04","0.0","-7.8","30.0","4225.4","5.7","11.3","0.2"
"USC00205531","MIO HYDRO PLANT, MI US","44.6613","-84.1316","292.6","1980-05","3.9","-1.7","30.6","4387.3","12.9","20.8","4.9"
"USC00205531","MIO HYDRO PLANT, MI US","44.6613","-84.1316","292.6","1980-06","22.1","0.0","32.8","4513.8","14.6","21.5","7.7"
"USC00204320","KENT CITY 2 SW, MI US","43.2036","-85.7776","247.8","1980-01",,,,,,,
"USC00204320","KENT CITY 2 SW, MI US","43.2036","-85.7776","247.8","1980-02",,,,,,,
"USC00204320","KENT CITY 2 SW, MI US","43.2036","-85.7776","247.8","1980-03",,,,,,,
"USC00204320","KENT CITY 2 SW, MI US","43.2036","-85.7776","247.8","1980-04",,,,,,,
"USC00204320","KENT CITY 2 SW, MI US","43.2036","-85.7776","247.8","1980-05",,,,,,,
"USC00204320","KENT CITY 2 SW, MI US","43.2036","-85.7776","247.8","1980-06",,,,,,,
"USC00200089","ALBERTA FORD FOR CENTER, MI US","46.6448","-88.4812","399.3","1980-01","0.0","-28.9","5.0","2798.1","-10.3","-5.5","-15.1"
"USC00200089","ALBERTA FORD FOR CENTER, MI US","46.6448","-88.4812","399.3","1980-04",,"-13.3","34.4",,"5.1","11.7","-1.6"
"USC00200089","ALBERTA FORD FOR CENTER, MI US","46.6448","-88.4812","399.3","1980-05",,"-0.6","31.7",,"14.1","22.1","6.0"
"USC00200089","ALBERTA FORD FOR CENTER, MI US","46.6448","-88.4812","399.3","1980-06",,"-2.2","31.1",,"15.9","23.3","8.5"
"USC00200485","BARAGA, MI US","46.78333","-88.48333","195.1","1980-01","0.0","-26.7","4.4","2798.2","-9.1","-4.2","-14.0"
"USC00200485","BARAGA, MI US","46.78333","-88.48333","195.1","1980-02","0.0","-30.0","4.4","3640.0","-10.7","-4.3","-17.1"
"USC00200485","BARAGA, MI US","46.78333","-88.48333","195.1","1980-03","0.0","-28.9","11.7","4356.4","-6.4","0.6","-13.3"
"USC00200485","BARAGA, MI US","46.78333","-88.48333","195.1","1980-04","0.3","-9.4","34.4","4781.7","4.2","10.7","-2.4"
"USC00200485","BARAGA, MI US","46.78333","-88.48333","195.1","1980-05","5.3","-2.2","31.1","4975.0","12.0","20.8","3.2"
"USC00200485","BARAGA, MI US","46.78333","-88.48333","195.1","1980-06","20.3","-2.8","32.2","5120.5","14.0","21.5","6.5"
"USC00202784","FIFE LAKE 4 SW, MI US","44.55","-85.41667","328.9","1980-01","0.0","-17.8","9.4",,"-6.6","-2.9","-10.2"
"USC00202784","FIFE LAKE 4 SW, MI US","44.55","-85.41667","328.9","1980-02","0.0","-31.1","3.9",,"-7.9","-3.1","-12.7"
"USC00202784","FIFE LAKE 4 SW, MI US","44.55","-85.41667","328.9","1980-03",,"-25.6","12.2",,"-2.8","3.4","-9.0"
"USC00202784","FIFE LAKE 4 SW, MI US","44.55","-85.41667","328.9","1980-04",,"-8.3",,,,,"0.5"
"USC00202784","FIFE LAKE 4 SW, MI US","44.55","-85.41667","328.9","1980-05",,"-2.2",,,,,"5.4"
"USC00202784","FIFE LAKE 4 SW, MI US","44.55","-85.41667","328.9","1980-06",,"-2.2","31.1",,"15.9","23.2","8.6"
"USC00201299","CARO WWTP, MI US","43.4838","-83.3919","210.3","1980-02",,"-20.6","6.1",,"-6.4","-2.2","-10.5"
"USC00201299","CARO WWTP, MI US","43.4838","-83.3919","210.3","1980-03",,"-25.0","16.7",,"-0.4","4.7","-5.6"
"USC00201299","CARO WWTP, MI US","43.4838","-83.3919","210.3","1980-04",,"-4.4","30.6",,"7.5","13.2","1.8"
"USC00201299","CARO WWTP, MI US","43.4838","-83.3919","210.3","1980-05",,"-0.6","30.6",,"14.8","22.4","7.3"
"USC00201299","CARO WWTP, MI US","43.4838","-83.3919","210.3","1980-06",,"0.0","32.8",,"17.0","24.4","9.6"
"USC00203632","HART 3 WSW, MI US","43.6751","-86.4228","236.2","1980-01","0.0","-17.8","10.0","2167.3","-4.3","-0.6","-7.9"
"USC00203632","HART 3 WSW, MI US","43.6751","-86.4228","236.2","1980-02","0.0","-20.6","6.1","2854.8","-5.4","-1.3","-9.4"
"USC00203632","HART 3 WSW, MI US","43.6751","-86.4228","236.2","1980-03","0.0","-20.0","11.1","3472.2","-1.6","2.9","-6.0"
"USC00203632","HART 3 WSW, MI US","43.6751","-86.4228","236.2","1980-04","0.0","-4.4","28.9","3816.8","6.9","11.5","2.2"
"USC00203632","HART 3 WSW, MI US","43.6751","-86.4228","236.2","1980-05","13.3","1.7","29.4","3962.6","14.1","20.8","7.3"
"USC00203632","HART 3 WSW, MI US","43.6751","-86.4228","236.2","1980-06","50.7","1.7","31.7","4044.2","16.9","22.8","10.9"
"USC00208800","WEST BRANCH 3 SE, MI US","44.2541","-84.2011","269.7","1980-01","0.0","-23.3","9.4","2341.5","-6.3","-1.1","-11.4"
"USC00208800","WEST BRANCH 3 SE, MI US","44.2541","-84.2011","269.7","1980-02","0.0","-26.1","4.4","3107.3","-8.1","-2.4","-13.8"
"USC00208800","WEST BRANCH 3 SE, MI US","44.2541","-84.2011","269.7","1980-03","0.0","-26.7","13.3","3776.7","-3.8","2.4","-10.0"
"USC00208800","WEST BRANCH 3 SE, MI US","44.2541","-84.2011","269.7","1980-04","0.0","-7.2","29.4","4160.6","5.5","11.1","-0.1"
"USC00208800","WEST BRANCH 3 SE, MI US","44.2541","-84.2011","269.7","1980-05","7.8","-1.7","30.6","4310.3","13.4","21.3","5.6"
"USC00208800","WEST BRANCH 3 SE, MI US","44.2541","-84.2011","269.7","1980-06","31.7","-1.1","32.2","4422.0","15.4","22.2","8.6"
"USC00207690","SOUTH HAVEN, MI US","42.4014","-86.2826","179.8","1980-01","0.0","-15.6","11.7","2061.5","-4.3","-0.1","-8.6"
"USC00207690","SOUTH HAVEN, MI US","42.4014","-86.2826","179.8","1980-02","0.0","-17.2","7.2","2710.7","-4.1","-0.6","-7.5"
"USC00207690","SOUTH HAVEN, MI US","42.4014","-86.2826","179.8","1980-03","0.0","-17.2","16.7","3246.8","0.6","4.9","-3.6"
"USC00207690","SOUTH HAVEN, MI US","42.4014","-86.2826","179.8","1980-04","3.3","-2.8","26.1","3587.7","7.1","11.2","2.9"
"USC00207690","SOUTH HAVEN, MI US","42.4014","-86.2826","179.8","1980-05","15.9","0.6","28.3","3741.3","13.8","19.4","8.2"
"USC00207690","SOUTH HAVEN, MI US","42.4014","-86.2826","179.8","1980-06","48.6","3.9","30.6","3816.2","16.9","22.3","11.6"
"USC00203096","GAYLORD, MI US","45.0332","-84.7113","401.7","1980-01","0.0","-23.3","8.3","2436.9","-7.2","-2.4","-12.0"
"USC00203096","GAYLORD, MI US","45.0332","-84.7113","401.7","1980-02","0.0","-32.8","3.3","3250.4","-9.7","-3.2","-16.3"
"USC00203096","GAYLORD, MI US","45.0332","-84.7113","401.7","1980-03","0.0","-31.1","12.2","3933.9","-3.7","3.3","-10.7"
"USC00203096","GAYLORD, MI US","45.0332","-84.7113","401.7","1980-04","0.0","-10.0","31.1","4314.7","5.6","11.8","-0.5"
"USC00203096","GAYLORD, MI US","45.0332","-84.7113","401.7","1980-05","9.1","-2.2","30.0","4467.8","13.7","22.4","5.0"
"USC00203096","GAYLORD, MI US","45.0332","-84.7113","401.7","1980-06","37.5","-1.7","32.8","4586.8","15.3","22.7","7.9"
"USW00094860","GRAND RAPIDS GERALD R FORD INTERNATIONAL AIRPORT, MI US","42.8821","-85.52297","240.3","1980-01","0.0","-18.3","12.8","1979.3","-3.9","0.0","-7.8"
"USW00094860","GRAND RAPIDS GERALD R FORD INTERNATIONAL AIRPORT, MI US","42.8821","-85.52297","240.3","1980-02","0.0","-18.9","6.1","2662.2","-5.2","-1.2","-9.2"
"USW00094860","GRAND RAPIDS GERALD R FORD INTERNATIONAL AIRPORT, MI US","42.8821","-85.52297","240.3","1980-03","0.0","-20.0","16.1","3223.0","0.2","4.9","-4.5"
"USW00094860","GRAND RAPIDS GERALD R FORD INTERNATIONAL AIRPORT, MI US","42.8821","-85.52297","240.3","1980-04","3.3","-3.9","30.0","3526.9","8.3","13.5","3.1"
"USW00094860","GRAND RAPIDS GERALD R FORD INTERNATIONAL AIRPORT, MI US","42.8821","-85.52297","240.3","1980-05","21.4","0.0","30.6","3634.0","15.5","22.5","8.4"
"USW00094860","GRAND RAPIDS GERALD R FORD INTERNATIONAL AIRPORT, MI US","42.8821","-85.52297","240.3","1980-06","72.2","1.7","32.8","3695.1","18.0","24.4","11.6"
"USW00014833","JACKSON REYNOLDS FIELD, MI US","42.26373","-84.45644","295.9","1980-01","0.0","-17.8","12.8",,"-4.9","-1.4","-8.3"
"USW00014833","JACKSON REYNOLDS FIELD, MI US","42.26373","-84.45644","295.9","1980-02","0.0","-20.6","4.4",,"-6.3","-2.7","-9.8"
"USW00014833","JACKSON REYNOLDS FIELD, MI US","42.26373","-84.45644","295.9","1980-03","0.0","-20.6","15.0",,"-0.9","3.5","-5.3"
"USW00014833","JACKSON REYNOLDS FIELD, MI US","42.26373","-84.45644","295.9","1980-04","4.2","-2.8","31.1",,"8.2","13.1","3.3"
"USW00014833","JACKSON REYNOLDS FIELD, MI US","42.26373","-84.45644","295.9","1980-05","26.2","0.0","30.0",,"15.5","22.0","9.0"
"USW00014833","JACKSON REYNOLDS FIELD, MI US","42.26373","-84.45644","295.9","1980-06","87.3","1.7","32.2",,"18.6","24.9","12.3"
"USC00203769","HESPERIA 4 WNW, MI US","43.5908","-86.1056","237.7","1980-01","0.0","-21.1","10.6","2314.6","-5.6","-0.8","-10.4"
"USC00203769","HESPERIA 4 WNW, MI US","43.5908","-86.1056","237.7","1980-03",,"-23.9","13.3",,"-2.6","2.8","-7.9"
"USC00203769","HESPERIA 4 WNW, MI US","43.5908","-86.1056","237.7","1980-04",,"-7.2","29.4",,"6.6","12.2","0.9"
"USC00203769","HESPERIA 4 WNW, MI US","43.5908","-86.1056","237.7","1980-05",,"-2.2","30.0",,"13.4","20.9","6.0"
"USC00203769","HESPERIA 4 WNW, MI US","43.5908","-86.1056","237.7","1980-06",,"-1.7","32.2",,"16.1","23.1","9.0"
"USC00202437","EATON RAPIDS, MI US","42.518","-84.6521","265.2","1980-01",,,,,,,
"USC00202437","EATON RAPIDS, MI US","42.518","-84.6521","265.2","1980-02",,,,,,,
"USC00202437","EATON RAPIDS, MI US","42.518","-84.6521","265.2","1980-03",,,,,,,
"USC00202437","EATON RAPIDS, MI US","42.518","-84.6521","265.2","1980-04",,,,,,,
"USC00202437","EATON RAPIDS, MI US","42.518","-84.6521","265.2","1980-05",,,,,,,
"USC00202437","EATON RAPIDS, MI US","42.518","-84.6521","265.2","1980-06",,,,,,,
"USC00201502","CHELSEA, MI US","42.3263","-84.0133","274.3","1980-01",,,,,,,
"USC00201502","CHELSEA, MI US","42.3263","-84.0133","274.3","1980-02",,,,,,,
"USC00201502","CHELSEA, MI US","42.3263","-84.0133","274.3","1980-03",,,,,,,
"USC00201502","CHELSEA, MI US","42.3263","-84.0133","274.3","1980-04",,,,,,,
"USC00201502","CHELSEA, MI US","42.3263","-84.0133","274.3","1980-05",,,,,,,
"USC00201502","CHELSEA, MI US","42.3263","-84.0133","274.3","1980-06",,,,,,,
"USC00200779","BIG RAPIDS WATER TREATMENT PLANT, MI US","43.7072","-85.4819","273.7","1980-01","0.0","-20.6","10.6","2307.2","-5.7","-0.6","-10.8"
"USC00200779","BIG RAPIDS WATER TREATMENT PLANT, MI US","43.7072","-85.4819","273.7","1980-02","0.0","-23.3","4.4","3045.4","-7.1","-1.4","-12.8"
"USC00200779","BIG RAPIDS WATER TREATMENT PLANT, MI US","43.7072","-85.4819","273.7","1980-03","0.0","-24.4","13.9","3682.7","-2.2","3.8","-8.3"
"USC00200779","BIG RAPIDS WATER TREATMENT PLANT, MI US","43.7072","-85.4819","273.7","1980-04","1.1","-6.1","30.0","4032.5","6.7","12.3","1.1"
"USC00200779","BIG RAPIDS WATER TREATMENT PLANT, MI US","43.7072","-85.4819","273.7","1980-05","9.8","-1.7","30.6","4171.7","14.1","21.5","6.7"
"USC00200779","BIG RAPIDS WATER TREATMENT PLANT, MI US","43.7072","-85.4819","273.7","1980-06","40.9","-1.1","33.9","4262.8","16.3","23.5","9.2"
"USC00200417","BAD AXE, MI US","43.808","-82.9938","217.9","1980-01","0.0","-16.1","10.6","2209.6","-5.1","-1.2","-9.1"
"USC00200417","BAD AXE, MI US","43.808","-82.9938","217.9","1980-02","0.0","-19.4","3.3","2938.9","-6.8","-2.4","-11.2"
"USC00200417","BAD AXE, MI US","43.808","-82.9938","217.9","1980-03","0.0","-18.9","16.1","3581.5","-2.4","2.2","-7.0"
"USC00200417","BAD AXE, MI US","43.808","-82.9938","217.9","1980-05",,"1.1","29.4",,"13.1","19.5","6.7"
"USC00200417","BAD AXE, MI US","43.808","-82.9938","217.9","1980-06",,"2.2","33.3",,"15.8","21.9","9.8"
"USW00014826","FLINT FCWOS, MI US","42.96684","-83.74996","234.8","1980-01","0.0","-17.2","11.7","2076.3","-4.8","-0.9","-8.6"
"USW00014826","FLINT FCWOS, MI US","42.96684","-83.74996","234.8","1980-02","0.0","-19.4","6.7","2796.1","-6.5","-2.6","-10.4"
"USW00014826","FLINT FCWOS, MI US","42.96684","-83.74996","234.8","1980-03","0.0","-19.4","15.6","3400.9","-1.2","3.5","-5.9"
"USW00014826","FLINT FCWOS, MI US","42.96684","-83.74996","234.8","1980-04","1.4","-2.2","28.9","3742.4","7.0","11.5","2.5"
"USW00014826","FLINT FCWOS, MI US","42.96684","-83.74996","234.8","1980-05","15.6","0.0","28.3","3883.6","14.2","20.5","8.0"
"USW00014826","FLINT FCWOS, MI US","42.96684","-83.74996","234.8","1980-06","44.7","1.7","30.6","3970.4","16.4","22.6","10.2"
"USC00203529","HALE LOUD DAM, MI US","44.4633","-83.7216","221.9","1980-01","0.0","-23.9","9.4","2254.1","-5.7","-0.8","-10.6"
"USC00203529","HALE LOUD DAM, MI US","44.4633","-83.7216","221.9","1980-02","0.0","-25.0","4.4","3023.0","-8.2","-3.0","-13.4"
"USC00203529","HALE LOUD DAM, MI US","44.4633","-83.7216","221.9","1980-03","0.0","-28.9","12.2","3699.1","-3.5","3.2","-10.1"
"USC00203529","HALE LOUD DAM, MI US","44.4633","-83.7216","221.9","1980-04","0.0","-7.8","25.6","4068.5","6.0","12.0","0.0"
"USC00203529","HALE LOUD DAM, MI US","44.4633","-83.7216","221.9","1980-05","8.0","-2.2","31.1","4227.9","13.2","20.8","5.6"
"USC00203529","HALE LOUD DAM, MI US","44.4633","-83.7216","221.9","1980-06","29.9","0.0","32.2","4337.1","15.4","22.1","8.7"
"USC00202671","EVART, MI US","43.91667","-85.26667","312.4","1980-01","0.0","-21.7","10.0","2420.6","-6.5","-1.5","-11.5"
"USC00202671","EVART, MI US","43.91667","-85.26667","312.4","1980-02","0.0","-24.4","3.9","3195.3","-8.4","-2.3","-14.5"
"USC00202671","EVART, MI US","43.91667","-85.26667","312.4","1980-03","0.0","-25.0","12.8","3865.2","-3.3","2.2","-8.7"
"USC00202671","EVART, MI US","43.91667","-85.26667","312.4","1980-04","0.0","-8.3","30.6","4240.5","5.8","11.4","0.3"
"USC00202671","EVART, MI US","43.91667","-85.26667","312.4","1980-05","8.4","-3.9","30.0","4398.1","13.3","21.2","5.3"
"USC00202671","EVART, MI US","43.91667","-85.26667","312.4","1980-06","34.3","-1.7","32.8","4499.7","15.8","23.0","8.6"
"USC00208417","VANDERBILT 11 ENE, MI US","45.1702","-84.4397","275.8","1980-01","0.0","-26.1","7.8",,"-7.8","-2.7","-13.0"
"USC00208417","VANDERBILT 11 ENE, MI US","45.1702","-84.4397","275.8","1980-02","0.0","-32.8","2.8",,"-11.5","-4.1","-18.8"
"USC00208417","VANDERBILT 11 ENE, MI US","45.1702","-84.4397","275.8","1980-03","0.0","-32.8","12.2",,"-6.3","0.9","-13.6"
"USC00208417","VANDERBILT 11 ENE, MI US","45.1702","-84.4397","275.8","1980-04","0.0","-11.1","30.6",,"4.5","10.5","-1.5"
"USC00208417","VANDERBILT 11 ENE, MI US","45.1702","-84.4397","275.8","1980-05","6.1","-3.3","31.7",,"12.1","21.4","2.8"
"USC00208417","VANDERBILT 11 ENE, MI US","45.1702","-84.4397","275.8","1980-06","26.9","-2.2","32.2",,"14.1","21.7","6.5"
"USC00202395","EAST LANSING 4 S, MI US","42.67417","-84.485","268.2","1980-01","0.0","-17.8","11.1","2172.5","-5.3","-0.9","-9.6"
"USC00202395","EAST LANSING 4 S, MI US","42.67417","-84.485","268.2","1980-02","0.0","-21.1","6.1","2917.0","-7.3","-2.3","-12.3"
"USC00202395","EAST LANSING 4 S, MI US","42.67417","-84.485","268.2","1980-03","0.0","-21.7","16.1","3531.8","-2.1","2.9","-7.2"
"USC00202395","EAST LANSING 4 S, MI US","42.67417","-84.485","268.2","1980-04","0.0","-4.4","30.0","3877.9","6.8","11.9","1.7"
"USC00202395","EAST LANSING 4 S, MI US","42.67417","-84.485","268.2","1980-05","13.9","-1.7","28.9","4026.8","14.0","20.9","7.1"
"USC00202395","EAST LANSING 4 S, MI US","42.67417","-84.485","268.2","1980-06","45.0","1.7","30.6","4108.5","16.6","23.4","9.9"
"USC00200770","BIG BAY 1 NW, MI US","46.8325","-87.7504","233.2","1980-02",,"-22.2","4.4",,"-8.6","-3.5","-13.6"
"USC00200770","BIG BAY 1 NW, MI US","46.8325","-87.7504","233.2","1980-03",,"-22.2","13.3",,"-4.3","1.6","-10.1"
"USC00200770","BIG BAY 1 NW, MI US","46.8325","-87.7504","233.2","1980-04",,"-9.4","33.3",,"4.6","10.5","-1.2"
"USC00200770","BIG BAY 1 NW, MI US","46.8325","-87.7504","233.2","1980-05",,"-1.1","31.7",,"12.5","20.1","4.9"
"USC00200770","BIG BAY 1 NW, MI US","46.8325","-87.7504","233.2","1980-06",,"-0.6","32.2",,"14.6","21.4","7.7"
"USC00205662","CENTRAL MICHIGAN UNIVERSITY, MI US","43.5859","-84.7694","242.3","1980-01","0.0","-16.7","10.0","2211.9","-5.5","-1.2","-9.8"
"USC00205662","CENTRAL MICHIGAN UNIVERSITY, MI US","43.5859","-84.7694","242.3","1980-02","0.0","-22.2","4.4","2940.3","-6.8","-2.1","-11.4"
"USC00205662","CENTRAL MICHIGAN UNIVERSITY, MI US","43.5859","-84.7694","242.3","1980-03","0.0","-22.8","13.9","3583.2","-2.4","2.6","-7.4"
"USC00205662","CENTRAL MICHIGAN UNIVERSITY, MI US","43.5859","-84.7694","242.3","1980-04","0.0","-6.7","30.0","3934.5","6.6","11.6","1.6"
"USC00205662","CENTRAL MICHIGAN UNIVERSITY, MI US","43.5859","-84.7694","242.3","1980-05","13.9","0.0","30.0","4071.3","14.4","21.2","7.6"
"USC00205662","CENTRAL MICHIGAN UNIVERSITY, MI US","43.5859","-84.7694","242.3","1980-06","46.9","1.1","32.2","4154.5","16.7","23.2","10.2"
"USC00207068","ROCK 1 E, MI US","46.06667","-87.15","286.5","1980-01",,,,,,,
"USC00207068","ROCK 1 E, MI US","46.06667","-87.15","286.5","1980-02",,,,,,,
"USC00207068","ROCK 1 E, MI US","46.06667","-87.15","286.5","1980-03",,,,,,,
"USC00207068","ROCK 1 E, MI US","46.06667","-87.15","286.5","1980-04",,,,,,,
"USC00207068","ROCK 1 E, MI US","46.06667","-87.15","286.5","1980-05",,,,,,,
"USC00207068","ROCK 1 E, MI US","46.06667","-87.15","286.5","1980-06",,,,,,,
"USC00207222","SAGINAW NUMBER 3, MI US","43.4122","-83.9561","182.9","1980-01",,,,,,,
"USC00207222","SAGINAW NUMBER 3, MI US","43.4122","-83.9561","182.9","1980-02",,,,,,,
"USC00207222","SAGINAW NUMBER 3, MI US","43.4122","-83.9561","182.9","1980-03",,,,,,,
"USC00207222","SAGINAW NUMBER 3, MI US","43.4122","-83.9561","182.9","1980-04",,,,,,,
"USC00207222","SAGINAW NUMBER 3, MI US","43.4122","-83.9561","182.9","1980-05",,,,,,,
"USC00207222","SAGINAW NUMBER 3, MI US","43.4122","-83.9561","182.9","1980-06",,,,,,,
"USC00208950","WHITE PIGEON, MI US","41.8","-85.65","245.4","1980-01",,,,,,,
"USC00208950","WHITE PIGEON, MI US","41.8","-85.65","245.4","1980-02",,,,,,,
"USC00208950","WHITE PIGEON, MI US","41.8","-85.65","245.4","1980-03",,,,,,,
"USC00208950","WHITE PIGEON, MI US","41.8","-85.65","245.4","1980-04",,,,,,,
"USC00208950","WHITE PIGEON, MI US","41.8","-85.65","245.4","1980-05",,,,,,,
"USC00208950","WHITE PIGEON, MI US","41.8","-85.65","245.4","1980-06",,,,,,,
"USW00014845","SAGINAW MBS INTERNATIONAL AIRPORT, MI US","43.52808","-84.08133","201.7","1980-01","0.0","-16.1","10.6","2161.0","-4.9","-1.2","-8.5"
"USW00014845","SAGINAW MBS INTERNATIONAL AIRPORT, MI US","43.52808","-84.08133","201.7","1980-02","0.0","-21.1","4.4","2869.7","-6.1","-2.6","-9.6"
"USW00014845","SAGINAW MBS INTERNATIONAL AIRPORT, MI US","43.52808","-84.08133","201.7","1980-03","0.0","-20.6","15.0","3472.7","-1.1","3.0","-5.2"
"USW00014845","SAGINAW MBS INTERNATIONAL AIRPORT, MI US","43.52808","-84.08133","201.7","1980-04","2.8","-2.8","30.6","3801.4","7.5","11.8","3.1"
"USW00014845","SAGINAW MBS INTERNATIONAL AIRPORT, MI US","43.52808","-84.08133","201.7","1980-05","15.9","1.1","29.4","3943.3","14.2","19.9","8.4"
"USW00014845","SAGINAW MBS INTERNATIONAL AIRPORT, MI US","43.52808","-84.08133","201.7","1980-06","50.6","2.2","32.2","4025.8","16.7","22.6","10.9"
"USW00014841","PELLSTON REGIONAL AIRPORT, MI US","45.5644","-84.79291","215.3","1980-01","0.0","-26.1","8.3","2546.6","-7.7","-3.1","-12.4"
"USW00014841","PELLSTON REGIONAL AIRPORT, MI US","45.5644","-84.79291","215.3","1980-02","0.0","-31.7","2.8","3378.2","-10.3","-4.1","-16.6"
"USW00014841","PELLSTON REGIONAL AIRPORT, MI US","45.5644","-84.79291","215.3","1980-03","0.0","-30.0","11.7","4095.4","-4.8","1.5","-11.1"
"USW00014841","PELLSTON REGIONAL AIRPORT, MI US","45.5644","-84.79291","215.3","1980-04","0.0","-8.3","23.9","4489.3","5.2","10.5","-0.1"
"USW00014841","PELLSTON REGIONAL AIRPORT, MI US","45.5644","-84.79291","215.3","1980-05","10.3","-1.1","31.7","4664.2","13.0","20.9","5.2"
"USW00014841","PELLSTON REGIONAL AIRPORT, MI US","45.5644","-84.79291","215.3","1980-06","30.6","-1.1","32.2","4796.5","14.6","21.1","8.1"
"USW00014840","MUSKEGON CO AIRPORT, MI US","43.17111","-86.23685","190.3","1980-01","0.0","-20.0","9.4","2127.6","-4.6","-1.4","-7.9"
"USW00014840","MUSKEGON CO AIRPORT, MI US","43.17111","-86.23685","190.3","1980-02","0.0","-18.3","3.9","2820.4","-5.6","-2.7","-8.4"
"USW00014840","MUSKEGON CO AIRPORT, MI US","43.17111","-86.23685","190.3","1980-03","0.0","-20.0","13.9","3412.5","-0.8","3.0","-4.6"
"USW00014840","MUSKEGON CO AIRPORT, MI US","43.17111","-86.23685","190.3","1980-04","0.6","-5.0","26.1","3750.6","7.1","11.4","2.7"
"USW00014840","MUSKEGON CO AIRPORT, MI US","43.17111","-86.23685","190.3","1980-05","11.2","-0.6","28.9","3909.3","13.6","19.6","7.5"
"USW00014840","MUSKEGON CO AIRPORT, MI US","43.17111","-86.23685","190.3","1980-06","40.4","0.6","30.0","3996.3","16.4","21.9","10.9"
"USC00203932","HOUGHTON LAKE 6 WSW, MI US","44.3119","-84.8922","345.9","1980-01","0.0","-23.3","8.9","2550.8","-7.1","-2.4","-11.8"
"USC00203932","HOUGHTON LAKE 6 WSW, MI US","44.3119","-84.8922","345.9","1980-02","0.0","-28.3","3.3","3358.7","-9.5","-3.1","-15.9"
"USC00203932","HOUGHTON LAKE 6 WSW, MI US","44.3119","-84.8922","345.9","1980-03","0.0","-28.3","13.3","4085.0","-5.1","1.1","-11.3"
"USC00203932","HOUGHTON LAKE 6 WSW, MI US","44.3119","-84.8922","345.9","1980-04","0.0","-6.7","31.1","4475.4","5.3","10.5","0.1"
"USC00203932","HOUGHTON LAKE 6 WSW, MI US","44.3119","-84.8922","345.9","1980-05","7.5","-1.7","29.4","4648.2","13.0","20.8","5.2"
"USC00203932","HOUGHTON LAKE 6 WSW, MI US","44.3119","-84.8922","345.9","1980-06","27.5","-1.7","31.1","4778.9","14.6","21.8","7.5"
"USW00014838","MARQUETTE, MI US","46.5458","-87.3795","186.8","1980-01","0.0","-25.0","7.2","2588.2","-7.7","-3.4","-11.9"
"USW00014838","MARQUETTE, MI US","46.5458","-87.3795","186.8","1980-02","0.0","-19.4","3.9","3350.6","-8.0","-3.6","-12.3"
"USW00014838","MARQUETTE, MI US","46.5458","-87.3795","186.8","1980-03","0.0","-19.4","12.2","4038.0","-3.8","1.0","-8.7"
"USW00014838","MARQUETTE, MI US","46.5458","-87.3795","186.8","1980-04","0.0","-6.7","30.6","4452.9","4.5","9.4","-0.4"
"USW00014838","MARQUETTE, MI US","46.5458","-87.3795","186.8","1980-05","7.6","0.0","31.1","4678.5","11.3","17.4","5.2"
"USW00014838","MARQUETTE, MI US","46.5458","-87.3795","186.8","1980-06","25.6","-0.6","33.3","4841.4","13.5","18.8","8.3"
"USW00014836","LANSING CAPITAL CITY AIRPORT, MI US","42.77609","-84.59972","261.2","1980-01","0.0","-18.9","11.1","2152.9","-5.5","-1.2","-9.7"
"USW00014836","LANSING CAPITAL CITY AIRPORT, MI US","42.77609","-84.59972","261.2","1980-02","0.0","-21.7","6.7","2884.3","-6.9","-2.7","-11.1"
"USW00014836","LANSING CAPITAL CITY AIRPORT, MI US","42.77609","-84.59972","261.2","1980-03","0.0","-21.1","16.7","3489.2","-1.2","3.7","-6.1"
"USW00014836","LANSING CAPITAL CITY AIRPORT, MI US","42.77609","-84.59972","261.2","1980-04","2.0","-3.9","30.0","3825.6","7.2","12.5","1.9"
"USW00014836","LANSING CAPITAL CITY AIRPORT, MI US","42.77609","-84.59972","261.2","1980-05","19.2","-1.1","30.0","3955.3","14.7","21.9","7.5"
"USW00014836","LANSING CAPITAL CITY AIRPORT, MI US","42.77609","-84.59972","261.2","1980-06","64.9","2.2","31.1","4026.4","17.5","23.9","11.1"
"USC00205434","MIDLAND, MI US","43.6088","-84.2011","195.1","1980-01","0.0","-18.3","11.1",,"-4.0","-0.2","-7.8"
"USC00205434","MIDLAND, MI US","43.6088","-84.2011","195.1","1980-02","0.0","-22.2","4.4",,"-6.1","-1.5","-10.6"
"USC00205434","MIDLAND, MI US","43.6088","-84.2011","195.1","1980-03","0.0","-23.3","14.4",,"-1.5","4.4","-7.4"
"USC00205434","MIDLAND, MI US","43.6088","-84.2011","195.1","1980-04","0.6","-7.8","31.1",,"7.5","13.4","1.5"
"USC00205434","MIDLAND, MI US","43.6088","-84.2011","195.1","1980-05","17.8","-0.6","30.6",,"14.9","22.4","7.4"
"USC00205434","MIDLAND, MI US","43.6088","-84.2011","195.1","1980-06","60.0","1.1","33.3",,"17.7","24.6","10.7"
"USC00207217","SAGINAW CON POWER CO, MI US","43.45","-83.96667","182.9","1980-01","0.0","-15.0","11.1","1957.3","-4.4","-0.9","-7.9"
"USC00207217","SAGINAW CON POWER CO, MI US","43.45","-83.96667","182.9","1980-02","0.0","-20.6","3.9","2648.1","-5.5","-2.0","-9.0"
"USC00207217","SAGINAW CON POWER CO, MI US","43.45","-83.96667","182.9","1980-03","0.0","-20.0","15.0","3228.4","-0.4","4.2","-4.9"
"USC00207217","SAGINAW CON POWER CO, MI US","43.45","-83.96667","182.9","1980-04","3.3","-3.3","31.1","3528.8","8.4","13.5","3.4"
"USC00207217","SAGINAW CON POWER CO, MI US","43.45","-83.96667","182.9","1980-05","31.6","1.1","30.0","3637.7","15.7","22.0","9.4"
"USC00207217","SAGINAW CON POWER CO, MI US","43.45","-83.96667","182.9","1980-06","84.8","2.8","32.8","3684.9","18.5","25.0","12.1"
"USC00201476","CHARLOTTE, MI US","42.5499","-84.825","274.9","1980-01","0.0","-19.4","11.1","2198.9","-5.0","-0.2","-9.8"
"USC00201476","CHARLOTTE, MI US","42.5499","-84.825","274.9","1980-02","0.0","-21.1","7.2","2923.1","-6.6","-0.6","-12.7"
"USC00201476","CHARLOTTE, MI US","42.5499","-84.825","274.9","1980-03","0.0","-22.2","17.2","3545.3","-1.7","4.3","-7.8"
"USC00201476","CHARLOTTE, MI US","42.5499","-84.825","274.9","1980-04","0.3","-5.0","31.1","3890.8","6.8","12.7","1.0"
"USC00201476","CHARLOTTE, MI US","42.5499","-84.825","274.9","1980-05","13.1","-2.8","31.1","4035.1","14.1","22.3","5.9"
"USC00201476","CHARLOTTE, MI US","42.5499","-84.825","274.9","1980-06","51.7","1.1","31.7","4111.0","17.1","24.4","9.8"
"USC00204502","LAKE CITY EXPERIMENTAL FARM, MI US","44.3088","-85.205","374.9","1980-01","0.0","-22.2","8.3","2574.6","-7.2","-2.5","-12.0"
"USC00204502","LAKE CITY EXPERIMENTAL FARM, MI US","44.3088","-85.205","374.9","1980-02","0.0","-28.9","2.8","3386.8","-9.7","-3.4","-15.9"
"USC00204502","LAKE CITY EXPERIMENTAL FARM, MI US","44.3088","-85.205","374.9","1980-03","0.0","-27.8","10.6","4122.1","-5.4","0.7","-11.5"
"USC00204502","LAKE CITY EXPERIMENTAL FARM, MI US","44.3088","-85.205","374.9","1980-04","0.0","-7.8","30.6","4514.3","5.3","10.2","0.3"
"USC00204502","LAKE CITY EXPERIMENTAL FARM, MI US","44.3088","-85.205","374.9","1980-05","5.3","-1.7","28.9","4682.3","13.1","20.4","5.8"
"USC00204502","LAKE CITY EXPERIMENTAL FARM, MI US","44.3088","-85.205","374.9","1980-06","23.4","0.0","30.6","4805.9","14.8","21.4","8.2"
"USC00205558","MONROE, MI US","41.91389","-83.39417","179.8","1980-01","0.0","-13.9","12.2","1932.0","-3.6","0.4","-7.6"
"USC00205558","MONROE, MI US","41.91389","-83.39417","179.8","1980-02","0.0","-17.2","7.2","2606.9","-4.9","-0.3","-9.6"
"USC00205558","MONROE, MI US","41.91389","-83.39417","179.8","1980-03","0.0","-16.7","15.0","3162.4","-0.2","4.8","-5.1"
"USC00205558","MONROE, MI US","41.91389","-83.39417","179.8","1980-04","0.3","-2.2","31.7","3466.9","8.2","13.8","2.6"
"USC00205558","MONROE, MI US","41.91389","-83.39417","179.8","1980-05","22.3","0.6","31.7","3568.8","15.8","22.3","9.2"
"USC00205558","MONROE, MI US","41.91389","-83.39417","179.8","1980-06","87.9","4.4","34.4","3606.7","19.3","26.1","12.4"
"USC00204104","IRONWOOD, MI US","46.4656","-90.1892","435.9","1980-01","0.0","-33.3","5.0","3067.5","-12.5","-6.3","-18.7"
"USC00204104","IRONWOOD, MI US","46.4656","-90.1892","435.9","1980-02","0.0","-34.4","3.3","3945.8","-11.9","-4.9","-19.0"
"USC00204104","IRONWOOD, MI US","46.4656","-90.1892","435.9","1980-03","0.0","-32.2","9.4","4761.1","-8.0","-1.9","-14.1"
"USC00204104","IRONWOOD, MI US","46.4656","-90.1892","435.9","1980-04",,"-11.7",,,,,"-2.1"
"USC00204104","IRONWOOD, MI US","46.4656","-90.1892","435.9","1980-05",,"-3.9",,,,,"4.1"
"USC00204104","IRONWOOD, MI US","46.4656","-90.1892","435.9","1980-06",,"-3.3",,,,,"7.3"
"USC00200146","ALMA, MI US","43.38686","-84.64818","221.9","1980-01","0.0","-17.2","8.9","2263.5","-5.7","-1.6","-9.7"
"USC00200146","ALMA, MI US","43.38686","-84.64818","221.9","1980-02","0.0","-22.2","3.3","3000.2","-7.1","-2.4","-11.7"
"USC00200146","ALMA, MI US","43.38686","-84.64818","221.9","1980-03","0.0","-22.2","15.0","3642.5","-2.4","2.4","-7.2"
"USC00200146","ALMA, MI US","43.38686","-84.64818","221.9","1980-04","0.0","-3.9","29.4","4004.9","6.3","11.1","1.4"
"USC00200146","ALMA, MI US","43.38686","-84.64818","221.9","1980-05","9.9","-0.6","29.4","4149.1","14.0","20.7","7.3"
"USC00200146","ALMA, MI US","43.38686","-84.64818","221.9","1980-06","44.6","1.1","31.7","4240.6","16.4","22.6","10.2"
"USC00202445","EAU CLAIRE 4 NE, MI US","42.0153","-86.243","256.0","1980-01","0.0","-17.2","11.7","1971.2","-3.9","-0.6","-7.3"
"USC00202445","EAU CLAIRE 4 NE, MI US","42.0153","-86.243","256.0","1980-02","0.0","-17.2","7.2","2642.9","-4.8","-1.1","-8.5"
"USC00202445","EAU CLAIRE 4 NE, MI US","42.0153","-86.243","256.0","1980-03","0.0","-18.3","14.4","3197.5","0.4","5.1","-4.2"
"USC00202445","EAU CLAIRE 4 NE, MI US","42.0153","-86.243","256.0","1980-04","3.6","-3.9","30.6","3502.4","8.3","13.5","3.1"
"USC00202445","EAU CLAIRE 4 NE, MI US","42.0153","-86.243","256.0","1980-05","31.4","1.1","31.1","3611.9","15.7","22.1","9.2"
"USC00202445","EAU CLAIRE 4 NE, MI US","42.0153","-86.243","256.0","1980-06","89.2","4.4","31.1","3658.1","18.7","24.7","12.8"
