"STATION","NAME","LATITUDE","LONGITUDE","ELEVATION","DATE","CDSD","EMNT","EMXT","HDSD","TAVG","TMAX","TMIN"
"USC00205690","MUNISING, MI US","46.4121","-86.6625","207.3","1980-07","59.1","3.3","30.6","37.1","18.4","25.0","11.9"
"USC00205690","MUNISING, MI US","46.4121","-86.6625","207.3","1980-08","117.0","6.1","30.6","57.1","19.6","25.0","14.2"
"USC00205690","MUNISING, MI US","46.4121","-86.6625","207.3","1980-09","126.5","-1.7","28.3","199.7","13.7","18.9","8.6"
"USC00205690","MUNISING, MI US","46.4121","-86.6625","207.3","1980-10","126.5","-4.4","19.4","579.1","6.1","10.6","1.6"
"USC00205690","MUNISING, MI US","46.4121","-86.6625","207.3","1980-11","126.5","-9.4","11.1","1096.6","1.1","4.7","-2.6"
"USC00205690","MUNISING, MI US","46.4121","-86.6625","207.3","1980-12","126.5","-18.3","4.4","1874.5","-6.8","-3.2","-10.3"
"USC00206020","NOTTAWA 3 SE, MI US","41.88333","-85.41667","262.1","1980-07",,,,,,,
"USC00206020","NOTTAWA 3 SE, MI US","41.88333","-85.41667","262.1","1980-08",,,,,,,
"USC00206020","NOTTAWA 3 SE, MI US","41.88333","-85.41667","262.1","1980-09",,,,,,,
"USC00206020","NOTTAWA 3 SE, MI US","41.88333","-85.41667","262.1","1980-10",,,,,,,
"USC00206020","NOTTAWA 3 SE, MI US","41.88333","-85.41667","262.1","1980-11",,,,,,,
"USC00206020","NOTTAWA 3 SE, MI US","41.88333","-85.41667","262.1","1980-12",,,,,,,
"USC00203391","GRAYLING, MI US","44.64536","-84.69921","350.8","1980-07","86.0","5.0","33.3","22.6","19.4","26.6","12.1"
"USC00203391","GRAYLING, MI US","44.64536","-84.69921","350.8","1980-08","147.4","5.6","32.2","44.3","19.6","26.8","12.4"
"USC00203391","GRAYLING, MI US","44.64536","-84.69921","350.8","1980-09","155.4","-4.4","28.9","199.4","13.1","20.1","6.2"
"USC00203391","GRAYLING, MI US","44.64536","-84.69921","350.8","1980-10","155.4","-7.2","25.0","609.6","5.1","10.2","0.0"
"USC00203391","GRAYLING, MI US","44.64536","-84.69921","350.8","1980-11","155.4","-13.9","15.6","1159.5","0.0","5.1","-5.1"
"USC00203391","GRAYLING, MI US","44.64536","-84.69921","350.8","1980-12","155.4","-28.9","6.7","1975.0","-8.6","-3.5","-13.7"
"USC00209014","WILLIS 5 SSW, MI US","42.08333","-83.58333","201.2","1980-07","173.6","9.4","34.4","0.0","22.4","28.8","15.9"
"USC00209014","WILLIS 5 SSW, MI US","42.08333","-83.58333","201.2","1980-08","280.6","8.9","31.7","2.2","21.7","27.7","15.8"
"USC00209014","WILLIS 5 SSW, MI US","42.08333","-83.58333","201.2","1980-09","312.4","-1.1","32.2","77.3","16.9","23.8","10.0"
"USC00209014","WILLIS 5 SSW, MI US","42.08333","-83.58333","201.2","1980-10","313.0","-7.2","26.7","390.7","7.2","12.9","1.4"
"USC00209014","WILLIS 5 SSW, MI US","42.08333","-83.58333","201.2","1980-11","313.0","-10.0","20.6","865.8","2.5","8.1","-3.1"
"USC00209014","WILLIS 5 SSW, MI US","42.08333","-83.58333","201.2","1980-12","313.0","-27.2","13.3","1566.8","-4.3","0.7","-9.3"
"USC00208167","THOMPSONVILLE, MI US","44.51667","-85.93333","242.3","1980-07",,,,,,,
"USC00208167","THOMPSONVILLE, MI US","44.51667","-85.93333","242.3","1980-08",,,,,,,
"USC00208167","THOMPSONVILLE, MI US","44.51667","-85.93333","242.3","1980-09",,,,,,,
"USC00208167","THOMPSONVILLE, MI US","44.51667","-85.93333","242.3","1980-10",,,,,,,
"USC00208167","THOMPSONVILLE, MI US","44.51667","-85.93333","242.3","1980-11",,,,,,,
"USC00208167","THOMPSONVILLE, MI US","44.51667","-85.93333","242.3","1980-12",,,,,,,
"USC00205452","MILFORD GM PROVING GROUND, MI US","42.5794","-83.6844","295.7","1980-07","170.6","11.7","32.2","0.0","22.0","27.2","16.8"
"USC00205452","MILFORD GM PROVING GROUND, MI US","42.5794","-83.6844","295.7","1980-08","269.8","11.7","29.4","1.1","21.5","25.9","17.1"
"USC00205452","MILFORD GM PROVING GROUND, MI US","42.5794","-83.6844","295.7","1980-09","294.7","2.8","27.8","64.0","17.1","22.0","12.2"
"USC00205452","MILFORD GM PROVING GROUND, MI US","42.5794","-83.6844","295.7","1980-10","295.2","-4.4","24.4","366.5","8.6","12.6","4.6"
"USC00205452","MILFORD GM PROVING GROUND, MI US","42.5794","-83.6844","295.7","1980-11","295.2","-7.2","19.4","818.2","3.3","7.5","-1.0"
"USC00205452","MILFORD GM PROVING GROUND, MI US","42.5794","-83.6844","295.7","1980-12","295.2","-22.2","14.4","1512.6","-4.1","0.7","-8.8"
"USC00208680","WATERSMEET, MI US","46.2778","-89.1742","484.6","1980-07","27.5","1.7","30.6","60.3","17.1","24.2","10.0"
"USC00208680","WATERSMEET, MI US","46.2778","-89.1742","484.6","1980-08","40.6","2.8","27.8","135.9","16.3","21.6","11.0"
"USC00208680","WATERSMEET, MI US","46.2778","-89.1742","484.6","1980-09","40.6","-4.4","26.7","368.2","10.6","16.2","5.0"
"USC00208680","WATERSMEET, MI US","46.2778","-89.1742","484.6","1980-10","40.6","-11.1","23.3","861.0","2.4","6.9","-2.1"
"USC00208680","WATERSMEET, MI US","46.2778","-89.1742","484.6","1980-11","40.6","-17.2","12.2","1473.5","-2.1","2.2","-6.4"
"USC00208680","WATERSMEET, MI US","46.2778","-89.1742","484.6","1980-12","40.6","-27.8","2.2","2385.2","-11.1","-6.6","-15.6"
"USC00201492","CHEBOYGAN, MI US","45.65225","-84.47239","177.4","1980-07","79.0","6.7","31.7","18.3","19.4","24.9","13.8"
"USC00201492","CHEBOYGAN, MI US","45.65225","-84.47239","177.4","1980-08","151.7","11.7","31.7","24.7","20.5","25.7","15.3"
"USC00201492","CHEBOYGAN, MI US","45.65225","-84.47239","177.4","1980-09","159.5","0.6","26.7","160.5","13.9","19.1","8.8"
"USC00201492","CHEBOYGAN, MI US","45.65225","-84.47239","177.4","1980-10","159.5","-7.2","21.1","552.3","5.7","10.3","1.1"
"USC00201492","CHEBOYGAN, MI US","45.65225","-84.47239","177.4","1980-11","159.5","-11.1","13.3","1061.5","1.4","5.6","-2.8"
"USC00201492","CHEBOYGAN, MI US","45.65225","-84.47239","177.4","1980-12","159.5","-23.9","3.9","1843.8","-7.7","-2.7","-12.7"
"USC00208043","TAHQUAMENON FALLS S P, MI US","46.6013","-85.2238","227.1","1980-07",,"1.7","29.4","42.7","17.9","25.1","10.6"
"USC00208043","TAHQUAMENON FALLS S P, MI US","46.6013","-85.2238","227.1","1980-08",,"6.1","30.6","85.0","18.0","24.2","11.8"
"USC00208043","TAHQUAMENON FALLS S P, MI US","46.6013","-85.2238","227.1","1980-09",,"-3.3","26.1","314.6","10.7","17.0","4.4"
"USC00208043","TAHQUAMENON FALLS S P, MI US","46.6013","-85.2238","227.1","1980-10",,"-6.1","17.2","757.6","4.0","8.6","-0.5"
"USC00208043","TAHQUAMENON FALLS S P, MI US","46.6013","-85.2238","227.1","1980-11",,"-11.1","12.2","1256.4","-0.1","3.7","-3.8"
"USC00208043","TAHQUAMENON FALLS S P, MI US","46.6013","-85.2238","227.1","1980-12",,"-26.1","3.3","2085.2","-8.4","-4.1","-12.7"
"USC00207190","RUDYARD 4 N, MI US","46.2963","-84.5761","229.5","1980-07","45.1","5.0","30.6","25.1","18.4","25.9","10.9"
"USC00207190","RUDYARD 4 N, MI US","46.2963","-84.5761","229.5","1980-08","92.9","7.8","30.6","48.8","19.1","24.9","13.3"
"USC00207190","RUDYARD 4 N, MI US","46.2963","-84.5761","229.5","1980-09","94.9","-2.8","25.6","221.0","12.0","18.0","6.0"
"USC00207190","RUDYARD 4 N, MI US","46.2963","-84.5761","229.5","1980-10","94.9","-6.1","19.4","617.6","4.0","9.2","-1.2"
"USC00207190","RUDYARD 4 N, MI US","46.2963","-84.5761","229.5","1980-11","94.9","-10.0","10.6","1091.8","0.1","3.8","-3.6"
"USC00207190","RUDYARD 4 N, MI US","46.2963","-84.5761","229.5","1980-12","94.9","-26.7","2.2","1873.1","-8.8","-3.6","-14.0"
"USC00200718","BERGLAND DAM, MI US","46.5869","-89.5475","396.2","1980-07","65.3","4.4","33.3","38.7","18.4","25.8","11.0"
"USC00200718","BERGLAND DAM, MI US","46.5869","-89.5475","396.2","1980-08","92.1","5.0","29.4","85.1","17.7","23.6","11.9"
"USC00200718","BERGLAND DAM, MI US","46.5869","-89.5475","396.2","1980-09","93.5","-1.7","28.9","290.5","11.5","17.6","5.5"
"USC00200718","BERGLAND DAM, MI US","46.5869","-89.5475","396.2","1980-10",,,,,,,
"USC00200718","BERGLAND DAM, MI US","46.5869","-89.5475","396.2","1980-11",,,,,,,
"USC00200718","BERGLAND DAM, MI US","46.5869","-89.5475","396.2","1980-12",,"-30.0","5.6",,"-10.0","-5.4","-14.6"
"USC00471139","BRULE ISLAND, WI US","45.95","-88.21667","381.0","1980-07",,"4.4","34.4","24.2","19.1","26.7","11.5"
"USC00471139","BRULE ISLAND, WI US","45.95","-88.21667","381.0","1980-08",,"5.6","30.0","56.7","18.1","24.0","12.3"
"USC00471139","BRULE ISLAND, WI US","45.95","-88.21667","381.0","1980-09",,"-2.2","27.2","240.8","12.2","18.0","6.5"
"USC00471139","BRULE ISLAND, WI US","45.95","-88.21667","381.0","1980-10",,"-8.3","21.1","678.3","4.2","9.1","-0.7"
"USC00471139","BRULE ISLAND, WI US","45.95","-88.21667","381.0","1980-11",,"-11.7","11.7","1245.1","-0.6","3.4","-4.5"
"USC00471139","BRULE ISLAND, WI US","45.95","-88.21667","381.0","1980-12",,"-28.9","2.8","2107.3","-9.5","-4.9","-14.0"
"USW00014850","TRAVERSE CITY CHERRY CAPITAL AIRPORT, MI US","44.73895","-85.5679","185.2","1980-07","110.7","6.7","31.7","10.0","20.5","26.9","14.0"
"USW00014850","TRAVERSE CITY CHERRY CAPITAL AIRPORT, MI US","44.73895","-85.5679","185.2","1980-08","208.2","9.4","32.2","15.5","21.3","27.1","15.6"
"USW00014850","TRAVERSE CITY CHERRY CAPITAL AIRPORT, MI US","44.73895","-85.5679","185.2","1980-09","222.1","-1.1","30.0","124.9","15.1","21.0","9.3"
"USW00014850","TRAVERSE CITY CHERRY CAPITAL AIRPORT, MI US","44.73895","-85.5679","185.2","1980-10","222.1","-4.4","20.6","482.7","6.8","10.6","3.0"
"USW00014850","TRAVERSE CITY CHERRY CAPITAL AIRPORT, MI US","44.73895","-85.5679","185.2","1980-11","222.1","-7.8","17.8","967.0","2.2","5.8","-1.4"
"USW00014850","TRAVERSE CITY CHERRY CAPITAL AIRPORT, MI US","44.73895","-85.5679","185.2","1980-12","222.1","-23.9","6.1","1715.7","-5.8","-1.9","-9.7"
"USC00200159","ALMONT, MI US","42.91667","-83.03333","251.2","1980-07",,,,,,,
"USC00200159","ALMONT, MI US","42.91667","-83.03333","251.2","1980-08",,,,,,,
"USC00200159","ALMONT, MI US","42.91667","-83.03333","251.2","1980-09",,,,,,,
"USC00200159","ALMONT, MI US","42.91667","-83.03333","251.2","1980-10",,,,,,,
"USC00200159","ALMONT, MI US","42.91667","-83.03333","251.2","1980-11",,,,,,,
"USC00200159","ALMONT, MI US","42.91667","-83.03333","251.2","1980-12",,,,,,,
"USC00203429","GREENVILLE 2 NNE, MI US","43.2026","-85.2421","270.7","1980-07","154.1","8.9","33.9","0.3","21.7","28.9","14.5"
"USC00203429","GREENVILLE 2 NNE, MI US","43.2026","-85.2421","270.7","1980-08","239.1","7.2","32.2","7.0","20.9","27.6","14.1"
"USC00203429","GREENVILLE 2 NNE, MI US","43.2026","-85.2421","270.7","1980-09","255.6","-1.1","28.9","104.6","15.6","22.7","8.6"
"USC00203429","GREENVILLE 2 NNE, MI US","43.2026","-85.2421","270.7","1980-10","255.6","-7.8","25.0","463.1","6.8","12.9","0.7"
"USC00203429","GREENVILLE 2 NNE, MI US","43.2026","-85.2421","270.7","1980-11","255.6","-9.4","21.1","954.2","2.0","7.7","-3.8"
"USC00203429","GREENVILLE 2 NNE, MI US","43.2026","-85.2421","270.7","1980-12","255.6","-22.2","12.2","1703.5","-5.8","-0.8","-10.9"
"USC00200710","BENTON HARBOR AIRPORT, MI US","42.1245","-86.4266","190.5","1980-07",,"10.6","35.6","2.8","22.4","27.9","17.0"
"USC00200710","BENTON HARBOR AIRPORT, MI US","42.1245","-86.4266","190.5","1980-08",,"12.2","33.3","5.6","21.8","28.2","15.4"
"USC00200710","BENTON HARBOR AIRPORT, MI US","42.1245","-86.4266","190.5","1980-09",,"3.9","29.4","52.2","18.2","24.8","11.6"
"USC00200710","BENTON HARBOR AIRPORT, MI US","42.1245","-86.4266","190.5","1980-10",,"-8.3","26.7","304.7","9.3","14.6","4.0"
"USC00200710","BENTON HARBOR AIRPORT, MI US","42.1245","-86.4266","190.5","1980-11",,"-4.4","20.6","703.6","5.0","9.6","0.5"
"USC00200710","BENTON HARBOR AIRPORT, MI US","42.1245","-86.4266","190.5","1980-12",,"-18.3","14.4","1318.3","-1.5","3.0","-6.0"
"USC00201922","CRYSTAL FALLS 6 NE, MI US","46.16667","-88.23333","414.5","1980-07","64.2","3.3","33.9","39.7","18.4","26.1","10.8"
"USC00201922","CRYSTAL FALLS 6 NE, MI US","46.16667","-88.23333","414.5","1980-08","87.6","4.4","30.0","82.0","17.7","23.7","11.7"
"USC00201922","CRYSTAL FALLS 6 NE, MI US","46.16667","-88.23333","414.5","1980-09","88.4","-3.3","27.2","301.1","11.1","17.4","4.7"
"USC00201922","CRYSTAL FALLS 6 NE, MI US","46.16667","-88.23333","414.5","1980-10","88.4","-10.0","23.9","751.1","3.8","9.1","-1.5"
"USC00201922","CRYSTAL FALLS 6 NE, MI US","46.16667","-88.23333","414.5","1980-11","88.4","-13.9","12.2","1335.1","-1.1","3.2","-5.5"
"USC00201922","CRYSTAL FALLS 6 NE, MI US","46.16667","-88.23333","414.5","1980-12","88.4","-28.3","4.4","2230.0","-10.5","-5.7","-15.4"
"USC00201800","CORNELL 4 WSW, MI US","45.88333","-87.3","268.2","1980-07",,"4.4","34.4","17.3","19.7","27.5","11.9"
"USC00201800","CORNELL 4 WSW, MI US","45.88333","-87.3","268.2","1980-08",,"6.7","32.8","42.1","18.9","25.2","12.7"
"USC00201800","CORNELL 4 WSW, MI US","45.88333","-87.3","268.2","1980-09",,"-2.2","28.3","210.0","12.9","19.5","6.2"
"USC00201800","CORNELL 4 WSW, MI US","45.88333","-87.3","268.2","1980-12",,"-28.9","5.6",,"-8.5","-3.6","-13.4"
"USC00203306","GRAND LEDGE 1 NW, MI US","42.7621","-84.7617","244.1","1980-07",,,,,,,
"USC00203306","GRAND LEDGE 1 NW, MI US","42.7621","-84.7617","244.1","1980-08",,,,,,,
"USC00203306","GRAND LEDGE 1 NW, MI US","42.7621","-84.7617","244.1","1980-09",,,,,,,
"USC00203306","GRAND LEDGE 1 NW, MI US","42.7621","-84.7617","244.1","1980-10",,,,,,,
"USC00203306","GRAND LEDGE 1 NW, MI US","42.7621","-84.7617","244.1","1980-11",,,,,,,
"USC00203306","GRAND LEDGE 1 NW, MI US","42.7621","-84.7617","244.1","1980-12",,,,,,,
"USC00203823","HILLSDALE, MI US","41.9352","-84.6411","329.2","1980-07","165.2","9.4","33.9","2.5","21.8","27.9","15.6"
"USC00203823","HILLSDALE, MI US","41.9352","-84.6411","329.2","1980-08","277.5","10.6","32.2","3.9","21.9","27.9","16.0"
"USC00203823","HILLSDALE, MI US","41.9352","-84.6411","329.2","1980-09","310.2","0.6","30.0","75.4","17.0","23.4","10.7"
"USC00203823","HILLSDALE, MI US","41.9352","-84.6411","329.2","1980-10","310.2","-7.2","25.6","390.1","8.2","14.1","2.3"
"USC00203823","HILLSDALE, MI US","41.9352","-84.6411","329.2","1980-11","310.2","-10.6","20.0","843.2","2.7","7.8","-2.4"
"USC00203823","HILLSDALE, MI US","41.9352","-84.6411","329.2","1980-12","310.2","-21.7","13.9","1526.8","-3.7","1.1","-8.5"
"USC00202737","FAYETTE 4 SW, MI US","45.66667","-86.71667","227.1","1980-07",,"7.2","31.7","15.2","19.3","25.0","13.5"
"USC00202737","FAYETTE 4 SW, MI US","45.66667","-86.71667","227.1","1980-08",,"9.4","28.9","23.6","20.1","24.6","15.5"
"USC00202737","FAYETTE 4 SW, MI US","45.66667","-86.71667","227.1","1980-09",,"2.8","25.0","141.3","14.6","19.2","10.0"
"USC00202737","FAYETTE 4 SW, MI US","45.66667","-86.71667","227.1","1980-10",,"-3.3","18.3","500.3","6.8","11.4","2.1"
"USC00202737","FAYETTE 4 SW, MI US","45.66667","-86.71667","227.1","1980-11",,"-6.7","11.1","994.0","1.9","5.2","-1.5"
"USC00202737","FAYETTE 4 SW, MI US","45.66667","-86.71667","227.1","1980-12",,"-18.9","4.4","1751.4","-6.1","-2.1","-10.0"
"USC00203947","HOWELL WWTP, MI US","42.59382","-83.93251","279.5","1980-07",,,,,,,
"USC00203947","HOWELL WWTP, MI US","42.59382","-83.93251","279.5","1980-08",,,,,,,
"USC00203947","HOWELL WWTP, MI US","42.59382","-83.93251","279.5","1980-09",,,,,,,
"USC00203947","HOWELL WWTP, MI US","42.59382","-83.93251","279.5","1980-10",,,,,,,
"USC00203947","HOWELL WWTP, MI US","42.59382","-83.93251","279.5","1980-11",,,,,,,
"USC00203947","HOWELL WWTP, MI US","42.59382","-83.93251","279.5","1980-12",,,,,,,
"USW00014847","SAULT STE MARIE SANDERSON FIELD, MI US","46.47998","-84.35809","219.8","1980-07","23.8","3.9","28.9","43.0","17.3","24.6","9.9"
"USW00014847","SAULT STE MARIE SANDERSON FIELD, MI US","46.47998","-84.35809","219.8","1980-08","48.1","7.8","30.0","70.0","18.3","24.3","12.2"
"USW00014847","SAULT STE MARIE SANDERSON FIELD, MI US","46.47998","-84.35809","219.8","1980-09","51.4","-2.8","26.7","286.3","11.2","16.9","5.6"
"USW00014847","SAULT STE MARIE SANDERSON FIELD, MI US","46.47998","-84.35809","219.8","1980-10","51.4","-7.2","19.4","756.9","3.1","8.2","-1.9"
"USW00014847","SAULT STE MARIE SANDERSON FIELD, MI US","46.47998","-84.35809","219.8","1980-11","51.4","-13.3","10.6","1353.8","-1.6","2.4","-5.5"
"USW00014847","SAULT STE MARIE SANDERSON FIELD, MI US","46.47998","-84.35809","219.8","1980-12","51.4","-31.7","2.8","2252.6","-10.7","-5.9","-15.4"
"USC00203663","HASTINGS 3 SE, MI US","42.6158","-85.2364","239.9","1980-07",,,,,,,
"USC00203663","HASTINGS 3 SE, MI US","42.6158","-85.2364","239.9","1980-08",,,,,,,
"USC00203663","HASTINGS 3 SE, MI US","42.6158","-85.2364","239.9","1980-09",,,,,,,
"USC00203663","HASTINGS 3 SE, MI US","42.6158","-85.2364","239.9","1980-10",,,,,,,
"USC00203663","HASTINGS 3 SE, MI US","42.6158","-85.2364","239.9","1980-11",,,,,,,
"USC00203663","HASTINGS 3 SE, MI US","42.6158","-85.2364","239.9","1980-12",,,,,,,
"USC00207867","STEPHENSON 8 WNW, MI US","45.39028","-87.7025","210.3","1980-07","128.2","7.2","33.9","9.5","20.6","27.8","13.3"
"USC00207867","STEPHENSON 8 WNW, MI US","45.39028","-87.7025","210.3","1980-08","186.3","6.1","30.0","23.1","19.8","25.4","14.2"
"USC00207867","STEPHENSON 8 WNW, MI US","45.39028","-87.7025","210.3","1980-09","193.0","-1.7","27.2","159.8","14.0","19.8","8.2"
"USC00207867","STEPHENSON 8 WNW, MI US","45.39028","-87.7025","210.3","1980-10","193.0","-7.2","21.7","541.6","6.0","11.3","0.7"
"USC00207867","STEPHENSON 8 WNW, MI US","45.39028","-87.7025","210.3","1980-11","193.0","-10.0","14.4","1050.9","1.4","5.4","-2.7"
"USC00207867","STEPHENSON 8 WNW, MI US","45.39028","-87.7025","210.3","1980-12","193.0","-23.9","3.9","1849.1","-7.4","-3.1","-11.7"
"USC00201361","CASS CITY 1 SSW, MI US","43.5861","-83.1805","212.8","1980-07",,,,,,,
"USC00201361","CASS CITY 1 SSW, MI US","43.5861","-83.1805","212.8","1980-08",,,,,,,
"USC00201361","CASS CITY 1 SSW, MI US","43.5861","-83.1805","212.8","1980-09",,,,,,,
"USC00201361","CASS CITY 1 SSW, MI US","43.5861","-83.1805","212.8","1980-10",,,,,,,
"USC00201361","CASS CITY 1 SSW, MI US","43.5861","-83.1805","212.8","1980-11",,,,,,,
"USC00201361","CASS CITY 1 SSW, MI US","43.5861","-83.1805","212.8","1980-12",,,,,,,
"USC00201122","BURLINGTON, MI US","42.103","-85.0833","292.6","1980-07",,,,,,,
"USC00201122","BURLINGTON, MI US","42.103","-85.0833","292.6","1980-08",,,,,,,
"USC00201122","BURLINGTON, MI US","42.103","-85.0833","292.6","1980-09",,,,,,,
"USC00201122","BURLINGTON, MI US","42.103","-85.0833","292.6","1980-10",,,,,,,
"USC00201122","BURLINGTON, MI US","42.103","-85.0833","292.6","1980-11",,,,,,,
"USC00201122","BURLINGTON, MI US","42.103","-85.0833","292.6","1980-12",,,,,,,
"USC00200032","ADRIAN 2 NNE, MI US","41.91636","-84.01635","231.6","1980-07",,"10.0",,,,,"15.3"
"USC00200032","ADRIAN 2 NNE, MI US","41.91636","-84.01635","231.6","1980-08",,"10.0","32.8",,"21.9","28.1","15.6"
"USC00200032","ADRIAN 2 NNE, MI US","41.91636","-84.01635","231.6","1980-09",,"0.6","31.7",,"16.8","23.9","9.6"
"USC00200032","ADRIAN 2 NNE, MI US","41.91636","-84.01635","231.6","1980-10",,"-7.2","26.7",,"7.5","13.7","1.3"
"USC00200032","ADRIAN 2 NNE, MI US","41.91636","-84.01635","231.6","1980-11",,"-10.6","20.6",,"2.2","7.9","-3.5"
"USC00200032","ADRIAN 2 NNE, MI US","41.91636","-84.01635","231.6","1980-12",,"-24.4","14.4",,"-4.5","1.4","-10.3"
"USC00201484","CHATHAM EXPERIMENT FARM, MI US","46.35","-86.93333","268.2","1980-07",,"3.3","32.2","23.9","19.4","26.8","11.9"
"USC00201484","CHATHAM EXPERIMENT FARM, MI US","46.35","-86.93333","268.2","1980-08",,"7.2","31.7","40.9","19.9","26.0","13.9"
"USC00201484","CHATHAM EXPERIMENT FARM, MI US","46.35","-86.93333","268.2","1980-09",,"-3.3","26.7","198.0","13.2","18.8","7.6"
"USC00201484","CHATHAM EXPERIMENT FARM, MI US","46.35","-86.93333","268.2","1980-10",,"-5.0","18.3","592.2","5.6","10.4","0.9"
"USC00201484","CHATHAM EXPERIMENT FARM, MI US","46.35","-86.93333","268.2","1980-11",,"-11.1","11.7","1119.6","0.8","4.6","-3.1"
"USC00201484","CHATHAM EXPERIMENT FARM, MI US","46.35","-86.93333","268.2","1980-12",,"-20.0","3.3","1935.3","-8.0","-4.2","-11.8"
"USC00202298","DUNBAR FOREST EXPERIMENTAL ST, MI US","46.31667","-84.23333","182.9","1980-07","36.3","3.9","28.9","36.2","17.9","24.9","11.0"
"USC00202298","DUNBAR FOREST EXPERIMENTAL ST, MI US","46.31667","-84.23333","182.9","1980-08","76.1","8.3","30.0","58.0","18.9","24.9","13.0"
"USC00202298","DUNBAR FOREST EXPERIMENTAL ST, MI US","46.31667","-84.23333","182.9","1980-09","80.3","-2.2","25.6","242.1","12.3","17.7","7.0"
"USC00202298","DUNBAR FOREST EXPERIMENTAL ST, MI US","46.31667","-84.23333","182.9","1980-10","80.3","-6.7","18.9","668.7","4.6","9.9","-0.8"
"USC00202298","DUNBAR FOREST EXPERIMENTAL ST, MI US","46.31667","-84.23333","182.9","1980-11","80.3","-12.2","10.6","1215.6","0.1","4.4","-4.1"
"USC00202298","DUNBAR FOREST EXPERIMENTAL ST, MI US","46.31667","-84.23333","182.9","1980-12","80.3","-30.6","2.8","2081.2","-9.6","-4.4","-14.8"
"USC00203661","HASTINGS, MI US","42.64208","-85.28819","250.2","1980-07","158.7","10.6","35.0","1.7","21.6","27.4","15.8"
"USC00203661","HASTINGS, MI US","42.64208","-85.28819","250.2","1980-08","264.2","9.4","31.7","7.1","21.6","27.4","15.7"
"USC00203661","HASTINGS, MI US","42.64208","-85.28819","250.2","1980-09","287.0","1.1","28.9","90.2","16.3","22.6","10.0"
"USC00203661","HASTINGS, MI US","42.64208","-85.28819","250.2","1980-10","287.0","-7.2","25.6","429.7","7.4","13.2","1.6"
"USC00203661","HASTINGS, MI US","42.64208","-85.28819","250.2","1980-11","287.0","-7.2","20.6","894.3","2.9","8.0","-2.3"
"USC00203661","HASTINGS, MI US","42.64208","-85.28819","250.2","1980-12","287.0","-22.2","13.3","1601.4","-4.5","0.2","-9.2"
"USC00202851","FLINT 7 W, MI US","43.0377","-83.7694","207.0","1980-07",,,,,,,
"USC00202851","FLINT 7 W, MI US","43.0377","-83.7694","207.0","1980-08",,,,,,,
"USC00202851","FLINT 7 W, MI US","43.0377","-83.7694","207.0","1980-09",,,,,,,
"USC00202851","FLINT 7 W, MI US","43.0377","-83.7694","207.0","1980-10",,,,,,,
"USC00202851","FLINT 7 W, MI US","43.0377","-83.7694","207.0","1980-11",,,,,,,
"USC00205603","MORENCI, MI US","41.7216","-84.2147","234.7","1980-07",,,,,,,
"USC00205603","MORENCI, MI US","41.7216","-84.2147","234.7","1980-08",,,,,,,
"USC00205603","MORENCI, MI US","41.7216","-84.2147","234.7","1980-09",,,,,,,
"USC00205603","MORENCI, MI US","41.7216","-84.2147","234.7","1980-10",,,,,,,
"USC00205603","MORENCI, MI US","41.7216","-84.2147","234.7","1980-11",,,,,,,
"USC00205603","MORENCI, MI US","41.7216","-84.2147","234.7","1980-12",,,,,,,
"USC00209006","WILLIAMSTON, MI US","42.7103","-84.2503","272.8","1980-11",,,,,,,
"USC00209006","WILLIAMSTON, MI US","42.7103","-84.2503","272.8","1980-12",,,,,,,
"USC00206658","PONTIAC WWTP, MI US","42.6388","-83.2555","271.3","1980-07","230.4","11.1","33.9","0.0","23.1","29.0","17.3"
"USC00206658","PONTIAC WWTP, MI US","42.6388","-83.2555","271.3","1980-08","372.1","10.6","31.7","0.0","22.9","28.2","17.6"
"USC00206658","PONTIAC WWTP, MI US","42.6388","-83.2555","271.3","1980-10",,"-4.4","25.6",,"8.3","13.3","3.2"
"USC00206658","PONTIAC WWTP, MI US","42.6388","-83.2555","271.3","1980-11",,"-7.2","18.9",,"3.1","7.6","-1.4"
"USC00206658","PONTIAC WWTP, MI US","42.6388","-83.2555","271.3","1980-12",,"-20.6","13.9",,"-3.9","0.6","-8.4"
"USC00200552","BATTLE CREEK 5 NW, MI US","42.3678","-85.2634","281.3","1980-07","205.1","11.7","35.0","0.0","22.6","28.0","17.1"
"USC00200552","BATTLE CREEK 5 NW, MI US","42.3678","-85.2634","281.3","1980-08","327.2","10.0","32.2","4.1","22.1","27.2","17.1"
"USC00200552","BATTLE CREEK 5 NW, MI US","42.3678","-85.2634","281.3","1980-09","363.6","2.2","27.8","71.1","17.3","22.7","12.0"
"USC00200552","BATTLE CREEK 5 NW, MI US","42.3678","-85.2634","281.3","1980-10","363.6","-5.6","23.9","379.1","8.4","13.4","3.4"
"USC00200552","BATTLE CREEK 5 NW, MI US","42.3678","-85.2634","281.3","1980-11","363.6","-6.7","20.6","819.6","3.6","8.3","-1.0"
"USC00200552","BATTLE CREEK 5 NW, MI US","42.3678","-85.2634","281.3","1980-12","363.6","-19.4","13.9","1490.9","-3.3","0.9","-7.6"
"USC00207742","SPALDING 1 NW, MI US","45.7019","-87.5255","262.1","1980-07",,,,,,,
"USC00207742","SPALDING 1 NW, MI US","45.7019","-87.5255","262.1","1980-08",,,,,,,
"USC00207742","SPALDING 1 NW, MI US","45.7019","-87.5255","262.1","1980-09",,,,,,,
"USC00207742","SPALDING 1 NW, MI US","45.7019","-87.5255","262.1","1980-10",,,,,,,
"USC00207742","SPALDING 1 NW, MI US","45.7019","-87.5255","262.1","1980-11",,,,,,,
"USC00207742","SPALDING 1 NW, MI US","45.7019","-87.5255","262.1","1980-12",,,,,,,
"USC00205567","MONTAGUE 4 NW, MI US","43.461","-86.41773","198.1","1980-07","88.6","6.1","30.6","12.8","20.2","26.2","14.2"
"USC00205567","MONTAGUE 4 NW, MI US","43.461","-86.41773","198.1","1980-08","158.4","5.0","30.0","21.1","20.3","25.9","14.6"
"USC00205567","MONTAGUE 4 NW, MI US","43.461","-86.41773","198.1","1980-09","172.7","1.1","27.2","124.2","15.4","21.2","9.5"
"USC00205567","MONTAGUE 4 NW, MI US","43.461","-86.41773","198.1","1980-10","172.7","-7.8","21.7","468.1","7.2","12.4","2.1"
"USC00205567","MONTAGUE 4 NW, MI US","43.461","-86.41773","198.1","1980-11","172.7","-7.8","13.9","930.2","2.9","7.3","-1.5"
"USC00205567","MONTAGUE 4 NW, MI US","43.461","-86.41773","198.1","1980-12","172.7","-16.1","11.7","1616.5","-3.8","0.3","-7.9"
"USC00207880","STEUBEN, MI US","46.18535","-86.46418","221.9","1980-07",,,,,,,
"USC00207880","STEUBEN, MI US","46.18535","-86.46418","221.9","1980-08",,,,,,,
"USC00207880","STEUBEN, MI US","46.18535","-86.46418","221.9","1980-09",,,,,,,
"USC00207880","STEUBEN, MI US","46.18535","-86.46418","221.9","1980-10",,,,,,,
"USC00207880","STEUBEN, MI US","46.18535","-86.46418","221.9","1980-11",,,,,,,
"USC00207880","STEUBEN, MI US","46.18535","-86.46418","221.9","1980-12",,,,,,,
"USW00094814","HOUGHTON LAKE ROSCOMMON CO AIRPORT, MI US","44.35904","-84.6739","350.6","1980-07","82.4","6.7","31.1","10.9","19.6","26.2","13.1"
"USW00094814","HOUGHTON LAKE ROSCOMMON CO AIRPORT, MI US","44.35904","-84.6739","350.6","1980-08","149.0","7.2","30.6","27.4","19.9","25.8","14.1"
"USW00094814","HOUGHTON LAKE ROSCOMMON CO AIRPORT, MI US","44.35904","-84.6739","350.6","1980-09","157.3","-2.8","27.2","173.7","13.7","19.8","7.6"
"USW00094814","HOUGHTON LAKE ROSCOMMON CO AIRPORT, MI US","44.35904","-84.6739","350.6","1980-10","157.3","-4.4","19.4","576.4","5.3","9.4","1.3"
"USW00094814","HOUGHTON LAKE ROSCOMMON CO AIRPORT, MI US","44.35904","-84.6739","350.6","1980-11","157.3","-10.0","17.2","1095.2","1.0","4.7","-2.6"
"USW00094814","HOUGHTON LAKE ROSCOMMON CO AIRPORT, MI US","44.35904","-84.6739","350.6","1980-12","157.3","-23.9","5.6","1889.9","-7.3","-2.7","-11.9"
"USC00205065","MANISTEE 3 SE, MI US","44.2113","-86.2938","204.2","1980-08",,,,,,,
"USC00205065","MANISTEE 3 SE, MI US","44.2113","-86.2938","204.2","1980-09",,"3.9","28.9",,"17.0","22.3","11.7"
"USC00205065","MANISTEE 3 SE, MI US","44.2113","-86.2938","204.2","1980-11",,,,,,,
"USC00208293","TROUT LAKE 1 SW, MI US","46.1796","-85.0311","250.9","1980-07",,,"29.4",,,"25.4",
"USC00208293","TROUT LAKE 1 SW, MI US","46.1796","-85.0311","250.9","1980-08",,"6.1","30.6",,"19.2","24.7","13.6"
"USC00208293","TROUT LAKE 1 SW, MI US","46.1796","-85.0311","250.9","1980-09",,"-5.0","24.4",,"12.1","17.6","6.5"
"USC00208293","TROUT LAKE 1 SW, MI US","46.1796","-85.0311","250.9","1980-10",,"-7.2","18.3",,"3.8","9.1","-1.6"
"USC00208293","TROUT LAKE 1 SW, MI US","46.1796","-85.0311","250.9","1980-11",,"-12.8","11.7",,"-0.3","4.1","-4.7"
"USC00208293","TROUT LAKE 1 SW, MI US","46.1796","-85.0311","250.9","1980-12",,"-29.4","2.8",,"-9.1","-3.4","-14.8"
"USC00204090","IRON MTN KINGSFORD WWTP, MI US","45.7858","-88.0841","326.4","1980-07","128.8","5.6","35.0","13.0","20.6","27.8","13.3"
"USC00204090","IRON MTN KINGSFORD WWTP, MI US","45.7858","-88.0841","326.4","1980-08","184.2","5.0","31.1","30.5","19.6","25.1","14.0"
"USC00204090","IRON MTN KINGSFORD WWTP, MI US","45.7858","-88.0841","326.4","1980-09","189.0","-2.8","27.8","178.6","13.6","19.6","7.5"
"USC00204090","IRON MTN KINGSFORD WWTP, MI US","45.7858","-88.0841","326.4","1980-10","189.0","-8.3","22.2","584.3","5.3","10.6","-0.1"
"USC00204090","IRON MTN KINGSFORD WWTP, MI US","45.7858","-88.0841","326.4","1980-11","189.0","-10.6","13.9","1109.0","0.8","4.9","-3.2"
"USC00204090","IRON MTN KINGSFORD WWTP, MI US","45.7858","-88.0841","326.4","1980-12","189.0","-25.6","4.4","1928.9","-8.1","-3.6","-12.6"
"USC00200446","BALDWIN, MI US","43.9005","-85.8505","254.5","1980-07",,"6.7","32.2","14.5","19.8","27.4","12.2"
"USC00200446","BALDWIN, MI US","43.9005","-85.8505","254.5","1980-08",,,,,,,
"USC00200446","BALDWIN, MI US","43.9005","-85.8505","254.5","1980-09",,"-2.2","29.4",,"13.8","21.3","6.4"
"USC00200446","BALDWIN, MI US","43.9005","-85.8505","254.5","1980-10",,"-9.4","23.9",,"5.5","12.3","-1.3"
"USC00200446","BALDWIN, MI US","43.9005","-85.8505","254.5","1980-11",,"-10.6","17.8",,"0.5","6.4","-5.4"
"USC00200446","BALDWIN, MI US","43.9005","-85.8505","254.5","1980-12",,"-24.4","7.2",,"-6.6","-1.6","-11.5"
"USW00014859","GRAND MARAIS, MI US","46.66667","-85.95","190.2","1980-08",,"6.1","30.0",,"18.0","24.0","12.0"
"USW00014859","GRAND MARAIS, MI US","46.66667","-85.95","190.2","1980-09",,"-2.2","27.2",,"11.8","17.8","5.8"
"USW00014859","GRAND MARAIS, MI US","46.66667","-85.95","190.2","1980-10",,"-6.1","18.3",,"4.4","9.6","-0.8"
"USW00014859","GRAND MARAIS, MI US","46.66667","-85.95","190.2","1980-11",,"-10.0","11.7",,"0.9","4.4","-2.6"
"USW00014859","GRAND MARAIS, MI US","46.66667","-85.95","190.2","1980-12",,"-21.1","3.3",,"-7.1","-2.8","-11.5"
"USW00014858","HANCOCK HOUGHTON CO AIRPORT, MI US","47.16594","-88.48076","323.9","1980-07","92.0","8.3","32.8","21.4","19.3","24.9","13.8"
"USW00014858","HANCOCK HOUGHTON CO AIRPORT, MI US","47.16594","-88.48076","323.9","1980-08","119.1","9.4","27.2","47.8","18.4","22.5","14.2"
"USW00014858","HANCOCK HOUGHTON CO AIRPORT, MI US","47.16594","-88.48076","323.9","1980-09","121.3","0.6","27.2","246.3","11.8","16.1","7.5"
"USW00014858","HANCOCK HOUGHTON CO AIRPORT, MI US","47.16594","-88.48076","323.9","1980-10","121.3","-6.1","22.2","689.4","4.0","7.8","0.3"
"USW00014858","HANCOCK HOUGHTON CO AIRPORT, MI US","47.16594","-88.48076","323.9","1980-11","121.3","-9.4","10.0","1249.3","-0.3","2.8","-3.5"
"USW00014858","HANCOCK HOUGHTON CO AIRPORT, MI US","47.16594","-88.48076","323.9","1980-12","121.3","-20.6","2.8","2071.0","-8.2","-5.1","-11.3"
"USC00205698","MUNITH 5 SW, MI US","42.35","-84.31667","289.6","1980-07",,,,,,,
"USC00205698","MUNITH 5 SW, MI US","42.35","-84.31667","289.6","1980-08",,,,,,,
"USC00205698","MUNITH 5 SW, MI US","42.35","-84.31667","289.6","1980-09",,,,,,,
"USC00205698","MUNITH 5 SW, MI US","42.35","-84.31667","289.6","1980-10",,,,,,,
"USC00205698","MUNITH 5 SW, MI US","42.35","-84.31667","289.6","1980-11",,,,,,,
"USC00205698","MUNITH 5 SW, MI US","42.35","-84.31667","289.6","1980-12",,,,,,,
"USC00206303","OXFORD, MI US","42.8094","-83.2569","317.0","1980-07",,,,,,,
"USC00206303","OXFORD, MI US","42.8094","-83.2569","317.0","1980-08",,,,,,,
"USC00206303","OXFORD, MI US","42.8094","-83.2569","317.0","1980-09",,,,,,,
"USC00206303","OXFORD, MI US","42.8094","-83.2569","317.0","1980-10",,,,,,,
"USC00206303","OXFORD, MI US","42.8094","-83.2569","317.0","1980-11",,,,,,,
"USC00206303","OXFORD, MI US","42.8094","-83.2569","317.0","1980-12",,,,,,,
"USC00207515","SENEY WILDLIFE REF, MI US","46.28333","-85.95","216.4","1980-07","81.9","3.9","34.4","15.6","19.7","27.7","11.7"
"USC00207515","SENEY WILDLIFE REF, MI US","46.28333","-85.95","216.4","1980-08","137.8","7.2","33.3","32.3","19.6","26.4","12.8"
"USC00207515","SENEY WILDLIFE REF, MI US","46.28333","-85.95","216.4","1980-10",,"-5.0","17.8",,"5.3","10.4","0.2"
"USC00207515","SENEY WILDLIFE REF, MI US","46.28333","-85.95","216.4","1980-11",,"-10.0","11.1",,"0.4","4.4","-3.6"
"USC00207515","SENEY WILDLIFE REF, MI US","46.28333","-85.95","216.4","1980-12",,"-24.4","3.3",,"-8.4","-3.4","-13.5"
"USC00206300","OWOSSO WWTP, MI US","43.0161","-84.18","222.5","1980-07","196.1","10.0","33.9","0.2","22.5","28.5","16.4"
"USC00206300","OWOSSO WWTP, MI US","43.0161","-84.18","222.5","1980-08","315.2","8.3","31.1","3.0","22.1","27.5","16.7"
"USC00206300","OWOSSO WWTP, MI US","43.0161","-84.18","222.5","1980-09","349.7","1.7","28.3","71.3","17.2","23.0","11.4"
"USC00206300","OWOSSO WWTP, MI US","43.0161","-84.18","222.5","1980-10","350.5","-5.0","25.0","403.8","7.6","12.7","2.6"
"USC00206300","OWOSSO WWTP, MI US","43.0161","-84.18","222.5","1980-11","350.5","-8.3","21.1","875.2","2.6","7.5","-2.3"
"USC00206300","OWOSSO WWTP, MI US","43.0161","-84.18","222.5","1980-12","350.5","-20.6","13.3","1589.2","-4.7","-0.1","-9.3"
"USC00204244","KALAMAZOO STATE HOSPITAL, MI US","42.28333","-85.6","289.6","1980-07",,"11.1","35.6","0.0","23.1","28.9","17.2"
"USC00204244","KALAMAZOO STATE HOSPITAL, MI US","42.28333","-85.6","289.6","1980-08",,"11.7","32.8","0.6","23.1","28.3","17.9"
"USC00204244","KALAMAZOO STATE HOSPITAL, MI US","42.28333","-85.6","289.6","1980-09",,"2.8","29.4","52.7","18.4","24.6","12.1"
"USC00204244","KALAMAZOO STATE HOSPITAL, MI US","42.28333","-85.6","289.6","1980-11",,"-5.0","19.4",,"3.8","8.9","-1.3"
"USC00204244","KALAMAZOO STATE HOSPITAL, MI US","42.28333","-85.6","289.6","1980-12",,"-17.8","13.3",,"-3.3","1.7","-8.2"
"USC00201896","CROSS VILLAGE 1 E, MI US","45.6413","-85.0141","219.8","1980-07","59.7","5.6","27.8","23.9","18.9","24.4","13.4"
"USC00201896","CROSS VILLAGE 1 E, MI US","45.6413","-85.0141","219.8","1980-08","129.7","10.0","29.4","32.0","20.3","25.0","15.7"
"USC00201896","CROSS VILLAGE 1 E, MI US","45.6413","-85.0141","219.8","1980-09","141.1","0.6","26.1","147.5","14.9","19.6","10.1"
"USC00201896","CROSS VILLAGE 1 E, MI US","45.6413","-85.0141","219.8","1980-10","141.1","-1.7","20.6","492.5","7.2","11.1","3.3"
"USC00201896","CROSS VILLAGE 1 E, MI US","45.6413","-85.0141","219.8","1980-11","141.1","-9.4","16.1","967.1","2.5","6.0","-1.0"
"USC00201896","CROSS VILLAGE 1 E, MI US","45.6413","-85.0141","219.8","1980-12","141.1","-23.3","5.0","1694.5","-5.8","-1.9","-9.7"
"USC00204127","ISHPEMING, MI US","46.48333","-87.65","438.9","1980-07","100.8","3.9","34.4","26.3","19.5","27.2","11.9"
"USC00204127","ISHPEMING, MI US","46.48333","-87.65","438.9","1980-08","143.7","7.8","31.1","45.0","19.1","24.8","13.5"
"USC00204127","ISHPEMING, MI US","46.48333","-87.65","438.9","1980-09","144.5","-2.8","27.2","221.1","12.5","18.1","6.9"
"USC00204127","ISHPEMING, MI US","46.48333","-87.65","438.9","1980-10","144.5","-6.7","20.0","634.5","5.0","10.1","-0.1"
"USC00204127","ISHPEMING, MI US","46.48333","-87.65","438.9","1980-11","144.5","-12.8","11.7","1181.6","0.1","4.1","-3.9"
"USC00204127","ISHPEMING, MI US","46.48333","-87.65","438.9","1980-12","144.5","-21.7","3.3","2017.7","-8.6","-4.7","-12.6"
"USC00202984","FRANKFORT 2 NE, MI US","44.64822","-86.20986","289.0","1980-07",,"9.4","28.9","15.5","19.1","24.2","14.0"
"USC00202984","FRANKFORT 2 NE, MI US","44.64822","-86.20986","289.0","1980-08",,"11.7","28.9","19.4","20.6","24.7","16.5"
"USC00202984","FRANKFORT 2 NE, MI US","44.64822","-86.20986","289.0","1980-09",,"2.8","26.7","119.2","15.4","20.2","10.6"
"USC00202984","FRANKFORT 2 NE, MI US","44.64822","-86.20986","289.0","1980-10",,"-2.8","20.6",,"6.8","10.6","3.1"
"USC00202984","FRANKFORT 2 NE, MI US","44.64822","-86.20986","289.0","1980-11",,"-5.0","10.0",,"2.6","5.7","-0.4"
"USC00202984","FRANKFORT 2 NE, MI US","44.64822","-86.20986","289.0","1980-12",,"-16.7","7.2",,"-5.3","-2.2","-8.4"
"USC00207253","SAINT CHARLES, MI US","43.3","-84.16667","182.9","1980-07","222.8","10.0","34.4","0.0","22.9","29.4","16.4"
"USC00207253","SAINT CHARLES, MI US","43.3","-84.16667","182.9","1980-08","358.3","9.4","32.8","1.4","22.8","28.7","16.8"
"USC00207253","SAINT CHARLES, MI US","43.3","-84.16667","182.9","1980-09","398.3","1.1","31.7","55.3","17.9","24.6","11.1"
"USC00207253","SAINT CHARLES, MI US","43.3","-84.16667","182.9","1980-10","398.3","-5.6","25.6","380.6","7.8","13.4","2.3"
"USC00207253","SAINT CHARLES, MI US","43.3","-84.16667","182.9","1980-11","398.3","-10.6","23.9","770.1","3.5","8.4","-1.4"
"USC00207253","SAINT CHARLES, MI US","43.3","-84.16667","182.9","1980-12",,"-15.6","13.3",,"-2.3","2.0","-6.6"
"USC00205073","MANISTIQUE WWTP, MI US","45.9512","-86.2513","182.9","1980-07","26.7","7.8","31.1","29.7","18.2","22.9","13.6"
"USC00205073","MANISTIQUE WWTP, MI US","45.9512","-86.2513","182.9","1980-08","73.1","10.0","30.0","38.9","19.5","23.5","15.6"
"USC00205073","MANISTIQUE WWTP, MI US","45.9512","-86.2513","182.9","1980-09","74.8","-0.6","25.6","182.3","13.6","18.6","8.6"
"USC00205073","MANISTIQUE WWTP, MI US","45.9512","-86.2513","182.9","1980-10","74.8","-3.9","19.4","563.2","5.2","9.8","0.6"
"USC00205073","MANISTIQUE WWTP, MI US","45.9512","-86.2513","182.9","1980-11","74.8","-8.3","10.0","1059.6","1.2","4.7","-2.2"
"USC00205073","MANISTIQUE WWTP, MI US","45.9512","-86.2513","182.9","1980-12","74.8","-20.0","5.6","1837.2","-6.7","-2.4","-11.1"
"USC00203290","GRAND HAVEN FIRE DEPARTMENT, MI US","43.06222","-86.22444","189.0","1980-07","202.3","11.7","32.8","0.0","22.5","27.6","17.5"
"USC00203290","GRAND HAVEN FIRE DEPARTMENT, MI US","43.06222","-86.22444","189.0","1980-08","344.4","11.1","33.3","0.9","22.9","27.6","18.2"
"USC00203290","GRAND HAVEN FIRE DEPARTMENT, MI US","43.06222","-86.22444","189.0","1980-09","391.8","4.4","28.9","56.0","18.1","22.9","13.2"
"USC00203290","GRAND HAVEN FIRE DEPARTMENT, MI US","43.06222","-86.22444","189.0","1980-10","391.8","-2.8","21.7","315.3","9.7","13.9","5.4"
"USC00203290","GRAND HAVEN FIRE DEPARTMENT, MI US","43.06222","-86.22444","189.0","1980-11","391.8","-2.8","16.7","710.8","4.8","8.3","1.3"
"USC00203290","GRAND HAVEN FIRE DEPARTMENT, MI US","43.06222","-86.22444","189.0","1980-12","391.8","-14.4","12.2","1350.5","-2.3","1.5","-6.1"
"USC00208184","THREE RIVERS, MI US","41.9299","-85.6385","246.9","1980-07","252.8","11.1","36.7","0.0","23.5","29.9","17.0"
"USC00208184","THREE RIVERS, MI US","41.9299","-85.6385","246.9","1980-08","393.9","11.1","34.4","1.4","22.8","29.0","16.7"
"USC00208184","THREE RIVERS, MI US","41.9299","-85.6385","246.9","1980-09","441.9","1.1","30.0","51.1","18.3","25.2","11.4"
"USC00208184","THREE RIVERS, MI US","41.9299","-85.6385","246.9","1980-10","443.0","-5.6","26.1","327.1","9.5","15.4","3.6"
"USC00208184","THREE RIVERS, MI US","41.9299","-85.6385","246.9","1980-11","443.0","-7.8","20.6","749.0","4.3","9.1","-0.6"
"USC00208184","THREE RIVERS, MI US","41.9299","-85.6385","246.9","1980-12","443.0","-17.2","14.4","1389.6","-2.3","1.8","-6.5"
"USC00207094","ROGERS CITY, MI US","45.4169","-83.8158","187.5","1980-07",,"8.3","32.2","16.4","19.3","25.3","13.4"
"USC00207094","ROGERS CITY, MI US","45.4169","-83.8158","187.5","1980-08",,"8.3","31.7","33.2","19.8","25.5","14.0"
"USC00207094","ROGERS CITY, MI US","45.4169","-83.8158","187.5","1980-09",,"-1.7","27.8","182.2","13.6","19.4","7.7"
"USC00207094","ROGERS CITY, MI US","45.4169","-83.8158","187.5","1980-10",,"-3.9","21.1","574.5","5.7","10.0","1.3"
"USC00207094","ROGERS CITY, MI US","45.4169","-83.8158","187.5","1980-11",,"-9.4","16.1","1086.9","1.3","5.4","-2.9"
"USC00207094","ROGERS CITY, MI US","45.4169","-83.8158","187.5","1980-12",,"-28.9","5.6","1883.8","-7.4","-2.9","-11.8"
"USC00204939","LOWELL 2 SE, MI US","42.925","-85.3427","231.6","1980-07",,,,,,,
"USC00204939","LOWELL 2 SE, MI US","42.925","-85.3427","231.6","1980-08",,,,,,,
"USC00204939","LOWELL 2 SE, MI US","42.925","-85.3427","231.6","1980-09",,,,,,,
"USC00204939","LOWELL 2 SE, MI US","42.925","-85.3427","231.6","1980-10",,,,,,,
"USC00204939","LOWELL 2 SE, MI US","42.925","-85.3427","231.6","1980-11",,,,,,,
"USC00204939","LOWELL 2 SE, MI US","42.925","-85.3427","231.6","1980-12",,,,,,,
"USC00203969","HUDSON 3 E, MI US","41.8483","-84.2938","266.7","1980-07",,,,,,,
"USC00203969","HUDSON 3 E, MI US","41.8483","-84.2938","266.7","1980-08",,,,,,,
"USC00203969","HUDSON 3 E, MI US","41.8483","-84.2938","266.7","1980-09",,,,,,,
"USC00203969","HUDSON 3 E, MI US","41.8483","-84.2938","266.7","1980-10",,,,,,,
"USC00203969","HUDSON 3 E, MI US","41.8483","-84.2938","266.7","1980-11",,,,,,,
"USC00203969","HUDSON 3 E, MI US","41.8483","-84.2938","266.7","1980-12",,,,,,,
"USC00204257","KALKASKA, MI US","44.728","-85.1727","315.5","1980-07",,,,,,,
"USC00204257","KALKASKA, MI US","44.728","-85.1727","315.5","1980-08",,,,,,,
"USC00204257","KALKASKA, MI US","44.728","-85.1727","315.5","1980-09",,,,,,,
"USC00204257","KALKASKA, MI US","44.728","-85.1727","315.5","1980-10",,,,,,,
"USC00204257","KALKASKA, MI US","44.728","-85.1727","315.5","1980-11",,,,,,,
"USC00204257","KALKASKA, MI US","44.728","-85.1727","315.5","1980-12",,,,,,,
"USC00206158","OLD MISSION 3 SSW, MI US","44.9215","-85.5161","199.9","1980-07","96.5","6.1","31.7","16.7","19.9","25.6","14.1"
"USC00206158","OLD MISSION 3 SSW, MI US","44.9215","-85.5161","199.9","1980-08","171.1","11.1","31.1","22.5","20.7","26.0","15.5"
"USC00206158","OLD MISSION 3 SSW, MI US","44.9215","-85.5161","199.9","1980-09","183.3","0.0","28.9","121.7","15.3","20.5","10.2"
"USC00206158","OLD MISSION 3 SSW, MI US","44.9215","-85.5161","199.9","1980-10","183.3","-2.2","20.0","461.5","6.6","10.6","2.7"
"USC00206158","OLD MISSION 3 SSW, MI US","44.9215","-85.5161","199.9","1980-11","183.3","-10.0","16.7","934.2","2.6","5.8","-0.6"
"USC00206158","OLD MISSION 3 SSW, MI US","44.9215","-85.5161","199.9","1980-12","183.3","-16.1","6.1","1658.4","-5.0","-1.8","-8.2"
"USC00202631","ESSEXVILLE, MI US","43.6155","-83.845","179.2","1980-07","179.3","10.6","32.8","2.2","22.1","27.1","17.0"
"USC00202631","ESSEXVILLE, MI US","43.6155","-83.845","179.2","1980-08","287.4","10.6","30.6","4.4","21.8","26.7","16.8"
"USC00202631","ESSEXVILLE, MI US","43.6155","-83.845","179.2","1980-09","301.2","1.7","26.1","110.2","15.3","19.8","10.8"
"USC00202631","ESSEXVILLE, MI US","43.6155","-83.845","179.2","1980-10","301.2","-4.4","23.9","477.4","6.5","10.2","2.8"
"USC00202631","ESSEXVILLE, MI US","43.6155","-83.845","179.2","1980-11","301.2","-5.6","17.8","969.5","1.9","5.2","-1.3"
"USC00202631","ESSEXVILLE, MI US","43.6155","-83.845","179.2","1980-12","301.2","-17.8","7.2","1717.1","-5.8","-2.6","-8.9"
"USC00204655","LAPEER WWTP, MI US","43.0608","-83.3074","249.9","1980-07","142.5","6.7","32.2","5.8","21.4","28.3","14.4"
"USC00204655","LAPEER WWTP, MI US","43.0608","-83.3074","249.9","1980-08","236.9","8.3","31.1","10.5","21.2","27.5","15.0"
"USC00204655","LAPEER WWTP, MI US","43.0608","-83.3074","249.9","1980-09","258.0","-1.1","28.3","100.5","16.0","22.9","9.2"
"USC00204655","LAPEER WWTP, MI US","43.0608","-83.3074","249.9","1980-10","258.0","-7.2","25.6","446.2","7.2","13.1","1.2"
"USC00204655","LAPEER WWTP, MI US","43.0608","-83.3074","249.9","1980-12",,"-23.3","13.9",,"-4.4","0.4","-9.2"
"USC00202250","DOWAGIAC 1 W, MI US","41.9856","-86.132","225.6","1980-07",,"10.6","36.1","1.1","22.5","28.9","16.1"
"USC00202250","DOWAGIAC 1 W, MI US","41.9856","-86.132","225.6","1980-08",,"11.1","33.3","3.5","22.2","28.2","16.1"
"USC00202250","DOWAGIAC 1 W, MI US","41.9856","-86.132","225.6","1980-09",,"2.2","31.1","66.1","17.4","24.2","10.7"
"USC00202250","DOWAGIAC 1 W, MI US","41.9856","-86.132","225.6","1980-10",,"-6.1","27.2","369.0","8.6","14.6","2.5"
"USC00202250","DOWAGIAC 1 W, MI US","41.9856","-86.132","225.6","1980-11",,"-6.1","21.7","798.6","3.5","8.7","-1.7"
"USC00202250","DOWAGIAC 1 W, MI US","41.9856","-86.132","225.6","1980-12",,"-16.1","14.4","1390.0","-2.2","1.9","-6.4"
"USC00203616","HARRISON 1 NNW, MI US","44.03333","-84.8","352.3","1980-07",,,,,,,
"USC00203616","HARRISON 1 NNW, MI US","44.03333","-84.8","352.3","1980-08",,,,,,,
"USC00203616","HARRISON 1 NNW, MI US","44.03333","-84.8","352.3","1980-09",,,,,,,
"USC00203616","HARRISON 1 NNW, MI US","44.03333","-84.8","352.3","1980-10",,,,,,,
"USC00203616","HARRISON 1 NNW, MI US","44.03333","-84.8","352.3","1980-11",,,,,,,
"USC00203616","HARRISON 1 NNW, MI US","44.03333","-84.8","352.3","1980-12",,,,,,,
"USC00203858","HOLLAND WTP, MI US","42.7989","-86.20635","184.4","1980-07","191.2","8.3","35.0","1.9","22.1","28.0","16.2"
"USC00203858","HOLLAND WTP, MI US","42.7989","-86.20635","184.4","1980-08","310.9","8.3","33.3","5.6","22.1","28.0","16.1"
"USC00203858","HOLLAND WTP, MI US","42.7989","-86.20635","184.4","1980-09","341.6","1.7","30.0","74.3","17.1","22.9","11.2"
"USC00203858","HOLLAND WTP, MI US","42.7989","-86.20635","184.4","1980-10","343.6","-4.4","25.6","369.0","8.6","13.4","3.7"
"USC00203858","HOLLAND WTP, MI US","42.7989","-86.20635","184.4","1980-11","343.6","-5.0","20.6","799.9","4.0","8.6","-0.6"
"USC00203858","HOLLAND WTP, MI US","42.7989","-86.20635","184.4","1980-12","343.6","-20.6","13.3","1468.0","-3.2","0.9","-7.4"
"USC00200864","BLOOMINGDALE, MI US","42.3838","-85.9626","224.3","1980-07","127.7","9.4","35.0","3.3","20.8","27.4","14.1"
"USC00200864","BLOOMINGDALE, MI US","42.3838","-85.9626","224.3","1980-08","220.1","10.0","32.2","12.7","21.0","27.1","15.0"
"USC00200864","BLOOMINGDALE, MI US","42.3838","-85.9626","224.3","1980-09","244.0","1.7","29.4","89.8","16.6","23.0","10.2"
"USC00200864","BLOOMINGDALE, MI US","42.3838","-85.9626","224.3","1980-10","244.0","-6.1","26.7","404.7","8.2","14.0","2.4"
"USC00200864","BLOOMINGDALE, MI US","42.3838","-85.9626","224.3","1980-11","244.0","-6.1","22.2","846.9","3.6","8.9","-1.7"
"USC00200864","BLOOMINGDALE, MI US","42.3838","-85.9626","224.3","1980-12","244.0","-20.6","13.9","1515.3","-3.2","1.1","-7.5"
"USC00204944","LOWELL, MI US","42.92793","-85.34013","199.9","1980-07",,,,,,,
"USC00204944","LOWELL, MI US","42.92793","-85.34013","199.9","1980-08",,,,,,,
"USC00204944","LOWELL, MI US","42.92793","-85.34013","199.9","1980-09",,,,,,,
"USC00204944","LOWELL, MI US","42.92793","-85.34013","199.9","1980-10",,,,,,,
"USC00204944","LOWELL, MI US","42.92793","-85.34013","199.9","1980-11",,,,,,,
"USC00204944","LOWELL, MI US","42.92793","-85.34013","199.9","1980-12",,,,,,,
"USC00207419","SEBEWAING, MI US","43.73194","-83.45917","178.0","1980-07",,,,,,,
"USC00207419","SEBEWAING, MI US","43.73194","-83.45917","178.0","1980-08",,,,,,,
"USC00207419","SEBEWAING, MI US","43.73194","-83.45917","178.0","1980-09",,,,,,,
"USC00207419","SEBEWAING, MI US","43.73194","-83.45917","178.0","1980-10",,,,,,,
"USC00207419","SEBEWAING, MI US","43.73194","-83.45917","178.0","1980-11",,,,,,,
"USC00207419","SEBEWAING, MI US","43.73194","-83.45917","178.0","1980-12",,,,,,,
"USC00201439","CHAMPION VAN RIPER P, MI US","46.5193","-87.9859","487.4","1980-07",,"0.0","31.1","38.9","18.2","26.1","10.3"
"USC00201439","CHAMPION VAN RIPER P, MI US","46.5193","-87.9859","487.4","1980-08",,"2.2","29.4","80.5","17.7","24.3","11.1"
"USC00201439","CHAMPION VAN RIPER P, MI US","46.5193","-87.9859","487.4","1980-11",,"-16.1","12.2",,"-1.5","3.3","-6.3"
"USC00201439","CHAMPION VAN RIPER P, MI US","46.5193","-87.9859","487.4","1980-12",,"-25.6","3.3",,"-9.9","-5.0","-14.9"
"USC00207812","STAMBAUGH 2 SSE, MI US","46.0555","-88.6275","442.0","1980-07","73.8","2.8","33.3","28.1","19.1","27.0","11.2"
"USC00207812","STAMBAUGH 2 SSE, MI US","46.0555","-88.6275","442.0","1980-08","105.5","2.8","29.4","63.9","18.2","24.4","12.0"
"USC00207812","STAMBAUGH 2 SSE, MI US","46.0555","-88.6275","442.0","1980-09","106.3","-5.0","27.8","240.2","12.5","19.2","5.7"
"USC00207812","STAMBAUGH 2 SSE, MI US","46.0555","-88.6275","442.0","1980-10","106.3","-10.0","24.4","661.7","4.7","10.3","-0.9"
"USC00207812","STAMBAUGH 2 SSE, MI US","46.0555","-88.6275","442.0","1980-11","106.3","-14.4","15.0","1219.0","-0.2","4.7","-5.2"
"USC00207812","STAMBAUGH 2 SSE, MI US","46.0555","-88.6275","442.0","1980-12","106.3","-32.2","5.0","2087.9","-9.7","-4.3","-15.1"
"USC00208468","VESTABURG, MI US","43.3925","-84.90917","278.9","1980-07",,,,,,,
"USC00208468","VESTABURG, MI US","43.3925","-84.90917","278.9","1980-08",,,,,,,
"USC00208468","VESTABURG, MI US","43.3925","-84.90917","278.9","1980-09",,,,,,,
"USC00208468","VESTABURG, MI US","43.3925","-84.90917","278.9","1980-10",,,,,,,
"USC00208468","VESTABURG, MI US","43.3925","-84.90917","278.9","1980-11",,,,,,,
"USC00208468","VESTABURG, MI US","43.3925","-84.90917","278.9","1980-12",,,,,,,
"USC00200343","ATLANTA 5 WNW, MI US","45.02833","-84.23306","359.7","1980-07","94.5","2.8","33.9","22.5","19.5","27.9","11.1"
"USC00200343","ATLANTA 5 WNW, MI US","45.02833","-84.23306","359.7","1980-08","173.4","5.6","33.9","39.9","20.3","28.7","11.9"
"USC00200343","ATLANTA 5 WNW, MI US","45.02833","-84.23306","359.7","1980-09","182.6","-5.6","29.4","170.9","13.8","21.3","6.3"
"USC00200343","ATLANTA 5 WNW, MI US","45.02833","-84.23306","359.7","1980-10",,"-8.3",,,,,"0.1"
"USC00200343","ATLANTA 5 WNW, MI US","45.02833","-84.23306","359.7","1980-11",,"-12.2","18.9",,"1.6","6.8","-3.6"
"USC00200343","ATLANTA 5 WNW, MI US","45.02833","-84.23306","359.7","1980-12",,"-31.1","8.9",,"-8.4","-2.4","-14.3"
"USC00201675","COLDWATER ST SCHOOL, MI US","41.9622","-84.9925","299.9","1980-07","185.5","10.6","35.6","0.9","22.3","28.1","16.4"
"USC00201675","COLDWATER ST SCHOOL, MI US","41.9622","-84.9925","299.9","1980-08","306.1","10.6","32.8","5.6","22.1","27.6","16.6"
"USC00201675","COLDWATER ST SCHOOL, MI US","41.9622","-84.9925","299.9","1980-09","337.8","1.1","30.6","74.8","17.1","23.7","10.4"
"USC00201675","COLDWATER ST SCHOOL, MI US","41.9622","-84.9925","299.9","1980-10","337.8","-6.7","25.6","403.6","7.7","13.2","2.3"
"USC00201675","COLDWATER ST SCHOOL, MI US","41.9622","-84.9925","299.9","1980-11","337.8","-8.3","20.6","881.0","2.4","7.4","-2.5"
"USC00201675","COLDWATER ST SCHOOL, MI US","41.9622","-84.9925","299.9","1980-12","337.8","-20.0","14.4","1567.4","-3.8","0.7","-8.3"
"USC00206184","ONAWAY 4 N, MI US","45.4108","-84.2233","227.1","1980-07",,"7.8","31.1","4.5","20.6","27.2","14.0"
"USC00206184","ONAWAY 4 N, MI US","45.4108","-84.2233","227.1","1980-08",,"9.4","33.3","11.2","21.2","28.0","14.3"
"USC00206184","ONAWAY 4 N, MI US","45.4108","-84.2233","227.1","1980-09",,"-1.7","27.8","134.5","14.6","20.4","8.7"
"USC00206184","ONAWAY 4 N, MI US","45.4108","-84.2233","227.1","1980-10",,"-3.9","20.6","510.4","6.2","10.6","1.8"
"USC00206184","ONAWAY 4 N, MI US","45.4108","-84.2233","227.1","1980-11",,"-9.4","13.9","1017.8","1.4","5.6","-2.7"
"USC00206184","ONAWAY 4 N, MI US","45.4108","-84.2233","227.1","1980-12",,"-26.1","5.0","1739.2","-6.7","-1.7","-11.8"
"USW00094847","DETROIT METRO AIRPORT, MI US","42.23113","-83.33121","191.9","1980-07","190.1","11.1","33.9","0.0","22.6","28.5","16.7"
"USW00094847","DETROIT METRO AIRPORT, MI US","42.23113","-83.33121","191.9","1980-08","323.3","12.8","32.2","0.0","22.6","27.6","17.7"
"USW00094847","DETROIT METRO AIRPORT, MI US","42.23113","-83.33121","191.9","1980-09","366.1","1.7","31.7","63.3","17.6","23.4","11.9"
"USW00094847","DETROIT METRO AIRPORT, MI US","42.23113","-83.33121","191.9","1980-10","367.8","-6.7","26.1","386.9","7.9","12.9","3.0"
"USW00094847","DETROIT METRO AIRPORT, MI US","42.23113","-83.33121","191.9","1980-11","367.8","-9.4","20.6","847.3","3.0","8.0","-2.0"
"USW00094847","DETROIT METRO AIRPORT, MI US","42.23113","-83.33121","191.9","1980-12","367.8","-22.2","14.4","1519.2","-3.3","1.2","-7.9"
"USC00207277","BEAVER ISLAND, MI US","45.6911","-85.5463","204.8","1980-07","23.3","7.2","30.0","36.2","17.8","24.3","11.3"
"USC00207277","BEAVER ISLAND, MI US","45.6911","-85.5463","204.8","1980-08","55.7","10.0","28.9","53.7","18.8","24.2","13.5"
"USC00207277","BEAVER ISLAND, MI US","45.6911","-85.5463","204.8","1980-09","59.6","1.1","24.4","179.5","14.3","19.0","9.5"
"USC00207277","BEAVER ISLAND, MI US","45.6911","-85.5463","204.8","1980-10","59.6","-4.4","18.9","524.5","7.2","12.3","2.1"
"USC00207277","BEAVER ISLAND, MI US","45.6911","-85.5463","204.8","1980-11","59.6","-7.8","13.9","1023.9","1.7","5.7","-2.3"
"USC00207277","BEAVER ISLAND, MI US","45.6911","-85.5463","204.8","1980-12","59.6","-17.2","3.9","1770.6","-6.5","-2.9","-10.0"
"USW00094849","ALPENA CO REGIONAL AIRPORT, MI US","45.0716","-83.56451","208.3","1980-07","87.0","6.7","33.3","15.2","19.8","26.2","13.3"
"USW00094849","ALPENA CO REGIONAL AIRPORT, MI US","45.0716","-83.56451","208.3","1980-08","158.5","9.4","30.6","24.6","20.3","25.9","14.8"
"USW00094849","ALPENA CO REGIONAL AIRPORT, MI US","45.0716","-83.56451","208.3","1980-09","168.3","-2.2","28.3","164.8","14.0","19.4","8.5"
"USW00094849","ALPENA CO REGIONAL AIRPORT, MI US","45.0716","-83.56451","208.3","1980-10","168.3","-4.4","21.7","531.3","6.5","10.7","2.3"
"USW00094849","ALPENA CO REGIONAL AIRPORT, MI US","45.0716","-83.56451","208.3","1980-11","168.3","-11.1","16.1","1056.0","0.8","5.1","-3.4"
"USW00094849","ALPENA CO REGIONAL AIRPORT, MI US","45.0716","-83.56451","208.3","1980-12","168.3","-27.2","6.1","1855.3","-7.4","-2.6","-12.4"
"USC00202381","EAST JORDAN, MI US","45.15179","-85.1324","178.9","1980-08",,"7.8","32.8",,"21.3","27.7","14.9"
"USC00202381","EAST JORDAN, MI US","45.15179","-85.1324","178.9","1980-09",,"-2.2","28.3",,"14.9","21.5","8.3"
"USC00202381","EAST JORDAN, MI US","45.15179","-85.1324","178.9","1980-10",,"-3.3","22.8",,"7.3","12.4","2.2"
"USC00202381","EAST JORDAN, MI US","45.15179","-85.1324","178.9","1980-11",,"-11.7","14.4",,"1.8","6.0","-2.4"
"USC00202381","EAST JORDAN, MI US","45.15179","-85.1324","178.9","1980-12",,,,,,,
"USC00205892","NILES, MI US","41.8405","-86.2658","198.1","1980-07",,,,,,,
"USC00205892","NILES, MI US","41.8405","-86.2658","198.1","1980-08",,,,,,,
"USC00205892","NILES, MI US","41.8405","-86.2658","198.1","1980-09",,,,,,,
"USC00205892","NILES, MI US","41.8405","-86.2658","198.1","1980-10",,,,,,,
"USC00205892","NILES, MI US","41.8405","-86.2658","198.1","1980-11",,,,,,,
"USC00205892","NILES, MI US","41.8405","-86.2658","198.1","1980-12",,,,,,,
"USC00206220","ONTONAGON 6 SE, MI US","46.8343","-89.2074","240.8","1980-07","75.3","3.3","32.2","21.7","19.1","26.2","12.1"
"USC00206220","ONTONAGON 6 SE, MI US","46.8343","-89.2074","240.8","1980-08","118.4","3.9","28.9","47.2","18.9","24.5","13.3"
"USC00206220","ONTONAGON 6 SE, MI US","46.8343","-89.2074","240.8","1980-09","120.6","-1.1","29.4","213.7","12.8","18.8","6.7"
"USC00206220","ONTONAGON 6 SE, MI US","46.8343","-89.2074","240.8","1980-10","120.6","-7.2","26.7","594.4","6.1","10.9","1.2"
"USC00206220","ONTONAGON 6 SE, MI US","46.8343","-89.2074","240.8","1980-11","120.6","-9.4","13.9","1111.6","1.1","4.8","-2.6"
"USC00206220","ONTONAGON 6 SE, MI US","46.8343","-89.2074","240.8","1980-12","120.6","-23.9","3.9","1909.1","-7.4","-3.2","-11.5"
"USC00205097","MAPLE CITY 1 E, MI US","44.855","-85.8352","243.5","1980-07","138.1","5.0","31.1","8.6","20.9","27.4","14.4"
"USC00205097","MAPLE CITY 1 E, MI US","44.855","-85.8352","243.5","1980-08","256.1","11.1","30.0","8.6","22.1","27.1","17.2"
"USC00205097","MAPLE CITY 1 E, MI US","44.855","-85.8352","243.5","1980-09","279.4","-0.6","29.4","100.8","16.0","21.6","10.5"
"USC00205097","MAPLE CITY 1 E, MI US","44.855","-85.8352","243.5","1980-10","279.4","-1.7","21.1","435.3","7.5","11.7","3.4"
"USC00205097","MAPLE CITY 1 E, MI US","44.855","-85.8352","243.5","1980-11","279.4","-7.2","17.2","893.4","3.1","6.9","-0.8"
"USC00205097","MAPLE CITY 1 E, MI US","44.855","-85.8352","243.5","1980-12","279.4","-18.3","6.1","1614.7","-4.9","-1.0","-8.8"
"USC00207274","ST IGNACE MACKINAC B, MI US","45.8488","-84.7227","181.4","1980-07","33.1","8.3","28.9","24.0","18.4","23.4","13.4"
"USC00207274","ST IGNACE MACKINAC B, MI US","45.8488","-84.7227","181.4","1980-08","82.1","9.4","27.8","30.5","19.7","24.1","15.3"
"USC00207274","ST IGNACE MACKINAC B, MI US","45.8488","-84.7227","181.4","1980-09","87.6","2.8","24.4","168.9","13.8","18.0","9.5"
"USC00207274","ST IGNACE MACKINAC B, MI US","45.8488","-84.7227","181.4","1980-10","87.6","-6.1","19.4","550.2","6.0","10.1","1.9"
"USC00207274","ST IGNACE MACKINAC B, MI US","45.8488","-84.7227","181.4","1980-11","87.6","-7.8","11.1","1060.4","1.3","5.0","-2.4"
"USC00207274","ST IGNACE MACKINAC B, MI US","45.8488","-84.7227","181.4","1980-12","87.6","-20.6","6.1","1777.8","-6.3","-2.1","-10.5"
"USC00202140","DIMONDALE 1 WSW, MI US","42.6444","-84.6503","266.7","1980-07",,,,,,,
"USC00202140","DIMONDALE 1 WSW, MI US","42.6444","-84.6503","266.7","1980-08",,,,,,,
"USC00202140","DIMONDALE 1 WSW, MI US","42.6444","-84.6503","266.7","1980-09",,,,,,,
"USC00202140","DIMONDALE 1 WSW, MI US","42.6444","-84.6503","266.7","1980-10",,,,,,,
"USC00202140","DIMONDALE 1 WSW, MI US","42.6444","-84.6503","266.7","1980-11",,,,,,,
"USC00202140","DIMONDALE 1 WSW, MI US","42.6444","-84.6503","266.7","1980-12",,,,,,,
"USC00200632","BEAVERTON 1 ESE, MI US","43.8797","-84.4741","208.2","1980-07",,,,,,,
"USC00200632","BEAVERTON 1 ESE, MI US","43.8797","-84.4741","208.2","1980-08",,,,,,,
"USC00200632","BEAVERTON 1 ESE, MI US","43.8797","-84.4741","208.2","1980-09",,,,,,,
"USC00200632","BEAVERTON 1 ESE, MI US","43.8797","-84.4741","208.2","1980-10",,,,,,,
"USC00200632","BEAVERTON 1 ESE, MI US","43.8797","-84.4741","208.2","1980-11",,,,,,,
"USC00200632","BEAVERTON 1 ESE, MI US","43.8797","-84.4741","208.2","1980-12",,,,,,,
"USC00203504","GULL LAKE BIOLOGICAL STATION, MI US","42.3941","-85.385","281.9","1980-07","211.5","12.2","33.9","0.0","23.0","28.6","17.3"
"USC00203504","GULL LAKE BIOLOGICAL STATION, MI US","42.3941","-85.385","281.9","1980-08","345.5","10.0","32.2","2.3","22.8","28.4","17.2"
"USC00203504","GULL LAKE BIOLOGICAL STATION, MI US","42.3941","-85.385","281.9","1980-09","393.4","2.8","28.9","51.7","18.3","24.4","12.2"
"USC00203504","GULL LAKE BIOLOGICAL STATION, MI US","42.3941","-85.385","281.9","1980-10","394.3","-4.4","25.6","327.1","9.2","14.9","3.6"
"USC00203504","GULL LAKE BIOLOGICAL STATION, MI US","42.3941","-85.385","281.9","1980-11","394.3","-6.1","19.4","750.4","4.2","9.0","-0.5"
"USC00203504","GULL LAKE BIOLOGICAL STATION, MI US","42.3941","-85.385","281.9","1980-12","394.3","-18.3","13.3","1403.9","-2.7","1.4","-6.9"
"USW00014804","MOUNT CLEMENS ANG BASE, MI US","42.6083","-82.8183","176.8","1980-07","134.0","9.4","32.8","3.0","21.5","26.7","16.4"
"USW00014804","MOUNT CLEMENS ANG BASE, MI US","42.6083","-82.8183","176.8","1980-08","270.6","11.7","32.2","4.7","22.7","26.9","18.5"
"USW00014804","MOUNT CLEMENS ANG BASE, MI US","42.6083","-82.8183","176.8","1980-09","317.9","5.0","30.6","52.7","18.3","23.2","13.4"
"USW00014804","MOUNT CLEMENS ANG BASE, MI US","42.6083","-82.8183","176.8","1980-10","320.7","-2.8","26.7","341.4","9.1","12.9","5.3"
"USW00014804","MOUNT CLEMENS ANG BASE, MI US","42.6083","-82.8183","176.8","1980-11","320.7","-6.1","17.8","787.3","3.5","7.3","-0.3"
"USW00014804","MOUNT CLEMENS ANG BASE, MI US","42.6083","-82.8183","176.8","1980-12","320.7","-17.2","14.4","1465.6","-3.6","0.2","-7.3"
"USC00203628","HARRISVILLE STATE PARK, MI US","44.64975","-83.29585","186.5","1980-08",,"10.6","31.7",,"21.0","26.1","15.8"
"USC00203628","HARRISVILLE STATE PARK, MI US","44.64975","-83.29585","186.5","1980-10",,"-4.4","22.2",,"6.8","11.3","2.3"
"USC00203628","HARRISVILLE STATE PARK, MI US","44.64975","-83.29585","186.5","1980-11",,"-9.4","16.7",,"2.2","6.5","-2.1"
"USC00203628","HARRISVILLE STATE PARK, MI US","44.64975","-83.29585","186.5","1980-12",,"-20.6","7.8",,"-6.0","-1.5","-10.6"
"USC00203585","HARBOR BEACH 1 SSE, MI US","43.8322","-82.6427","181.4","1980-07",,"6.7","33.3","21.1","19.7","25.7","13.8"
"USC00203585","HARBOR BEACH 1 SSE, MI US","43.8322","-82.6427","181.4","1980-08",,"8.9","32.8","23.6","20.9","26.5","15.2"
"USC00203585","HARBOR BEACH 1 SSE, MI US","43.8322","-82.6427","181.4","1980-09",,"0.0","28.9","129.7","15.1","21.3","8.9"
"USC00203585","HARBOR BEACH 1 SSE, MI US","43.8322","-82.6427","181.4","1980-10",,"-5.0","25.0","489.4","6.7","11.5","2.0"
"USC00203585","HARBOR BEACH 1 SSE, MI US","43.8322","-82.6427","181.4","1980-11",,"-8.3","16.1","977.9","2.1","6.8","-2.6"
"USC00203585","HARBOR BEACH 1 SSE, MI US","43.8322","-82.6427","181.4","1980-12",,"-18.9","11.1","1697.5","-4.9","-0.5","-9.3"
"USC00205488","MILLINGTON 3 SE, MI US","43.2836","-83.4791","249.9","1980-07",,,,,,,
"USC00205488","MILLINGTON 3 SE, MI US","43.2836","-83.4791","249.9","1980-08",,,,,,,
"USC00205488","MILLINGTON 3 SE, MI US","43.2836","-83.4791","249.9","1980-09",,,,,,,
"USC00205488","MILLINGTON 3 SE, MI US","43.2836","-83.4791","249.9","1980-10",,,,,,,
"USC00205488","MILLINGTON 3 SE, MI US","43.2836","-83.4791","249.9","1980-11",,,,,,,
"USC00205488","MILLINGTON 3 SE, MI US","43.2836","-83.4791","249.9","1980-12",,,,,,,
"USC00200230","ANN ARBOR U OF MICH, MI US","42.29806","-83.66388","247.8","1980-07","221.2","11.7","33.9","0.0","23.0","29.0","17.1"
"USC00200230","ANN ARBOR U OF MICH, MI US","42.29806","-83.66388","247.8","1980-08","352.7","11.7","31.1","1.1","22.5","27.5","17.6"
"USC00200230","ANN ARBOR U OF MICH, MI US","42.29806","-83.66388","247.8","1980-09","397.0","1.7","30.6","53.8","18.1","23.8","12.3"
"USC00200230","ANN ARBOR U OF MICH, MI US","42.29806","-83.66388","247.8","1980-10","398.1","-3.9","25.6","358.9","8.5","13.6","3.5"
"USC00200230","ANN ARBOR U OF MICH, MI US","42.29806","-83.66388","247.8","1980-11","398.1","-7.2","19.4","804.9","3.5","7.9","-1.0"
"USC00200230","ANN ARBOR U OF MICH, MI US","42.29806","-83.66388","247.8","1980-12","398.1","-20.0","14.4","1474.9","-3.3","0.8","-7.4"
"USC00202015","DEARBORN, MI US","42.31917","-83.23839","184.4","1980-07","213.7","11.1","34.4","1.4","22.7","29.1","16.3"
"USC00202015","DEARBORN, MI US","42.31917","-83.23839","184.4","1980-08","365.3","11.1","32.2","1.4","23.2","28.5","17.9"
"USC00202015","DEARBORN, MI US","42.31917","-83.23839","184.4","1980-09","406.2","1.7","31.7","57.1","17.8","24.0","11.5"
"USC00202015","DEARBORN, MI US","42.31917","-83.23839","184.4","1980-10","407.1","-5.6","26.7","366.4","8.4","13.6","3.1"
"USC00202015","DEARBORN, MI US","42.31917","-83.23839","184.4","1980-11","407.1","-8.3","21.7","813.5","3.4","8.3","-1.5"
"USC00202015","DEARBORN, MI US","42.31917","-83.23839","184.4","1980-12","407.1","-18.9","15.0","1481.6","-3.2","1.4","-7.9"
"USC00205801","NEWAYGO 2 SSE, MI US","43.4","-85.78333","234.7","1980-07",,,,,,,
"USC00205801","NEWAYGO 2 SSE, MI US","43.4","-85.78333","234.7","1980-08",,,,,,,
"USC00205801","NEWAYGO 2 SSE, MI US","43.4","-85.78333","234.7","1980-09",,,,,,,
"USC00205801","NEWAYGO 2 SSE, MI US","43.4","-85.78333","234.7","1980-10",,,,,,,
"USC00205801","NEWAYGO 2 SSE, MI US","43.4","-85.78333","234.7","1980-11",,,,,,,
"USC00205801","NEWAYGO 2 SSE, MI US","43.4","-85.78333","234.7","1980-12",,,,,,,
"USC00204954","LUDINGTON, MI US","43.9066","-86.3942","210.3","1980-07","82.9","6.7","31.7","7.2","20.2","26.9","13.5"
"USC00204954","LUDINGTON, MI US","43.9066","-86.3942","210.3","1980-08","162.9","7.2","30.0","16.4","20.6","25.9","15.4"
"USC00204954","LUDINGTON, MI US","43.9066","-86.3942","210.3","1980-09",,,,,,,
"USC00204954","LUDINGTON, MI US","43.9066","-86.3942","210.3","1980-10",,"-5.6","21.7",,"7.8","12.4","3.1"
"USC00204954","LUDINGTON, MI US","43.9066","-86.3942","210.3","1980-11",,"-6.7","15.0",,"3.9","8.7","-0.8"
"USC00204954","LUDINGTON, MI US","43.9066","-86.3942","210.3","1980-12",,"-17.2","7.8",,"-3.9","0.4","-8.2"
"USC00203744","HERMAN, MI US","46.6653","-88.3772","523.3","1980-07","52.0","1.7","30.6","33.6","18.2","25.7","10.8"
"USC00203744","HERMAN, MI US","46.6653","-88.3772","523.3","1980-08","79.3","2.8","28.9","80.1","17.7","23.3","12.2"
"USC00203744","HERMAN, MI US","46.6653","-88.3772","523.3","1980-09","79.6","-3.3","27.8","282.9","11.0","17.0","5.0"
"USC00203744","HERMAN, MI US","46.6653","-88.3772","523.3","1980-10","79.6","-9.4","24.4","739.4","3.6","8.5","-1.3"
"USC00203744","HERMAN, MI US","46.6653","-88.3772","523.3","1980-11","79.6","-16.7","11.1","1337.7","-1.6","2.7","-5.9"
"USC00203744","HERMAN, MI US","46.6653","-88.3772","523.3","1980-12","79.6","-23.3","2.8","2211.3","-9.9","-5.8","-13.9"
"USC00207820","STANDISH 4 NE, MI US","44.0126","-83.8977","187.5","1980-07","97.7","7.8","32.8","8.6","20.1","26.9","13.3"
"USC00207820","STANDISH 4 NE, MI US","44.0126","-83.8977","187.5","1980-08","159.8","7.8","32.2","17.8","20.0","27.1","12.9"
"USC00207820","STANDISH 4 NE, MI US","44.0126","-83.8977","187.5","1980-09","170.9","-1.7","28.9","142.7","14.5","21.7","7.4"
"USC00207820","STANDISH 4 NE, MI US","44.0126","-83.8977","187.5","1980-10","170.9","-6.7","25.6","519.4","6.2","11.5","0.9"
"USC00207820","STANDISH 4 NE, MI US","44.0126","-83.8977","187.5","1980-11","170.9","-7.8","14.4","1019.2","1.1","5.7","-3.5"
"USC00207820","STANDISH 4 NE, MI US","44.0126","-83.8977","187.5","1980-12","170.9","-23.3","5.0","1799.5","-6.8","-2.1","-11.6"
"USC00208650","WASHINGTON, MI US","42.73333","-83.03333","227.1","1980-07","185.2","10.6","33.3","1.2","22.1","28.2","16.0"
"USC00208650","WASHINGTON, MI US","42.73333","-83.03333","227.1","1980-08","316.9","11.1","31.7","2.1","22.6","28.1","17.1"
"USC00208650","WASHINGTON, MI US","42.73333","-83.03333","227.1","1980-09","348.8","2.8","29.4","73.8","17.0","23.0","11.0"
"USC00208650","WASHINGTON, MI US","42.73333","-83.03333","227.1","1980-10","348.8","-4.4","25.6","394.3","8.0","13.3","2.7"
"USC00208650","WASHINGTON, MI US","42.73333","-83.03333","227.1","1980-11","348.8","-7.8","20.0","858.9","2.9","8.1","-2.4"
"USC00208650","WASHINGTON, MI US","42.73333","-83.03333","227.1","1980-12","348.8","-21.1","13.9","1550.7","-4.0","1.1","-9.1"
"USC00208772","WELLSTON TIPPY DAM, MI US","44.2586","-85.9394","198.1","1980-07",,,,,,,
"USC00208772","WELLSTON TIPPY DAM, MI US","44.2586","-85.9394","198.1","1980-08",,,,,,,
"USC00208772","WELLSTON TIPPY DAM, MI US","44.2586","-85.9394","198.1","1980-09",,,,,,,
"USC00208772","WELLSTON TIPPY DAM, MI US","44.2586","-85.9394","198.1","1980-10",,,,,,,
"USC00208772","WELLSTON TIPPY DAM, MI US","44.2586","-85.9394","198.1","1980-11",,,,,,,
"USC00208772","WELLSTON TIPPY DAM, MI US","44.2586","-85.9394","198.1","1980-12",,,,,,,
"USC00209188","YALE 1 NNW, MI US","43.1447","-82.8011","249.9","1980-07",,,,,,,
"USC00209188","YALE 1 NNW, MI US","43.1447","-82.8011","249.9","1980-08",,,,,,,
"USC00209188","YALE 1 NNW, MI US","43.1447","-82.8011","249.9","1980-09",,,,,,,
"USC00209188","YALE 1 NNW, MI US","43.1447","-82.8011","249.9","1980-10",,,,,,,
"USC00209188","YALE 1 NNW, MI US","43.1447","-82.8011","249.9","1980-11",,,,,,,
"USC00209188","YALE 1 NNW, MI US","43.1447","-82.8011","249.9","1980-12",,,,,,,
"USW00014822","DETROIT CITY AIRPORT, MI US","42.40725","-83.00899","189.8","1980-07","264.6","12.8","33.3","0.0","23.7","28.3","19.1"
"USW00014822","DETROIT CITY AIRPORT, MI US","42.40725","-83.00899","189.8","1980-08","447.2","13.9","32.8","0.0","24.2","28.0","20.4"
"USW00014822","DETROIT CITY AIRPORT, MI US","42.40725","-83.00899","189.8","1980-09","502.5","4.4","30.6","44.2","18.7","23.3","14.1"
"USW00014822","DETROIT CITY AIRPORT, MI US","42.40725","-83.00899","189.8","1980-10","505.3","-2.2","26.1","336.1","9.0","12.7","5.3"
"USW00014822","DETROIT CITY AIRPORT, MI US","42.40725","-83.00899","189.8","1980-11","505.3","-5.0","18.9","782.7","3.4","6.8","0.1"
"USW00014822","DETROIT CITY AIRPORT, MI US","42.40725","-83.00899","189.8","1980-12","505.3","-16.7","14.4","1444.4","-3.0","0.6","-6.6"
"USW00094850","MARQUETTE WEATHER FORECAST OFFICE, MI US","46.5313","-87.5491","431.3","1980-07","74.5","3.9","32.2","30.8","18.7","25.4","12.1"
"USW00094850","MARQUETTE WEATHER FORECAST OFFICE, MI US","46.5313","-87.5491","431.3","1980-08","105.9","6.7","30.6","70.4","18.1","23.2","12.9"
"USW00094850","MARQUETTE WEATHER FORECAST OFFICE, MI US","46.5313","-87.5491","431.3","1980-09","108.4","-2.8","28.3","275.5","11.6","17.0","6.1"
"USW00094850","MARQUETTE WEATHER FORECAST OFFICE, MI US","46.5313","-87.5491","431.3","1980-10","108.4","-6.7","20.0","731.5","3.6","8.1","-0.9"
"USW00094850","MARQUETTE WEATHER FORECAST OFFICE, MI US","46.5313","-87.5491","431.3","1980-11","108.4","-14.4","11.7","1318.5","-1.2","2.9","-5.4"
"USW00094850","MARQUETTE WEATHER FORECAST OFFICE, MI US","46.5313","-87.5491","431.3","1980-12","108.4","-22.2","2.8","2173.4","-9.2","-5.5","-13.0"
"USC00207280","SAINT JOHNS, MI US","43.0128","-84.5547","226.5","1980-07","223.4","10.6","35.0","0.0","22.7","29.7","15.7"
"USC00207280","SAINT JOHNS, MI US","43.0128","-84.5547","226.5","1980-08","341.4","7.8","32.2","3.6","22.0","28.7","15.4"
"USC00207280","SAINT JOHNS, MI US","43.0128","-84.5547","226.5","1980-09","373.0","0.0","29.4","75.5","17.0","23.7","10.3"
"USC00207280","SAINT JOHNS, MI US","43.0128","-84.5547","226.5","1980-11",,"-7.2","21.1",,"3.3","8.6","-1.9"
"USC00207280","SAINT JOHNS, MI US","43.0128","-84.5547","226.5","1980-12",,"-19.4","17.8",,"-4.2","1.3","-9.7"
"USC00205816","NEWBERRY LUCE CO ROAD COMMISSION, MI US","46.35155","-85.51629","241.4","1980-07","39.8","3.9","31.7","31.8","18.1","24.3","12.0"
"USC00205816","NEWBERRY LUCE CO ROAD COMMISSION, MI US","46.35155","-85.51629","241.4","1980-08","70.6","9.4","29.4","60.4","18.4","23.3","13.5"
"USC00205816","NEWBERRY LUCE CO ROAD COMMISSION, MI US","46.35155","-85.51629","241.4","1980-09","72.3","-1.1","24.4","257.6","11.8","17.0","6.6"
"USC00205816","NEWBERRY LUCE CO ROAD COMMISSION, MI US","46.35155","-85.51629","241.4","1980-10","72.3","-3.9","16.7","684.9","4.6","8.9","0.2"
"USC00205816","NEWBERRY LUCE CO ROAD COMMISSION, MI US","46.35155","-85.51629","241.4","1980-11","72.3","-9.4","10.6","1219.5","-0.1","3.4","-3.6"
"USC00205816","NEWBERRY LUCE CO ROAD COMMISSION, MI US","46.35155","-85.51629","241.4","1980-12","72.3","-22.8","2.8","2061.0","-8.8","-4.4","-13.2"
"USC00200128","ALLEGAN 5 NE, MI US","42.5799","-85.7893","228.6","1980-07","159.2","8.3","35.6","2.8","21.6","28.2","15.1"
"USC00200128","ALLEGAN 5 NE, MI US","42.5799","-85.7893","228.6","1980-08","250.1","9.4","32.8","6.4","21.1","27.6","14.8"
"USC00200128","ALLEGAN 5 NE, MI US","42.5799","-85.7893","228.6","1980-09","272.9","0.0","29.4","94.1","16.2","23.3","9.1"
"USC00200128","ALLEGAN 5 NE, MI US","42.5799","-85.7893","228.6","1980-10","272.9","-7.8","26.7","436.5","7.3","13.5","1.0"
"USC00200128","ALLEGAN 5 NE, MI US","42.5799","-85.7893","228.6","1980-11","272.9","-7.2","21.1","894.5","3.1","8.2","-2.1"
"USC00200128","ALLEGAN 5 NE, MI US","42.5799","-85.7893","228.6","1980-12","272.9","-22.2","13.3","1584.2","-3.9","0.7","-8.6"
"USC00206507","PETOSKEY, MI US","45.3725","-84.9766","182.6","1980-07","56.7","8.3","29.4","15.9","19.2","23.8","14.6"
"USC00206507","PETOSKEY, MI US","45.3725","-84.9766","182.6","1980-08","147.9","11.7","30.0","20.6","21.1","25.7","16.6"
"USC00206507","PETOSKEY, MI US","45.3725","-84.9766","182.6","1980-09","162.3","0.0","26.1","121.5","15.4","19.6","11.3"
"USC00206507","PETOSKEY, MI US","45.3725","-84.9766","182.6","1980-10","162.3","-0.6","20.6","450.6","7.7","11.3","4.2"
"USC00206507","PETOSKEY, MI US","45.3725","-84.9766","182.6","1980-11","162.3","-7.8","16.1","911.8","3.0","6.4","-0.4"
"USC00206507","PETOSKEY, MI US","45.3725","-84.9766","182.6","1980-12","162.3","-22.8","6.1","1598.6","-4.7","-1.1","-8.2"
"USC00204328","KENTON, MI US","46.4863","-88.8916","355.7","1980-07","48.8","2.2","33.3","53.1","17.3","24.8","9.8"
"USC00204328","KENTON, MI US","46.4863","-88.8916","355.7","1980-08","59.0","1.1","27.2","133.4","16.1","21.8","10.3"
"USC00204328","KENTON, MI US","46.4863","-88.8916","355.7","1980-09","59.0","-4.4","27.2","383.5","10.0","15.6","4.4"
"USC00204328","KENTON, MI US","46.4863","-88.8916","355.7","1980-10","59.0","-12.2","21.7","860.1","2.6","7.3","-2.2"
"USC00204328","KENTON, MI US","46.4863","-88.8916","355.7","1980-11","59.0","-14.4","11.1","1457.1","-1.6","2.5","-5.7"
"USC00204328","KENTON, MI US","46.4863","-88.8916","355.7","1980-12",,,,,,,
"USW00014817","CADILLAC, MI US","44.2655","-85.3966","394.7","1980-07","75.2","4.4","31.1","23.0","19.4","26.0","12.8"
"USW00014817","CADILLAC, MI US","44.2655","-85.3966","394.7","1980-08","118.2","5.6","30.0","45.5","19.2","25.5","12.9"
"USW00014817","CADILLAC, MI US","44.2655","-85.3966","394.7","1980-09","123.2","-2.2","28.3","198.7","13.4","20.0","6.8"
"USW00014817","CADILLAC, MI US","44.2655","-85.3966","394.7","1980-10","123.2","-7.8","23.3","605.1","5.2","9.9","0.6"
"USW00014817","CADILLAC, MI US","44.2655","-85.3966","394.7","1980-11","123.2","-10.6","17.2","1134.0","0.7","5.0","-3.6"
"USW00014817","CADILLAC, MI US","44.2655","-85.3966","394.7","1980-12","123.2","-25.6","6.7","1947.0","-7.9","-3.1","-12.7"
"USC00204967","LUPTON 1 S, MI US","44.4199","-84.0232","276.8","1980-07","74.4","4.4","32.8","20.6","19.4","26.8","11.9"
"USC00204967","LUPTON 1 S, MI US","44.4199","-84.0232","276.8","1980-08","130.6","6.1","30.6","33.7","19.7","26.5","12.9"
"USC00204967","LUPTON 1 S, MI US","44.4199","-84.0232","276.8","1980-09","134.6","-3.3","27.8","187.8","13.3","20.2","6.4"
"USC00204967","LUPTON 1 S, MI US","44.4199","-84.0232","276.8","1980-10","134.6","-7.2","24.4","595.2","5.2","10.8","-0.4"
"USC00204967","LUPTON 1 S, MI US","44.4199","-84.0232","276.8","1980-11","134.6","-10.6","17.8","1138.7","0.2","5.6","-5.2"
"USC00204967","LUPTON 1 S, MI US","44.4199","-84.0232","276.8","1980-12","134.6","-28.3","8.3","1943.5","-8.5","-2.8","-14.2"
"USC00200647","BEECHWOOD 7 WNW, MI US","46.18333","-88.88333","506.0","1980-07","81.9","4.4","31.7","20.3","19.5","26.4","12.5"
"USC00200647","BEECHWOOD 7 WNW, MI US","46.18333","-88.88333","506.0","1980-08","116.5","5.0","29.4","42.6","18.6","24.2","13.1"
"USC00200647","BEECHWOOD 7 WNW, MI US","46.18333","-88.88333","506.0","1980-09","118.2","-2.8","27.8","214.1","12.7","18.4","6.9"
"USC00200647","BEECHWOOD 7 WNW, MI US","46.18333","-88.88333","506.0","1980-10","118.2","-10.0","24.4","659.7","4.0","9.0","-1.1"
"USC00200647","BEECHWOOD 7 WNW, MI US","46.18333","-88.88333","506.0","1980-11","118.2","-13.9","14.4","1229.8","-0.7","3.5","-4.9"
"USC00200647","BEECHWOOD 7 WNW, MI US","46.18333","-88.88333","506.0","1980-12","118.2","-28.9","1.7","2109.2","-10.0","-5.5","-14.6"
"USW00014814","ALPENA WASTEWATER PLANT, MI US","45.0605","-83.428","179.8","1980-07","88.8","8.9","33.3","10.5","19.9","24.7","15.1"
"USW00014814","ALPENA WASTEWATER PLANT, MI US","45.0605","-83.428","179.8","1980-08","176.3","11.7","31.1","14.4","21.0","25.3","16.8"
"USW00014814","ALPENA WASTEWATER PLANT, MI US","45.0605","-83.428","179.8","1980-09","189.2","0.6","28.9","131.5","14.9","19.7","10.0"
"USW00014814","ALPENA WASTEWATER PLANT, MI US","45.0605","-83.428","179.8","1980-10","189.2","-4.4","22.8","486.8","6.9","10.6","3.2"
"USW00014814","ALPENA WASTEWATER PLANT, MI US","45.0605","-83.428","179.8","1980-11","189.2","-7.2","16.7","980.0","1.9","5.5","-1.7"
"USW00014814","ALPENA WASTEWATER PLANT, MI US","45.0605","-83.428","179.8","1980-12","189.2","-22.2","6.1","1736.4","-6.1","-1.9","-10.3"
"USC00200925","BOYNE FALLS, MI US","45.1672","-84.9138","221.9","1980-07","108.2","3.9","31.7","16.4","19.9","27.6","12.2"
"USC00200925","BOYNE FALLS, MI US","45.1672","-84.9138","221.9","1980-08","194.7","4.4","32.8","26.9","20.8","27.9","13.7"
"USC00200925","BOYNE FALLS, MI US","45.1672","-84.9138","221.9","1980-09","204.7","-3.9","28.9","146.6","14.7","21.2","8.1"
"USC00200925","BOYNE FALLS, MI US","45.1672","-84.9138","221.9","1980-10","204.7","-5.0","21.1","518.8","6.3","11.2","1.4"
"USC00200925","BOYNE FALLS, MI US","45.1672","-84.9138","221.9","1980-11","204.7","-11.7","17.8","1020.4","1.6","6.1","-2.8"
"USC00200925","BOYNE FALLS, MI US","45.1672","-84.9138","221.9","1980-12","204.7","-26.1","5.0","1787.7","-6.4","-1.7","-11.1"
"USC00205531","MIO HYDRO PLANT, MI US","44.6613","-84.1316","292.6","1980-07","81.4","5.0","32.2","23.4","19.5","26.6","12.3"
"USC00205531","MIO HYDRO PLANT, MI US","44.6613","-84.1316","292.6","1980-08","140.2","7.2","31.1","37.6","19.8","26.4","13.1"
"USC00205531","MIO HYDRO PLANT, MI US","44.6613","-84.1316","292.6","1980-09","144.9","-2.2","29.4","186.7","13.5","20.0","7.0"
"USC00205531","MIO HYDRO PLANT, MI US","44.6613","-84.1316","292.6","1980-10","144.9","-5.6","23.3","583.9","5.5","10.7","0.3"
"USC00205531","MIO HYDRO PLANT, MI US","44.6613","-84.1316","292.6","1980-11","144.9","-11.7","17.2","1101.0","1.1","6.0","-3.8"
"USC00205531","MIO HYDRO PLANT, MI US","44.6613","-84.1316","292.6","1980-12","144.9","-26.7","6.7","1888.8","-7.9","-2.6","-13.3"
"USC00204320","KENT CITY 2 SW, MI US","43.2036","-85.7776","247.8","1980-07",,,,,,,
"USC00204320","KENT CITY 2 SW, MI US","43.2036","-85.7776","247.8","1980-08",,,,,,,
"USC00204320","KENT CITY 2 SW, MI US","43.2036","-85.7776","247.8","1980-09",,,,,,,
"USC00204320","KENT CITY 2 SW, MI US","43.2036","-85.7776","247.8","1980-10",,,,,,,
"USC00204320","KENT CITY 2 SW, MI US","43.2036","-85.7776","247.8","1980-11",,,,,,,
"USC00204320","KENT CITY 2 SW, MI US","43.2036","-85.7776","247.8","1980-12",,,,,,,
"USC00200089","ALBERTA FORD FOR CENTER, MI US","46.6448","-88.4812","399.3","1980-07",,"4.4","32.2","8.9","20.3","27.1","13.5"
"USC00200089","ALBERTA FORD FOR CENTER, MI US","46.6448","-88.4812","399.3","1980-12",,"-22.8","3.3",,"-9.1","-4.6","-13.6"
"USC00200485","BARAGA, MI US","46.78333","-88.48333","195.1","1980-07","72.3","2.8","32.2","32.0","19.0","26.3","11.7"
"USC00200485","BARAGA, MI US","46.78333","-88.48333","195.1","1980-08","110.1","3.9","30.0","63.3","18.5","24.8","12.3"
"USC00200485","BARAGA, MI US","46.78333","-88.48333","195.1","1980-09","110.9","-3.3","29.4","254.5","11.7","18.4","4.9"
"USC00200485","BARAGA, MI US","46.78333","-88.48333","195.1","1980-10","110.9","-8.9","26.7","698.7","4.0","9.6","-1.6"
"USC00200485","BARAGA, MI US","46.78333","-88.48333","195.1","1980-11","110.9","-12.2","13.3","1253.6","-0.2","4.3","-4.6"
"USC00200485","BARAGA, MI US","46.78333","-88.48333","195.1","1980-12","110.9","-23.9","6.1","2058.7","-8.6","-4.5","-12.6"
"USC00202784","FIFE LAKE 4 SW, MI US","44.55","-85.41667","328.9","1980-07",,"5.0","31.1","15.6","19.9","27.4","12.4"
"USC00202784","FIFE LAKE 4 SW, MI US","44.55","-85.41667","328.9","1980-08",,,"31.7",,,"26.3",
"USC00202784","FIFE LAKE 4 SW, MI US","44.55","-85.41667","328.9","1980-09",,"-1.7","28.9",,"14.4","20.6","8.3"
"USC00202784","FIFE LAKE 4 SW, MI US","44.55","-85.41667","328.9","1980-10",,"-5.6","20.6",,"5.7","10.4","1.0"
"USC00202784","FIFE LAKE 4 SW, MI US","44.55","-85.41667","328.9","1980-11",,"-10.0","17.8",,"0.9","5.6","-3.7"
"USC00202784","FIFE LAKE 4 SW, MI US","44.55","-85.41667","328.9","1980-12",,,"6.1",,,"-1.6",
"USC00201299","CARO WWTP, MI US","43.4838","-83.3919","210.3","1980-07",,"7.2","32.2","0.6","21.8","28.6","15.0"
"USC00201299","CARO WWTP, MI US","43.4838","-83.3919","210.3","1980-08",,"8.9","32.2","2.8","22.1","28.2","15.9"
"USC00201299","CARO WWTP, MI US","43.4838","-83.3919","210.3","1980-09",,"-0.6","27.8","85.9","16.4","23.0","9.8"
"USC00201299","CARO WWTP, MI US","43.4838","-83.3919","210.3","1980-10",,"-5.6","25.0","417.2","7.6","13.1","2.1"
"USC00201299","CARO WWTP, MI US","43.4838","-83.3919","210.3","1980-11",,"-9.4","19.4","858.8","3.1","7.9","-1.7"
"USC00201299","CARO WWTP, MI US","43.4838","-83.3919","210.3","1980-12",,"-23.3","12.8","1584.1","-5.1","-0.4","-9.7"
"USC00203632","HART 3 WSW, MI US","43.6751","-86.4228","236.2","1980-07","142.3","8.9","32.2","5.3","21.1","27.4","14.9"
"USC00203632","HART 3 WSW, MI US","43.6751","-86.4228","236.2","1980-08","229.8","8.9","31.1","12.3","20.9","26.4","15.5"
"USC00203632","HART 3 WSW, MI US","43.6751","-86.4228","236.2","1980-09","247.4","3.3","29.4","107.2","15.8","21.5","10.0"
"USC00203632","HART 3 WSW, MI US","43.6751","-86.4228","236.2","1980-10","247.4","-4.4","23.9","433.0","7.5","12.2","2.8"
"USC00203632","HART 3 WSW, MI US","43.6751","-86.4228","236.2","1980-11","247.4","-5.6","14.4","888.9","3.1","7.1","-0.9"
"USC00203632","HART 3 WSW, MI US","43.6751","-86.4228","236.2","1980-12","247.4","-20.6","11.1","1592.6","-4.4","-0.6","-8.1"
"USC00208800","WEST BRANCH 3 SE, MI US","44.2541","-84.2011","269.7","1980-07","96.5","7.2","32.2","11.7","20.1","26.8","13.4"
"USC00208800","WEST BRANCH 3 SE, MI US","44.2541","-84.2011","269.7","1980-08","166.1","8.9","30.6","20.6","20.3","26.6","14.0"
"USC00208800","WEST BRANCH 3 SE, MI US","44.2541","-84.2011","269.7","1980-09","172.7","-1.7","28.3","129.3","14.4","20.6","8.1"
"USC00208800","WEST BRANCH 3 SE, MI US","44.2541","-84.2011","269.7","1980-10","172.7","-7.2","24.4","530.6","5.4","10.9","-0.1"
"USC00208800","WEST BRANCH 3 SE, MI US","44.2541","-84.2011","269.7","1980-11","172.7","-9.4","18.3","999.1","1.1","6.1","-3.9"
"USC00208800","WEST BRANCH 3 SE, MI US","44.2541","-84.2011","269.7","1980-12","172.7","-25.6","9.4","1795.5","-7.4","-2.3","-12.4"
"USC00207690","SOUTH HAVEN, MI US","42.4014","-86.2826","179.8","1980-07","138.9","10.0","33.3","4.4","21.1","26.5","15.7"
"USC00207690","SOUTH HAVEN, MI US","42.4014","-86.2826","179.8","1980-08","245.2","8.9","31.7","13.0","21.5","26.8","16.1"
"USC00207690","SOUTH HAVEN, MI US","42.4014","-86.2826","179.8","1980-09","274.8","2.2","27.8","82.5","17.0","23.2","10.8"
"USC00207690","SOUTH HAVEN, MI US","42.4014","-86.2826","179.8","1980-10","274.8","-7.2","23.3","349.1","9.7","14.1","5.3"
"USC00207690","SOUTH HAVEN, MI US","42.4014","-86.2826","179.8","1980-11","274.8","-3.3","20.0","762.7","4.6","8.4","0.7"
"USC00207690","SOUTH HAVEN, MI US","42.4014","-86.2826","179.8","1980-12","274.8","-15.0","13.9","1385.9","-1.8","1.9","-5.4"
"USC00203096","GAYLORD, MI US","45.0332","-84.7113","401.7","1980-07","96.0","5.0","31.7","17.8","19.6","27.2","12.1"
"USC00203096","GAYLORD, MI US","45.0332","-84.7113","401.7","1980-08","176.5","6.7","32.2","29.1","20.6","27.8","13.4"
"USC00203096","GAYLORD, MI US","45.0332","-84.7113","401.7","1980-09","186.9","-4.4","27.8","163.8","14.2","20.8","7.6"
"USC00203096","GAYLORD, MI US","45.0332","-84.7113","401.7","1980-10","186.9","-7.2","20.0","546.6","5.6","10.5","0.6"
"USC00203096","GAYLORD, MI US","45.0332","-84.7113","401.7","1980-11","186.9","-14.4","17.2","1071.4","0.8","5.7","-4.1"
"USC00203096","GAYLORD, MI US","45.0332","-84.7113","401.7","1980-12","186.9","-25.0","7.2","1863.6","-7.2","-1.9","-12.5"
"USW00094860","GRAND RAPIDS GERALD R FORD INTERNATIONAL AIRPORT, MI US","42.8821","-85.52297","240.3","1980-07","204.8","11.1","34.4","0.0","22.6","28.5","16.7"
"USW00094860","GRAND RAPIDS GERALD R FORD INTERNATIONAL AIRPORT, MI US","42.8821","-85.52297","240.3","1980-08","337.0","10.6","32.8","2.8","22.5","27.8","17.2"
"USW00094860","GRAND RAPIDS GERALD R FORD INTERNATIONAL AIRPORT, MI US","42.8821","-85.52297","240.3","1980-09","364.6","1.7","29.4","69.1","17.0","23.1","10.9"
"USW00094860","GRAND RAPIDS GERALD R FORD INTERNATIONAL AIRPORT, MI US","42.8821","-85.52297","240.3","1980-10","364.6","-6.1","25.6","399.2","7.7","12.9","2.5"
"USW00094860","GRAND RAPIDS GERALD R FORD INTERNATIONAL AIRPORT, MI US","42.8821","-85.52297","240.3","1980-11","364.6","-6.7","22.2","858.9","3.0","7.5","-1.5"
"USW00094860","GRAND RAPIDS GERALD R FORD INTERNATIONAL AIRPORT, MI US","42.8821","-85.52297","240.3","1980-12","364.6","-20.0","13.3","1546.7","-3.9","0.3","-8.0"
"USW00014833","JACKSON REYNOLDS FIELD, MI US","42.26373","-84.45644","295.9","1980-07","238.6","12.2","35.6","0.0","23.2","28.8","17.6"
"USW00014833","JACKSON REYNOLDS FIELD, MI US","42.26373","-84.45644","295.9","1980-08","377.4","11.1","32.2","2.8","22.7","27.6","17.9"
"USW00014833","JACKSON REYNOLDS FIELD, MI US","42.26373","-84.45644","295.9","1980-09","416.5","1.7","31.1","62.6","17.6","23.5","11.8"
"USW00014833","JACKSON REYNOLDS FIELD, MI US","42.26373","-84.45644","295.9","1980-10","417.9","-5.6","26.7","371.4","8.4","13.3","3.5"
"USW00014833","JACKSON REYNOLDS FIELD, MI US","42.26373","-84.45644","295.9","1980-11","417.9","-7.2","21.7","829.8","3.1","7.6","-1.5"
"USW00014833","JACKSON REYNOLDS FIELD, MI US","42.26373","-84.45644","295.9","1980-12","417.9","-19.4","15.0","1504.4","-3.4","0.9","-7.8"
"USC00203769","HESPERIA 4 WNW, MI US","43.5908","-86.1056","237.7","1980-07",,"7.8","32.8","8.7","20.7","27.2","14.2"
"USC00203769","HESPERIA 4 WNW, MI US","43.5908","-86.1056","237.7","1980-08",,"5.6","31.7","22.0","20.6","26.7","14.4"
"USC00203769","HESPERIA 4 WNW, MI US","43.5908","-86.1056","237.7","1980-09",,"-1.1","28.9","127.0","14.9","21.9","8.0"
"USC00203769","HESPERIA 4 WNW, MI US","43.5908","-86.1056","237.7","1980-10",,"-8.3","23.9","497.5","6.1","11.6","0.6"
"USC00203769","HESPERIA 4 WNW, MI US","43.5908","-86.1056","237.7","1980-11",,"-8.3","16.7","957.9","1.8","6.9","-3.4"
"USC00203769","HESPERIA 4 WNW, MI US","43.5908","-86.1056","237.7","1980-12",,"-21.1","11.1","1693.8","-5.4","-0.9","-9.9"
"USC00202437","EATON RAPIDS, MI US","42.518","-84.6521","265.2","1980-07",,,,,,,
"USC00202437","EATON RAPIDS, MI US","42.518","-84.6521","265.2","1980-08",,,,,,,
"USC00202437","EATON RAPIDS, MI US","42.518","-84.6521","265.2","1980-09",,,,,,,
"USC00202437","EATON RAPIDS, MI US","42.518","-84.6521","265.2","1980-10",,,,,,,
"USC00202437","EATON RAPIDS, MI US","42.518","-84.6521","265.2","1980-11",,,,,,,
"USC00202437","EATON RAPIDS, MI US","42.518","-84.6521","265.2","1980-12",,,,,,,
"USC00201502","CHELSEA, MI US","42.3263","-84.0133","274.3","1980-07",,,,,,,
"USC00201502","CHELSEA, MI US","42.3263","-84.0133","274.3","1980-08",,,,,,,
"USC00201502","CHELSEA, MI US","42.3263","-84.0133","274.3","1980-09",,,,,,,
"USC00201502","CHELSEA, MI US","42.3263","-84.0133","274.3","1980-10",,,,,,,
"USC00201502","CHELSEA, MI US","42.3263","-84.0133","274.3","1980-11",,,,,,,
"USC00201502","CHELSEA, MI US","42.3263","-84.0133","274.3","1980-12",,,,,,,
"USC00200779","BIG RAPIDS WATER TREATMENT PLANT, MI US","43.7072","-85.4819","273.7","1980-07","135.8","8.9","33.9","1.4","21.4","28.1","14.6"
"USC00200779","BIG RAPIDS WATER TREATMENT PLANT, MI US","43.7072","-85.4819","273.7","1980-08","223.6","7.2","31.7","9.2","21.0","26.9","15.1"
"USC00200779","BIG RAPIDS WATER TREATMENT PLANT, MI US","43.7072","-85.4819","273.7","1980-09","238.7","0.0","28.9","120.9","15.1","21.8","8.4"
"USC00200779","BIG RAPIDS WATER TREATMENT PLANT, MI US","43.7072","-85.4819","273.7","1980-10","238.7","-8.9","23.3","503.6","6.0","11.1","0.8"
"USC00200779","BIG RAPIDS WATER TREATMENT PLANT, MI US","43.7072","-85.4819","273.7","1980-11","238.7","-7.8","18.3","1009.4","1.5","6.2","-3.3"
"USC00200779","BIG RAPIDS WATER TREATMENT PLANT, MI US","43.7072","-85.4819","273.7","1980-12","238.7","-22.2","8.9","1763.5","-6.0","-0.9","-11.1"
"USC00200417","BAD AXE, MI US","43.808","-82.9938","217.9","1980-07",,"8.3","32.2","7.2","20.6","26.7","14.4"
"USC00200417","BAD AXE, MI US","43.808","-82.9938","217.9","1980-08",,"10.0","31.1","11.1","21.3","26.9","15.6"
"USC00200417","BAD AXE, MI US","43.808","-82.9938","217.9","1980-09",,"0.6","28.3","114.3","15.5","21.3","9.6"
"USC00200417","BAD AXE, MI US","43.808","-82.9938","217.9","1980-10",,"-3.9","25.0","473.9","6.7","11.1","2.3"
"USC00200417","BAD AXE, MI US","43.808","-82.9938","217.9","1980-11",,"-5.6","18.3","956.0","2.3","6.3","-1.7"
"USC00200417","BAD AXE, MI US","43.808","-82.9938","217.9","1980-12",,"-20.6","11.1","1684.1","-5.1","-1.3","-9.0"
"USW00014826","FLINT FCWOS, MI US","42.96684","-83.74996","234.8","1980-07","140.9","10.0","31.7","1.1","21.4","26.8","16.0"
"USW00014826","FLINT FCWOS, MI US","42.96684","-83.74996","234.8","1980-08","239.8","9.4","30.0","5.5","21.4","26.2","16.6"
"USW00014826","FLINT FCWOS, MI US","42.96684","-83.74996","234.8","1980-09","253.8","1.1","27.2","93.7","15.9","21.3","10.5"
"USW00014826","FLINT FCWOS, MI US","42.96684","-83.74996","234.8","1980-10","253.8","-5.0","24.4","449.8","6.9","11.2","2.4"
"USW00014826","FLINT FCWOS, MI US","42.96684","-83.74996","234.8","1980-11","253.8","-7.8","19.4","929.8","2.3","6.5","-1.9"
"USW00014826","FLINT FCWOS, MI US","42.96684","-83.74996","234.8","1980-12","253.8","-21.7","13.9","1629.4","-4.2","0.1","-8.5"
"USC00203529","HALE LOUD DAM, MI US","44.4633","-83.7216","221.9","1980-07","96.4","8.3","32.2","15.7","20.0","26.3","13.6"
"USC00203529","HALE LOUD DAM, MI US","44.4633","-83.7216","221.9","1980-08","165.7","9.4","30.6","20.4","20.4","26.4","14.5"
"USC00203529","HALE LOUD DAM, MI US","44.4633","-83.7216","221.9","1980-09","176.6","-2.2","27.2","147.6","14.5","20.8","8.2"
"USC00203529","HALE LOUD DAM, MI US","44.4633","-83.7216","221.9","1980-10","176.6","-5.6","24.4","533.4","5.9","10.7","1.1"
"USC00203529","HALE LOUD DAM, MI US","44.4633","-83.7216","221.9","1980-11","176.6","-11.1","15.6","1024.8","1.4","6.1","-3.3"
"USC00203529","HALE LOUD DAM, MI US","44.4633","-83.7216","221.9","1980-12","176.6","-28.3","7.2","1819.6","-7.3","-1.7","-12.9"
"USC00202671","EVART, MI US","43.91667","-85.26667","312.4","1980-07","103.6","6.7","32.8","7.9","20.7","27.5","13.9"
"USC00202671","EVART, MI US","43.91667","-85.26667","312.4","1980-08","176.5","5.6","31.7","18.4","20.3","27.2","13.5"
"USC00202671","EVART, MI US","43.91667","-85.26667","312.4","1980-09","185.2","-1.7","27.8","145.5","14.4","21.1","7.7"
"USC00202671","EVART, MI US","43.91667","-85.26667","312.4","1980-10","185.2","-9.4","23.9","529.2","5.9","11.3","0.6"
"USC00202671","EVART, MI US","43.91667","-85.26667","312.4","1980-11","185.2","-11.7","13.3","1050.2","1.0","6.0","-4.1"
"USC00202671","EVART, MI US","43.91667","-85.26667","312.4","1980-12","185.2","-22.8","6.7","1788.5","-7.1","-2.4","-11.9"
"USC00208417","VANDERBILT 11 ENE, MI US","45.1702","-84.4397","275.8","1980-07","65.6","2.8","33.9","34.4","18.5","26.4","10.5"
"USC00208417","VANDERBILT 11 ENE, MI US","45.1702","-84.4397","275.8","1980-08","126.8","5.6","32.2","54.1","19.7","27.3","12.0"
"USC00208417","VANDERBILT 11 ENE, MI US","45.1702","-84.4397","275.8","1980-09","129.4","-5.0","27.8","222.7","12.5","19.5","5.5"
"USC00208417","VANDERBILT 11 ENE, MI US","45.1702","-84.4397","275.8","1980-10","129.4","-7.2","22.2","641.7","4.8","9.9","-0.3"
"USC00208417","VANDERBILT 11 ENE, MI US","45.1702","-84.4397","275.8","1980-11","129.4","-13.3","17.8","1196.2","-0.1","4.6","-4.9"
"USC00208417","VANDERBILT 11 ENE, MI US","45.1702","-84.4397","275.8","1980-12","129.4","-31.1","5.0","2014.9","-8.9","-3.2","-14.6"
"USC00202395","EAST LANSING 4 S, MI US","42.67417","-84.485","268.2","1980-07","135.7","8.9","34.4","5.0","21.1","27.8","14.4"
"USC00202395","EAST LANSING 4 S, MI US","42.67417","-84.485","268.2","1980-08","218.3","8.3","31.1","13.5","20.7","27.4","14.0"
"USC00202395","EAST LANSING 4 S, MI US","42.67417","-84.485","268.2","1980-09","233.3","0.6","28.3","103.3","15.8","22.2","9.4"
"USC00202395","EAST LANSING 4 S, MI US","42.67417","-84.485","268.2","1980-10","233.3","-5.6","25.0","460.8","6.8","11.9","1.7"
"USC00202395","EAST LANSING 4 S, MI US","42.67417","-84.485","268.2","1980-11","233.3","-8.3","20.0","950.0","2.0","6.7","-2.6"
"USC00202395","EAST LANSING 4 S, MI US","42.67417","-84.485","268.2","1980-12","233.3","-21.7","12.8","1677.3","-5.1","-0.7","-9.5"
"USC00200770","BIG BAY 1 NW, MI US","46.8325","-87.7504","233.2","1980-07",,"3.9","32.2","22.4","19.4","26.1","12.7"
"USC00200770","BIG BAY 1 NW, MI US","46.8325","-87.7504","233.2","1980-08",,"6.1","29.4","54.1","18.7","24.1","13.2"
"USC00200770","BIG BAY 1 NW, MI US","46.8325","-87.7504","233.2","1980-09",,"-0.6","30.6","206.4","12.9","18.4","7.3"
"USC00200770","BIG BAY 1 NW, MI US","46.8325","-87.7504","233.2","1980-10",,"-6.1","23.3","607.7","5.4","10.2","0.6"
"USC00200770","BIG BAY 1 NW, MI US","46.8325","-87.7504","233.2","1980-11",,"-9.4","14.4","1126.5","1.0","5.0","-3.0"
"USC00200770","BIG BAY 1 NW, MI US","46.8325","-87.7504","233.2","1980-12",,"-21.1","5.0","1920.4","-7.3","-2.9","-11.7"
"USC00205662","CENTRAL MICHIGAN UNIVERSITY, MI US","43.5859","-84.7694","242.3","1980-07","137.8","10.6","33.3","0.9","21.2","27.5","15.0"
"USC00205662","CENTRAL MICHIGAN UNIVERSITY, MI US","43.5859","-84.7694","242.3","1980-08","228.7","9.4","31.7","5.3","21.1","27.2","15.0"
"USC00205662","CENTRAL MICHIGAN UNIVERSITY, MI US","43.5859","-84.7694","242.3","1980-09","247.1","2.8","28.9","102.5","15.7","21.8","9.6"
"USC00205662","CENTRAL MICHIGAN UNIVERSITY, MI US","43.5859","-84.7694","242.3","1980-10","247.1","-3.9","25.0","462.2","6.7","11.6","1.8"
"USC00205662","CENTRAL MICHIGAN UNIVERSITY, MI US","43.5859","-84.7694","242.3","1980-11","247.1","-7.2","20.0","951.4","2.0","6.7","-2.6"
"USC00205662","CENTRAL MICHIGAN UNIVERSITY, MI US","43.5859","-84.7694","242.3","1980-12","247.1","-18.9","8.9","1702.2","-5.9","-1.9","-9.8"
"USC00207068","ROCK 1 E, MI US","46.06667","-87.15","286.5","1980-07",,,,,,,
"USC00207068","ROCK 1 E, MI US","46.06667","-87.15","286.5","1980-08",,,,,,,
"USC00207068","ROCK 1 E, MI US","46.06667","-87.15","286.5","1980-09",,,,,,,
"USC00207068","ROCK 1 E, MI US","46.06667","-87.15","286.5","1980-10",,,,,,,
"USC00207068","ROCK 1 E, MI US","46.06667","-87.15","286.5","1980-11",,,,,,,
"USC00207222","SAGINAW NUMBER 3, MI US","43.4122","-83.9561","182.9","1980-07",,,,,,,
"USC00207222","SAGINAW NUMBER 3, MI US","43.4122","-83.9561","182.9","1980-08",,,,,,,
"USC00207222","SAGINAW NUMBER 3, MI US","43.4122","-83.9561","182.9","1980-09",,,,,,,
"USC00207222","SAGINAW NUMBER 3, MI US","43.4122","-83.9561","182.9","1980-10",,,,,,,
"USC00207222","SAGINAW NUMBER 3, MI US","43.4122","-83.9561","182.9","1980-11",,,,,,,
"USC00207222","SAGINAW NUMBER 3, MI US","43.4122","-83.9561","182.9","1980-12",,,,,,,
"USC00208950","WHITE PIGEON, MI US","41.8","-85.65","245.4","1980-07",,,,,,,
"USC00208950","WHITE PIGEON, MI US","41.8","-85.65","245.4","1980-08",,,,,,,
"USC00208950","WHITE PIGEON, MI US","41.8","-85.65","245.4","1980-09",,,,,,,
"USC00208950","WHITE PIGEON, MI US","41.8","-85.65","245.4","1980-10",,,,,,,
"USC00208950","WHITE PIGEON, MI US","41.8","-85.65","245.4","1980-11",,,,,,,
"USC00208950","WHITE PIGEON, MI US","41.8","-85.65","245.4","1980-12",,,,,,,
"USW00014845","SAGINAW MBS INTERNATIONAL AIRPORT, MI US","43.52808","-84.08133","201.7","1980-07","148.9","11.1","31.7","0.9","21.5","26.4","16.5"
"USW00014845","SAGINAW MBS INTERNATIONAL AIRPORT, MI US","43.52808","-84.08133","201.7","1980-08","249.7","9.4","31.1","6.5","21.4","26.1","16.7"
"USW00014845","SAGINAW MBS INTERNATIONAL AIRPORT, MI US","43.52808","-84.08133","201.7","1980-09","271.4","1.7","27.8","93.4","16.2","21.4","10.9"
"USW00014845","SAGINAW MBS INTERNATIONAL AIRPORT, MI US","43.52808","-84.08133","201.7","1980-10","271.4","-4.4","23.9","444.4","7.0","11.1","2.9"
"USW00014845","SAGINAW MBS INTERNATIONAL AIRPORT, MI US","43.52808","-84.08133","201.7","1980-11","271.4","-5.6","19.4","929.1","2.2","6.0","-1.6"
"USW00014845","SAGINAW MBS INTERNATIONAL AIRPORT, MI US","43.52808","-84.08133","201.7","1980-12","271.4","-20.0","8.3","1669.2","-5.5","-1.7","-9.3"
"USW00014841","PELLSTON REGIONAL AIRPORT, MI US","45.5644","-84.79291","215.3","1980-07","72.6","3.9","31.1","19.7","19.1","25.9","12.2"
"USW00014841","PELLSTON REGIONAL AIRPORT, MI US","45.5644","-84.79291","215.3","1980-08","134.0","8.3","31.1","34.7","19.8","26.0","13.7"
"USW00014841","PELLSTON REGIONAL AIRPORT, MI US","45.5644","-84.79291","215.3","1980-09","141.0","-3.9","27.8","188.3","13.4","19.2","7.7"
"USW00014841","PELLSTON REGIONAL AIRPORT, MI US","45.5644","-84.79291","215.3","1980-10","141.0","-3.3","21.1","588.7","5.4","9.8","1.1"
"USW00014841","PELLSTON REGIONAL AIRPORT, MI US","45.5644","-84.79291","215.3","1980-11","141.0","-10.0","15.6","1110.6","0.9","4.6","-2.8"
"USW00014841","PELLSTON REGIONAL AIRPORT, MI US","45.5644","-84.79291","215.3","1980-12","141.0","-28.9","3.9","1920.3","-7.8","-3.0","-12.6"
"USW00014840","MUSKEGON CO AIRPORT, MI US","43.17111","-86.23685","190.3","1980-07","142.1","10.0","32.8","0.6","21.6","27.0","16.2"
"USW00014840","MUSKEGON CO AIRPORT, MI US","43.17111","-86.23685","190.3","1980-08","243.8","10.6","31.7","5.3","21.5","26.2","16.8"
"USW00014840","MUSKEGON CO AIRPORT, MI US","43.17111","-86.23685","190.3","1980-09","262.4","2.8","28.3","92.2","16.1","21.3","10.8"
"USW00014840","MUSKEGON CO AIRPORT, MI US","43.17111","-86.23685","190.3","1980-10","262.4","-6.1","21.7","425.3","7.6","12.0","3.2"
"USW00014840","MUSKEGON CO AIRPORT, MI US","43.17111","-86.23685","190.3","1980-11","262.4","-6.1","15.0","878.6","3.2","6.4","0.1"
"USW00014840","MUSKEGON CO AIRPORT, MI US","43.17111","-86.23685","190.3","1980-12","262.4","-14.4","12.8","1564.4","-3.8","-0.2","-7.4"
"USC00203932","HOUGHTON LAKE 6 WSW, MI US","44.3119","-84.8922","345.9","1980-07","80.8","5.0","32.2","20.0","19.4","26.6","12.3"
"USC00203932","HOUGHTON LAKE 6 WSW, MI US","44.3119","-84.8922","345.9","1980-08","138.7","4.4","31.1","42.9","19.5","26.3","12.6"
"USC00203932","HOUGHTON LAKE 6 WSW, MI US","44.3119","-84.8922","345.9","1980-09","144.0","-3.9","28.3","204.8","13.1","19.9","6.4"
"USC00203932","HOUGHTON LAKE 6 WSW, MI US","44.3119","-84.8922","345.9","1980-10","144.0","-7.2","22.2","617.0","5.0","10.1","-0.1"
"USC00203932","HOUGHTON LAKE 6 WSW, MI US","44.3119","-84.8922","345.9","1980-11","144.0","-10.6","18.3","1155.1","0.4","5.1","-4.4"
"USC00203932","HOUGHTON LAKE 6 WSW, MI US","44.3119","-84.8922","345.9","1980-12","144.0","-25.0","7.2","1973.0","-8.1","-3.1","-13.0"
"USW00014838","MARQUETTE, MI US","46.5458","-87.3795","186.8","1980-07","64.6","7.2","31.7","16.5","19.1","24.6","13.5"
"USW00014838","MARQUETTE, MI US","46.5458","-87.3795","186.8","1980-08","115.7","11.1","31.7","33.8","19.4","23.9","15.0"
"USW00014838","MARQUETTE, MI US","46.5458","-87.3795","186.8","1980-09","122.5","1.7","30.0","188.0","13.2","17.8","8.7"
"USW00014838","MARQUETTE, MI US","46.5458","-87.3795","186.8","1980-10","122.5","-4.4","20.6","575.9","5.8","10.1","1.6"
"USW00014838","MARQUETTE, MI US","46.5458","-87.3795","186.8","1980-11","122.5","-7.8","13.3","1083.6","1.4","4.8","-2.0"
"USW00014838","MARQUETTE, MI US","46.5458","-87.3795","186.8","1980-12","122.5","-19.4","4.4","1854.7","-6.5","-2.6","-10.4"
"USW00014836","LANSING CAPITAL CITY AIRPORT, MI US","42.77609","-84.59972","261.2","1980-07","193.7","10.0","35.6","0.3","22.5","28.5","16.4"
"USW00014836","LANSING CAPITAL CITY AIRPORT, MI US","42.77609","-84.59972","261.2","1980-08","314.3","8.3","31.1","3.7","22.1","27.3","17.0"
"USW00014836","LANSING CAPITAL CITY AIRPORT, MI US","42.77609","-84.59972","261.2","1980-09","338.8","0.6","28.3","82.0","16.5","22.6","10.4"
"USW00014836","LANSING CAPITAL CITY AIRPORT, MI US","42.77609","-84.59972","261.2","1980-10","338.8","-6.1","25.6","424.2","7.3","12.2","2.4"
"USW00014836","LANSING CAPITAL CITY AIRPORT, MI US","42.77609","-84.59972","261.2","1980-11","338.8","-7.8","21.1","896.5","2.6","7.2","-2.1"
"USW00014836","LANSING CAPITAL CITY AIRPORT, MI US","42.77609","-84.59972","261.2","1980-12","338.8","-22.2","13.3","1607.4","-4.6","0.2","-9.4"
"USC00205434","MIDLAND, MI US","43.6088","-84.2011","195.1","1980-07","177.4","9.4","32.8","0.0","22.3","28.9","15.6"
"USC00205434","MIDLAND, MI US","43.6088","-84.2011","195.1","1980-08","294.5","7.8","32.2","3.6","22.0","28.5","15.4"
"USC00205434","MIDLAND, MI US","43.6088","-84.2011","195.1","1980-09","317.9","0.6","28.9","81.8","16.4","23.1","9.7"
"USC00205434","MIDLAND, MI US","43.6088","-84.2011","195.1","1980-10","317.9","-5.6","25.0","430.1","7.1","13.1","1.1"
"USC00205434","MIDLAND, MI US","43.6088","-84.2011","195.1","1980-11","317.9","-8.3","20.0","898.7","2.7","7.5","-2.1"
"USC00205434","MIDLAND, MI US","43.6088","-84.2011","195.1","1980-12","317.9","-19.4","9.4","1615.8","-4.8","-0.4","-9.2"
"USC00207217","SAGINAW CON POWER CO, MI US","43.45","-83.96667","182.9","1980-07","226.8","11.7","33.3","0.0","22.9","28.8","17.0"
"USC00207217","SAGINAW CON POWER CO, MI US","43.45","-83.96667","182.9","1980-08","373.2","10.6","32.2","1.4","23.0","28.4","17.6"
"USC00207217","SAGINAW CON POWER CO, MI US","43.45","-83.96667","182.9","1980-09","412.4","2.2","28.3","61.4","17.6","23.5","11.8"
"USC00207217","SAGINAW CON POWER CO, MI US","43.45","-83.96667","182.9","1980-10","414.1","-3.9","25.6","364.5","8.6","13.4","3.8"
"USC00207217","SAGINAW CON POWER CO, MI US","43.45","-83.96667","182.9","1980-11","414.1","-5.6","20.6","790.6","4.1","8.6","-0.4"
"USC00207217","SAGINAW CON POWER CO, MI US","43.45","-83.96667","182.9","1980-12","414.1","-18.3","12.2","1487.3","-4.1","-0.1","-8.2"
"USC00201476","CHARLOTTE, MI US","42.5499","-84.825","274.9","1980-07","138.8","8.9","33.3","3.6","21.0","28.2","13.9"
"USC00201476","CHARLOTTE, MI US","42.5499","-84.825","274.9","1980-08","218.5","7.8","31.7","12.0","20.6","27.9","13.4"
"USC00201476","CHARLOTTE, MI US","42.5499","-84.825","274.9","1980-09","233.3","0.6","28.9","102.6","15.6","23.0","8.2"
"USC00201476","CHARLOTTE, MI US","42.5499","-84.825","274.9","1980-10","233.3","-6.1","26.1","449.1","7.1","13.2","1.1"
"USC00201476","CHARLOTTE, MI US","42.5499","-84.825","274.9","1980-11","233.3","-7.2","21.1","921.6","2.6","7.6","-2.4"
"USC00201476","CHARLOTTE, MI US","42.5499","-84.825","274.9","1980-12","233.3","-21.1","13.9","1589.9","-4.6","0.4","-9.6"
"USC00204502","LAKE CITY EXPERIMENTAL FARM, MI US","44.3088","-85.205","374.9","1980-07","77.4","6.1","31.1","19.0","19.5","26.0","12.9"
"USC00204502","LAKE CITY EXPERIMENTAL FARM, MI US","44.3088","-85.205","374.9","1980-08","131.7","7.2","30.6","35.8","19.5","25.8","13.3"
"USC00204502","LAKE CITY EXPERIMENTAL FARM, MI US","44.3088","-85.205","374.9","1980-09","137.3","-2.2","28.3","183.0","13.6","20.2","7.0"
"USC00204502","LAKE CITY EXPERIMENTAL FARM, MI US","44.3088","-85.205","374.9","1980-10","137.3","-8.3","23.9","603.9","4.8","9.9","-0.3"
"USC00204502","LAKE CITY EXPERIMENTAL FARM, MI US","44.3088","-85.205","374.9","1980-11","137.3","-10.0","18.3","1122.3","0.5","5.4","-4.4"
"USC00204502","LAKE CITY EXPERIMENTAL FARM, MI US","44.3088","-85.205","374.9","1980-12","137.3","-25.6","7.2","1941.8","-8.1","-3.4","-12.7"
"USC00205558","MONROE, MI US","41.91389","-83.39417","179.8","1980-07","259.6","12.2","37.2","0.8","23.8","30.1","17.6"
"USC00205558","MONROE, MI US","41.91389","-83.39417","179.8","1980-08","422.8","11.7","35.6","0.8","23.6","29.4","17.8"
"USC00205558","MONROE, MI US","41.91389","-83.39417","179.8","1980-09","479.5","1.7","33.9","48.5","18.6","25.1","12.2"
"USC00205558","MONROE, MI US","41.91389","-83.39417","179.8","1980-10","479.8","-4.4","27.2","328.9","8.6","14.4","2.9"
"USC00205558","MONROE, MI US","41.91389","-83.39417","179.8","1980-11","479.8","-6.7","21.7","777.5","3.4","8.8","-2.1"
"USC00205558","MONROE, MI US","41.91389","-83.39417","179.8","1980-12","479.8","-20.0","15.6","1438.9","-3.0","1.9","-7.9"
"USC00204104","IRONWOOD, MI US","46.4656","-90.1892","435.9","1980-07",,"1.7","33.3","43.9","18.1","25.6","10.6"
"USC00204104","IRONWOOD, MI US","46.4656","-90.1892","435.9","1980-08",,"2.8","29.4","103.9","16.9","23.3","10.6"
"USC00204104","IRONWOOD, MI US","46.4656","-90.1892","435.9","1980-09",,"-5.6","28.9","331.0","10.8","17.5","4.0"
"USC00204104","IRONWOOD, MI US","46.4656","-90.1892","435.9","1980-10",,"-12.8","25.6","807.5","3.0","9.1","-3.2"
"USC00204104","IRONWOOD, MI US","46.4656","-90.1892","435.9","1980-11",,"-18.3","14.4","1419.1","-2.1","3.6","-7.8"
"USC00204104","IRONWOOD, MI US","46.4656","-90.1892","435.9","1980-12",,"-31.7","5.6","2350.3","-11.7","-5.4","-18.0"
"USC00200146","ALMA, MI US","43.38686","-84.64818","221.9","1980-07","134.3","10.6","32.2","1.9","21.2","27.0","15.3"
"USC00200146","ALMA, MI US","43.38686","-84.64818","221.9","1980-08","225.8","8.9","32.2","8.3","21.1","26.9","15.2"
"USC00200146","ALMA, MI US","43.38686","-84.64818","221.9","1980-09","244.2","1.1","28.9","114.6","15.4","21.5","9.3"
"USC00200146","ALMA, MI US","43.38686","-84.64818","221.9","1980-10","244.2","-5.0","26.1","470.9","6.4","11.4","1.4"
"USC00200146","ALMA, MI US","43.38686","-84.64818","221.9","1980-11","244.2","-7.2","20.0","971.3","1.6","6.2","-2.9"
"USC00200146","ALMA, MI US","43.38686","-84.64818","221.9","1980-12","244.2","-19.4","10.0","1725.1","-6.0","-1.9","-10.1"
"USC00202445","EAU CLAIRE 4 NE, MI US","42.0153","-86.243","256.0","1980-07","231.2","11.1","36.1","0.3","22.9","28.7","17.1"
"USC00202445","EAU CLAIRE 4 NE, MI US","42.0153","-86.243","256.0","1980-08","369.9","10.6","32.8","5.0","22.7","28.0","17.3"
"USC00202445","EAU CLAIRE 4 NE, MI US","42.0153","-86.243","256.0","1980-09","425.0","4.4","29.4","48.3","18.7","23.9","13.5"
"USC00202445","EAU CLAIRE 4 NE, MI US","42.0153","-86.243","256.0","1980-10","426.4","-3.3","26.7","333.5","9.2","13.9","4.5"
"USC00202445","EAU CLAIRE 4 NE, MI US","42.0153","-86.243","256.0","1980-11","426.4","-5.0","21.1","751.8","4.4","8.6","0.1"
"USC00202445","EAU CLAIRE 4 NE, MI US","42.0153","-86.243","256.0","1980-12","426.4","-15.6","13.9","1386.3","-2.1","1.6","-5.9"
