"STATION","NAME","LATITUDE","LONGITUDE","ELEVATION","DATE","CDSD","EMNT","EMXT","HDSD","TAVG","TMAX","TMIN"
"USC00205690","MUNISING, MI US","46.4121","-86.6625","207.3","2015-07","50.9","6.1","29.4","65.6","17.8","22.7","12.9"
"USC00205690","MUNISING, MI US","46.4121","-86.6625","207.3","2015-08","74.6","6.7","30.6","117.5","17.4","21.4","13.5"
"USC00205690","MUNISING, MI US","46.4121","-86.6625","207.3","2015-09","97.9","3.9","27.8","183.9","16.9","20.6","13.1"
"USC00205690","MUNISING, MI US","46.4121","-86.6625","207.3","2015-10","97.9","-1.1","20.0","504.6","7.6","11.2","4.1"
"USC00205690","MUNISING, MI US","46.4121","-86.6625","207.3","2015-11","97.9","-10.0","18.9","945.7","3.6","7.5","-0.3"
"USC00205690","MUNISING, MI US","46.4121","-86.6625","207.3","2015-12","97.9","-9.4","10.6","1484.1","0.4","2.8","-2.0"
"USC00203270","GLADSTONE NUMBER 2, MI US","45.8433","-87.0391","218.5","2015-07",,,,,,,
"USC00203270","GLADSTONE NUMBER 2, MI US","45.8433","-87.0391","218.5","2015-08",,,,,,,
"USC00203270","GLADSTONE NUMBER 2, MI US","45.8433","-87.0391","218.5","2015-09",,,,,,,
"USC00203270","GLADSTONE NUMBER 2, MI US","45.8433","-87.0391","218.5","2015-10",,,,,,,
"USC00203270","GLADSTONE NUMBER 2, MI US","45.8433","-87.0391","218.5","2015-11",,,,,,,
"USC00203270","GLADSTONE NUMBER 2, MI US","45.8433","-87.0391","218.5","2015-12",,,,,,,
"USC00203391","GRAYLING, MI US","44.64536","-84.69921","350.8","2015-07","91.5","5.6","33.9","29.5","19.7","26.9","12.5"
"USC00203391","GRAYLING, MI US","44.64536","-84.69921","350.8","2015-08","149.0","7.8","32.2","60.1","19.2","25.1","13.3"
"USC00203391","GRAYLING, MI US","44.64536","-84.69921","350.8","2015-09","187.9","0.0","31.7","137.2","17.1","23.4","10.7"
"USC00203391","GRAYLING, MI US","44.64536","-84.69921","350.8","2015-10","187.9","-2.8","25.0","460.6","7.9","13.3","2.5"
"USC00203391","GRAYLING, MI US","44.64536","-84.69921","350.8","2015-11","187.9","-11.7","23.3","901.3","3.6","9.4","-2.1"
"USC00203391","GRAYLING, MI US","44.64536","-84.69921","350.8","2015-12","187.9","-8.3","13.3","1434.5","1.1","4.3","-2.1"
"USC00206662","PORT AUSTIN WWTP, MI US","44.0469","-82.9702","184.4","2015-07","90.1","6.7","31.7","26.9","19.5","25.0","14.0"
"USC00205452","MILFORD GM PROVING GROUND, MI US","42.5794","-83.6844","295.7","2015-07",,"8.3","32.2","9.8","20.9","27.5","14.2"
"USC00205452","MILFORD GM PROVING GROUND, MI US","42.5794","-83.6844","295.7","2015-08",,"7.2","32.2","24.6","20.5","26.2","14.8"
"USC00205452","MILFORD GM PROVING GROUND, MI US","42.5794","-83.6844","295.7","2015-09",,"4.4","32.2","66.5","19.1","25.7","12.6"
"USC00205452","MILFORD GM PROVING GROUND, MI US","42.5794","-83.6844","295.7","2015-10",,"-4.4","25.0","302.9","10.7","16.4","5.1"
"USC00205452","MILFORD GM PROVING GROUND, MI US","42.5794","-83.6844","295.7","2015-11",,"-11.7","25.6","667.2","6.2","12.3","0.1"
"USC00205452","MILFORD GM PROVING GROUND, MI US","42.5794","-83.6844","295.7","2015-12",,"-6.7","15.6","1129.8","3.4","7.5","-0.6"
"USC00205451","MILAN WWTP, MI US","42.0811","-83.6769","207.3","2015-07","177.4","11.1","32.8","5.0","21.3","26.9","15.6"
"USC00205451","MILAN WWTP, MI US","42.0811","-83.6769","207.3","2015-08","258.9","10.0","31.7","16.9","20.6","26.2","15.1"
"USC00205451","MILAN WWTP, MI US","42.0811","-83.6769","207.3","2015-09","327.9","7.2","32.2","49.2","19.6","25.8","13.4"
"USC00205451","MILAN WWTP, MI US","42.0811","-83.6769","207.3","2015-10",,"-2.2",,,,,"5.6"
"USC00205451","MILAN WWTP, MI US","42.0811","-83.6769","207.3","2015-12",,,"17.8",,,"8.1",
"USC00206780","QUINCY HILL, MI US","47.1364","-88.5795","349.0","2015-08",,,,,,,
"USC00206780","QUINCY HILL, MI US","47.1364","-88.5795","349.0","2015-09",,,,,,,
"USC00206780","QUINCY HILL, MI US","47.1364","-88.5795","349.0","2015-10",,,,,,,
"USC00206780","QUINCY HILL, MI US","47.1364","-88.5795","349.0","2015-11",,,,,,,
"USC00206780","QUINCY HILL, MI US","47.1364","-88.5795","349.0","2015-12",,,,,,,
"US1MIME0008","LAKEVIEW 2.5 NNE, MI US","43.4821245074272","-85.262514129281","303.6","2015-07",,,,,,,
"US1MIOW0014","HOLLAND 4.4 NW, MI US","42.823464","-86.151194","199.0","2015-08",,,,,,,
"US1MIOW0014","HOLLAND 4.4 NW, MI US","42.823464","-86.151194","199.0","2015-09",,,,,,,
"US1MIOW0014","HOLLAND 4.4 NW, MI US","42.823464","-86.151194","199.0","2015-11",,,,,,,
"US1MIOW0014","HOLLAND 4.4 NW, MI US","42.823464","-86.151194","199.0","2015-12",,,,,,,
"USC00203025","FREMONT 4 WSW, MI US","43.44527","-86.02646","242.9","2015-07","92.8","8.3","31.1","25.6","19.6","25.2","14.1"
"USC00203025","FREMONT 4 WSW, MI US","43.44527","-86.02646","242.9","2015-08","150.6","8.3","30.6","48.3","19.5","24.3","14.6"
"USC00203025","FREMONT 4 WSW, MI US","43.44527","-86.02646","242.9","2015-09","195.9","4.4","30.0","91.7","18.4","23.7","13.1"
"USC00203025","FREMONT 4 WSW, MI US","43.44527","-86.02646","242.9","2015-10","195.9","-0.6","21.7","324.7","10.8","15.9","5.7"
"USC00203025","FREMONT 4 WSW, MI US","43.44527","-86.02646","242.9","2015-11","195.9","-6.1","22.2","668.7","6.9","11.5","2.3"
"USC00203025","FREMONT 4 WSW, MI US","43.44527","-86.02646","242.9","2015-12","195.9","-4.4","15.6","1121.7","3.7","6.7","0.7"
"USC00205563","MONROE, MI US","41.9069","-83.4158","178.6","2015-07",,"10.6","31.7","2.5","21.3","27.0","15.7"
"USC00205563","MONROE, MI US","41.9069","-83.4158","178.6","2015-08",,"9.4","32.8","13.6","21.0","26.6","15.4"
"US1MIAN0001","WAYLAND 2.0 W, MI US","42.6732292","-85.68013763","225.2","2015-07",,,,,,,
"US1MIAN0001","WAYLAND 2.0 W, MI US","42.6732292","-85.68013763","225.2","2015-08",,,,,,,
"US1MIAN0001","WAYLAND 2.0 W, MI US","42.6732292","-85.68013763","225.2","2015-09",,,,,,,
"US1MIAN0001","WAYLAND 2.0 W, MI US","42.6732292","-85.68013763","225.2","2015-12",,,,,,,
"USC00203268","GLADSTONE 4 NW, MI US","45.8806","-87.0911","225.9","2015-07",,,,,,,
"USC00203268","GLADSTONE 4 NW, MI US","45.8806","-87.0911","225.9","2015-08",,,,,,,
"USC00203268","GLADSTONE 4 NW, MI US","45.8806","-87.0911","225.9","2015-09",,,,,,,
"USC00203268","GLADSTONE 4 NW, MI US","45.8806","-87.0911","225.9","2015-10",,,,,,,
"USC00203268","GLADSTONE 4 NW, MI US","45.8806","-87.0911","225.9","2015-11",,,,,,,
"USC00203268","GLADSTONE 4 NW, MI US","45.8806","-87.0911","225.9","2015-12",,,,,,,
"USC00205567","MONTAGUE 4 NW, MI US","43.461","-86.41773","198.1","2015-07","76.9","7.2","30.6","23.2","19.5","25.7","13.4"
"USC00205567","MONTAGUE 4 NW, MI US","43.461","-86.41773","198.1","2015-08","137.1","6.7","29.4","39.0","19.8","24.7","14.8"
"USC00205567","MONTAGUE 4 NW, MI US","43.461","-86.41773","198.1","2015-09","186.8","2.2","29.4","89.2","18.3","23.7","12.9"
"USC00205567","MONTAGUE 4 NW, MI US","43.461","-86.41773","198.1","2015-10","186.8","-3.3","19.4","333.9","10.4","15.0","5.9"
"USC00205567","MONTAGUE 4 NW, MI US","43.461","-86.41773","198.1","2015-11","186.8","-9.4","20.6","681.6","6.7","11.0","2.5"
"USC00205567","MONTAGUE 4 NW, MI US","43.461","-86.41773","198.1","2015-12","186.8","-5.6","16.1","1140.2","3.5","6.6","0.5"
"US1MILV0014","BRIGHTON 2.5 E, MI US","42.5330831855536","-83.7359697371721","285.0","2015-07",,,,,,,
"US1MILV0014","BRIGHTON 2.5 E, MI US","42.5330831855536","-83.7359697371721","285.0","2015-09",,,,,,,
"US1MILV0014","BRIGHTON 2.5 E, MI US","42.5330831855536","-83.7359697371721","285.0","2015-10",,,,,,,
"US1MIAN0008","DORR 0.9 WNW, MI US","42.727667","-85.739061","213.1","2015-07",,,,,,,
"US1MIAN0008","DORR 0.9 WNW, MI US","42.727667","-85.739061","213.1","2015-08",,,,,,,
"US1MIAN0008","DORR 0.9 WNW, MI US","42.727667","-85.739061","213.1","2015-09",,,,,,,
"US1MIAN0008","DORR 0.9 WNW, MI US","42.727667","-85.739061","213.1","2015-10",,,,,,,
"USC00208972","WHITMORE LAKE 1 NW, MI US","42.4355","-83.783","276.1","2015-07","122.3","9.4","31.1","15.6","20.1","26.2","14.0"
"USC00208972","WHITMORE LAKE 1 NW, MI US","42.4355","-83.783","276.1","2015-08","180.1","8.3","30.6","35.4","19.6","25.3","13.9"
"USC00208972","WHITMORE LAKE 1 NW, MI US","42.4355","-83.783","276.1","2015-09","238.3","5.6","31.7","82.1","18.7","25.5","11.9"
"USC00208972","WHITMORE LAKE 1 NW, MI US","42.4355","-83.783","276.1","2015-10","238.3","-2.8","24.4","314.7","10.6","16.4","4.7"
"USC00208972","WHITMORE LAKE 1 NW, MI US","42.4355","-83.783","276.1","2015-11","238.3","-10.0","25.6","637.8","6.0","12.3","-0.3"
"USC00208972","WHITMORE LAKE 1 NW, MI US","42.4355","-83.783","276.1","2015-12","238.3","-7.8","15.6","1097.4","3.5","7.4","-0.4"
"US1MIAN0004","FENNVILLE 0.8 W, MI US","42.594218","-86.120119","204.2","2015-07",,,,,,,
"US1MIAN0004","FENNVILLE 0.8 W, MI US","42.594218","-86.120119","204.2","2015-09",,,,,,,
"US1MIAN0004","FENNVILLE 0.8 W, MI US","42.594218","-86.120119","204.2","2015-10",,,,,,,
"US1MIAN0004","FENNVILLE 0.8 W, MI US","42.594218","-86.120119","204.2","2015-11",,,,,,,
"US1MIAN0004","FENNVILLE 0.8 W, MI US","42.594218","-86.120119","204.2","2015-12",,,,,,,
"USC00204130","ISHPEMING WWTP, MI US","46.4911","-87.6894","428.5","2015-07","67.0","4.4","33.9","37.0","19.3","26.1","12.4"
"USC00204130","ISHPEMING WWTP, MI US","46.4911","-87.6894","428.5","2015-08","104.3","3.3","33.3","92.1","17.7","23.9","11.6"
"USC00204130","ISHPEMING WWTP, MI US","46.4911","-87.6894","428.5","2015-09","143.0","-2.2","31.1","177.1","16.8","23.5","10.1"
"USC00204130","ISHPEMING WWTP, MI US","46.4911","-87.6894","428.5","2015-10",,,,,,,
"USC00204130","ISHPEMING WWTP, MI US","46.4911","-87.6894","428.5","2015-11",,"-15.6","19.4",,"1.9","7.0","-3.1"
"USC00204130","ISHPEMING WWTP, MI US","46.4911","-87.6894","428.5","2015-12",,"-12.2","10.0",,"-1.8","1.2","-4.8"
"US1MIME0010","MECOSTA 4.6 SSW, MI US","43.562697","-85.280632","297.2","2015-10",,,,,,,
"US1MIME0010","MECOSTA 4.6 SSW, MI US","43.562697","-85.280632","297.2","2015-11",,,,,,,
"US1MIME0010","MECOSTA 4.6 SSW, MI US","43.562697","-85.280632","297.2","2015-12",,,,,,,
"US1MIVB0004","PAW PAW 3.6 NNE, MI US","42.265824","-85.861936","216.1","2015-07",,,,,,,
"US1MIVB0004","PAW PAW 3.6 NNE, MI US","42.265824","-85.861936","216.1","2015-08",,,,,,,
"US1MIVB0004","PAW PAW 3.6 NNE, MI US","42.265824","-85.861936","216.1","2015-09",,,,,,,
"US1MIVB0004","PAW PAW 3.6 NNE, MI US","42.265824","-85.861936","216.1","2015-10",,,,,,,
"US1MIVB0004","PAW PAW 3.6 NNE, MI US","42.265824","-85.861936","216.1","2015-11",,,,,,,
"US1MIVB0004","PAW PAW 3.6 NNE, MI US","42.265824","-85.861936","216.1","2015-12",,,,,,,
"USR0000MSPI","SPINCICH LAKE MICHIGAN, MI US","46.4578","-85.6272","273.1","2015-07","28.0","-1.1","32.8","74.2","16.8","25.5","8.2"
"USR0000MSPI","SPINCICH LAKE MICHIGAN, MI US","46.4578","-85.6272","273.1","2015-08","49.9","3.3","31.1","146.3","16.7","23.1","10.4"
"USR0000MSPI","SPINCICH LAKE MICHIGAN, MI US","46.4578","-85.6272","273.1","2015-09","77.4","-4.4","28.9","266.8","15.2","22.1","8.3"
"USR0000MSPI","SPINCICH LAKE MICHIGAN, MI US","46.4578","-85.6272","273.1","2015-10","77.4","-7.2","22.8","645.5","6.1","11.6","0.6"
"USR0000MSPI","SPINCICH LAKE MICHIGAN, MI US","46.4578","-85.6272","273.1","2015-11","77.4","-17.2","18.3","1101.5","3.1","8.0","-1.7"
"USR0000MSPI","SPINCICH LAKE MICHIGAN, MI US","46.4578","-85.6272","273.1","2015-12","77.4","-12.8","11.7","1682.8","-0.4","2.8","-3.6"
"US1MIVB0002","GRAND JUNCTION 1.3 ENE, MI US","42.40925586","-86.04813018","202.7","2015-07",,,,,,,
"US1MIVB0002","GRAND JUNCTION 1.3 ENE, MI US","42.40925586","-86.04813018","202.7","2015-08",,,,,,,
"US1MIVB0002","GRAND JUNCTION 1.3 ENE, MI US","42.40925586","-86.04813018","202.7","2015-09",,,,,,,
"US1MIVB0002","GRAND JUNCTION 1.3 ENE, MI US","42.40925586","-86.04813018","202.7","2015-10",,,,,,,
"US1MIVB0002","GRAND JUNCTION 1.3 ENE, MI US","42.40925586","-86.04813018","202.7","2015-11",,,,,,,
"US1MIVB0002","GRAND JUNCTION 1.3 ENE, MI US","42.40925586","-86.04813018","202.7","2015-12",,,,,,,
"US1MIOW0002","HOLLAND 3.9 NNE, MI US","42.822957","-86.06784","188.1","2015-07",,,,,,,
"US1MIOW0002","HOLLAND 3.9 NNE, MI US","42.822957","-86.06784","188.1","2015-08",,,,,,,
"US1MIOW0002","HOLLAND 3.9 NNE, MI US","42.822957","-86.06784","188.1","2015-09",,,,,,,
"US1MIOW0002","HOLLAND 3.9 NNE, MI US","42.822957","-86.06784","188.1","2015-10",,,,,,,
"US1MIOW0002","HOLLAND 3.9 NNE, MI US","42.822957","-86.06784","188.1","2015-11",,,,,,,
"US1MIOW0002","HOLLAND 3.9 NNE, MI US","42.822957","-86.06784","188.1","2015-12",,,,,,,
"US1MIOW0003","WALKER 3.2 W, MI US","42.98804","-85.8103","218.8","2015-07",,,,,,,
"US1MILN0007","ADRIAN 5.2 NE, MI US","41.955073","-83.976361","244.1","2015-07",,,,,,,
"US1MILN0007","ADRIAN 5.2 NE, MI US","41.955073","-83.976361","244.1","2015-08",,,,,,,
"US1MILN0007","ADRIAN 5.2 NE, MI US","41.955073","-83.976361","244.1","2015-09",,,,,,,
"US1MILN0007","ADRIAN 5.2 NE, MI US","41.955073","-83.976361","244.1","2015-10",,,,,,,
"US1MILN0007","ADRIAN 5.2 NE, MI US","41.955073","-83.976361","244.1","2015-11",,,,,,,
"US1MILN0007","ADRIAN 5.2 NE, MI US","41.955073","-83.976361","244.1","2015-12",,,,,,,
"USC00203278","GOODRICH, MI US","42.9163","-83.5097","277.4","2015-07","156.1","8.3","32.8","14.4","20.7","26.9","14.6"
"USC00203278","GOODRICH, MI US","42.9163","-83.5097","277.4","2015-08","229.7","9.4","32.2","27.5","20.3","25.8","14.8"
"USC00203278","GOODRICH, MI US","42.9163","-83.5097","277.4","2015-09","302.5","6.1","32.8","67.4","19.4","25.7","13.2"
"USC00203278","GOODRICH, MI US","42.9163","-83.5097","277.4","2015-10","302.5","-1.1","24.4","308.2","10.6","16.1","5.0"
"USC00203278","GOODRICH, MI US","42.9163","-83.5097","277.4","2015-11","302.5","-8.9","25.6","651.9","6.9","12.2","1.6"
"USC00203278","GOODRICH, MI US","42.9163","-83.5097","277.4","2015-12","302.5","-6.1","16.7","1101.1","3.8","7.7","0.0"
"US1MIAN0014","HOPKINS 2.0 N, MI US","42.653553","-85.759743","231.0","2015-07",,,,,,,
"US1MIAN0014","HOPKINS 2.0 N, MI US","42.653553","-85.759743","231.0","2015-08",,,,,,,
"US1MIAN0014","HOPKINS 2.0 N, MI US","42.653553","-85.759743","231.0","2015-09",,,,,,,
"US1MIAN0014","HOPKINS 2.0 N, MI US","42.653553","-85.759743","231.0","2015-10",,,,,,,
"US1MIAN0014","HOPKINS 2.0 N, MI US","42.653553","-85.759743","231.0","2015-11",,,,,,,
"US1MIAN0014","HOPKINS 2.0 N, MI US","42.653553","-85.759743","231.0","2015-12",,,,,,,
"USC00206300","OWOSSO WWTP, MI US","43.0161","-84.18","222.5","2015-07",,"8.9","32.2","10.5","20.7","27.1","14.3"
"USC00206300","OWOSSO WWTP, MI US","43.0161","-84.18","222.5","2015-08",,"10.0","32.8","23.6","20.3","26.2","14.4"
"USC00206300","OWOSSO WWTP, MI US","43.0161","-84.18","222.5","2015-09",,"5.0","32.2","64.0","19.4","25.8","13.1"
"USC00206300","OWOSSO WWTP, MI US","43.0161","-84.18","222.5","2015-10",,"-2.2","24.4","301.9","10.7","16.1","5.2"
"USC00206300","OWOSSO WWTP, MI US","43.0161","-84.18","222.5","2015-11",,"-7.8","25.0","640.9","6.6","12.6","0.7"
"USC00206300","OWOSSO WWTP, MI US","43.0161","-84.18","222.5","2015-12",,"-6.7","16.7","1059.7","3.9","7.7","0.0"
"US1MILV0008","FENTON 5.6 WSW, MI US","42.7728706598282","-83.8187252730131","263.0","2015-07",,,,,,,
"US1MILV0008","FENTON 5.6 WSW, MI US","42.7728706598282","-83.8187252730131","263.0","2015-08",,,,,,,
"US1MILV0008","FENTON 5.6 WSW, MI US","42.7728706598282","-83.8187252730131","263.0","2015-09",,,,,,,
"US1MILV0008","FENTON 5.6 WSW, MI US","42.7728706598282","-83.8187252730131","263.0","2015-10",,,,,,,
"US1MILV0008","FENTON 5.6 WSW, MI US","42.7728706598282","-83.8187252730131","263.0","2015-11",,,,,,,
"US1MILV0008","FENTON 5.6 WSW, MI US","42.7728706598282","-83.8187252730131","263.0","2015-12",,,,,,,
"USC00205591","MORAN, MI US","45.9902","-84.8361","211.8","2015-07","45.9","3.9","32.8","38.8","18.5","25.4","11.6"
"USC00205591","MORAN, MI US","45.9902","-84.8361","211.8","2015-08","88.0","7.2","31.1","75.7","18.5","24.0","13.0"
"USC00205591","MORAN, MI US","45.9902","-84.8361","211.8","2015-09","120.0","1.1","30.0","150.5","16.9","22.9","10.9"
"USC00205591","MORAN, MI US","45.9902","-84.8361","211.8","2015-10","120.0","-4.4","18.3","491.0","7.4","12.8","1.9"
"USC00205591","MORAN, MI US","45.9902","-84.8361","211.8","2015-11","120.0","-10.0","19.4","918.9","4.1","8.2","-0.1"
"USC00205591","MORAN, MI US","45.9902","-84.8361","211.8","2015-12","120.0","-11.7","12.2","1464.6","0.7","3.9","-2.4"
"USC00206680","PORT HURON, MI US","42.975","-82.4194","179.8","2015-07","182.3","11.7","32.8","6.9","22.0","27.2","16.9"
"USC00206680","PORT HURON, MI US","42.975","-82.4194","179.8","2015-08","278.4","11.7","32.8","13.9","21.2","25.7","16.8"
"USC00206680","PORT HURON, MI US","42.975","-82.4194","179.8","2015-09","365.7","10.6","32.8","32.2","20.6","25.1","16.1"
"USC00206680","PORT HURON, MI US","42.975","-82.4194","179.8","2015-10","365.7","0.0","22.8","228.2","12.0","16.0","8.1"
"USC00206680","PORT HURON, MI US","42.975","-82.4194","179.8","2015-11","365.7","-5.6","24.4","529.6","8.3","12.6","3.9"
"USC00206680","PORT HURON, MI US","42.975","-82.4194","179.8","2015-12",,"-3.3",,,,,"2.7"
"USC00207891","STEVENSVILLE 1 SE, MI US","42.0017","-86.5222","179.8","2015-07",,,,,,,
"USC00207891","STEVENSVILLE 1 SE, MI US","42.0017","-86.5222","179.8","2015-08",,,,,,,
"USC00207891","STEVENSVILLE 1 SE, MI US","42.0017","-86.5222","179.8","2015-09",,,,,,,
"USC00207891","STEVENSVILLE 1 SE, MI US","42.0017","-86.5222","179.8","2015-10",,,,,,,
"USC00207891","STEVENSVILLE 1 SE, MI US","42.0017","-86.5222","179.8","2015-11",,,,,,,
"USC00207891","STEVENSVILLE 1 SE, MI US","42.0017","-86.5222","179.8","2015-12",,,,,,,
"USC00203295","GRAND HAVEN WASTEWATER PLANT, MI US","43.0618","-86.2044","182.9","2015-07","92.9","10.0","31.1","20.2","19.9","25.1","14.8"
"USC00203295","GRAND HAVEN WASTEWATER PLANT, MI US","43.0618","-86.2044","182.9","2015-08","157.1","10.0","30.0","39.0","19.8","24.5","15.1"
"USC00203295","GRAND HAVEN WASTEWATER PLANT, MI US","43.0618","-86.2044","182.9","2015-09","191.6","6.1","30.0","74.7","18.3","24.3","12.3"
"USC00203295","GRAND HAVEN WASTEWATER PLANT, MI US","43.0618","-86.2044","182.9","2015-10","191.6","-1.7","21.1","309.4","10.8","15.3","6.3"
"USC00203295","GRAND HAVEN WASTEWATER PLANT, MI US","43.0618","-86.2044","182.9","2015-11","191.6","-6.7","21.7","653.6","6.9","11.4","2.4"
"USC00203295","GRAND HAVEN WASTEWATER PLANT, MI US","43.0618","-86.2044","182.9","2015-12","191.6","-4.4","16.7","1097.8","4.0","6.9","1.1"
"US1MIAN0018","SHELBYVILLE 1.2 NNE, MI US","42.609669","-85.625276","254.5","2015-07",,,,,,,
"US1MIAN0018","SHELBYVILLE 1.2 NNE, MI US","42.609669","-85.625276","254.5","2015-08",,,,,,,
"US1MIAN0018","SHELBYVILLE 1.2 NNE, MI US","42.609669","-85.625276","254.5","2015-09",,,,,,,
"US1MIAN0018","SHELBYVILLE 1.2 NNE, MI US","42.609669","-85.625276","254.5","2015-10",,,,,,,
"US1MIAN0018","SHELBYVILLE 1.2 NNE, MI US","42.609669","-85.625276","254.5","2015-11",,,,,,,
"US1MIAN0015","DORR 0.4 E, MI US","42.7242455631495","-85.7140432298183","216.7","2015-07",,,,,,,
"US1MIAN0015","DORR 0.4 E, MI US","42.7242455631495","-85.7140432298183","216.7","2015-08",,,,,,,
"US1MIAN0015","DORR 0.4 E, MI US","42.7242455631495","-85.7140432298183","216.7","2015-09",,,,,,,
"US1MIAN0016","HOLLAND 4.1 WSW, MI US","42.7551855146885","-86.1808294057846","192.9","2015-07",,,,,,,
"US1MIAN0016","HOLLAND 4.1 WSW, MI US","42.7551855146885","-86.1808294057846","192.9","2015-08",,,,,,,
"US1MIAN0016","HOLLAND 4.1 WSW, MI US","42.7551855146885","-86.1808294057846","192.9","2015-09",,,,,,,
"US1MIAN0016","HOLLAND 4.1 WSW, MI US","42.7551855146885","-86.1808294057846","192.9","2015-10",,,,,,,
"US1MIAN0016","HOLLAND 4.1 WSW, MI US","42.7551855146885","-86.1808294057846","192.9","2015-11",,,,,,,
"US1MIMT0005","STANTON 5.0 ENE, MI US","43.3145374059677","-84.9852065742016","281.0","2015-07",,,,,,,
"US1MIMT0005","STANTON 5.0 ENE, MI US","43.3145374059677","-84.9852065742016","281.0","2015-08",,,,,,,
"US1MIMT0005","STANTON 5.0 ENE, MI US","43.3145374059677","-84.9852065742016","281.0","2015-10",,,,,,,
"US1MIMT0005","STANTON 5.0 ENE, MI US","43.3145374059677","-84.9852065742016","281.0","2015-11",,,,,,,
"US1MIMT0005","STANTON 5.0 ENE, MI US","43.3145374059677","-84.9852065742016","281.0","2015-12",,,,,,,
"USC00204257","KALKASKA, MI US","44.728","-85.1727","315.5","2015-07","84.6","2.8","33.3","35.6","19.1","26.1","12.1"
"USC00204257","KALKASKA, MI US","44.728","-85.1727","315.5","2015-08","130.2","7.8","31.7","70.5","18.7","24.4","13.0"
"USC00204257","KALKASKA, MI US","44.728","-85.1727","315.5","2015-09","175.2","0.0","31.1","138.6","17.6","23.6","11.6"
"USC00204257","KALKASKA, MI US","44.728","-85.1727","315.5","2015-10","175.2","-2.8","24.4","457.9","8.0","13.0","3.0"
"USC00204257","KALKASKA, MI US","44.728","-85.1727","315.5","2015-11","175.2","-10.0","23.3","886.3","4.1","9.5","-1.4"
"USC00204257","KALKASKA, MI US","44.728","-85.1727","315.5","2015-12","175.2","-8.3","13.3","1425.8","0.9","4.0","-2.2"
"USC00207407","SCOTTVILLE 2 SE, MI US","43.93364","-86.24508","203.0","2015-07",,,,,,,
"USC00207407","SCOTTVILLE 2 SE, MI US","43.93364","-86.24508","203.0","2015-08",,,,,,,
"USC00207407","SCOTTVILLE 2 SE, MI US","43.93364","-86.24508","203.0","2015-09",,,,,,,
"USC00207407","SCOTTVILLE 2 SE, MI US","43.93364","-86.24508","203.0","2015-10",,,,,,,
"USC00207407","SCOTTVILLE 2 SE, MI US","43.93364","-86.24508","203.0","2015-11",,,,,,,
"USC00207407","SCOTTVILLE 2 SE, MI US","43.93364","-86.24508","203.0","2015-12",,,,,,,
"USC00204258","KALKASKA 11 SE, MI US","44.5897","-85.0486","330.1","2015-07","59.5","3.3","31.7","49.2","18.1","25.2","10.9"
"USC00204258","KALKASKA 11 SE, MI US","44.5897","-85.0486","330.1","2015-08","96.2","6.7","31.1","93.1","18.1","24.0","12.1"
"USC00204258","KALKASKA 11 SE, MI US","44.5897","-85.0486","330.1","2015-09","121.8","-0.6","30.6","179.2","16.3","22.8","9.8"
"USC00204258","KALKASKA 11 SE, MI US","44.5897","-85.0486","330.1","2015-10","121.8","-2.8","23.9","522.5","7.3","12.6","1.9"
"USC00204258","KALKASKA 11 SE, MI US","44.5897","-85.0486","330.1","2015-11","121.8","-11.1","22.8","964.8","3.6","8.8","-1.6"
"USC00204258","KALKASKA 11 SE, MI US","44.5897","-85.0486","330.1","2015-12","121.8","-11.1","12.8","1530.7","0.1","3.7","-3.6"
"US1MIHG0006","CALUMET 5.8 ENE, MI US","47.272","-88.334","271.3","2015-07",,,,,,,
"US1MIHG0006","CALUMET 5.8 ENE, MI US","47.272","-88.334","271.3","2015-08",,,,,,,
"US1MIHG0006","CALUMET 5.8 ENE, MI US","47.272","-88.334","271.3","2015-09",,,,,,,
"US1MIHG0006","CALUMET 5.8 ENE, MI US","47.272","-88.334","271.3","2015-10",,,,,,,
"US1MIHG0006","CALUMET 5.8 ENE, MI US","47.272","-88.334","271.3","2015-11",,,,,,,
"US1MIHG0006","CALUMET 5.8 ENE, MI US","47.272","-88.334","271.3","2015-12",,,,,,,
"US1MIMM0001","SPALDING 0.5 NW, MI US","45.698937","-87.5153","262.7","2015-07",,,,,,,
"US1MIMM0001","SPALDING 0.5 NW, MI US","45.698937","-87.5153","262.7","2015-08",,,,,,,
"US1MIMM0001","SPALDING 0.5 NW, MI US","45.698937","-87.5153","262.7","2015-09",,,,,,,
"US1MIMM0001","SPALDING 0.5 NW, MI US","45.698937","-87.5153","262.7","2015-10",,,,,,,
"US1MIMM0001","SPALDING 0.5 NW, MI US","45.698937","-87.5153","262.7","2015-11",,,,,,,
"US1MIMM0001","SPALDING 0.5 NW, MI US","45.698937","-87.5153","262.7","2015-12",,,,,,,
"USC00202094","DETOUR VILLAGE, MI US","45.9983","-83.9013","181.4","2015-07","62.1","8.3","32.2","20.1","19.6","24.9","14.3"
"USC00202094","DETOUR VILLAGE, MI US","45.9983","-83.9013","181.4","2015-08","93.0","10.0","30.6","56.1","18.2","22.2","14.1"
"USC00202094","DETOUR VILLAGE, MI US","45.9983","-83.9013","181.4","2015-09","118.0","6.7","26.1","108.7","17.4","21.2","13.7"
"USC00202094","DETOUR VILLAGE, MI US","45.9983","-83.9013","181.4","2015-10","118.0","-1.1","19.4","419.6","8.3","11.7","4.9"
"USC00202094","DETOUR VILLAGE, MI US","45.9983","-83.9013","181.4","2015-11","118.0","-7.8","16.1","837.6","4.4","7.2","1.6"
"USC00202094","DETOUR VILLAGE, MI US","45.9983","-83.9013","181.4","2015-12","118.0","-10.0","10.0","1373.9","1.0","3.6","-1.6"
"US1MIMM0005","DAGGETT 4.8 N, MI US","45.53069","-87.61922","241.1","2015-07",,,,,,,
"US1MIMM0005","DAGGETT 4.8 N, MI US","45.53069","-87.61922","241.1","2015-08",,,,,,,
"US1MIMM0005","DAGGETT 4.8 N, MI US","45.53069","-87.61922","241.1","2015-09",,,,,,,
"US1MIMM0005","DAGGETT 4.8 N, MI US","45.53069","-87.61922","241.1","2015-10",,,,,,,
"US1MIMM0005","DAGGETT 4.8 N, MI US","45.53069","-87.61922","241.1","2015-11",,,,,,,
"US1MIMM0005","DAGGETT 4.8 N, MI US","45.53069","-87.61922","241.1","2015-12",,,,,,,
"US1MIHG0001","HOUGHTON 1.6 ESE, MI US","47.107741","-88.529386","190.8","2015-08",,,,,,,
"US1MIHG0001","HOUGHTON 1.6 ESE, MI US","47.107741","-88.529386","190.8","2015-09",,,,,,,
"US1MIHG0001","HOUGHTON 1.6 ESE, MI US","47.107741","-88.529386","190.8","2015-10",,,,,,,
"US1MIHG0001","HOUGHTON 1.6 ESE, MI US","47.107741","-88.529386","190.8","2015-11",,,,,,,
"USC00204161","JACOBSVILLE, MI US","47.0083","-88.4318","198.1","2015-07","39.6","2.8","33.3","56.7","17.8","25.0","10.6"
"USC00204161","JACOBSVILLE, MI US","47.0083","-88.4318","198.1","2015-08","68.0","2.2","31.1","116.0","17.3","23.6","11.1"
"USC00204161","JACOBSVILLE, MI US","47.0083","-88.4318","198.1","2015-09","96.8","-1.7","31.1","208.2","16.2","23.0","9.4"
"USC00204161","JACOBSVILLE, MI US","47.0083","-88.4318","198.1","2015-10","99.6","-4.4","30.6","568.0","6.8","12.6","1.0"
"USC00204161","JACOBSVILLE, MI US","47.0083","-88.4318","198.1","2015-11","99.6","-11.7","20.6","1031.0","2.9","7.6","-1.8"
"USC00204161","JACOBSVILLE, MI US","47.0083","-88.4318","198.1","2015-12","99.6","-11.7","11.1","1631.4","-1.0","1.5","-3.6"
"US1MIJC0010","HANOVER 4.1 E, MI US","42.092634","-84.472924","317.9","2015-07",,,,,,,
"US1MIJC0010","HANOVER 4.1 E, MI US","42.092634","-84.472924","317.9","2015-09",,,,,,,
"US1MIJC0010","HANOVER 4.1 E, MI US","42.092634","-84.472924","317.9","2015-10",,,,,,,
"US1MIJC0010","HANOVER 4.1 E, MI US","42.092634","-84.472924","317.9","2015-11",,,,,,,
"USC00204280","KEARSARGE, MI US","47.2752","-88.417","341.4","2015-07",,,,,,,
"USC00204280","KEARSARGE, MI US","47.2752","-88.417","341.4","2015-08",,,,,,,
"USC00204280","KEARSARGE, MI US","47.2752","-88.417","341.4","2015-09",,,,,,,
"USC00204280","KEARSARGE, MI US","47.2752","-88.417","341.4","2015-10",,,,,,,
"USC00204280","KEARSARGE, MI US","47.2752","-88.417","341.4","2015-11",,,,,,,
"USC00204280","KEARSARGE, MI US","47.2752","-88.417","341.4","2015-12",,,,,,,
"USC00206583","PICKFORD 3 NE, MI US","46.1863","-84.3238","191.7","2015-07","67.0","1.7","35.0","33.2","19.3","27.4","11.1"
"USC00206583","PICKFORD 3 NE, MI US","46.1863","-84.3238","191.7","2015-08","113.7","5.0","31.7","77.0","18.4","24.8","12.1"
"USC00206583","PICKFORD 3 NE, MI US","46.1863","-84.3238","191.7","2015-09","161.0","-1.7","30.6","155.2","17.3","24.2","10.4"
"USC00206583","PICKFORD 3 NE, MI US","46.1863","-84.3238","191.7","2015-10","161.0","-6.7","20.6","486.8","7.6","13.2","2.1"
"USC00206583","PICKFORD 3 NE, MI US","46.1863","-84.3238","191.7","2015-11","161.0","-10.6","21.1","898.0","4.6","9.7","-0.5"
"US1MIJC0013","HANOVER 3.8 W, MI US","42.107","-84.626","328.0","2015-07",,,,,,,
"US1MIJC0013","HANOVER 3.8 W, MI US","42.107","-84.626","328.0","2015-08",,,,,,,
"US1MIJC0013","HANOVER 3.8 W, MI US","42.107","-84.626","328.0","2015-10",,,,,,,
"US1MIJC0014","RIVES JUNCTION 4.0 NW, MI US","42.41127","-84.5276","286.2","2015-07",,,,,,,
"US1MIJC0014","RIVES JUNCTION 4.0 NW, MI US","42.41127","-84.5276","286.2","2015-08",,,,,,,
"US1MIJC0014","RIVES JUNCTION 4.0 NW, MI US","42.41127","-84.5276","286.2","2015-09",,,,,,,
"US1MIJC0014","RIVES JUNCTION 4.0 NW, MI US","42.41127","-84.5276","286.2","2015-10",,,,,,,
"US1MIJC0014","RIVES JUNCTION 4.0 NW, MI US","42.41127","-84.5276","286.2","2015-11",,,,,,,
"US1MIJC0014","RIVES JUNCTION 4.0 NW, MI US","42.41127","-84.5276","286.2","2015-12",,,,,,,
"US1MIJC0011","JACKSON 3.2 W, MI US","42.240611","-84.466918","304.2","2015-07",,,,,,,
"US1MIJC0011","JACKSON 3.2 W, MI US","42.240611","-84.466918","304.2","2015-08",,,,,,,
"US1MIJC0011","JACKSON 3.2 W, MI US","42.240611","-84.466918","304.2","2015-10",,,,,,,
"US1MICB0007","MACKINAW CITY 1.1 ENE, MI US","45.784734","-84.728905","181.7","2015-07",,,,,,,
"US1MICB0007","MACKINAW CITY 1.1 ENE, MI US","45.784734","-84.728905","181.7","2015-08",,,,,,,
"US1MICB0007","MACKINAW CITY 1.1 ENE, MI US","45.784734","-84.728905","181.7","2015-09",,,,,,,
"US1MICX0004","CHARLEVOIX 4.3 SSE, MI US","45.2572","-85.2165","235.3","2015-07",,,,,,,
"US1MICX0004","CHARLEVOIX 4.3 SSE, MI US","45.2572","-85.2165","235.3","2015-08",,,,,,,
"US1MICX0004","CHARLEVOIX 4.3 SSE, MI US","45.2572","-85.2165","235.3","2015-09",,,,,,,
"US1MICX0004","CHARLEVOIX 4.3 SSE, MI US","45.2572","-85.2165","235.3","2015-10",,,,,,,
"US1MICX0004","CHARLEVOIX 4.3 SSE, MI US","45.2572","-85.2165","235.3","2015-11",,,,,,,
"US1MICX0004","CHARLEVOIX 4.3 SSE, MI US","45.2572","-85.2165","235.3","2015-12",,,,,,,
"US1MICX0005","CHARLEVOIX 0.7 NE, MI US","45.3200818","-85.2437232","189.6","2015-07",,,,,,,
"US1MICX0005","CHARLEVOIX 0.7 NE, MI US","45.3200818","-85.2437232","189.6","2015-08",,,,,,,
"US1MICX0005","CHARLEVOIX 0.7 NE, MI US","45.3200818","-85.2437232","189.6","2015-09",,,,,,,
"US1MICX0005","CHARLEVOIX 0.7 NE, MI US","45.3200818","-85.2437232","189.6","2015-10",,,,,,,
"US1MICX0005","CHARLEVOIX 0.7 NE, MI US","45.3200818","-85.2437232","189.6","2015-11",,,,,,,
"US1MICX0005","CHARLEVOIX 0.7 NE, MI US","45.3200818","-85.2437232","189.6","2015-12",,,,,,,
"US1MICX0006","EAST JORDAN 1.6 SSE, MI US","45.1346","-85.123","181.1","2015-07",,,,,,,
"US1MICX0006","EAST JORDAN 1.6 SSE, MI US","45.1346","-85.123","181.1","2015-08",,,,,,,
"US1MICX0006","EAST JORDAN 1.6 SSE, MI US","45.1346","-85.123","181.1","2015-09",,,,,,,
"US1MICX0007","EAST JORDAN 2.1 NNW, MI US","45.186389","-85.1475","198.7","2015-07",,,,,,,
"US1MICX0007","EAST JORDAN 2.1 NNW, MI US","45.186389","-85.1475","198.7","2015-08",,,,,,,
"US1MICX0007","EAST JORDAN 2.1 NNW, MI US","45.186389","-85.1475","198.7","2015-09",,,,,,,
"US1MICX0007","EAST JORDAN 2.1 NNW, MI US","45.186389","-85.1475","198.7","2015-10",,,,,,,
"US1MICX0007","EAST JORDAN 2.1 NNW, MI US","45.186389","-85.1475","198.7","2015-11",,,,,,,
"US1MICX0007","EAST JORDAN 2.1 NNW, MI US","45.186389","-85.1475","198.7","2015-12",,,,,,,
"USC00205488","MILLINGTON 3 SE, MI US","43.2836","-83.4791","249.9","2015-07",,,,,,,
"USC00205488","MILLINGTON 3 SE, MI US","43.2836","-83.4791","249.9","2015-08",,,,,,,
"USC00205488","MILLINGTON 3 SE, MI US","43.2836","-83.4791","249.9","2015-09",,,,,,,
"USC00205488","MILLINGTON 3 SE, MI US","43.2836","-83.4791","249.9","2015-10",,,,,,,
"USC00205488","MILLINGTON 3 SE, MI US","43.2836","-83.4791","249.9","2015-11",,,,,,,
"USC00205488","MILLINGTON 3 SE, MI US","43.2836","-83.4791","249.9","2015-12",,,,,,,
"US1MICX0002","BEAVER ISLAND 5.9 NNW, MI US","45.74985016","-85.51033475","181.1","2015-07",,,,,,,
"US1MICX0002","BEAVER ISLAND 5.9 NNW, MI US","45.74985016","-85.51033475","181.1","2015-08",,,,,,,
"US1MICX0002","BEAVER ISLAND 5.9 NNW, MI US","45.74985016","-85.51033475","181.1","2015-09",,,,,,,
"USC00207308","SALINE WWTP, MI US","42.1611","-83.7819","228.6","2015-07","145.4","8.9","32.8","8.4","20.4","27.8","13.0"
"USC00207308","SALINE WWTP, MI US","42.1611","-83.7819","228.6","2015-08","204.9","7.8","32.2","22.2","20.1","27.1","13.0"
"USC00207308","SALINE WWTP, MI US","42.1611","-83.7819","228.6","2015-11",,,"25.0",,,"12.8",
"USC00203188","GLENNIE 2 SE, MI US","44.5358","-83.7022","272.5","2015-07","47.0","5.0","31.7","44.3","18.2","25.7","10.7"
"USC00203188","GLENNIE 2 SE, MI US","44.5358","-83.7022","272.5","2015-08","76.8","7.2","30.6","90.4","17.8","23.8","11.8"
"USC00203188","GLENNIE 2 SE, MI US","44.5358","-83.7022","272.5","2015-09","106.6","3.9","30.6","168.8","16.7","22.9","10.5"
"USC00203188","GLENNIE 2 SE, MI US","44.5358","-83.7022","272.5","2015-10","106.6","-4.4","23.9","496.2","7.8","13.4","2.1"
"USC00203188","GLENNIE 2 SE, MI US","44.5358","-83.7022","272.5","2015-11","106.6","-11.7","22.2","930.4","3.9","9.6","-1.9"
"USC00203188","GLENNIE 2 SE, MI US","44.5358","-83.7022","272.5","2015-12","106.6","-7.8","14.4","1450.3","1.6","5.4","-2.3"
"USR0000MDOE","DOE LAKE MICHIGAN, MI US","46.2536","-86.7142","248.4","2015-07","38.6","0.0","35.0","62.6","17.6","26.3","8.8"
"USR0000MDOE","DOE LAKE MICHIGAN, MI US","46.2536","-86.7142","248.4","2015-08","68.1","1.1","32.8","135.0","16.9","23.9","10.0"
"USR0000MDOE","DOE LAKE MICHIGAN, MI US","46.2536","-86.7142","248.4","2015-09","95.8","-3.3","29.4","242.4","15.7","23.0","8.4"
"USR0000MDOE","DOE LAKE MICHIGAN, MI US","46.2536","-86.7142","248.4","2015-11",,"-16.7","20.0",,"2.9","8.5","-2.7"
"USR0000MDOE","DOE LAKE MICHIGAN, MI US","46.2536","-86.7142","248.4","2015-12",,"-13.3","10.6",,"-0.4","3.1","-3.9"
"US1MIGR0001","BRECKENRIDGE 0.2 ESE, MI US","43.40691757","-84.4745636","223.1","2015-07",,,,,,,
"US1MIGR0001","BRECKENRIDGE 0.2 ESE, MI US","43.40691757","-84.4745636","223.1","2015-08",,,,,,,
"US1MIGR0001","BRECKENRIDGE 0.2 ESE, MI US","43.40691757","-84.4745636","223.1","2015-09",,,,,,,
"US1MIGR0001","BRECKENRIDGE 0.2 ESE, MI US","43.40691757","-84.4745636","223.1","2015-10",,,,,,,
"US1MIGR0001","BRECKENRIDGE 0.2 ESE, MI US","43.40691757","-84.4745636","223.1","2015-11",,,,,,,
"US1MIGR0001","BRECKENRIDGE 0.2 ESE, MI US","43.40691757","-84.4745636","223.1","2015-12",,,,,,,
"USC00205382","MENOMINEE NUMBER 2, MI US","45.111","-87.6117","180.1","2015-08",,,,,,,
"USC00205382","MENOMINEE NUMBER 2, MI US","45.111","-87.6117","180.1","2015-11",,,,,,,
"USC00208772","WELLSTON TIPPY DAM, MI US","44.2586","-85.9394","198.1","2015-07",,,,,,,
"USC00208772","WELLSTON TIPPY DAM, MI US","44.2586","-85.9394","198.1","2015-08",,,,,,,
"USC00208772","WELLSTON TIPPY DAM, MI US","44.2586","-85.9394","198.1","2015-09",,,,,,,
"USC00208772","WELLSTON TIPPY DAM, MI US","44.2586","-85.9394","198.1","2015-10",,,,,,,
"USC00208772","WELLSTON TIPPY DAM, MI US","44.2586","-85.9394","198.1","2015-11",,,,,,,
"USC00208772","WELLSTON TIPPY DAM, MI US","44.2586","-85.9394","198.1","2015-12",,,,,,,
"USC00207684","SOUTH BOARDMAN 2 W, MI US","44.6391","-85.325","318.8","2015-07",,,,,,,
"USC00207684","SOUTH BOARDMAN 2 W, MI US","44.6391","-85.325","318.8","2015-08",,"7.2","32.2",,"19.0","24.8","13.3"
"USC00207684","SOUTH BOARDMAN 2 W, MI US","44.6391","-85.325","318.8","2015-09",,"0.0","31.7",,"18.3","24.1","12.6"
"USC00207684","SOUTH BOARDMAN 2 W, MI US","44.6391","-85.325","318.8","2015-10",,"-2.2","24.4",,"8.5","13.5","3.4"
"USC00207684","SOUTH BOARDMAN 2 W, MI US","44.6391","-85.325","318.8","2015-11",,"-10.6","23.9",,"5.0","9.8","0.3"
"USC00207684","SOUTH BOARDMAN 2 W, MI US","44.6391","-85.325","318.8","2015-12",,"-8.9","13.9",,"2.1","5.3","-1.1"
"USC00208774","WELLSTON 1 N, MI US","44.2294","-85.9572","235.6","2015-07","116.5","3.3","35.0","28.9","19.8","27.6","12.1"
"USC00208774","WELLSTON 1 N, MI US","44.2294","-85.9572","235.6","2015-08","180.2","7.8","33.3","53.9","19.6","25.7","13.5"
"USC00208774","WELLSTON 1 N, MI US","44.2294","-85.9572","235.6","2015-09","229.0","1.1","31.1","108.9","18.1","24.6","11.7"
"USC00208774","WELLSTON 1 N, MI US","44.2294","-85.9572","235.6","2015-10","229.0","-5.6","22.8","380.6","9.6","15.1","4.1"
"USC00208774","WELLSTON 1 N, MI US","44.2294","-85.9572","235.6","2015-11","229.0","-11.7","22.8","778.9","5.1","10.8","-0.6"
"USC00208774","WELLSTON 1 N, MI US","44.2294","-85.9572","235.6","2015-12","229.0","-10.0","13.9","1275.3","2.3","5.8","-1.1"
"US1MIGR0003","ALMA 0.3 NW, MI US","43.3818367","-84.6586301","224.9","2015-07",,,,,,,
"US1MIGR0003","ALMA 0.3 NW, MI US","43.3818367","-84.6586301","224.9","2015-09",,,,,,,
"US1MIGR0003","ALMA 0.3 NW, MI US","43.3818367","-84.6586301","224.9","2015-10",,,,,,,
"US1MIGR0003","ALMA 0.3 NW, MI US","43.3818367","-84.6586301","224.9","2015-11",,,,,,,
"US1MIGR0003","ALMA 0.3 NW, MI US","43.3818367","-84.6586301","224.9","2015-12",,,,,,,
"USC00200925","BOYNE FALLS, MI US","45.1672","-84.9138","221.9","2015-07","162.5","4.4","35.0","16.7","21.3","28.9","13.7"
"USC00200925","BOYNE FALLS, MI US","45.1672","-84.9138","221.9","2015-08","255.5","9.4","33.3","35.9","20.7","26.4","15.1"
"USC00200925","BOYNE FALLS, MI US","45.1672","-84.9138","221.9","2015-09","336.1","0.6","32.2","78.4","19.6","25.9","13.3"
"USC00200925","BOYNE FALLS, MI US","45.1672","-84.9138","221.9","2015-10","338.3","-2.8","25.0","350.4","9.6","14.6","4.7"
"USC00200925","BOYNE FALLS, MI US","45.1672","-84.9138","221.9","2015-11","338.3","-8.9","23.9","737.6","5.4","10.5","0.4"
"USC00200925","BOYNE FALLS, MI US","45.1672","-84.9138","221.9","2015-12","338.3","-8.9","13.3","1238.8","2.2","5.1","-0.7"
"USC00203078","GARDEN CORNERS, MI US","45.8983","-86.5485","178.9","2015-07","59.1","3.3","31.1","44.7","18.6","25.8","11.5"
"USC00203078","GARDEN CORNERS, MI US","45.8983","-86.5485","178.9","2015-08","90.6","3.9","28.9","95.6","17.7","23.4","12.0"
"USC00203078","GARDEN CORNERS, MI US","45.8983","-86.5485","178.9","2015-09","125.3","0.0","27.8","164.4","17.2","22.7","11.7"
"USC00203078","GARDEN CORNERS, MI US","45.8983","-86.5485","178.9","2015-10","125.3","-3.3","20.0","495.5","7.6","13.0","2.3"
"USC00203078","GARDEN CORNERS, MI US","45.8983","-86.5485","178.9","2015-11","125.3","-9.4","16.1","934.0","3.7","8.1","-0.6"
"USC00203078","GARDEN CORNERS, MI US","45.8983","-86.5485","178.9","2015-12","125.3","-8.9","10.6","1478.6","0.8","3.7","-2.1"
"USC00207312","SALINE 4 SW, MI US","42.1236","-83.8199","256.0","2015-07",,"10.0","32.8","3.6","21.2","27.8","14.6"
"USC00207312","SALINE 4 SW, MI US","42.1236","-83.8199","256.0","2015-08",,"8.9","31.1","16.1","20.4","26.6","14.1"
"USC00207312","SALINE 4 SW, MI US","42.1236","-83.8199","256.0","2015-09",,"5.0","32.2","52.5","19.3","26.2","12.4"
"USC00207312","SALINE 4 SW, MI US","42.1236","-83.8199","256.0","2015-10",,"-2.8","24.4","267.6","11.2","17.6","4.9"
"USC00207312","SALINE 4 SW, MI US","42.1236","-83.8199","256.0","2015-11",,"-9.4","25.0","579.8","6.8","12.6","1.0"
"USC00207312","SALINE 4 SW, MI US","42.1236","-83.8199","256.0","2015-12",,"-8.3","17.2","971.6","3.8","8.0","-0.3"
"USC00205390","MERRILL 1 N, MI US","43.4155","-83.2894","203.6","2015-07",,"7.2","32.2","15.2","20.6","27.2","14.0"
"USC00205390","MERRILL 1 N, MI US","43.4155","-83.2894","203.6","2015-08",,"8.9","31.1","28.5","19.8","25.9","13.7"
"USC00205390","MERRILL 1 N, MI US","43.4155","-83.2894","203.6","2015-09",,"5.0","31.1","68.4","18.8","25.3","12.4"
"USC00207690","SOUTH HAVEN, MI US","42.4014","-86.2826","179.8","2015-07",,,,,,,
"USC00207690","SOUTH HAVEN, MI US","42.4014","-86.2826","179.8","2015-08",,,,,,,
"USC00203096","GAYLORD, MI US","45.0332","-84.7113","401.7","2015-07","54.0","4.4","31.7","46.8","18.2","24.9","11.5"
"USC00203096","GAYLORD, MI US","45.0332","-84.7113","401.7","2015-08","89.3","7.8","30.6","98.6","17.8","23.1","12.5"
"USC00203096","GAYLORD, MI US","45.0332","-84.7113","401.7","2015-09","121.5","2.2","29.4","185.3","16.5","22.1","10.9"
"USC00203096","GAYLORD, MI US","45.0332","-84.7113","401.7","2015-10","121.5","-3.9","23.3","539.7","6.9","11.7","2.1"
"USC00203096","GAYLORD, MI US","45.0332","-84.7113","401.7","2015-11","121.5","-11.7","22.8","994.3","3.2","8.2","-1.8"
"USC00203096","GAYLORD, MI US","45.0332","-84.7113","401.7","2015-12","121.5","-9.4","12.2","1552.0","0.3","3.3","-2.6"
"US1MIOG0005","SKIDWAY LAKE 1.7 SW, MI US","44.175849","-84.067383","239.0","2015-12",,,,,,,
"US1MITS0005","FAIRGROVE 3.1 NW, MI US","43.55711","-83.58228","184.1","2015-08",,,,,,,
"US1MITS0005","FAIRGROVE 3.1 NW, MI US","43.55711","-83.58228","184.1","2015-09",,,,,,,
"US1MIMS0001","SCOTTVILLE 6.6 NNW, MI US","44.035312","-86.340031","209.7","2015-09",,,,,,,
"US1MIMS0001","SCOTTVILLE 6.6 NNW, MI US","44.035312","-86.340031","209.7","2015-11",,,,,,,
"US1MIMS0001","SCOTTVILLE 6.6 NNW, MI US","44.035312","-86.340031","209.7","2015-12",,,,,,,
"US1MIEM0008","PETOSKEY 1.7 SSW, MI US","45.3420906066895","-84.9653244018555","268.8","2015-07",,,,,,,
"US1MIEM0008","PETOSKEY 1.7 SSW, MI US","45.3420906066895","-84.9653244018555","268.8","2015-08",,,,,,,
"US1MIEM0008","PETOSKEY 1.7 SSW, MI US","45.3420906066895","-84.9653244018555","268.8","2015-09",,,,,,,
"US1MIEM0008","PETOSKEY 1.7 SSW, MI US","45.3420906066895","-84.9653244018555","268.8","2015-10",,,,,,,
"US1MIEM0008","PETOSKEY 1.7 SSW, MI US","45.3420906066895","-84.9653244018555","268.8","2015-11",,,,,,,
"US1MIEM0008","PETOSKEY 1.7 SSW, MI US","45.3420906066895","-84.9653244018555","268.8","2015-12",,,,,,,
"US1MIEM0007","PETOSKEY 3.9 SW, MI US","45.320498","-85.002589","246.9","2015-08",,,,,,,
"US1MIEM0005","HARBOR SPRINGS 0.7 ENE, MI US","45.4345","-84.9754","208.5","2015-07",,,,,,,
"US1MIEM0005","HARBOR SPRINGS 0.7 ENE, MI US","45.4345","-84.9754","208.5","2015-08",,,,,,,
"US1MIEM0005","HARBOR SPRINGS 0.7 ENE, MI US","45.4345","-84.9754","208.5","2015-09",,,,,,,
"US1MIEM0005","HARBOR SPRINGS 0.7 ENE, MI US","45.4345","-84.9754","208.5","2015-10",,,,,,,
"US1MIEM0005","HARBOR SPRINGS 0.7 ENE, MI US","45.4345","-84.9754","208.5","2015-11",,,,,,,
"US1MIEM0005","HARBOR SPRINGS 0.7 ENE, MI US","45.4345","-84.9754","208.5","2015-12",,,,,,,
"USC00208779","WEST BLOOMFIELD, MI US","42.5413","-83.343","271.3","2015-07",,,,,,,
"USC00208779","WEST BLOOMFIELD, MI US","42.5413","-83.343","271.3","2015-08",,,,,,,
"USC00208779","WEST BLOOMFIELD, MI US","42.5413","-83.343","271.3","2015-09",,,,,,,
"USC00208779","WEST BLOOMFIELD, MI US","42.5413","-83.343","271.3","2015-10",,,,,,,
"USC00208779","WEST BLOOMFIELD, MI US","42.5413","-83.343","271.3","2015-11",,,,,,,
"USC00208779","WEST BLOOMFIELD, MI US","42.5413","-83.343","271.3","2015-12",,,,,,,
"USC00208417","VANDERBILT 11 ENE, MI US","45.1702","-84.4397","275.8","2015-07",,"3.3","33.9","33.7","18.9","27.1","10.8"
"USC00208417","VANDERBILT 11 ENE, MI US","45.1702","-84.4397","275.8","2015-08",,"5.0","32.8","81.9","18.0","25.0","11.0"
"USC00208417","VANDERBILT 11 ENE, MI US","45.1702","-84.4397","275.8","2015-09",,"-1.1","31.1","175.1","16.3","23.6","8.9"
"USC00208417","VANDERBILT 11 ENE, MI US","45.1702","-84.4397","275.8","2015-10",,"-5.6","23.9","532.5","6.8","13.1","0.6"
"USC00208417","VANDERBILT 11 ENE, MI US","45.1702","-84.4397","275.8","2015-11",,,,,,,
"USC00208417","VANDERBILT 11 ENE, MI US","45.1702","-84.4397","275.8","2015-12",,"-9.4","13.3",,"0.7","3.9","-2.6"
"USC00207222","SAGINAW NUMBER 3, MI US","43.4122","-83.9561","182.9","2015-07","183.3","9.4","33.3","9.5","21.5","27.4","15.5"
"USC00207222","SAGINAW NUMBER 3, MI US","43.4122","-83.9561","182.9","2015-08","274.7","11.1","31.7","18.1","21.0","26.6","15.4"
"USC00207222","SAGINAW NUMBER 3, MI US","43.4122","-83.9561","182.9","2015-09","342.2","6.7","32.2","49.8","19.6","25.7","13.5"
"USC00207222","SAGINAW NUMBER 3, MI US","43.4122","-83.9561","182.9","2015-10","342.2","0.0","24.4","268.8","10.8","15.9","5.7"
"USC00207222","SAGINAW NUMBER 3, MI US","43.4122","-83.9561","182.9","2015-11","342.2","-7.2","23.9","588.9","7.3","12.3","2.3"
"USC00207222","SAGINAW NUMBER 3, MI US","43.4122","-83.9561","182.9","2015-12","342.2","-5.6","16.1","1043.4","3.2","6.5","-0.1"
"US1MISW0005","DURAND 6.2 WNW, MI US","42.9299547","-84.1046428","249.9","2015-07",,,,,,,
"US1MISW0005","DURAND 6.2 WNW, MI US","42.9299547","-84.1046428","249.9","2015-08",,,,,,,
"US1MISW0005","DURAND 6.2 WNW, MI US","42.9299547","-84.1046428","249.9","2015-09",,,,,,,
"US1MISW0005","DURAND 6.2 WNW, MI US","42.9299547","-84.1046428","249.9","2015-10",,,,,,,
"US1MISW0005","DURAND 6.2 WNW, MI US","42.9299547","-84.1046428","249.9","2015-11",,,,,,,
"US1MISW0005","DURAND 6.2 WNW, MI US","42.9299547","-84.1046428","249.9","2015-12",,,,,,,
"USC00206013","NWSFO GRAND RAPIDS, MI US","42.89336","-85.54472","236.2","2015-07",,,,,,,
"USC00206013","NWSFO GRAND RAPIDS, MI US","42.89336","-85.54472","236.2","2015-08",,,,,,,
"USC00206013","NWSFO GRAND RAPIDS, MI US","42.89336","-85.54472","236.2","2015-09",,,,,,,
"USC00206013","NWSFO GRAND RAPIDS, MI US","42.89336","-85.54472","236.2","2015-10",,,,,,,
"USC00206013","NWSFO GRAND RAPIDS, MI US","42.89336","-85.54472","236.2","2015-11",,,,,,,
"USC00206013","NWSFO GRAND RAPIDS, MI US","42.89336","-85.54472","236.2","2015-12",,,,,,,
"USC00206012","NW MICHIGAN RESEARCH FARM, MI US","44.883","-85.6752","249.9","2015-07","139.0","8.9","33.9","15.6","21.1","26.5","15.7"
"USC00206012","NW MICHIGAN RESEARCH FARM, MI US","44.883","-85.6752","249.9","2015-08","217.5","11.1","31.1","33.5","20.3","24.6","16.0"
"USC00206012","NW MICHIGAN RESEARCH FARM, MI US","44.883","-85.6752","249.9","2015-09","289.3","7.8","32.2","66.2","19.6","24.2","15.0"
"USC00206012","NW MICHIGAN RESEARCH FARM, MI US","44.883","-85.6752","249.9","2015-10","289.8","1.7","24.4","314.4","10.3","14.1","6.6"
"USC00206012","NW MICHIGAN RESEARCH FARM, MI US","44.883","-85.6752","249.9","2015-11","289.8","-3.3","23.3","666.5","6.6","10.1","3.0"
"USC00206012","NW MICHIGAN RESEARCH FARM, MI US","44.883","-85.6752","249.9","2015-12","289.8","-6.7","15.0","1141.4","3.0","5.6","0.4"
"US1MIJC0005","JACKSON 2.8 WSW, MI US","42.228812","-84.456537","302.4","2015-07",,,,,,,
"US1MICP0011","SAULT STE. MARIE 7.8 SE, MI US","46.3928490132093","-84.2700029164553","183.2","2015-07",,,,,,,
"US1MICP0011","SAULT STE. MARIE 7.8 SE, MI US","46.3928490132093","-84.2700029164553","183.2","2015-08",,,,,,,
"US1MICP0011","SAULT STE. MARIE 7.8 SE, MI US","46.3928490132093","-84.2700029164553","183.2","2015-09",,,,,,,
"USW00054810","CHATHAM 1 SE, MI US","46.3345","-86.92","266.7","2015-07","39.5","3.1","32.2","56.7","17.8","24.9","10.6"
"USW00054810","CHATHAM 1 SE, MI US","46.3345","-86.92","266.7","2015-08","68.5","2.5","33.5","117.8","17.3","23.2","11.4"
"USW00054810","CHATHAM 1 SE, MI US","46.3345","-86.92","266.7","2015-09","93.7","-1.8","29.5","216.0","15.9","21.9","9.9"
"USW00054810","CHATHAM 1 SE, MI US","46.3345","-86.92","266.7","2015-10","93.7","-5.4","22.9","577.3","6.7","12.0","1.4"
"USW00054810","CHATHAM 1 SE, MI US","46.3345","-86.92","266.7","2015-11","93.7","-12.8","19.8","1033.4","3.1","8.1","-1.9"
"USW00054810","CHATHAM 1 SE, MI US","46.3345","-86.92","266.7","2015-12","93.7","-11.0","10.1","1613.0","-0.4","2.8","-3.5"
"USW00054813","MUNSING LAKESHORE, MI US","46.412036","-86.650452","186.5","2015-07","79.1","5.6","31.1","39.7","19.4","24.8","14.0"
"USW00054813","MUNSING LAKESHORE, MI US","46.412036","-86.650452","186.5","2015-08","140.8","6.1","35.0","68.6","19.4","24.2","14.6"
"USW00054813","MUNSING LAKESHORE, MI US","46.412036","-86.650452","186.5","2015-09","199.8","3.3","31.7","106.6","19.0","24.0","14.1"
"USW00054813","MUNSING LAKESHORE, MI US","46.412036","-86.650452","186.5","2015-10","200.6","-1.0","26.1","372.8","9.8","14.3","5.2"
"USW00054813","MUNSING LAKESHORE, MI US","46.412036","-86.650452","186.5","2015-11","200.6","-11.6","23.3","743.8","6.0","10.3","1.6"
"USW00054813","MUNSING LAKESHORE, MI US","46.412036","-86.650452","186.5","2015-12","200.6","-8.8","11.7","1277.8","1.1","4.0","-1.7"
"US1MISN0001","BROWN CITY 0.7 ESE, MI US","43.206959","-82.976599","245.1","2015-07",,,,,,,
"USC00203099","GAYLORD 9 SSW, MI US","44.90715","-84.71891","447.4","2015-07","74.4","6.7","32.2","26.9","19.3","25.4","13.1"
"USC00203099","GAYLORD 9 SSW, MI US","44.90715","-84.71891","447.4","2015-08","121.0","8.9","31.1","63.6","18.6","23.8","13.5"
"USC00203099","GAYLORD 9 SSW, MI US","44.90715","-84.71891","447.4","2015-09","158.8","2.8","30.6","135.8","17.2","22.3","12.0"
"USC00203099","GAYLORD 9 SSW, MI US","44.90715","-84.71891","447.4","2015-10","158.8","-1.7","23.9","464.4","7.7","12.0","3.5"
"USC00203099","GAYLORD 9 SSW, MI US","44.90715","-84.71891","447.4","2015-11","158.8","-10.6","23.3","875.6","4.6","9.0","0.2"
"USC00203099","GAYLORD 9 SSW, MI US","44.90715","-84.71891","447.4","2015-12","158.8","-8.9","12.8","1412.8","1.0","3.8","-1.8"
"USC00206007","NORTHPORT 2 W, MI US","45.1322","-85.6472","227.4","2015-07","70.1","6.7","31.1","34.2","19.2","23.8","14.6"
"USC00206007","NORTHPORT 2 W, MI US","45.1322","-85.6472","227.4","2015-08","124.8","11.7","31.7","54.4","19.4","23.3","15.6"
"USC00206007","NORTHPORT 2 W, MI US","45.1322","-85.6472","227.4","2015-09","175.3","8.3","30.6","95.9","18.6","22.7","14.6"
"USC00206007","NORTHPORT 2 W, MI US","45.1322","-85.6472","227.4","2015-10","175.3","0.6","20.6","362.7","9.7","13.3","6.2"
"USC00206007","NORTHPORT 2 W, MI US","45.1322","-85.6472","227.4","2015-11","175.3","-3.9","21.7","738.1","5.8","9.7","2.0"
"USC00206007","NORTHPORT 2 W, MI US","45.1322","-85.6472","227.4","2015-12","175.3","-7.2","15.0","1230.7","2.4","5.2","-0.3"
"USC00201250","CARLETON 2 W, MI US","42.0636","-83.4358","191.1","2015-07","208.1","10.6","32.2","4.4","21.6","27.0","16.1"
"USC00201250","CARLETON 2 W, MI US","42.0636","-83.4358","191.1","2015-08","300.9","8.9","31.7","11.9","21.1","26.3","15.9"
"USC00201250","CARLETON 2 W, MI US","42.0636","-83.4358","191.1","2015-09","368.6","4.4","31.7","42.3","19.6","25.6","13.6"
"USC00201250","CARLETON 2 W, MI US","42.0636","-83.4358","191.1","2015-10","368.6","-2.2","25.0","238.4","12.0","17.4","6.6"
"USC00201250","CARLETON 2 W, MI US","42.0636","-83.4358","191.1","2015-11","368.6","-8.3","23.9","578.0","7.0","12.5","1.5"
"USC00201250","CARLETON 2 W, MI US","42.0636","-83.4358","191.1","2015-12","368.6","-5.6","17.2","985.7","5.2","8.7","1.6"
"USC00201492","CHEBOYGAN, MI US","45.65225","-84.47239","177.4","2015-07","71.9","7.2","32.2","26.6","19.6","25.6","13.6"
"USC00201492","CHEBOYGAN, MI US","45.65225","-84.47239","177.4","2015-08","120.2","9.4","31.7","57.3","18.9","24.2","13.6"
"USC00201492","CHEBOYGAN, MI US","45.65225","-84.47239","177.4","2015-09","162.7","4.4","31.7","112.2","17.9","23.3","12.6"
"USC00201492","CHEBOYGAN, MI US","45.65225","-84.47239","177.4","2015-10","162.7","-1.7","22.8","400.9","9.0","13.4","4.6"
"USC00201492","CHEBOYGAN, MI US","45.65225","-84.47239","177.4","2015-11","162.7","-5.6","22.8","797.2","5.1","9.7","0.6"
"USC00201492","CHEBOYGAN, MI US","45.65225","-84.47239","177.4","2015-12","162.7","-7.2","14.4","1296.0","2.2","5.4","-0.9"
"US1MIIH0025","LESLIE 2.7 NE, MI US","42.480516","-84.39856","294.7","2015-07",,,,,,,
"US1MIIH0025","LESLIE 2.7 NE, MI US","42.480516","-84.39856","294.7","2015-08",,,,,,,
"US1MIIH0026","MASON 0.8 NW, MI US","42.59076667","-84.45436667","273.7","2015-07",,,,,,,
"US1MIOC0002","MONTAGUE 8.1 NW, MI US","43.5","-86.47","224.6","2015-11",,,,,,,
"USW00014853","DETROIT WILLOW RUN AIRPORT, MI US","42.23666","-83.52638","215.7","2015-07","326.4","11.1","36.1","1.1","23.1","29.6","16.6"
"USW00014853","DETROIT WILLOW RUN AIRPORT, MI US","42.23666","-83.52638","215.7","2015-08","458.2","9.4","35.6","3.6","22.5","28.5","16.5"
"USW00014853","DETROIT WILLOW RUN AIRPORT, MI US","42.23666","-83.52638","215.7","2015-09","562.1","7.8","35.0","18.1","21.3","28.3","14.3"
"USW00014853","DETROIT WILLOW RUN AIRPORT, MI US","42.23666","-83.52638","215.7","2015-10","567.9","-1.0","27.2","177.3","13.4","19.4","7.4"
"USW00014853","DETROIT WILLOW RUN AIRPORT, MI US","42.23666","-83.52638","215.7","2015-11","567.9","-8.2","26.1","471.7","8.5","14.4","2.7"
"USW00014853","DETROIT WILLOW RUN AIRPORT, MI US","42.23666","-83.52638","215.7","2015-12","567.9","-5.5","19.4","852.4","6.1","10.0","2.1"
"US1MICL0005","HARRISON 5.2 ESE, MI US","43.9886536449194","-84.7022844851017","296.9","2015-07",,,,,,,
"US1MICL0005","HARRISON 5.2 ESE, MI US","43.9886536449194","-84.7022844851017","296.9","2015-08",,,,,,,
"US1MICL0005","HARRISON 5.2 ESE, MI US","43.9886536449194","-84.7022844851017","296.9","2015-09",,,,,,,
"US1MICL0005","HARRISON 5.2 ESE, MI US","43.9886536449194","-84.7022844851017","296.9","2015-10",,,,,,,
"US1MICL0005","HARRISON 5.2 ESE, MI US","43.9886536449194","-84.7022844851017","296.9","2015-12",,,,,,,
"USW00014850","TRAVERSE CITY CHERRY CAPITAL AIRPORT, MI US","44.73895","-85.5679","185.2","2015-07","135.4","6.7","33.9","16.4","21.2","27.6","14.9"
"USW00014850","TRAVERSE CITY CHERRY CAPITAL AIRPORT, MI US","44.73895","-85.5679","185.2","2015-08","228.8","10.6","32.8","27.3","21.0","26.1","15.9"
"USW00014850","TRAVERSE CITY CHERRY CAPITAL AIRPORT, MI US","44.73895","-85.5679","185.2","2015-09","301.3","5.0","32.2","65.6","19.5","24.6","14.4"
"USW00014850","TRAVERSE CITY CHERRY CAPITAL AIRPORT, MI US","44.73895","-85.5679","185.2","2015-10","301.8","0.0","24.4","316.2","10.3","14.9","5.7"
"USW00014850","TRAVERSE CITY CHERRY CAPITAL AIRPORT, MI US","44.73895","-85.5679","185.2","2015-11","302.7","-6.6","24.4","666.1","6.7","11.4","2.0"
"USW00014850","TRAVERSE CITY CHERRY CAPITAL AIRPORT, MI US","44.73895","-85.5679","185.2","2015-12","302.7","-6.0","15.6","1125.8","3.5","6.6","0.4"
"USW00094889","ANN ARBOR MUNICIPAL AIRPORT, MI US","42.22393","-83.73983","250.6","2015-07","151.5","7.2","32.8","11.4","20.5","27.6","13.3"
"USW00094889","ANN ARBOR MUNICIPAL AIRPORT, MI US","42.22393","-83.73983","250.6","2015-08","211.6","5.6","32.2","29.4","19.7","26.3","13.1"
"USW00094889","ANN ARBOR MUNICIPAL AIRPORT, MI US","42.22393","-83.73983","250.6","2015-09","263.4","3.3","32.8","77.7","18.4","26.0","10.9"
"USW00094889","ANN ARBOR MUNICIPAL AIRPORT, MI US","42.22393","-83.73983","250.6","2015-10","263.4","-5.5","25.0","316.6","10.6","17.2","4.1"
"USW00094889","ANN ARBOR MUNICIPAL AIRPORT, MI US","42.22393","-83.73983","250.6","2015-11","263.4","-11.6","24.4","686.0","6.0","12.7","-0.6"
"USW00094889","ANN ARBOR MUNICIPAL AIRPORT, MI US","42.22393","-83.73983","250.6","2015-12","263.4","-9.3","17.2","1102.8","3.4","7.3","-0.4"
"USC00203429","GREENVILLE 2 NNE, MI US","43.2026","-85.2421","270.7","2015-07","137.5","6.1","32.2","13.3","20.4","28.2","12.5"
"USC00203429","GREENVILLE 2 NNE, MI US","43.2026","-85.2421","270.7","2015-08","202.9","7.2","32.2","29.7","19.9","27.0","12.8"
"USC00203429","GREENVILLE 2 NNE, MI US","43.2026","-85.2421","270.7","2015-09","253.7","1.7","32.2","75.2","18.5","26.0","11.0"
"USC00203429","GREENVILLE 2 NNE, MI US","43.2026","-85.2421","270.7","2015-10","253.7","-5.0","24.4","323.6","10.3","17.0","3.6"
"USC00203429","GREENVILLE 2 NNE, MI US","43.2026","-85.2421","270.7","2015-11","253.7","-11.7","25.0","689.6","6.1","12.9","-0.6"
"USC00203429","GREENVILLE 2 NNE, MI US","43.2026","-85.2421","270.7","2015-12","253.7","-8.3","16.1","1172.7","2.8","7.5","-2.0"
"US1MIBY0001","BAY CITY 4.8 N, MI US","43.6595101","-83.8884558","178.3","2015-07",,,,,,,
"US1MIBY0001","BAY CITY 4.8 N, MI US","43.6595101","-83.8884558","178.3","2015-08",,,,,,,
"US1MIBY0001","BAY CITY 4.8 N, MI US","43.6595101","-83.8884558","178.3","2015-09",,,,,,,
"US1MIBY0001","BAY CITY 4.8 N, MI US","43.6595101","-83.8884558","178.3","2015-10",,,,,,,
"US1MIBY0001","BAY CITY 4.8 N, MI US","43.6595101","-83.8884558","178.3","2015-11",,,,,,,
"US1MIBR0013","HASTINGS 4.3 SSW, MI US","42.5917797","-85.3160631","277.4","2015-07",,,,,,,
"US1MIBR0013","HASTINGS 4.3 SSW, MI US","42.5917797","-85.3160631","277.4","2015-08",,,,,,,
"US1MIBR0013","HASTINGS 4.3 SSW, MI US","42.5917797","-85.3160631","277.4","2015-09",,,,,,,
"US1MIBR0013","HASTINGS 4.3 SSW, MI US","42.5917797","-85.3160631","277.4","2015-10",,,,,,,
"US1MIBR0013","HASTINGS 4.3 SSW, MI US","42.5917797","-85.3160631","277.4","2015-11",,,,,,,
"US1MIBR0013","HASTINGS 4.3 SSW, MI US","42.5917797","-85.3160631","277.4","2015-12",,,,,,,
"USC00203306","GRAND LEDGE 1 NW, MI US","42.7621","-84.7617","244.1","2015-07",,,,,,,
"USC00203306","GRAND LEDGE 1 NW, MI US","42.7621","-84.7617","244.1","2015-08",,,,,,,
"USC00203306","GRAND LEDGE 1 NW, MI US","42.7621","-84.7617","244.1","2015-09",,,,,,,
"USC00203306","GRAND LEDGE 1 NW, MI US","42.7621","-84.7617","244.1","2015-10",,,,,,,
"USC00203306","GRAND LEDGE 1 NW, MI US","42.7621","-84.7617","244.1","2015-11",,,,,,,
"USC00203306","GRAND LEDGE 1 NW, MI US","42.7621","-84.7617","244.1","2015-12",,,,,,,
"US1MIBR0012","FREEPORT 1.6 S, MI US","42.740322","-85.31609","264.0","2015-07",,,,,,,
"US1MIMN0006","WELLSTON 3.9 WNW, MI US","44.2337","-86.0358","222.5","2015-08",,,,,,,
"US1MIMN0006","WELLSTON 3.9 WNW, MI US","44.2337","-86.0358","222.5","2015-10",,,,,,,
"US1MIMN0006","WELLSTON 3.9 WNW, MI US","44.2337","-86.0358","222.5","2015-11",,,,,,,
"US1MIMN0006","WELLSTON 3.9 WNW, MI US","44.2337","-86.0358","222.5","2015-12",,,,,,,
"USW00014847","SAULT STE MARIE SANDERSON FIELD, MI US","46.47998","-84.35809","219.8","2015-07","52.9","6.1","35.0","31.7","18.9","25.4","12.4"
"USW00014847","SAULT STE MARIE SANDERSON FIELD, MI US","46.47998","-84.35809","219.8","2015-08","101.5","10.0","31.1","59.0","19.0","23.8","14.3"
"USW00014847","SAULT STE MARIE SANDERSON FIELD, MI US","46.47998","-84.35809","219.8","2015-09","141.4","3.9","30.6","119.3","17.6","22.8","12.5"
"USW00014847","SAULT STE MARIE SANDERSON FIELD, MI US","46.47998","-84.35809","219.8","2015-10","141.4","-3.8","20.0","437.0","8.1","12.1","4.1"
"USW00014847","SAULT STE MARIE SANDERSON FIELD, MI US","46.47998","-84.35809","219.8","2015-11","141.4","-7.1","20.6","840.9","4.9","8.7","1.1"
"USW00014847","SAULT STE MARIE SANDERSON FIELD, MI US","46.47998","-84.35809","219.8","2015-12","141.4","-13.2","11.7","1378.5","1.0","3.7","-1.7"
"USC00203421","GREENLAND 6 N, MI US","46.8736","-89.1006","241.1","2015-07","44.5","1.7","28.9","50.0","18.1","24.5","11.7"
"USC00203421","GREENLAND 6 N, MI US","46.8736","-89.1006","241.1","2015-08","70.7","3.9","31.1","112.2","17.2","22.7","11.6"
"USC00203421","GREENLAND 6 N, MI US","46.8736","-89.1006","241.1","2015-09","109.2","-0.6","31.1","203.8","16.6","22.5","10.6"
"USC00203421","GREENLAND 6 N, MI US","46.8736","-89.1006","241.1","2015-10","109.5","-3.3","30.0","553.6","7.1","12.6","1.5"
"USC00203421","GREENLAND 6 N, MI US","46.8736","-89.1006","241.1","2015-11","109.5","-11.1","18.9","976.1","3.8","8.3","-0.8"
"USC00203421","GREENLAND 6 N, MI US","46.8736","-89.1006","241.1","2015-12","109.5","-10.0","11.1","1568.6","-0.8","1.7","-3.3"
"USC00201361","CASS CITY 1 SSW, MI US","43.5861","-83.1805","212.8","2015-07",,"5.6","32.2","23.8","19.4","26.5","12.4"
"USC00201361","CASS CITY 1 SSW, MI US","43.5861","-83.1805","212.8","2015-08",,"8.9","31.7","45.9","19.2","24.9","13.5"
"USC00201361","CASS CITY 1 SSW, MI US","43.5861","-83.1805","212.8","2015-09",,"6.1","31.1","94.3","18.2","24.8","11.6"
"USC00201361","CASS CITY 1 SSW, MI US","43.5861","-83.1805","212.8","2015-11",,"-10.0","23.9",,"5.6","11.7","-0.4"
"USC00201361","CASS CITY 1 SSW, MI US","43.5861","-83.1805","212.8","2015-12",,"-8.3","15.0",,"2.6","7.0","-1.7"
"USC00200032","ADRIAN 2 NNE, MI US","41.91636","-84.01635","231.6","2015-07","200.8","10.6","32.2","3.0","21.3","27.4","15.1"
"USC00200032","ADRIAN 2 NNE, MI US","41.91636","-84.01635","231.6","2015-08","289.3","8.9","32.2","11.9","20.9","27.0","14.8"
"USC00200032","ADRIAN 2 NNE, MI US","41.91636","-84.01635","231.6","2015-09","358.8","5.6","32.8","47.7","19.4","26.0","12.9"
"USC00200032","ADRIAN 2 NNE, MI US","41.91636","-84.01635","231.6","2015-10","358.8","-2.2","25.0","254.7","11.6","17.6","5.7"
"USC00200032","ADRIAN 2 NNE, MI US","41.91636","-84.01635","231.6","2015-11","358.8","-8.3","25.0","604.6","6.7","13.0","0.3"
"USC00200032","ADRIAN 2 NNE, MI US","41.91636","-84.01635","231.6","2015-12","358.8","-6.7","18.3","1034.6","4.5","8.7","0.2"
"US1MIBY0006","BAY CITY 2.2 WNW, MI US","43.6024894714355","-83.9293670654297","183.2","2015-07",,,,,,,
"US1MIBY0006","BAY CITY 2.2 WNW, MI US","43.6024894714355","-83.9293670654297","183.2","2015-08",,,,,,,
"US1MIBY0006","BAY CITY 2.2 WNW, MI US","43.6024894714355","-83.9293670654297","183.2","2015-09",,,,,,,
"US1MIBY0006","BAY CITY 2.2 WNW, MI US","43.6024894714355","-83.9293670654297","183.2","2015-10",,,,,,,
"US1MIBY0006","BAY CITY 2.2 WNW, MI US","43.6024894714355","-83.9293670654297","183.2","2015-11",,,,,,,
"US1MIBY0006","BAY CITY 2.2 WNW, MI US","43.6024894714355","-83.9293670654297","183.2","2015-12",,,,,,,
"USC00203661","HASTINGS, MI US","42.64208","-85.28819","250.2","2015-07","134.9","9.4","31.7","13.6","20.4","26.7","14.0"
"USC00203661","HASTINGS, MI US","42.64208","-85.28819","250.2","2015-08","202.8","8.3","32.2","30.8","20.0","26.0","13.9"
"USC00203661","HASTINGS, MI US","42.64208","-85.28819","250.2","2015-09","269.5","4.4","32.2","75.7","19.1","25.8","12.3"
"USC00203661","HASTINGS, MI US","42.64208","-85.28819","250.2","2015-10","269.5","-2.8","25.0","318.6","10.5","16.2","4.8"
"USC00203661","HASTINGS, MI US","42.64208","-85.28819","250.2","2015-11","269.5","-8.3","25.0","682.8","6.2","12.0","0.4"
"USC00203661","HASTINGS, MI US","42.64208","-85.28819","250.2","2015-12","269.5","-6.7","16.7","1140.2","3.6","6.9","0.3"
"USC00205603","MORENCI, MI US","41.7216","-84.2147","234.7","2015-07","194.7","10.6","32.8","4.2","21.1","27.6","14.5"
"USC00205603","MORENCI, MI US","41.7216","-84.2147","234.7","2015-08","282.5","8.9","32.2","14.5","20.8","27.5","14.1"
"USC00205603","MORENCI, MI US","41.7216","-84.2147","234.7","2015-09","363.2","5.6","33.9","47.9","19.9","27.2","12.6"
"USC00205603","MORENCI, MI US","41.7216","-84.2147","234.7","2015-10","363.2","-2.8","25.6","263.5","11.4","17.8","5.0"
"USC00205603","MORENCI, MI US","41.7216","-84.2147","234.7","2015-11","363.2","-9.4","24.4","622.3","6.4","12.7","0.1"
"USC00205603","MORENCI, MI US","41.7216","-84.2147","234.7","2015-12","363.2","-7.8","18.3","1061.8","4.2","8.3","0.0"
"USC00201486","CHATHAM EXPERIMENT FARM 2, MI US","46.3414","-86.9242","265.2","2015-07","73.8","4.4","33.9","49.0","19.0","25.8","12.3"
"USC00201486","CHATHAM EXPERIMENT FARM 2, MI US","46.3414","-86.9242","265.2","2015-08","115.1","3.3","33.9","96.7","18.1","24.1","12.2"
"USC00201486","CHATHAM EXPERIMENT FARM 2, MI US","46.3414","-86.9242","265.2","2015-09","152.7","-0.6","30.0","165.9","17.3","23.3","11.3"
"USC00201486","CHATHAM EXPERIMENT FARM 2, MI US","46.3414","-86.9242","265.2","2015-10","152.7","-4.4","23.3","510.9","7.2","12.7","1.7"
"USC00201486","CHATHAM EXPERIMENT FARM 2, MI US","46.3414","-86.9242","265.2","2015-11","152.7","-12.2","20.0","960.1","3.4","8.0","-1.3"
"USC00201486","CHATHAM EXPERIMENT FARM 2, MI US","46.3414","-86.9242","265.2","2015-12","152.7","-10.6","10.0","1540.7","-0.4","2.7","-3.5"
"US1MIBY0002","BAY CITY 5.3 N, MI US","43.666367","-83.90605","178.3","2015-07",,,,,,,
"US1MIBY0002","BAY CITY 5.3 N, MI US","43.666367","-83.90605","178.3","2015-08",,,,,,,
"US1MIBY0002","BAY CITY 5.3 N, MI US","43.666367","-83.90605","178.3","2015-09",,,,,,,
"US1MIBY0002","BAY CITY 5.3 N, MI US","43.666367","-83.90605","178.3","2015-10",,,,,,,
"US1MIBY0002","BAY CITY 5.3 N, MI US","43.666367","-83.90605","178.3","2015-11",,,,,,,
"US1MIBY0002","BAY CITY 5.3 N, MI US","43.666367","-83.90605","178.3","2015-12",,,,,,,
"US1MION0001","ONTONAGON 0.3 NE, MI US","46.8695528","-89.309289","193.9","2015-09",,,,,,,
"US1MION0001","ONTONAGON 0.3 NE, MI US","46.8695528","-89.309289","193.9","2015-12",,,,,,,
"USC00200050","AHMEEK 1 SW, MI US","47.292","-88.4209","331.6","2015-07",,"3.3","30.0","48.5","18.7","24.1","13.4"
"USC00200050","AHMEEK 1 SW, MI US","47.292","-88.4209","331.6","2015-08",,"7.2","31.7","96.9","17.9","22.6","13.1"
"USC00200050","AHMEEK 1 SW, MI US","47.292","-88.4209","331.6","2015-09",,"2.8","32.8","163.6","17.4","22.9","11.9"
"USC00200050","AHMEEK 1 SW, MI US","47.292","-88.4209","331.6","2015-10",,"-3.3","28.9","480.4","7.5","12.0","3.1"
"USC00200050","AHMEEK 1 SW, MI US","47.292","-88.4209","331.6","2015-11",,"-7.8","18.9","919.8","3.7","7.1","0.3"
"USW00094893","IRON MOUNTAIN FORD AIRPORT, MI US","45.81339","-88.11292","343.2","2015-07","82.2","4.4","32.8","27.2","19.8","27.0","12.6"
"USW00094893","IRON MOUNTAIN FORD AIRPORT, MI US","45.81339","-88.11292","343.2","2015-08","126.5","6.1","32.8","61.9","18.6","24.6","12.6"
"USW00094893","IRON MOUNTAIN FORD AIRPORT, MI US","45.81339","-88.11292","343.2","2015-09","164.8","-1.0","31.1","139.9","17.0","23.6","10.5"
"USW00094893","IRON MOUNTAIN FORD AIRPORT, MI US","45.81339","-88.11292","343.2","2015-10","167.3","-6.0","28.9","460.8","8.1","13.7","2.4"
"USW00094893","IRON MOUNTAIN FORD AIRPORT, MI US","45.81339","-88.11292","343.2","2015-11","167.3","-14.9","20.0","922.4","2.9","8.4","-2.5"
"USW00094893","IRON MOUNTAIN FORD AIRPORT, MI US","45.81339","-88.11292","343.2","2015-12","167.3","-12.1","12.2","1502.8","-0.4","2.8","-3.5"
"USW00094898","PORT HOPE, MI US","44.021772","-82.792932","180.0","2015-07",,"8.3","31.7","25.1","20.1","24.8","15.3"
"USW00094898","PORT HOPE, MI US","44.021772","-82.792932","180.0","2015-08",,"11.7","30.6","38.2","20.2","23.9","16.4"
"USW00094898","PORT HOPE, MI US","44.021772","-82.792932","180.0","2015-09",,"10.0","31.1","65.9","19.6","23.4","15.9"
"USW00094898","PORT HOPE, MI US","44.021772","-82.792932","180.0","2015-10",,"0.6","23.9","289.7","11.1","14.4","7.8"
"USW00094898","PORT HOPE, MI US","44.021772","-82.792932","180.0","2015-11",,"-5.5","22.8","619.1","7.4","11.3","3.4"
"USW00094898","PORT HOPE, MI US","44.021772","-82.792932","180.0","2015-12",,"-5.5","15.0","1072.6","3.7","6.7","0.7"
"USW00094899","COPPER HARBOR, MI US","47.467386","-87.875032","185.0","2015-07","59.5","7.8","29.4","33.8","19.2","24.0","14.3"
"USW00094899","COPPER HARBOR, MI US","47.467386","-87.875032","185.0","2015-08","106.4","10.0","30.6","65.5","18.8","22.3","15.3"
"USW00094899","COPPER HARBOR, MI US","47.467386","-87.875032","185.0","2015-09","148.1","3.9","30.0","117.9","18.0","21.9","14.0"
"USW00094899","COPPER HARBOR, MI US","47.467386","-87.875032","185.0","2015-10","148.9","-1.0","25.0","417.2","8.7","12.2","5.2"
"USW00094899","COPPER HARBOR, MI US","47.467386","-87.875032","185.0","2015-11","148.9","-7.7","17.8","820.4","4.9","8.3","1.5"
"USW00094899","COPPER HARBOR, MI US","47.467386","-87.875032","185.0","2015-12","148.9","-7.7","10.6","1364.2","0.8","2.9","-1.3"
"US1MIIH0031","LANSING 1.9 WSW, MI US","42.6985397338867","-84.5876312255859","269.1","2015-07",,,,,,,
"US1MIIH0031","LANSING 1.9 WSW, MI US","42.6985397338867","-84.5876312255859","269.1","2015-08",,,,,,,
"US1MIIH0031","LANSING 1.9 WSW, MI US","42.6985397338867","-84.5876312255859","269.1","2015-09",,,,,,,
"US1MIIH0031","LANSING 1.9 WSW, MI US","42.6985397338867","-84.5876312255859","269.1","2015-10",,,,,,,
"US1MIIH0031","LANSING 1.9 WSW, MI US","42.6985397338867","-84.5876312255859","269.1","2015-11",,,,,,,
"US1MIIH0031","LANSING 1.9 WSW, MI US","42.6985397338867","-84.5876312255859","269.1","2015-12",,,,,,,
"US1MIIH0032","WILLIAMSTON 4.0 ESE, MI US","42.6585884094238","-84.2163162231445","271.3","2015-07",,,,,,,
"US1MIIH0032","WILLIAMSTON 4.0 ESE, MI US","42.6585884094238","-84.2163162231445","271.3","2015-08",,,,,,,
"US1MIIH0032","WILLIAMSTON 4.0 ESE, MI US","42.6585884094238","-84.2163162231445","271.3","2015-09",,,,,,,
"US1MIIH0032","WILLIAMSTON 4.0 ESE, MI US","42.6585884094238","-84.2163162231445","271.3","2015-10",,,,,,,
"US1MIIH0032","WILLIAMSTON 4.0 ESE, MI US","42.6585884094238","-84.2163162231445","271.3","2015-11",,,,,,,
"US1MIIH0032","WILLIAMSTON 4.0 ESE, MI US","42.6585884094238","-84.2163162231445","271.3","2015-12",,,,,,,
"US1MIBR0007","HASTINGS 3.2 WNW, MI US","42.670723","-85.344754","243.2","2015-07",,,,,,,
"US1MIBR0007","HASTINGS 3.2 WNW, MI US","42.670723","-85.344754","243.2","2015-08",,,,,,,
"US1MIBR0007","HASTINGS 3.2 WNW, MI US","42.670723","-85.344754","243.2","2015-09",,,,,,,
"US1MIBR0007","HASTINGS 3.2 WNW, MI US","42.670723","-85.344754","243.2","2015-10",,,,,,,
"USW00014858","HANCOCK HOUGHTON CO AIRPORT, MI US","47.16594","-88.48076","323.9","2015-07","58.9","4.4","32.8","31.2","19.1","25.0","13.2"
"USW00014858","HANCOCK HOUGHTON CO AIRPORT, MI US","47.16594","-88.48076","323.9","2015-08","101.9","3.9","31.1","82.4","18.1","23.1","13.0"
"USW00014858","HANCOCK HOUGHTON CO AIRPORT, MI US","47.16594","-88.48076","323.9","2015-09","140.0","-0.5","30.6","162.1","16.9","22.4","11.5"
"USW00014858","HANCOCK HOUGHTON CO AIRPORT, MI US","47.16594","-88.48076","323.9","2015-10","141.7","-6.6","30.0","497.3","7.6","12.1","3.1"
"USW00014858","HANCOCK HOUGHTON CO AIRPORT, MI US","47.16594","-88.48076","323.9","2015-11","141.7","-10.5","18.9","944.9","3.4","7.6","-0.7"
"USW00014858","HANCOCK HOUGHTON CO AIRPORT, MI US","47.16594","-88.48076","323.9","2015-12","141.7","-9.3","11.7","1534.0","-0.7","1.6","-3.0"
"US1MIBR0006","BELLEVUE 3.9 W, MI US","42.4511333","-85.0961","279.2","2015-07",,,,,,,
"US1MIBR0006","BELLEVUE 3.9 W, MI US","42.4511333","-85.0961","279.2","2015-08",,,,,,,
"US1MIBR0006","BELLEVUE 3.9 W, MI US","42.4511333","-85.0961","279.2","2015-09",,,,,,,
"US1MIBR0006","BELLEVUE 3.9 W, MI US","42.4511333","-85.0961","279.2","2015-10",,,,,,,
"US1MIBR0006","BELLEVUE 3.9 W, MI US","42.4511333","-85.0961","279.2","2015-11",,,,,,,
"US1MIBR0006","BELLEVUE 3.9 W, MI US","42.4511333","-85.0961","279.2","2015-12",,,,,,,
"US1MIIH0034","MASON 5.8 ENE, MI US","42.614303","-84.338132","283.8","2015-07",,,,,,,
"US1MIIH0034","MASON 5.8 ENE, MI US","42.614303","-84.338132","283.8","2015-08",,,,,,,
"US1MIIH0034","MASON 5.8 ENE, MI US","42.614303","-84.338132","283.8","2015-09",,,,,,,
"US1MIIH0034","MASON 5.8 ENE, MI US","42.614303","-84.338132","283.8","2015-10",,,,,,,
"US1MIIH0034","MASON 5.8 ENE, MI US","42.614303","-84.338132","283.8","2015-11",,,,,,,
"US1MION0003","ONTONAGON 12.5 WSW, MI US","46.828123","-89.571821","190.8","2015-07",,,,,,,
"US1MION0003","ONTONAGON 12.5 WSW, MI US","46.828123","-89.571821","190.8","2015-10",,,,,,,
"US1MION0003","ONTONAGON 12.5 WSW, MI US","46.828123","-89.571821","190.8","2015-12",,,,,,,
"US1MIBR0009","PLAINWELL 5.4 E, MI US","42.450664","-85.537907","278.3","2015-09",,,,,,,
"US1MIBR0009","PLAINWELL 5.4 E, MI US","42.450664","-85.537907","278.3","2015-11",,,,,,,
"US1MIBR0009","PLAINWELL 5.4 E, MI US","42.450664","-85.537907","278.3","2015-12",,,,,,,
"USC00201150","BURTON 4 N, MI US","43.0675","-83.5919","230.7","2015-07","141.1","5.6","33.3","21.0","20.2","27.6","12.8"
"USC00201150","BURTON 4 N, MI US","43.0675","-83.5919","230.7","2015-08","210.3","7.2","32.8","36.8","20.1","26.5","13.6"
"USC00201150","BURTON 4 N, MI US","43.0675","-83.5919","230.7","2015-09","270.0","5.6","33.3","87.1","18.6","25.7","11.6"
"USC00201150","BURTON 4 N, MI US","43.0675","-83.5919","230.7","2015-10","270.0","-2.8","23.9","336.7","10.3","16.1","4.5"
"USC00201150","BURTON 4 N, MI US","43.0675","-83.5919","230.7","2015-11","270.0","-11.1","25.0","700.8","6.2","12.2","0.2"
"USC00201150","BURTON 4 N, MI US","43.0675","-83.5919","230.7","2015-12","270.0","-7.2","17.2","1161.2","3.5","7.7","-0.7"
"USC00204659","LAPEER 2 W, MI US","43.05733","-83.36032","255.1","2015-07","164.7","7.8","32.8","15.4","20.5","26.3","14.7"
"USC00204659","LAPEER 2 W, MI US","43.05733","-83.36032","255.1","2015-08","238.3","7.2","31.1","30.5","20.2","25.4","15.1"
"USC00204659","LAPEER 2 W, MI US","43.05733","-83.36032","255.1","2015-09","309.5","6.1","32.8","71.0","19.4","25.6","13.1"
"USC00204659","LAPEER 2 W, MI US","43.05733","-83.36032","255.1","2015-10","310.4","-2.8","25.6","311.3","10.6","16.3","4.9"
"USC00204659","LAPEER 2 W, MI US","43.05733","-83.36032","255.1","2015-11","310.4","-12.2","25.6","649.4","7.1","12.7","1.4"
"USC00204659","LAPEER 2 W, MI US","43.05733","-83.36032","255.1","2015-12","310.4","-6.7","16.7","1096.5","3.9","7.8","0.0"
"US1MIMK0001","LAKE CITY 5.0 SSW, MI US","44.265899","-85.255264","374.3","2015-07",,,,,,,
"US1MIMK0001","LAKE CITY 5.0 SSW, MI US","44.265899","-85.255264","374.3","2015-08",,,,,,,
"US1MIMK0001","LAKE CITY 5.0 SSW, MI US","44.265899","-85.255264","374.3","2015-09",,,,,,,
"US1MIMK0001","LAKE CITY 5.0 SSW, MI US","44.265899","-85.255264","374.3","2015-10",,,,,,,
"US1MIMK0001","LAKE CITY 5.0 SSW, MI US","44.265899","-85.255264","374.3","2015-11",,,,,,,
"US1MIMK0001","LAKE CITY 5.0 SSW, MI US","44.265899","-85.255264","374.3","2015-12",,,,,,,
"USC00202598","ENGADINE MDOT, MI US","46.128","-85.5696","208.8","2015-07","43.2","3.9","31.7","51.7","18.0","25.2","10.8"
"USC00202598","ENGADINE MDOT, MI US","46.128","-85.5696","208.8","2015-08","68.0","6.1","31.7","106.7","17.4","23.2","11.5"
"USC00202598","ENGADINE MDOT, MI US","46.128","-85.5696","208.8","2015-09","99.4","-0.6","27.2","185.5","16.7","22.2","11.2"
"USC00202598","ENGADINE MDOT, MI US","46.128","-85.5696","208.8","2015-10","99.4","-3.9","21.7","516.9","6.9","12.7","1.1"
"USC00202598","ENGADINE MDOT, MI US","46.128","-85.5696","208.8","2015-11","99.4","-8.3","18.3","955.6","3.7","8.6","-1.2"
"USC00202598","ENGADINE MDOT, MI US","46.128","-85.5696","208.8","2015-12","99.4","-11.7","11.1","1520.1","0.1","3.6","-3.3"
"USC00206712","PORTLAND 4 N, MI US","42.9227","-84.8856","235.0","2015-07",,,,,,,
"USC00206712","PORTLAND 4 N, MI US","42.9227","-84.8856","235.0","2015-08",,,,,,,
"USC00206712","PORTLAND 4 N, MI US","42.9227","-84.8856","235.0","2015-09",,,,,,,
"USC00204655","LAPEER WWTP, MI US","43.0608","-83.3074","249.9","2015-07","158.6","7.8","32.8","13.9","20.7","27.4","14.0"
"USC00204655","LAPEER WWTP, MI US","43.0608","-83.3074","249.9","2015-08","237.8","7.8","32.2","25.6","20.6","26.2","15.0"
"USC00204655","LAPEER WWTP, MI US","43.0608","-83.3074","249.9","2015-09","301.9","6.1","32.8","65.7","19.1","26.0","12.3"
"USC00204655","LAPEER WWTP, MI US","43.0608","-83.3074","249.9","2015-10","301.9","-1.1","25.0","303.0","10.4","16.0","4.9"
"USC00204655","LAPEER WWTP, MI US","43.0608","-83.3074","249.9","2015-11","301.9","-9.4","25.6","658.1","6.5","12.2","0.8"
"USC00204655","LAPEER WWTP, MI US","43.0608","-83.3074","249.9","2015-12","301.9","-6.7","16.1","1068.6","3.7","7.6","-0.2"
"USC00202250","DOWAGIAC 1 W, MI US","41.9856","-86.132","225.6","2015-07","164.0","10.0","31.7","17.2","20.1","25.8","14.5"
"USC00202250","DOWAGIAC 1 W, MI US","41.9856","-86.132","225.6","2015-08","224.7","8.3","32.2","32.5","19.8","25.3","14.3"
"USC00202250","DOWAGIAC 1 W, MI US","41.9856","-86.132","225.6","2015-09","295.6","4.4","32.2","75.9","19.3","25.4","13.1"
"USC00202250","DOWAGIAC 1 W, MI US","41.9856","-86.132","225.6","2015-10","295.6","-3.9","25.0","305.0","10.9","16.6","5.3"
"USC00202250","DOWAGIAC 1 W, MI US","41.9856","-86.132","225.6","2015-11","296.1","-8.3","24.4","659.9","6.5","11.5","1.6"
"USC00202250","DOWAGIAC 1 W, MI US","41.9856","-86.132","225.6","2015-12","296.1","-5.6","17.2","1094.1","4.3","7.9","0.8"
"USW00004839","HOLLAND TULIP CITY AIRPORT, MI US","42.74634","-86.09677","206.5","2015-07","167.2","10.6","32.8","6.4","21.3","27.1","15.6"
"USW00004839","HOLLAND TULIP CITY AIRPORT, MI US","42.74634","-86.09677","206.5","2015-08","254.0","9.4","32.8","13.7","21.0","25.9","16.0"
"USW00004839","HOLLAND TULIP CITY AIRPORT, MI US","42.74634","-86.09677","206.5","2015-09","320.3","5.0","32.2","50.4","19.3","25.1","13.5"
"USW00004839","HOLLAND TULIP CITY AIRPORT, MI US","42.74634","-86.09677","206.5","2015-10","320.3","-2.1","24.4","268.0","11.3","16.2","6.4"
"USW00004839","HOLLAND TULIP CITY AIRPORT, MI US","42.74634","-86.09677","206.5","2015-11","320.3","-6.0","23.3","582.5","7.9","12.6","3.1"
"USW00004839","HOLLAND TULIP CITY AIRPORT, MI US","42.74634","-86.09677","206.5","2015-12","320.3","-4.3","16.7","1012.1","4.5","7.7","1.3"
"US1MIIH0018","EAST LANSING 1.8 NNE, MI US","42.76051","-84.4702","258.2","2015-08",,,,,,,
"US1MIIS0005","SHEPHERD 3.7 SSE, MI US","43.47427","-84.66728","238.4","2015-07",,,,,,,
"US1MIIS0005","SHEPHERD 3.7 SSE, MI US","43.47427","-84.66728","238.4","2015-08",,,,,,,
"US1MIIS0005","SHEPHERD 3.7 SSE, MI US","43.47427","-84.66728","238.4","2015-09",,,,,,,
"US1MIIS0005","SHEPHERD 3.7 SSE, MI US","43.47427","-84.66728","238.4","2015-10",,,,,,,
"US1MIIS0005","SHEPHERD 3.7 SSE, MI US","43.47427","-84.66728","238.4","2015-11",,,,,,,
"US1MIIS0005","SHEPHERD 3.7 SSE, MI US","43.47427","-84.66728","238.4","2015-12",,,,,,,
"US1MIIS0004","MOUNT PLEASANT 0.6 SSE, MI US","43.588193","-84.774781","242.0","2015-07",,,,,,,
"US1MIIS0004","MOUNT PLEASANT 0.6 SSE, MI US","43.588193","-84.774781","242.0","2015-08",,,,,,,
"US1MIIS0004","MOUNT PLEASANT 0.6 SSE, MI US","43.588193","-84.774781","242.0","2015-09",,,,,,,
"US1MIIS0004","MOUNT PLEASANT 0.6 SSE, MI US","43.588193","-84.774781","242.0","2015-10",,,,,,,
"US1MIIS0004","MOUNT PLEASANT 0.6 SSE, MI US","43.588193","-84.774781","242.0","2015-11",,,,,,,
"US1MIIS0004","MOUNT PLEASANT 0.6 SSE, MI US","43.588193","-84.774781","242.0","2015-12",,,,,,,
"US1MIAT0006","MANCELONA 0.5 ESE, MI US","44.8998127877712","-85.0509964674711","348.4","2015-07",,,,,,,
"US1MIAT0006","MANCELONA 0.5 ESE, MI US","44.8998127877712","-85.0509964674711","348.4","2015-08",,,,,,,
"US1MIAT0006","MANCELONA 0.5 ESE, MI US","44.8998127877712","-85.0509964674711","348.4","2015-09",,,,,,,
"US1MIAT0006","MANCELONA 0.5 ESE, MI US","44.8998127877712","-85.0509964674711","348.4","2015-10",,,,,,,
"US1MIAT0006","MANCELONA 0.5 ESE, MI US","44.8998127877712","-85.0509964674711","348.4","2015-11",,,,,,,
"US1MIAT0006","MANCELONA 0.5 ESE, MI US","44.8998127877712","-85.0509964674711","348.4","2015-12",,,,,,,
"US1MIMD0005","MIDLAND 1.8 ENE, MI US","43.6312","-84.19433","205.4","2015-07",,,,,,,
"US1MIMD0005","MIDLAND 1.8 ENE, MI US","43.6312","-84.19433","205.4","2015-08",,,,,,,
"US1MIMD0005","MIDLAND 1.8 ENE, MI US","43.6312","-84.19433","205.4","2015-09",,,,,,,
"US1MIMD0005","MIDLAND 1.8 ENE, MI US","43.6312","-84.19433","205.4","2015-10",,,,,,,
"US1MIMD0005","MIDLAND 1.8 ENE, MI US","43.6312","-84.19433","205.4","2015-11",,,,,,,
"US1MIMD0005","MIDLAND 1.8 ENE, MI US","43.6312","-84.19433","205.4","2015-12",,,,,,,
"USC00207812","STAMBAUGH 2 SSE, MI US","46.0555","-88.6275","442.0","2015-07","38.8","1.1","31.1","54.7","17.8","25.1","10.4"
"USC00207812","STAMBAUGH 2 SSE, MI US","46.0555","-88.6275","442.0","2015-08","57.8","3.3","31.7","127.5","16.6","22.9","10.3"
"USC00207812","STAMBAUGH 2 SSE, MI US","46.0555","-88.6275","442.0","2015-09","81.4","-3.3","28.9","242.6","15.3","22.8","7.8"
"USC00207812","STAMBAUGH 2 SSE, MI US","46.0555","-88.6275","442.0","2015-10","81.7","-7.2","27.8","618.7","6.2","12.7","-0.3"
"USC00207812","STAMBAUGH 2 SSE, MI US","46.0555","-88.6275","442.0","2015-11","81.7","-17.8","20.6","1133.2","1.2","7.1","-4.7"
"USC00207812","STAMBAUGH 2 SSE, MI US","46.0555","-88.6275","442.0","2015-12","81.7","-14.4","9.4","1769.9","-2.2","0.7","-5.1"
"US1MIRS0003","HOUGHTON LAKE 0.7 SSE, MI US","44.30331","-84.7597","367.6","2015-07",,,,,,,
"US1MIRS0003","HOUGHTON LAKE 0.7 SSE, MI US","44.30331","-84.7597","367.6","2015-08",,,,,,,
"US1MIRS0003","HOUGHTON LAKE 0.7 SSE, MI US","44.30331","-84.7597","367.6","2015-09",,,,,,,
"US1MIRS0003","HOUGHTON LAKE 0.7 SSE, MI US","44.30331","-84.7597","367.6","2015-10",,,,,,,
"USC00204425","K.I. SAWYER WWTP, MI US","46.3341","-87.3779","340.2","2015-07",,"5.6","32.8","37.7","19.5","25.9","13.2"
"USC00204425","K.I. SAWYER WWTP, MI US","46.3341","-87.3779","340.2","2015-08",,"5.0","33.3","81.0","18.4","24.0","12.9"
"USC00204425","K.I. SAWYER WWTP, MI US","46.3341","-87.3779","340.2","2015-09",,"0.6","30.6","160.6","17.0","22.6","11.3"
"USC00204425","K.I. SAWYER WWTP, MI US","46.3341","-87.3779","340.2","2015-10",,"-2.8","23.9","507.0","7.2","11.9","2.4"
"USC00204425","K.I. SAWYER WWTP, MI US","46.3341","-87.3779","340.2","2015-11",,"-10.0","17.2","960.9","3.2","7.2","-0.8"
"USC00204425","K.I. SAWYER WWTP, MI US","46.3341","-87.3779","340.2","2015-12",,"-8.9","8.9","1530.0","0.0","2.2","-2.2"
"US1MIAT0005","ELLSWORTH 2.7 W, MI US","45.1718424260616","-85.2996754646301","245.4","2015-07",,,,,,,
"US1MIAT0005","ELLSWORTH 2.7 W, MI US","45.1718424260616","-85.2996754646301","245.4","2015-08",,,,,,,
"US1MIAT0005","ELLSWORTH 2.7 W, MI US","45.1718424260616","-85.2996754646301","245.4","2015-09",,,,,,,
"US1MIRS0001","HOUGHTON LAKE 4.9 NE, MI US","44.354296","-84.683218","346.3","2015-07",,,,,,,
"US1MIRS0001","HOUGHTON LAKE 4.9 NE, MI US","44.354296","-84.683218","346.3","2015-08",,,,,,,
"US1MIRS0001","HOUGHTON LAKE 4.9 NE, MI US","44.354296","-84.683218","346.3","2015-10",,,,,,,
"US1MIRS0001","HOUGHTON LAKE 4.9 NE, MI US","44.354296","-84.683218","346.3","2015-11",,,,,,,
"US1MIRS0001","HOUGHTON LAKE 4.9 NE, MI US","44.354296","-84.683218","346.3","2015-12",,,,,,,
"USW00094847","DETROIT METRO AIRPORT, MI US","42.23113","-83.33121","191.9","2015-07","268.0","11.7","32.8","2.0","22.7","28.3","17.1"
"USW00094847","DETROIT METRO AIRPORT, MI US","42.23113","-83.33121","191.9","2015-08","388.5","12.2","33.3","6.5","22.1","27.1","17.1"
"USW00094847","DETROIT METRO AIRPORT, MI US","42.23113","-83.33121","191.9","2015-09","480.1","8.3","33.3","26.4","20.7","26.2","15.2"
"USW00094847","DETROIT METRO AIRPORT, MI US","42.23113","-83.33121","191.9","2015-10","480.7","-0.5","25.6","207.0","12.5","17.6","7.4"
"USW00094847","DETROIT METRO AIRPORT, MI US","42.23113","-83.33121","191.9","2015-11","480.7","-6.6","25.0","522.8","7.8","12.9","2.7"
"USW00094847","DETROIT METRO AIRPORT, MI US","42.23113","-83.33121","191.9","2015-12","480.7","-6.0","17.2","934.4","5.1","8.5","1.6"
"USW00094849","ALPENA CO REGIONAL AIRPORT, MI US","45.0716","-83.56451","208.3","2015-07","92.7","5.6","33.3","20.8","20.1","27.8","12.3"
"USW00094849","ALPENA CO REGIONAL AIRPORT, MI US","45.0716","-83.56451","208.3","2015-08","157.4","7.2","33.9","43.9","19.7","25.8","13.6"
"USW00094849","ALPENA CO REGIONAL AIRPORT, MI US","45.0716","-83.56451","208.3","2015-09","204.5","4.4","32.2","104.8","17.9","24.4","11.4"
"USW00094849","ALPENA CO REGIONAL AIRPORT, MI US","45.0716","-83.56451","208.3","2015-10","205.1","-3.8","26.7","388.5","9.2","14.3","4.1"
"USW00094849","ALPENA CO REGIONAL AIRPORT, MI US","45.0716","-83.56451","208.3","2015-11","205.1","-9.3","24.4","775.0","5.4","10.6","0.2"
"USW00094849","ALPENA CO REGIONAL AIRPORT, MI US","45.0716","-83.56451","208.3","2015-12","205.1","-7.1","15.0","1264.0","2.6","6.0","-0.9"
"USC00202381","EAST JORDAN, MI US","45.15179","-85.1324","178.9","2015-07",,,,,,,
"USC00202381","EAST JORDAN, MI US","45.15179","-85.1324","178.9","2015-08",,,,,,,
"USC00202381","EAST JORDAN, MI US","45.15179","-85.1324","178.9","2015-09",,,,,,,
"USC00202381","EAST JORDAN, MI US","45.15179","-85.1324","178.9","2015-10",,,,,,,
"USC00202381","EAST JORDAN, MI US","45.15179","-85.1324","178.9","2015-11",,,,,,,
"USC00202381","EAST JORDAN, MI US","45.15179","-85.1324","178.9","2015-12",,,,,,,
"USC00205892","NILES, MI US","41.8405","-86.2658","198.1","2015-07","219.7","7.2","32.8","5.6","21.7","27.8","15.5"
"USC00205892","NILES, MI US","41.8405","-86.2658","198.1","2015-08","323.5","5.0","32.8","15.6","21.4","27.2","15.5"
"USC00205892","NILES, MI US","41.8405","-86.2658","198.1","2015-09","401.9","5.6","32.8","40.5","20.1","26.8","13.4"
"USC00205892","NILES, MI US","41.8405","-86.2658","198.1","2015-10","403.0","-1.7","25.6","223.1","12.5","18.1","6.9"
"USC00205892","NILES, MI US","41.8405","-86.2658","198.1","2015-11","403.0","-9.4","24.4","543.8","7.6","13.6","1.7"
"USC00205892","NILES, MI US","41.8405","-86.2658","198.1","2015-12","403.0","-9.4","17.2","968.4","4.6","8.8","0.5"
"US1MIWS0007","ANN ARBOR 3.1 SE, MI US","42.239144","-83.69582","251.5","2015-07",,,,,,,
"US1MIWS0007","ANN ARBOR 3.1 SE, MI US","42.239144","-83.69582","251.5","2015-08",,,,,,,
"US1MIWS0007","ANN ARBOR 3.1 SE, MI US","42.239144","-83.69582","251.5","2015-09",,,,,,,
"US1MIWS0007","ANN ARBOR 3.1 SE, MI US","42.239144","-83.69582","251.5","2015-10",,,,,,,
"US1MIWS0007","ANN ARBOR 3.1 SE, MI US","42.239144","-83.69582","251.5","2015-11",,,,,,,
"US1MIWS0007","ANN ARBOR 3.1 SE, MI US","42.239144","-83.69582","251.5","2015-12",,,,,,,
"USC00202382","EAST JORDAN 2 NW, MI US","45.1863","-85.1477","196.9","2015-07","90.4","5.6","32.8","36.3","19.3","25.9","12.8"
"USC00202382","EAST JORDAN 2 NW, MI US","45.1863","-85.1477","196.9","2015-08","151.5","8.9","32.2","61.9","19.5","24.6","14.3"
"USC00202382","EAST JORDAN 2 NW, MI US","45.1863","-85.1477","196.9","2015-09","197.4","3.3","31.1","120.0","17.9","23.6","12.2"
"USC00202382","EAST JORDAN 2 NW, MI US","45.1863","-85.1477","196.9","2015-10","197.4","-3.3","21.7","420.5","8.6","13.2","4.1"
"USC00202382","EAST JORDAN 2 NW, MI US","45.1863","-85.1477","196.9","2015-11","197.4","-7.2","21.7","821.0","5.0","9.4","0.5"
"USC00202382","EAST JORDAN 2 NW, MI US","45.1863","-85.1477","196.9","2015-12","197.4","-7.8","14.4","1330.6","1.9","4.6","-0.8"
"US1MIWS0005","ANN ARBOR 3.0 SE, MI US","42.2436","-83.692","249.9","2015-10",,,,,,,
"USW00004847","ADRIAN LENAWEE CO AIRPORT, MI US","41.86784","-84.07946","244.1","2015-07","186.1","11.1","32.2","3.0","21.1","26.9","15.4"
"USW00004847","ADRIAN LENAWEE CO AIRPORT, MI US","41.86784","-84.07946","244.1","2015-08","260.9","8.3","31.1","13.6","20.6","26.4","14.7"
"USW00004847","ADRIAN LENAWEE CO AIRPORT, MI US","41.86784","-84.07946","244.1","2015-09","332.0","4.4","33.3","45.5","19.7","26.6","12.9"
"USW00004847","ADRIAN LENAWEE CO AIRPORT, MI US","41.86784","-84.07946","244.1","2015-10","332.0","-2.7","25.0","249.1","11.6","17.2","5.9"
"USW00004847","ADRIAN LENAWEE CO AIRPORT, MI US","41.86784","-84.07946","244.1","2015-11","332.0","-9.9","23.9","600.6","6.6","12.3","0.9"
"USW00004847","ADRIAN LENAWEE CO AIRPORT, MI US","41.86784","-84.07946","244.1","2015-12","332.0","-6.6","17.8","1034.9","4.3","7.8","0.9"
"USC00205406","MICHIGAMME 3 WNW, MI US","46.5453","-88.18","521.2","2015-07",,,,,,,
"USC00205406","MICHIGAMME 3 WNW, MI US","46.5453","-88.18","521.2","2015-08",,,,,,,
"USC00205406","MICHIGAMME 3 WNW, MI US","46.5453","-88.18","521.2","2015-09",,,,,,,
"USC00205406","MICHIGAMME 3 WNW, MI US","46.5453","-88.18","521.2","2015-10",,,,,,,
"USC00205406","MICHIGAMME 3 WNW, MI US","46.5453","-88.18","521.2","2015-11",,,,,,,
"USC00205406","MICHIGAMME 3 WNW, MI US","46.5453","-88.18","521.2","2015-12",,,,,,,
"USW00004854","GAYLORD OTSEGO CO AIRPORT, MI US","45.01657","-84.68942","405.9","2015-07","81.5","5.0","32.8","24.4","19.5","26.1","13.0"
"USW00004854","GAYLORD OTSEGO CO AIRPORT, MI US","45.01657","-84.68942","405.9","2015-08","135.1","8.9","31.7","54.0","19.1","24.3","13.9"
"USW00004854","GAYLORD OTSEGO CO AIRPORT, MI US","45.01657","-84.68942","405.9","2015-09","177.7","2.2","30.6","122.6","17.5","22.7","12.2"
"USW00004854","GAYLORD OTSEGO CO AIRPORT, MI US","45.01657","-84.68942","405.9","2015-10","177.7","-2.7","24.4","436.9","8.2","12.6","3.8"
"USW00004854","GAYLORD OTSEGO CO AIRPORT, MI US","45.01657","-84.68942","405.9","2015-11","177.7","-10.5","22.8","848.2","4.6","9.3","-0.1"
"USW00004854","GAYLORD OTSEGO CO AIRPORT, MI US","45.01657","-84.68942","405.9","2015-12","177.7","-8.2","13.3","1364.6","1.7","4.6","-1.2"
"USC00203585","HARBOR BEACH 1 SSE, MI US","43.8322","-82.6427","181.4","2015-07","68.9","6.7","29.4","34.8","18.9","23.7","14.2"
"USC00203585","HARBOR BEACH 1 SSE, MI US","43.8322","-82.6427","181.4","2015-08","121.3","10.6","31.1","55.4","19.4","23.6","15.1"
"USC00203585","HARBOR BEACH 1 SSE, MI US","43.8322","-82.6427","181.4","2015-09","173.8","8.3","30.6","94.6","18.8","23.3","14.3"
"USC00203585","HARBOR BEACH 1 SSE, MI US","43.8322","-82.6427","181.4","2015-10","173.8","-1.1","23.9","352.4","10.0","14.2","5.9"
"USC00203585","HARBOR BEACH 1 SSE, MI US","43.8322","-82.6427","181.4","2015-11","173.8","-6.7","22.2","713.0","6.3","10.5","2.2"
"USC00203585","HARBOR BEACH 1 SSE, MI US","43.8322","-82.6427","181.4","2015-12","173.8","-7.2","14.4","1183.2","3.2","6.3","0.1"
"US1MIWS0003","PLYMOUTH 5.4 W, MI US","42.382785","-83.571244","266.4","2015-07",,,,,,,
"US1MIWS0003","PLYMOUTH 5.4 W, MI US","42.382785","-83.571244","266.4","2015-08",,,,,,,
"US1MIWS0003","PLYMOUTH 5.4 W, MI US","42.382785","-83.571244","266.4","2015-09",,,,,,,
"US1MIWS0003","PLYMOUTH 5.4 W, MI US","42.382785","-83.571244","266.4","2015-10",,,,,,,
"US1MIWS0003","PLYMOUTH 5.4 W, MI US","42.382785","-83.571244","266.4","2015-11",,,,,,,
"US1MIWS0003","PLYMOUTH 5.4 W, MI US","42.382785","-83.571244","266.4","2015-12",,,,,,,
"USC00200197","AMASA 1 W, MI US","46.2347","-88.4544","448.1","2015-07",,"2.8","32.2","40.9","19.0","26.3","11.6"
"USC00200197","AMASA 1 W, MI US","46.2347","-88.4544","448.1","2015-08",,"3.9","32.8","95.3","17.6","24.1","11.1"
"USC00200197","AMASA 1 W, MI US","46.2347","-88.4544","448.1","2015-09",,"-3.3","30.6","182.5","16.3","23.8","8.7"
"USC00200197","AMASA 1 W, MI US","46.2347","-88.4544","448.1","2015-10",,"-5.0","29.4","523.9","6.9","13.6","0.3"
"USC00200197","AMASA 1 W, MI US","46.2347","-88.4544","448.1","2015-11",,"-16.7","20.0","1040.1","1.1","7.4","-5.2"
"USC00200197","AMASA 1 W, MI US","46.2347","-88.4544","448.1","2015-12",,"-13.3","10.6","1674.1","-2.1","0.9","-5.1"
"USC00204793","LINDEN WWTP, MI US","42.8133","-83.8038","263.0","2015-07",,"8.3","31.1","18.1","19.8","25.8","13.8"
"USC00204793","LINDEN WWTP, MI US","42.8133","-83.8038","263.0","2015-08",,"8.9","33.3","37.8","19.6","25.1","14.1"
"USC00204793","LINDEN WWTP, MI US","42.8133","-83.8038","263.0","2015-09",,"5.6","31.7","85.9","18.7","24.8","12.6"
"USC00204793","LINDEN WWTP, MI US","42.8133","-83.8038","263.0","2015-10",,"-2.8","24.4","344.4","10.0","15.4","4.6"
"USC00204793","LINDEN WWTP, MI US","42.8133","-83.8038","263.0","2015-11",,"-8.3","24.4","705.3","6.3","11.4","1.2"
"USC00204793","LINDEN WWTP, MI US","42.8133","-83.8038","263.0","2015-12",,"-5.6","15.6","1165.2","3.5","7.1","-0.1"
"US1MIOD0003","LUZERNE 2.4 NE, MI US","44.6414","-84.2383","344.1","2015-07",,,,,,,
"US1MIOD0003","LUZERNE 2.4 NE, MI US","44.6414","-84.2383","344.1","2015-08",,,,,,,
"US1MIOD0003","LUZERNE 2.4 NE, MI US","44.6414","-84.2383","344.1","2015-09",,,,,,,
"US1MIOD0003","LUZERNE 2.4 NE, MI US","44.6414","-84.2383","344.1","2015-10",,,,,,,
"US1MIOD0003","LUZERNE 2.4 NE, MI US","44.6414","-84.2383","344.1","2015-11",,,,,,,
"US1MIOD0003","LUZERNE 2.4 NE, MI US","44.6414","-84.2383","344.1","2015-12",,,,,,,
"USC00202375","EAST GRAND RAPIDS, MI US","42.9378","-85.6131","227.4","2015-07",,"8.9","32.8","12.7","20.6","27.2","14.1"
"USC00202375","EAST GRAND RAPIDS, MI US","42.9378","-85.6131","227.4","2015-08",,"9.4","32.8","30.0","20.1","25.9","14.3"
"USC00202375","EAST GRAND RAPIDS, MI US","42.9378","-85.6131","227.4","2015-09",,"4.4","32.2","72.6","19.1","25.3","12.9"
"USC00202375","EAST GRAND RAPIDS, MI US","42.9378","-85.6131","227.4","2015-10",,"-2.2","23.9","310.6","10.7","16.1","5.3"
"USC00202375","EAST GRAND RAPIDS, MI US","42.9378","-85.6131","227.4","2015-11",,"-7.8","23.9","671.7","6.3","11.9","0.6"
"USC00202375","EAST GRAND RAPIDS, MI US","42.9378","-85.6131","227.4","2015-12",,"-5.0","15.6","1128.6","3.6","7.0","0.2"
"USC00202015","DEARBORN, MI US","42.31917","-83.23839","184.4","2015-07","188.6","6.1","32.2","8.4","21.2","27.1","15.4"
"USC00202015","DEARBORN, MI US","42.31917","-83.23839","184.4","2015-08","283.0","10.0","31.7","18.9","21.0","26.4","15.7"
"USC00202015","DEARBORN, MI US","42.31917","-83.23839","184.4","2015-09","346.3","4.4","32.2","50.6","19.4","25.6","13.3"
"USC00202015","DEARBORN, MI US","42.31917","-83.23839","184.4","2015-10","346.3","-2.8","25.0","261.7","11.5","17.2","5.8"
"USC00202015","DEARBORN, MI US","42.31917","-83.23839","184.4","2015-11","346.6","-7.2","25.0","592.3","7.1","12.2","1.9"
"USC00202015","DEARBORN, MI US","42.31917","-83.23839","184.4","2015-12","346.6","-6.7","15.6","1029.7","4.2","7.6","0.8"
"USC00207820","STANDISH 4 NE, MI US","44.0126","-83.8977","187.5","2015-12",,"-7.2","15.0",,"2.8","6.0","-0.4"
"USC00202016","DEARBORN NUMBER 2, MI US","42.3469","-83.1736","184.4","2015-07","210.3","10.0","33.9","4.7","21.9","27.7","16.2"
"USC00202016","DEARBORN NUMBER 2, MI US","42.3469","-83.1736","184.4","2015-08","323.6","11.1","32.2","11.7","21.8","26.9","16.6"
"USC00202016","DEARBORN NUMBER 2, MI US","42.3469","-83.1736","184.4","2015-09","422.0","7.8","33.3","35.5","20.8","26.5","15.1"
"USC00202016","DEARBORN NUMBER 2, MI US","42.3469","-83.1736","184.4","2015-10","423.4","0.6","26.1","210.2","12.1","17.5","6.8"
"USC00202016","DEARBORN NUMBER 2, MI US","42.3469","-83.1736","184.4","2015-11","423.4","-5.6","26.1","528.3","7.7","13.3","2.2"
"USC00202016","DEARBORN NUMBER 2, MI US","42.3469","-83.1736","184.4","2015-12","423.4","-5.6","16.1","946.0","4.9","8.3","1.4"
"USC00200094","ALBION, MI US","42.24941","-84.7732","285.0","2015-07","127.0","10.0","30.6","14.6","19.9","25.9","13.9"
"USC00200094","ALBION, MI US","42.24941","-84.7732","285.0","2015-08","181.0","7.8","30.6","28.5","19.6","25.5","13.7"
"USC00200094","ALBION, MI US","42.24941","-84.7732","285.0","2015-09",,"4.4","31.1",,"18.5","25.0","12.1"
"USC00200094","ALBION, MI US","42.24941","-84.7732","285.0","2015-10",,"-3.3","24.4",,"10.3","16.1","4.4"
"USC00200094","ALBION, MI US","42.24941","-84.7732","285.0","2015-11",,"-9.4","24.4",,"5.3","11.2","-0.5"
"USC00200094","ALBION, MI US","42.24941","-84.7732","285.0","2015-12",,"-7.2","16.7",,"3.5","7.6","-0.6"
"US1MIHL0001","LITCHFIELD 0.3 ENE, MI US","42.045278","-84.753056","317.0","2015-07",,,,,,,
"US1MIHL0001","LITCHFIELD 0.3 ENE, MI US","42.045278","-84.753056","317.0","2015-08",,,,,,,
"US1MIHL0001","LITCHFIELD 0.3 ENE, MI US","42.045278","-84.753056","317.0","2015-09",,,,,,,
"US1MIHL0001","LITCHFIELD 0.3 ENE, MI US","42.045278","-84.753056","317.0","2015-10",,,,,,,
"US1MIHL0001","LITCHFIELD 0.3 ENE, MI US","42.045278","-84.753056","317.0","2015-11",,,,,,,
"US1MIHL0001","LITCHFIELD 0.3 ENE, MI US","42.045278","-84.753056","317.0","2015-12",,,,,,,
"USW00094850","MARQUETTE WEATHER FORECAST OFFICE, MI US","46.5313","-87.5491","431.3","2015-07","57.5","5.6","32.8","38.6","18.9","25.1","12.7"
"USW00094850","MARQUETTE WEATHER FORECAST OFFICE, MI US","46.5313","-87.5491","431.3","2015-08","96.7","3.9","32.2","95.6","17.8","23.1","12.4"
"USW00094850","MARQUETTE WEATHER FORECAST OFFICE, MI US","46.5313","-87.5491","431.3","2015-09","130.3","-1.0","30.0","189.6","16.3","22.1","10.6"
"USW00094850","MARQUETTE WEATHER FORECAST OFFICE, MI US","46.5313","-87.5491","431.3","2015-10","132.0","-3.8","29.4","556.5","6.6","11.4","1.8"
"USW00094850","MARQUETTE WEATHER FORECAST OFFICE, MI US","46.5313","-87.5491","431.3","2015-11","132.0","-14.9","19.4","1029.7","2.6","7.1","-2.0"
"USW00094850","MARQUETTE WEATHER FORECAST OFFICE, MI US","46.5313","-87.5491","431.3","2015-12","132.0","-13.8","10.0","1649.7","-1.7","1.0","-4.3"
"US1MIHL0004","JONESVILLE 5.9 ENE, MI US","42.014718","-84.561902","364.8","2015-07",,,,,,,
"US1MIHL0004","JONESVILLE 5.9 ENE, MI US","42.014718","-84.561902","364.8","2015-08",,,,,,,
"US1MIHL0004","JONESVILLE 5.9 ENE, MI US","42.014718","-84.561902","364.8","2015-09",,,,,,,
"US1MIHL0004","JONESVILLE 5.9 ENE, MI US","42.014718","-84.561902","364.8","2015-10",,,,,,,
"US1MIHL0004","JONESVILLE 5.9 ENE, MI US","42.014718","-84.561902","364.8","2015-11",,,,,,,
"US1MIHL0004","JONESVILLE 5.9 ENE, MI US","42.014718","-84.561902","364.8","2015-12",,,,,,,
"US1MIBZ0001","BENZONIA 5.3 S, MI US","44.53975658","-86.10645586","245.4","2015-07",,,,,,,
"US1MIBZ0001","BENZONIA 5.3 S, MI US","44.53975658","-86.10645586","245.4","2015-08",,,,,,,
"US1MIBZ0001","BENZONIA 5.3 S, MI US","44.53975658","-86.10645586","245.4","2015-09",,,,,,,
"US1MIBZ0001","BENZONIA 5.3 S, MI US","44.53975658","-86.10645586","245.4","2015-10",,,,,,,
"US1MIBZ0001","BENZONIA 5.3 S, MI US","44.53975658","-86.10645586","245.4","2015-11",,,,,,,
"US1MIBZ0001","BENZONIA 5.3 S, MI US","44.53975658","-86.10645586","245.4","2015-12",,,,,,,
"US1MIPI0001","ROGERS CITY 0.2 WSW, MI US","45.4174","-83.8106","183.5","2015-07",,,,,,,
"US1MIPI0001","ROGERS CITY 0.2 WSW, MI US","45.4174","-83.8106","183.5","2015-08",,,,,,,
"US1MIPI0001","ROGERS CITY 0.2 WSW, MI US","45.4174","-83.8106","183.5","2015-09",,,,,,,
"US1MIPI0001","ROGERS CITY 0.2 WSW, MI US","45.4174","-83.8106","183.5","2015-10",,,,,,,
"US1MIPI0001","ROGERS CITY 0.2 WSW, MI US","45.4174","-83.8106","183.5","2015-11",,,,,,,
"US1MIPI0001","ROGERS CITY 0.2 WSW, MI US","45.4174","-83.8106","183.5","2015-12",,,,,,,
"USC00206507","PETOSKEY, MI US","45.3725","-84.9766","182.6","2015-07","70.8","7.8","29.4","31.1","19.3","23.5","15.0"
"USC00206507","PETOSKEY, MI US","45.3725","-84.9766","182.6","2015-08","129.0","11.1","31.7","51.4","19.6","23.1","16.0"
"USC00206507","PETOSKEY, MI US","45.3725","-84.9766","182.6","2015-09","180.7","4.4","31.1","97.3","18.5","22.9","14.1"
"USC00206507","PETOSKEY, MI US","45.3725","-84.9766","182.6","2015-10","180.7","-0.6","22.2","373.3","9.4","13.3","5.6"
"USC00206507","PETOSKEY, MI US","45.3725","-84.9766","182.6","2015-11","180.7","-5.0","21.7","741.8","5.6","9.4","1.9"
"USC00206507","PETOSKEY, MI US","45.3725","-84.9766","182.6","2015-12","180.7","-6.7","15.0","1233.2","2.5","5.1","-0.1"
"US1MIGG0004","WATERSMEET 5.0 SE, MI US","46.203333","-89.131667","518.5","2015-07",,,,,,,
"US1MIGG0004","WATERSMEET 5.0 SE, MI US","46.203333","-89.131667","518.5","2015-09",,,,,,,
"US1MIGG0004","WATERSMEET 5.0 SE, MI US","46.203333","-89.131667","518.5","2015-10",,,,,,,
"USC00205533","MIO WWTP, MI US","44.6466","-84.1158","316.1","2015-07",,"4.4","34.4","32.3","19.6","27.2","12.0"
"USC00205533","MIO WWTP, MI US","44.6466","-84.1158","316.1","2015-08",,"6.1","33.3","66.8","19.1","25.5","12.6"
"USC00205533","MIO WWTP, MI US","44.6466","-84.1158","316.1","2015-09",,"1.7","32.2","140.3","17.2","24.1","10.2"
"USC00205533","MIO WWTP, MI US","44.6466","-84.1158","316.1","2015-10",,"-7.2","26.1","463.7","7.9","14.2","1.6"
"USC00205533","MIO WWTP, MI US","44.6466","-84.1158","316.1","2015-11",,"-11.1","24.4","880.5","4.4","10.5","-1.6"
"USC00205533","MIO WWTP, MI US","44.6466","-84.1158","316.1","2015-12",,"-8.3","13.9","1394.9","1.7","5.4","-1.9"
"US1MISG0011","SAGINAW 3.0 NW, MI US","43.45566","-83.98455","185.6","2015-07",,,,,,,
"US1MISG0011","SAGINAW 3.0 NW, MI US","43.45566","-83.98455","185.6","2015-08",,,,,,,
"US1MISG0011","SAGINAW 3.0 NW, MI US","43.45566","-83.98455","185.6","2015-10",,,,,,,
"US1MISG0011","SAGINAW 3.0 NW, MI US","43.45566","-83.98455","185.6","2015-11",,,,,,,
"US1MISG0011","SAGINAW 3.0 NW, MI US","43.45566","-83.98455","185.6","2015-12",,,,,,,
"USC00204320","KENT CITY 2 SW, MI US","43.2036","-85.7776","247.8","2015-07",,"7.2","32.8","19.1","20.3","27.8","12.7"
"USC00204320","KENT CITY 2 SW, MI US","43.2036","-85.7776","247.8","2015-08",,,,,,,
"USC00204320","KENT CITY 2 SW, MI US","43.2036","-85.7776","247.8","2015-09",,"1.7","32.8",,"17.9","25.9","10.0"
"USC00204320","KENT CITY 2 SW, MI US","43.2036","-85.7776","247.8","2015-10",,"-5.0","23.9",,"9.9","17.3","2.4"
"USC00204320","KENT CITY 2 SW, MI US","43.2036","-85.7776","247.8","2015-12",,"-7.8","15.6",,"2.1","6.9","-2.6"
"USC00206982","RICHMOND 4 NNW, MI US","42.8783","-82.7958","233.2","2015-07","192.5","9.4","33.3","8.0","21.7","28.3","15.0"
"USC00206982","RICHMOND 4 NNW, MI US","42.8783","-82.7958","233.2","2015-08","280.4","8.9","33.3","18.9","20.8","26.6","15.1"
"USC00206982","RICHMOND 4 NNW, MI US","42.8783","-82.7958","233.2","2015-09","359.2","6.7","33.3","49.4","19.9","26.2","13.6"
"USC00206982","RICHMOND 4 NNW, MI US","42.8783","-82.7958","233.2","2015-10","359.2","-2.2","25.6","288.1","10.6","16.1","5.1"
"USC00206982","RICHMOND 4 NNW, MI US","42.8783","-82.7958","233.2","2015-11","359.2","-11.7","26.7","645.0","6.4","12.1","0.8"
"USC00206982","RICHMOND 4 NNW, MI US","42.8783","-82.7958","233.2","2015-12","359.2","-6.7","16.1","1102.3","3.6","6.9","0.2"
"USC00200089","ALBERTA FORD FOR CENTER, MI US","46.6448","-88.4812","399.3","2015-09",,"-1.1","31.1",,"17.9","24.6","11.2"
"USC00200089","ALBERTA FORD FOR CENTER, MI US","46.6448","-88.4812","399.3","2015-10",,"-3.9","30.6",,"7.8","13.8","1.8"
"USC00200089","ALBERTA FORD FOR CENTER, MI US","46.6448","-88.4812","399.3","2015-11",,"-12.8","19.4",,"3.2","8.2","-1.7"
"USC00200089","ALBERTA FORD FOR CENTER, MI US","46.6448","-88.4812","399.3","2015-12",,"-15.6","10.0",,"-2.2","0.9","-5.4"
"US1MIWS0011","ANN ARBOR 2.1 WNW, MI US","42.283233","-83.771503","275.5","2015-07",,,,,,,
"US1MIWS0011","ANN ARBOR 2.1 WNW, MI US","42.283233","-83.771503","275.5","2015-10",,,,,,,
"US1MIWS0011","ANN ARBOR 2.1 WNW, MI US","42.283233","-83.771503","275.5","2015-11",,,,,,,
"US1MIWS0011","ANN ARBOR 2.1 WNW, MI US","42.283233","-83.771503","275.5","2015-12",,,,,,,
"USC00201178","CADILLAC 9 AND 10 NEWS, MI US","44.21138","-85.40865","415.4","2015-07","72.3","6.1","33.3","43.1","18.5","26.0","11.0"
"USC00201178","CADILLAC 9 AND 10 NEWS, MI US","44.21138","-85.40865","415.4","2015-08","123.0","9.4","31.1","71.2","19.1","24.6","13.5"
"USC00201178","CADILLAC 9 AND 10 NEWS, MI US","44.21138","-85.40865","415.4","2015-09","165.5","1.7","30.6","130.9","17.8","23.8","11.8"
"USC00201178","CADILLAC 9 AND 10 NEWS, MI US","44.21138","-85.40865","415.4","2015-10","165.5","-2.8","22.8","430.3","8.7","14.0","3.3"
"USC00201178","CADILLAC 9 AND 10 NEWS, MI US","44.21138","-85.40865","415.4","2015-11","165.5","-11.1","22.8","835.5","4.8","10.0","-0.3"
"USC00201178","CADILLAC 9 AND 10 NEWS, MI US","44.21138","-85.40865","415.4","2015-12",,,,,,,
"USC00201299","CARO WWTP, MI US","43.4838","-83.3919","210.3","2015-07","161.8","6.1","32.2","16.6","20.6","26.9","14.2"
"USC00201299","CARO WWTP, MI US","43.4838","-83.3919","210.3","2015-08","229.5","10.0","31.1","31.3","20.0","25.4","14.7"
"USC00201299","CARO WWTP, MI US","43.4838","-83.3919","210.3","2015-09","287.3","6.1","31.7","72.1","18.9","25.0","12.8"
"USC00201299","CARO WWTP, MI US","43.4838","-83.3919","210.3","2015-10","287.6","-0.6","23.9","322.2","10.0","15.1","4.9"
"USC00201299","CARO WWTP, MI US","43.4838","-83.3919","210.3","2015-11","287.6","-8.3","23.3","659.6","6.1","11.3","0.9"
"USC00201299","CARO WWTP, MI US","43.4838","-83.3919","210.3","2015-12","287.6","-5.6","15.6","1108.5","3.4","7.1","-0.4"
"USC00203477","GROSSE POINTE FARMS, MI US","42.4077","-82.8891","186.8","2015-07","172.2","11.1","32.8","9.5","21.2","26.0","16.4"
"USC00203477","GROSSE POINTE FARMS, MI US","42.4077","-82.8891","186.8","2015-08","266.1","8.3","32.8","21.5","21.0","25.7","16.3"
"USC00203477","GROSSE POINTE FARMS, MI US","42.4077","-82.8891","186.8","2015-09","344.6","8.3","33.3","47.6","20.1","24.7","15.5"
"USC00203477","GROSSE POINTE FARMS, MI US","42.4077","-82.8891","186.8","2015-10","344.6","0.0","24.4","243.8","11.8","16.1","7.5"
"USC00203477","GROSSE POINTE FARMS, MI US","42.4077","-82.8891","186.8","2015-11","345.4","-5.0","23.3","563.1","7.7","11.7","3.7"
"USC00203477","GROSSE POINTE FARMS, MI US","42.4077","-82.8891","186.8","2015-12","345.4","-5.0","18.9","953.3","5.3","9.0","1.6"
"USC00208920","WHITEFISH POINT, MI US","46.7475","-84.9857","189.6","2015-08",,"8.3","31.1",,"17.4","21.9","13.0"
"USC00208920","WHITEFISH POINT, MI US","46.7475","-84.9857","189.6","2015-09",,"3.3","27.2",,"16.8","21.6","12.1"
"USC00208800","WEST BRANCH 3 SE, MI US","44.2541","-84.2011","269.7","2015-07","98.0","5.6","33.3","23.9","19.8","26.9","12.7"
"USC00208800","WEST BRANCH 3 SE, MI US","44.2541","-84.2011","269.7","2015-08","143.1","9.4","31.7","52.1","18.9","25.6","12.2"
"USC00208800","WEST BRANCH 3 SE, MI US","44.2541","-84.2011","269.7","2015-09","181.8","3.9","31.1","117.9","17.4","24.3","10.5"
"USC00208800","WEST BRANCH 3 SE, MI US","44.2541","-84.2011","269.7","2015-10","181.8","-2.8","24.4","419.7","8.6","14.1","3.1"
"USC00208800","WEST BRANCH 3 SE, MI US","44.2541","-84.2011","269.7","2015-11","181.8","-10.0","22.2","845.2","4.1","10.3","-2.0"
"USC00208800","WEST BRANCH 3 SE, MI US","44.2541","-84.2011","269.7","2015-12","181.8","-9.4","13.9","1367.1","1.5","4.9","-1.9"
"USW00094860","GRAND RAPIDS GERALD R FORD INTERNATIONAL AIRPORT, MI US","42.8821","-85.52297","240.3","2015-07","179.7","10.0","32.2","7.8","21.5","27.4","15.6"
"USW00094860","GRAND RAPIDS GERALD R FORD INTERNATIONAL AIRPORT, MI US","42.8821","-85.52297","240.3","2015-08","269.5","10.6","32.8","17.5","20.9","25.9","15.9"
"USW00094860","GRAND RAPIDS GERALD R FORD INTERNATIONAL AIRPORT, MI US","42.8821","-85.52297","240.3","2015-09","341.2","6.1","31.7","52.4","19.6","25.3","13.8"
"USW00094860","GRAND RAPIDS GERALD R FORD INTERNATIONAL AIRPORT, MI US","42.8821","-85.52297","240.3","2015-10","341.2","-1.6","24.4","274.5","11.2","16.1","6.2"
"USW00094860","GRAND RAPIDS GERALD R FORD INTERNATIONAL AIRPORT, MI US","42.8821","-85.52297","240.3","2015-11","341.2","-7.1","24.4","598.9","7.5","12.8","2.3"
"USW00094860","GRAND RAPIDS GERALD R FORD INTERNATIONAL AIRPORT, MI US","42.8821","-85.52297","240.3","2015-12","341.2","-6.0","16.1","1043.6","4.0","7.3","0.6"
"US1MIOW0038","ALLENDALE 2.1 SE, MI US","42.966614","-85.920342","201.2","2015-10",,,,,,,
"USC00206510","PETOSKEY NCMC, MI US","45.3613","-84.9512","228.0","2015-07","82.1","6.1","32.8","36.8","19.1","24.7","13.5"
"USC00206510","PETOSKEY NCMC, MI US","45.3613","-84.9512","228.0","2015-08","134.8","9.4","31.1","62.5","19.2","23.6","14.8"
"USC00206510","PETOSKEY NCMC, MI US","45.3613","-84.9512","228.0","2015-09","185.5","1.7","31.7","122.5","18.0","23.6","12.5"
"USC00206510","PETOSKEY NCMC, MI US","45.3613","-84.9512","228.0","2015-10","185.5","-2.2","22.2","431.1","8.4","13.0","3.8"
"USC00206510","PETOSKEY NCMC, MI US","45.3613","-84.9512","228.0","2015-11","185.5","-7.8","22.8","834.3","4.9","9.3","0.4"
"USC00206510","PETOSKEY NCMC, MI US","45.3613","-84.9512","228.0","2015-12","185.5","-7.8","14.4","1346.9","1.8","4.6","-1.0"
"USC00205662","CENTRAL MICHIGAN UNIVERSITY, MI US","43.5859","-84.7694","242.3","2015-10",,,,,,,
"USC00205662","CENTRAL MICHIGAN UNIVERSITY, MI US","43.5859","-84.7694","242.3","2015-11",,"-6.7","23.9",,"6.6","11.5","1.7"
"USC00205662","CENTRAL MICHIGAN UNIVERSITY, MI US","43.5859","-84.7694","242.3","2015-12",,"-5.6","15.6",,"3.0","6.1","-0.2"
"US1MIBH0005","QUINCY 0.1 SSW, MI US","41.94198","-84.883966","309.4","2015-08",,,,,,,
"US1MIOW0030","ALLENDALE 1.3 SSW, MI US","42.96742","-85.95743","199.3","2015-07",,,,,,,
"US1MIOW0030","ALLENDALE 1.3 SSW, MI US","42.96742","-85.95743","199.3","2015-08",,,,,,,
"US1MIOW0030","ALLENDALE 1.3 SSW, MI US","42.96742","-85.95743","199.3","2015-09",,,,,,,
"US1MIOW0030","ALLENDALE 1.3 SSW, MI US","42.96742","-85.95743","199.3","2015-10",,,,,,,
"US1MIOW0030","ALLENDALE 1.3 SSW, MI US","42.96742","-85.95743","199.3","2015-11",,,,,,,
"US1MIOW0030","ALLENDALE 1.3 SSW, MI US","42.96742","-85.95743","199.3","2015-12",,,,,,,
"USW00094871","BENTON HARBOR, MI US","42.12894","-86.41518","195.4","2015-07","142.4","9.4","32.2","15.9","20.4","26.3","14.6"
"USW00094871","BENTON HARBOR, MI US","42.12894","-86.41518","195.4","2015-08","219.2","9.4","33.3","24.5","20.5","25.6","15.4"
"USW00094871","BENTON HARBOR, MI US","42.12894","-86.41518","195.4","2015-09","287.2","5.0","31.7","67.8","19.2","25.0","13.3"
"USW00094871","BENTON HARBOR, MI US","42.12894","-86.41518","195.4","2015-10","287.5","-1.0","25.6","277.6","11.6","16.9","6.3"
"USW00094871","BENTON HARBOR, MI US","42.12894","-86.41518","195.4","2015-11","288.1","-6.6","23.9","590.8","7.9","12.8","3.1"
"USW00094871","BENTON HARBOR, MI US","42.12894","-86.41518","195.4","2015-12","288.1","-4.3","17.2","1006.5","4.9","8.1","1.8"
"US1MIMC0003","CEDARVILLE 3.2 ESE, MI US","45.9893775","-84.2977821","189.6","2015-07",,,,,,,
"US1MIMC0003","CEDARVILLE 3.2 ESE, MI US","45.9893775","-84.2977821","189.6","2015-08",,,,,,,
"US1MIMC0003","CEDARVILLE 3.2 ESE, MI US","45.9893775","-84.2977821","189.6","2015-09",,,,,,,
"US1MIMC0003","CEDARVILLE 3.2 ESE, MI US","45.9893775","-84.2977821","189.6","2015-10",,,,,,,
"US1MIMC0005","ST. IGNACE 0.6 WSW, MI US","45.8642265200615","-84.7358228266239","213.7","2015-07",,,,,,,
"US1MIMC0005","ST. IGNACE 0.6 WSW, MI US","45.8642265200615","-84.7358228266239","213.7","2015-08",,,,,,,
"US1MIMC0005","ST. IGNACE 0.6 WSW, MI US","45.8642265200615","-84.7358228266239","213.7","2015-09",,,,,,,
"US1MIMC0005","ST. IGNACE 0.6 WSW, MI US","45.8642265200615","-84.7358228266239","213.7","2015-10",,,,,,,
"US1MIMC0005","ST. IGNACE 0.6 WSW, MI US","45.8642265200615","-84.7358228266239","213.7","2015-11",,,,,,,
"US1MIMC0005","ST. IGNACE 0.6 WSW, MI US","45.8642265200615","-84.7358228266239","213.7","2015-12",,,,,,,
"USC00208706","WATTON 2 WSW, MI US","46.52664","-88.64243","424.9","2015-07","55.8","2.2","30.6","50.9","18.3","23.7","12.9"
"USC00208706","WATTON 2 WSW, MI US","46.52664","-88.64243","424.9","2015-08","85.9","5.0","30.6","120.7","17.1","21.3","12.8"
"USC00208706","WATTON 2 WSW, MI US","46.52664","-88.64243","424.9","2015-09","118.5","1.1","28.3","200.7","16.8","22.1","11.4"
"USC00208706","WATTON 2 WSW, MI US","46.52664","-88.64243","424.9","2015-10","121.3","-6.1","28.9","576.8","6.3","11.9","0.7"
"USC00208706","WATTON 2 WSW, MI US","46.52664","-88.64243","424.9","2015-11","121.3","-15.0","19.4","1037.1","3.0","6.7","-0.7"
"USC00208706","WATTON 2 WSW, MI US","46.52664","-88.64243","424.9","2015-12","121.3","-13.3","8.9","1681.3","-2.4","0.1","-5.0"
"USC00205434","MIDLAND, MI US","43.6088","-84.2011","195.1","2015-07","177.0","8.3","31.7","12.8","21.3","27.1","15.5"
"USC00205434","MIDLAND, MI US","43.6088","-84.2011","195.1","2015-08","254.8","12.2","31.1","22.2","20.6","25.5","15.7"
"USC00205434","MIDLAND, MI US","43.6088","-84.2011","195.1","2015-09","304.5","3.3","30.6","86.6","17.9","23.4","12.4"
"USC00205434","MIDLAND, MI US","43.6088","-84.2011","195.1","2015-10",,,,,,,
"USC00205434","MIDLAND, MI US","43.6088","-84.2011","195.1","2015-11",,"-7.8","22.8",,"7.1","12.1","2.1"
"USC00205434","MIDLAND, MI US","43.6088","-84.2011","195.1","2015-12",,"-5.6","15.6",,"3.3","6.5","0.2"
"USC00206884","REED CITY WWTP, MI US","43.875","-85.4968","319.1","2015-07","73.6","7.2","31.7","32.6","18.9","26.0","11.8"
"USC00206884","REED CITY WWTP, MI US","43.875","-85.4968","319.1","2015-08","118.8","9.4","31.1","65.0","18.8","24.3","13.2"
"USC00206884","REED CITY WWTP, MI US","43.875","-85.4968","319.1","2015-09","150.3","2.2","30.0","130.5","17.2","23.9","10.5"
"USC00206884","REED CITY WWTP, MI US","43.875","-85.4968","319.1","2015-10",,,"22.2",,,"14.7",
"USC00206884","REED CITY WWTP, MI US","43.875","-85.4968","319.1","2015-11",,"-10.6","22.2",,"4.4","10.2","-1.3"
"USC00206884","REED CITY WWTP, MI US","43.875","-85.4968","319.1","2015-12",,"-7.8","13.9",,"1.7","4.8","-1.4"
"USR0000MSEN","SENEY MICHIGAN, MI US","46.2403","-85.9428","221.3","2015-07","57.3","4.4","32.8","36.1","18.9","26.2","11.7"
"USR0000MSEN","SENEY MICHIGAN, MI US","46.2403","-85.9428","221.3","2015-08","95.9","5.0","32.2","78.7","18.2","23.9","12.5"
"USR0000MSEN","SENEY MICHIGAN, MI US","46.2403","-85.9428","221.3","2015-09","134.5","-1.1","28.9","157.5","17.0","22.9","11.1"
"USR0000MSEN","SENEY MICHIGAN, MI US","46.2403","-85.9428","221.3","2015-10","134.5","-3.3","23.9","485.4","7.8","12.7","2.8"
"USR0000MSEN","SENEY MICHIGAN, MI US","46.2403","-85.9428","221.3","2015-11","134.5","-12.8","20.6","908.7","4.2","8.8","-0.3"
"USR0000MSEN","SENEY MICHIGAN, MI US","46.2403","-85.9428","221.3","2015-12","134.5","-11.1","12.8","1459.3","0.6","3.8","-2.6"
"USC00208941","WHITE LAKE 4 E, MI US","42.698","-83.4716","321.0","2015-07","95.6","6.1","30.6","26.4","19.2","25.7","12.6"
"USC00208941","WHITE LAKE 4 E, MI US","42.698","-83.4716","321.0","2015-08","138.1","6.1","29.4","58.8","18.7","24.2","13.1"
"USC00208941","WHITE LAKE 4 E, MI US","42.698","-83.4716","321.0","2015-09","183.9","3.9","30.0","124.7","17.7","23.8","11.5"
"USC00208941","WHITE LAKE 4 E, MI US","42.698","-83.4716","321.0","2015-10","183.9","-4.4","23.9","383.8","10.0","15.2","4.8"
"USC00208941","WHITE LAKE 4 E, MI US","42.698","-83.4716","321.0","2015-11","183.9","-10.0","24.4","758.9","5.8","11.3","0.4"
"USC00208941","WHITE LAKE 4 E, MI US","42.698","-83.4716","321.0","2015-12","183.9","-8.3","14.4","1240.9","2.8","6.5","-1.0"
"USC00204104","IRONWOOD, MI US","46.4656","-90.1892","435.9","2015-07","69.4","4.4","30.6","37.5","19.1","24.9","13.4"
"USC00204104","IRONWOOD, MI US","46.4656","-90.1892","435.9","2015-08","101.4","3.9","31.7","100.9","17.3","22.8","11.8"
"USC00204104","IRONWOOD, MI US","46.4656","-90.1892","435.9","2015-09","138.8","-1.1","30.6","190.6","16.6","22.2","11.0"
"USC00204104","IRONWOOD, MI US","46.4656","-90.1892","435.9","2015-10","140.8","-5.0","27.8","545.6","6.9","12.3","1.6"
"USC00204104","IRONWOOD, MI US","46.4656","-90.1892","435.9","2015-11","140.8","-15.0","20.0","1030.1","2.2","6.8","-2.5"
"USC00204104","IRONWOOD, MI US","46.4656","-90.1892","435.9","2015-12","140.8","-16.1","8.9","1672.2","-2.4","0.5","-5.2"
"US1MIKN0068","KENTWOOD 1.8 SSE, MI US","42.8612","-85.5731","231.3","2015-07",,,,,,,
"US1MIKN0068","KENTWOOD 1.8 SSE, MI US","42.8612","-85.5731","231.3","2015-08",,,,,,,
"US1MIKN0068","KENTWOOD 1.8 SSE, MI US","42.8612","-85.5731","231.3","2015-09",,,,,,,
"US1MIKN0068","KENTWOOD 1.8 SSE, MI US","42.8612","-85.5731","231.3","2015-10",,,,,,,
"USC00208043","TAHQUAMENON FALLS S P, MI US","46.6013","-85.2238","227.1","2015-07","46.2","2.2","33.3","59.5","17.8","25.7","9.9"
"USC00208043","TAHQUAMENON FALLS S P, MI US","46.6013","-85.2238","227.1","2015-08","75.3","5.6","32.8","120.5","17.3","23.6","11.0"
"USC00208043","TAHQUAMENON FALLS S P, MI US","46.6013","-85.2238","227.1","2015-09","109.5","-2.8","30.0","213.1","16.4","23.1","9.7"
"USC00208043","TAHQUAMENON FALLS S P, MI US","46.6013","-85.2238","227.1","2015-10","109.5","-5.6","21.1","579.0","6.5","12.6","0.5"
"USC00208043","TAHQUAMENON FALLS S P, MI US","46.6013","-85.2238","227.1","2015-11","109.5","-11.1","18.9","1048.7","2.7","8.4","-3.1"
"USC00208043","TAHQUAMENON FALLS S P, MI US","46.6013","-85.2238","227.1","2015-12","109.5","-11.1","11.1","1609.6","0.2","3.1","-2.6"
"US1MIKN0065","BELMONT 1.0 WNW, MI US","43.07895","-85.6282","239.3","2015-07",,,,,,,
"US1MIKN0065","BELMONT 1.0 WNW, MI US","43.07895","-85.6282","239.3","2015-08",,,,,,,
"US1MIKN0065","BELMONT 1.0 WNW, MI US","43.07895","-85.6282","239.3","2015-09",,,,,,,
"US1MIKN0065","BELMONT 1.0 WNW, MI US","43.07895","-85.6282","239.3","2015-10",,,,,,,
"US1MIKN0065","BELMONT 1.0 WNW, MI US","43.07895","-85.6282","239.3","2015-12",,,,,,,
"USC00207070","ROCKFORD, MI US","43.1158","-85.5642","218.2","2015-07",,,,,,,
"USC00207070","ROCKFORD, MI US","43.1158","-85.5642","218.2","2015-08",,,,,,,
"USC00207070","ROCKFORD, MI US","43.1158","-85.5642","218.2","2015-09",,,,,,,
"USC00207070","ROCKFORD, MI US","43.1158","-85.5642","218.2","2015-10",,,,,,,
"USC00207070","ROCKFORD, MI US","43.1158","-85.5642","218.2","2015-11",,,,,,,
"USC00207070","ROCKFORD, MI US","43.1158","-85.5642","218.2","2015-12",,,,,,,
"US1MICN0013","BATTLE CREEK 0.5 N, MI US","42.3058263212442","-85.2300761640072","284.4","2015-07",,,,,,,
"US1MICN0013","BATTLE CREEK 0.5 N, MI US","42.3058263212442","-85.2300761640072","284.4","2015-08",,,,,,,
"US1MICN0013","BATTLE CREEK 0.5 N, MI US","42.3058263212442","-85.2300761640072","284.4","2015-10",,,,,,,
"US1MICN0013","BATTLE CREEK 0.5 N, MI US","42.3058263212442","-85.2300761640072","284.4","2015-11",,,,,,,
"US1MICN0013","BATTLE CREEK 0.5 N, MI US","42.3058263212442","-85.2300761640072","284.4","2015-12",,,,,,,
"US1MIMB0025","CLINTON 1.2 N, MI US","42.60374","-82.92451","180.4","2015-07",,,,,,,
"US1MIMB0025","CLINTON 1.2 N, MI US","42.60374","-82.92451","180.4","2015-08",,,,,,,
"US1MIMB0025","CLINTON 1.2 N, MI US","42.60374","-82.92451","180.4","2015-11",,,,,,,
"US1MIMB0024","RAY 2.1 WNW, MI US","42.77873","-82.93591","214.9","2015-07",,,,,,,
"USC00201768","COOKS 2 NE, MI US","45.9248","-86.4435","225.6","2015-07",,,,,,,
"USC00201768","COOKS 2 NE, MI US","45.9248","-86.4435","225.6","2015-08",,,,,,,
"USC00201768","COOKS 2 NE, MI US","45.9248","-86.4435","225.6","2015-09",,,,,,,
"USC00201768","COOKS 2 NE, MI US","45.9248","-86.4435","225.6","2015-10",,,,,,,
"USC00201768","COOKS 2 NE, MI US","45.9248","-86.4435","225.6","2015-11",,,,,,,
"USC00201768","COOKS 2 NE, MI US","45.9248","-86.4435","225.6","2015-12",,,,,,,
"US1MIMB0022","UTICA 0.8 NNW, MI US","42.639577","-83.027232","198.4","2015-07",,,,,,,
"US1MIMB0022","UTICA 0.8 NNW, MI US","42.639577","-83.027232","198.4","2015-08",,,,,,,
"US1MIMB0022","UTICA 0.8 NNW, MI US","42.639577","-83.027232","198.4","2015-09",,,,,,,
"US1MIMB0022","UTICA 0.8 NNW, MI US","42.639577","-83.027232","198.4","2015-10",,,,,,,
"USC00203823","HILLSDALE, MI US","41.9352","-84.6411","329.2","2015-07","156.1","10.6","31.7","12.7","20.3","26.3","14.2"
"USC00203823","HILLSDALE, MI US","41.9352","-84.6411","329.2","2015-08","220.6","8.9","31.7","28.2","19.9","26.0","13.8"
"USC00203823","HILLSDALE, MI US","41.9352","-84.6411","329.2","2015-09","288.3","5.0","32.2","73.6","19.1","25.8","12.4"
"USC00203823","HILLSDALE, MI US","41.9352","-84.6411","329.2","2015-10","288.3","-2.8","24.4","302.2","11.0","16.7","5.2"
"USC00203823","HILLSDALE, MI US","41.9352","-84.6411","329.2","2015-11","288.3","-9.4","24.4","665.6","6.2","12.1","0.4"
"USC00203823","HILLSDALE, MI US","41.9352","-84.6411","329.2","2015-12","288.3","-7.8","16.7","1117.5","3.8","7.5","0.0"
"US1MIKN0060","COMSTOCK PARK 3.7 NNE, MI US","43.09387","-85.642839","239.0","2015-08",,,,,,,
"US1MIKN0060","COMSTOCK PARK 3.7 NNE, MI US","43.09387","-85.642839","239.0","2015-09",,,,,,,
"US1MIKN0060","COMSTOCK PARK 3.7 NNE, MI US","43.09387","-85.642839","239.0","2015-10",,,,,,,
"US1MIKN0060","COMSTOCK PARK 3.7 NNE, MI US","43.09387","-85.642839","239.0","2015-11",,,,,,,
"US1MIAR0002","ALGER 2.4 ENE, MI US","44.1337316483259","-84.0743129700422","238.4","2015-09",,,,,,,
"US1MIAR0002","ALGER 2.4 ENE, MI US","44.1337316483259","-84.0743129700422","238.4","2015-10",,,,,,,
"US1MIAR0002","ALGER 2.4 ENE, MI US","44.1337316483259","-84.0743129700422","238.4","2015-11",,,,,,,
"USC00202851","FLINT 7 W, MI US","43.0377","-83.7694","207.0","2015-07","162.9","7.8","32.2","14.0","20.6","26.5","14.8"
"USC00202851","FLINT 7 W, MI US","43.0377","-83.7694","207.0","2015-08","231.7","8.3","32.8","28.5","20.1","25.5","14.6"
"USC00202851","FLINT 7 W, MI US","43.0377","-83.7694","207.0","2015-09","291.3","6.1","31.7","75.7","18.8","24.8","12.7"
"USC00202851","FLINT 7 W, MI US","43.0377","-83.7694","207.0","2015-10","291.3","-2.2","23.9","329.5","10.1","15.6","4.7"
"USC00202851","FLINT 7 W, MI US","43.0377","-83.7694","207.0","2015-11","291.3","-10.0","23.9","693.0","6.2","11.6","0.9"
"USC00202851","FLINT 7 W, MI US","43.0377","-83.7694","207.0","2015-12","291.3","-6.1","16.7","1146.8","3.7","7.6","-0.2"
"USC00200552","BATTLE CREEK 5 NW, MI US","42.3678","-85.2634","281.3","2015-07","147.2","7.8","32.2","12.7","19.9","27.3","12.6"
"USC00200552","BATTLE CREEK 5 NW, MI US","42.3678","-85.2634","281.3","2015-08","211.6","5.6","32.8","29.3","19.9","26.6","13.1"
"USC00200552","BATTLE CREEK 5 NW, MI US","42.3678","-85.2634","281.3","2015-09","261.5","1.7","33.3","85.6","18.1","25.7","10.5"
"USC00200552","BATTLE CREEK 5 NW, MI US","42.3678","-85.2634","281.3","2015-10","261.5","-3.3","23.3","304.0","11.3","16.9","5.7"
"USC00200552","BATTLE CREEK 5 NW, MI US","42.3678","-85.2634","281.3","2015-11","261.5","-7.8","25.6","635.3","7.3","13.1","1.5"
"USC00200552","BATTLE CREEK 5 NW, MI US","42.3678","-85.2634","281.3","2015-12","261.5","-10.0","16.7","1047.0","4.5","7.9","1.0"
"USC00201522","CHESANING, MI US","43.1936","-84.1113","189.0","2015-07",,,,,,,
"USC00201522","CHESANING, MI US","43.1936","-84.1113","189.0","2015-08",,,,,,,
"USC00201522","CHESANING, MI US","43.1936","-84.1113","189.0","2015-09",,,,,,,
"USC00201522","CHESANING, MI US","43.1936","-84.1113","189.0","2015-10",,,,,,,
"USC00201522","CHESANING, MI US","43.1936","-84.1113","189.0","2015-11",,,,,,,
"USC00201522","CHESANING, MI US","43.1936","-84.1113","189.0","2015-12",,,,,,,
"USW00094814","HOUGHTON LAKE ROSCOMMON CO AIRPORT, MI US","44.35904","-84.6739","350.6","2015-07","83.9","5.0","32.8","28.6","19.4","26.7","12.1"
"USW00094814","HOUGHTON LAKE ROSCOMMON CO AIRPORT, MI US","44.35904","-84.6739","350.6","2015-08","134.8","8.3","31.7","53.6","19.2","24.9","13.4"
"USW00094814","HOUGHTON LAKE ROSCOMMON CO AIRPORT, MI US","44.35904","-84.6739","350.6","2015-09","172.9","1.7","31.1","124.3","17.2","23.3","11.2"
"USW00094814","HOUGHTON LAKE ROSCOMMON CO AIRPORT, MI US","44.35904","-84.6739","350.6","2015-10","172.9","-3.2","23.3","429.1","8.5","13.5","3.5"
"USW00094814","HOUGHTON LAKE ROSCOMMON CO AIRPORT, MI US","44.35904","-84.6739","350.6","2015-11","172.9","-9.9","22.2","834.7","4.8","10.1","-0.5"
"USW00094814","HOUGHTON LAKE ROSCOMMON CO AIRPORT, MI US","44.35904","-84.6739","350.6","2015-12","172.9","-7.1","13.9","1345.8","1.9","5.1","-1.4"
"USW00094815","KALAMAZOO BATTLE CREEK INTERNATIONAL AIRPORT, MI US","42.22826","-85.546","263.3","2015-07",,"11.1","32.2","6.4","21.4","27.4","15.5"
"USW00094815","KALAMAZOO BATTLE CREEK INTERNATIONAL AIRPORT, MI US","42.22826","-85.546","263.3","2015-08",,"8.3","33.3","17.5","21.0","26.5","15.5"
"USW00094815","KALAMAZOO BATTLE CREEK INTERNATIONAL AIRPORT, MI US","42.22826","-85.546","263.3","2015-09",,"5.0","33.3","52.1","19.7","25.8","13.6"
"USW00094815","KALAMAZOO BATTLE CREEK INTERNATIONAL AIRPORT, MI US","42.22826","-85.546","263.3","2015-10",,"-1.6","25.0","268.1","11.4","16.6","6.1"
"USW00094815","KALAMAZOO BATTLE CREEK INTERNATIONAL AIRPORT, MI US","42.22826","-85.546","263.3","2015-11",,"-6.6","23.9","603.5","7.1","12.5","1.9"
"USW00094815","KALAMAZOO BATTLE CREEK INTERNATIONAL AIRPORT, MI US","42.22826","-85.546","263.3","2015-12",,"-5.5","17.2","1032.4","4.5","7.9","1.1"
"US1MIKN0077","COMSTOCK PARK 1.0 NNW, MI US","43.057961","-85.680295","227.7","2015-07",,,,,,,
"US1MIKN0077","COMSTOCK PARK 1.0 NNW, MI US","43.057961","-85.680295","227.7","2015-08",,,,,,,
"US1MIKN0077","COMSTOCK PARK 1.0 NNW, MI US","43.057961","-85.680295","227.7","2015-09",,,,,,,
"US1MIKN0077","COMSTOCK PARK 1.0 NNW, MI US","43.057961","-85.680295","227.7","2015-10",,,,,,,
"USW00094817","PONTIAC OAKLAND CO INTERNATIONAL AIRPORT, MI US","42.66314","-83.41016","295.4","2015-07","179.8","8.9","32.8","8.9","21.4","27.2","15.5"
"USW00094817","PONTIAC OAKLAND CO INTERNATIONAL AIRPORT, MI US","42.66314","-83.41016","295.4","2015-08","268.3","8.3","32.2","21.7","20.8","25.8","15.8"
"USW00094817","PONTIAC OAKLAND CO INTERNATIONAL AIRPORT, MI US","42.66314","-83.41016","295.4","2015-09","336.5","7.8","32.2","58.8","19.4","25.2","13.5"
"USW00094817","PONTIAC OAKLAND CO INTERNATIONAL AIRPORT, MI US","42.66314","-83.41016","295.4","2015-10","336.5","-1.0","24.4","279.3","11.2","16.2","6.2"
"USW00094817","PONTIAC OAKLAND CO INTERNATIONAL AIRPORT, MI US","42.66314","-83.41016","295.4","2015-11","336.5","-8.2","24.4","630.2","6.6","11.8","1.5"
"USW00094817","PONTIAC OAKLAND CO INTERNATIONAL AIRPORT, MI US","42.66314","-83.41016","295.4","2015-12","336.5","-6.0","15.6","1085.2","3.7","7.3","0.0"
"US1MIKN0078","CEDAR SPRINGS 2.8 SSW, MI US","43.182941","-85.56863","253.9","2015-07",,,,,,,
"US1MIKN0078","CEDAR SPRINGS 2.8 SSW, MI US","43.182941","-85.56863","253.9","2015-08",,,,,,,
"US1MIKN0078","CEDAR SPRINGS 2.8 SSW, MI US","43.182941","-85.56863","253.9","2015-09",,,,,,,
"US1MIKN0078","CEDAR SPRINGS 2.8 SSW, MI US","43.182941","-85.56863","253.9","2015-10",,,,,,,
"USC00200446","BALDWIN, MI US","43.9005","-85.8505","254.5","2015-07",,,,,,,
"USC00200446","BALDWIN, MI US","43.9005","-85.8505","254.5","2015-08",,,,,,,
"USC00200446","BALDWIN, MI US","43.9005","-85.8505","254.5","2015-10",,"-2.8","21.7",,"8.9","14.5","3.2"
"USC00203712","HELL, MI US","42.4344","-83.9858","271.3","2015-09",,,"32.2",,,"26.4",
"US1MIMB0033","ROSEVILLE 1.7 ENE, MI US","42.5147724151611","-82.9042267799377","180.4","2015-07",,,,,,,
"US1MIMB0033","ROSEVILLE 1.7 ENE, MI US","42.5147724151611","-82.9042267799377","180.4","2015-08",,,,,,,
"US1MIMB0033","ROSEVILLE 1.7 ENE, MI US","42.5147724151611","-82.9042267799377","180.4","2015-09",,,,,,,
"US1MIMB0033","ROSEVILLE 1.7 ENE, MI US","42.5147724151611","-82.9042267799377","180.4","2015-10",,,,,,,
"US1MIMB0033","ROSEVILLE 1.7 ENE, MI US","42.5147724151611","-82.9042267799377","180.4","2015-11",,,,,,,
"US1MIMB0033","ROSEVILLE 1.7 ENE, MI US","42.5147724151611","-82.9042267799377","180.4","2015-12",,,,,,,
"USC00204808","LEXINGTON WATER PLANT, MI US","43.26319","-82.5327","189.6","2015-07","95.2","7.2","32.2","30.9","19.4","24.6","14.2"
"USC00204808","LEXINGTON WATER PLANT, MI US","43.26319","-82.5327","189.6","2015-08","164.8","10.0","31.1","47.8","20.0","24.8","15.2"
"USC00204808","LEXINGTON WATER PLANT, MI US","43.26319","-82.5327","189.6","2015-09","228.1","8.3","32.2","82.4","19.3","24.3","14.3"
"USC00204808","LEXINGTON WATER PLANT, MI US","43.26319","-82.5327","189.6","2015-10","228.1","-1.1","23.9","319.5","10.7","15.0","6.4"
"USC00204808","LEXINGTON WATER PLANT, MI US","43.26319","-82.5327","189.6","2015-11","228.1","-8.3","23.3","652.1","6.9","11.6","2.1"
"USC00204808","LEXINGTON WATER PLANT, MI US","43.26319","-82.5327","189.6","2015-12","228.1","-6.7","15.0","1092.8","3.6","7.1","0.2"
"US1MIMB0030","SHELBY 2.6 SW, MI US","42.64333333","-83.06916667","215.2","2015-08",,,,,,,
"US1MIMB0030","SHELBY 2.6 SW, MI US","42.64333333","-83.06916667","215.2","2015-09",,,,,,,
"US1MIMB0030","SHELBY 2.6 SW, MI US","42.64333333","-83.06916667","215.2","2015-10",,,,,,,
"USC00201896","CROSS VILLAGE 1 E, MI US","45.6413","-85.0141","219.8","2015-07","49.2","6.7","31.7","41.7","18.5","23.5","13.5"
"USC00201896","CROSS VILLAGE 1 E, MI US","45.6413","-85.0141","219.8","2015-08","85.3","8.9","28.9","72.4","18.5","22.2","14.8"
"USC00201896","CROSS VILLAGE 1 E, MI US","45.6413","-85.0141","219.8","2015-09","121.3","5.0","29.4","131.8","17.6","21.5","13.6"
"USC00201896","CROSS VILLAGE 1 E, MI US","45.6413","-85.0141","219.8","2015-10","121.3","-0.6","19.4","428.3","8.4","12.4","4.5"
"USC00201896","CROSS VILLAGE 1 E, MI US","45.6413","-85.0141","219.8","2015-11","121.3","-4.4","21.7","811.8","5.6","9.7","1.4"
"USC00201896","CROSS VILLAGE 1 E, MI US","45.6413","-85.0141","219.8","2015-12","121.3","-7.8","13.9","1317.8","2.0","4.9","-0.9"
"USC00202984","FRANKFORT 2 NE, MI US","44.64822","-86.20986","289.0","2015-07","90.1","8.9","31.1","16.9","20.3","25.0","15.6"
"USC00202984","FRANKFORT 2 NE, MI US","44.64822","-86.20986","289.0","2015-08","149.5","12.2","29.4","31.9","19.8","23.5","16.1"
"USC00202984","FRANKFORT 2 NE, MI US","44.64822","-86.20986","289.0","2015-09","192.9","8.3","28.3","71.1","18.5","22.1","14.9"
"USC00202984","FRANKFORT 2 NE, MI US","44.64822","-86.20986","289.0","2015-10","192.9","0.6","19.4","330.3","10.0","13.2","6.7"
"USC00202984","FRANKFORT 2 NE, MI US","44.64822","-86.20986","289.0","2015-11","192.9","-5.0","18.9","642.8","6.8","10.3","3.2"
"USC00202984","FRANKFORT 2 NE, MI US","44.64822","-86.20986","289.0","2015-12","192.9","-6.7","14.4","1124.3","2.8","5.7","-0.1"
"USR0000MRAC","RACO MICHIGAN, MI US","46.25","-84.5833","274.3","2015-07",,"2.8","33.3","54.8","17.9","25.3","10.6"
"USR0000MRAC","RACO MICHIGAN, MI US","46.25","-84.5833","274.3","2015-08",,"5.6","31.1","104.6","17.9","23.1","12.7"
"USR0000MRAC","RACO MICHIGAN, MI US","46.25","-84.5833","274.3","2015-09",,"-0.6","28.9","194.9","16.3","21.9","10.8"
"USR0000MRAC","RACO MICHIGAN, MI US","46.25","-84.5833","274.3","2015-10",,"-6.7","18.9","551.8","6.8","11.3","2.3"
"USR0000MRAC","RACO MICHIGAN, MI US","46.25","-84.5833","274.3","2015-11",,"-10.6","18.9","966.6","3.9","8.1","-0.4"
"USR0000MRAC","RACO MICHIGAN, MI US","46.25","-84.5833","274.3","2015-12",,"-13.9","11.1","1530.6","0.1","3.1","-2.8"
"USC00208184","THREE RIVERS, MI US","41.9299","-85.6385","246.9","2015-07","156.0","11.1","31.1","11.0","20.3","26.1","14.5"
"USC00208184","THREE RIVERS, MI US","41.9299","-85.6385","246.9","2015-08","223.5","8.9","32.2","25.7","20.1","25.7","14.4"
"USC00208184","THREE RIVERS, MI US","41.9299","-85.6385","246.9","2015-09","293.7","5.6","32.2","65.3","19.4","26.2","12.5"
"USC00208184","THREE RIVERS, MI US","41.9299","-85.6385","246.9","2015-10","293.7","-2.8","25.0","292.3","11.0","16.8","5.3"
"USC00208184","THREE RIVERS, MI US","41.9299","-85.6385","246.9","2015-11","293.7","-8.9","23.9","658.1","6.1","11.8","0.5"
"USC00208184","THREE RIVERS, MI US","41.9299","-85.6385","246.9","2015-12","293.7","-7.2","16.7","1099.3","4.1","7.7","0.5"
"US1MIGT0001","TRAVERSE CITY 4.1 E, MI US","44.746623","-85.519284","195.4","2015-07",,,,,,,
"US1MIGT0001","TRAVERSE CITY 4.1 E, MI US","44.746623","-85.519284","195.4","2015-08",,,,,,,
"US1MIGT0001","TRAVERSE CITY 4.1 E, MI US","44.746623","-85.519284","195.4","2015-09",,,,,,,
"US1MIGT0001","TRAVERSE CITY 4.1 E, MI US","44.746623","-85.519284","195.4","2015-10",,,,,,,
"USC00207096","ROGERS CITY HOEFT SP, MI US","45.46477","-83.88252","185.0","2015-07","69.8","5.6","31.7","23.2","19.7","25.3","14.1"
"USC00207096","ROGERS CITY HOEFT SP, MI US","45.46477","-83.88252","185.0","2015-08","123.3","10.0","33.9","48.5","19.2","24.0","14.5"
"USC00207096","ROGERS CITY HOEFT SP, MI US","45.46477","-83.88252","185.0","2015-09","178.0","7.2","33.3","96.1","18.6","23.8","13.4"
"USC00207096","ROGERS CITY HOEFT SP, MI US","45.46477","-83.88252","185.0","2015-10","178.0","-1.7","23.3","379.0","9.2","13.8","4.6"
"USC00207096","ROGERS CITY HOEFT SP, MI US","45.46477","-83.88252","185.0","2015-11","178.0","-6.7","24.4","765.5","5.4","10.1","0.8"
"USC00207096","ROGERS CITY HOEFT SP, MI US","45.46477","-83.88252","185.0","2015-12","178.0","-7.8","13.9","1262.3","2.3","5.4","-0.8"
"US1MIWS0028","DEXTER 0.3 ENE, MI US","42.333667755127","-83.875129699707","274.0","2015-07",,,,,,,
"US1MIWS0028","DEXTER 0.3 ENE, MI US","42.333667755127","-83.875129699707","274.0","2015-09",,,,,,,
"US1MIHR0001","BAD AXE 6.3 SSW, MI US","43.7226168665","-83.0572713121","232.0","2015-07",,,,,,,
"US1MIHR0001","BAD AXE 6.3 SSW, MI US","43.7226168665","-83.0572713121","232.0","2015-09",,,,,,,
"US1MIHR0001","BAD AXE 6.3 SSW, MI US","43.7226168665","-83.0572713121","232.0","2015-10",,,,,,,
"US1MIHR0001","BAD AXE 6.3 SSW, MI US","43.7226168665","-83.0572713121","232.0","2015-11",,,,,,,
"US1MIHR0001","BAD AXE 6.3 SSW, MI US","43.7226168665","-83.0572713121","232.0","2015-12",,,,,,,
"US1MIHR0002","BAD AXE 0.5 SSW, MI US","43.796139","-82.999626","228.0","2015-07",,,,,,,
"US1MIHR0002","BAD AXE 0.5 SSW, MI US","43.796139","-82.999626","228.0","2015-08",,,,,,,
"US1MIHR0002","BAD AXE 0.5 SSW, MI US","43.796139","-82.999626","228.0","2015-09",,,,,,,
"USR0000MBAL","BALDWIN MICHIGAN, MI US","43.8933","-85.8506","253.6","2015-07","67.1","4.4","32.8","33.5","18.7","26.7","10.7"
"USR0000MBAL","BALDWIN MICHIGAN, MI US","43.8933","-85.8506","253.6","2015-08","109.3","6.7","32.2","68.4","18.6","24.6","12.5"
"USR0000MBAL","BALDWIN MICHIGAN, MI US","43.8933","-85.8506","253.6","2015-09","144.0","0.6","31.1","148.3","16.8","23.7","10.0"
"USR0000MBAL","BALDWIN MICHIGAN, MI US","43.8933","-85.8506","253.6","2015-11",,"-12.8","22.8",,"4.4","10.8","-2.0"
"USR0000MBAL","BALDWIN MICHIGAN, MI US","43.8933","-85.8506","253.6","2015-12",,"-10.0","14.4",,"1.8","5.5","-2.0"
"US1MIWY0014","LIVONIA 1.1 SSW, MI US","42.383515","-83.377868","199.9","2015-10",,,,,,,
"USC00201780","COPPER HARBOR FORT WILKINS, MI US","47.4679","-87.8671","190.5","2015-07",,"5.6","29.4","56.1","17.9","23.4","12.5"
"USC00201780","COPPER HARBOR FORT WILKINS, MI US","47.4679","-87.8671","190.5","2015-08",,"8.3","31.1","92.5","18.5","23.0","13.9"
"US1MIWS0025","SALINE 3.8 SSW, MI US","42.12618","-83.81094","249.9","2015-07",,,,,,,
"US1MIWS0025","SALINE 3.8 SSW, MI US","42.12618","-83.81094","249.9","2015-09",,,,,,,
"US1MIWS0025","SALINE 3.8 SSW, MI US","42.12618","-83.81094","249.9","2015-10",,,,,,,
"US1MIWS0025","SALINE 3.8 SSW, MI US","42.12618","-83.81094","249.9","2015-11",,,,,,,
"US1MIWS0025","SALINE 3.8 SSW, MI US","42.12618","-83.81094","249.9","2015-12",,,,,,,
"US1MIMB0009","NEW BALTIMORE 0.4 SSE, MI US","42.677025","-82.735671","175.0","2015-07",,,,,,,
"US1MIMB0009","NEW BALTIMORE 0.4 SSE, MI US","42.677025","-82.735671","175.0","2015-08",,,,,,,
"US1MIMB0009","NEW BALTIMORE 0.4 SSE, MI US","42.677025","-82.735671","175.0","2015-09",,,,,,,
"US1MIMB0009","NEW BALTIMORE 0.4 SSE, MI US","42.677025","-82.735671","175.0","2015-10",,,,,,,
"US1MIMB0009","NEW BALTIMORE 0.4 SSE, MI US","42.677025","-82.735671","175.0","2015-11",,,,,,,
"US1MIMB0009","NEW BALTIMORE 0.4 SSE, MI US","42.677025","-82.735671","175.0","2015-12",,,,,,,
"US1MIWS0024","ANN ARBOR 2.6 NNE, MI US","42.31025","-83.713693","277.4","2015-07",,,,,,,
"US1MIWS0024","ANN ARBOR 2.6 NNE, MI US","42.31025","-83.713693","277.4","2015-09",,,,,,,
"US1MIWS0024","ANN ARBOR 2.6 NNE, MI US","42.31025","-83.713693","277.4","2015-10",,,,,,,
"US1MIWS0024","ANN ARBOR 2.6 NNE, MI US","42.31025","-83.713693","277.4","2015-11",,,,,,,
"US1MIWS0024","ANN ARBOR 2.6 NNE, MI US","42.31025","-83.713693","277.4","2015-12",,,,,,,
"US1MIGN0024","CLIO 0.4 SW, MI US","43.17254","-83.74227","223.4","2015-07",,,,,,,
"US1MIGN0024","CLIO 0.4 SW, MI US","43.17254","-83.74227","223.4","2015-09",,,,,,,
"US1MIGN0024","CLIO 0.4 SW, MI US","43.17254","-83.74227","223.4","2015-10",,,,,,,
"US1MIGN0024","CLIO 0.4 SW, MI US","43.17254","-83.74227","223.4","2015-11",,,,,,,
"US1MIKN0080","SAND LAKE 8.4 E, MI US","43.274465","-85.352429","265.5","2015-08",,,,,,,
"US1MIKN0080","SAND LAKE 8.4 E, MI US","43.274465","-85.352429","265.5","2015-09",,,,,,,
"US1MIKN0080","SAND LAKE 8.4 E, MI US","43.274465","-85.352429","265.5","2015-10",,,,,,,
"US1MIKN0080","SAND LAKE 8.4 E, MI US","43.274465","-85.352429","265.5","2015-11",,,,,,,
"US1MIMB0007","SHELBY 0.4 SSE, MI US","42.665936","-83.028694","207.3","2015-07",,,,,,,
"US1MIMB0007","SHELBY 0.4 SSE, MI US","42.665936","-83.028694","207.3","2015-08",,,,,,,
"US1MIMB0007","SHELBY 0.4 SSE, MI US","42.665936","-83.028694","207.3","2015-09",,,,,,,
"US1MIMB0007","SHELBY 0.4 SSE, MI US","42.665936","-83.028694","207.3","2015-10",,,,,,,
"US1MIMB0007","SHELBY 0.4 SSE, MI US","42.665936","-83.028694","207.3","2015-11",,,,,,,
"US1MIMB0007","SHELBY 0.4 SSE, MI US","42.665936","-83.028694","207.3","2015-12",,,,,,,
"US1MIKN0081","ROCKFORD 0.9 NNE, MI US","43.139375","-85.551269","230.1","2015-09",,,,,,,
"US1MIKN0081","ROCKFORD 0.9 NNE, MI US","43.139375","-85.551269","230.1","2015-10",,,,,,,
"US1MIKN0081","ROCKFORD 0.9 NNE, MI US","43.139375","-85.551269","230.1","2015-11",,,,,,,
"US1MIKN0081","ROCKFORD 0.9 NNE, MI US","43.139375","-85.551269","230.1","2015-12",,,,,,,
"US1MIWS0039","DEXTER 0.9 NW, MI US","42.3404","-83.8916","261.8","2015-12",,,,,,,
"US1MIWS0038","CHELSEA 2.4 WNW, MI US","42.333363","-84.061825","297.8","2015-08",,,,,,,
"US1MIWS0038","CHELSEA 2.4 WNW, MI US","42.333363","-84.061825","297.8","2015-09",,,,,,,
"US1MIWS0038","CHELSEA 2.4 WNW, MI US","42.333363","-84.061825","297.8","2015-10",,,,,,,
"US1MIWS0038","CHELSEA 2.4 WNW, MI US","42.333363","-84.061825","297.8","2015-11",,,,,,,
"US1MIWS0038","CHELSEA 2.4 WNW, MI US","42.333363","-84.061825","297.8","2015-12",,,,,,,
"USC00203858","HOLLAND WTP, MI US","42.7989","-86.20635","184.4","2015-07",,,,,,,
"USC00203858","HOLLAND WTP, MI US","42.7989","-86.20635","184.4","2015-08",,,,,,,
"USC00203858","HOLLAND WTP, MI US","42.7989","-86.20635","184.4","2015-09",,,,,,,
"USC00203858","HOLLAND WTP, MI US","42.7989","-86.20635","184.4","2015-12",,,,,,,
"USC00201435","CLARKSBURG, MI US","46.49909","-87.84506","473.7","2015-07","32.1","1.7","33.9","61.6","17.3","26.0","8.7"
"USC00201435","CLARKSBURG, MI US","46.49909","-87.84506","473.7","2015-08","54.7","0.6","32.8","140.1","16.5","23.8","9.3"
"USC00201435","CLARKSBURG, MI US","46.49909","-87.84506","473.7","2015-09","84.6","-3.9","31.1","242.1","15.9","23.9","7.9"
"USC00201435","CLARKSBURG, MI US","46.49909","-87.84506","473.7","2015-10","84.6","-6.7","29.4","634.1","5.7","12.2","-0.8"
"USC00201435","CLARKSBURG, MI US","46.49909","-87.84506","473.7","2015-11","84.6","-15.6","18.9","1151.8","1.1","6.6","-4.5"
"USC00201435","CLARKSBURG, MI US","46.49909","-87.84506","473.7","2015-12","84.6","-14.4","8.3","1791.8","-2.3","0.8","-5.4"
"USC00200106","ALGONAC WWTP, MI US","42.6158","-82.5436","178.3","2015-10",,"-1.1","25.6",,"12.0","17.6","6.4"
"USC00200106","ALGONAC WWTP, MI US","42.6158","-82.5436","178.3","2015-11",,"-6.1","24.4",,"7.5","12.8","2.1"
"USC00204944","LOWELL, MI US","42.92793","-85.34013","199.9","2015-07",,,,,,,
"USC00204944","LOWELL, MI US","42.92793","-85.34013","199.9","2015-08",,,,,,,
"USC00204944","LOWELL, MI US","42.92793","-85.34013","199.9","2015-09",,,,,,,
"USC00204944","LOWELL, MI US","42.92793","-85.34013","199.9","2015-10",,,,,,,
"USC00204944","LOWELL, MI US","42.92793","-85.34013","199.9","2015-11",,,,,,,
"USC00204944","LOWELL, MI US","42.92793","-85.34013","199.9","2015-12",,,,,,,
"USC00200228","ANN ARBOR SE, MI US","42.2416","-83.6933","253.6","2015-07","164.9","8.9","33.3","9.5","20.8","27.6","14.1"
"USC00200228","ANN ARBOR SE, MI US","42.2416","-83.6933","253.6","2015-08","240.2","7.8","32.2","24.4","20.3","26.7","13.9"
"USC00200228","ANN ARBOR SE, MI US","42.2416","-83.6933","253.6","2015-09","306.0","5.6","32.8","66.8","19.1","26.4","11.9"
"USC00200228","ANN ARBOR SE, MI US","42.2416","-83.6933","253.6","2015-10","306.0","-2.8","24.4","291.1","11.1","17.1","5.1"
"USC00200228","ANN ARBOR SE, MI US","42.2416","-83.6933","253.6","2015-11","306.0","-9.4","25.6","657.3","6.1","12.4","-0.2"
"USC00200228","ANN ARBOR SE, MI US","42.2416","-83.6933","253.6","2015-12","306.0","-7.2","16.7","1103.6","3.9","7.7","0.1"
"US1MIWS0037","PLYMOUTH 6.3 W, MI US","42.382058","-83.589714","276.8","2015-07",,,,,,,
"US1MIWS0037","PLYMOUTH 6.3 W, MI US","42.382058","-83.589714","276.8","2015-09",,,,,,,
"US1MIWS0037","PLYMOUTH 6.3 W, MI US","42.382058","-83.589714","276.8","2015-10",,,,,,,
"US1MIWS0037","PLYMOUTH 6.3 W, MI US","42.382058","-83.589714","276.8","2015-11",,,,,,,
"US1MIWS0037","PLYMOUTH 6.3 W, MI US","42.382058","-83.589714","276.8","2015-12",,,,,,,
"US1MIWS0036","YPSILANTI 4.5 S, MI US","42.179573","-83.610512","216.1","2015-07",,,,,,,
"US1MIWS0036","YPSILANTI 4.5 S, MI US","42.179573","-83.610512","216.1","2015-08",,,,,,,
"US1MIWS0036","YPSILANTI 4.5 S, MI US","42.179573","-83.610512","216.1","2015-11",,,,,,,
"USC00200342","ATLANTA, MI US","45.00471","-84.14043","267.9","2015-07","63.0","3.3","33.9","47.8","18.3","26.9","9.7"
"USC00200342","ATLANTA, MI US","45.00471","-84.14043","267.9","2015-08","109.0","6.1","32.8","87.9","18.5","25.4","11.7"
"USC00200342","ATLANTA, MI US","45.00471","-84.14043","267.9","2015-09","145.8","0.6","31.1","172.3","16.7","23.8","9.7"
"USC00200342","ATLANTA, MI US","45.00471","-84.14043","267.9","2015-10","145.8","-5.6","24.4","527.3","6.9","13.2","0.6"
"USC00200342","ATLANTA, MI US","45.00471","-84.14043","267.9","2015-11","145.8","-11.1","23.3","971.9","3.5","9.5","-2.5"
"USC00200342","ATLANTA, MI US","45.00471","-84.14043","267.9","2015-12","145.8","-8.9","13.3","1499.0","1.3","4.7","-2.1"
"US1MIWS0031","DEXTER 2.2 SE, MI US","42.304488","-83.855344","285.6","2015-07",,,,,,,
"US1MIWS0031","DEXTER 2.2 SE, MI US","42.304488","-83.855344","285.6","2015-08",,,,,,,
"US1MIWS0031","DEXTER 2.2 SE, MI US","42.304488","-83.855344","285.6","2015-09",,,,,,,
"US1MIWS0031","DEXTER 2.2 SE, MI US","42.304488","-83.855344","285.6","2015-10",,,,,,,
"US1MIWS0031","DEXTER 2.2 SE, MI US","42.304488","-83.855344","285.6","2015-11",,,,,,,
"US1MIWS0031","DEXTER 2.2 SE, MI US","42.304488","-83.855344","285.6","2015-12",,,,,,,
"USC00201675","COLDWATER ST SCHOOL, MI US","41.9622","-84.9925","299.9","2015-07","159.0","10.6","31.1","10.3","20.4","26.2","14.6"
"USC00201675","COLDWATER ST SCHOOL, MI US","41.9622","-84.9925","299.9","2015-08","229.4","8.9","31.1","24.0","20.2","25.7","14.7"
"USC00201675","COLDWATER ST SCHOOL, MI US","41.9622","-84.9925","299.9","2015-09","293.3","5.6","31.7","69.0","19.0","25.0","12.9"
"USC00201675","COLDWATER ST SCHOOL, MI US","41.9622","-84.9925","299.9","2015-10","293.3","-2.2","24.4","296.8","11.0","16.5","5.5"
"USC00201675","COLDWATER ST SCHOOL, MI US","41.9622","-84.9925","299.9","2015-11","293.3","-8.9","23.9","647.0","6.7","11.9","1.4"
"USC00201675","COLDWATER ST SCHOOL, MI US","41.9622","-84.9925","299.9","2015-12","293.3","-6.7","16.7","1086.5","4.1","8.3","0.1"
"US1MIKN0027","GRAND RAPIDS 3.2 S, MI US","42.914681","-85.649234","200.3","2015-07",,,,,,,
"US1MIKN0027","GRAND RAPIDS 3.2 S, MI US","42.914681","-85.649234","200.3","2015-08",,,,,,,
"US1MIKN0027","GRAND RAPIDS 3.2 S, MI US","42.914681","-85.649234","200.3","2015-09",,,,,,,
"US1MIKN0027","GRAND RAPIDS 3.2 S, MI US","42.914681","-85.649234","200.3","2015-10",,,,,,,
"US1MIKN0027","GRAND RAPIDS 3.2 S, MI US","42.914681","-85.649234","200.3","2015-11",,,,,,,
"US1MIKN0027","GRAND RAPIDS 3.2 S, MI US","42.914681","-85.649234","200.3","2015-12",,,,,,,
"US1MIGT0021","KINGSLEY 2.7 ENE, MI US","44.59871667","-85.48426667","281.3","2015-08",,,,,,,
"US1MIGT0021","KINGSLEY 2.7 ENE, MI US","44.59871667","-85.48426667","281.3","2015-09",,,,,,,
"US1MIGT0021","KINGSLEY 2.7 ENE, MI US","44.59871667","-85.48426667","281.3","2015-10",,,,,,,
"US1MIGT0021","KINGSLEY 2.7 ENE, MI US","44.59871667","-85.48426667","281.3","2015-11",,,,,,,
"US1MIGT0021","KINGSLEY 2.7 ENE, MI US","44.59871667","-85.48426667","281.3","2015-12",,,,,,,
"USC00208080","TECUMSEH, MI US","42.0027","-83.9336","237.7","2015-07","165.0","11.1","32.8","3.4","21.1","28.0","14.2"
"USC00208080","TECUMSEH, MI US","42.0027","-83.9336","237.7","2015-08",,,"32.8",,,"27.5",
"USC00208080","TECUMSEH, MI US","42.0027","-83.9336","237.7","2015-09",,"5.6","33.9",,"20.2","27.3","13.1"
"USC00208080","TECUMSEH, MI US","42.0027","-83.9336","237.7","2015-10",,"-2.2","26.1",,"11.6","18.4","4.8"
"USC00208080","TECUMSEH, MI US","42.0027","-83.9336","237.7","2015-11",,"-7.8","24.4",,"6.0","12.6","-0.5"
"USC00208080","TECUMSEH, MI US","42.0027","-83.9336","237.7","2015-12",,"-7.2","18.3",,"4.2","8.6","-0.1"
"USC00203504","GULL LAKE BIOLOGICAL STATION, MI US","42.3941","-85.385","281.9","2015-07",,,,,,,
"USC00203504","GULL LAKE BIOLOGICAL STATION, MI US","42.3941","-85.385","281.9","2015-08",,"7.8","32.8",,"21.1","26.8","15.3"
"USC00203504","GULL LAKE BIOLOGICAL STATION, MI US","42.3941","-85.385","281.9","2015-09",,"6.7","32.2",,"19.7","26.0","13.4"
"USC00203504","GULL LAKE BIOLOGICAL STATION, MI US","42.3941","-85.385","281.9","2015-11",,,,,,,
"USW00014804","MOUNT CLEMENS ANG BASE, MI US","42.6083","-82.8183","176.8","2015-07",,"9.4","32.8","10.0","21.2","27.0","15.4"
"USW00014804","MOUNT CLEMENS ANG BASE, MI US","42.6083","-82.8183","176.8","2015-08",,"9.4","33.9","18.6","21.0","26.0","16.1"
"USW00014804","MOUNT CLEMENS ANG BASE, MI US","42.6083","-82.8183","176.8","2015-09",,"8.9","33.3","47.0","19.6","25.2","14.0"
"USW00014804","MOUNT CLEMENS ANG BASE, MI US","42.6083","-82.8183","176.8","2015-10",,"-0.6","23.9","252.7","11.5","16.4","6.6"
"USW00014804","MOUNT CLEMENS ANG BASE, MI US","42.6083","-82.8183","176.8","2015-11",,"-8.3","23.9","593.0","7.0","12.1","1.9"
"USW00014804","MOUNT CLEMENS ANG BASE, MI US","42.6083","-82.8183","176.8","2015-12",,"-6.7","14.4","1033.9","4.1","7.8","0.4"
"USC00203628","HARRISVILLE STATE PARK, MI US","44.64975","-83.29585","186.5","2015-07","52.3","7.2","30.6","34.6","18.8","23.5","14.1"
"USC00203628","HARRISVILLE STATE PARK, MI US","44.64975","-83.29585","186.5","2015-08","89.4","10.0","30.6","66.0","18.5","22.7","14.4"
"USC00203628","HARRISVILLE STATE PARK, MI US","44.64975","-83.29585","186.5","2015-09","117.9","7.8","29.4","112.3","17.7","21.6","13.9"
"USC00203628","HARRISVILLE STATE PARK, MI US","44.64975","-83.29585","186.5","2015-10","117.9","-1.7","23.9","386.1","9.5","13.8","5.3"
"USC00203628","HARRISVILLE STATE PARK, MI US","44.64975","-83.29585","186.5","2015-11","117.9","-9.4","18.9","786.5","5.0","8.9","1.1"
"USC00203628","HARRISVILLE STATE PARK, MI US","44.64975","-83.29585","186.5","2015-12","117.9","-5.6","12.8","1271.3","2.7","5.5","-0.1"
"USC00205807","NEW BALTIMORE 5 SW, MI US","42.6502","-82.8044","173.7","2015-09",,,,,,,
"USC00205807","NEW BALTIMORE 5 SW, MI US","42.6502","-82.8044","173.7","2015-10",,,,,,,
"USC00205807","NEW BALTIMORE 5 SW, MI US","42.6502","-82.8044","173.7","2015-12",,,,,,,
"USR0000MWDO","WINDIGO MICHIGAN, MI US","47.9117","-89.1547","213.4","2015-07","34.5","6.1","31.1","26.9","18.6","23.5","13.7"
"USR0000MWDO","WINDIGO MICHIGAN, MI US","47.9117","-89.1547","213.4","2015-08","57.2","8.9","30.0","80.2","17.4","21.1","13.6"
"USR0000MWDO","WINDIGO MICHIGAN, MI US","47.9117","-89.1547","213.4","2015-09","79.6","5.0","26.7","162.1","16.4","20.0","12.7"
"USR0000MWDO","WINDIGO MICHIGAN, MI US","47.9117","-89.1547","213.4","2015-10","79.6","-1.7","20.0","487.9","7.8","10.9","4.8"
"USR0000MWDO","WINDIGO MICHIGAN, MI US","47.9117","-89.1547","213.4","2015-11","79.6","-11.1","15.0","912.6","3.2","5.9","0.6"
"USR0000MWDO","WINDIGO MICHIGAN, MI US","47.9117","-89.1547","213.4","2015-12","79.6","-12.2","6.7","1461.2","-2.0","0.1","-4.0"
"US1MIGT0016","TRAVERSE CITY 0.9 NNE, MI US","44.7662018","-85.5949477","181.1","2015-07",,,,,,,
"US1MIGT0016","TRAVERSE CITY 0.9 NNE, MI US","44.7662018","-85.5949477","181.1","2015-08",,,,,,,
"US1MIGT0016","TRAVERSE CITY 0.9 NNE, MI US","44.7662018","-85.5949477","181.1","2015-09",,,,,,,
"US1MIGT0016","TRAVERSE CITY 0.9 NNE, MI US","44.7662018","-85.5949477","181.1","2015-10",,,,,,,
"USC00200230","ANN ARBOR U OF MICH, MI US","42.29806","-83.66388","247.8","2015-07","228.2","10.6","32.8","5.0","21.8","27.6","15.9"
"USC00200230","ANN ARBOR U OF MICH, MI US","42.29806","-83.66388","247.8","2015-08","327.5","10.0","32.8","14.1","21.2","26.8","15.7"
"USC00200230","ANN ARBOR U OF MICH, MI US","42.29806","-83.66388","247.8","2015-09","415.3","6.1","32.8","40.5","20.4","26.4","14.3"
"USC00200230","ANN ARBOR U OF MICH, MI US","42.29806","-83.66388","247.8","2015-10","415.3","-2.2","25.0","231.3","12.2","17.6","6.8"
"USC00200230","ANN ARBOR U OF MICH, MI US","42.29806","-83.66388","247.8","2015-11","415.3","-7.2","25.0","552.4","7.6","12.6","2.6"
"USC00200230","ANN ARBOR U OF MICH, MI US","42.29806","-83.66388","247.8","2015-12","415.3","-6.7","16.1","984.7","4.4","7.6","1.1"
"US1MIGT0018","TRAVERSE CITY 8.4 SSW, MI US","44.640347","-85.66469","269.4","2015-11",,,,,,,
"USC00203744","HERMAN, MI US","46.6653","-88.3772","523.3","2015-07","31.6","3.3","31.1","69.0","16.9","23.5","10.3"
"USC00203744","HERMAN, MI US","46.6653","-88.3772","523.3","2015-08",,,,,,,
"USC00203744","HERMAN, MI US","46.6653","-88.3772","523.3","2015-09",,"-3.3","31.7",,"15.4","21.8","9.0"
"USC00203744","HERMAN, MI US","46.6653","-88.3772","523.3","2015-10",,"-6.1","27.8",,"5.4","11.0","-0.1"
"USC00203744","HERMAN, MI US","46.6653","-88.3772","523.3","2015-11",,"-15.0","18.3",,"1.0","5.9","-3.9"
"USC00203744","HERMAN, MI US","46.6653","-88.3772","523.3","2015-12",,"-16.7","7.2",,"-3.5","-0.8","-6.1"
"US1MIIC0003","EAST TAWAS 0.8 WSW, MI US","44.2832232","-83.4992036","179.8","2015-07",,,,,,,
"US1MIIC0003","EAST TAWAS 0.8 WSW, MI US","44.2832232","-83.4992036","179.8","2015-08",,,,,,,
"US1MIIC0003","EAST TAWAS 0.8 WSW, MI US","44.2832232","-83.4992036","179.8","2015-09",,,,,,,
"US1MIIC0003","EAST TAWAS 0.8 WSW, MI US","44.2832232","-83.4992036","179.8","2015-10",,,,,,,
"US1MIIC0003","EAST TAWAS 0.8 WSW, MI US","44.2832232","-83.4992036","179.8","2015-11",,,,,,,
"US1MIIC0003","EAST TAWAS 0.8 WSW, MI US","44.2832232","-83.4992036","179.8","2015-12",,,,,,,
"USC00200234","ARNOLD 2 N, MI US","46.07511","-87.48987","338.6","2015-09",,,,,,,
"USC00200234","ARNOLD 2 N, MI US","46.07511","-87.48987","338.6","2015-11",,,,,,,
"US1MICF0009","GRAYLING 15.8 NE, MI US","44.804643","-84.463138","353.0","2015-12",,,,,,,
"US1MICT0001","LAINGSBURG 5.0 SW, MI US","42.8402777","-84.4197222","247.2","2015-07",,,,,,,
"US1MICT0001","LAINGSBURG 5.0 SW, MI US","42.8402777","-84.4197222","247.2","2015-08",,,,,,,
"US1MICT0001","LAINGSBURG 5.0 SW, MI US","42.8402777","-84.4197222","247.2","2015-10",,,,,,,
"US1MICT0001","LAINGSBURG 5.0 SW, MI US","42.8402777","-84.4197222","247.2","2015-11",,,,,,,
"US1MICT0001","LAINGSBURG 5.0 SW, MI US","42.8402777","-84.4197222","247.2","2015-12",,,,,,,
"US1MICT0002","HASLETT 1.2 N, MI US","42.76997","-84.40314","263.0","2015-07",,,,,,,
"US1MICT0002","HASLETT 1.2 N, MI US","42.76997","-84.40314","263.0","2015-08",,,,,,,
"US1MICT0002","HASLETT 1.2 N, MI US","42.76997","-84.40314","263.0","2015-09",,,,,,,
"US1MICT0002","HASLETT 1.2 N, MI US","42.76997","-84.40314","263.0","2015-10",,,,,,,
"US1MICT0002","HASLETT 1.2 N, MI US","42.76997","-84.40314","263.0","2015-11",,,,,,,
"US1MICF0007","ROSCOMMON 6.2 WNW, MI US","44.5153456181288","-84.7097423672676","386.5","2015-07",,,,,,,
"US1MICF0007","ROSCOMMON 6.2 WNW, MI US","44.5153456181288","-84.7097423672676","386.5","2015-08",,,,,,,
"US1MICT0003","DE WITT 1.2 W, MI US","42.832602","-84.598212","244.1","2015-07",,,,,,,
"US1MICT0003","DE WITT 1.2 W, MI US","42.832602","-84.598212","244.1","2015-09",,,,,,,
"US1MIKN0032","GRAND RAPIDS 2.9 NW, MI US","42.991906","-85.694373","194.2","2015-07",,,,,,,
"US1MIKN0032","GRAND RAPIDS 2.9 NW, MI US","42.991906","-85.694373","194.2","2015-08",,,,,,,
"US1MIKN0032","GRAND RAPIDS 2.9 NW, MI US","42.991906","-85.694373","194.2","2015-09",,,,,,,
"US1MIKN0032","GRAND RAPIDS 2.9 NW, MI US","42.991906","-85.694373","194.2","2015-10",,,,,,,
"US1MIKN0032","GRAND RAPIDS 2.9 NW, MI US","42.991906","-85.694373","194.2","2015-11",,,,,,,
"US1MIKN0032","GRAND RAPIDS 2.9 NW, MI US","42.991906","-85.694373","194.2","2015-12",,,,,,,
"USC00209188","YALE 1 NNW, MI US","43.1447","-82.8011","249.9","2015-07",,"6.1","33.9","25.2","19.4","26.4","12.3"
"USC00209188","YALE 1 NNW, MI US","43.1447","-82.8011","249.9","2015-08",,"5.6","32.2","51.5","19.2","26.1","12.3"
"USC00209188","YALE 1 NNW, MI US","43.1447","-82.8011","249.9","2015-09",,"3.3","32.2","113.9","17.6","25.1","10.0"
"USC00209188","YALE 1 NNW, MI US","43.1447","-82.8011","249.9","2015-10",,"-1.1","23.3","337.3","9.9","15.5","4.3"
"USC00209188","YALE 1 NNW, MI US","43.1447","-82.8011","249.9","2015-11",,"-10.6","25.0","643.7","6.5","12.1","1.0"
"USC00209188","YALE 1 NNW, MI US","43.1447","-82.8011","249.9","2015-12",,"-7.8","15.6",,"3.4","7.2","-0.4"
"USW00014822","DETROIT CITY AIRPORT, MI US","42.40725","-83.00899","189.8","2015-07","232.1","11.7","32.8","3.9","22.3","27.5","17.1"
"USW00014822","DETROIT CITY AIRPORT, MI US","42.40725","-83.00899","189.8","2015-08","348.1","11.1","32.8","10.1","21.9","26.4","17.3"
"USW00014822","DETROIT CITY AIRPORT, MI US","42.40725","-83.00899","189.8","2015-09","435.3","8.9","32.8","29.9","20.6","25.6","15.6"
"USW00014822","DETROIT CITY AIRPORT, MI US","42.40725","-83.00899","189.8","2015-10","436.3","0.0","24.4","218.6","12.3","16.9","7.6"
"USW00014822","DETROIT CITY AIRPORT, MI US","42.40725","-83.00899","189.8","2015-11","436.3","-5.5","23.9","541.2","7.6","12.2","3.0"
"USW00014822","DETROIT CITY AIRPORT, MI US","42.40725","-83.00899","189.8","2015-12","436.3","-5.5","16.1","963.4","4.7","8.0","1.4"
"US1MICT0008","ST. JOHNS 6.9 SE, MI US","42.942924","-84.445403","238.4","2015-07",,,,,,,
"US1MICT0008","ST. JOHNS 6.9 SE, MI US","42.942924","-84.445403","238.4","2015-08",,,,,,,
"US1MICT0008","ST. JOHNS 6.9 SE, MI US","42.942924","-84.445403","238.4","2015-10",,,,,,,
"US1MICT0008","ST. JOHNS 6.9 SE, MI US","42.942924","-84.445403","238.4","2015-11",,,,,,,
"US1MIKN0039","WYOMING 0.5 NNE, MI US","42.898951","-85.697975","209.1","2015-07",,,,,,,
"US1MIKN0039","WYOMING 0.5 NNE, MI US","42.898951","-85.697975","209.1","2015-08",,,,,,,
"US1MIKN0039","WYOMING 0.5 NNE, MI US","42.898951","-85.697975","209.1","2015-09",,,,,,,
"US1MIKN0039","WYOMING 0.5 NNE, MI US","42.898951","-85.697975","209.1","2015-10",,,,,,,
"US1MIKN0039","WYOMING 0.5 NNE, MI US","42.898951","-85.697975","209.1","2015-11",,,,,,,
"US1MIKN0039","WYOMING 0.5 NNE, MI US","42.898951","-85.697975","209.1","2015-12",,,,,,,
"USC00205816","NEWBERRY LUCE CO ROAD COMMISSION, MI US","46.35155","-85.51629","241.4","2015-07","64.3","5.0","31.7","41.3","18.9","25.0","12.8"
"USC00205816","NEWBERRY LUCE CO ROAD COMMISSION, MI US","46.35155","-85.51629","241.4","2015-08","97.9","8.3","30.6","84.4","18.0","23.1","12.9"
"USC00205816","NEWBERRY LUCE CO ROAD COMMISSION, MI US","46.35155","-85.51629","241.4","2015-09","136.2","2.2","28.9","145.9","17.5","22.9","12.2"
"USC00205816","NEWBERRY LUCE CO ROAD COMMISSION, MI US","46.35155","-85.51629","241.4","2015-10","136.2","-2.2","22.2","474.7","7.4","12.1","2.7"
"USC00205816","NEWBERRY LUCE CO ROAD COMMISSION, MI US","46.35155","-85.51629","241.4","2015-11","136.2","-8.9","18.9","908.9","3.9","7.8","0.0"
"USC00205816","NEWBERRY LUCE CO ROAD COMMISSION, MI US","46.35155","-85.51629","241.4","2015-12","136.2","-12.8","11.7","1470.7","0.2","3.3","-2.9"
"USW00014817","CADILLAC, MI US","44.2655","-85.3966","394.7","2015-07","99.4","5.6","33.3","28.9","19.7","26.4","13.0"
"USW00014817","CADILLAC, MI US","44.2655","-85.3966","394.7","2015-08","163.7","10.0","31.7","54.4","19.6","24.7","14.5"
"USW00014817","CADILLAC, MI US","44.2655","-85.3966","394.7","2015-09","209.8","2.2","30.6","117.7","17.8","23.4","12.1"
"USW00014817","CADILLAC, MI US","44.2655","-85.3966","394.7","2015-10","209.8","-2.2","22.8","424.4","8.4","13.5","3.4"
"USW00014817","CADILLAC, MI US","44.2655","-85.3966","394.7","2015-11","209.8","-10.6","22.2","839.8","4.5","9.7","-0.7"
"USW00014817","CADILLAC, MI US","44.2655","-85.3966","394.7","2015-12","209.8","-7.8","14.4","1353.8","1.8","4.7","-1.2"
"USC00204967","LUPTON 1 S, MI US","44.4199","-84.0232","276.8","2015-07",,"4.4","33.9","38.1","18.6","26.8","10.4"
"USC00204967","LUPTON 1 S, MI US","44.4199","-84.0232","276.8","2015-08",,"7.8","32.2","72.2","18.4","25.2","11.6"
"USC00204967","LUPTON 1 S, MI US","44.4199","-84.0232","276.8","2015-09",,"2.2","30.6","146.2","16.8","23.9","9.8"
"USC00204967","LUPTON 1 S, MI US","44.4199","-84.0232","276.8","2015-10",,"-3.9","24.4","461.7","8.2","14.3","2.0"
"USC00204967","LUPTON 1 S, MI US","44.4199","-84.0232","276.8","2015-11",,"-10.0","22.2","871.6","4.2","10.3","-1.9"
"USC00204967","LUPTON 1 S, MI US","44.4199","-84.0232","276.8","2015-12",,"-9.4","13.9","1395.9","1.4","4.9","-2.1"
"USC00202308","DUNDEE, MI US","41.9552","-83.6488","201.2","2015-07","186.7","11.7","32.8","3.3","21.4","27.1","15.7"
"USC00202308","DUNDEE, MI US","41.9552","-83.6488","201.2","2015-08","276.4","10.0","32.2","13.6","20.9","26.5","15.3"
"USC00202308","DUNDEE, MI US","41.9552","-83.6488","201.2","2015-09","351.0","6.1","32.8","44.0","20.0","26.1","13.8"
"USC00202308","DUNDEE, MI US","41.9552","-83.6488","201.2","2015-10","352.1","-1.7","25.6","249.4","11.8","17.4","6.1"
"USC00202308","DUNDEE, MI US","41.9552","-83.6488","201.2","2015-11","352.1","-7.8","25.0","590.0","7.0","12.5","1.4"
"USC00202308","DUNDEE, MI US","41.9552","-83.6488","201.2","2015-12","352.1","-5.6","17.8","1014.8","4.6","8.3","0.9"
"USW00014815","BATTLE CREEK KELLOGG AIRPORT, MI US","42.31192","-85.24147","282.5","2015-07","221.1","11.7","31.7","4.1","21.7","27.4","16.0"
"USW00014815","BATTLE CREEK KELLOGG AIRPORT, MI US","42.31192","-85.24147","282.5","2015-08",,,,,,,
"USW00014815","BATTLE CREEK KELLOGG AIRPORT, MI US","42.31192","-85.24147","282.5","2015-09",,"6.7","32.8",,"19.8","25.5","14.0"
"USW00014815","BATTLE CREEK KELLOGG AIRPORT, MI US","42.31192","-85.24147","282.5","2015-10",,"-1.6","25.0",,"11.4","16.5","6.2"
"USW00014815","BATTLE CREEK KELLOGG AIRPORT, MI US","42.31192","-85.24147","282.5","2015-11",,"-7.7","23.9",,"7.3","12.5","2.1"
"USW00014815","BATTLE CREEK KELLOGG AIRPORT, MI US","42.31192","-85.24147","282.5","2015-12",,,"17.2",,,"8.5",
"USW00014814","ALPENA WASTEWATER PLANT, MI US","45.0605","-83.428","179.8","2015-07","115.9","10.0","33.3","12.8","21.1","26.0","16.2"
"USW00014814","ALPENA WASTEWATER PLANT, MI US","45.0605","-83.428","179.8","2015-08","191.3","11.7","34.4","24.7","20.4","24.7","16.0"
"USW00014814","ALPENA WASTEWATER PLANT, MI US","45.0605","-83.428","179.8","2015-09","274.6","8.9","33.3","45.3","20.4","24.6","16.2"
"USW00014814","ALPENA WASTEWATER PLANT, MI US","45.0605","-83.428","179.8","2015-10","280.8","1.1","28.3","216.9","13.0","16.7","9.3"
"USW00014814","ALPENA WASTEWATER PLANT, MI US","45.0605","-83.428","179.8","2015-11","280.8","-5.6","21.1","591.3","5.9","9.4","2.3"
"USW00014814","ALPENA WASTEWATER PLANT, MI US","45.0605","-83.428","179.8","2015-12","280.8","-5.6","13.3","1065.5","3.0","5.4","0.7"
"USC00203518","GWINN SHAG LAKE, MI US","46.2643","-87.5149","359.1","2015-07",,,,,,,
"USC00203518","GWINN SHAG LAKE, MI US","46.2643","-87.5149","359.1","2015-08",,,,,,,
"USC00203518","GWINN SHAG LAKE, MI US","46.2643","-87.5149","359.1","2015-09",,,,,,,
"USC00203639","HARVEY, MI US","46.4907","-87.3544","195.1","2015-07",,,,,,,
"USC00203639","HARVEY, MI US","46.4907","-87.3544","195.1","2015-08",,,,,,,
"USC00203639","HARVEY, MI US","46.4907","-87.3544","195.1","2015-09",,,,,,,
"USC00203639","HARVEY, MI US","46.4907","-87.3544","195.1","2015-10",,,,,,,
"USC00203639","HARVEY, MI US","46.4907","-87.3544","195.1","2015-11",,,,,,,
"USC00203639","HARVEY, MI US","46.4907","-87.3544","195.1","2015-12",,,,,,,
"USC00200361","AUBURN 2 NE, MI US","43.6252","-84.0188","184.4","2015-07",,"6.7","33.3","17.5","20.4","27.5","13.3"
"USC00200361","AUBURN 2 NE, MI US","43.6252","-84.0188","184.4","2015-08",,"10.6","31.7","30.7","19.8","26.1","13.5"
"USC00200361","AUBURN 2 NE, MI US","43.6252","-84.0188","184.4","2015-09",,"4.4","31.7","71.8","18.7","25.0","12.3"
"USC00200361","AUBURN 2 NE, MI US","43.6252","-84.0188","184.4","2015-10",,"-2.2","24.4","277.7","10.7","16.3","5.1"
"USC00200361","AUBURN 2 NE, MI US","43.6252","-84.0188","184.4","2015-11",,,,,,,
"USC00200361","AUBURN 2 NE, MI US","43.6252","-84.0188","184.4","2015-12",,"-5.6","16.1",,"3.0","6.8","-0.7"
"USC00202783","FIFE LAKE 2 WNW, MI US","44.5848","-85.3653","320.6","2015-07","56.2","3.9","32.8","45.8","18.3","25.5","11.2"
"USC00202783","FIFE LAKE 2 WNW, MI US","44.5848","-85.3653","320.6","2015-08","97.3","8.3","31.1","89.1","18.3","24.1","12.4"
"USC00202783","FIFE LAKE 2 WNW, MI US","44.5848","-85.3653","320.6","2015-09","132.4","1.7","30.6","161.1","17.1","23.1","11.1"
"USC00202783","FIFE LAKE 2 WNW, MI US","44.5848","-85.3653","320.6","2015-10","132.4","-2.2","23.3","488.6","7.8","13.0","2.5"
"USC00202783","FIFE LAKE 2 WNW, MI US","44.5848","-85.3653","320.6","2015-11","132.4","-10.6","22.8","917.0","4.1","9.1","-1.0"
"USC00202783","FIFE LAKE 2 WNW, MI US","44.5848","-85.3653","320.6","2015-12","132.4","-9.4","13.3","1461.3","0.8","3.8","-2.3"
"US1MICT0010","BATH TOWNSHIP 1.6 SW, MI US","42.796329498291","-84.4584579467773","259.4","2015-07",,,,,,,
"US1MICT0010","BATH TOWNSHIP 1.6 SW, MI US","42.796329498291","-84.4584579467773","259.4","2015-08",,,,,,,
"US1MICT0010","BATH TOWNSHIP 1.6 SW, MI US","42.796329498291","-84.4584579467773","259.4","2015-09",,,,,,,
"US1MICT0010","BATH TOWNSHIP 1.6 SW, MI US","42.796329498291","-84.4584579467773","259.4","2015-10",,,,,,,
"USC00203632","HART 3 WSW, MI US","43.6751","-86.4228","236.2","2015-07","98.8","6.1","32.2","30.9","19.6","26.1","13.1"
"USC00203632","HART 3 WSW, MI US","43.6751","-86.4228","236.2","2015-08","163.6","7.2","31.7","48.3","19.9","25.3","14.4"
"USC00203632","HART 3 WSW, MI US","43.6751","-86.4228","236.2","2015-09","215.5","3.3","31.1","90.1","18.7","24.4","12.9"
"USC00203632","HART 3 WSW, MI US","43.6751","-86.4228","236.2","2015-10","215.5","-2.2","20.6","335.6","10.4","15.5","5.3"
"USC00203632","HART 3 WSW, MI US","43.6751","-86.4228","236.2","2015-11","215.5","-8.9","21.1","701.2","6.1","10.7","1.6"
"USC00203632","HART 3 WSW, MI US","43.6751","-86.4228","236.2","2015-12","215.5","-6.1","16.1","1172.3","3.1","6.2","0.1"
"USC00202423","EAST TAWAS, MI US","44.2838","-83.5036","178.6","2015-07","83.6","5.0","31.7","28.4","19.6","26.3","12.9"
"USC00202423","EAST TAWAS, MI US","44.2838","-83.5036","178.6","2015-08","133.1","8.9","30.6","50.2","19.2","24.9","13.5"
"USC00202423","EAST TAWAS, MI US","44.2838","-83.5036","178.6","2015-09","165.6","3.9","28.9","109.7","17.4","23.3","11.6"
"USC00202423","EAST TAWAS, MI US","44.2838","-83.5036","178.6","2015-10","165.6","-2.8","25.0","393.0","9.2","15.1","3.3"
"USC00202423","EAST TAWAS, MI US","44.2838","-83.5036","178.6","2015-11","165.6","-10.0","19.4","802.3","4.7","10.0","-0.7"
"USC00202423","EAST TAWAS, MI US","44.2838","-83.5036","178.6","2015-12","165.6","-7.8","13.9","1291.1","2.6","6.2","-1.1"
"US1MIKN0048","KENTWOOD 1.6 WSW, MI US","42.874211","-85.622056","227.1","2015-07",,,,,,,
"US1MIKN0048","KENTWOOD 1.6 WSW, MI US","42.874211","-85.622056","227.1","2015-08",,,,,,,
"US1MIKN0048","KENTWOOD 1.6 WSW, MI US","42.874211","-85.622056","227.1","2015-09",,,,,,,
"US1MIKN0048","KENTWOOD 1.6 WSW, MI US","42.874211","-85.622056","227.1","2015-10",,,,,,,
"US1MIKN0048","KENTWOOD 1.6 WSW, MI US","42.874211","-85.622056","227.1","2015-11",,,,,,,
"US1MIKN0048","KENTWOOD 1.6 WSW, MI US","42.874211","-85.622056","227.1","2015-12",,,,,,,
"US1MIKZ0011","KALAMAZOO 2.3 NE, MI US","42.301414","-85.561363","255.4","2015-10",,,,,,,
"US1MIKZ0011","KALAMAZOO 2.3 NE, MI US","42.301414","-85.561363","255.4","2015-11",,,,,,,
"US1MIKZ0011","KALAMAZOO 2.3 NE, MI US","42.301414","-85.561363","255.4","2015-12",,,,,,,
"US1MIKN0042","SPARTA 2.8 W, MI US","43.16158","-85.76498","249.3","2015-09",,,,,,,
"US1MIKN0043","CALEDONIA 4.4 WNW, MI US","42.825262288","-85.589418411","232.3","2015-07",,,,,,,
"US1MIKN0043","CALEDONIA 4.4 WNW, MI US","42.825262288","-85.589418411","232.3","2015-08",,,,,,,
"US1MIKN0043","CALEDONIA 4.4 WNW, MI US","42.825262288","-85.589418411","232.3","2015-09",,,,,,,
"US1MIKN0043","CALEDONIA 4.4 WNW, MI US","42.825262288","-85.589418411","232.3","2015-10",,,,,,,
"US1MIKN0043","CALEDONIA 4.4 WNW, MI US","42.825262288","-85.589418411","232.3","2015-11",,,,,,,
"US1MIKN0043","CALEDONIA 4.4 WNW, MI US","42.825262288","-85.589418411","232.3","2015-12",,,,,,,
"USW00014833","JACKSON REYNOLDS FIELD, MI US","42.26373","-84.45644","295.9","2015-07","154.7","10.6","32.2","8.3","20.7","26.8","14.6"
"USW00014833","JACKSON REYNOLDS FIELD, MI US","42.26373","-84.45644","295.9","2015-08","225.0","8.9","31.1","23.2","20.1","25.5","14.8"
"USW00014833","JACKSON REYNOLDS FIELD, MI US","42.26373","-84.45644","295.9","2015-09","285.5","5.0","31.1","71.0","18.8","24.8","12.7"
"USW00014833","JACKSON REYNOLDS FIELD, MI US","42.26373","-84.45644","295.9","2015-10","286.0","-3.2","24.4","295.5","11.1","16.5","5.7"
"USW00014833","JACKSON REYNOLDS FIELD, MI US","42.26373","-84.45644","295.9","2015-11","286.0","-7.7","24.4","645.5","6.7","12.2","1.1"
"USW00014833","JACKSON REYNOLDS FIELD, MI US","42.26373","-84.45644","295.9","2015-12","286.0","-6.6","16.7","1078.0","4.4","7.9","0.8"
"US1MISJ0004","CONSTANTINE 1.9 E, MI US","41.839744","-85.627908","245.7","2015-07",,,,,,,
"US1MISJ0004","CONSTANTINE 1.9 E, MI US","41.839744","-85.627908","245.7","2015-10",,,,,,,
"US1MISJ0004","CONSTANTINE 1.9 E, MI US","41.839744","-85.627908","245.7","2015-11",,,,,,,
"US1MISJ0004","CONSTANTINE 1.9 E, MI US","41.839744","-85.627908","245.7","2015-12",,,,,,,
"USC00202437","EATON RAPIDS, MI US","42.518","-84.6521","265.2","2015-07",,"7.8","31.7","11.7","20.6","26.6","14.5"
"USC00202437","EATON RAPIDS, MI US","42.518","-84.6521","265.2","2015-08",,"8.9","32.2","28.4","20.2","25.8","14.5"
"USC00202437","EATON RAPIDS, MI US","42.518","-84.6521","265.2","2015-09",,"5.6","31.1","71.9","18.5","24.8","12.2"
"USC00202437","EATON RAPIDS, MI US","42.518","-84.6521","265.2","2015-10",,"-2.2","24.4","273.1","10.6","15.8","5.4"
"USC00202437","EATON RAPIDS, MI US","42.518","-84.6521","265.2","2015-11",,"-7.2","25.0","598.4","6.3","11.8","0.8"
"USC00202437","EATON RAPIDS, MI US","42.518","-84.6521","265.2","2015-12",,,,,,,
"USC00203528","HALE 5 SSW NUMBER 2, MI US","44.3122","-83.8377","248.7","2015-07",,"3.9","32.8","44.9","18.4","26.4","10.4"
"USC00203528","HALE 5 SSW NUMBER 2, MI US","44.3122","-83.8377","248.7","2015-08",,"7.2","31.7","71.5","18.6","25.5","11.8"
"USC00203528","HALE 5 SSW NUMBER 2, MI US","44.3122","-83.8377","248.7","2015-09",,"2.8","31.1","139.8","17.0","23.8","10.2"
"USC00203528","HALE 5 SSW NUMBER 2, MI US","44.3122","-83.8377","248.7","2015-10",,"-3.9","24.4","470.5","7.7","14.2","1.1"
"USC00203528","HALE 5 SSW NUMBER 2, MI US","44.3122","-83.8377","248.7","2015-11",,"-11.1","23.3","887.0","4.4","11.1","-2.2"
"USC00203528","HALE 5 SSW NUMBER 2, MI US","44.3122","-83.8377","248.7","2015-12",,"-10.0","14.4","1416.5","1.3","5.5","-3.0"
"USC00201468","CHARLEVOIX, MI US","45.3172","-85.2672","180.7","2015-07","86.1","10.0","30.6","22.0","20.1","24.5","15.8"
"USC00201468","CHARLEVOIX, MI US","45.3172","-85.2672","180.7","2015-08","151.5","12.8","31.1","36.6","20.0","23.6","16.4"
"USC00201468","CHARLEVOIX, MI US","45.3172","-85.2672","180.7","2015-09","212.2","8.3","32.2","67.3","19.3","24.0","14.6"
"USC00201468","CHARLEVOIX, MI US","45.3172","-85.2672","180.7","2015-10","212.2","0.6","22.8","324.6","10.0","13.7","6.4"
"USC00201468","CHARLEVOIX, MI US","45.3172","-85.2672","180.7","2015-11","212.2","-4.4","21.7","683.8","6.4","10.0","2.8"
"USC00201468","CHARLEVOIX, MI US","45.3172","-85.2672","180.7","2015-12","212.2","-6.7","14.4","1157.4","3.1","5.8","0.3"
"US1MIOK0013","PLEASANT RIDGE 0.5 WNW, MI US","42.472465","-83.153615","200.3","2015-11",,,,,,,
"US1MIOK0013","PLEASANT RIDGE 0.5 WNW, MI US","42.472465","-83.153615","200.3","2015-12",,,,,,,
"USW00014828","GLADWIN, MI US","43.9758","-84.4908","236.2","2015-07","165.2","8.3","34.4","11.7","21.3","28.5","14.0"
"USW00014828","GLADWIN, MI US","43.9758","-84.4908","236.2","2015-08","255.4","10.6","33.9","20.0","21.0","27.3","14.7"
"USW00014828","GLADWIN, MI US","43.9758","-84.4908","236.2","2015-09","315.6","6.1","33.3","56.6","19.1","25.8","12.5"
"USW00014828","GLADWIN, MI US","43.9758","-84.4908","236.2","2015-10","315.6","-1.7","25.6","302.9","10.4","16.2","4.6"
"USW00014828","GLADWIN, MI US","43.9758","-84.4908","236.2","2015-11","315.6","-9.4","24.4","683.7","5.6","11.9","-0.7"
"USW00014828","GLADWIN, MI US","43.9758","-84.4908","236.2","2015-12","315.6","-9.4","15.6","1156.9","3.1","6.8","-0.6"
"US1MIOK0012","WEST BLOOMFIELD TOWNSHIP 2.8 SE, MI US","42.53805","-83.347558","268.2","2015-07",,,,,,,
"USW00014826","FLINT FCWOS, MI US","42.96684","-83.74996","234.8","2015-07","222.7","8.9","33.3","4.7","22.0","28.5","15.4"
"USW00014826","FLINT FCWOS, MI US","42.96684","-83.74996","234.8","2015-08","327.5","7.8","33.9","12.7","21.4","27.2","15.7"
"USW00014826","FLINT FCWOS, MI US","42.96684","-83.74996","234.8","2015-09","407.9","6.1","33.9","43.5","20.0","26.4","13.6"
"USW00014826","FLINT FCWOS, MI US","42.96684","-83.74996","234.8","2015-10","409.6","-1.0","25.6","237.2","12.1","17.3","7.0"
"USW00014826","FLINT FCWOS, MI US","42.96684","-83.74996","234.8","2015-11","410.7","-7.7","26.7","553.7","7.8","13.4","2.2"
"USW00014826","FLINT FCWOS, MI US","42.96684","-83.74996","234.8","2015-12","410.7","-4.9","18.3","966.8","5.0","8.9","1.1"
"USC00203529","HALE LOUD DAM, MI US","44.4633","-83.7216","221.9","2015-07","110.9","6.1","33.9","21.9","20.3","27.3","13.2"
"USC00203529","HALE LOUD DAM, MI US","44.4633","-83.7216","221.9","2015-08","163.9","8.3","32.2","45.6","19.3","25.3","13.4"
"USC00203529","HALE LOUD DAM, MI US","44.4633","-83.7216","221.9","2015-09","210.1","5.0","32.2","97.5","18.1","24.5","11.8"
"USC00203529","HALE LOUD DAM, MI US","44.4633","-83.7216","221.9","2015-10","210.1","-3.3","23.9","379.5","8.3","14.2","2.3"
"USC00203529","HALE LOUD DAM, MI US","44.4633","-83.7216","221.9","2015-11","210.1","-10.0","22.8","758.6","5.3","11.1","-0.6"
"USC00203529","HALE LOUD DAM, MI US","44.4633","-83.7216","221.9","2015-12","210.1","-8.9","13.9","1243.3","1.6","5.4","-2.2"
"USW00014824","ESCANABA, MI US","45.7438","-87.0406","180.1","2015-07",,,,,,,
"USW00014824","ESCANABA, MI US","45.7438","-87.0406","180.1","2015-08",,,,,,,
"USW00014824","ESCANABA, MI US","45.7438","-87.0406","180.1","2015-09",,,,,,,
"USW00014824","ESCANABA, MI US","45.7438","-87.0406","180.1","2015-10",,,,,,,
"USW00014824","ESCANABA, MI US","45.7438","-87.0406","180.1","2015-11",,,,,,,
"USW00014824","ESCANABA, MI US","45.7438","-87.0406","180.1","2015-12",,,,,,,
"USC00200495","BARAGA 5 W, MI US","46.7953","-88.6014","236.5","2015-07","90.0","1.1","35.0","31.2","19.9","27.4","12.4"
"USC00200495","BARAGA 5 W, MI US","46.7953","-88.6014","236.5","2015-08","157.1","1.1","33.9","68.4","19.3","25.7","12.9"
"USC00200495","BARAGA 5 W, MI US","46.7953","-88.6014","236.5","2015-09","216.9","-3.9","33.3","136.9","18.0","25.6","10.5"
"USC00200495","BARAGA 5 W, MI US","46.7953","-88.6014","236.5","2015-10","221.6","-6.7","32.2","471.9","7.7","14.6","0.7"
"USC00200495","BARAGA 5 W, MI US","46.7953","-88.6014","236.5","2015-11","221.6","-13.3","21.1","917.7","3.5","9.7","-2.8"
"USC00200495","BARAGA 5 W, MI US","46.7953","-88.6014","236.5","2015-12","221.6","-15.6","12.8","1516.3","-1.0","2.7","-4.7"
"US1MIKZ0006","WESTERN MICHIGAN UNIVERSITY, MI US","42.283","-85.615","271.9","2015-11",,,,,,,
"US1MIKZ0006","WESTERN MICHIGAN UNIVERSITY, MI US","42.283","-85.615","271.9","2015-12",,,,,,,
"USC00200497","BARAGA 7 NW, MI US","46.8208","-88.6064","198.7","2015-07",,"2.2","33.3","39.1","18.9","26.1","11.7"
"USC00200497","BARAGA 7 NW, MI US","46.8208","-88.6064","198.7","2015-08",,"3.3","32.8","83.2","18.4","24.5","12.2"
"USC00200497","BARAGA 7 NW, MI US","46.8208","-88.6064","198.7","2015-09",,"-2.2","31.7","161.5","17.4","24.4","10.4"
"USC00200497","BARAGA 7 NW, MI US","46.8208","-88.6064","198.7","2015-10",,"-5.6","31.7","518.4","6.9","13.1","0.8"
"USC00200497","BARAGA 7 NW, MI US","46.8208","-88.6064","198.7","2015-11",,"-12.2","19.4","977.2","3.0","8.1","-2.0"
"USC00200497","BARAGA 7 NW, MI US","46.8208","-88.6064","198.7","2015-12",,"-13.3","12.2","1586.7","-1.3","1.7","-4.4"
"USC00205822","NEWPORT 4 SSE, MI US","41.9497","-83.28","176.2","2015-07","213.3","11.1","34.4","1.4","21.6","27.9","15.4"
"USC00205822","NEWPORT 4 SSE, MI US","41.9497","-83.28","176.2","2015-08","322.0","10.6","32.2","10.0","21.6","27.5","15.6"
"USC00205822","NEWPORT 4 SSE, MI US","41.9497","-83.28","176.2","2015-09","419.8","6.7","33.3","31.7","20.8","27.3","14.4"
"USC00205822","NEWPORT 4 SSE, MI US","41.9497","-83.28","176.2","2015-10","419.8","-2.2","25.6","209.0","12.3","18.0","6.6"
"USC00205822","NEWPORT 4 SSE, MI US","41.9497","-83.28","176.2","2015-11","419.8","-6.1","23.9","535.6","7.4","12.6","2.3"
"USC00205822","NEWPORT 4 SSE, MI US","41.9497","-83.28","176.2","2015-12","419.8","-4.4","18.9","945.6","5.1","8.2","2.0"
"US1MIMB0049","STERLING HEIGHTS 1.8 W, MI US","42.577269","-83.065309","192.0","2015-11",,,,,,,
"US1MIMB0049","STERLING HEIGHTS 1.8 W, MI US","42.577269","-83.065309","192.0","2015-12",,,,,,,
"US1MIKZ0001","KALAMAZOO 6.0 SW, MI US","42.206126","-85.658962","274.0","2015-07",,,,,,,
"US1MIKZ0001","KALAMAZOO 6.0 SW, MI US","42.206126","-85.658962","274.0","2015-08",,,,,,,
"US1MIKZ0001","KALAMAZOO 6.0 SW, MI US","42.206126","-85.658962","274.0","2015-10",,,,,,,
"US1MIKZ0001","KALAMAZOO 6.0 SW, MI US","42.206126","-85.658962","274.0","2015-11",,,,,,,
"USC00202691","FARMINGTON, MI US","42.4669","-83.3625","219.5","2015-07","143.0","8.9","31.7","13.0","20.7","27.0","14.4"
"USC00202691","FARMINGTON, MI US","42.4669","-83.3625","219.5","2015-08","218.3","8.9","32.8","30.2","20.2","26.2","14.2"
"USC00202691","FARMINGTON, MI US","42.4669","-83.3625","219.5","2015-09","286.4","6.1","32.8","69.1","19.3","26.0","12.6"
"USC00202691","FARMINGTON, MI US","42.4669","-83.3625","219.5","2015-10","286.4","-2.8","24.4","312.5","10.5","15.9","5.0"
"USC00202691","FARMINGTON, MI US","42.4669","-83.3625","219.5","2015-11","286.4","-9.4","25.0","680.8","6.1","11.9","0.2"
"USC00202691","FARMINGTON, MI US","42.4669","-83.3625","219.5","2015-12","286.4","-7.8","15.0","1151.1","3.2","6.9","-0.6"
"US1MIKN0053","ADA 1.8 W, MI US","42.949178","-85.526282","241.1","2015-07",,,,,,,
"US1MIKN0053","ADA 1.8 W, MI US","42.949178","-85.526282","241.1","2015-08",,,,,,,
"US1MIKN0053","ADA 1.8 W, MI US","42.949178","-85.526282","241.1","2015-09",,,,,,,
"US1MIKN0053","ADA 1.8 W, MI US","42.949178","-85.526282","241.1","2015-10",,,,,,,
"US1MIKN0053","ADA 1.8 W, MI US","42.949178","-85.526282","241.1","2015-11",,,,,,,
"US1MIKN0053","ADA 1.8 W, MI US","42.949178","-85.526282","241.1","2015-12",,,,,,,
"USW00014845","SAGINAW MBS INTERNATIONAL AIRPORT, MI US","43.52808","-84.08133","201.7","2015-07","219.6","10.0","33.9","5.6","22.1","28.0","16.2"
"USW00014845","SAGINAW MBS INTERNATIONAL AIRPORT, MI US","43.52808","-84.08133","201.7","2015-08","315.8","12.2","31.7","11.5","21.3","26.3","16.2"
"USW00014845","SAGINAW MBS INTERNATIONAL AIRPORT, MI US","43.52808","-84.08133","201.7","2015-09","388.9","6.7","31.7","41.7","19.8","25.2","14.4"
"USW00014845","SAGINAW MBS INTERNATIONAL AIRPORT, MI US","43.52808","-84.08133","201.7","2015-10","388.9","-0.5","25.0","250.0","11.6","16.2","7.0"
"USW00014845","SAGINAW MBS INTERNATIONAL AIRPORT, MI US","43.52808","-84.08133","201.7","2015-11","388.9","-7.1","23.9","572.7","7.6","12.5","2.6"
"USW00014845","SAGINAW MBS INTERNATIONAL AIRPORT, MI US","43.52808","-84.08133","201.7","2015-12","388.9","-4.9","16.7","1017.6","4.0","7.3","0.6"
"US1MIOT0001","GAYLORD 2.2 SE, MI US","44.997831","-84.653117","402.0","2015-07",,,,,,,
"USW00014841","PELLSTON REGIONAL AIRPORT, MI US","45.5644","-84.79291","215.3","2015-07","61.3","3.9","34.4","35.0","18.8","26.9","10.7"
"USW00014841","PELLSTON REGIONAL AIRPORT, MI US","45.5644","-84.79291","215.3","2015-08","108.2","6.1","32.8","71.9","18.6","25.0","12.3"
"USW00014841","PELLSTON REGIONAL AIRPORT, MI US","45.5644","-84.79291","215.3","2015-09","151.1","0.0","31.7","154.1","17.0","23.7","10.4"
"USW00014841","PELLSTON REGIONAL AIRPORT, MI US","45.5644","-84.79291","215.3","2015-10","151.1","-5.5","22.8","468.8","8.2","13.4","2.9"
"USW00014841","PELLSTON REGIONAL AIRPORT, MI US","45.5644","-84.79291","215.3","2015-11","151.1","-9.9","22.8","885.8","4.4","10.1","-1.2"
"USW00014841","PELLSTON REGIONAL AIRPORT, MI US","45.5644","-84.79291","215.3","2015-12","151.1","-12.7","13.9","1390.8","2.0","5.3","-1.2"
"USW00014840","MUSKEGON CO AIRPORT, MI US","43.17111","-86.23685","190.3","2015-07","148.7","10.0","32.8","9.0","21.1","26.7","15.5"
"USW00014840","MUSKEGON CO AIRPORT, MI US","43.17111","-86.23685","190.3","2015-08","242.4","9.4","31.1","19.2","21.0","25.5","16.5"
"USW00014840","MUSKEGON CO AIRPORT, MI US","43.17111","-86.23685","190.3","2015-09","304.9","5.0","30.0","52.9","19.3","24.6","14.0"
"USW00014840","MUSKEGON CO AIRPORT, MI US","43.17111","-86.23685","190.3","2015-10","304.9","-1.0","21.1","278.3","11.1","15.7","6.4"
"USW00014840","MUSKEGON CO AIRPORT, MI US","43.17111","-86.23685","190.3","2015-11","304.9","-7.7","21.1","602.1","7.5","12.1","3.0"
"USW00014840","MUSKEGON CO AIRPORT, MI US","43.17111","-86.23685","190.3","2015-12","304.9","-4.3","17.2","1036.3","4.3","7.4","1.2"
"USC00202328","DURAND WWTP, MI US","42.9269","-83.9894","234.7","2015-07",,"7.8","33.3","11.7","20.7","27.3","14.1"
"USC00202328","DURAND WWTP, MI US","42.9269","-83.9894","234.7","2015-08",,"7.2","33.3","17.3","20.6","27.6","13.7"
"USC00202328","DURAND WWTP, MI US","42.9269","-83.9894","234.7","2015-09",,"5.0","32.2","52.2","19.5","26.4","12.6"
"USC00202328","DURAND WWTP, MI US","42.9269","-83.9894","234.7","2015-10",,"-3.3","24.4","306.0","10.0","16.6","3.4"
"USC00202328","DURAND WWTP, MI US","42.9269","-83.9894","234.7","2015-11",,"-9.4","25.0","640.8","5.4","11.6","-0.8"
"USC00202328","DURAND WWTP, MI US","42.9269","-83.9894","234.7","2015-12",,"-10.6","17.2","1081.7","3.3","8.2","-1.5"
"USW00014838","MARQUETTE, MI US","46.5458","-87.3795","186.8","2015-07","87.2","7.2","31.7","44.3","19.6","24.4","14.9"
"USW00014838","MARQUETTE, MI US","46.5458","-87.3795","186.8","2015-08","139.6","7.8","34.4","75.2","19.0","22.9","15.1"
"USW00014838","MARQUETTE, MI US","46.5458","-87.3795","186.8","2015-09","185.7","0.0","31.7","130.3","18.0","22.6","13.4"
"USW00014838","MARQUETTE, MI US","46.5458","-87.3795","186.8","2015-10",,,"30.6",,,"12.6",
"USW00014838","MARQUETTE, MI US","46.5458","-87.3795","186.8","2015-11",,"-8.9","18.3",,"4.6","8.2","1.0"
"USW00014838","MARQUETTE, MI US","46.5458","-87.3795","186.8","2015-12",,"-8.9","10.6",,"0.6","2.9","-1.7"
"USW00014836","LANSING CAPITAL CITY AIRPORT, MI US","42.77609","-84.59972","261.2","2015-07","174.3","8.9","31.7","8.1","21.2","27.2","15.2"
"USW00014836","LANSING CAPITAL CITY AIRPORT, MI US","42.77609","-84.59972","261.2","2015-08","264.4","9.4","33.3","20.1","20.9","26.0","15.7"
"USW00014836","LANSING CAPITAL CITY AIRPORT, MI US","42.77609","-84.59972","261.2","2015-09","329.8","5.6","31.7","60.4","19.2","24.9","13.4"
"USW00014836","LANSING CAPITAL CITY AIRPORT, MI US","42.77609","-84.59972","261.2","2015-10","329.8","-1.6","23.9","286.2","11.1","16.0","6.1"
"USW00014836","LANSING CAPITAL CITY AIRPORT, MI US","42.77609","-84.59972","261.2","2015-11","329.8","-7.7","25.0","626.5","7.0","12.3","1.7"
"USW00014836","LANSING CAPITAL CITY AIRPORT, MI US","42.77609","-84.59972","261.2","2015-12","329.8","-5.5","17.2","1072.7","3.9","7.7","0.2"
"US1MIMB0052","ROSEVILLE 0.6 S, MI US","42.498973","-82.936681","187.8","2015-08",,,,,,,
"US1MIMB0052","ROSEVILLE 0.6 S, MI US","42.498973","-82.936681","187.8","2015-09",,,,,,,
"US1MIMB0052","ROSEVILLE 0.6 S, MI US","42.498973","-82.936681","187.8","2015-11",,,,,,,
"US1MIDC0003","IRON MOUNTAIN 3.1 E, MI US","45.8296","-87.9966","349.0","2015-07",,,,,,,
"US1MIDC0003","IRON MOUNTAIN 3.1 E, MI US","45.8296","-87.9966","349.0","2015-08",,,,,,,
"US1MIDC0003","IRON MOUNTAIN 3.1 E, MI US","45.8296","-87.9966","349.0","2015-09",,,,,,,
"US1MIDC0003","IRON MOUNTAIN 3.1 E, MI US","45.8296","-87.9966","349.0","2015-10",,,,,,,
"USC00203530","HALFWAY LAKE, MI US","46.4748","-85.5925","258.2","2015-07",,,,,,,
"USC00203530","HALFWAY LAKE, MI US","46.4748","-85.5925","258.2","2015-08",,,,,,,
"USC00203530","HALFWAY LAKE, MI US","46.4748","-85.5925","258.2","2015-09",,,,,,,
"USC00203530","HALFWAY LAKE, MI US","46.4748","-85.5925","258.2","2015-10",,,,,,,
"USC00203530","HALFWAY LAKE, MI US","46.4748","-85.5925","258.2","2015-11",,,,,,,
"USC00203530","HALFWAY LAKE, MI US","46.4748","-85.5925","258.2","2015-12",,,,,,,
"USC00201476","CHARLOTTE, MI US","42.5499","-84.825","274.9","2015-07","133.1","10.0","31.1","14.9","20.3","26.2","14.4"
"USC00201476","CHARLOTTE, MI US","42.5499","-84.825","274.9","2015-08","194.2","8.9","31.7","31.5","19.8","25.4","14.1"
"USC00201476","CHARLOTTE, MI US","42.5499","-84.825","274.9","2015-09","253.0","5.6","31.1","78.0","18.7","24.7","12.8"
"USC00201476","CHARLOTTE, MI US","42.5499","-84.825","274.9","2015-10","253.0","-2.8","23.9","331.7","10.1","15.4","4.9"
"USC00201476","CHARLOTTE, MI US","42.5499","-84.825","274.9","2015-11","253.0","-8.9","24.4","701.9","6.0","11.5","0.5"
"USC00201476","CHARLOTTE, MI US","42.5499","-84.825","274.9","2015-12","253.0","-6.1","16.1","1170.1","3.2","6.7","-0.3"
"USC00203413","GREEN GARDEN NUMBER 2, MI US","46.4533","-87.3038","205.7","2015-07",,,,,,,
"USC00203413","GREEN GARDEN NUMBER 2, MI US","46.4533","-87.3038","205.7","2015-08",,,,,,,
"USC00203413","GREEN GARDEN NUMBER 2, MI US","46.4533","-87.3038","205.7","2015-09",,,,,,,
"USC00203413","GREEN GARDEN NUMBER 2, MI US","46.4533","-87.3038","205.7","2015-10",,,,,,,
"USC00203413","GREEN GARDEN NUMBER 2, MI US","46.4533","-87.3038","205.7","2015-11",,,,,,,
"USC00203413","GREEN GARDEN NUMBER 2, MI US","46.4533","-87.3038","205.7","2015-12",,,,,,,
"USC00204502","LAKE CITY EXPERIMENTAL FARM, MI US","44.3088","-85.205","374.9","2015-07","74.4","5.0","32.8","34.7","19.0","26.5","11.5"
"USC00204502","LAKE CITY EXPERIMENTAL FARM, MI US","44.3088","-85.205","374.9","2015-08","125.3","6.7","32.8","66.0","19.0","25.0","13.0"
"USC00204502","LAKE CITY EXPERIMENTAL FARM, MI US","44.3088","-85.205","374.9","2015-09","158.0","1.7","31.7","138.1","17.0","24.0","10.0"
"USC00204502","LAKE CITY EXPERIMENTAL FARM, MI US","44.3088","-85.205","374.9","2015-10","158.0","-3.3","23.3","458.5","8.0","14.0","2.0"
"USC00204502","LAKE CITY EXPERIMENTAL FARM, MI US","44.3088","-85.205","374.9","2015-11","158.0","-10.6","22.8","878.6","4.3","10.3","-1.6"
"USC00204502","LAKE CITY EXPERIMENTAL FARM, MI US","44.3088","-85.205","374.9","2015-12","158.0","-12.8","14.4","1412.5","1.1","4.6","-2.4"
"USC00200146","ALMA, MI US","43.38686","-84.64818","221.9","2015-07","126.6","8.3","31.7","20.0","20.3","26.9","13.7"
"USC00200146","ALMA, MI US","43.38686","-84.64818","221.9","2015-08","195.8","10.0","32.2","35.6","20.1","25.7","14.4"
"USC00200146","ALMA, MI US","43.38686","-84.64818","221.9","2015-09","253.4","6.1","31.7","78.8","18.8","24.8","12.9"
"USC00200146","ALMA, MI US","43.38686","-84.64818","221.9","2015-10","253.4","-1.1","24.4","330.2","10.2","15.6","4.8"
"USC00200146","ALMA, MI US","43.38686","-84.64818","221.9","2015-11",,,"23.9",,,"11.3",
"USC00200146","ALMA, MI US","43.38686","-84.64818","221.9","2015-12",,,"15.6",,,"6.1",
"US1MIAP0002","OSSINEKE 1.0 NNE, MI US","44.9215","-83.427","180.1","2015-08",,,,,,,
"US1MIAP0002","OSSINEKE 1.0 NNE, MI US","44.9215","-83.427","180.1","2015-09",,,,,,,
"US1MIAP0002","OSSINEKE 1.0 NNE, MI US","44.9215","-83.427","180.1","2015-10",,,,,,,
"US1MIAP0002","OSSINEKE 1.0 NNE, MI US","44.9215","-83.427","180.1","2015-11",,,,,,,
"US1MIAP0002","OSSINEKE 1.0 NNE, MI US","44.9215","-83.427","180.1","2015-12",,,,,,,
"USC00208443","VASSAR, MI US","43.3656","-83.5828","192.0","2015-07","125.4","5.6","32.8","22.7","19.8","27.1","12.5"
"USC00208443","VASSAR, MI US","43.3656","-83.5828","192.0","2015-08","185.3","8.3","31.7","37.1","19.8","26.0","13.6"
"USC00208443","VASSAR, MI US","43.3656","-83.5828","192.0","2015-09","245.7","5.0","33.3","82.4","18.8","26.2","11.4"
"USC00208443","VASSAR, MI US","43.3656","-83.5828","192.0","2015-10","245.7","-2.8","25.0","341.5","10.0","16.2","3.7"
"USC00208443","VASSAR, MI US","43.3656","-83.5828","192.0","2015-11","245.7","-11.1","25.0","709.2","6.1","12.2","-0.1"
"USC00208443","VASSAR, MI US","43.3656","-83.5828","192.0","2015-12","245.7","-7.2","16.7","1161.8","3.3","7.6","-1.1"
"USC00205050","MANCHESTER, MI US","42.1508","-84.0236","294.1","2015-07","156.6","10.0","31.7","11.1","20.7","27.0","14.3"
"USC00205050","MANCHESTER, MI US","42.1508","-84.0236","294.1","2015-08","228.9","9.4","32.2","25.0","20.2","26.3","14.2"
"USC00205050","MANCHESTER, MI US","42.1508","-84.0236","294.1","2015-09","295.5","5.6","32.8","60.4","19.4","26.5","12.3"
"USC00205050","MANCHESTER, MI US","42.1508","-84.0236","294.1","2015-10","295.5","-2.2","25.0","277.5","11.3","17.3","5.3"
"USC00205050","MANCHESTER, MI US","42.1508","-84.0236","294.1","2015-11","295.5","-9.4","25.0","620.0","6.1","12.4","-0.2"
"USC00205050","MANCHESTER, MI US","42.1508","-84.0236","294.1","2015-12","295.5","-7.8","17.8","1063.6","4.0","7.7","0.3"
"USC00208202","TIPTON 2 WNW, MI US","42.0283","-84.1108","295.7","2015-07",,"11.1","32.2","6.1","20.8","26.9","14.6"
"USC00208202","TIPTON 2 WNW, MI US","42.0283","-84.1108","295.7","2015-11",,"-10.6","25.0",,"6.0","12.1","-0.1"
"USC00208202","TIPTON 2 WNW, MI US","42.0283","-84.1108","295.7","2015-12",,"-9.4","18.3",,"3.5","7.8","-0.7"
"US1MIBN0004","NILES 2.7 W, MI US","41.83705","-86.30048","219.2","2015-07",,,,,,,
"US1MIBN0004","NILES 2.7 W, MI US","41.83705","-86.30048","219.2","2015-08",,,,,,,
"US1MIBN0004","NILES 2.7 W, MI US","41.83705","-86.30048","219.2","2015-09",,,,,,,
"US1MIBN0004","NILES 2.7 W, MI US","41.83705","-86.30048","219.2","2015-10",,,,,,,
"US1MIBN0004","NILES 2.7 W, MI US","41.83705","-86.30048","219.2","2015-11",,,,,,,
"US1MIBN0004","NILES 2.7 W, MI US","41.83705","-86.30048","219.2","2015-12",,,,,,,
"US1MIBN0003","BUCHANAN 1.4 ESE, MI US","41.818287","-86.342251","231.3","2015-07",,,,,,,
"US1MIBN0003","BUCHANAN 1.4 ESE, MI US","41.818287","-86.342251","231.3","2015-08",,,,,,,
"US1MIBN0003","BUCHANAN 1.4 ESE, MI US","41.818287","-86.342251","231.3","2015-09",,,,,,,
"US1MIBN0003","BUCHANAN 1.4 ESE, MI US","41.818287","-86.342251","231.3","2015-10",,,,,,,
"US1MIBN0003","BUCHANAN 1.4 ESE, MI US","41.818287","-86.342251","231.3","2015-11",,,,,,,
"US1MIBN0003","BUCHANAN 1.4 ESE, MI US","41.818287","-86.342251","231.3","2015-12",,,,,,,
"US1MIBN0002","STEVENSVILLE 1.7 SSE, MI US","41.991137","-86.508585","187.8","2015-07",,,,,,,
"US1MIBN0002","STEVENSVILLE 1.7 SSE, MI US","41.991137","-86.508585","187.8","2015-08",,,,,,,
"US1MIBN0002","STEVENSVILLE 1.7 SSE, MI US","41.991137","-86.508585","187.8","2015-09",,,,,,,
"US1MIBN0002","STEVENSVILLE 1.7 SSE, MI US","41.991137","-86.508585","187.8","2015-10",,,,,,,
"US1MIBN0002","STEVENSVILLE 1.7 SSE, MI US","41.991137","-86.508585","187.8","2015-11",,,,,,,
"US1MIBN0002","STEVENSVILLE 1.7 SSE, MI US","41.991137","-86.508585","187.8","2015-12",,,,,,,
"US1MIWY0070","GROSSE ILE 1.6 N, MI US","42.1510887145996","-83.1492309570313","181.1","2015-08",,,,,,,
"US1MIWY0070","GROSSE ILE 1.6 N, MI US","42.1510887145996","-83.1492309570313","181.1","2015-09",,,,,,,
"US1MIWY0070","GROSSE ILE 1.6 N, MI US","42.1510887145996","-83.1492309570313","181.1","2015-10",,,,,,,
"US1MIWY0070","GROSSE ILE 1.6 N, MI US","42.1510887145996","-83.1492309570313","181.1","2015-11",,,,,,,
"USC00207350","SANDUSKY, MI US","43.4194","-82.8191","235.9","2015-07","169.6","8.9","33.3","6.1","21.7","27.8","15.6"
"USC00207350","SANDUSKY, MI US","43.4194","-82.8191","235.9","2015-08","281.2","11.7","31.7","11.4","21.8","26.7","16.9"
"USC00207350","SANDUSKY, MI US","43.4194","-82.8191","235.9","2015-09","362.7","8.9","32.2","30.9","20.5","26.1","15.0"
"USC00207350","SANDUSKY, MI US","43.4194","-82.8191","235.9","2015-10","362.7","1.1","25.6","239.8","11.6","16.3","6.9"
"USC00207350","SANDUSKY, MI US","43.4194","-82.8191","235.9","2015-11","363.0","-5.6","25.0","512.8","8.9","13.6","4.3"
"USC00207350","SANDUSKY, MI US","43.4194","-82.8191","235.9","2015-12","363.0","-5.6","16.1","944.5","3.9","7.4","0.5"
"USC00208682","WATERSMEET 12 WSW, MI US","46.2231","-89.4085","515.1","2015-07",,,,,,,
"USC00208682","WATERSMEET 12 WSW, MI US","46.2231","-89.4085","515.1","2015-08",,,,,,,
"USC00208682","WATERSMEET 12 WSW, MI US","46.2231","-89.4085","515.1","2015-09",,,,,,,
"USC00208682","WATERSMEET 12 WSW, MI US","46.2231","-89.4085","515.1","2015-10",,,,,,,
"USC00208682","WATERSMEET 12 WSW, MI US","46.2231","-89.4085","515.1","2015-11",,,,,,,
"USC00208682","WATERSMEET 12 WSW, MI US","46.2231","-89.4085","515.1","2015-12",,,,,,,
"USC00200718","BERGLAND DAM, MI US","46.5869","-89.5475","396.2","2015-07","63.2","3.3","31.7","45.6","18.8","25.5","12.1"
"USC00200718","BERGLAND DAM, MI US","46.5869","-89.5475","396.2","2015-08","91.6","3.9","31.7","111.7","17.1","23.1","11.1"
"USC00200718","BERGLAND DAM, MI US","46.5869","-89.5475","396.2","2015-09","117.8","-1.7","31.1","204.6","16.0","22.5","9.6"
"USC00200718","BERGLAND DAM, MI US","46.5869","-89.5475","396.2","2015-10","118.6","-4.4","30.0","563.0","6.8","13.3","0.3"
"USC00200718","BERGLAND DAM, MI US","46.5869","-89.5475","396.2","2015-11",,,,,,,
"USC00200718","BERGLAND DAM, MI US","46.5869","-89.5475","396.2","2015-12",,"-13.9","7.8",,"-2.4","0.1","-5.0"
"US1MIMR0010","LAMBERTVILLE 2.9 WNW, MI US","41.7699450999498","-83.6705989390612","207.9","2015-07",,,,,,,
"US1MIMR0010","LAMBERTVILLE 2.9 WNW, MI US","41.7699450999498","-83.6705989390612","207.9","2015-09",,,,,,,
"US1MIMR0010","LAMBERTVILLE 2.9 WNW, MI US","41.7699450999498","-83.6705989390612","207.9","2015-10",,,,,,,
"US1MIMR0010","LAMBERTVILLE 2.9 WNW, MI US","41.7699450999498","-83.6705989390612","207.9","2015-11",,,,,,,
"US1MIMR0010","LAMBERTVILLE 2.9 WNW, MI US","41.7699450999498","-83.6705989390612","207.9","2015-12",,,,,,,
"US1MINW0007","WHITE CLOUD 2.9 NW, MI US","43.591","-85.798","294.7","2015-07",,,,,,,
"US1MINW0007","WHITE CLOUD 2.9 NW, MI US","43.591","-85.798","294.7","2015-10",,,,,,,
"US1MINW0007","WHITE CLOUD 2.9 NW, MI US","43.591","-85.798","294.7","2015-11",,,,,,,
"US1MINW0007","WHITE CLOUD 2.9 NW, MI US","43.591","-85.798","294.7","2015-12",,,,,,,
"US1MINW0002","GRANT 4.8 NW, MI US","43.381844","-85.879724","189.9","2015-07",,,,,,,
"US1MINW0002","GRANT 4.8 NW, MI US","43.381844","-85.879724","189.9","2015-08",,,,,,,
"US1MINW0002","GRANT 4.8 NW, MI US","43.381844","-85.879724","189.9","2015-10",,,,,,,
"USC00200710","BENTON HARBOR AIRPORT, MI US","42.1245","-86.4266","190.5","2015-07","103.7","5.0","32.2","24.7","19.3","26.4","12.1"
"USC00200710","BENTON HARBOR AIRPORT, MI US","42.1245","-86.4266","190.5","2015-08","140.6","5.6","32.2","74.2","17.9","25.1","10.7"
"USC00200710","BENTON HARBOR AIRPORT, MI US","42.1245","-86.4266","190.5","2015-09","164.2","5.0","32.2","125.7","17.4","25.3","9.5"
"USC00200710","BENTON HARBOR AIRPORT, MI US","42.1245","-86.4266","190.5","2015-10","166.7","-2.2","25.6","308.2","12.5","18.1","6.9"
"USC00200710","BENTON HARBOR AIRPORT, MI US","42.1245","-86.4266","190.5","2015-11","166.7","-8.3","24.4","623.3","7.8","13.3","2.4"
"USC00200710","BENTON HARBOR AIRPORT, MI US","42.1245","-86.4266","190.5","2015-12","166.7","-4.4","17.2","1041.4","4.9","8.4","1.3"
"US1MIOK0035","WATERFORD 2.1 NW, MI US","42.687418","-83.413166","299.3","2015-07",,,,,,,
"US1MIOK0035","WATERFORD 2.1 NW, MI US","42.687418","-83.413166","299.3","2015-08",,,,,,,
"US1MIOK0035","WATERFORD 2.1 NW, MI US","42.687418","-83.413166","299.3","2015-09",,,,,,,
"US1MIOK0035","WATERFORD 2.1 NW, MI US","42.687418","-83.413166","299.3","2015-10",,,,,,,
"US1MIOK0035","WATERFORD 2.1 NW, MI US","42.687418","-83.413166","299.3","2015-11",,,,,,,
"US1MIOK0035","WATERFORD 2.1 NW, MI US","42.687418","-83.413166","299.3","2015-12",,,,,,,
"US1MIOK0031","WATERFORD 2.6 N, MI US","42.70081","-83.39073","294.1","2015-07",,,,,,,
"US1MIOK0031","WATERFORD 2.6 N, MI US","42.70081","-83.39073","294.1","2015-08",,,,,,,
"US1MIOK0031","WATERFORD 2.6 N, MI US","42.70081","-83.39073","294.1","2015-09",,,,,,,
"US1MIOK0031","WATERFORD 2.6 N, MI US","42.70081","-83.39073","294.1","2015-10",,,,,,,
"US1MIOK0031","WATERFORD 2.6 N, MI US","42.70081","-83.39073","294.1","2015-11",,,,,,,
"US1MIWY0077","TRENTON 0.4 NNW, MI US","42.145252","-83.196439","180.7","2015-10",,,,,,,
"USC00207225","SAGINAW 5 W, MI US","43.4172","-84.0641","179.8","2015-07","165.9","7.8","31.7","13.6","21.0","27.0","15.0"
"USC00207225","SAGINAW 5 W, MI US","43.4172","-84.0641","179.8","2015-08","237.0","10.6","31.1","25.0","20.3","25.4","15.1"
"USC00207225","SAGINAW 5 W, MI US","43.4172","-84.0641","179.8","2015-09","293.1","5.0","31.1","71.7","18.6","24.4","12.9"
"USC00207225","SAGINAW 5 W, MI US","43.4172","-84.0641","179.8","2015-12",,,,,,,
"USC00207364","SAULT STE MARIE, MI US","46.48913","-84.31932","183.5","2015-07","61.6","4.4","35.0","41.8","18.8","25.7","11.9"
"USC00207364","SAULT STE MARIE, MI US","46.48913","-84.31932","183.5","2015-08","111.2","8.9","32.2","74.1","18.9","24.1","13.7"
"USC00207364","SAULT STE MARIE, MI US","46.48913","-84.31932","183.5","2015-09","154.6","1.7","31.1","135.1","17.8","23.6","11.8"
"USC00207364","SAULT STE MARIE, MI US","46.48913","-84.31932","183.5","2015-10","154.6","-3.3","21.1","470.6","7.5","12.2","2.8"
"USC00207364","SAULT STE MARIE, MI US","46.48913","-84.31932","183.5","2015-11","154.6","-11.7","21.1","895.9","4.2","8.3","0.0"
"USC00207364","SAULT STE MARIE, MI US","46.48913","-84.31932","183.5","2015-12","154.6","-13.9","11.1","1445.5","0.6","3.7","-2.5"
"US1MIMR0005","PETERSBURG 5.1 ENE, MI US","41.914571","-83.61429","200.9","2015-07",,,,,,,
"US1MIMR0005","PETERSBURG 5.1 ENE, MI US","41.914571","-83.61429","200.9","2015-10",,,,,,,
"USC00206398","PAULDING, MI US","46.3976","-89.1794","416.7","2015-07","60.5","2.2","32.2","43.8","18.7","26.1","11.3"
"USC00206398","PAULDING, MI US","46.3976","-89.1794","416.7","2015-08","85.2","1.1","32.2","117.9","16.7","23.4","10.1"
"USC00206398","PAULDING, MI US","46.3976","-89.1794","416.7","2015-09","117.9","-3.9","31.1","209.5","16.1","23.3","9.0"
"USC00206398","PAULDING, MI US","46.3976","-89.1794","416.7","2015-10","119.0","-5.6","28.3","591.4","6.1","12.3","-0.2"
"USC00206398","PAULDING, MI US","46.3976","-89.1794","416.7","2015-11","119.0","-15.6","20.6","1084.4","1.9","6.9","-3.1"
"USC00206398","PAULDING, MI US","46.3976","-89.1794","416.7","2015-12","119.0","-14.4","9.4","1679.0","-2.2","0.6","-5.1"
"US1MIMR0009","CARLETON 2.5 S, MI US","42.0212526619434","-83.3944923430681","187.5","2015-07",,,,,,,
"US1MIMR0009","CARLETON 2.5 S, MI US","42.0212526619434","-83.3944923430681","187.5","2015-08",,,,,,,
"US1MIMR0009","CARLETON 2.5 S, MI US","42.0212526619434","-83.3944923430681","187.5","2015-09",,,,,,,
"US1MIMR0009","CARLETON 2.5 S, MI US","42.0212526619434","-83.3944923430681","187.5","2015-10",,,,,,,
"US1MIMR0009","CARLETON 2.5 S, MI US","42.0212526619434","-83.3944923430681","187.5","2015-11",,,,,,,
"US1MIMR0009","CARLETON 2.5 S, MI US","42.0212526619434","-83.3944923430681","187.5","2015-12",,,,,,,
"USC00205065","MANISTEE 3 SE, MI US","44.2113","-86.2938","204.2","2015-07","105.1","6.1","31.7","27.8","19.9","25.8","14.1"
"USC00205065","MANISTEE 3 SE, MI US","44.2113","-86.2938","204.2","2015-08","174.8","8.9","29.4","41.8","20.1","24.6","15.7"
"USC00205065","MANISTEE 3 SE, MI US","44.2113","-86.2938","204.2","2015-09","243.8","4.4","30.6","78.7","19.4","24.7","14.1"
"USC00205065","MANISTEE 3 SE, MI US","44.2113","-86.2938","204.2","2015-10","244.1","-0.6","21.7","295.8","11.2","15.3","7.1"
"USC00205065","MANISTEE 3 SE, MI US","44.2113","-86.2938","204.2","2015-11","244.1","-9.4","20.6","637.5","6.9","11.3","2.6"
"USC00205065","MANISTEE 3 SE, MI US","44.2113","-86.2938","204.2","2015-12","244.1","-6.1","15.0","1089.2","3.8","6.9","0.6"
"USC00201818","CORUNNA 2 NE, MI US","42.9986","-84.0744","232.3","2015-07","143.1","7.8","32.8","14.9","20.6","27.5","13.7"
"USC00201818","CORUNNA 2 NE, MI US","42.9986","-84.0744","232.3","2015-08","221.0","8.9","33.3","27.1","20.4","26.6","14.3"
"USC00201818","CORUNNA 2 NE, MI US","42.9986","-84.0744","232.3","2015-09","292.7","5.0","32.8","69.2","19.3","26.1","12.5"
"USC00201818","CORUNNA 2 NE, MI US","42.9986","-84.0744","232.3","2015-10","292.7","-2.2","25.0","297.7","11.0","16.9","5.0"
"USC00201818","CORUNNA 2 NE, MI US","42.9986","-84.0744","232.3","2015-11","293.8","-8.3","26.7","624.4","7.1","12.9","1.3"
"USC00201818","CORUNNA 2 NE, MI US","42.9986","-84.0744","232.3","2015-12","293.8","-6.7","18.3","1072.3","3.9","8.1","-0.3"
"US1MIMG0019","NORTH MUSKEGON 2.4 NW, MI US","43.2774122804403","-86.302200704813","188.1","2015-07",,,,,,,
"US1MIMG0019","NORTH MUSKEGON 2.4 NW, MI US","43.2774122804403","-86.302200704813","188.1","2015-08",,,,,,,
"US1MIMG0019","NORTH MUSKEGON 2.4 NW, MI US","43.2774122804403","-86.302200704813","188.1","2015-09",,,,,,,
"US1MIMG0019","NORTH MUSKEGON 2.4 NW, MI US","43.2774122804403","-86.302200704813","188.1","2015-10",,,,,,,
"USC00204090","IRON MTN KINGSFORD WWTP, MI US","45.7858","-88.0841","326.4","2015-07","96.1","5.6","32.2","21.5","20.3","27.0","13.7"
"USC00204090","IRON MTN KINGSFORD WWTP, MI US","45.7858","-88.0841","326.4","2015-08","141.3","7.8","32.2","53.5","18.8","24.2","13.3"
"USC00204090","IRON MTN KINGSFORD WWTP, MI US","45.7858","-88.0841","326.4","2015-09","184.5","0.6","30.6","115.7","17.7","23.9","11.4"
"USC00204090","IRON MTN KINGSFORD WWTP, MI US","45.7858","-88.0841","326.4","2015-10","185.6","-4.4","29.4","429.3","8.3","14.1","2.4"
"USC00204090","IRON MTN KINGSFORD WWTP, MI US","45.7858","-88.0841","326.4","2015-11","185.6","-13.3","20.6","883.7","3.2","8.3","-1.9"
"USC00204090","IRON MTN KINGSFORD WWTP, MI US","45.7858","-88.0841","326.4","2015-12","185.6","-12.2","12.8","1476.7","-0.8","2.4","-3.9"
"US1MIMG0018","NORTON SHORES 2.3 SSE, MI US","43.1269","-86.2431","182.6","2015-07",,,,,,,
"US1MIMG0018","NORTON SHORES 2.3 SSE, MI US","43.1269","-86.2431","182.6","2015-08",,,,,,,
"US1MIMG0018","NORTON SHORES 2.3 SSE, MI US","43.1269","-86.2431","182.6","2015-09",,,,,,,
"USC00200842","BLISSFIELD 1 NNE, MI US","41.84","-83.8608","210.3","2015-08",,,,,,,
"USC00200842","BLISSFIELD 1 NNE, MI US","41.84","-83.8608","210.3","2015-09",,,,,,,
"USC00200842","BLISSFIELD 1 NNE, MI US","41.84","-83.8608","210.3","2015-10",,,,,,,
"USC00200842","BLISSFIELD 1 NNE, MI US","41.84","-83.8608","210.3","2015-11",,,,,,,
"USC00200842","BLISSFIELD 1 NNE, MI US","41.84","-83.8608","210.3","2015-12",,,,,,,
"US1MIMG0013","MUSKEGON 3.5 SSE, MI US","43.1791279","-86.2363559","189.3","2015-07",,,,,,,
"US1MIMG0013","MUSKEGON 3.5 SSE, MI US","43.1791279","-86.2363559","189.3","2015-09",,,,,,,
"US1MIMG0013","MUSKEGON 3.5 SSE, MI US","43.1791279","-86.2363559","189.3","2015-10",,,,,,,
"US1MIOK0020","COMMERCE 1.0 N, MI US","42.612137","-83.492002","285.9","2015-10",,,,,,,
"US1MIWY0069","GIBRALTAR 0.8 SW, MI US","42.085754","-83.210491","178.0","2015-09",,,,,,,
"US1MIWY0069","GIBRALTAR 0.8 SW, MI US","42.085754","-83.210491","178.0","2015-10",,,,,,,
"US1MIWY0069","GIBRALTAR 0.8 SW, MI US","42.085754","-83.210491","178.0","2015-11",,,,,,,
"US1MIAP0001","ALPENA 1.6 SSW, MI US","45.051565","-83.44876","178.9","2015-07",,,,,,,
"US1MIAP0001","ALPENA 1.6 SSW, MI US","45.051565","-83.44876","178.9","2015-08",,,,,,,
"US1MIAP0001","ALPENA 1.6 SSW, MI US","45.051565","-83.44876","178.9","2015-09",,,,,,,
"US1MIAP0001","ALPENA 1.6 SSW, MI US","45.051565","-83.44876","178.9","2015-10",,,,,,,
"US1MIAP0001","ALPENA 1.6 SSW, MI US","45.051565","-83.44876","178.9","2015-11",,,,,,,
"US1MIAP0001","ALPENA 1.6 SSW, MI US","45.051565","-83.44876","178.9","2015-12",,,,,,,
"US1MIWY0067","RIVERVIEW 1.0 NE, MI US","42.182713","-83.18132","178.9","2015-07",,,,,,,
"US1MIWY0067","RIVERVIEW 1.0 NE, MI US","42.182713","-83.18132","178.9","2015-08",,,,,,,
"US1MIWY0067","RIVERVIEW 1.0 NE, MI US","42.182713","-83.18132","178.9","2015-09",,,,,,,
"US1MIWY0067","RIVERVIEW 1.0 NE, MI US","42.182713","-83.18132","178.9","2015-10",,,,,,,
"US1MIWY0067","RIVERVIEW 1.0 NE, MI US","42.182713","-83.18132","178.9","2015-11",,,,,,,
"US1MIWY0067","RIVERVIEW 1.0 NE, MI US","42.182713","-83.18132","178.9","2015-12",,,,,,,
"US1MIWY0068","CANTON 0.7 NE, MI US","42.31568","-83.47213","207.9","2015-07",,,,,,,
"US1MIWY0068","CANTON 0.7 NE, MI US","42.31568","-83.47213","207.9","2015-08",,,,,,,
"US1MIWY0068","CANTON 0.7 NE, MI US","42.31568","-83.47213","207.9","2015-09",,,,,,,
"US1MIWY0068","CANTON 0.7 NE, MI US","42.31568","-83.47213","207.9","2015-10",,,,,,,
"US1MIWY0068","CANTON 0.7 NE, MI US","42.31568","-83.47213","207.9","2015-11",,,,,,,
"US1MIWY0068","CANTON 0.7 NE, MI US","42.31568","-83.47213","207.9","2015-12",,,,,,,
"USC00205195","MARSHALL, MI US","42.26477","-84.9696","272.8","2015-07",,,,,,,
"USC00205195","MARSHALL, MI US","42.26477","-84.9696","272.8","2015-08",,,,,,,
"USC00205195","MARSHALL, MI US","42.26477","-84.9696","272.8","2015-09",,,,,,,
"USC00205195","MARSHALL, MI US","42.26477","-84.9696","272.8","2015-10",,,,,,,
"USC00205195","MARSHALL, MI US","42.26477","-84.9696","272.8","2015-11",,,,,,,
"USC00205195","MARSHALL, MI US","42.26477","-84.9696","272.8","2015-12",,,,,,,
"USC00205073","MANISTIQUE WWTP, MI US","45.9512","-86.2513","182.9","2015-07","31.7","6.7","30.0","51.8","17.6","22.2","13.1"
"USC00205073","MANISTIQUE WWTP, MI US","45.9512","-86.2513","182.9","2015-08","57.0","6.7","30.0","93.9","17.8","21.9","13.7"
"USC00205073","MANISTIQUE WWTP, MI US","45.9512","-86.2513","182.9","2015-09","75.6","3.3","26.7","163.7","16.6","20.4","12.8"
"USC00205073","MANISTIQUE WWTP, MI US","45.9512","-86.2513","182.9","2015-10","75.6","-1.7","20.6","462.7","8.4","12.9","3.8"
"USC00205073","MANISTIQUE WWTP, MI US","45.9512","-86.2513","182.9","2015-11","75.6","-8.3","13.9","903.4","3.6","7.6","-0.3"
"USC00205073","MANISTIQUE WWTP, MI US","45.9512","-86.2513","182.9","2015-12","75.6","-10.0","10.6","1448.9","0.7","3.6","-2.1"
"US1MICT0011","DEWITT 1.0 NNW, MI US","42.849203","-84.584367","258.5","2015-08",,,,,,,
"US1MICT0011","DEWITT 1.0 NNW, MI US","42.849203","-84.584367","258.5","2015-09",,,,,,,
"US1MICT0011","DEWITT 1.0 NNW, MI US","42.849203","-84.584367","258.5","2015-10",,,,,,,
"US1MIKN0008","GRAND RAPIDS 3.1 NNE, MI US","43.0053","-85.641146","212.4","2015-07",,,,,,,
"US1MIKN0008","GRAND RAPIDS 3.1 NNE, MI US","43.0053","-85.641146","212.4","2015-08",,,,,,,
"US1MIKN0008","GRAND RAPIDS 3.1 NNE, MI US","43.0053","-85.641146","212.4","2015-09",,,,,,,
"US1MIKN0008","GRAND RAPIDS 3.1 NNE, MI US","43.0053","-85.641146","212.4","2015-10",,,,,,,
"US1MIKN0008","GRAND RAPIDS 3.1 NNE, MI US","43.0053","-85.641146","212.4","2015-11",,,,,,,
"US1MIKN0008","GRAND RAPIDS 3.1 NNE, MI US","43.0053","-85.641146","212.4","2015-12",,,,,,,
"US1MICS0005","NILES 3.5 E, MI US","41.840575709939","-86.1795915663242","233.5","2015-07",,,,,,,
"US1MICS0005","NILES 3.5 E, MI US","41.840575709939","-86.1795915663242","233.5","2015-08",,,,,,,
"US1MICS0005","NILES 3.5 E, MI US","41.840575709939","-86.1795915663242","233.5","2015-09",,,,,,,
"US1MICS0005","NILES 3.5 E, MI US","41.840575709939","-86.1795915663242","233.5","2015-10",,,,,,,
"US1MICS0005","NILES 3.5 E, MI US","41.840575709939","-86.1795915663242","233.5","2015-11",,,,,,,
"US1MICS0005","NILES 3.5 E, MI US","41.840575709939","-86.1795915663242","233.5","2015-12",,,,,,,
"US1MICS0002","DOWAGIAC 5.3 NNW, MI US","42.05762","-86.13992","242.3","2015-07",,,,,,,
"US1MICS0002","DOWAGIAC 5.3 NNW, MI US","42.05762","-86.13992","242.3","2015-08",,,,,,,
"US1MICS0002","DOWAGIAC 5.3 NNW, MI US","42.05762","-86.13992","242.3","2015-09",,,,,,,
"US1MICS0002","DOWAGIAC 5.3 NNW, MI US","42.05762","-86.13992","242.3","2015-10",,,,,,,
"US1MICS0002","DOWAGIAC 5.3 NNW, MI US","42.05762","-86.13992","242.3","2015-11",,,,,,,
"US1MICS0002","DOWAGIAC 5.3 NNW, MI US","42.05762","-86.13992","242.3","2015-12",,,,,,,
"US1MIMG0023","NORTON SHORES 2.5 ESE, MI US","43.1456360220909","-86.207642108202","192.6","2015-07",,,,,,,
"US1MIOK0051","FARMINGTON HILLS 2.3 WNW, MI US","42.4935029","-83.41952","265.8","2015-09",,,,,,,
"US1MIOK0050","WHITE LAKE 5.2 SSE, MI US","42.617482","-83.543782","291.7","2015-09",,,,,,,
"US1MIOK0050","WHITE LAKE 5.2 SSE, MI US","42.617482","-83.543782","291.7","2015-10",,,,,,,
"USC00206158","OLD MISSION 3 SSW, MI US","44.9215","-85.5161","199.9","2015-07",,,,,,,
"USC00206158","OLD MISSION 3 SSW, MI US","44.9215","-85.5161","199.9","2015-08",,,,,,,
"USC00206158","OLD MISSION 3 SSW, MI US","44.9215","-85.5161","199.9","2015-09",,,,,,,
"USC00206158","OLD MISSION 3 SSW, MI US","44.9215","-85.5161","199.9","2015-10",,,,,,,
"USC00206158","OLD MISSION 3 SSW, MI US","44.9215","-85.5161","199.9","2015-11",,,,,,,
"USC00206158","OLD MISSION 3 SSW, MI US","44.9215","-85.5161","199.9","2015-12",,,,,,,
"US1MIBN0016","NILES 4.9 N, MI US","41.9053230285645","-86.2616348266602","236.2","2015-07",,,,,,,
"US1MIBN0016","NILES 4.9 N, MI US","41.9053230285645","-86.2616348266602","236.2","2015-08",,,,,,,
"US1MIBN0016","NILES 4.9 N, MI US","41.9053230285645","-86.2616348266602","236.2","2015-09",,,,,,,
"US1MIBN0016","NILES 4.9 N, MI US","41.9053230285645","-86.2616348266602","236.2","2015-10",,,,,,,
"US1MILL0003","NORTHPORT 0.1 SW, MI US","45.1297878","-85.6183989","191.7","2015-08",,,,,,,
"US1MILL0003","NORTHPORT 0.1 SW, MI US","45.1297878","-85.6183989","191.7","2015-09",,,,,,,
"US1MILL0003","NORTHPORT 0.1 SW, MI US","45.1297878","-85.6183989","191.7","2015-10",,,,,,,
"US1MILL0003","NORTHPORT 0.1 SW, MI US","45.1297878","-85.6183989","191.7","2015-11",,,,,,,
"US1MILL0003","NORTHPORT 0.1 SW, MI US","45.1297878","-85.6183989","191.7","2015-12",,,,,,,
"US1MILL0001","NORTHPORT 5.0 SSW, MI US","45.061489","-85.648567","273.7","2015-07",,,,,,,
"US1MILL0001","NORTHPORT 5.0 SSW, MI US","45.061489","-85.648567","273.7","2015-08",,,,,,,
"US1MILL0001","NORTHPORT 5.0 SSW, MI US","45.061489","-85.648567","273.7","2015-09",,,,,,,
"US1MILL0001","NORTHPORT 5.0 SSW, MI US","45.061489","-85.648567","273.7","2015-10",,,,,,,
"US1MILL0001","NORTHPORT 5.0 SSW, MI US","45.061489","-85.648567","273.7","2015-11",,,,,,,
"US1MILL0001","NORTHPORT 5.0 SSW, MI US","45.061489","-85.648567","273.7","2015-12",,,,,,,
"US1MIKN0011","LOWELL 1.4 ESE, MI US","42.923687","-85.322221","215.8","2015-07",,,,,,,
"US1MIKN0011","LOWELL 1.4 ESE, MI US","42.923687","-85.322221","215.8","2015-08",,,,,,,
"US1MIKN0011","LOWELL 1.4 ESE, MI US","42.923687","-85.322221","215.8","2015-09",,,,,,,
"US1MIKN0011","LOWELL 1.4 ESE, MI US","42.923687","-85.322221","215.8","2015-10",,,,,,,
"US1MIKN0011","LOWELL 1.4 ESE, MI US","42.923687","-85.322221","215.8","2015-11",,,,,,,
"US1MIKN0011","LOWELL 1.4 ESE, MI US","42.923687","-85.322221","215.8","2015-12",,,,,,,
"US1MIBN0013","ST. JOSEPH 1.5 SSE, MI US","42.077448","-86.480321","192.6","2015-07",,,,,,,
"US1MIBN0013","ST. JOSEPH 1.5 SSE, MI US","42.077448","-86.480321","192.6","2015-08",,,,,,,
"US1MIBN0013","ST. JOSEPH 1.5 SSE, MI US","42.077448","-86.480321","192.6","2015-10",,,,,,,
"US1MIBN0013","ST. JOSEPH 1.5 SSE, MI US","42.077448","-86.480321","192.6","2015-11",,,,,,,
"US1MIBN0013","ST. JOSEPH 1.5 SSE, MI US","42.077448","-86.480321","192.6","2015-12",,,,,,,
"US1MIWY0081","GROSSE POINTE WOODS 0.6 W, MI US","42.436292","-82.91032","178.6","2015-11",,,,,,,
"US1MIWY0081","GROSSE POINTE WOODS 0.6 W, MI US","42.436292","-82.91032","178.6","2015-12",,,,,,,
"USR0000MWAT","WATERSMEET MICHIGAN, MI US","46.2689","-89.17","489.2","2015-07","63.5","3.3","32.8","32.8","19.1","26.2","12.0"
"USR0000MWAT","WATERSMEET MICHIGAN, MI US","46.2689","-89.17","489.2","2015-08","101.0","1.1","32.8","78.2","17.9","23.9","12.0"
"USR0000MWAT","WATERSMEET MICHIGAN, MI US","46.2689","-89.17","489.2","2015-09","139.7","-3.9","30.6","178.8","16.3","22.5","10.0"
"USR0000MWAT","WATERSMEET MICHIGAN, MI US","46.2689","-89.17","489.2","2015-10","140.3","-6.1","27.8","541.5","6.6","12.2","1.1"
"USR0000MWAT","WATERSMEET MICHIGAN, MI US","46.2689","-89.17","489.2","2015-11","140.3","-16.1","20.6","1008.0","1.9","7.1","-3.3"
"USR0000MWAT","WATERSMEET MICHIGAN, MI US","46.2689","-89.17","489.2","2015-12","140.3","-14.4","8.9","1633.3","-1.8","0.8","-4.4"
"US1MIKN0017","ALTO 4.5 SW, MI US","42.817793","-85.452579","227.4","2015-07",,,,,,,
"US1MIOK0047","BLOOMFIELD TOWNSHIP 3.1 SW, MI US","42.54516","-83.317685","262.7","2015-07",,,,,,,
"US1MIOK0047","BLOOMFIELD TOWNSHIP 3.1 SW, MI US","42.54516","-83.317685","262.7","2015-09",,,,,,,
"US1MIOK0047","BLOOMFIELD TOWNSHIP 3.1 SW, MI US","42.54516","-83.317685","262.7","2015-10",,,,,,,
"US1MIOK0047","BLOOMFIELD TOWNSHIP 3.1 SW, MI US","42.54516","-83.317685","262.7","2015-11",,,,,,,
"US1MIOK0047","BLOOMFIELD TOWNSHIP 3.1 SW, MI US","42.54516","-83.317685","262.7","2015-12",,,,,,,
"USW00054854","GAYLORD 9 SSW, MI US","44.908","-84.7203","445.3","2015-07","58.9","5.9","32.0","33.2","18.7","24.6","12.8"
"USW00054854","GAYLORD 9 SSW, MI US","44.908","-84.7203","445.3","2015-08","98.1","8.8","30.0","76.1","18.2","23.1","13.3"
"USW00054854","GAYLORD 9 SSW, MI US","44.908","-84.7203","445.3","2015-09","132.6","2.9","29.9","151.0","17.0","22.0","12.0"
"USW00054854","GAYLORD 9 SSW, MI US","44.908","-84.7203","445.3","2015-10","132.6","-1.9","23.8","478.7","7.8","12.0","3.5"
"USW00054854","GAYLORD 9 SSW, MI US","44.908","-84.7203","445.3","2015-11","132.6","-11.5","22.5","891.8","4.6","8.8","0.3"
"USW00054854","GAYLORD 9 SSW, MI US","44.908","-84.7203","445.3","2015-12","132.6","-9.4","12.7","1432.0","0.9","3.7","-1.9"
"USC00200864","BLOOMINGDALE, MI US","42.3838","-85.9626","224.3","2015-07","181.3","9.4","32.8","12.8","20.9","27.4","14.5"
"USC00200864","BLOOMINGDALE, MI US","42.3838","-85.9626","224.3","2015-08","267.1","8.3","32.8","28.4","20.6","26.6","14.6"
"USC00200864","BLOOMINGDALE, MI US","42.3838","-85.9626","224.3","2015-09","342.2","3.9","32.8","69.8","19.5","26.3","12.6"
"USC00200864","BLOOMINGDALE, MI US","42.3838","-85.9626","224.3","2015-10","342.8","-3.3","25.0","300.2","10.9","17.0","4.9"
"USC00200864","BLOOMINGDALE, MI US","42.3838","-85.9626","224.3","2015-11","342.8","-8.3","25.0","647.3","6.8","12.8","0.8"
"USC00200864","BLOOMINGDALE, MI US","42.3838","-85.9626","224.3","2015-12","342.8","-6.7","17.8","1078.8","4.4","8.1","0.7"
"US1MIOK0046","ORCHARD LAKE VILLAGE 0.9 WSW, MI US","42.577345","-83.394211","285.9","2015-07",,,,,,,
"US1MIOK0046","ORCHARD LAKE VILLAGE 0.9 WSW, MI US","42.577345","-83.394211","285.9","2015-10",,,,,,,
"US1MINW0008","WHITE CLOUD 7.5 ENE, MI US","43.606302","-85.641918","298.1","2015-07",,,,,,,
"US1MINW0008","WHITE CLOUD 7.5 ENE, MI US","43.606302","-85.641918","298.1","2015-08",,,,,,,
"US1MINW0008","WHITE CLOUD 7.5 ENE, MI US","43.606302","-85.641918","298.1","2015-09",,,,,,,
"US1MINW0008","WHITE CLOUD 7.5 ENE, MI US","43.606302","-85.641918","298.1","2015-10",,,,,,,
"US1MINW0008","WHITE CLOUD 7.5 ENE, MI US","43.606302","-85.641918","298.1","2015-11",,,,,,,
"US1MINW0008","WHITE CLOUD 7.5 ENE, MI US","43.606302","-85.641918","298.1","2015-12",,,,,,,
"USC00202804","FILION 5 NNW, MI US","43.9158","-83.083","193.5","2015-07",,,,,,,
"USC00202804","FILION 5 NNW, MI US","43.9158","-83.083","193.5","2015-08",,"9.4","30.0",,"19.4","24.1","14.6"
"USC00202804","FILION 5 NNW, MI US","43.9158","-83.083","193.5","2015-09",,"7.2","30.6",,"18.6","23.9","13.3"
"USC00202804","FILION 5 NNW, MI US","43.9158","-83.083","193.5","2015-10",,"-0.6","22.8",,"9.5","13.9","5.1"
"USC00202804","FILION 5 NNW, MI US","43.9158","-83.083","193.5","2015-11",,,,,,,
"USC00202804","FILION 5 NNW, MI US","43.9158","-83.083","193.5","2015-12",,"-6.7","15.6",,"2.7","6.0","-0.5"
"US1MIBN0007","WATERVLIET 0.7 NNE, MI US","42.19669","-86.25339","197.8","2015-08",,,,,,,
"USC00207275","ST. IGNACE, MI US","45.8608","-84.7196","201.5","2015-07","49.6","6.1","31.1","27.4","19.0","24.4","13.7"
"USC00207275","ST. IGNACE, MI US","45.8608","-84.7196","201.5","2015-08","82.9","9.4","28.3","66.6","18.1","22.6","13.7"
"USC00207275","ST. IGNACE, MI US","45.8608","-84.7196","201.5","2015-09","116.3","4.4","30.0","125.2","17.5","22.2","12.8"
"USC00207275","ST. IGNACE, MI US","45.8608","-84.7196","201.5","2015-10","116.3","-1.7","17.8","443.4","8.1","12.1","4.0"
"USC00207275","ST. IGNACE, MI US","45.8608","-84.7196","201.5","2015-11","116.3","-7.8","20.0","850.5","4.8","8.1","1.4"
"USC00207275","ST. IGNACE, MI US","45.8608","-84.7196","201.5","2015-12","116.3","-8.9","12.2","1385.9","1.1","3.7","-1.6"
"USC00206184","ONAWAY 4 N, MI US","45.4108","-84.2233","227.1","2015-07","97.9","5.0","33.9","21.8","20.0","27.1","12.9"
"USC00206184","ONAWAY 4 N, MI US","45.4108","-84.2233","227.1","2015-08","158.9","7.8","33.3","50.4","19.4","25.3","13.5"
"USC00206184","ONAWAY 4 N, MI US","45.4108","-84.2233","227.1","2015-09","212.8","2.8","32.2","105.7","18.3","24.5","12.1"
"USC00206184","ONAWAY 4 N, MI US","45.4108","-84.2233","227.1","2015-10","212.8","-3.3","25.0","405.1","8.7","13.8","3.6"
"USC00206184","ONAWAY 4 N, MI US","45.4108","-84.2233","227.1","2015-11","212.8","-8.3","23.9","805.6","5.0","9.9","0.0"
"USC00206184","ONAWAY 4 N, MI US","45.4108","-84.2233","227.1","2015-12","212.8","-7.8","13.3","1313.7","1.9","5.0","-1.1"
"USC00207277","BEAVER ISLAND, MI US","45.6911","-85.5463","204.8","2015-07","57.5","6.1","29.4","22.5","19.4","24.3","14.5"
"USC00207277","BEAVER ISLAND, MI US","45.6911","-85.5463","204.8","2015-08","101.2","7.2","30.0","48.1","18.9","22.7","15.2"
"USC00207277","BEAVER ISLAND, MI US","45.6911","-85.5463","204.8","2015-09","139.8","4.4","27.8","104.7","17.7","21.3","14.2"
"USC00207277","BEAVER ISLAND, MI US","45.6911","-85.5463","204.8","2015-10","139.8","-1.1","18.3","391.1","9.1","12.2","5.9"
"USC00207277","BEAVER ISLAND, MI US","45.6911","-85.5463","204.8","2015-11","139.8","-6.1","19.4","777.2","5.5","9.3","1.6"
"USC00207277","BEAVER ISLAND, MI US","45.6911","-85.5463","204.8","2015-12","139.8","-7.8","12.8","1271.4","2.4","5.1","-0.3"
"US1MIWY0031","CANTON 0.7 NW, MI US","42.3155","-83.4925","210.6","2015-07",,,,,,,
"US1MIWY0031","CANTON 0.7 NW, MI US","42.3155","-83.4925","210.6","2015-09",,,,,,,
"US1MIWY0031","CANTON 0.7 NW, MI US","42.3155","-83.4925","210.6","2015-10",,,,,,,
"US1MIWY0031","CANTON 0.7 NW, MI US","42.3155","-83.4925","210.6","2015-11",,,,,,,
"US1MIWY0031","CANTON 0.7 NW, MI US","42.3155","-83.4925","210.6","2015-12",,,,,,,
"USR0000MMIO","MIO MICHIGAN, MI US","44.6761","-84.1283","320.0","2015-07","75.6","3.9","33.9","28.3","19.2","27.3","11.2"
"USR0000MMIO","MIO MICHIGAN, MI US","44.6761","-84.1283","320.0","2015-08","123.3","6.7","32.8","61.1","18.8","25.3","12.4"
"USR0000MMIO","MIO MICHIGAN, MI US","44.6761","-84.1283","320.0","2015-09","160.3","1.1","31.7","146.4","16.7","23.4","10.1"
"USR0000MMIO","MIO MICHIGAN, MI US","44.6761","-84.1283","320.0","2015-10","160.3","-4.4","25.6","468.3","7.9","13.4","2.5"
"USR0000MMIO","MIO MICHIGAN, MI US","44.6761","-84.1283","320.0","2015-11","160.3","-12.8","23.9","880.2","4.6","10.6","-1.4"
"USR0000MMIO","MIO MICHIGAN, MI US","44.6761","-84.1283","320.0","2015-12","160.3","-8.3","13.9","1398.8","1.6","5.3","-2.1"
"USC00205097","MAPLE CITY 1 E, MI US","44.855","-85.8352","243.5","2015-07",,,,,,,
"USC00205097","MAPLE CITY 1 E, MI US","44.855","-85.8352","243.5","2015-09",,"4.4","31.1",,"18.7","23.8","13.6"
"USC00205097","MAPLE CITY 1 E, MI US","44.855","-85.8352","243.5","2015-10",,"-1.7","23.9",,"9.5","14.1","4.9"
"USC00205097","MAPLE CITY 1 E, MI US","44.855","-85.8352","243.5","2015-11",,"-6.7","22.8",,"6.1","11.1","1.0"
"USC00205097","MAPLE CITY 1 E, MI US","44.855","-85.8352","243.5","2015-12",,"-8.3","14.4",,"2.9","6.0","-0.3"
"US1MIET0005","GRAND LEDGE 0.3 NNE, MI US","42.7569","-84.7453","254.2","2015-07",,,,,,,
"US1MIET0005","GRAND LEDGE 0.3 NNE, MI US","42.7569","-84.7453","254.2","2015-08",,,,,,,
"US1MIET0005","GRAND LEDGE 0.3 NNE, MI US","42.7569","-84.7453","254.2","2015-09",,,,,,,
"US1MIET0005","GRAND LEDGE 0.3 NNE, MI US","42.7569","-84.7453","254.2","2015-10",,,,,,,
"US1MIET0005","GRAND LEDGE 0.3 NNE, MI US","42.7569","-84.7453","254.2","2015-11",,,,,,,
"US1MIET0005","GRAND LEDGE 0.3 NNE, MI US","42.7569","-84.7453","254.2","2015-12",,,,,,,
"US1MIET0003","LANSING 3.9 WNW, MI US","42.724201","-84.627866","267.3","2015-07",,,,,,,
"US1MIET0003","LANSING 3.9 WNW, MI US","42.724201","-84.627866","267.3","2015-08",,,,,,,
"US1MIET0003","LANSING 3.9 WNW, MI US","42.724201","-84.627866","267.3","2015-10",,,,,,,
"US1MIET0003","LANSING 3.9 WNW, MI US","42.724201","-84.627866","267.3","2015-11",,,,,,,
"US1MIET0003","LANSING 3.9 WNW, MI US","42.724201","-84.627866","267.3","2015-12",,,,,,,
"US1MIMQ0018","MARQUETTE 0.7 SSW, MI US","46.5409780293703","-87.4019466340542","221.6","2015-11",,,,,,,
"US1MIMQ0018","MARQUETTE 0.7 SSW, MI US","46.5409780293703","-87.4019466340542","221.6","2015-12",,,,,,,
"US1MIMQ0019","ISHPEMING 7.2 SW, MI US","46.4055","-87.7567","445.9","2015-12",,,,,,,
"US1MIOK0079","BLOOMFIELD TOWNSHIP 2.0 NNE, MI US","42.600658","-83.254181","276.1","2015-07",,,,,,,
"US1MIOK0079","BLOOMFIELD TOWNSHIP 2.0 NNE, MI US","42.600658","-83.254181","276.1","2015-09",,,,,,,
"US1MIOK0079","BLOOMFIELD TOWNSHIP 2.0 NNE, MI US","42.600658","-83.254181","276.1","2015-10",,,,,,,
"US1MIOK0079","BLOOMFIELD TOWNSHIP 2.0 NNE, MI US","42.600658","-83.254181","276.1","2015-11",,,,,,,
"US1MIMQ0017","ISHPEMING 5.6 NNW, MI US","46.5673","-87.6869","418.8","2015-11",,,,,,,
"US1MIMQ0017","ISHPEMING 5.6 NNW, MI US","46.5673","-87.6869","418.8","2015-12",,,,,,,
"US1MIOK0077","WHITE LAKE 0.5 E, MI US","42.69242","-83.54549","316.7","2015-07",,,,,,,
"US1MIOK0077","WHITE LAKE 0.5 E, MI US","42.69242","-83.54549","316.7","2015-08",,,,,,,
"US1MIOK0077","WHITE LAKE 0.5 E, MI US","42.69242","-83.54549","316.7","2015-11",,,,,,,
"US1MIOK0077","WHITE LAKE 0.5 E, MI US","42.69242","-83.54549","316.7","2015-12",,,,,,,
"USC00200758","BEULAH 7 SSW, MI US","44.5316","-86.1311","235.6","2015-07","114.4","6.7","32.2","26.2","20.3","26.1","14.5"
"USC00200758","BEULAH 7 SSW, MI US","44.5316","-86.1311","235.6","2015-08","181.0","10.6","31.1","41.0","20.0","24.8","15.2"
"USC00200758","BEULAH 7 SSW, MI US","44.5316","-86.1311","235.6","2015-09","241.8","4.4","32.2","81.9","19.0","24.1","13.8"
"USC00200758","BEULAH 7 SSW, MI US","44.5316","-86.1311","235.6","2015-10","241.8","-1.7","22.2","351.9","9.6","14.3","4.9"
"USC00200758","BEULAH 7 SSW, MI US","44.5316","-86.1311","235.6","2015-11","241.8","-7.8","21.7","714.3","6.3","10.4","2.1"
"USC00200758","BEULAH 7 SSW, MI US","44.5316","-86.1311","235.6","2015-12","241.8","-6.1","14.4","1198.6","2.7","5.4","0.0"
"US1MIOK0074","SOUTH LYON 0.5 NW, MI US","42.4647521972656","-83.6592788696289","280.7","2015-07",,,,,,,
"US1MIOK0074","SOUTH LYON 0.5 NW, MI US","42.4647521972656","-83.6592788696289","280.7","2015-08",,,,,,,
"US1MIOK0074","SOUTH LYON 0.5 NW, MI US","42.4647521972656","-83.6592788696289","280.7","2015-09",,,,,,,
"US1MIOK0074","SOUTH LYON 0.5 NW, MI US","42.4647521972656","-83.6592788696289","280.7","2015-10",,,,,,,
"US1MIOK0074","SOUTH LYON 0.5 NW, MI US","42.4647521972656","-83.6592788696289","280.7","2015-11",,,,,,,
"US1MIOK0074","SOUTH LYON 0.5 NW, MI US","42.4647521972656","-83.6592788696289","280.7","2015-12",,,,,,,
"US1MIOK0070","FERNDALE 0.3 NNW, MI US","42.464086","-83.133076","196.6","2015-07",,,,,,,
"US1MIOK0070","FERNDALE 0.3 NNW, MI US","42.464086","-83.133076","196.6","2015-08",,,,,,,
"US1MIOK0070","FERNDALE 0.3 NNW, MI US","42.464086","-83.133076","196.6","2015-10",,,,,,,
"US1MIOK0070","FERNDALE 0.3 NNW, MI US","42.464086","-83.133076","196.6","2015-11",,,,,,,
"US1MIOK0070","FERNDALE 0.3 NNW, MI US","42.464086","-83.133076","196.6","2015-12",,,,,,,
"US1MIWY0033","LIVONIA 2.3 NNW, MI US","42.431002","-83.381911","210.9","2015-07",,,,,,,
"US1MIWY0033","LIVONIA 2.3 NNW, MI US","42.431002","-83.381911","210.9","2015-08",,,,,,,
"US1MIWY0033","LIVONIA 2.3 NNW, MI US","42.431002","-83.381911","210.9","2015-11",,,,,,,
"US1MIWY0033","LIVONIA 2.3 NNW, MI US","42.431002","-83.381911","210.9","2015-12",,,,,,,
"US1MIMQ0015","MARQUETTE 16.0 NW, MI US","46.71","-87.64","272.2","2015-07",,,,,,,
"US1MIMQ0015","MARQUETTE 16.0 NW, MI US","46.71","-87.64","272.2","2015-08",,,,,,,
"US1MIMQ0015","MARQUETTE 16.0 NW, MI US","46.71","-87.64","272.2","2015-11",,,,,,,
"US1MIMQ0015","MARQUETTE 16.0 NW, MI US","46.71","-87.64","272.2","2015-12",,,,,,,
"US1MIWY0020","LIVONIA 2.2 WNW, MI US","42.406371","-83.413232","208.2","2015-07",,,,,,,
"US1MIWY0020","LIVONIA 2.2 WNW, MI US","42.406371","-83.413232","208.2","2015-10",,,,,,,
"USC00207280","SAINT JOHNS, MI US","43.0128","-84.5547","226.5","2015-07",,,,,,,
"USC00207280","SAINT JOHNS, MI US","43.0128","-84.5547","226.5","2015-08",,,,,,,
"USC00207280","SAINT JOHNS, MI US","43.0128","-84.5547","226.5","2015-09",,,,,,,
"USC00207280","SAINT JOHNS, MI US","43.0128","-84.5547","226.5","2015-10",,,,,,,
"USC00207280","SAINT JOHNS, MI US","43.0128","-84.5547","226.5","2015-11",,"-7.2","23.9",,"7.4","12.4","2.3"
"USC00207280","SAINT JOHNS, MI US","43.0128","-84.5547","226.5","2015-12",,,,,,,
"US1MIOK0069","SOUTHFIELD 2.8 NNE, MI US","42.51303","-83.238","216.1","2015-08",,,,,,,
"US1MIOK0069","SOUTHFIELD 2.8 NNE, MI US","42.51303","-83.238","216.1","2015-09",,,,,,,
"US1MIOK0069","SOUTHFIELD 2.8 NNE, MI US","42.51303","-83.238","216.1","2015-10",,,,,,,
"US1MIET0001","LANSING 3.8 WNW, MI US","42.722426","-84.626935","267.9","2015-07",,,,,,,
"US1MIET0001","LANSING 3.8 WNW, MI US","42.722426","-84.626935","267.9","2015-08",,,,,,,
"US1MIET0001","LANSING 3.8 WNW, MI US","42.722426","-84.626935","267.9","2015-09",,,,,,,
"US1MIET0001","LANSING 3.8 WNW, MI US","42.722426","-84.626935","267.9","2015-10",,,,,,,
"US1MIET0001","LANSING 3.8 WNW, MI US","42.722426","-84.626935","267.9","2015-11",,,,,,,
"US1MIET0001","LANSING 3.8 WNW, MI US","42.722426","-84.626935","267.9","2015-12",,,,,,,
"US1MIOK0066","DAVISBURG 1.3 ESE, MI US","42.7443389892578","-83.5173797607422","314.6","2015-07",,,,,,,
"US1MIOK0066","DAVISBURG 1.3 ESE, MI US","42.7443389892578","-83.5173797607422","314.6","2015-08",,,,,,,
"US1MIOK0066","DAVISBURG 1.3 ESE, MI US","42.7443389892578","-83.5173797607422","314.6","2015-09",,,,,,,
"US1MIOK0066","DAVISBURG 1.3 ESE, MI US","42.7443389892578","-83.5173797607422","314.6","2015-11",,,,,,,
"US1MIOK0066","DAVISBURG 1.3 ESE, MI US","42.7443389892578","-83.5173797607422","314.6","2015-12",,,,,,,
"US1MIIN0007","BELDING 2.6 SE, MI US","43.068","-85.198","259.1","2015-07",,,,,,,
"US1MIIN0007","BELDING 2.6 SE, MI US","43.068","-85.198","259.1","2015-08",,,,,,,
"USR0000MBRR","BEAR MICHIGAN, MI US","44.8019","-86.0508","289.9","2015-07","96.5","8.9","31.7","20.0","20.2","25.0","15.4"
"USR0000MBRR","BEAR MICHIGAN, MI US","44.8019","-86.0508","289.9","2015-08","152.4","12.2","29.4","37.7","19.6","23.3","15.8"
"USR0000MBRR","BEAR MICHIGAN, MI US","44.8019","-86.0508","289.9","2015-09","205.9","6.7","30.6","78.8","18.8","23.1","14.4"
"USR0000MBRR","BEAR MICHIGAN, MI US","44.8019","-86.0508","289.9","2015-10","205.9","1.1","21.1","346.8","9.7","13.4","6.0"
"USR0000MBRR","BEAR MICHIGAN, MI US","44.8019","-86.0508","289.9","2015-11","205.9","-4.4","21.1","708.3","6.3","9.8","2.8"
"USR0000MBRR","BEAR MICHIGAN, MI US","44.8019","-86.0508","289.9","2015-12","205.9","-6.7","13.9","1202.4","2.4","4.9","-0.1"
"US1MIOK0063","FENTON 2.7 SSE, MI US","42.7672157287598","-83.6855316162109","296.0","2015-07",,,,,,,
"US1MIOK0063","FENTON 2.7 SSE, MI US","42.7672157287598","-83.6855316162109","296.0","2015-08",,,,,,,
"US1MIOK0063","FENTON 2.7 SSE, MI US","42.7672157287598","-83.6855316162109","296.0","2015-09",,,,,,,
"US1MIOK0063","FENTON 2.7 SSE, MI US","42.7672157287598","-83.6855316162109","296.0","2015-10",,,,,,,
"US1MIOK0063","FENTON 2.7 SSE, MI US","42.7672157287598","-83.6855316162109","296.0","2015-11",,,,,,,
"US1MIOK0063","FENTON 2.7 SSE, MI US","42.7672157287598","-83.6855316162109","296.0","2015-12",,,,,,,
"US1MIIN0001","SARANAC 2.6 NE, MI US","42.957642","-85.173759","203.3","2015-07",,,,,,,
"US1MIIN0001","SARANAC 2.6 NE, MI US","42.957642","-85.173759","203.3","2015-08",,,,,,,
"US1MIIN0001","SARANAC 2.6 NE, MI US","42.957642","-85.173759","203.3","2015-09",,,,,,,
"US1MIIN0001","SARANAC 2.6 NE, MI US","42.957642","-85.173759","203.3","2015-10",,,,,,,
"US1MIIN0001","SARANAC 2.6 NE, MI US","42.957642","-85.173759","203.3","2015-11",,,,,,,
"US1MIIN0001","SARANAC 2.6 NE, MI US","42.957642","-85.173759","203.3","2015-12",,,,,,,
"US1MIOK0062","LAKE ORION 4.3 SSE, MI US","42.722807","-83.225595","317.0","2015-12",,,,,,,
"US1MIOK0061","DAVISBURG 0.8 NNE, MI US","42.7623634338379","-83.5359802246094","314.2","2015-07",,,,,,,
"US1MIOK0061","DAVISBURG 0.8 NNE, MI US","42.7623634338379","-83.5359802246094","314.2","2015-08",,,,,,,
"US1MIOK0061","DAVISBURG 0.8 NNE, MI US","42.7623634338379","-83.5359802246094","314.2","2015-09",,,,,,,
"US1MIOK0061","DAVISBURG 0.8 NNE, MI US","42.7623634338379","-83.5359802246094","314.2","2015-10",,,,,,,
"US1MIIN0003","ORLEANS 1.3 SSE, MI US","43.0513","-85.1245","259.1","2015-07",,,,,,,
"US1MIIN0003","ORLEANS 1.3 SSE, MI US","43.0513","-85.1245","259.1","2015-08",,,,,,,
"US1MIMQ0001","MARQUETTE 5.5 SSE, MI US","46.4731","-87.3678","220.1","2015-07",,,,,,,
"US1MIMQ0001","MARQUETTE 5.5 SSE, MI US","46.4731","-87.3678","220.1","2015-08",,,,,,,
"US1MIMQ0001","MARQUETTE 5.5 SSE, MI US","46.4731","-87.3678","220.1","2015-09",,,,,,,
"US1MIMQ0001","MARQUETTE 5.5 SSE, MI US","46.4731","-87.3678","220.1","2015-10",,,,,,,
"USC00208249","TRAVERSE CITY MUNSON, MI US","44.7607","-85.6443","193.5","2015-07","113.7","7.8","33.3","23.7","20.4","26.2","14.5"
"USC00208249","TRAVERSE CITY MUNSON, MI US","44.7607","-85.6443","193.5","2015-08","179.7","10.6","31.7","43.5","19.8","24.9","14.8"
"USC00208249","TRAVERSE CITY MUNSON, MI US","44.7607","-85.6443","193.5","2015-09","233.6","5.0","31.1","90.3","18.6","23.7","13.4"
"USC00208249","TRAVERSE CITY MUNSON, MI US","44.7607","-85.6443","193.5","2015-10","233.6","0.0","23.3","363.4","9.5","14.0","5.0"
"USC00208249","TRAVERSE CITY MUNSON, MI US","44.7607","-85.6443","193.5","2015-11","233.6","-6.7","22.8","747.9","5.5","10.1","0.9"
"USC00208249","TRAVERSE CITY MUNSON, MI US","44.7607","-85.6443","193.5","2015-12","233.6","-7.2","14.4","1239.6","2.5","5.3","-0.3"
"US1MIMQ0002","MARQUETTE 6.5 SSE, MI US","46.464618","-87.34064","205.1","2015-09",,,,,,,
"US1MIMQ0002","MARQUETTE 6.5 SSE, MI US","46.464618","-87.34064","205.1","2015-10",,,,,,,
"US1MIMQ0002","MARQUETTE 6.5 SSE, MI US","46.464618","-87.34064","205.1","2015-11",,,,,,,
"US1MIWY0052","LIVONIA 2.0 NE, MI US","42.417046","-83.343613","195.7","2015-07",,,,,,,
"US1MIWY0052","LIVONIA 2.0 NE, MI US","42.417046","-83.343613","195.7","2015-09",,,,,,,
"US1MIWY0052","LIVONIA 2.0 NE, MI US","42.417046","-83.343613","195.7","2015-10",,,,,,,
"US1MIWY0052","LIVONIA 2.0 NE, MI US","42.417046","-83.343613","195.7","2015-11",,,,,,,
"US1MIWY0052","LIVONIA 2.0 NE, MI US","42.417046","-83.343613","195.7","2015-12",,,,,,,
"USC00209110","WYANDOTTE, MI US","42.20844","-83.1626","176.8","2015-07",,,,,,,
"USC00209110","WYANDOTTE, MI US","42.20844","-83.1626","176.8","2015-08",,,,,,,
"USC00209110","WYANDOTTE, MI US","42.20844","-83.1626","176.8","2015-09",,,,,,,
"USC00209110","WYANDOTTE, MI US","42.20844","-83.1626","176.8","2015-10",,,,,,,
"USC00209110","WYANDOTTE, MI US","42.20844","-83.1626","176.8","2015-11",,,,,,,
"USC00209110","WYANDOTTE, MI US","42.20844","-83.1626","176.8","2015-12",,,,,,,
"USC00206080","OIL CITY 2 S, MI US","43.5816","-84.5888","207.3","2015-07",,"5.0","31.1","28.3","18.8","26.2","11.4"
"USC00206080","OIL CITY 2 S, MI US","43.5816","-84.5888","207.3","2015-09",,"2.8","29.4",,"16.6","23.1","10.0"
"USC00206080","OIL CITY 2 S, MI US","43.5816","-84.5888","207.3","2015-10",,"-3.9","23.3",,"8.6","14.6","2.6"
"USC00206080","OIL CITY 2 S, MI US","43.5816","-84.5888","207.3","2015-11",,"-11.1","23.3",,"5.0","11.2","-1.1"
"USC00201502","CHELSEA, MI US","42.3263","-84.0133","274.3","2015-07","166.4","8.9","32.8","11.4","20.7","26.9","14.4"
"USC00201502","CHELSEA, MI US","42.3263","-84.0133","274.3","2015-08","236.2","7.2","31.7","28.0","20.1","26.0","14.1"
"USC00201502","CHELSEA, MI US","42.3263","-84.0133","274.3","2015-09","300.9","5.0","32.2","74.5","18.9","25.7","12.2"
"USC00201502","CHELSEA, MI US","42.3263","-84.0133","274.3","2015-10","300.9","-3.3","23.9","303.2","11.0","16.6","5.3"
"USC00201502","CHELSEA, MI US","42.3263","-84.0133","274.3","2015-11","300.9","-11.1","25.0","656.1","6.6","12.5","0.7"
"USC00201502","CHELSEA, MI US","42.3263","-84.0133","274.3","2015-12","300.9","-8.9","16.7","1114.0","3.6","7.4","-0.2"
"USC00202955","FRANKENMUTH 1 SE, MI US","43.3194","-83.7161","193.5","2015-11",,"-9.4","22.8",,"6.4","11.2","1.6"
"USC00202955","FRANKENMUTH 1 SE, MI US","43.3194","-83.7161","193.5","2015-12",,"-7.2",,,,,"0.0"
"USC00200779","BIG RAPIDS WATER TREATMENT PLANT, MI US","43.7072","-85.4819","273.7","2015-07","94.6","7.8","32.2","27.1","19.6","26.7","12.4"
"USC00200779","BIG RAPIDS WATER TREATMENT PLANT, MI US","43.7072","-85.4819","273.7","2015-08","148.0","8.9","32.2","50.2","19.3","25.4","13.2"
"USC00200779","BIG RAPIDS WATER TREATMENT PLANT, MI US","43.7072","-85.4819","273.7","2015-09","188.5","3.3","31.7","106.7","17.8","24.1","11.5"
"USC00200779","BIG RAPIDS WATER TREATMENT PLANT, MI US","43.7072","-85.4819","273.7","2015-10","188.5","-2.8","22.2","390.9","8.9","14.7","3.2"
"USC00200779","BIG RAPIDS WATER TREATMENT PLANT, MI US","43.7072","-85.4819","273.7","2015-11","188.5","-10.6","22.2","782.7","4.8","10.5","-0.8"
"USC00200779","BIG RAPIDS WATER TREATMENT PLANT, MI US","43.7072","-85.4819","273.7","2015-12","188.5","-6.7","14.4","1283.4","2.2","5.3","-1.0"
"USC00200417","BAD AXE, MI US","43.808","-82.9938","217.9","2015-07","134.5","6.1","32.2","22.7","20.3","26.5","14.1"
"USC00200417","BAD AXE, MI US","43.808","-82.9938","217.9","2015-08","201.7","11.1","31.1","36.3","20.1","25.0","15.1"
"USC00200417","BAD AXE, MI US","43.808","-82.9938","217.9","2015-09","267.0","7.8","31.1","71.8","19.3","24.7","13.9"
"USC00200417","BAD AXE, MI US","43.808","-82.9938","217.9","2015-10","267.0","-0.6","23.9","321.8","10.0","14.3","5.7"
"USC00200417","BAD AXE, MI US","43.808","-82.9938","217.9","2015-11","267.0","-8.3","23.3","649.9","6.6","11.4","1.9"
"USC00200417","BAD AXE, MI US","43.808","-82.9938","217.9","2015-12",,,"15.6",,,"7.0",
"US1MIOK0098","ROYAL OAK 1.0 S, MI US","42.494228","-83.157447","200.6","2015-08",,,,,,,
"US1MIOK0098","ROYAL OAK 1.0 S, MI US","42.494228","-83.157447","200.6","2015-09",,,,,,,
"US1MIOK0098","ROYAL OAK 1.0 S, MI US","42.494228","-83.157447","200.6","2015-10",,,,,,,
"US1MIOK0098","ROYAL OAK 1.0 S, MI US","42.494228","-83.157447","200.6","2015-11",,,,,,,
"US1MIOK0098","ROYAL OAK 1.0 S, MI US","42.494228","-83.157447","200.6","2015-12",,,,,,,
"USC00203925","HOPKINS 1 N, MI US","42.6352","-85.761","214.9","2015-07",,,,,,,
"USC00203925","HOPKINS 1 N, MI US","42.6352","-85.761","214.9","2015-08",,,,,,,
"USC00203925","HOPKINS 1 N, MI US","42.6352","-85.761","214.9","2015-09",,,,,,,
"USC00203925","HOPKINS 1 N, MI US","42.6352","-85.761","214.9","2015-10",,,,,,,
"USC00203925","HOPKINS 1 N, MI US","42.6352","-85.761","214.9","2015-11",,"-6.7","24.4",,"7.0","12.4","1.6"
"USC00203925","HOPKINS 1 N, MI US","42.6352","-85.761","214.9","2015-12",,"-4.4","16.7",,"4.3","7.4","1.2"
"US1MIOK0094","FARMINGTON HILLS 1.4 N, MI US","42.5066","-83.3791","267.6","2015-10",,,,,,,
"US1MIOK0094","FARMINGTON HILLS 1.4 N, MI US","42.5066","-83.3791","267.6","2015-11",,,,,,,
"US1MIOK0094","FARMINGTON HILLS 1.4 N, MI US","42.5066","-83.3791","267.6","2015-12",,,,,,,
"US1MIOK0093","WHITE LAKE 3.2 N, MI US","42.70636","-83.484167","313.9","2015-07",,,,,,,
"USC00200770","BIG BAY 1 NW, MI US","46.8325","-87.7504","233.2","2015-07","83.2","3.9","31.1","46.8","19.1","24.3","14.0"
"USC00200770","BIG BAY 1 NW, MI US","46.8325","-87.7504","233.2","2015-08",,,,,,,
"USC00200770","BIG BAY 1 NW, MI US","46.8325","-87.7504","233.2","2015-09",,"0.0","33.3",,"17.8","23.6","12.1"
"USC00200770","BIG BAY 1 NW, MI US","46.8325","-87.7504","233.2","2015-10",,"-2.8","25.6",,"7.8","12.8","2.9"
"USC00200770","BIG BAY 1 NW, MI US","46.8325","-87.7504","233.2","2015-11",,"-10.6","21.7",,"4.1","8.6","-0.4"
"USC00200770","BIG BAY 1 NW, MI US","46.8325","-87.7504","233.2","2015-12",,"-10.0","13.3",,"-0.2","2.3","-2.7"
"US1MIOK0092","FARMINGTON HILLS 3.5 NW, MI US","42.518","-83.4296","283.2","2015-08",,,,,,,
"US1MIOK0092","FARMINGTON HILLS 3.5 NW, MI US","42.518","-83.4296","283.2","2015-11",,,,,,,
"USC00200771","BIG BAY 9 SW, MI US","46.7462","-87.8816","445.0","2015-10",,,,,,,
"US1MISC0003","PORT HURON 1.6 W, MI US","42.996173","-82.464307","186.2","2015-07",,,,,,,
"US1MISC0003","PORT HURON 1.6 W, MI US","42.996173","-82.464307","186.2","2015-08",,,,,,,
"US1MISC0003","PORT HURON 1.6 W, MI US","42.996173","-82.464307","186.2","2015-09",,,,,,,
"US1MISC0003","PORT HURON 1.6 W, MI US","42.996173","-82.464307","186.2","2015-10",,,,,,,
"US1MISC0003","PORT HURON 1.6 W, MI US","42.996173","-82.464307","186.2","2015-11",,,,,,,
"US1MISC0003","PORT HURON 1.6 W, MI US","42.996173","-82.464307","186.2","2015-12",,,,,,,
"USC00207188","RUDYARD 5 SE, MI US","46.19076","-84.50852","203.3","2015-07",,,,,,,
"USC00207188","RUDYARD 5 SE, MI US","46.19076","-84.50852","203.3","2015-08",,,,,,,
"USC00207188","RUDYARD 5 SE, MI US","46.19076","-84.50852","203.3","2015-09",,"-2.2","28.9",,"15.5","21.8","9.3"
"USC00207188","RUDYARD 5 SE, MI US","46.19076","-84.50852","203.3","2015-10",,"-5.6","18.3",,"6.2","11.9","0.4"
"USC00207188","RUDYARD 5 SE, MI US","46.19076","-84.50852","203.3","2015-11",,"-9.4","19.4",,"3.4","7.9","-1.1"
"USC00207188","RUDYARD 5 SE, MI US","46.19076","-84.50852","203.3","2015-12",,"-12.8","11.1",,"0.2","3.4","-3.0"
"US1MISC0007","PORT HURON 2.0 SSW, MI US","42.966773","-82.450284","184.1","2015-07",,,,,,,
"US1MISC0007","PORT HURON 2.0 SSW, MI US","42.966773","-82.450284","184.1","2015-08",,,,,,,
"US1MISC0007","PORT HURON 2.0 SSW, MI US","42.966773","-82.450284","184.1","2015-09",,,,,,,
"US1MISC0007","PORT HURON 2.0 SSW, MI US","42.966773","-82.450284","184.1","2015-10",,,,,,,
"US1MISC0007","PORT HURON 2.0 SSW, MI US","42.966773","-82.450284","184.1","2015-11",,,,,,,
"US1MISC0008","ALGONAC 0.4 SW, MI US","42.618391","-82.5401129","177.1","2015-07",,,,,,,
"US1MISC0008","ALGONAC 0.4 SW, MI US","42.618391","-82.5401129","177.1","2015-08",,,,,,,
"US1MISC0008","ALGONAC 0.4 SW, MI US","42.618391","-82.5401129","177.1","2015-11",,,,,,,
"US1MISC0008","ALGONAC 0.4 SW, MI US","42.618391","-82.5401129","177.1","2015-12",,,,,,,
"US1MIGL0003","BEAVERTON 8.4 E, MI US","43.884251","-84.319313","209.1","2015-07",,,,,,,
"US1MIGL0003","BEAVERTON 8.4 E, MI US","43.884251","-84.319313","209.1","2015-08",,,,,,,
"USC00203932","HOUGHTON LAKE 6 WSW, MI US","44.3119","-84.8922","345.9","2015-07","76.3","3.9","33.3","37.0","18.8","26.8","10.7"
"USC00203932","HOUGHTON LAKE 6 WSW, MI US","44.3119","-84.8922","345.9","2015-08","121.9","6.7","33.3","66.9","18.8","25.9","11.8"
"USC00203932","HOUGHTON LAKE 6 WSW, MI US","44.3119","-84.8922","345.9","2015-09","157.4","0.6","32.2","148.2","16.8","24.1","9.5"
"USC00203932","HOUGHTON LAKE 6 WSW, MI US","44.3119","-84.8922","345.9","2015-10","157.4","-4.4","24.4","465.0","8.1","14.3","1.9"
"USC00203932","HOUGHTON LAKE 6 WSW, MI US","44.3119","-84.8922","345.9","2015-11","157.4","-12.2","23.3","903.0","3.7","9.8","-2.3"
"USC00203932","HOUGHTON LAKE 6 WSW, MI US","44.3119","-84.8922","345.9","2015-12","157.4","-9.4","13.9","1422.2","1.6","5.4","-2.2"
"US1MIOK0088","LEONARD 2.7 SE, MI US","42.839966","-83.103111","305.1","2015-07",,,,,,,
"US1MIOK0088","LEONARD 2.7 SE, MI US","42.839966","-83.103111","305.1","2015-08",,,,,,,
"US1MIOK0088","LEONARD 2.7 SE, MI US","42.839966","-83.103111","305.1","2015-09",,,,,,,
"US1MIOK0088","LEONARD 2.7 SE, MI US","42.839966","-83.103111","305.1","2015-10",,,,,,,
"US1MIOK0088","LEONARD 2.7 SE, MI US","42.839966","-83.103111","305.1","2015-11",,,,,,,
"US1MIOK0088","LEONARD 2.7 SE, MI US","42.839966","-83.103111","305.1","2015-12",,,,,,,
"US1MIOK0087","ORTONVILLE 2.3 S, MI US","42.818733215332","-83.4431304931641","297.2","2015-08",,,,,,,
"US1MIOK0087","ORTONVILLE 2.3 S, MI US","42.818733215332","-83.4431304931641","297.2","2015-09",,,,,,,
"US1MIOK0087","ORTONVILLE 2.3 S, MI US","42.818733215332","-83.4431304931641","297.2","2015-10",,,,,,,
"US1MIOK0087","ORTONVILLE 2.3 S, MI US","42.818733215332","-83.4431304931641","297.2","2015-11",,,,,,,
"US1MIOK0087","ORTONVILLE 2.3 S, MI US","42.818733215332","-83.4431304931641","297.2","2015-12",,,,,,,
"US1MIOK0085","TROY 1.8 S, MI US","42.5543327331543","-83.1391754150391","203.3","2015-08",,,,,,,
"US1MIOK0085","TROY 1.8 S, MI US","42.5543327331543","-83.1391754150391","203.3","2015-09",,,,,,,
"US1MIOK0085","TROY 1.8 S, MI US","42.5543327331543","-83.1391754150391","203.3","2015-10",,,,,,,
"US1MIOK0085","TROY 1.8 S, MI US","42.5543327331543","-83.1391754150391","203.3","2015-11",,,,,,,
"US1MIOK0085","TROY 1.8 S, MI US","42.5543327331543","-83.1391754150391","203.3","2015-12",,,,,,,
"US1MIWY0047","BELLEVILLE 2.8 ESE, MI US","42.182333","-83.436367","201.5","2015-07",,,,,,,
"US1MIWY0047","BELLEVILLE 2.8 ESE, MI US","42.182333","-83.436367","201.5","2015-08",,,,,,,
"US1MIWY0047","BELLEVILLE 2.8 ESE, MI US","42.182333","-83.436367","201.5","2015-09",,,,,,,
"US1MIWY0047","BELLEVILLE 2.8 ESE, MI US","42.182333","-83.436367","201.5","2015-10",,,,,,,
"US1MIWY0047","BELLEVILLE 2.8 ESE, MI US","42.182333","-83.436367","201.5","2015-11",,,,,,,
"US1MIWY0047","BELLEVILLE 2.8 ESE, MI US","42.182333","-83.436367","201.5","2015-12",,,,,,,
"US1MIOK0083","FARMINGTON HILLS 1.2 N, MI US","42.5030708312988","-83.376594543457","260.3","2015-07",,,,,,,
"US1MIOK0083","FARMINGTON HILLS 1.2 N, MI US","42.5030708312988","-83.376594543457","260.3","2015-08",,,,,,,
"US1MIWY0043","DEARBORN HEIGHTS 1.8 NW, MI US","42.3419570922852","-83.3020706176758","185.6","2015-07",,,,,,,
"US1MIWY0043","DEARBORN HEIGHTS 1.8 NW, MI US","42.3419570922852","-83.3020706176758","185.6","2015-08",,,,,,,
"US1MIWY0043","DEARBORN HEIGHTS 1.8 NW, MI US","42.3419570922852","-83.3020706176758","185.6","2015-09",,,,,,,
"US1MIWY0043","DEARBORN HEIGHTS 1.8 NW, MI US","42.3419570922852","-83.3020706176758","185.6","2015-10",,,,,,,
"US1MIWY0043","DEARBORN HEIGHTS 1.8 NW, MI US","42.3419570922852","-83.3020706176758","185.6","2015-11",,,,,,,
"US1MIWY0043","DEARBORN HEIGHTS 1.8 NW, MI US","42.3419570922852","-83.3020706176758","185.6","2015-12",,,,,,,
