"STATION","NAME","LATITUDE","LONGITUDE","ELEVATION","DATE","CDSD","CDSD_ATTRIBUTES","EMNT","EMNT_ATTRIBUTES","EMXT","EMXT_ATTRIBUTES","HDSD","HDSD_ATTRIBUTES","TAVG","TAVG_ATTRIBUTES","TMAX","TMAX_ATTRIBUTES","TMIN","TMIN_ATTRIBUTES"
"USC00205690","MUNISING, MI US","46.4121","-86.6625","207.3","1970-01","0","0","-11",",0,22,","35",",0,31,",,,"14.8",",0","22.5",",,,0","7.1",",,,0"
"USC00205690","MUNISING, MI US","46.4121","-86.6625","207.3","1970-02","0","0","-20","2,0,14,+","44",",0,23,",,,"12.9","2,0","25.0",",,,0","0.8","2,,,0"
"USC00205690","MUNISING, MI US","46.4121","-86.6625","207.3","1970-03","0","0","-7",",0,29,","46",",0,22,",,,"19.5",",0","31.4",",,,0","7.6",",,,0"
"USC00205690","MUNISING, MI US","46.4121","-86.6625","207.3","1970-04","0","0","14",",0,11,+","80",",0,28,",,,"38.5",",0","49.1",",,,0","27.8",",,,0"
"USC00205690","MUNISING, MI US","46.4121","-86.6625","207.3","1970-05","1","0","24",",0,05,","83",",0,21,",,,"46.7",",0","55.6",",,,0","37.8",",,,0"
"USC00205690","MUNISING, MI US","46.4121","-86.6625","207.3","1970-06","49","0","31",",0,19,+","93",",0,29,",,,"59.0",",0","71.7",",,,0","46.2",",,,0"
"USC00203391","GRAYLING, MI US","44.64536","-84.69921","350.8","1970-01","0","0","-26",",0,21,","35",",0,29,","4831","0","12.1",",0","20.6",",,,0","3.7",",,,0"
"USC00203391","GRAYLING, MI US","44.64536","-84.69921","350.8","1970-02","0","0","-24",",0,04,","42",",0,02,","6213","0","15.7",",0","26.5",",,,0","4.7",",,,0"
"USC00203391","GRAYLING, MI US","44.64536","-84.69921","350.8","1970-03","0","0","-12",",0,29,","49",",0,20,","7488","0","23.8",",0","35.3",",,,0","12.4",",,,0"
"USC00203391","GRAYLING, MI US","44.64536","-84.69921","350.8","1970-04","9","0","11","1,0,05,+","87",",0,30,","8141","0","43.2","1,0","56.1",",,,0","30.2","1,,,0"
"USC00203391","GRAYLING, MI US","44.64536","-84.69921","350.8","1970-05","31","0","22",",0,06,","87","2,0,22,","8431","0","55.6","2,0","68.4","2,,,0","42.9",",,,0"
"USC00203391","GRAYLING, MI US","44.64536","-84.69921","350.8","1970-06","122","0","30","1,0,20,","92","1,0,30,","8539","0","64.4","1,0","79.0","1,,,0","49.7","1,,,0"
"USC00209014","WILLIS 5 SSW, MI US","42.08333","-83.58333","201.2","1970-01","0","0","-17",",0,24,","48",",0,28,","4271","0","14.9",",0","24.7",",,,0","5.1",",,,0"
"USC00209014","WILLIS 5 SSW, MI US","42.08333","-83.58333","201.2","1970-02","0","0","-11",",0,13,","52",",0,24,","5437","0","23.4",",0","33.0",",,,0","13.8",",,,0"
"USC00209014","WILLIS 5 SSW, MI US","42.08333","-83.58333","201.2","1970-03","0","0","11",",0,16,+","53",",0,21,","6481","0","31.3",",0","39.9",",,,0","22.7",",,,0"
"USC00209014","WILLIS 5 SSW, MI US","42.08333","-83.58333","201.2","1970-04","12","0","21",",0,11,","84",",0,30,","7010","0","47.7",",0","58.4",",,,0","37.1",",,,0"
"USC00209014","WILLIS 5 SSW, MI US","42.08333","-83.58333","201.2","1970-05","49","0","27",",0,07,","85",",0,22,","7216","0","59.6",",0","70.9",",,,0","48.2",",,,0"
"USC00209014","WILLIS 5 SSW, MI US","42.08333","-83.58333","201.2","1970-06","166","0","39",",0,20,","93",",0,30,","7288","0","66.5",",0","78.0",",,,0","54.9",",,,0"
"USC00208167","THOMPSONVILLE, MI US","44.51667","-85.93333","242.3","1970-01",,,,,,,,,,,,,,
"USC00208167","THOMPSONVILLE, MI US","44.51667","-85.93333","242.3","1970-02",,,,,,,,,,,,,,
"USC00208167","THOMPSONVILLE, MI US","44.51667","-85.93333","242.3","1970-03",,,,,,,,,,,,,,
"USC00208167","THOMPSONVILLE, MI US","44.51667","-85.93333","242.3","1970-04",,,,,,,,,,,,,,
"USC00208167","THOMPSONVILLE, MI US","44.51667","-85.93333","242.3","1970-05",,,,,,,,,,,,,,
"USC00208167","THOMPSONVILLE, MI US","44.51667","-85.93333","242.3","1970-06",,,,,,,,,,,,,,
"USC00208443","VASSAR, MI US","43.3656","-83.5828","192.0","1970-02",,,"-9","3,6,14,+","49","1,6,02,",,,"22.7","3,6","32.6","1,,,6","12.7","3,,,6"
"USC00208443","VASSAR, MI US","43.3656","-83.5828","192.0","1970-03",,,"4",",6,16,","50",",6,20,",,,"28.2",",6","37.4",",,,6","19.0",",,,6"
"USC00208443","VASSAR, MI US","43.3656","-83.5828","192.0","1970-04",,,"17","1,6,03,","86",",6,30,",,,"45.6","1,6","56.4",",,,6","34.7","1,,,6"
"USC00208443","VASSAR, MI US","43.3656","-83.5828","192.0","1970-05",,,"30","1,6,07,+","86",",6,22,",,,"58.2","1,6","69.4",",,,6","47.0","1,,,6"
"USC00205452","MILFORD GM PROVING GROUND, MI US","42.5794","-83.6844","295.7","1970-01","0","0","-17",",0,23,","47",",0,28,","4461","0","13.8",",0","22.5",",,,0","5.1",",,,0"
"USC00205452","MILFORD GM PROVING GROUND, MI US","42.5794","-83.6844","295.7","1970-02","0","0","-15","2,0,14,","49","1,0,24,","5559","0","21.0","3,0","31.2","1,,,0","10.8","2,,,0"
"USC00205452","MILFORD GM PROVING GROUND, MI US","42.5794","-83.6844","295.7","1970-03","0","0","5",",0,14,","54",",0,25,","6666","0","29.3",",0","37.9",",,,0","20.7",",,,0"
"USC00205452","MILFORD GM PROVING GROUND, MI US","42.5794","-83.6844","295.7","1970-04","18","0","22",",0,04,+","81",",0,30,","7208","0","47.6",",0","57.3",",,,0","37.8",",,,0"
"USC00205452","MILFORD GM PROVING GROUND, MI US","42.5794","-83.6844","295.7","1970-05","74","0","32",",0,06,+","86",",0,22,+","7425","0","59.8",",0","70.8",",,,0","48.8",",,,0"
"USC00205452","MILFORD GM PROVING GROUND, MI US","42.5794","-83.6844","295.7","1970-06","210","0","42",",0,19,","95",",0,30,","7504","0","66.8",",0","78.2",",,,0","55.5",",,,0"
"USC00208680","WATERSMEET, MI US","46.2778","-89.1742","484.6","1970-01","0","0","-20",",0,19,+","36","1,0,31,","5220","0","8.4","1,0","18.1","1,,,0","-1.2",",,,0"
"USC00208680","WATERSMEET, MI US","46.2778","-89.1742","484.6","1970-02","0","0","-31",",0,14,","43",",0,23,","6697","0","12.2",",0","25.3",",,,0","-0.8",",,,0"
"USC00208680","WATERSMEET, MI US","46.2778","-89.1742","484.6","1970-03","0","0","-12",",0,09,","52",",0,21,","8061","0","21.0",",0","34.3",",,,0","7.7",",,,0"
"USC00208680","WATERSMEET, MI US","46.2778","-89.1742","484.6","1970-04","7","0","7",",0,02,","85",",0,29,","8764","0","41.8",",0","52.4",",,,0","31.2",",,,0"
"USC00208680","WATERSMEET, MI US","46.2778","-89.1742","484.6","1970-05","8","0","18",",0,06,","81",",0,18,","9189","0","51.3",",0","61.9",",,,0","40.8",",,,0"
"USC00208680","WATERSMEET, MI US","46.2778","-89.1742","484.6","1970-06","97","0","33",",0,03,","92",",0,29,","9317","0","63.7",",0","76.0",",,,0","51.4",",,,0"
"USC00201492","CHEBOYGAN, MI US","45.65225","-84.47239","177.4","1970-01","0","0","-15",",0,21,","37",",0,31,","4385","0","15.7",",0","23.9",",,,0","7.4",",,,0"
"USC00201492","CHEBOYGAN, MI US","45.65225","-84.47239","177.4","1970-02","0","0","-16",",0,14,","46",",0,02,+","5714","0","17.5",",0","29.4",",,,0","5.6",",,,0"
"USC00201492","CHEBOYGAN, MI US","45.65225","-84.47239","177.4","1970-03","0","0","1",",0,10,+","49",",0,21,","6954","0","25.0",",0","35.3",",,,0","14.7",",,,0"
"USC00201492","CHEBOYGAN, MI US","45.65225","-84.47239","177.4","1970-04","0","0","16",",0,01,","70",",0,26,","7667","0","41.2",",0","51.9",",,,0","30.6",",,,0"
"USC00201492","CHEBOYGAN, MI US","45.65225","-84.47239","177.4","1970-05","4","0","32",",0,06,","83","1,0,21,","8017","0","53.4","1,0","63.5","1,,,0","43.3",",,,0"
"USC00201492","CHEBOYGAN, MI US","45.65225","-84.47239","177.4","1970-06","52","0","39",",0,26,","89",",0,18,","8153","0","62.1",",0","75.5",",,,0","48.7",",,,0"
"USC00208043","TAHQUAMENON FALLS S P, MI US","46.6013","-85.2238","227.1","1970-01","0","0","-10",",0,21,","33",",0,29,",,,"12.6",",0","20.9",",,,0","4.4",",,,0"
"USC00208043","TAHQUAMENON FALLS S P, MI US","46.6013","-85.2238","227.1","1970-02","0","0","-21",",0,04,","42",",0,23,",,,"14.1",",0","26.2",",,,0","2.1",",,,0"
"USC00208043","TAHQUAMENON FALLS S P, MI US","46.6013","-85.2238","227.1","1970-03","0","0","-9",",0,29,+","52",",0,19,",,,"21.1",",0","34.4",",,,0","7.9",",,,0"
"USC00208043","TAHQUAMENON FALLS S P, MI US","46.6013","-85.2238","227.1","1970-04","2","0","7",",0,01,","83",",0,29,",,,"39.4",",0","52.2",",,,0","26.6",",,,0"
"USC00208043","TAHQUAMENON FALLS S P, MI US","46.6013","-85.2238","227.1","1970-05","2","0","21","1,0,06,","81","1,0,21,",,,"48.6","1,0","60.5","1,,,0","36.7","1,,,0"
"USC00208043","TAHQUAMENON FALLS S P, MI US","46.6013","-85.2238","227.1","1970-06",,,,,,,,,,,,,,
"USC00200718","BERGLAND DAM, MI US","46.5869","-89.5475","396.2","1970-01","0","0","-26",",0,20,","34",",0,28,","5566","0","6.0",",0","17.1",",,,0","-5.2",",,,0"
"USC00200718","BERGLAND DAM, MI US","46.5869","-89.5475","396.2","1970-02","0","0","-32",",0,15,","48",",0,24,","7168","0","7.8",",0","22.8",",,,0","-7.3",",,,0"
"USC00200718","BERGLAND DAM, MI US","46.5869","-89.5475","396.2","1970-03","0","0","-18",",0,01,","54",",0,22,","8621","0","18.1",",0","34.8",",,,0","1.5",",,,0"
"USC00200718","BERGLAND DAM, MI US","46.5869","-89.5475","396.2","1970-04","1","0","4",",0,02,","88",",0,30,","9449","0","37.4",",0","49.8",",,,0","25.1",",,,0"
"USC00200718","BERGLAND DAM, MI US","46.5869","-89.5475","396.2","1970-05","6","0","20",",0,06,","85",",0,19,","10002","0","47.3",",0","57.8",",,,0","36.8",",,,0"
"USC00200718","BERGLAND DAM, MI US","46.5869","-89.5475","396.2","1970-06","69","0","35",",0,19,+","91",",0,30,","10155","0","62.0",",0","74.8",",,,0","49.1",",,,0"
"USC00471139","BRULE ISLAND, WI US","45.95","-88.21667","381.0","1970-01","0","0","-26",",0,18,","36",",0,31,","5551","0","5.9",",0","17.5",",,,0","-5.6",",,,0"
"USC00471139","BRULE ISLAND, WI US","45.95","-88.21667","381.0","1970-02","0","0","-37",",0,14,","43","1,0,23,+","7050","0","9.5","1,0","25.1","1,,,0","-6.2",",,,0"
"USC00471139","BRULE ISLAND, WI US","45.95","-88.21667","381.0","1970-03","0","0","-10",",0,09,","54",",0,21,","8404","0","21.3",",0","34.6",",,,0","8.0",",,,0"
"USC00471139","BRULE ISLAND, WI US","45.95","-88.21667","381.0","1970-04","2","0","10",",0,07,","84",",0,29,","9147","0","40.3",",0","52.6",",,,0","28.0",",,,0"
"USC00471139","BRULE ISLAND, WI US","45.95","-88.21667","381.0","1970-05","7","0","18",",0,06,","85",",0,21,+","9622","0","49.8",",0","61.7",",,,0","37.9",",,,0"
"USC00471139","BRULE ISLAND, WI US","45.95","-88.21667","381.0","1970-06","57","0","34",",0,20,","92",",0,29,","9767","0","61.9",",0","77.1",",,,0","46.6",",,,0"
"USW00014850","TRAVERSE CITY CHERRY CAPITAL AIRPORT, MI US","44.73895","-85.5679","185.2","1970-01","0","0","-9",",0,24,+","36",",0,31,+","4331","0","15.8",",0","22.5",",,,0","9.1",",,,0"
"USW00014850","TRAVERSE CITY CHERRY CAPITAL AIRPORT, MI US","44.73895","-85.5679","185.2","1970-02","0","0","-11",",0,28,+","43",",0,01,","5625","0","18.8",",0","28.4",",,,0","9.1",",,,0"
"USW00014850","TRAVERSE CITY CHERRY CAPITAL AIRPORT, MI US","44.73895","-85.5679","185.2","1970-03","0","0","1",",0,09,","45",",0,24,","6871","0","24.8",",0","34.1",",,,0","15.5",",,,0"
"USW00014850","TRAVERSE CITY CHERRY CAPITAL AIRPORT, MI US","44.73895","-85.5679","185.2","1970-04","18","0","22",",0,11,","90",",0,29,","7464","0","45.9",",0","55.6",",,,0","36.1",",,,0"
"USW00014850","TRAVERSE CITY CHERRY CAPITAL AIRPORT, MI US","44.73895","-85.5679","185.2","1970-05","39","0","27",",0,06,","88","1,0,21,","7792","0","54.5","1,0","64.7","1,,,0","44.4",",,,0"
"USW00014850","TRAVERSE CITY CHERRY CAPITAL AIRPORT, MI US","44.73895","-85.5679","185.2","1970-06","152","0","38",",0,25,+","93",",0,29,","7890","0","65.5",",0","78.8",",,,0","52.2",",,,0"
"USC00203429","GREENVILLE 2 NNE, MI US","43.2026","-85.2421","270.7","1970-01","0","0","-6",",0,22,+","45",",0,28,","4204","0","17.0",",0","24.7",",,,0","9.3",",,,0"
"USC00203429","GREENVILLE 2 NNE, MI US","43.2026","-85.2421","270.7","1970-02","0","0","-10",",0,04,","45",",0,01,","5402","0","22.2",",0","31.3",",,,0","13.1",",,,0"
"USC00203429","GREENVILLE 2 NNE, MI US","43.2026","-85.2421","270.7","1970-03","0","0","5",",0,15,","52",",0,21,","6521","0","28.9",",0","38.4",",,,0","19.3",",,,0"
"USC00203429","GREENVILLE 2 NNE, MI US","43.2026","-85.2421","270.7","1970-04","17","0","19",",0,03,","85",",0,29,","7087","0","46.7",",0","57.1",",,,0","36.2",",,,0"
"USC00203429","GREENVILLE 2 NNE, MI US","43.2026","-85.2421","270.7","1970-05","70","0","28",",0,06,","87",",0,21,","7286","0","60.3",",0","70.9",",,,0","49.7",",,,0"
"USC00203429","GREENVILLE 2 NNE, MI US","43.2026","-85.2421","270.7","1970-06","198","0","41",",0,20,","95",",0,30,","7350","0","67.1",",0","78.3",",,,0","56.0",",,,0"
"USC00200710","BENTON HARBOR AIRPORT, MI US","42.1245","-86.4266","190.5","1970-01","0","0","-9",",0,22,","52",",0,28,","3802","0","20.9",",0","26.3",",,,0","15.5",",,,0"
"USC00200710","BENTON HARBOR AIRPORT, MI US","42.1245","-86.4266","190.5","1970-02","0","0","-2",",0,04,","50",",0,01,","4880","0","26.5",",0","33.1",",,,0","19.8",",,,0"
"USC00200710","BENTON HARBOR AIRPORT, MI US","42.1245","-86.4266","190.5","1970-03","0","0","13",",0,29,","52",",0,04,","5900","0","32.1",",0","37.8",",,,0","26.5",",,,0"
"USC00200710","BENTON HARBOR AIRPORT, MI US","42.1245","-86.4266","190.5","1970-04","22","0","25",",0,07,","82",",0,29,","6392","0","49.3",",0","57.1",",,,0","41.5",",,,0"
"USC00200710","BENTON HARBOR AIRPORT, MI US","42.1245","-86.4266","190.5","1970-05","111","0","32",",0,06,","88",",0,21,","6589","0","61.5",",0","70.7",",,,0","52.3",",,,0"
"USC00200710","BENTON HARBOR AIRPORT, MI US","42.1245","-86.4266","190.5","1970-06","273","0","46",",0,25,+","92",",0,30,","6644","0","68.6",",0","78.3",",,,0","58.9",",,,0"
"USC00201922","CRYSTAL FALLS 6 NE, MI US","46.16667","-88.23333","414.5","1970-01","0","0","-28",",0,22,+","33",",0,29,","5674","0","5.3",",0","16.8",",,,0","-6.2",",,,0"
"USC00201922","CRYSTAL FALLS 6 NE, MI US","46.16667","-88.23333","414.5","1970-02","0","0","-32",",0,14,","45",",0,24,+","7272","0","7.9",",0","22.9",",,,0","-7.1",",,,0"
"USC00201922","CRYSTAL FALLS 6 NE, MI US","46.16667","-88.23333","414.5","1970-03","0","0","-14",",0,09,","54",",0,22,","8704","0","18.8",",0","33.6",",,,0","4.0",",,,0"
"USC00201922","CRYSTAL FALLS 6 NE, MI US","46.16667","-88.23333","414.5","1970-04","2","0","8",",0,11,","83",",0,30,","9495","0","38.7",",0","50.6",",,,0","26.7",",,,0"
"USC00201922","CRYSTAL FALLS 6 NE, MI US","46.16667","-88.23333","414.5","1970-05","9","0","17",",0,06,","86",",0,19,","10002","0","48.9",",0","59.7",",,,0","38.0",",,,0"
"USC00201922","CRYSTAL FALLS 6 NE, MI US","46.16667","-88.23333","414.5","1970-06","60","0","31",",0,20,","93",",0,30,","10161","0","61.4",",0","75.6",",,,0","47.2",",,,0"
"USC00203306","GRAND LEDGE 1 NW, MI US","42.7621","-84.7617","244.1","1970-01",,,,,,,,,,,,,,
"USC00203306","GRAND LEDGE 1 NW, MI US","42.7621","-84.7617","244.1","1970-02",,,,,,,,,,,,,,
"USC00203306","GRAND LEDGE 1 NW, MI US","42.7621","-84.7617","244.1","1970-03",,,,,,,,,,,,,,
"USC00203306","GRAND LEDGE 1 NW, MI US","42.7621","-84.7617","244.1","1970-04",,,,,,,,,,,,,,
"USC00203306","GRAND LEDGE 1 NW, MI US","42.7621","-84.7617","244.1","1970-05",,,,,,,,,,,,,,
"USC00203306","GRAND LEDGE 1 NW, MI US","42.7621","-84.7617","244.1","1970-06",,,,,,,,,,,,,,
"USC00203823","HILLSDALE, MI US","41.9352","-84.6411","329.2","1970-01","0","0","-14",",0,24,","48",",0,29,+","4283","0","16.1",",0","25.8",",,,0","6.5",",,,0"
"USC00203823","HILLSDALE, MI US","41.9352","-84.6411","329.2","1970-02","0","0","-10",",0,13,","51",",0,24,+","5431","0","24.0",",0","34.4",",,,0","13.6",",,,0"
"USC00203823","HILLSDALE, MI US","41.9352","-84.6411","329.2","1970-03","0","0","5",",0,15,","53",",0,21,","6498","0","30.6",",0","40.2",",,,0","21.0",",,,0"
"USC00203823","HILLSDALE, MI US","41.9352","-84.6411","329.2","1970-04","14","0","23",",0,11,","81",",0,30,","7042","0","47.3",",0","58.4",",,,0","36.2",",,,0"
"USC00203823","HILLSDALE, MI US","41.9352","-84.6411","329.2","1970-05","51","0","25",",0,03,","85",",0,22,","7240","0","59.8",",0","71.7",",,,0","47.9",",,,0"
"USC00203823","HILLSDALE, MI US","41.9352","-84.6411","329.2","1970-06","167","0","39",",0,20,","92",",0,30,","7310","0","66.5",",0","78.4",",,,0","54.7",",,,0"
"USC00202737","FAYETTE 4 SW, MI US","45.66667","-86.71667","227.1","1970-01","0","0","-13",",0,19,","37",",0,28,","4510","0","14.3",",0","22.0",",,,0","6.5",",,,0"
"USC00202737","FAYETTE 4 SW, MI US","45.66667","-86.71667","227.1","1970-02","0","0","-14",",0,04,+","40",",0,22,","5877","0","16.2",",0","26.8",",,,0","5.5",",,,0"
"USC00202737","FAYETTE 4 SW, MI US","45.66667","-86.71667","227.1","1970-03","0","0","1",",0,08,","53",",0,21,","7092","0","25.8",",0","35.7",",,,0","16.0",",,,0"
"USC00202737","FAYETTE 4 SW, MI US","45.66667","-86.71667","227.1","1970-04","0","0","18",",0,02,+","72",",0,28,","7848","0","39.8",",0","49.1",",,,0","30.4",",,,0"
"USC00202737","FAYETTE 4 SW, MI US","45.66667","-86.71667","227.1","1970-05","0","0","31",",0,05,","74",",0,21,","8351","0","48.8",",0","57.3",",,,0","40.3",",,,0"
"USC00202737","FAYETTE 4 SW, MI US","45.66667","-86.71667","227.1","1970-06","16","0","39",",0,20,","90",",0,30,","8525","0","59.7",",0","70.6",",,,0","48.9",",,,0"
"USC00203947","HOWELL WWTP, MI US","42.59382","-83.93251","279.5","1970-01",,,,,,,,,,,,,,
"USC00203947","HOWELL WWTP, MI US","42.59382","-83.93251","279.5","1970-02",,,,,,,,,,,,,,
"USC00203947","HOWELL WWTP, MI US","42.59382","-83.93251","279.5","1970-03",,,,,,,,,,,,,,
"USC00203947","HOWELL WWTP, MI US","42.59382","-83.93251","279.5","1970-04",,,,,,,,,,,,,,
"USC00203947","HOWELL WWTP, MI US","42.59382","-83.93251","279.5","1970-05",,,,,,,,,,,,,,
"USC00203947","HOWELL WWTP, MI US","42.59382","-83.93251","279.5","1970-06",,,,,,,,,,,,,,
"USW00014847","SAULT STE MARIE SANDERSON FIELD, MI US","46.47998","-84.35809","219.8","1970-01","0","0","-20",",0,21,","32",",0,31,+","5233","0","9.7",",0","18.2",",,,0","1.1",",,,0"
"USW00014847","SAULT STE MARIE SANDERSON FIELD, MI US","46.47998","-84.35809","219.8","1970-02","0","0","-27",",0,13,","39",",0,01,","6768","0","10.1",",0","22.0",",,,0","-1.7",",,,0"
"USW00014847","SAULT STE MARIE SANDERSON FIELD, MI US","46.47998","-84.35809","219.8","1970-03","0","0","-11",",0,08,","46",",0,19,","8157","0","20.2",",0","29.4",",,,0","11.0",",,,0"
"USW00014847","SAULT STE MARIE SANDERSON FIELD, MI US","46.47998","-84.35809","219.8","1970-04","0","0","12",",0,05,","77",",0,28,+","8939","0","38.9",",0","48.8",",,,0","29.1",",,,0"
"USW00014847","SAULT STE MARIE SANDERSON FIELD, MI US","46.47998","-84.35809","219.8","1970-05","0","0","24",",0,06,","80",",0,21,","9476","0","47.7",",0","57.2",",,,0","38.1",",,,0"
"USW00014847","SAULT STE MARIE SANDERSON FIELD, MI US","46.47998","-84.35809","219.8","1970-06","20","0","35",",0,21,","83",",0,30,+","9686","0","58.6",",0","72.4",",,,0","44.9",",,,0"
"USC00201804","CORNELL 6 NNW, MI US","45.98333","-87.26667","278.0","1970-05",,,,,,,,,,,,,,
"USC00207867","STEPHENSON 8 WNW, MI US","45.39028","-87.7025","210.3","1970-01","0","0","-20",",0,22,+","41",",0,31,","4883","0","10.7",",0","20.5",",,,0","0.8",",,,0"
"USC00207867","STEPHENSON 8 WNW, MI US","45.39028","-87.7025","210.3","1970-02","0","0","-27",",0,14,","45",",0,23,+","6248","0","16.2",",0","29.2",",,,0","3.2",",,,0"
"USC00207867","STEPHENSON 8 WNW, MI US","45.39028","-87.7025","210.3","1970-03","0","0","0",",0,09,+","57",",0,21,","7463","0","25.8",",0","37.4",",,,0","14.2",",,,0"
"USC00207867","STEPHENSON 8 WNW, MI US","45.39028","-87.7025","210.3","1970-04","5","0","18",",0,11,+","78",",0,26,","8057","0","45.4",",0","56.1",",,,0","34.6",",,,0"
"USC00207867","STEPHENSON 8 WNW, MI US","45.39028","-87.7025","210.3","1970-05","11","0","20",",0,06,","87",",0,21,","8429","0","53.2",",0","64.4",",,,0","42.0",",,,0"
"USC00207867","STEPHENSON 8 WNW, MI US","45.39028","-87.7025","210.3","1970-06","98","0","33",",0,21,","98",",0,29,","8523","0","64.8",",0","78.9",",,,0","50.6",",,,0"
"USC00200032","ADRIAN 2 NNE, MI US","41.91636","-84.01635","231.6","1970-01","0","0","-13",",0,24,","46",",0,28,","4163","0","16.6",",0","26.7",",,,0","6.4",",,,0"
"USC00200032","ADRIAN 2 NNE, MI US","41.91636","-84.01635","231.6","1970-02","0","0","-6",",0,14,","52",",0,24,+","5290","0","24.7",",0","34.6",",,,0","14.9",",,,0"
"USC00200032","ADRIAN 2 NNE, MI US","41.91636","-84.01635","231.6","1970-03","0","0","8",",0,16,","54",",0,21,","6314","0","32.0",",0","40.6",",,,0","23.4",",,,0"
"USC00200032","ADRIAN 2 NNE, MI US","41.91636","-84.01635","231.6","1970-04","17","0","25",",0,11,+","85",",0,30,","6830","0","48.4",",0","58.7",",,,0","38.0",",,,0"
"USC00200032","ADRIAN 2 NNE, MI US","41.91636","-84.01635","231.6","1970-05","59","0","29",",0,07,","87",",0,22,","7014","0","60.4",",0","72.0",",,,0","48.8",",,,0"
"USC00200032","ADRIAN 2 NNE, MI US","41.91636","-84.01635","231.6","1970-06","195","0","43",",0,20,","96",",0,30,","7078","0","67.4",",0","79.5",",,,0","55.3",",,,0"
"USC00205168","MARLETTE, MI US","43.3308","-83.0663","249.9","1970-02",,,,,,,,,,,,,,
"USC00205168","MARLETTE, MI US","43.3308","-83.0663","249.9","1970-03",,,,,,,,,,,,,,
"USC00205168","MARLETTE, MI US","43.3308","-83.0663","249.9","1970-04",,,,,,,,,,,,,,
"USC00205168","MARLETTE, MI US","43.3308","-83.0663","249.9","1970-05",,,,,,,,,,,,,,
"USC00204078","IONIA 2 SSW, MI US","42.953","-85.0777","245.4","1970-01","0","0","-10",",0,21,","47",",0,29,",,,"16.5",",0","24.6",",,,0","8.3",",,,0"
"USC00204078","IONIA 2 SSW, MI US","42.953","-85.0777","245.4","1970-02","0","0","-8",",0,14,+","46",",0,01,",,,"22.9",",0","32.1",",,,0","13.8",",,,0"
"USC00204078","IONIA 2 SSW, MI US","42.953","-85.0777","245.4","1970-03","0","0","4",",0,15,","52",",0,21,+",,,"29.2",",0","38.9",",,,0","19.7",",,,0"
"USC00204078","IONIA 2 SSW, MI US","42.953","-85.0777","245.4","1970-04","20","0","17",",0,03,","85",",0,29,",,,"46.8",",0","58.0",",,,0","35.7",",,,0"
"USC00204078","IONIA 2 SSW, MI US","42.953","-85.0777","245.4","1970-05","67","0","27",",0,06,","88",",0,21,",,,"59.9",",0","71.1",",,,0","48.7",",,,0"
"USC00204078","IONIA 2 SSW, MI US","42.953","-85.0777","245.4","1970-06","189","0","40",",0,20,+","94",",0,30,",,,"67.0",",0","78.5",",,,0","55.5",",,,0"
"USC00202298","DUNBAR FOREST EXPERIMENTAL ST, MI US","46.31667","-84.23333","182.9","1970-01","0","0","-25",",0,21,","33",",0,31,","5120","0","9.5",",0","18.9",",,,0","0.1",",,,0"
"USC00202298","DUNBAR FOREST EXPERIMENTAL ST, MI US","46.31667","-84.23333","182.9","1970-02","0","0","-30",",0,13,","40",",0,02,+","6603","0","12.0",",0","24.8",",,,0","-0.8",",,,0"
"USC00202298","DUNBAR FOREST EXPERIMENTAL ST, MI US","46.31667","-84.23333","182.9","1970-03","0","0","-10",",0,10,+","49",",0,19,","7961","0","21.2",",0","32.9",",,,0","9.5",",,,0"
"USC00202298","DUNBAR FOREST EXPERIMENTAL ST, MI US","46.31667","-84.23333","182.9","1970-04","0","0","12",",0,05,","74",",0,27,","8735","0","39.2",",0","50.3",",,,0","28.1",",,,0"
"USC00202298","DUNBAR FOREST EXPERIMENTAL ST, MI US","46.31667","-84.23333","182.9","1970-05","0","0","24",",0,06,","78",",0,21,","9221","0","49.3",",0","59.9",",,,0","38.7",",,,0"
"USC00202298","DUNBAR FOREST EXPERIMENTAL ST, MI US","46.31667","-84.23333","182.9","1970-06","22","0","36",",0,21,+","83",",0,17,","9398","0","59.8",",0","73.3",",,,0","46.3",",,,0"
"USC00203661","HASTINGS, MI US","42.64208","-85.28819","250.2","1970-01","0","0","-13",",0,21,","50",",0,28,",,,"17.8",",0","25.5",",,,0","10.0",",,,0"
"USC00203661","HASTINGS, MI US","42.64208","-85.28819","250.2","1970-02","0","0","-8",",0,13,","48",",0,01,",,,"24.3",",0","33.4",",,,0","15.2",",,,0"
"USC00203661","HASTINGS, MI US","42.64208","-85.28819","250.2","1970-03","0","0","7","1,0,29,+","53","2,0,21,+",,,"29.9","2,0","39.6","2,,,0","20.2","1,,,0"
"USC00203661","HASTINGS, MI US","42.64208","-85.28819","250.2","1970-04",,,,,,,,,,,,,,
"USC00203661","HASTINGS, MI US","42.64208","-85.28819","250.2","1970-05",,,"28",",0,06,","88",",0,21,",,,"62.6",",0","74.9",",,,0","50.2",",,,0"
"USC00203661","HASTINGS, MI US","42.64208","-85.28819","250.2","1970-06",,,"38",",0,04,","93",",0,30,",,,"68.0",",0","80.6",",,,0","55.4",",,,0"
"USC00209006","WILLIAMSTON, MI US","42.7103","-84.2503","272.8","1970-01",,,,,,,,,,,,,,
"USC00209006","WILLIAMSTON, MI US","42.7103","-84.2503","272.8","1970-02",,,,,,,,,,,,,,
"USC00209006","WILLIAMSTON, MI US","42.7103","-84.2503","272.8","1970-03",,,,,,,,,,,,,,
"USC00209006","WILLIAMSTON, MI US","42.7103","-84.2503","272.8","1970-04",,,,,,,,,,,,,,
"USC00209006","WILLIAMSTON, MI US","42.7103","-84.2503","272.8","1970-05",,,,,,,,,,,,,,
"USC00209006","WILLIAMSTON, MI US","42.7103","-84.2503","272.8","1970-06",,,,,,,,,,,,,,
"USC00200552","BATTLE CREEK 5 NW, MI US","42.3678","-85.2634","281.3","1970-01","0","0","-13",",0,22,","48",",0,28,","4164","0","17.3",",0","25.0",",,,0","9.7",",,,0"
"USC00200552","BATTLE CREEK 5 NW, MI US","42.3678","-85.2634","281.3","1970-02","0","0","-7",",0,04,","48",",0,18,","5328","0","23.4",",0","31.9",",,,0","15.0",",,,0"
"USC00200552","BATTLE CREEK 5 NW, MI US","42.3678","-85.2634","281.3","1970-03","0","0","8",",0,15,","52",",0,21,","6405","0","30.3",",0","38.2",",,,0","22.3",",,,0"
"USC00200552","BATTLE CREEK 5 NW, MI US","42.3678","-85.2634","281.3","1970-04","16","0","20",",0,05,","81",",0,29,","6934","0","47.9",",0","57.4",",,,0","38.4",",,,0"
"USC00200552","BATTLE CREEK 5 NW, MI US","42.3678","-85.2634","281.3","1970-05","80","0","27",",0,03,","85",",0,22,+","7117","0","61.2",",0","72.4",",,,0","49.9",",,,0"
"USC00200552","BATTLE CREEK 5 NW, MI US","42.3678","-85.2634","281.3","1970-06","223","0","41",",0,20,","95",",0,30,","7168","0","68.1",",0","79.5",",,,0","56.7",",,,0"
"USC00207742","SPALDING 1 NW, MI US","45.7019","-87.5255","262.1","1970-01",,,,,,,,,,,,,,
"USC00207742","SPALDING 1 NW, MI US","45.7019","-87.5255","262.1","1970-02",,,,,,,,,,,,,,
"USC00207742","SPALDING 1 NW, MI US","45.7019","-87.5255","262.1","1970-03",,,,,,,,,,,,,,
"USC00207742","SPALDING 1 NW, MI US","45.7019","-87.5255","262.1","1970-04",,,,,,,,,,,,,,
"USC00207742","SPALDING 1 NW, MI US","45.7019","-87.5255","262.1","1970-05",,,,,,,,,,,,,,
"USC00207742","SPALDING 1 NW, MI US","45.7019","-87.5255","262.1","1970-06",,,,,,,,,,,,,,
"USC00203785","HIGGINS LAKE, MI US","44.51667","-84.75","363.0","1970-01","0","0","-20","1,0,21,","36",",0,29,","4702","0","12.1","1,0","21.9",",,,0","2.3","1,,,0"
"USC00203785","HIGGINS LAKE, MI US","44.51667","-84.75","363.0","1970-02","0","0","-22","4,0,14,","45","4,0,02,","5843","0","16.1","5,0","30.1","4,,,0","2.0","4,,,0"
"USC00203785","HIGGINS LAKE, MI US","44.51667","-84.75","363.0","1970-03","0","0","-10","2,0,29,","50","2,0,22,","7014","0","22.8","3,0","35.3","2,,,0","10.3","2,,,0"
"USC00203785","HIGGINS LAKE, MI US","44.51667","-84.75","363.0","1970-04","0","0","12",",0,05,","81",",0,30,","7747","0","40.6",",0","52.1",",,,0","29.0",",,,0"
"USC00203785","HIGGINS LAKE, MI US","44.51667","-84.75","363.0","1970-05","8","0","21",",0,06,","87",",0,22,","8129","0","52.9",",0","64.5",",,,0","41.3",",,,0"
"USC00203785","HIGGINS LAKE, MI US","44.51667","-84.75","363.0","1970-06","80","0","31",",0,20,","90",",0,30,+","8266","0","62.9",",0","76.6",",,,0","49.1",",,,0"
"USC00202611","ENTRICAN 1 W, MI US","43.35","-85.16667","287.1","1970-01",,,,,,,,,,,,,,
"USC00202611","ENTRICAN 1 W, MI US","43.35","-85.16667","287.1","1970-02",,,,,,,,,,,,,,
"USC00202611","ENTRICAN 1 W, MI US","43.35","-85.16667","287.1","1970-03",,,,,,,,,,,,,,
"USC00202611","ENTRICAN 1 W, MI US","43.35","-85.16667","287.1","1970-04",,,,,,,,,,,,,,
"USC00202611","ENTRICAN 1 W, MI US","43.35","-85.16667","287.1","1970-05",,,,,,,,,,,,,,
"USC00202611","ENTRICAN 1 W, MI US","43.35","-85.16667","287.1","1970-06",,,,,,,,,,,,,,
"USC00205567","MONTAGUE 4 NW, MI US","43.461","-86.41773","198.1","1970-01","0","0","-8",",0,24,","43",",0,28,","3933","0","20.6",",0","27.6",",,,0","13.5",",,,0"
"USC00205567","MONTAGUE 4 NW, MI US","43.461","-86.41773","198.1","1970-02","0","0","-5",",0,28,","44",",0,23,+","5081","0","24.0",",0","33.1",",,,0","14.9",",,,0"
"USC00205567","MONTAGUE 4 NW, MI US","43.461","-86.41773","198.1","1970-03","0","0","6",",0,11,","55",",0,21,","6157","0","30.3",",0","40.6",",,,0","20.0",",,,0"
"USC00205567","MONTAGUE 4 NW, MI US","43.461","-86.41773","198.1","1970-04","6","0","20",",0,07,","84",",0,29,","6703","0","47.0",",0","57.9",",,,0","36.1",",,,0"
"USC00205567","MONTAGUE 4 NW, MI US","43.461","-86.41773","198.1","1970-05","49","0","24",",0,06,","85",",0,30,","6951","0","58.4",",0","68.9",",,,0","47.9",",,,0"
"USC00205567","MONTAGUE 4 NW, MI US","43.461","-86.41773","198.1","1970-06","153","0","39",",0,25,","88",",0,30,","7023","0","66.1",",0","77.7",",,,0","54.5",",,,0"
"USC00207880","STEUBEN, MI US","46.18535","-86.46418","221.9","1970-01",,,,,,,,,,,,,,
"USC00207880","STEUBEN, MI US","46.18535","-86.46418","221.9","1970-02",,,,,,,,,,,,,,
"USC00207880","STEUBEN, MI US","46.18535","-86.46418","221.9","1970-03",,,,,,,,,,,,,,
"USC00207880","STEUBEN, MI US","46.18535","-86.46418","221.9","1970-04",,,,,,,,,,,,,,
"USC00207880","STEUBEN, MI US","46.18535","-86.46418","221.9","1970-05",,,,,,,,,,,,,,
"USC00207880","STEUBEN, MI US","46.18535","-86.46418","221.9","1970-06",,,,,,,,,,,,,,
"USC00207089","ROGERS CITY 3 S, MI US","45.38333","-83.83333","224.9","1970-01","0","0","-13",",0,19,","40",",0,31,","4585","0","14.7",",0","23.3",",,,0","6.1",",,,0"
"USC00207089","ROGERS CITY 3 S, MI US","45.38333","-83.83333","224.9","1970-02","0","0","-18",",0,04,","47",",0,01,","5912","0","17.6",",0","29.0",",,,0","6.2",",,,0"
"USC00207089","ROGERS CITY 3 S, MI US","45.38333","-83.83333","224.9","1970-03","0","0","-5",",0,29,","49",",0,19,","7141","0","25.4",",0","36.3",",,,0","14.4",",,,0"
"USC00207089","ROGERS CITY 3 S, MI US","45.38333","-83.83333","224.9","1970-04",,,"12",",0,01,",,,,,,,,,"31.5",",,,0"
"USC00207089","ROGERS CITY 3 S, MI US","45.38333","-83.83333","224.9","1970-05",,,"25","1,0,06,","81","1,0,19,+",,,"52.3","1,0","64.2","1,,,0","40.3","1,,,0"
"USC00207089","ROGERS CITY 3 S, MI US","45.38333","-83.83333","224.9","1970-06",,,"34",",0,20,","89",",0,29,+",,,"61.7",",0","76.0",",,,0","47.4",",,,0"
"USW00094814","HOUGHTON LAKE ROSCOMMON CO AIRPORT, MI US","44.35904","-84.6739","350.6","1970-01","0","0","-19",",0,21,","39",",0,31,","4858","0","12.4",",0","21.3",",,,0","3.5",",,,0"
"USW00094814","HOUGHTON LAKE ROSCOMMON CO AIRPORT, MI US","44.35904","-84.6739","350.6","1970-02","0","0","-25",",0,14,+","43",",0,01,","6237","0","15.8",",0","28.0",",,,0","3.5",",,,0"
"USW00094814","HOUGHTON LAKE ROSCOMMON CO AIRPORT, MI US","44.35904","-84.6739","350.6","1970-03","0","0","-8",",0,29,","48",",0,21,","7543","0","22.9",",0","34.2",",,,0","11.5",",,,0"
"USW00094814","HOUGHTON LAKE ROSCOMMON CO AIRPORT, MI US","44.35904","-84.6739","350.6","1970-04","5","0","13",",0,05,","84",",0,29,","8233","0","42.2",",0","52.6",",,,0","31.7",",,,0"
"USW00094814","HOUGHTON LAKE ROSCOMMON CO AIRPORT, MI US","44.35904","-84.6739","350.6","1970-05","18","0","26",",0,06,","82",",0,21,","8590","0","53.9",",0","63.9",",,,0","43.9",",,,0"
"USW00094814","HOUGHTON LAKE ROSCOMMON CO AIRPORT, MI US","44.35904","-84.6739","350.6","1970-06","91","0","34",",0,20,","91",",0,30,","8716","0","63.2",",0","75.2",",,,0","51.2",",,,0"
"USC00205065","MANISTEE 3 SE, MI US","44.2113","-86.2938","204.2","1970-01","0","0","-6",",0,24,","40",",0,29,+","3972","0","19.8",",0","25.8",",,,0","13.7",",,,0"
"USC00205065","MANISTEE 3 SE, MI US","44.2113","-86.2938","204.2","1970-02","0","0","-12",",0,28,","41",",0,01,","5139","0","23.3",",0","31.1",",,,0","15.5",",,,0"
"USC00205065","MANISTEE 3 SE, MI US","44.2113","-86.2938","204.2","1970-03","0","0","3",",0,09,","49",",0,20,+","6274","0","28.4",",0","37.0",",,,0","19.7",",,,0"
"USC00205065","MANISTEE 3 SE, MI US","44.2113","-86.2938","204.2","1970-04","11","0","22",",0,13,+","86",",0,29,","6871","0","45.5",",0","56.4",",,,0","34.5",",,,0"
"USC00205065","MANISTEE 3 SE, MI US","44.2113","-86.2938","204.2","1970-05","44","0","29",",0,03,","82",",0,29,","7146","0","57.2",",0","67.1",",,,0","47.3",",,,0"
"USC00205065","MANISTEE 3 SE, MI US","44.2113","-86.2938","204.2","1970-06","149","0","40",",0,25,","90",",0,30,","7225","0","65.9",",0","77.0",",,,0","54.8",",,,0"
"USC00204090","IRON MTN KINGSFORD WWTP, MI US","45.7858","-88.0841","326.4","1970-01","0","0","-22",",0,18,","42",",0,31,","5055","0","9.7",",0","20.3",",,,0","-0.9",",,,0"
"USC00204090","IRON MTN KINGSFORD WWTP, MI US","45.7858","-88.0841","326.4","1970-02","0","0","-24",",0,14,","45",",0,23,+","6450","0","15.2",",0","28.6",",,,0","1.7",",,,0"
"USC00204090","IRON MTN KINGSFORD WWTP, MI US","45.7858","-88.0841","326.4","1970-03","0","0","-2",",0,08,","56",",0,21,","7695","0","24.8",",0","37.1",",,,0","12.6",",,,0"
"USC00204090","IRON MTN KINGSFORD WWTP, MI US","45.7858","-88.0841","326.4","1970-04","4","0","13",",0,11,","81",",0,29,","8355","0","43.1",",0","54.9",",,,0","31.4",",,,0"
"USC00204090","IRON MTN KINGSFORD WWTP, MI US","45.7858","-88.0841","326.4","1970-05","16","0","20",",0,06,","86",",0,18,","8753","0","52.5",",0","64.3",",,,0","40.8",",,,0"
"USC00204090","IRON MTN KINGSFORD WWTP, MI US","45.7858","-88.0841","326.4","1970-06","91","0","35",",0,21,+","93",",0,29,","8850","0","64.3",",0","77.8",",,,0","50.7",",,,0"
"USC00200446","BALDWIN, MI US","43.9005","-85.8505","254.5","1970-01",,,,,"41","5,0,29,",,,,,"24.5","5,,,0",,
"USC00200446","BALDWIN, MI US","43.9005","-85.8505","254.5","1970-03",,,"-4","3,0,09,","48","4,0,19,",,,"26.6","4,0","39.0","4,,,0","14.2","3,,,0"
"USC00200446","BALDWIN, MI US","43.9005","-85.8505","254.5","1970-04",,,"18",",0,05,+","87",",0,30,",,,"45.9",",0","57.9",",,,0","34.0",",,,0"
"USC00200446","BALDWIN, MI US","43.9005","-85.8505","254.5","1970-05",,,"26",",0,03,","87",",0,21,",,,"59.7",",0","71.7",",,,0","47.7",",,,0"
"USC00200446","BALDWIN, MI US","43.9005","-85.8505","254.5","1970-06",,,"44",",0,03,","92",",0,30,",,,"69.9",",0","79.4",",,,0","60.3",",,,0"
"USC00200568","BAY CITY, MI US","43.61667","-83.86667","180.1","1970-01","0","0","-5",",0,21,","47",",0,28,","4177","0","16.9",",0","24.1",",,,0","9.8",",,,0"
"USC00200568","BAY CITY, MI US","43.61667","-83.86667","180.1","1970-02","0","0","-4",",0,13,+","48",",0,01,","5373","0","22.3",",0","30.5",",,,0","14.0",",,,0"
"USC00200568","BAY CITY, MI US","43.61667","-83.86667","180.1","1970-03","0","0","10",",0,08,","49",",0,21,+","6482","0","29.2",",0","36.2",",,,0","22.3",",,,0"
"USC00200568","BAY CITY, MI US","43.61667","-83.86667","180.1","1970-04","11","0","22",",0,03,","84",",0,29,","7066","0","45.9",",0","54.6",",,,0","37.3",",,,0"
"USC00200568","BAY CITY, MI US","43.61667","-83.86667","180.1","1970-05","40","0","31",",0,06,","86",",0,21,","7344","0","57.0",",0","66.7",",,,0","47.2",",,,0"
"USC00200568","BAY CITY, MI US","43.61667","-83.86667","180.1","1970-06","165","0","44",",0,19,+","90",",0,17,","7407","0","67.0",",0","76.5",",,,0","57.6",",,,0"
"USW00014859","GRAND MARAIS, MI US","46.66667","-85.95","190.2","1970-01","0","0","-4",",0,22,","34",",0,31,","4762","0","16.2",",0","22.1",",,,0","10.3",",,,0"
"USW00014859","GRAND MARAIS, MI US","46.66667","-85.95","190.2","1970-02","0","0","-17","1,0,04,","46",",0,23,","6071","0","16.9","1,0","25.6",",,,0","8.1","1,,,0"
"USW00014859","GRAND MARAIS, MI US","46.66667","-85.95","190.2","1970-03","0","0","-8",",0,29,","44",",0,22,","7389","0","22.5",",0","30.9",",,,0","14.1",",,,0"
"USW00014859","GRAND MARAIS, MI US","46.66667","-85.95","190.2","1970-04","3","0","10",",0,11,","80","1,0,29,","8139","0","39.1","1,0","48.7","1,,,0","29.5",",,,0"
"USW00014859","GRAND MARAIS, MI US","46.66667","-85.95","190.2","1970-05","4","0","26",",0,06,","82",",0,29,","8683","0","47.5",",0","57.1",",,,0","37.8",",,,0"
"USW00014859","GRAND MARAIS, MI US","46.66667","-85.95","190.2","1970-06","36","0","33",",0,03,","86","1,0,17,","8905","0","58.2","1,0","71.5","1,,,0","44.9",",,,0"
"USW00014858","HANCOCK HOUGHTON CO AIRPORT, MI US","47.16594","-88.48076","323.9","1970-01","0","X","-15",",X,22,","32",",X,31,+","5240","X","10.6",",X","16.8",",,,X","4.5",",,,X"
"USW00014858","HANCOCK HOUGHTON CO AIRPORT, MI US","47.16594","-88.48076","323.9","1970-02","0","X","-21",",X,04,","43",",X,23,","6776","X","10.1",",X","20.7",",,,X","-0.5",",,,X"
"USW00014858","HANCOCK HOUGHTON CO AIRPORT, MI US","47.16594","-88.48076","323.9","1970-03","0","X","-4",",X,08,","45",",X,22,","8146","X","20.8",",X","28.7",",,,X","12.9",",,,X"
"USW00014858","HANCOCK HOUGHTON CO AIRPORT, MI US","47.16594","-88.48076","323.9","1970-04","0","X","14",",X,02,+","75",",X,29,","8995","X","36.7",",X","44.6",",,,X","28.9",",,,X"
"USW00014858","HANCOCK HOUGHTON CO AIRPORT, MI US","47.16594","-88.48076","323.9","1970-05","2","X","26",",X,06,","80",",X,29,","9621","X","44.8",",X","52.8",",,,X","36.9",",,,X"
"USW00014858","HANCOCK HOUGHTON CO AIRPORT, MI US","47.16594","-88.48076","323.9","1970-06","44","X","38",",X,19,+","88",",X,09,","9818","X","59.8",",X","71.0",",,,X","48.7",",,,X"
"USC00205698","MUNITH 5 SW, MI US","42.35","-84.31667","289.6","1970-02",,,,,,,,,,,,,,
"USC00205698","MUNITH 5 SW, MI US","42.35","-84.31667","289.6","1970-03",,,,,,,,,,,,,,
"USC00205698","MUNITH 5 SW, MI US","42.35","-84.31667","289.6","1970-04",,,,,,,,,,,,,,
"USC00205698","MUNITH 5 SW, MI US","42.35","-84.31667","289.6","1970-05",,,,,,,,,,,,,,
"USC00207515","SENEY WILDLIFE REF, MI US","46.28333","-85.95","216.4","1970-01","0","0","-18",",0,19,","36",",0,31,","4743","0","13.4",",0","22.7",",,,0","4.0",",,,0"
"USC00207515","SENEY WILDLIFE REF, MI US","46.28333","-85.95","216.4","1970-02","0","0","-27",",0,04,","44",",0,23,","6137","0","15.2",",0","28.0",",,,0","2.4",",,,0"
"USC00207515","SENEY WILDLIFE REF, MI US","46.28333","-85.95","216.4","1970-03","0","0","-11",",0,29,","53",",0,19,","7441","0","22.9",",0","36.0",",,,0","9.9",",,,0"
"USC00207515","SENEY WILDLIFE REF, MI US","46.28333","-85.95","216.4","1970-04","1","0","13","1,0,11,","80",",0,28,","8111","0","41.7","1,0","52.1",",,,0","31.2","1,,,0"
"USC00207515","SENEY WILDLIFE REF, MI US","46.28333","-85.95","216.4","1970-05","1","0","26","1,0,06,","80",",0,21,","8541","0","50.8","1,0","61.0",",,,0","40.5","1,,,0"
"USC00207515","SENEY WILDLIFE REF, MI US","46.28333","-85.95","216.4","1970-06","41","0","34",",0,20,","90",",0,29,","8662","0","62.3",",0","76.4",",,,0","48.2",",,,0"
"USC00206300","OWOSSO WWTP, MI US","43.0161","-84.18","222.5","1970-01","0","0","-9",",0,21,","46",",0,29,+","4140","0","16.8",",0","24.8",",,,0","8.9",",,,0"
"USC00206300","OWOSSO WWTP, MI US","43.0161","-84.18","222.5","1970-02","0","0","-5",",0,13,","49",",0,01,","5306","0","23.4",",0","32.5",",,,0","14.3",",,,0"
"USC00206300","OWOSSO WWTP, MI US","43.0161","-84.18","222.5","1970-03","0","0","7",",0,14,","51",",0,21,+","6406","0","29.5",",0","37.8",",,,0","21.1",",,,0"
"USC00206300","OWOSSO WWTP, MI US","43.0161","-84.18","222.5","1970-04","15","0","17",",0,03,","82",",0,29,","6948","0","47.4",",0","57.5",",,,0","37.3",",,,0"
"USC00206300","OWOSSO WWTP, MI US","43.0161","-84.18","222.5","1970-05","66","0","29",",0,06,","85",",0,21,","7148","0","60.2",",0","70.3",",,,0","50.1",",,,0"
"USC00206300","OWOSSO WWTP, MI US","43.0161","-84.18","222.5","1970-06","182","0","38",",0,04,","93",",0,30,","7217","0","66.6",",0","78.1",",,,0","55.0",",,,0"
"USC00204244","KALAMAZOO STATE HOSPITAL, MI US","42.28333","-85.6","289.6","1970-01","0","0","-11",",0,22,","48",",0,29,","3822","0","20.0",",0","27.6",",,,0","12.4",",,,0"
"USC00204244","KALAMAZOO STATE HOSPITAL, MI US","42.28333","-85.6","289.6","1970-02","0","0","-6",",0,04,","47",",0,25,+","4910","0","26.2",",0","34.2",",,,0","18.1",",,,0"
"USC00204244","KALAMAZOO STATE HOSPITAL, MI US","42.28333","-85.6","289.6","1970-03","0","0","10",",0,15,","53",",0,21,","5915","0","32.6",",0","41.1",",,,0","24.1",",,,0"
"USC00204244","KALAMAZOO STATE HOSPITAL, MI US","42.28333","-85.6","289.6","1970-04","18","0","26",",0,05,","82",",0,30,+","6387","0","49.9",",0","59.7",",,,0","40.0",",,,0"
"USC00204244","KALAMAZOO STATE HOSPITAL, MI US","42.28333","-85.6","289.6","1970-05","109","0","30",",0,06,","86",",0,22,+","6521","0","63.6",",0","74.4",",,,0","52.8",",,,0"
"USC00204244","KALAMAZOO STATE HOSPITAL, MI US","42.28333","-85.6","289.6","1970-06","282","0","45",",0,04,","92",",0,30,","6558","0","69.5",",0","80.0",",,,0","59.1",",,,0"
"USC00201896","CROSS VILLAGE 1 E, MI US","45.6413","-85.0141","219.8","1970-01","0","0","-23",",0,21,","36",",0,28,","4384","0","16.4",",0","23.4",",,,0","9.4",",,,0"
"USC00201896","CROSS VILLAGE 1 E, MI US","45.6413","-85.0141","219.8","1970-02","0","0","-15",",0,13,","43",",0,01,","5733","0","16.8",",0","26.9",",,,0","6.7",",,,0"
"USC00201896","CROSS VILLAGE 1 E, MI US","45.6413","-85.0141","219.8","1970-03","0","0","-4",",0,29,","50",",0,21,","6976","0","24.9",",0","35.6",",,,0","14.2",",,,0"
"USC00201896","CROSS VILLAGE 1 E, MI US","45.6413","-85.0141","219.8","1970-04","2","0","11",",0,05,","83",",0,29,","7653","0","42.5",",0","52.9",",,,0","32.2",",,,0"
"USC00201896","CROSS VILLAGE 1 E, MI US","45.6413","-85.0141","219.8","1970-05","8","0","29",",0,06,","84",",0,29,","8043","0","52.6",",0","62.5",",,,0","42.7",",,,0"
"USC00201896","CROSS VILLAGE 1 E, MI US","45.6413","-85.0141","219.8","1970-06","54","0","34",",0,20,","84",",0,30,+","8200","0","61.3",",0","73.2",",,,0","49.5",",,,0"
"USC00204127","ISHPEMING, MI US","46.48333","-87.65","438.9","1970-01","0","0","-18",",0,19,","37",",0,31,","5017","0","10.6",",0","20.2",",,,0","0.9",",,,0"
"USC00204127","ISHPEMING, MI US","46.48333","-87.65","438.9","1970-02","0","0","-20",",0,16,","45",",0,23,","6410","0","15.3",",0","27.5",",,,0","3.0",",,,0"
"USC00204127","ISHPEMING, MI US","46.48333","-87.65","438.9","1970-03","0","0","-14",",0,09,","53",",0,21,","7745","0","21.9",",0","34.8",",,,0","9.0",",,,0"
"USC00204127","ISHPEMING, MI US","46.48333","-87.65","438.9","1970-04","1","0","13",",0,11,","77",",0,28,+","8493","0","40.1",",0","51.1",",,,0","29.1",",,,0"
"USC00204127","ISHPEMING, MI US","46.48333","-87.65","438.9","1970-05","6","0","20",",0,06,","84",",0,18,","9001","0","48.8",",0","59.4",",,,0","38.1",",,,0"
"USC00204127","ISHPEMING, MI US","46.48333","-87.65","438.9","1970-06","79","0","34",",0,21,+","92",",0,29,","9128","0","63.2",",0","76.6",",,,0","49.8",",,,0"
"USC00202984","FRANKFORT 2 NE, MI US","44.64822","-86.20986","289.0","1970-01","0","0","2",",0,20,","39",",0,28,","4195","0","18.7",",0","23.9",",,,0","13.5",",,,0"
"USC00202984","FRANKFORT 2 NE, MI US","44.64822","-86.20986","289.0","1970-02","0","0","-2",",0,04,","41",",0,18,","5418","0","21.3",",0","28.3",",,,0","14.3",",,,0"
"USC00202984","FRANKFORT 2 NE, MI US","44.64822","-86.20986","289.0","1970-03","0","0","7","1,0,12,","48",",0,21,","6525","0","28.1","1,0","34.9",",,,0","21.3","1,,,0"
"USC00202984","FRANKFORT 2 NE, MI US","44.64822","-86.20986","289.0","1970-04","9","0","20",",0,11,","86",",0,29,","7147","0","44.6",",0","53.1",",,,0","36.2",",,,0"
"USC00202984","FRANKFORT 2 NE, MI US","44.64822","-86.20986","289.0","1970-05","19","0","30",",0,07,","83",",0,29,","7504","0","53.8",",0","63.0",",,,0","44.5",",,,0"
"USC00202984","FRANKFORT 2 NE, MI US","44.64822","-86.20986","289.0","1970-06","76","0","40",",0,20,+","94",",0,30,","7645","0","62.2",",0","72.2",",,,0","52.3",",,,0"
"USW00094824","KINCHELOE AFB, MI US","46.25","-84.46667","262.1","1970-01","0","0","-29",",0,21,","32",",0,29,+","5226","0","10.0",",0","17.9",",,,0","2.1",",,,0"
"USW00094824","KINCHELOE AFB, MI US","46.25","-84.46667","262.1","1970-02","0","0","-24",",0,13,","40",",0,01,","6706","0","12.1",",0","23.4",",,,0","0.9",",,,0"
"USW00094824","KINCHELOE AFB, MI US","46.25","-84.46667","262.1","1970-03","0","0","-10",",0,08,","47",",0,19,","8084","0","20.5",",0","30.0",",,,0","11.0",",,,0"
"USW00094824","KINCHELOE AFB, MI US","46.25","-84.46667","262.1","1970-04","0","0","12",",0,05,","76",",0,28,","8863","0","39.1",",0","48.2",",,,0","29.9",",,,0"
"USW00094824","KINCHELOE AFB, MI US","46.25","-84.46667","262.1","1970-05","0","0","23",",0,06,","77",",0,21,","9401","0","47.6",",0","56.5",",,,0","38.8",",,,0"
"USW00094824","KINCHELOE AFB, MI US","46.25","-84.46667","262.1","1970-06","20","0","35",",0,21,+","83",",0,17,","9609","0","58.7",",0","72.6",",,,0","44.9",",,,0"
"USC00207253","SAINT CHARLES, MI US","43.3","-84.16667","182.9","1970-01","0","0","-8",",0,24,+","46",",0,28,",,,"16.9",",0","25.6",",,,0","8.2",",,,0"
"USC00207253","SAINT CHARLES, MI US","43.3","-84.16667","182.9","1970-02","0","0","-7",",0,04,","49",",0,01,",,,"23.4",",0","33.0",",,,0","13.9",",,,0"
"USC00207253","SAINT CHARLES, MI US","43.3","-84.16667","182.9","1970-03","0","0","10",",0,08,","54",",0,21,",,,"31.0",",0","40.1",",,,0","21.9",",,,0"
"USC00207253","SAINT CHARLES, MI US","43.3","-84.16667","182.9","1970-04","14","0","20",",0,05,+","85",",0,29,",,,"47.8",",0","58.9",",,,0","36.6",",,,0"
"USC00207253","SAINT CHARLES, MI US","43.3","-84.16667","182.9","1970-05","71","0","29",",0,06,","87","1,0,21,",,,"61.1","1,0","72.8","1,,,0","49.3",",,,0"
"USC00207253","SAINT CHARLES, MI US","43.3","-84.16667","182.9","1970-06","216","0","40",",0,04,","95",",0,30,",,,"68.2",",0","80.6",",,,0","55.7",",,,0"
"USC00205073","MANISTIQUE WWTP, MI US","45.9512","-86.2513","182.9","1970-01","0","0","-18",",0,07,","33",",0,28,","5037","0","11.8",",0","20.9",",,,0","2.6",",,,0"
"USC00205073","MANISTIQUE WWTP, MI US","45.9512","-86.2513","182.9","1970-02","0","0","-33","1,0,04,","41","1,0,24,+","6372","0","13.9","2,0","26.5","1,,,0","1.3","1,,,0"
"USC00205073","MANISTIQUE WWTP, MI US","45.9512","-86.2513","182.9","1970-03",,,"-8","1,0,29,",,,,,,,,,"12.0","1,,,0"
"USC00205073","MANISTIQUE WWTP, MI US","45.9512","-86.2513","182.9","1970-04",,,"12",",0,02,","66",",0,29,",,,"38.2",",0","47.4",",,,0","29.0",",,,0"
"USC00205073","MANISTIQUE WWTP, MI US","45.9512","-86.2513","182.9","1970-05",,,"27",",0,06,","74",",0,29,",,,"48.9",",0","58.9",",,,0","38.9",",,,0"
"USC00205073","MANISTIQUE WWTP, MI US","45.9512","-86.2513","182.9","1970-06",,,"29",",0,21,","93",",0,29,",,,"58.4",",0","71.2",",,,0","45.6",",,,0"
"USC00203290","GRAND HAVEN FIRE DEPARTMENT, MI US","43.06222","-86.22444","189.0","1970-01","0","0","-5",",0,22,","47",",0,28,","3816","0","21.3",",0","27.1",",,,0","15.5",",,,0"
"USC00203290","GRAND HAVEN FIRE DEPARTMENT, MI US","43.06222","-86.22444","189.0","1970-02","0","0","-2",",0,04,","43",",0,18,","4940","0","24.9",",0","31.7",",,,0","18.0",",,,0"
"USC00203290","GRAND HAVEN FIRE DEPARTMENT, MI US","43.06222","-86.22444","189.0","1970-03","0","0","12",",0,29,+","51",",0,19,","5999","0","30.9",",0","38.2",",,,0","23.5",",,,0"
"USC00203290","GRAND HAVEN FIRE DEPARTMENT, MI US","43.06222","-86.22444","189.0","1970-04","14","0","27",",0,07,","85",",0,29,","6544","0","47.3",",0","55.3",",,,0","39.3",",,,0"
"USC00203290","GRAND HAVEN FIRE DEPARTMENT, MI US","43.06222","-86.22444","189.0","1970-05","47","0","30",",0,06,","85",",0,29,","6785","0","58.3",",0","67.3",",,,0","49.3",",,,0"
"USC00203290","GRAND HAVEN FIRE DEPARTMENT, MI US","43.06222","-86.22444","189.0","1970-06","143","0","46",",0,25,","88",",0,12,","6847","0","66.1",",0","74.4",",,,0","57.8",",,,0"
"USC00208184","THREE RIVERS, MI US","41.9299","-85.6385","246.9","1970-01","0","0","-16",",0,22,","50",",0,29,","4126","0","17.3",",0","26.2",",,,0","8.3",",,,0"
"USC00208184","THREE RIVERS, MI US","41.9299","-85.6385","246.9","1970-02","0","0","-6",",0,04,","52",",0,25,","5262","0","24.4",",0","33.5",",,,0","15.4",",,,0"
"USC00208184","THREE RIVERS, MI US","41.9299","-85.6385","246.9","1970-03","0","0","9",",0,15,","53",",0,22,","6310","0","31.2",",0","39.4",",,,0","22.9",",,,0"
"USC00208184","THREE RIVERS, MI US","41.9299","-85.6385","246.9","1970-04","13","0","22",",0,03,","82",",0,30,","6848","0","47.5",",0","57.6",",,,0","37.3",",,,0"
"USC00208184","THREE RIVERS, MI US","41.9299","-85.6385","246.9","1970-05","87","0","28",",0,06,+","86",",0,23,+","7017","0","61.9",",0","72.8",",,,0","51.1",",,,0"
"USC00208184","THREE RIVERS, MI US","41.9299","-85.6385","246.9","1970-06","223","0","41",",0,20,","90",",0,30,+","7082","0","67.4",",0","78.2",",,,0","56.5",",,,0"
"USC00207097","ROMEO 1 N, MI US","42.81667","-83.01667","244.1","1970-01",,,,,,,,,,,,,,
"USC00207097","ROMEO 1 N, MI US","42.81667","-83.01667","244.1","1970-02",,,,,,,,,,,,,,
"USC00207097","ROMEO 1 N, MI US","42.81667","-83.01667","244.1","1970-03",,,,,,,,,,,,,,
"USC00207097","ROMEO 1 N, MI US","42.81667","-83.01667","244.1","1970-04",,,,,,,,,,,,,,
"USC00207097","ROMEO 1 N, MI US","42.81667","-83.01667","244.1","1970-05",,,,,,,,,,,,,,
"USC00207097","ROMEO 1 N, MI US","42.81667","-83.01667","244.1","1970-06",,,,,,,,,,,,,,
"USC00203965","HUBBARDSTON, MI US","43.1","-84.83333","235.0","1970-02",,,,,,,,,,,,,,
"USC00204257","KALKASKA, MI US","44.728","-85.1727","315.5","1970-01",,,,,,,,,,,,,,
"USC00204257","KALKASKA, MI US","44.728","-85.1727","315.5","1970-02",,,,,,,,,,,,,,
"USC00204257","KALKASKA, MI US","44.728","-85.1727","315.5","1970-03",,,,,,,,,,,,,,
"USC00204257","KALKASKA, MI US","44.728","-85.1727","315.5","1970-04",,,,,,,,,,,,,,
"USC00204257","KALKASKA, MI US","44.728","-85.1727","315.5","1970-05",,,,,,,,,,,,,,
"USC00204257","KALKASKA, MI US","44.728","-85.1727","315.5","1970-06",,,,,,,,,,,,,,
"USC00207405","SCOTTVILLE 1 NE, MI US","43.96667","-86.26667","207.0","1970-01",,,,,,,,,,,,,,
"USC00207405","SCOTTVILLE 1 NE, MI US","43.96667","-86.26667","207.0","1970-02",,,,,,,,,,,,,,
"USC00207405","SCOTTVILLE 1 NE, MI US","43.96667","-86.26667","207.0","1970-03",,,,,,,,,,,,,,
"USC00207405","SCOTTVILLE 1 NE, MI US","43.96667","-86.26667","207.0","1970-04",,,,,,,,,,,,,,
"USC00207405","SCOTTVILLE 1 NE, MI US","43.96667","-86.26667","207.0","1970-05",,,,,,,,,,,,,,
"USC00207405","SCOTTVILLE 1 NE, MI US","43.96667","-86.26667","207.0","1970-06",,,,,,,,,,,,,,
"USC00202754","FENTON, MI US","42.81167","-83.70444","271.3","1970-01",,,,,,,,,,,,,,
"USC00202754","FENTON, MI US","42.81167","-83.70444","271.3","1970-02",,,,,,,,,,,,,,
"USC00202754","FENTON, MI US","42.81167","-83.70444","271.3","1970-03",,,,,,,,,,,,,,
"USC00202754","FENTON, MI US","42.81167","-83.70444","271.3","1970-04",,,,,,,,,,,,,,
"USC00202754","FENTON, MI US","42.81167","-83.70444","271.3","1970-05",,,,,,,,,,,,,,
"USC00202754","FENTON, MI US","42.81167","-83.70444","271.3","1970-06",,,,,,,,,,,,,,
"USC00204655","LAPEER WWTP, MI US","43.0608","-83.3074","249.9","1970-01","0","0","-13",",0,14,","48",",0,29,","4216","0","15.7",",0","24.7",",,,0","6.7",",,,0"
"USC00204655","LAPEER WWTP, MI US","43.0608","-83.3074","249.9","1970-02","0","0","-12","1,0,13,","48",",0,24,+","5336","0","23.5","1,0","33.2",",,,0","13.8","1,,,0"
"USC00204655","LAPEER WWTP, MI US","43.0608","-83.3074","249.9","1970-03","0","0","7",",0,16,+","48","1,0,21,+","6379","0","30.0","1,0","39.7","1,,,0","20.4",",,,0"
"USC00204655","LAPEER WWTP, MI US","43.0608","-83.3074","249.9","1970-04","17","0","18",",0,03,","84",",0,29,","6904","0","48.1",",0","59.3",",,,0","36.9",",,,0"
"USC00204655","LAPEER WWTP, MI US","43.0608","-83.3074","249.9","1970-05","77","0","30",",0,06,","86",",0,21,","7100","0","60.6",",0","72.2",",,,0","49.0",",,,0"
"USC00204655","LAPEER WWTP, MI US","43.0608","-83.3074","249.9","1970-06","218","0","37",",0,04,","90",",0,17,","7169","0","67.4",",0","79.6",",,,0","55.2",",,,0"
"USW00094836","GWINN K I SAWYER AFB, MI US","46.35","-87.4","372.2","1970-01","0","X","-19","1,X,21,","34","1,X,31,",,,"7.4","2,X","16.1","1,,,X","-1.4","1,,,X"
"USW00094836","GWINN K I SAWYER AFB, MI US","46.35","-87.4","372.2","1970-02","0","X","-25",",X,14,","43",",X,23,",,,"10.6",",X","21.5",",,,X","-0.3",",,,X"
"USW00094836","GWINN K I SAWYER AFB, MI US","46.35","-87.4","372.2","1970-03","0","X","-5","1,X,08,","49","1,X,22,",,,"21.2","2,X","31.2","1,,,X","11.3","1,,,X"
"USW00094836","GWINN K I SAWYER AFB, MI US","46.35","-87.4","372.2","1970-04","0","X","13",",X,01,","76",",X,28,",,,"38.7",",X","48.6",",,,X","28.9",",,,X"
"USW00094836","GWINN K I SAWYER AFB, MI US","46.35","-87.4","372.2","1970-05","0","X","21",",X,06,","85",",X,18,",,,"45.5",",X","54.5",",,,X","36.4",",,,X"
"USW00094836","GWINN K I SAWYER AFB, MI US","46.35","-87.4","372.2","1970-06","41","X","31",",X,20,","94",",X,29,",,,"59.7",",X","72.8",",,,X","46.7",",,,X"
"USC00206690","PORTLAND, MI US","42.8564","-84.9122","219.5","1970-02",,,,,,,,,,,,,,
"USC00206690","PORTLAND, MI US","42.8564","-84.9122","219.5","1970-03",,,,,,,,,,,,,,
"USC00206690","PORTLAND, MI US","42.8564","-84.9122","219.5","1970-04",,,,,,,,,,,,,,
"USC00206690","PORTLAND, MI US","42.8564","-84.9122","219.5","1970-05",,,,,,,,,,,,,,
"USC00206210","ONTONAGON, MI US","46.86667","-89.31667","214.0","1970-01","0","0","-28",",0,22,","35",",0,28,","4934","0","11.7",",0","20.4",",,,0","2.9",",,,0"
"USC00206210","ONTONAGON, MI US","46.86667","-89.31667","214.0","1970-02","0","0","-28",",0,14,+","50",",0,24,","6412","0","12.2",",0","25.8",",,,0","-1.4",",,,0"
"USC00206210","ONTONAGON, MI US","46.86667","-89.31667","214.0","1970-03","0","0","-9",",0,09,","40",",0,19,","7803","0","20.1",",0","31.0",",,,0","9.2",",,,0"
"USC00206210","ONTONAGON, MI US","46.86667","-89.31667","214.0","1970-04","0","0","2",",0,02,","81",",0,30,","8559","0","39.8",",0","50.7",",,,0","28.9",",,,0"
"USC00206210","ONTONAGON, MI US","46.86667","-89.31667","214.0","1970-05","3","0","31",",0,02,","85",",0,29,","9059","0","49.0",",0","59.2",",,,0","38.7",",,,0"
"USC00206210","ONTONAGON, MI US","46.86667","-89.31667","214.0","1970-06","42","0","35",",0,03,","86",",0,18,","9218","0","61.0",",0","73.4",",,,0","48.6",",,,0"
"USC00205000","MACKINAW CITY 2, MI US","45.78333","-84.73333","180.1","1970-01","0","0","-14",",0,21,","35",",0,28,","4290","0","15.4",",0","22.1",",,,0","8.7",",,,0"
"USC00205000","MACKINAW CITY 2, MI US","45.78333","-84.73333","180.1","1970-02","0","0","-16",",0,03,","45",",0,01,","5643","0","16.7",",0","27.0",",,,0","6.3",",,,0"
"USC00205000","MACKINAW CITY 2, MI US","45.78333","-84.73333","180.1","1970-03","0","0","0",",0,09,","46",",0,21,","6903","0","24.3",",0","33.5",",,,0","15.2",",,,0"
"USC00205000","MACKINAW CITY 2, MI US","45.78333","-84.73333","180.1","1970-04","0","0","14",",0,01,","66",",0,30,+","7644","0","40.3",",0","49.3",",,,0","31.3",",,,0"
"USC00205000","MACKINAW CITY 2, MI US","45.78333","-84.73333","180.1","1970-05","0","0","33",",0,06,","76",",0,21,","8111","0","49.9",",0","57.8",",,,0","42.1",",,,0"
"USC00205000","MACKINAW CITY 2, MI US","45.78333","-84.73333","180.1","1970-06","65","0","42",",0,19,","85",",0,17,+","8239","0","62.9",",0","73.0",",,,0","52.7",",,,0"
"USC00202250","DOWAGIAC 1 W, MI US","41.9856","-86.132","225.6","1970-01","0","0","-15",",0,22,","50",",0,29,+","4089","0","18.8",",0","27.0",",,,0","10.7",",,,0"
"USC00202250","DOWAGIAC 1 W, MI US","41.9856","-86.132","225.6","1970-02","0","0","-9",",0,14,","49",",0,25,+","5211","0","24.9",",0","33.7",",,,0","16.2",",,,0"
"USC00202250","DOWAGIAC 1 W, MI US","41.9856","-86.132","225.6","1970-03","0","0","2",",0,15,","47",",0,06,","6286","0","30.3",",0","39.1",",,,0","21.6",",,,0"
"USC00202250","DOWAGIAC 1 W, MI US","41.9856","-86.132","225.6","1970-04","15","0","23",",0,11,","80",",0,30,+","6781","0","49.0",",0","59.4",",,,0","38.6",",,,0"
"USC00202250","DOWAGIAC 1 W, MI US","41.9856","-86.132","225.6","1970-05","90","0","27",",0,06,","86","2,0,23,","6927","0","62.6","2,0","74.3","2,,,0","51.0",",,,0"
"USC00202250","DOWAGIAC 1 W, MI US","41.9856","-86.132","225.6","1970-06","225","0","40",",0,04,","92",",0,30,","6992","0","67.3",",0","78.7",",,,0","55.9",",,,0"
"USC00203616","HARRISON 1 NNW, MI US","44.03333","-84.8","352.3","1970-01",,,,,,,,,,,,,,
"USC00203616","HARRISON 1 NNW, MI US","44.03333","-84.8","352.3","1970-02",,,,,,,,,,,,,,
"USC00203616","HARRISON 1 NNW, MI US","44.03333","-84.8","352.3","1970-03",,,,,,,,,,,,,,
"USC00203616","HARRISON 1 NNW, MI US","44.03333","-84.8","352.3","1970-04",,,,,,,,,,,,,,
"USC00203616","HARRISON 1 NNW, MI US","44.03333","-84.8","352.3","1970-05",,,,,,,,,,,,,,
"USC00203616","HARRISON 1 NNW, MI US","44.03333","-84.8","352.3","1970-06",,,,,,,,,,,,,,
"USC00203858","HOLLAND WTP, MI US","42.7989","-86.20635","184.4","1970-01","0","0","-10",",0,24,","50",",0,28,","3988","0","19.2",",0","26.8",",,,0","11.6",",,,0"
"USC00203858","HOLLAND WTP, MI US","42.7989","-86.20635","184.4","1970-02","0","0","-6",",0,04,","45",",0,08,","5126","0","24.4",",0","32.3",",,,0","16.4",",,,0"
"USC00203858","HOLLAND WTP, MI US","42.7989","-86.20635","184.4","1970-03","0","0","2",",0,15,","51",",0,19,","6210","0","30.0",",0","39.3",",,,0","20.8",",,,0"
"USC00203858","HOLLAND WTP, MI US","42.7989","-86.20635","184.4","1970-04","13","0","23",",0,07,","84",",0,29,","6761","0","47.1",",0","57.1",",,,0","37.0",",,,0"
"USC00203858","HOLLAND WTP, MI US","42.7989","-86.20635","184.4","1970-05","62","0","26",",0,06,","84",",0,29,+","6951","0","60.4",",0","71.2",",,,0","49.6",",,,0"
"USC00203858","HOLLAND WTP, MI US","42.7989","-86.20635","184.4","1970-06","190","0","40",",0,25,","88",",0,30,+","7013","0","67.2",",0","78.2",",,,0","56.2",",,,0"
"USC00200864","BLOOMINGDALE, MI US","42.3838","-85.9626","224.3","1970-01","0","0","-11",",0,22,","48",",0,29,","4314","0","17.7",",0","26.0",",,,0","9.4",",,,0"
"USC00200864","BLOOMINGDALE, MI US","42.3838","-85.9626","224.3","1970-02","0","0","-8",",0,04,","45",",0,25,+","5497","0","22.7",",0","32.6",",,,0","12.9",",,,0"
"USC00200864","BLOOMINGDALE, MI US","42.3838","-85.9626","224.3","1970-03","0","0","-1",",0,15,","52",",0,20,","6624","0","28.6",",0","38.1",",,,0","19.2",",,,0"
"USC00200864","BLOOMINGDALE, MI US","42.3838","-85.9626","224.3","1970-04","16","0","18","1,0,01,","84","1,0,30,","7181","0","46.4","1,0","56.6","1,,,0","36.2","1,,,0"
"USC00200864","BLOOMINGDALE, MI US","42.3838","-85.9626","224.3","1970-05","92","0","27",",0,06,","88",",0,22,","7381","0","61.0",",0","72.4",",,,0","49.5",",,,0"
"USC00200864","BLOOMINGDALE, MI US","42.3838","-85.9626","224.3","1970-06","234","0","40",",0,20,","93",",0,13,","7457","0","67.2",",0","79.0",",,,0","55.5",",,,0"
"USC00204944","LOWELL, MI US","42.92793","-85.34013","199.9","1970-01",,,,,,,,,,,,,,
"USC00204944","LOWELL, MI US","42.92793","-85.34013","199.9","1970-02",,,,,,,,,,,,,,
"USC00204944","LOWELL, MI US","42.92793","-85.34013","199.9","1970-03",,,,,,,,,,,,,,
"USC00204944","LOWELL, MI US","42.92793","-85.34013","199.9","1970-04",,,,,,,,,,,,,,
"USC00204944","LOWELL, MI US","42.92793","-85.34013","199.9","1970-05",,,,,,,,,,,,,,
"USC00204944","LOWELL, MI US","42.92793","-85.34013","199.9","1970-06",,,,,,,,,,,,,,
"USC00207419","SEBEWAING, MI US","43.73194","-83.45917","178.0","1970-01",,,,,,,,,,,,,,
"USC00207419","SEBEWAING, MI US","43.73194","-83.45917","178.0","1970-02",,,,,,,,,,,,,,
"USC00207419","SEBEWAING, MI US","43.73194","-83.45917","178.0","1970-03",,,,,,,,,,,,,,
"USC00207419","SEBEWAING, MI US","43.73194","-83.45917","178.0","1970-04",,,,,,,,,,,,,,
"USC00207419","SEBEWAING, MI US","43.73194","-83.45917","178.0","1970-05",,,,,,,,,,,,,,
"USC00207419","SEBEWAING, MI US","43.73194","-83.45917","178.0","1970-06",,,,,,,,,,,,,,
"USC00201439","CHAMPION VAN RIPER P, MI US","46.5193","-87.9859","487.4","1970-01","0","0","-32",",0,19,","36",",0,31,","5560","0","7.0",",0","18.9",",,,0","-5.0",",,,0"
"USC00201439","CHAMPION VAN RIPER P, MI US","46.5193","-87.9859","487.4","1970-02","0","0","-34","1,0,14,","45","1,0,23,","6992","0","10.5","2,0","25.8","1,,,0","-4.9","1,,,0"
"USC00201439","CHAMPION VAN RIPER P, MI US","46.5193","-87.9859","487.4","1970-03","0","0","-18",",0,09,","51",",0,22,+","8414","0","19.1",",0","34.9",",,,0","3.3",",,,0"
"USC00201439","CHAMPION VAN RIPER P, MI US","46.5193","-87.9859","487.4","1970-04","0","0","4",",0,11,+","80",",0,30,","9235","0","37.7",",0","50.9",",,,0","24.4",",,,0"
"USC00201439","CHAMPION VAN RIPER P, MI US","46.5193","-87.9859","487.4","1970-05","8","0","14",",0,06,","83",",0,19,+","9779","0","47.7",",0","60.1",",,,0","35.3",",,,0"
"USC00201439","CHAMPION VAN RIPER P, MI US","46.5193","-87.9859","487.4","1970-06","39","0","28",",0,20,","91",",0,30,","9938","0","60.7",",0","77.1",",,,0","44.4",",,,0"
"USC00207812","STAMBAUGH 2 SSE, MI US","46.0555","-88.6275","442.0","1970-01","0","0","-31",",0,21,","37",",0,31,","5501","0","5.9",",0","18.9",",,,0","-7.2",",,,0"
"USC00207812","STAMBAUGH 2 SSE, MI US","46.0555","-88.6275","442.0","1970-02","0","0","-35",",0,14,","43",",0,24,+","6994","0","11.7",",0","26.7",",,,0","-3.4",",,,0"
"USC00207812","STAMBAUGH 2 SSE, MI US","46.0555","-88.6275","442.0","1970-03","0","0","-12",",0,09,","56",",0,21,","8356","0","21.0",",0","36.0",",,,0","6.1",",,,0"
"USC00207812","STAMBAUGH 2 SSE, MI US","46.0555","-88.6275","442.0","1970-04","9","0","9",",0,11,","85",",0,30,+","9081","0","41.2",",0","54.2",",,,0","28.2",",,,0"
"USC00207812","STAMBAUGH 2 SSE, MI US","46.0555","-88.6275","442.0","1970-05","23","0","19",",0,06,","85",",0,19,","9492","0","52.2",",0","64.7",",,,0","39.6",",,,0"
"USC00207812","STAMBAUGH 2 SSE, MI US","46.0555","-88.6275","442.0","1970-06","84","0","31",",0,25,+","92",",0,30,+","9630","0","62.5",",0","77.3",",,,0","47.7",",,,0"
"USC00200343","ATLANTA 5 WNW, MI US","45.02833","-84.23306","359.7","1970-01","0","0","-23",",0,21,","37",",0,29,","4547","0","13.7",",0","26.7",",,,0","0.8",",,,0"
"USC00200343","ATLANTA 5 WNW, MI US","45.02833","-84.23306","359.7","1970-02",,,"-23",",0,14,",,,,,,,,,"3.7",",,,0"
"USC00200343","ATLANTA 5 WNW, MI US","45.02833","-84.23306","359.7","1970-03",,,"-15",",0,29,","53",",0,22,",,,"24.0",",0","37.0",",,,0","10.9",",,,0"
"USC00200343","ATLANTA 5 WNW, MI US","45.02833","-84.23306","359.7","1970-04",,,"12",",0,05,+","86","2,0,30,",,,"42.4","2,0","55.0","2,,,0","29.8",",,,0"
"USC00200343","ATLANTA 5 WNW, MI US","45.02833","-84.23306","359.7","1970-05",,,"25",",0,03,","88",",0,22,",,,"54.7",",0","67.6",",,,0","41.8",",,,0"
"USC00200343","ATLANTA 5 WNW, MI US","45.02833","-84.23306","359.7","1970-06",,,"31",",0,19,","88",",0,30,+",,,"62.0",",0","76.8",",,,0","47.3",",,,0"
"USC00201675","COLDWATER ST SCHOOL, MI US","41.9622","-84.9925","299.9","1970-01","0","0","-11",",0,22,+","50",",0,28,","4254","0","16.4",",0","25.8",",,,0","7.0",",,,0"
"USC00201675","COLDWATER ST SCHOOL, MI US","41.9622","-84.9925","299.9","1970-02","0","0","-7",",0,14,","52",",0,24,","5411","0","23.7",",0","33.6",",,,0","13.7",",,,0"
"USC00201675","COLDWATER ST SCHOOL, MI US","41.9622","-84.9925","299.9","1970-03","0","0","8",",0,15,","54",",0,21,","6472","0","30.8",",0","39.7",",,,0","21.8",",,,0"
"USC00201675","COLDWATER ST SCHOOL, MI US","41.9622","-84.9925","299.9","1970-04","12","0","25",",0,05,+","80",",0,30,+","7002","0","47.7",",0","57.7",",,,0","37.7",",,,0"
"USC00201675","COLDWATER ST SCHOOL, MI US","41.9622","-84.9925","299.9","1970-05","61","0","26",",0,05,","85",",0,22,+","7216","0","59.7",",0","71.0",",,,0","48.4",",,,0"
"USC00201675","COLDWATER ST SCHOOL, MI US","41.9622","-84.9925","299.9","1970-06","192","0","41",",0,20,","93",",0,30,","7299","0","66.6",",0","78.4",",,,0","54.7",",,,0"
"USC00206184","ONAWAY 4 N, MI US","45.4108","-84.2233","227.1","1970-01","0","0","-18",",0,21,","40",",0,31,","4549","0","13.7",",0","23.0",",,,0","4.5",",,,0"
"USC00206184","ONAWAY 4 N, MI US","45.4108","-84.2233","227.1","1970-02","0","0","-16",",0,04,","47",",0,01,","5908","0","16.5",",0","28.1",",,,0","4.8",",,,0"
"USC00206184","ONAWAY 4 N, MI US","45.4108","-84.2233","227.1","1970-03","0","0","-10",",0,29,","52",",0,19,","7155","0","24.7",",0","36.0",",,,0","13.5",",,,0"
"USC00206184","ONAWAY 4 N, MI US","45.4108","-84.2233","227.1","1970-04","14","0","11",",0,01,","88",",0,29,","7817","0","43.4",",0","55.4",",,,0","31.4",",,,0"
"USC00206184","ONAWAY 4 N, MI US","45.4108","-84.2233","227.1","1970-05","31","0","30",",0,06,+","86",",0,21,","8163","0","54.4",",0","66.4",",,,0","42.3",",,,0"
"USC00206184","ONAWAY 4 N, MI US","45.4108","-84.2233","227.1","1970-06","112","0","36",",0,20,","92",",0,17,","8271","0","64.1",",0","79.6",",,,0","48.7",",,,0"
"USW00094847","DETROIT METRO AIRPORT, MI US","42.23113","-83.33121","191.9","1970-01","0","0","-10",",0,22,","49",",0,28,","4032","0","16.6",",0","25.6",",,,0","7.5",",,,0"
"USW00094847","DETROIT METRO AIRPORT, MI US","42.23113","-83.33121","191.9","1970-02","0","0","-6",",0,14,","51",",0,24,","5169","0","24.4",",0","33.0",",,,0","15.8",",,,0"
"USW00094847","DETROIT METRO AIRPORT, MI US","42.23113","-83.33121","191.9","1970-03","0","0","12",",0,08,","56",",0,21,","6167","0","32.8",",0","40.7",",,,0","24.9",",,,0"
"USW00094847","DETROIT METRO AIRPORT, MI US","42.23113","-83.33121","191.9","1970-04","16","0","24",",0,05,","85",",0,30,","6653","0","49.3",",0","59.2",",,,0","39.4",",,,0"
"USW00094847","DETROIT METRO AIRPORT, MI US","42.23113","-83.33121","191.9","1970-05","63","0","33",",0,07,","85",",0,22,+","6827","0","60.9",",0","71.7",",,,0","50.1",",,,0"
"USW00094847","DETROIT METRO AIRPORT, MI US","42.23113","-83.33121","191.9","1970-06","217","0","43",",0,20,","94",",0,30,","6880","0","68.4",",0","79.2",",,,0","57.5",",,,0"
"USC00207277","BEAVER ISLAND, MI US","45.6911","-85.5463","204.8","1970-01","0","0","-8",",0,21,","35",",0,28,+","4246","0","19.0",",0","24.9",",,,0","13.1",",,,0"
"USC00207277","BEAVER ISLAND, MI US","45.6911","-85.5463","204.8","1970-02","0","0","-10",",0,03,","41",",0,01,","5562","0","18.0",",0","26.4",",,,0","9.6",",,,0"
"USC00207277","BEAVER ISLAND, MI US","45.6911","-85.5463","204.8","1970-03","0","0","2",",0,29,","45",",0,21,","6799","0","25.1",",0","33.5",",,,0","16.7",",,,0"
"USC00207277","BEAVER ISLAND, MI US","45.6911","-85.5463","204.8","1970-04","0","0","18","1,0,01,","67","1,0,30,","7546","0","39.2","1,0","47.6","1,,,0","30.9","1,,,0"
"USC00207277","BEAVER ISLAND, MI US","45.6911","-85.5463","204.8","1970-05",,,,,,,,,,,,,,
"USC00207277","BEAVER ISLAND, MI US","45.6911","-85.5463","204.8","1970-06",,,"34",",0,20,","82",",0,17,",,,"60.3",",0","71.1",",,,0","49.6",",,,0"
"USW00094849","ALPENA CO REGIONAL AIRPORT, MI US","45.0716","-83.56451","208.3","1970-01","0","0","-18",",0,19,","44",",0,31,","4844","0","13.5",",0","23.6",",,,0","3.5",",,,0"
"USW00094849","ALPENA CO REGIONAL AIRPORT, MI US","45.0716","-83.56451","208.3","1970-02","0","0","-23",",0,04,","49",",0,01,","6201","0","16.5",",0","28.6",",,,0","4.4",",,,0"
"USW00094849","ALPENA CO REGIONAL AIRPORT, MI US","45.0716","-83.56451","208.3","1970-03","0","0","-8",",0,29,","49",",0,21,","7464","0","24.3",",0","34.6",",,,0","13.9",",,,0"
"USW00094849","ALPENA CO REGIONAL AIRPORT, MI US","45.0716","-83.56451","208.3","1970-04","2","0","13",",0,01,","79",",0,30,+","8158","0","41.9",",0","53.5",",,,0","30.3",",,,0"
"USW00094849","ALPENA CO REGIONAL AIRPORT, MI US","45.0716","-83.56451","208.3","1970-05","12","0","25",",0,06,","90",",0,21,","8583","0","51.6",",0","62.3",",,,0","41.0",",,,0"
"USW00094849","ALPENA CO REGIONAL AIRPORT, MI US","45.0716","-83.56451","208.3","1970-06","68","0","36",",0,20,","91",",0,29,+","8750","0","61.3",",0","74.9",",,,0","47.6",",,,0"
"USC00202381","EAST JORDAN, MI US","45.15179","-85.1324","178.9","1970-01","0","0","-28",",0,21,","40",",0,31,","4479","0","16.7",",0","24.4",",,,0","9.0",",,,0"
"USC00202381","EAST JORDAN, MI US","45.15179","-85.1324","178.9","1970-02","0","0","-18",",0,16,","45","1,0,01,","5725","0","18.6","1,0","30.2","1,,,0","7.0",",,,0"
"USC00202381","EAST JORDAN, MI US","45.15179","-85.1324","178.9","1970-03","0","0","-7",",0,29,","49",",0,19,","6986","0","24.3",",0","35.5",",,,0","13.2",",,,0"
"USC00202381","EAST JORDAN, MI US","45.15179","-85.1324","178.9","1970-04","10","0","16",",0,11,","88",",0,29,","7616","0","44.3",",0","56.4",",,,0","32.3",",,,0"
"USC00202381","EAST JORDAN, MI US","45.15179","-85.1324","178.9","1970-05","32","0","19",",0,06,","86",",0,21,","7920","0","55.9",",0","67.7",",,,0","44.1",",,,0"
"USC00202381","EAST JORDAN, MI US","45.15179","-85.1324","178.9","1970-06","96","0","31","1,0,20,","91",",0,30,","8034","0","63.4","1,0","78.4",",,,0","48.5","1,,,0"
"USC00205892","NILES, MI US","41.8405","-86.2658","198.1","1970-01",,,,,,,,,,,,,,
"USC00205892","NILES, MI US","41.8405","-86.2658","198.1","1970-02",,,,,,,,,,,,,,
"USC00205892","NILES, MI US","41.8405","-86.2658","198.1","1970-03",,,,,,,,,,,,,,
"USC00205892","NILES, MI US","41.8405","-86.2658","198.1","1970-04",,,,,,,,,,,,,,
"USC00205892","NILES, MI US","41.8405","-86.2658","198.1","1970-05",,,,,,,,,,,,,,
"USC00205892","NILES, MI US","41.8405","-86.2658","198.1","1970-06",,,,,,,,,,,,,,
"USC00205097","MAPLE CITY 1 E, MI US","44.855","-85.8352","243.5","1970-01","0","0","-4",",0,15,","38",",0,29,+","4317","0","17.8",",0","23.9",",,,0","11.7",",,,0"
"USC00205097","MAPLE CITY 1 E, MI US","44.855","-85.8352","243.5","1970-02","0","0","-10",",0,16,","44",",0,01,","5569","0","20.3",",0","29.2",",,,0","11.4",",,,0"
"USC00205097","MAPLE CITY 1 E, MI US","44.855","-85.8352","243.5","1970-03","0","0","0",",0,29,","49",",0,21,","6789","0","25.6",",0","35.0",",,,0","16.2",",,,0"
"USC00205097","MAPLE CITY 1 E, MI US","44.855","-85.8352","243.5","1970-04","18","0","13",",0,11,","89",",0,29,","7415","0","44.7",",0","55.2",",,,0","34.2",",,,0"
"USC00205097","MAPLE CITY 1 E, MI US","44.855","-85.8352","243.5","1970-05","48","0","22",",0,06,","85",",0,21,","7746","0","55.3",",0","66.7",",,,0","43.9",",,,0"
"USC00205097","MAPLE CITY 1 E, MI US","44.855","-85.8352","243.5","1970-06","146","0","34",",0,20,","91",",0,30,","7856","0","64.6",",0","78.0",",,,0","51.2",",,,0"
"USC00202140","DIMONDALE 1 WSW, MI US","42.6444","-84.6503","266.7","1970-02",,,,,,,,,,,,,,
"USC00202140","DIMONDALE 1 WSW, MI US","42.6444","-84.6503","266.7","1970-03",,,,,,,,,,,,,,
"USC00202140","DIMONDALE 1 WSW, MI US","42.6444","-84.6503","266.7","1970-04",,,,,,,,,,,,,,
"USC00202140","DIMONDALE 1 WSW, MI US","42.6444","-84.6503","266.7","1970-05",,,,,,,,,,,,,,
"USC00203627","HARRISVILLE, MI US","44.65","-83.3","198.1","1970-01","0","0","-22",",0,24,","41",",0,31,","4554","0","13.6",",0","25.2",",,,0","2.0",",,,0"
"USC00203627","HARRISVILLE, MI US","44.65","-83.3","198.1","1970-02","0","0","-28",",0,04,","45",",0,01,","5853","0","18.6",",0","30.5",",,,0","6.7",",,,0"
"USC00203627","HARRISVILLE, MI US","44.65","-83.3","198.1","1970-03","0","0","-2",",0,29,","47",",0,21,","7066","0","25.9",",0","36.6",",,,0","15.2",",,,0"
"USC00203627","HARRISVILLE, MI US","44.65","-83.3","198.1","1970-04","0","0","12",",0,05,","81",",0,29,","7765","0","41.7",",0","55.0",",,,0","28.4",",,,0"
"USC00203627","HARRISVILLE, MI US","44.65","-83.3","198.1","1970-05","11","0","24",",0,06,","81","2,0,29,","8131","0","53.0","2,0","65.7","2,,,0","40.3",",,,0"
"USC00203627","HARRISVILLE, MI US","44.65","-83.3","198.1","1970-06","56","0","32",",0,25,","91",",0,17,","8288","0","61.2",",0","75.8",",,,0","46.7",",,,0"
"USW00014808","OSCODA WURTSMITH AIRPORT, MI US","44.45","-83.4","192.9","1970-01","0","X","-11",",X,24,+","40",",X,31,",,,"15.3",",X","23.3",",,,X","7.2",",,,X"
"USW00014808","OSCODA WURTSMITH AIRPORT, MI US","44.45","-83.4","192.9","1970-02","0","X","-16",",X,04,","44",",X,22,+",,,"19.4",",X","28.4",",,,X","10.4",",,,X"
"USW00014808","OSCODA WURTSMITH AIRPORT, MI US","44.45","-83.4","192.9","1970-03","0","X","4",",X,08,","47",",X,24,",,,"26.6",",X","34.8",",,,X","18.4",",,,X"
"USW00014808","OSCODA WURTSMITH AIRPORT, MI US","44.45","-83.4","192.9","1970-04","5","X","18",",X,05,","80",",X,30,",,,"43.7",",X","52.9",",,,X","34.5",",,,X"
"USW00014808","OSCODA WURTSMITH AIRPORT, MI US","44.45","-83.4","192.9","1970-05","18","X","28","2,X,03,","90","2,X,21,",,,"52.6","4,X","62.6","2,,,X","42.5","2,,,X"
"USW00014808","OSCODA WURTSMITH AIRPORT, MI US","44.45","-83.4","192.9","1970-06","85","X","37","2,X,04,","90","2,X,29,+",,,"62.8","4,X","74.8","2,,,X","50.8","2,,,X"
"USC00205803","NEWAYGO HARDY DAM, MI US","43.48333","-85.63333","232.0","1970-01","0","0","-16",",0,21,","46",",0,28,","4476","0","15.2",",0","25.3",",,,0","5.1",",,,0"
"USC00205803","NEWAYGO HARDY DAM, MI US","43.48333","-85.63333","232.0","1970-02","0","0","-16",",0,04,","45",",0,22,+","5741","0","19.8",",0","32.4",",,,0","7.2",",,,0"
"USC00205803","NEWAYGO HARDY DAM, MI US","43.48333","-85.63333","232.0","1970-03","0","0","-1",",0,29,","53",",0,21,","6938","0","26.4",",0","37.9",",,,0","14.8",",,,0"
"USC00205803","NEWAYGO HARDY DAM, MI US","43.48333","-85.63333","232.0","1970-04","9","0","16",",0,05,","86",",0,29,","7583","0","43.8",",0","55.3",",,,0","32.3",",,,0"
"USC00205803","NEWAYGO HARDY DAM, MI US","43.48333","-85.63333","232.0","1970-05","33","0","24",",0,06,","85",",0,21,","7872","0","56.4",",0","68.7",",,,0","44.2",",,,0"
"USC00205803","NEWAYGO HARDY DAM, MI US","43.48333","-85.63333","232.0","1970-06","91","0","36",",0,20,","95",",0,30,","7973","0","63.6",",0","77.8",",,,0","49.4",",,,0"
"USC00203504","GULL LAKE BIOLOGICAL STATION, MI US","42.3941","-85.385","281.9","1970-01","0","0","-12",",0,22,","44",",0,28,","3948","0","17.2",",0","25.7",",,,0","8.6",",,,0"
"USC00203504","GULL LAKE BIOLOGICAL STATION, MI US","42.3941","-85.385","281.9","1970-02","0","0","-9",",0,13,","45",",0,24,+","5097","0","24.0",",0","33.1",",,,0","14.9",",,,0"
"USC00203504","GULL LAKE BIOLOGICAL STATION, MI US","42.3941","-85.385","281.9","1970-03","0","0","5",",0,15,","55",",0,21,","6163","0","30.6",",0","40.7",",,,0","20.5",",,,0"
"USC00203504","GULL LAKE BIOLOGICAL STATION, MI US","42.3941","-85.385","281.9","1970-04","13","0","20",",0,05,","83",",0,29,","6706","0","47.4",",0","58.0",",,,0","36.7",",,,0"
"USC00203504","GULL LAKE BIOLOGICAL STATION, MI US","42.3941","-85.385","281.9","1970-05","66","0","27",",0,06,","83",",0,29,+","6869","0","61.4",",0","72.6",",,,0","50.2",",,,0"
"USC00203504","GULL LAKE BIOLOGICAL STATION, MI US","42.3941","-85.385","281.9","1970-06","213","0","43",",0,04,","93",",0,30,","6909","0","68.5",",0","79.6",",,,0","57.5",",,,0"
"USW00014804","MOUNT CLEMENS ANG BASE, MI US","42.6083","-82.8183","176.8","1970-01","0","0","-11",",0,24,","41",",0,31,","3971","0","16.6",",0","25.4",",,,0","7.8",",,,0"
"USW00014804","MOUNT CLEMENS ANG BASE, MI US","42.6083","-82.8183","176.8","1970-02","0","0","-6",",0,04,","51",",0,24,","5122","0","23.9",",0","32.6",",,,0","15.1",",,,0"
"USW00014804","MOUNT CLEMENS ANG BASE, MI US","42.6083","-82.8183","176.8","1970-03","0","0","10",",0,16,","49",",0,21,","6177","0","31.0",",0","38.6",",,,0","23.4",",,,0"
"USW00014804","MOUNT CLEMENS ANG BASE, MI US","42.6083","-82.8183","176.8","1970-04","5","0","21",",X,11,","79",",X,30,","6751","0","46.0",",X","55.7",",,,X","36.4",",,,X"
"USW00014804","MOUNT CLEMENS ANG BASE, MI US","42.6083","-82.8183","176.8","1970-05","34","0","29",",X,07,","84",",X,19,","7002","0","57.8",",X","67.6",",,,X","48.1",",,,X"
"USW00014804","MOUNT CLEMENS ANG BASE, MI US","42.6083","-82.8183","176.8","1970-06","142","0","40",",X,04,","89",",X,30,","7090","0","65.7",",X","76.2",",,,X","55.2",",,,X"
"USC00203585","HARBOR BEACH 1 SSE, MI US","43.8322","-82.6427","181.4","1970-01","0","0","-10",",0,20,","44",",0,29,","4217","0","16.1",",0","23.4",",,,0","8.8",",,,0"
"USC00203585","HARBOR BEACH 1 SSE, MI US","43.8322","-82.6427","181.4","1970-02","0","0","-9",",0,04,","43",",0,01,","5435","0","21.5",",0","29.5",",,,0","13.5",",,,0"
"USC00203585","HARBOR BEACH 1 SSE, MI US","43.8322","-82.6427","181.4","1970-03","0","0","8",",0,08,","42",",0,24,+","6601","0","27.4",",0","33.8",",,,0","21.0",",,,0"
"USC00203585","HARBOR BEACH 1 SSE, MI US","43.8322","-82.6427","181.4","1970-04","4","0","20",",0,03,","80",",0,30,","7240","0","43.8",",0","52.9",",,,0","34.8",",,,0"
"USC00203585","HARBOR BEACH 1 SSE, MI US","43.8322","-82.6427","181.4","1970-05","20","0","28",",0,07,","85",",0,21,","7582","0","54.5",",0","65.1",",,,0","43.9",",,,0"
"USC00203585","HARBOR BEACH 1 SSE, MI US","43.8322","-82.6427","181.4","1970-06","87","0","37",",0,20,","88",",0,17,","7724","0","62.5",",0","72.6",",,,0","52.4",",,,0"
"USC00205488","MILLINGTON 3 SE, MI US","43.2836","-83.4791","249.9","1970-01",,,,,,,,,,,,,,
"USC00205488","MILLINGTON 3 SE, MI US","43.2836","-83.4791","249.9","1970-02",,,,,,,,,,,,,,
"USC00205488","MILLINGTON 3 SE, MI US","43.2836","-83.4791","249.9","1970-03",,,,,,,,,,,,,,
"USC00205488","MILLINGTON 3 SE, MI US","43.2836","-83.4791","249.9","1970-04",,,,,,,,,,,,,,
"USC00205488","MILLINGTON 3 SE, MI US","43.2836","-83.4791","249.9","1970-05",,,,,,,,,,,,,,
"USC00205488","MILLINGTON 3 SE, MI US","43.2836","-83.4791","249.9","1970-06",,,,,,,,,,,,,,
"USC00200230","ANN ARBOR U OF MICH, MI US","42.29806","-83.66388","247.8","1970-01","0","0","-7",",0,22,+","49",",0,29,","3691","0","20.2",",0","28.1",",,,0","12.2",",,,0"
"USC00200230","ANN ARBOR U OF MICH, MI US","42.29806","-83.66388","247.8","1970-02","0","0","-3",",0,04,","51",",0,24,+","4779","0","26.1",",0","35.3",",,,0","17.0",",,,0"
"USC00200230","ANN ARBOR U OF MICH, MI US","42.29806","-83.66388","247.8","1970-03","0","0","10",",0,15,","54",",0,21,","5748","0","33.7",",0","42.3",",,,0","25.2",",,,0"
"USC00200230","ANN ARBOR U OF MICH, MI US","42.29806","-83.66388","247.8","1970-04","19","0","27",",0,05,+","83",",0,30,","6202","0","50.5",",0","60.6",",,,0","40.4",",,,0"
"USC00200230","ANN ARBOR U OF MICH, MI US","42.29806","-83.66388","247.8","1970-05","93","0","31",",0,06,","85",",0,23,+","6339","0","63.0",",0","74.4",",,,0","51.5",",,,0"
"USC00200230","ANN ARBOR U OF MICH, MI US","42.29806","-83.66388","247.8","1970-06","263","0","48",",0,04,","92",",0,30,","6368","0","69.7",",0","79.4",",,,0","60.0",",,,0"
"USC00202015","DEARBORN, MI US","42.31917","-83.23839","184.4","1970-01","0","0","-8",",0,22,","48",",0,29,","3697","0","19.5",",0","27.9",",,,0","11.2",",,,0"
"USC00202015","DEARBORN, MI US","42.31917","-83.23839","184.4","1970-02","0","0","-2",",0,14,","53",",0,25,+","4749","0","27.4",",0","37.1",",,,0","17.8",",,,0"
"USC00202015","DEARBORN, MI US","42.31917","-83.23839","184.4","1970-03","0","0","12",",0,08,","53",",0,22,","5720","0","33.7",",0","42.2",",,,0","25.1",",,,0"
"USC00202015","DEARBORN, MI US","42.31917","-83.23839","184.4","1970-04","10","0","25",",0,05,","83",",0,30,","6175","0","50.2",",0","60.9",",,,0","39.4",",,,0"
"USC00202015","DEARBORN, MI US","42.31917","-83.23839","184.4","1970-05","100","0","33",",0,07,","88",",0,22,+","6302","0","63.8",",0","75.8",",,,0","51.7",",,,0"
"USC00202015","DEARBORN, MI US","42.31917","-83.23839","184.4","1970-06","297","0","45",",0,20,+","94",",0,30,","6323","0","70.9",",0","82.7",",,,0","59.1",",,,0"
"USC00204954","LUDINGTON, MI US","43.9066","-86.3942","210.3","1970-01","0","0","-2","1,0,24,","42","1,0,29,",,,"17.4","1,0","25.6","1,,,0","9.2","1,,,0"
"USC00204954","LUDINGTON, MI US","43.9066","-86.3942","210.3","1970-02",,,,,"42","4,0,01,",,,,,"29.2","4,,,0",,
"USC00204954","LUDINGTON, MI US","43.9066","-86.3942","210.3","1970-03",,,,,,,,,,,,,,
"USC00204954","LUDINGTON, MI US","43.9066","-86.3942","210.3","1970-04",,,,,,,,,,,,,,
"USC00204954","LUDINGTON, MI US","43.9066","-86.3942","210.3","1970-05",,,"24",",0,06,","82",",0,22,",,,"54.8",",0","65.6",",,,0","44.1",",,,0"
"USC00204954","LUDINGTON, MI US","43.9066","-86.3942","210.3","1970-06",,,,,,,,,,,,,,
"USC00203744","HERMAN, MI US","46.6653","-88.3772","523.3","1970-01","0","0","-24",",0,22,","36",",0,31,","5644","0","8.0",",0","17.5",",,,0","-1.4",",,,0"
"USC00203744","HERMAN, MI US","46.6653","-88.3772","523.3","1970-02","0","0","-26",",0,14,","46",",0,23,","7167","0","10.6",",0","24.5",",,,0","-3.3",",,,0"
"USC00203744","HERMAN, MI US","46.6653","-88.3772","523.3","1970-03","0","0","-20",",0,09,","52",",0,21,","8609","0","18.5",",0","34.0",",,,0","3.0",",,,0"
"USC00203744","HERMAN, MI US","46.6653","-88.3772","523.3","1970-04","4","0","1",",0,11,","82",",0,29,","9415","0","38.3",",0","51.1",",,,0","25.5",",,,0"
"USC00203744","HERMAN, MI US","46.6653","-88.3772","523.3","1970-05","10","0","15",",0,06,","84",",0,18,","9963","0","47.5",",0","59.1",",,,0","36.0",",,,0"
"USC00203744","HERMAN, MI US","46.6653","-88.3772","523.3","1970-06","63","0","28","1,0,20,+","88","1,0,30,+","10141","0","60.7","1,0","75.3","1,,,0","46.0","1,,,0"
"USC00207820","STANDISH 4 NE, MI US","44.0126","-83.8977","187.5","1970-01","0","0","-18","1,0,24,","43","1,0,29,+",,,"14.9","1,0","24.8","1,,,0","5.0","1,,,0"
"USC00207820","STANDISH 4 NE, MI US","44.0126","-83.8977","187.5","1970-02","0","0","-17",",0,14,+","45",",0,01,",,,"20.0",",0","30.1",",,,0","10.0",",,,0"
"USC00207820","STANDISH 4 NE, MI US","44.0126","-83.8977","187.5","1970-03","0","0","7",",0,29,+","50",",0,21,",,,"28.3",",0","36.7",",,,0","19.9",",,,0"
"USC00207820","STANDISH 4 NE, MI US","44.0126","-83.8977","187.5","1970-04","6","0","19",",0,05,","81",",0,29,",,,"45.1",",0","56.0",",,,0","34.2",",,,0"
"USC00207820","STANDISH 4 NE, MI US","44.0126","-83.8977","187.5","1970-05","34","0","26","1,0,07,","87",",0,21,",,,"56.7","1,0","68.1",",,,0","45.4","1,,,0"
"USC00207820","STANDISH 4 NE, MI US","44.0126","-83.8977","187.5","1970-06","125","0","39",",0,20,","89",",0,17,",,,"65.1",",0","77.2",",,,0","53.0",",,,0"
"USC00208772","WELLSTON TIPPY DAM, MI US","44.2586","-85.9394","198.1","1970-01",,,,,,,,,,,,,,
"USC00208772","WELLSTON TIPPY DAM, MI US","44.2586","-85.9394","198.1","1970-02",,,,,,,,,,,,,,
"USC00208772","WELLSTON TIPPY DAM, MI US","44.2586","-85.9394","198.1","1970-03",,,,,,,,,,,,,,
"USC00208772","WELLSTON TIPPY DAM, MI US","44.2586","-85.9394","198.1","1970-04",,,,,,,,,,,,,,
"USC00208772","WELLSTON TIPPY DAM, MI US","44.2586","-85.9394","198.1","1970-05",,,,,,,,,,,,,,
"USC00208772","WELLSTON TIPPY DAM, MI US","44.2586","-85.9394","198.1","1970-06",,,,,,,,,,,,,,
"USC00200094","ALBION, MI US","42.24941","-84.7732","285.0","1970-01",,,,,,,,,,,,,,
"USC00200094","ALBION, MI US","42.24941","-84.7732","285.0","1970-02",,,,,,,,,,,,,,
"USC00200094","ALBION, MI US","42.24941","-84.7732","285.0","1970-03",,,,,,,,,,,,,,
"USC00200094","ALBION, MI US","42.24941","-84.7732","285.0","1970-04",,,,,,,,,,,,,,
"USC00200094","ALBION, MI US","42.24941","-84.7732","285.0","1970-05",,,,,,,,,,,,,,
"USC00200094","ALBION, MI US","42.24941","-84.7732","285.0","1970-06",,,,,,,,,,,,,,
"USC00209188","YALE 1 NNW, MI US","43.1447","-82.8011","249.9","1970-01",,,,,,,,,,,,,,
"USC00209188","YALE 1 NNW, MI US","43.1447","-82.8011","249.9","1970-02",,,,,,,,,,,,,,
"USC00209188","YALE 1 NNW, MI US","43.1447","-82.8011","249.9","1970-03",,,,,,,,,,,,,,
"USC00209188","YALE 1 NNW, MI US","43.1447","-82.8011","249.9","1970-04",,,,,,,,,,,,,,
"USC00209188","YALE 1 NNW, MI US","43.1447","-82.8011","249.9","1970-05",,,,,,,,,,,,,,
"USC00209188","YALE 1 NNW, MI US","43.1447","-82.8011","249.9","1970-06",,,,,,,,,,,,,,
"USW00014822","DETROIT CITY AIRPORT, MI US","42.40725","-83.00899","189.8","1970-01","0","0","-5",",0,08,","47",",0,28,","3862","0","18.3",",0","24.7",",,,0","11.9",",,,0"
"USW00014822","DETROIT CITY AIRPORT, MI US","42.40725","-83.00899","189.8","1970-02","0","0","-1",",0,03,","53",",0,24,","4988","0","24.8",",0","32.1",",,,0","17.4",",,,0"
"USW00014822","DETROIT CITY AIRPORT, MI US","42.40725","-83.00899","189.8","1970-03","0","0","12",",0,08,","50",",0,21,","6016","0","31.9",",0","38.6",",,,0","25.1",",,,0"
"USW00014822","DETROIT CITY AIRPORT, MI US","42.40725","-83.00899","189.8","1970-04","16","0","26",",0,11,+","82",",0,30,","6516","0","48.9",",0","57.4",",,,0","40.3",",,,0"
"USW00014822","DETROIT CITY AIRPORT, MI US","42.40725","-83.00899","189.8","1970-05","85","0","35",",0,06,","88",",0,19,","6703","0","61.2",",0","70.8",",,,0","51.5",",,,0"
"USW00014822","DETROIT CITY AIRPORT, MI US","42.40725","-83.00899","189.8","1970-06","267","0","42",",0,04,","94",",0,30,","6743","0","69.7",",0","79.5",",,,0","60.0",",,,0"
"USW00094850","MARQUETTE WEATHER FORECAST OFFICE, MI US","46.5313","-87.5491","431.3","1970-01","0","0","-23",",0,19,","36",",0,31,","5378","0","8.7",",0","17.7",",,,0","-0.3",",,,0"
"USW00094850","MARQUETTE WEATHER FORECAST OFFICE, MI US","46.5313","-87.5491","431.3","1970-02","0","0","-28",",0,14,","45",",0,23,","6884","0","11.2",",0","23.4",",,,0","-1.0",",,,0"
"USW00094850","MARQUETTE WEATHER FORECAST OFFICE, MI US","46.5313","-87.5491","431.3","1970-03","0","0","-11",",0,29,","48",",0,22,","8278","0","20.0",",0","31.6",",,,0","8.5",",,,0"
"USW00094850","MARQUETTE WEATHER FORECAST OFFICE, MI US","46.5313","-87.5491","431.3","1970-04","0","0","10",",0,11,+","76",",0,28,","9085","0","38.1",",0","48.3",",,,0","27.9",",,,0"
"USW00094850","MARQUETTE WEATHER FORECAST OFFICE, MI US","46.5313","-87.5491","431.3","1970-05","3","0","22",",0,06,","85",",0,18,","9664","0","46.4",",0","55.2",",,,0","37.6",",,,0"
"USW00094850","MARQUETTE WEATHER FORECAST OFFICE, MI US","46.5313","-87.5491","431.3","1970-06","57","0","32",",0,20,","92",",0,29,","9828","0","61.3",",0","74.4",",,,0","48.3",",,,0"
"USC00207280","SAINT JOHNS, MI US","43.0128","-84.5547","226.5","1970-01","0","0","-8",",0,21,","42",",0,29,+","4170","0","18.2",",0","26.2",",,,0","10.3",",,,0"
"USC00207280","SAINT JOHNS, MI US","43.0128","-84.5547","226.5","1970-02","0","0","-5",",0,04,","48",",0,02,+","5304","0","24.5",",0","33.5",",,,0","15.5",",,,0"
"USC00207280","SAINT JOHNS, MI US","43.0128","-84.5547","226.5","1970-03","0","0","7",",0,16,","52",",0,21,+","6382","0","30.2",",0","39.7",",,,0","20.8",",,,0"
"USC00207280","SAINT JOHNS, MI US","43.0128","-84.5547","226.5","1970-04","19","0","20",",0,05,","84",",0,29,","6905","0","48.2",",0","59.0",",,,0","37.4",",,,0"
"USC00207280","SAINT JOHNS, MI US","43.0128","-84.5547","226.5","1970-05","90","0","27",",0,06,","85",",0,23,+","7070","0","61.9",",0","73.6",",,,0","50.3",",,,0"
"USC00207280","SAINT JOHNS, MI US","43.0128","-84.5547","226.5","1970-06","236","0","41",",0,04,","94",",0,30,","7117","0","68.3",",0","79.8",",,,0","56.8",",,,0"
"USC00205816","NEWBERRY LUCE CO ROAD COMMISSION, MI US","46.35155","-85.51629","241.4","1970-01","0","0","-12",",0,21,","33",",0,31,+","4986","0","13.2",",0","20.5",",,,0","6.0",",,,0"
"USC00205816","NEWBERRY LUCE CO ROAD COMMISSION, MI US","46.35155","-85.51629","241.4","1970-02","0","0","-15",",0,04,","40",",0,23,","6406","0","14.3",",0","24.5",",,,0","4.2",",,,0"
"USC00205816","NEWBERRY LUCE CO ROAD COMMISSION, MI US","46.35155","-85.51629","241.4","1970-03","0","0","-4",",0,29,","50",",0,22,+","7698","0","23.3",",0","33.4",",,,0","13.3",",,,0"
"USC00205816","NEWBERRY LUCE CO ROAD COMMISSION, MI US","46.35155","-85.51629","241.4","1970-04","1","0","10",",0,11,","80",",0,29,","8458","0","39.7",",0","50.4",",,,0","28.9",",,,0"
"USC00205816","NEWBERRY LUCE CO ROAD COMMISSION, MI US","46.35155","-85.51629","241.4","1970-05","1","0","23",",0,06,","76",",0,30,+","9005","0","47.4",",0","57.2",",,,0","37.5",",,,0"
"USC00205816","NEWBERRY LUCE CO ROAD COMMISSION, MI US","46.35155","-85.51629","241.4","1970-06","29","0","33",",0,25,","91",",0,29,","9174","0","60.3",",0","74.4",",,,0","46.2",",,,0"
"USC00200128","ALLEGAN 5 NE, MI US","42.5799","-85.7893","228.6","1970-01","0","0","-10",",0,22,","50",",0,29,","4034","0","19.6",",0","28.9",",,,0","10.3",",,,0"
"USC00200128","ALLEGAN 5 NE, MI US","42.5799","-85.7893","228.6","1970-02","0","0","-9",",0,15,","48",",0,19,+","5194","0","23.6",",0","35.5",",,,0","11.6",",,,0"
"USC00200128","ALLEGAN 5 NE, MI US","42.5799","-85.7893","228.6","1970-03","0","0","5","2,0,16,","55",",0,22,","6182","0","31.1","2,0","40.7",",,,0","21.5","2,,,0"
"USC00200128","ALLEGAN 5 NE, MI US","42.5799","-85.7893","228.6","1970-04","15","0","16","1,0,01,","84",",0,30,","6722","0","47.1","1,0","58.8",",,,0","35.4","1,,,0"
"USC00200128","ALLEGAN 5 NE, MI US","42.5799","-85.7893","228.6","1970-05","89","0","28",",0,03,","94",",0,22,","6901","0","61.6",",0","73.5",",,,0","49.7",",,,0"
"USC00200128","ALLEGAN 5 NE, MI US","42.5799","-85.7893","228.6","1970-06","244","0","43",",0,20,","98",",0,13,","6956","0","68.3",",0","80.1",",,,0","56.6",",,,0"
"USC00204328","KENTON, MI US","46.4863","-88.8916","355.7","1970-01","0","0","-27",",0,22,+","35",",0,27,",,,"8.2",",0","18.0",",,,0","-1.7",",,,0"
"USC00204328","KENTON, MI US","46.4863","-88.8916","355.7","1970-02","0","0","-33",",0,14,","47",",0,24,+",,,"12.0",",0","26.7",",,,0","-2.8",",,,0"
"USC00204328","KENTON, MI US","46.4863","-88.8916","355.7","1970-03","0","0","-14",",0,09,","55",",0,21,",,,"20.7",",0","36.9",",,,0","4.4",",,,0"
"USC00204328","KENTON, MI US","46.4863","-88.8916","355.7","1970-04","4","0","10",",0,11,+","90",",0,29,",,,"41.0",",0","54.2",",,,0","27.7",",,,0"
"USC00204328","KENTON, MI US","46.4863","-88.8916","355.7","1970-05","15","0","18",",0,06,","82",",0,30,+",,,"50.9",",0","63.0",",,,0","38.9",",,,0"
"USC00204328","KENTON, MI US","46.4863","-88.8916","355.7","1970-06","79","0","32",",0,03,","96",",0,30,",,,"63.0",",0","78.8",",,,0","47.3",",,,0"
"USW00014817","CADILLAC, MI US","44.2655","-85.3966","394.7","1970-01","0","0","-17",",0,24,+","39",",0,29,","4896","0","13.4",",0","21.3",",,,0","5.4",",,,0"
"USW00014817","CADILLAC, MI US","44.2655","-85.3966","394.7","1970-02","0","0","-18",",0,14,","43",",0,02,","6251","0","16.6",",0","27.5",",,,0","5.7",",,,0"
"USW00014817","CADILLAC, MI US","44.2655","-85.3966","394.7","1970-03","0","0","-12",",0,29,","51",",0,22,","7569","0","22.5",",0","33.9",",,,0","11.1",",,,0"
"USW00014817","CADILLAC, MI US","44.2655","-85.3966","394.7","1970-04","8","0","11",",0,05,","84",",0,30,","8263","0","42.1",",0","52.1",",,,0","32.2",",,,0"
"USW00014817","CADILLAC, MI US","44.2655","-85.3966","394.7","1970-05","25","0","22",",0,06,","84",",0,22,","8613","0","54.3",",0","64.5",",,,0","44.0",",,,0"
"USW00014817","CADILLAC, MI US","44.2655","-85.3966","394.7","1970-06","94","0","32",",0,25,+","86",",0,18,","8754","0","62.6",",0","74.9",",,,0","50.3",",,,0"
"USC00204967","LUPTON 1 S, MI US","44.4199","-84.0232","276.8","1970-01","0","0","-20",",0,24,","43",",0,31,","4659","0","12.3",",0","23.6",",,,0","0.9",",,,0"
"USC00204967","LUPTON 1 S, MI US","44.4199","-84.0232","276.8","1970-02","0","0","-30",",0,04,","45",",0,22,+","5995","0","17.3",",0","30.6",",,,0","3.9",",,,0"
"USC00204967","LUPTON 1 S, MI US","44.4199","-84.0232","276.8","1970-03","0","0","-4",",0,10,+","50",",0,21,","7198","0","26.2",",0","38.3",",,,0","14.1",",,,0"
"USC00204967","LUPTON 1 S, MI US","44.4199","-84.0232","276.8","1970-04","6","0","13",",0,05,","84",",0,29,","7850","0","43.5",",0","57.4",",,,0","29.6",",,,0"
"USC00204967","LUPTON 1 S, MI US","44.4199","-84.0232","276.8","1970-05","31","0","21","1,0,06,","88","1,0,21,","8135","0","56.3","1,0","70.2","1,,,0","42.4","1,,,0"
"USC00204967","LUPTON 1 S, MI US","44.4199","-84.0232","276.8","1970-06","86","0","30","2,0,20,","90","2,0,09,","8230","0","63.2","4,0","79.0","2,,,0","47.4","2,,,0"
"USC00200647","BEECHWOOD 7 WNW, MI US","46.18333","-88.88333","506.0","1970-01","0","0","-28",",0,19,","38",",0,31,","5468","0","7.5",",0","18.0",",,,0","-3.0",",,,0"
"USC00200647","BEECHWOOD 7 WNW, MI US","46.18333","-88.88333","506.0","1970-02","0","0","-24",",0,14,+","44",",0,23,","6924","0","13.0",",0","26.3",",,,0","-0.3",",,,0"
"USC00200647","BEECHWOOD 7 WNW, MI US","46.18333","-88.88333","506.0","1970-03","0","0","-11",",0,09,","53",",0,22,+","8242","0","22.5",",0","35.7",",,,0","9.2",",,,0"
"USC00200647","BEECHWOOD 7 WNW, MI US","46.18333","-88.88333","506.0","1970-04","6","0","10",",0,11,+","86",",0,29,","8964","0","41.2",",0","53.0",",,,0","29.4",",,,0"
"USC00200647","BEECHWOOD 7 WNW, MI US","46.18333","-88.88333","506.0","1970-05","11","0","19",",0,06,","83",",0,18,","9396","0","51.2",",0","62.0",",,,0","40.4",",,,0"
"USC00200647","BEECHWOOD 7 WNW, MI US","46.18333","-88.88333","506.0","1970-06","65","0","35",",0,19,","90",",0,30,+","9521","0","62.7",",0","75.6",",,,0","49.6",",,,0"
"USW00014814","ALPENA WASTEWATER PLANT, MI US","45.0605","-83.428","179.8","1970-01","0","0","-7",",0,21,","42",",0,31,","4494","0","15.9",",0","23.8",",,,0","8.1",",,,0"
"USW00014814","ALPENA WASTEWATER PLANT, MI US","45.0605","-83.428","179.8","1970-02","0","0","-12",",0,04,","44",",0,07,","5795","0","18.5",",0","28.2",",,,0","8.9",",,,0"
"USW00014814","ALPENA WASTEWATER PLANT, MI US","45.0605","-83.428","179.8","1970-03","0","0","3",",0,29,+","47",",0,24,","7003","0","26.0",",0","34.1",",,,0","18.0",",,,0"
"USW00014814","ALPENA WASTEWATER PLANT, MI US","45.0605","-83.428","179.8","1970-04","0","0","21",",0,11,+","78",",0,26,","7701","0","41.7",",0","49.9",",,,0","33.5",",,,0"
"USW00014814","ALPENA WASTEWATER PLANT, MI US","45.0605","-83.428","179.8","1970-05","5","0","29",",0,06,","89",",0,21,","8121","0","51.6",",0","60.5",",,,0","42.6",",,,0"
"USW00014814","ALPENA WASTEWATER PLANT, MI US","45.0605","-83.428","179.8","1970-06","60","0","40",",0,20,","92",",0,29,","8269","0","61.9",",0","71.7",",,,0","52.1",",,,0"
"USC00200925","BOYNE FALLS, MI US","45.1672","-84.9138","221.9","1970-01","0","0","-25",",0,21,","39",",0,31,","4564","0","15.5",",0","24.2",",,,0","6.8",",,,0"
"USC00200925","BOYNE FALLS, MI US","45.1672","-84.9138","221.9","1970-02","0","0","-15",",0,13,","46",",0,01,","5886","0","17.8",",0","29.2",",,,0","6.3",",,,0"
"USC00200925","BOYNE FALLS, MI US","45.1672","-84.9138","221.9","1970-03","0","0","-10",",0,29,","53",",0,19,","7128","0","24.9",",0","37.5",",,,0","12.4",",,,0"
"USC00200925","BOYNE FALLS, MI US","45.1672","-84.9138","221.9","1970-04","13","0","12",",0,01,","88",",0,29,","7751","0","44.7",",0","57.0",",,,0","32.3",",,,0"
"USC00200925","BOYNE FALLS, MI US","45.1672","-84.9138","221.9","1970-05","41","0","21",",0,06,","88",",0,21,","8057","0","56.0",",0","69.0",",,,0","43.2",",,,0"
"USC00200925","BOYNE FALLS, MI US","45.1672","-84.9138","221.9","1970-06","145","0","29",",0,20,","96",",0,30,","8174","0","64.5",",0","80.2",",,,0","48.9",",,,0"
"USC00205531","MIO HYDRO PLANT, MI US","44.6613","-84.1316","292.6","1970-01","0","0","-22",",0,21,","38",",0,31,+","4600","0","13.4",",0","23.9",",,,0","2.9",",,,0"
"USC00205531","MIO HYDRO PLANT, MI US","44.6613","-84.1316","292.6","1970-02","0","0","-26","1,0,04,","46","1,0,02,","5832","0","17.7","2,0","30.1","1,,,0","5.3","1,,,0"
"USC00205531","MIO HYDRO PLANT, MI US","44.6613","-84.1316","292.6","1970-03","0","0","-7",",0,29,","52",",0,22,","7038","0","26.1",",0","38.3",",,,0","13.8",",,,0"
"USC00205531","MIO HYDRO PLANT, MI US","44.6613","-84.1316","292.6","1970-04","7","0","12",",0,01,","83",",0,30,","7701","0","43.1",",0","55.8",",,,0","30.5",",,,0"
"USC00205531","MIO HYDRO PLANT, MI US","44.6613","-84.1316","292.6","1970-05","31","0","23",",0,03,","84",",0,22,","8017","0","55.5",",0","68.1",",,,0","43.0",",,,0"
"USC00205531","MIO HYDRO PLANT, MI US","44.6613","-84.1316","292.6","1970-06","121","0","35",",0,20,","91",",0,30,","8126","0","64.4",",0","78.9",",,,0","49.9",",,,0"
"USC00204320","KENT CITY 2 SW, MI US","43.2036","-85.7776","247.8","1970-01",,,,,,,,,,,,,,
"USC00204320","KENT CITY 2 SW, MI US","43.2036","-85.7776","247.8","1970-02",,,,,,,,,,,,,,
"USC00204320","KENT CITY 2 SW, MI US","43.2036","-85.7776","247.8","1970-03",,,,,,,,,,,,,,
"USC00204320","KENT CITY 2 SW, MI US","43.2036","-85.7776","247.8","1970-04",,,,,,,,,,,,,,
"USC00204320","KENT CITY 2 SW, MI US","43.2036","-85.7776","247.8","1970-05",,,,,,,,,,,,,,
"USC00204320","KENT CITY 2 SW, MI US","43.2036","-85.7776","247.8","1970-06",,,,,,,,,,,,,,
"USC00200089","ALBERTA FORD FOR CENTER, MI US","46.6448","-88.4812","399.3","1970-01","0","0","-23",",0,18,","37",",0,31,","5297","0","8.9",",0","17.9",",,,0","-0.1",",,,0"
"USC00200089","ALBERTA FORD FOR CENTER, MI US","46.6448","-88.4812","399.3","1970-02","0","0","-27",",0,16,","46",",0,23,","6771","0","12.4",",0","25.8",",,,0","-1.1",",,,0"
"USC00200089","ALBERTA FORD FOR CENTER, MI US","46.6448","-88.4812","399.3","1970-03","0","0","-12",",0,09,+","52",",0,22,","8130","0","21.1",",0","34.5",",,,0","7.8",",,,0"
"USC00200089","ALBERTA FORD FOR CENTER, MI US","46.6448","-88.4812","399.3","1970-04","2","0","10",",0,11,+","83",",0,30,+","8905","0","39.3",",0","51.7",",,,0","26.9",",,,0"
"USC00200089","ALBERTA FORD FOR CENTER, MI US","46.6448","-88.4812","399.3","1970-05","9","0","19",",0,06,","85",",0,18,","9431","0","48.3",",0","59.3",",,,0","37.3",",,,0"
"USC00200089","ALBERTA FORD FOR CENTER, MI US","46.6448","-88.4812","399.3","1970-06","75","0","34",",0,03,","90",",0,29,","9576","0","62.4",",0","76.2",",,,0","48.5",",,,0"
"USC00200485","BARAGA, MI US","46.78333","-88.48333","195.1","1970-01","0","0","-19",",0,21,","36",",0,28,","5291","0","9.0",",0","19.3",",,,0","-1.2",",,,0"
"USC00200485","BARAGA, MI US","46.78333","-88.48333","195.1","1970-02","0","0","-25","1,0,14,+","47",",0,24,","6777","0","10.0","1,0","23.2",",,,0","-3.2","1,,,0"
"USC00200485","BARAGA, MI US","46.78333","-88.48333","195.1","1970-03","0","0","-12",",0,01,","54",",0,22,","8161","0","20.3",",0","35.2",",,,0","5.4",",,,0"
"USC00200485","BARAGA, MI US","46.78333","-88.48333","195.1","1970-04","0","0","10",",0,02,","87",",0,29,","8987","0","37.5",",0","49.7",",,,0","25.3",",,,0"
"USC00200485","BARAGA, MI US","46.78333","-88.48333","195.1","1970-05","3","0","18","1,0,07,+","85","1,0,19,","9560","0","46.0","1,0","57.1","1,,,0","34.9","1,,,0"
"USC00200485","BARAGA, MI US","46.78333","-88.48333","195.1","1970-06","31","0","32",",0,20,","91",",0,09,","9781","0","58.5",",0","74.0",",,,0","43.1",",,,0"
"USC00202784","FIFE LAKE 4 SW, MI US","44.55","-85.41667","328.9","1970-01","0","0","-20",",0,22,","34","1,0,29,","4982","0","12.0","1,0","20.5","1,,,0","3.5",",,,0"
"USC00202784","FIFE LAKE 4 SW, MI US","44.55","-85.41667","328.9","1970-02","0","0","-13",",0,15,","40",",0,07,+","6372","0","15.3",",0","26.0",",,,0","4.7",",,,0"
"USC00202784","FIFE LAKE 4 SW, MI US","44.55","-85.41667","328.9","1970-03","0","0","-10",",0,10,+","48",",0,22,+","7732","0","21.1",",0","32.6",",,,0","9.6",",,,0"
"USC00202784","FIFE LAKE 4 SW, MI US","44.55","-85.41667","328.9","1970-04","4","0","14",",0,03,","82",",0,30,","8485","0","40.0",",0","50.0",",,,0","30.0",",,,0"
"USC00202784","FIFE LAKE 4 SW, MI US","44.55","-85.41667","328.9","1970-05","10","0","19",",0,06,","86",",0,22,","8889","0","52.2",",0","63.7",",,,0","40.6",",,,0"
"USC00202784","FIFE LAKE 4 SW, MI US","44.55","-85.41667","328.9","1970-06","63","0","32",",0,25,","86",",0,30,+","9070","0","60.7",",0","73.4",",,,0","48.1",",,,0"
"USC00201299","CARO WWTP, MI US","43.4838","-83.3919","210.3","1970-01","0","0","-16",",0,22,","48",",0,29,","4230","0","15.6",",0","25.1",",,,0","6.1",",,,0"
"USC00201299","CARO WWTP, MI US","43.4838","-83.3919","210.3","1970-02","0","0","-11",",0,14,+","49",",0,01,","5398","0","23.3",",0","33.1",",,,0","13.5",",,,0"
"USC00201299","CARO WWTP, MI US","43.4838","-83.3919","210.3","1970-03","0","0","8",",0,16,+","49",",0,19,","6501","0","29.4",",0","39.1",",,,0","19.7",",,,0"
"USC00201299","CARO WWTP, MI US","43.4838","-83.3919","210.3","1970-04","12","0","16",",0,03,","87",",0,29,","7056","0","46.9",",0","58.9",",,,0","34.9",",,,0"
"USC00201299","CARO WWTP, MI US","43.4838","-83.3919","210.3","1970-05","77","0","28",",0,06,","86",",0,21,","7267","0","60.3",",0","72.2",",,,0","48.4",",,,0"
"USC00201299","CARO WWTP, MI US","43.4838","-83.3919","210.3","1970-06","191","0","34",",0,04,","90",",0,08,","7350","0","66.0",",0","79.3",",,,0","52.8",",,,0"
"USC00203632","HART 3 WSW, MI US","43.6751","-86.4228","236.2","1970-01","0","0","-4",",0,24,","41",",0,28,","4015","0","19.6",",0","25.9",",,,0","13.3",",,,0"
"USC00203632","HART 3 WSW, MI US","43.6751","-86.4228","236.2","1970-02","0","0","-5",",0,28,","42",",0,22,+","5186","0","23.2",",0","31.3",",,,0","15.1",",,,0"
"USC00203632","HART 3 WSW, MI US","43.6751","-86.4228","236.2","1970-03","0","0","8",",0,11,+","49",",0,21,+","6292","0","29.3",",0","38.2",",,,0","20.5",",,,0"
"USC00203632","HART 3 WSW, MI US","43.6751","-86.4228","236.2","1970-04","11","0","24",",0,07,+","84",",0,29,","6847","0","46.8",",0","56.8",",,,0","36.9",",,,0"
"USC00203632","HART 3 WSW, MI US","43.6751","-86.4228","236.2","1970-05","52","0","27",",0,06,","85",",0,30,+","7096","0","58.3",",0","68.3",",,,0","48.3",",,,0"
"USC00203632","HART 3 WSW, MI US","43.6751","-86.4228","236.2","1970-06","176","0","41",",0,25,","93",",0,30,","7145","0","67.5",",0","78.1",",,,0","56.8",",,,0"
"USC00208800","WEST BRANCH 3 SE, MI US","44.2541","-84.2011","269.7","1970-01","0","0","-13",",0,21,","41",",0,31,","4648","0","12.9",",0","21.3",",,,0","4.5",",,,0"
"USC00208800","WEST BRANCH 3 SE, MI US","44.2541","-84.2011","269.7","1970-02","0","0","-21",",0,04,","43",",0,01,","5960","0","18.1",",0","30.1",",,,0","6.2",",,,0"
"USC00208800","WEST BRANCH 3 SE, MI US","44.2541","-84.2011","269.7","1970-03","0","0","0","1,0,10,","48",",0,21,","7121","0","26.2","1,0","35.5",",,,0","16.9","1,,,0"
"USC00208800","WEST BRANCH 3 SE, MI US","44.2541","-84.2011","269.7","1970-04","11","0","15",",0,01,","82",",0,29,","7767","0","43.8",",0","55.2",",,,0","32.5",",,,0"
"USC00208800","WEST BRANCH 3 SE, MI US","44.2541","-84.2011","269.7","1970-05","24","0","25",",0,06,+","85",",0,21,","8075","0","55.5",",0","67.4",",,,0","43.6",",,,0"
"USC00208800","WEST BRANCH 3 SE, MI US","44.2541","-84.2011","269.7","1970-06","98","0","36",",0,19,","88",",0,17,","8168","0","64.3",",0","77.1",",,,0","51.6",",,,0"
"USC00202423","EAST TAWAS, MI US","44.2838","-83.5036","178.6","1970-01",,,,,,,,,,,,,,
"USC00202423","EAST TAWAS, MI US","44.2838","-83.5036","178.6","1970-02",,,"-16",",0,04,","46",",0,22,",,,"20.8",",0","31.4",",,,0","10.2",",,,0"
"USC00202423","EAST TAWAS, MI US","44.2838","-83.5036","178.6","1970-03",,,"4",",0,08,","50",",0,24,",,,"28.7",",0","38.8",",,,0","18.6",",,,0"
"USC00202423","EAST TAWAS, MI US","44.2838","-83.5036","178.6","1970-04",,,"17",",0,05,","77",",0,29,",,,"43.6",",0","54.1",",,,0","33.0",",,,0"
"USC00202423","EAST TAWAS, MI US","44.2838","-83.5036","178.6","1970-05",,,"23",",0,06,","88",",0,21,",,,"54.9",",0","66.5",",,,0","43.2",",,,0"
"USC00202423","EAST TAWAS, MI US","44.2838","-83.5036","178.6","1970-06",,,"38",",0,19,","87",",0,30,+",,,"63.3",",0","75.3",",,,0","51.2",",,,0"
"USC00207690","SOUTH HAVEN, MI US","42.4014","-86.2826","179.8","1970-01","0","0","-8",",0,22,","52",",0,28,","3687","0","22.7",",0","29.6",",,,0","15.7",",,,0"
"USC00207690","SOUTH HAVEN, MI US","42.4014","-86.2826","179.8","1970-02","0","0","-5",",0,04,","48",",0,01,","4769","0","26.3",",0","33.6",",,,0","19.1",",,,0"
"USC00207690","SOUTH HAVEN, MI US","42.4014","-86.2826","179.8","1970-03","0","0","12",",0,29,","52",",0,04,","5803","0","31.7",",0","39.0",",,,0","24.3",",,,0"
"USC00207690","SOUTH HAVEN, MI US","42.4014","-86.2826","179.8","1970-04","18","0","25",",0,07,","84",",0,29,","6337","0","47.8",",0","56.2",",,,0","39.5",",,,0"
"USC00207690","SOUTH HAVEN, MI US","42.4014","-86.2826","179.8","1970-05","63","0","29",",0,06,","85",",0,29,","6539","0","59.9",",0","69.5",",,,0","50.4",",,,0"
"USC00207690","SOUTH HAVEN, MI US","42.4014","-86.2826","179.8","1970-06","191","0","45",",0,25,+","87",",0,12,","6612","0","66.8",",0","75.8",",,,0","57.8",",,,0"
"USC00203096","GAYLORD, MI US","45.0332","-84.7113","401.7","1970-01","0","0","-21",",0,21,","37",",0,31,","4734","0","14.0",",0","21.3",",,,0","6.7",",,,0"
"USC00203096","GAYLORD, MI US","45.0332","-84.7113","401.7","1970-02","0","0","-13",",0,14,+","44",",0,01,","6087","0","16.7",",0","27.0",",,,0","6.3",",,,0"
"USC00203096","GAYLORD, MI US","45.0332","-84.7113","401.7","1970-03","0","0","-10",",0,29,","49",",0,19,","7335","0","24.7",",0","35.0",",,,0","14.4",",,,0"
"USC00203096","GAYLORD, MI US","45.0332","-84.7113","401.7","1970-04","13","0","10",",0,11,","86",",0,29,","7994","0","43.5",",0","54.0",",,,0","33.0",",,,0"
"USC00203096","GAYLORD, MI US","45.0332","-84.7113","401.7","1970-05","27","0","24",",0,06,","86",",0,21,","8323","0","54.8",",0","67.1",",,,0","42.6",",,,0"
"USC00203096","GAYLORD, MI US","45.0332","-84.7113","401.7","1970-06","116","0","31",",0,20,","93",",0,30,","8437","0","64.2",",0","77.2",",,,0","51.1",",,,0"
"USW00094860","GRAND RAPIDS GERALD R FORD INTERNATIONAL AIRPORT, MI US","42.8821","-85.52297","240.3","1970-01","0","X","-12",",X,21,","46",",X,28,","4364","X","17.0",",X","24.2",",,,X","9.8",",,,X"
"USW00094860","GRAND RAPIDS GERALD R FORD INTERNATIONAL AIRPORT, MI US","42.8821","-85.52297","240.3","1970-02","0","X","-7",",X,04,","44",",X,01,","5558","X","22.4",",X","31.0",",,,X","13.7",",,,X"
"USW00094860","GRAND RAPIDS GERALD R FORD INTERNATIONAL AIRPORT, MI US","42.8821","-85.52297","240.3","1970-03","0","X","6",",X,29,","54",",X,21,","6683","X","28.7",",X","37.4",",,,X","20.0",",,,X"
"USW00094860","GRAND RAPIDS GERALD R FORD INTERNATIONAL AIRPORT, MI US","42.8821","-85.52297","240.3","1970-04","18","X","23",",X,05,","88",",X,29,","7247","X","46.8",",X","56.7",",,,X","36.9",",,,X"
"USW00094860","GRAND RAPIDS GERALD R FORD INTERNATIONAL AIRPORT, MI US","42.8821","-85.52297","240.3","1970-05","64","X","27",",X,06,","86",",X,21,","7468","X","59.3",",X","69.9",",,,X","48.8",",,,X"
"USW00094860","GRAND RAPIDS GERALD R FORD INTERNATIONAL AIRPORT, MI US","42.8821","-85.52297","240.3","1970-06","182","X","40",",X,04,","90",",X,30,+","7533","X","66.7",",X","77.9",",,,X","55.6",",,,X"
"USW00014833","JACKSON REYNOLDS FIELD, MI US","42.26373","-84.45644","295.9","1970-01","0","0","-13",",0,24,+","46",",0,28,","4263","0","14.1",",0","22.5",",,,0","5.7",",,,0"
"USW00014833","JACKSON REYNOLDS FIELD, MI US","42.26373","-84.45644","295.9","1970-02","0","0","-7",",0,14,+","51",",0,24,","5415","0","23.9",",0","33.0",",,,0","14.7",",,,0"
"USW00014833","JACKSON REYNOLDS FIELD, MI US","42.26373","-84.45644","295.9","1970-03","0","0","9",",0,15,","55",",0,21,","6444","0","31.8",",0","40.1",",,,0","23.4",",,,0"
"USW00014833","JACKSON REYNOLDS FIELD, MI US","42.26373","-84.45644","295.9","1970-04","25","0","26",",0,11,","83",",0,30,","6918","0","50.1",",0","59.2",",,,0","40.9",",,,0"
"USW00014833","JACKSON REYNOLDS FIELD, MI US","42.26373","-84.45644","295.9","1970-05","114","0","30",",0,06,","88",",0,22,+","7087","0","62.4",",0","72.6",",,,0","52.2",",,,0"
"USW00014833","JACKSON REYNOLDS FIELD, MI US","42.26373","-84.45644","295.9","1970-06","289","0","42",",0,04,","95",",0,30,","7139","0","69.1",",0","80.3",",,,0","57.9",",,,0"
"USC00203769","HESPERIA 4 WNW, MI US","43.5908","-86.1056","237.7","1970-01","0","0","-12",",0,24,","40",",0,31,+","4270","0","17.2",",0","25.7",",,,0","8.7",",,,0"
"USC00203769","HESPERIA 4 WNW, MI US","43.5908","-86.1056","237.7","1970-02","0","0","-14","1,0,28,","45",",0,01,","5438","0","21.9","1,0","32.5",",,,0","11.3","1,,,0"
"USC00203769","HESPERIA 4 WNW, MI US","43.5908","-86.1056","237.7","1970-03","0","0","3",",0,29,","52",",0,21,","6608","0","27.3",",0","39.2",",,,0","15.3",",,,0"
"USC00203769","HESPERIA 4 WNW, MI US","43.5908","-86.1056","237.7","1970-04","17","0","20",",0,04,+","86",",0,29,","7220","0","45.2",",0","56.3",",,,0","34.0",",,,0"
"USC00203769","HESPERIA 4 WNW, MI US","43.5908","-86.1056","237.7","1970-05","47","0","25",",0,06,","85",",0,21,","7484","0","57.4",",0","69.4",",,,0","45.4",",,,0"
"USC00203769","HESPERIA 4 WNW, MI US","43.5908","-86.1056","237.7","1970-06","139","0","35",",0,25,","96",",0,30,","7556","0","65.7",",0","79.7",",,,0","51.7",",,,0"
"USC00202437","EATON RAPIDS, MI US","42.518","-84.6521","265.2","1970-01",,,,,,,,,,,,,,
"USC00202437","EATON RAPIDS, MI US","42.518","-84.6521","265.2","1970-02",,,,,,,,,,,,,,
"USC00202437","EATON RAPIDS, MI US","42.518","-84.6521","265.2","1970-03",,,,,,,,,,,,,,
"USC00202437","EATON RAPIDS, MI US","42.518","-84.6521","265.2","1970-04",,,,,,,,,,,,,,
"USC00202437","EATON RAPIDS, MI US","42.518","-84.6521","265.2","1970-05",,,,,,,,,,,,,,
"USC00202437","EATON RAPIDS, MI US","42.518","-84.6521","265.2","1970-06",,,,,,,,,,,,,,
"USC00201468","CHARLEVOIX, MI US","45.3172","-85.2672","180.7","1970-01",,,,,,,,,,,,,,
"USC00201468","CHARLEVOIX, MI US","45.3172","-85.2672","180.7","1970-02",,,,,,,,,,,,,,
"USC00201468","CHARLEVOIX, MI US","45.3172","-85.2672","180.7","1970-03",,,,,,,,,,,,,,
"USC00201468","CHARLEVOIX, MI US","45.3172","-85.2672","180.7","1970-04",,,,,,,,,,,,,,
"USC00201468","CHARLEVOIX, MI US","45.3172","-85.2672","180.7","1970-05",,,,,,,,,,,,,,
"USC00201468","CHARLEVOIX, MI US","45.3172","-85.2672","180.7","1970-06",,,,,,,,,,,,,,
"USW00014828","GLADWIN, MI US","43.9758","-84.4908","236.2","1970-01","0","0","-16",",0,22,","43",",0,28,","4508","0","14.3",",0","24.8",",,,0","3.7",",,,0"
"USW00014828","GLADWIN, MI US","43.9758","-84.4908","236.2","1970-02","0","0","-20",",0,14,","47",",0,22,","5791","0","19.2",",0","30.3",",,,0","8.0",",,,0"
"USW00014828","GLADWIN, MI US","43.9758","-84.4908","236.2","1970-03","0","0","8",",0,07,","49",",0,23,+","6919","0","28.6",",0","37.1",",,,0","20.2",",,,0"
"USW00014828","GLADWIN, MI US","43.9758","-84.4908","236.2","1970-04","11","0","16",",0,05,","86",",0,29,","7542","0","44.6",",0","56.3",",,,0","32.9",",,,0"
"USW00014828","GLADWIN, MI US","43.9758","-84.4908","236.2","1970-05","28","0","26",",0,06,","88",",0,21,","7850","0","55.6",",0","67.2",",,,0","44.0",",,,0"
"USW00014828","GLADWIN, MI US","43.9758","-84.4908","236.2","1970-06","127","0","40",",0,04,","93",",0,30,","7927","0","65.7",",0","78.9",",,,0","52.6",",,,0"
"USC00200779","BIG RAPIDS WATER TREATMENT PLANT, MI US","43.7072","-85.4819","273.7","1970-01","0","0","-14",",0,22,","44",",0,28,","4479","0","15.2",",0","24.8",",,,0","5.6",",,,0"
"USC00200779","BIG RAPIDS WATER TREATMENT PLANT, MI US","43.7072","-85.4819","273.7","1970-02","0","0","-11",",0,14,","46",",0,01,","5702","0","21.3",",0","32.3",",,,0","10.3",",,,0"
"USC00200779","BIG RAPIDS WATER TREATMENT PLANT, MI US","43.7072","-85.4819","273.7","1970-03","0","0","3",",0,29,","50",",0,21,","6879","0","27.0",",0","36.8",",,,0","17.3",",,,0"
"USC00200779","BIG RAPIDS WATER TREATMENT PLANT, MI US","43.7072","-85.4819","273.7","1970-04","10","0","20",",0,05,+","84",",0,29,","7488","0","45.0",",0","55.8",",,,0","34.2",",,,0"
"USC00200779","BIG RAPIDS WATER TREATMENT PLANT, MI US","43.7072","-85.4819","273.7","1970-05","46","0","26",",0,06,","85",",0,21,+","7770","0","57.1",",0","67.5",",,,0","46.7",",,,0"
"USC00200779","BIG RAPIDS WATER TREATMENT PLANT, MI US","43.7072","-85.4819","273.7","1970-06","142","0","39",",0,25,","98",",0,30,","7855","0","65.4",",0","77.8",",,,0","53.0",",,,0"
"USC00200417","BAD AXE, MI US","43.808","-82.9938","217.9","1970-01","0","0","-9",",0,21,","48",",0,29,","4096","0","16.6",",0","24.5",",,,0","8.6",",,,0"
"USC00200417","BAD AXE, MI US","43.808","-82.9938","217.9","1970-02","0","0","-5",",0,14,+","47",",0,02,+","5275","0","22.9",",0","31.8",",,,0","14.0",",,,0"
"USC00200417","BAD AXE, MI US","43.808","-82.9938","217.9","1970-03","0","0","9",",0,16,+","48",",0,21,","6359","0","30.0",",0","37.3",",,,0","22.7",",,,0"
"USC00200417","BAD AXE, MI US","43.808","-82.9938","217.9","1970-04","14","0","20",",0,03,","84",",0,30,+","6910","0","47.1",",0","56.4",",,,0","37.8",",,,0"
"USC00200417","BAD AXE, MI US","43.808","-82.9938","217.9","1970-05","63","0","31",",0,07,","85",",0,22,+","7141","0","59.1",",0","69.7",",,,0","48.5",",,,0"
"USC00200417","BAD AXE, MI US","43.808","-82.9938","217.9","1970-06","191","0","36",",0,20,","89",",0,17,","7220","0","66.6",",0","78.4",",,,0","54.9",",,,0"
"USW00014826","FLINT FCWOS, MI US","42.96684","-83.74996","234.8","1970-01","0","0","-12",",0,23,","45",",0,28,","4282","0","15.1",",0","23.5",",,,0","6.7",",,,0"
"USW00014826","FLINT FCWOS, MI US","42.96684","-83.74996","234.8","1970-02","0","0","-7",",0,13,","47",",0,24,+","5444","0","23.5",",0","31.9",",,,0","15.1",",,,0"
"USW00014826","FLINT FCWOS, MI US","42.96684","-83.74996","234.8","1970-03","0","0","5",",0,14,","51",",0,19,","6526","0","30.1",",0","37.7",",,,0","22.5",",,,0"
"USW00014826","FLINT FCWOS, MI US","42.96684","-83.74996","234.8","1970-04","16","0","17",",0,03,","81",",0,30,","7078","0","47.1",",0","56.7",",,,0","37.6",",,,0"
"USW00014826","FLINT FCWOS, MI US","42.96684","-83.74996","234.8","1970-05","50","0","31",",0,03,","84",",0,21,","7321","0","58.3",",0","68.2",",,,0","48.4",",,,0"
"USW00014826","FLINT FCWOS, MI US","42.96684","-83.74996","234.8","1970-06","156","0","39",",0,04,","89",",0,30,","7405","0","65.7",",0","76.8",",,,0","54.6",",,,0"
"USC00203529","HALE LOUD DAM, MI US","44.4633","-83.7216","221.9","1970-01","0","0","-20",",0,24,","40",",0,31,","4594","0","12.5",",0","23.4",",,,0","1.6",",,,0"
"USC00203529","HALE LOUD DAM, MI US","44.4633","-83.7216","221.9","1970-02","0","0","-26",",0,04,","44",",0,02,+","5911","0","18.0",",0","30.1",",,,0","5.8",",,,0"
"USC00203529","HALE LOUD DAM, MI US","44.4633","-83.7216","221.9","1970-03","0","0","0",",0,29,+","47",",0,22,+","7117","0","26.1",",0","37.0",",,,0","15.1",",,,0"
"USC00203529","HALE LOUD DAM, MI US","44.4633","-83.7216","221.9","1970-04","6","0","12","1,0,05,","82","1,0,30,+","7763","0","42.9","1,0","54.9","1,,,0","30.9","1,,,0"
"USC00203529","HALE LOUD DAM, MI US","44.4633","-83.7216","221.9","1970-05","29","0","25",",0,03,","87",",0,22,","8078","0","55.6",",0","68.0",",,,0","43.2",",,,0"
"USC00203529","HALE LOUD DAM, MI US","44.4633","-83.7216","221.9","1970-06","100","0","35",",0,20,","87",",0,18,+","8190","0","63.6",",0","77.0",",,,0","50.2",",,,0"
"USC00202671","EVART, MI US","43.91667","-85.26667","312.4","1970-01","0","0","-18",",0,22,","42",",0,29,","4527","0","14.6",",0","24.0",",,,0","5.1",",,,0"
"USC00202671","EVART, MI US","43.91667","-85.26667","312.4","1970-02","0","0","-18",",0,04,","46",",0,01,","5787","0","20.0",",0","30.9",",,,0","9.2",",,,0"
"USC00202671","EVART, MI US","43.91667","-85.26667","312.4","1970-03","0","0","-3",",0,29,","50",",0,21,","6982","0","26.4",",0","37.5",",,,0","15.3",",,,0"
"USC00202671","EVART, MI US","43.91667","-85.26667","312.4","1970-04","9","0","15",",0,05,+","84",",0,29,","7601","0","44.7",",0","56.6",",,,0","32.8",",,,0"
"USC00202671","EVART, MI US","43.91667","-85.26667","312.4","1970-05","27","0","24","1,0,06,","84","2,0,21,","7848","0","57.2","3,0","68.4","2,,,0","46.0","1,,,0"
"USC00202671","EVART, MI US","43.91667","-85.26667","312.4","1970-06","103","0","33",",0,25,","94",",0,30,","7953","0","64.0",",0","77.4",",,,0","50.7",",,,0"
"USC00208417","VANDERBILT 11 ENE, MI US","45.1702","-84.4397","275.8","1970-01",,,,,,,,,,,,,,
"USC00208417","VANDERBILT 11 ENE, MI US","45.1702","-84.4397","275.8","1970-02",,,"-27","5,0,04,","45","5,0,02,",,,"13.2","6,0","27.1","5,,,0","-0.8","5,,,0"
"USC00208417","VANDERBILT 11 ENE, MI US","45.1702","-84.4397","275.8","1970-03",,,,,,,,,,,,,,
"USC00208417","VANDERBILT 11 ENE, MI US","45.1702","-84.4397","275.8","1970-04",,,,,,,,,,,,,,
"USC00208417","VANDERBILT 11 ENE, MI US","45.1702","-84.4397","275.8","1970-05",,,,,,,,,,,,,,
"USC00208417","VANDERBILT 11 ENE, MI US","45.1702","-84.4397","275.8","1970-06",,,,,,,,,,,,,,
"USC00202395","EAST LANSING 4 S, MI US","42.67417","-84.485","268.2","1970-01","0","0","-8",",0,24,+","47",",0,29,","4104","0","17.0",",0","24.8",",,,0","9.1",",,,0"
"USC00202395","EAST LANSING 4 S, MI US","42.67417","-84.485","268.2","1970-02","0","0","-5",",0,13,","48",",0,18,","5243","0","24.3",",0","33.3",",,,0","15.4",",,,0"
"USC00202395","EAST LANSING 4 S, MI US","42.67417","-84.485","268.2","1970-03","0","0","8",",0,15,","51",",0,21,+","6301","0","30.9",",0","39.6",",,,0","22.1",",,,0"
"USC00202395","EAST LANSING 4 S, MI US","42.67417","-84.485","268.2","1970-04","16","0","22","1,0,03,","81","1,0,30,+","6784","0","48.9","1,0","59.7","1,,,0","38.1","1,,,0"
"USC00202395","EAST LANSING 4 S, MI US","42.67417","-84.485","268.2","1970-05","69","0","28",",0,06,","84",",0,21,","6965","0","60.8",",0","72.4",",,,0","49.3",",,,0"
"USC00202395","EAST LANSING 4 S, MI US","42.67417","-84.485","268.2","1970-06","192","0","40",",0,04,","89",",0,17,","7031","0","66.9",",0","78.9",",,,0","54.9",",,,0"
"USC00200770","BIG BAY 1 NW, MI US","46.8325","-87.7504","233.2","1970-01","0","0","-19",",0,22,","39",",0,31,","4699","0","13.5",",0","21.9",",,,0","5.2",",,,0"
"USC00200770","BIG BAY 1 NW, MI US","46.8325","-87.7504","233.2","1970-02","0","0","-21",",0,04,","50",",0,01,","6051","0","16.7",",0","27.7",",,,0","5.8",",,,0"
"USC00200770","BIG BAY 1 NW, MI US","46.8325","-87.7504","233.2","1970-03","0","0","-6",",0,29,","47",",0,22,","7311","0","24.3",",0","33.9",",,,0","14.8",",,,0"
"USC00200770","BIG BAY 1 NW, MI US","46.8325","-87.7504","233.2","1970-04","4","0","15",",0,03,+","84",",0,30,+","8055","0","40.3",",0","50.7",",,,0","29.9",",,,0"
"USC00200770","BIG BAY 1 NW, MI US","46.8325","-87.7504","233.2","1970-05","6","0","24",",0,06,","83",",0,18,","8594","0","47.7",",0","57.0",",,,0","38.3",",,,0"
"USC00200770","BIG BAY 1 NW, MI US","46.8325","-87.7504","233.2","1970-06","68","0","39",",0,19,+","89",",0,08,","8773","0","61.1",",0","73.2",",,,0","49.1",",,,0"
"USC00205662","CENTRAL MICHIGAN UNIVERSITY, MI US","43.5859","-84.7694","242.3","1970-01","0","0","-5",",0,22,+","46",",0,29,","4152","0","17.0",",0","25.4",",,,0","8.6",",,,0"
"USC00205662","CENTRAL MICHIGAN UNIVERSITY, MI US","43.5859","-84.7694","242.3","1970-02","0","0","-9",",0,04,","45",",0,25,+","5344","0","22.4",",0","32.1",",,,0","12.8",",,,0"
"USC00205662","CENTRAL MICHIGAN UNIVERSITY, MI US","43.5859","-84.7694","242.3","1970-03","0","0","8",",0,29,+","52",",0,22,+","6432","0","29.9",",0","39.5",",,,0","20.2",",,,0"
"USC00205662","CENTRAL MICHIGAN UNIVERSITY, MI US","43.5859","-84.7694","242.3","1970-04","13","0","22",",0,05,+","83",",0,29,","6990","0","46.8",",0","57.8",",,,0","35.8",",,,0"
"USC00205662","CENTRAL MICHIGAN UNIVERSITY, MI US","43.5859","-84.7694","242.3","1970-05","53","0","28",",0,06,","86",",0,21,","7207","0","59.3",",0","70.9",",,,0","47.7",",,,0"
"USC00205662","CENTRAL MICHIGAN UNIVERSITY, MI US","43.5859","-84.7694","242.3","1970-06","176","0","41",",0,20,+","95",",0,30,","7268","0","67.1",",0","79.2",",,,0","54.9",",,,0"
"USC00208034","NORTHPORT NUMBER 2, MI US","45.11667","-85.61667","220.1","1970-01",,,,,,,,,,,,,,
"USC00208034","NORTHPORT NUMBER 2, MI US","45.11667","-85.61667","220.1","1970-02",,,,,,,,,,,,,,
"USC00208034","NORTHPORT NUMBER 2, MI US","45.11667","-85.61667","220.1","1970-03",,,,,,,,,,,,,,
"USC00208034","NORTHPORT NUMBER 2, MI US","45.11667","-85.61667","220.1","1970-04",,,,,,,,,,,,,,
"USC00208034","NORTHPORT NUMBER 2, MI US","45.11667","-85.61667","220.1","1970-05",,,,,,,,,,,,,,
"USC00208034","NORTHPORT NUMBER 2, MI US","45.11667","-85.61667","220.1","1970-06",,,,,,,,,,,,,,
"USC00207068","ROCK 1 E, MI US","46.06667","-87.15","286.5","1970-01",,,,,,,,,,,,,,
"USC00207068","ROCK 1 E, MI US","46.06667","-87.15","286.5","1970-02",,,,,,,,,,,,,,
"USC00207068","ROCK 1 E, MI US","46.06667","-87.15","286.5","1970-03",,,,,,,,,,,,,,
"USC00207068","ROCK 1 E, MI US","46.06667","-87.15","286.5","1970-04",,,,,,,,,,,,,,
"USC00207068","ROCK 1 E, MI US","46.06667","-87.15","286.5","1970-05",,,,,,,,,,,,,,
"USC00207068","ROCK 1 E, MI US","46.06667","-87.15","286.5","1970-06",,,,,,,,,,,,,,
"USC00204075","IONIA, MI US","43.0","-85.08333","244.1","1970-02",,,,,,,,,,,,,,
"USC00204075","IONIA, MI US","43.0","-85.08333","244.1","1970-03",,,,,,,,,,,,,,
"USC00204075","IONIA, MI US","43.0","-85.08333","244.1","1970-04",,,,,,,,,,,,,,
"USW00014845","SAGINAW MBS INTERNATIONAL AIRPORT, MI US","43.52808","-84.08133","201.7","1970-01","0","0","-8",",0,22,+","43",",0,28,","4316","0","14.8",",0","22.1",",,,0","7.4",",,,0"
"USW00014845","SAGINAW MBS INTERNATIONAL AIRPORT, MI US","43.52808","-84.08133","201.7","1970-02","0","0","-9",",0,04,","45",",0,24,+","5542","0","21.2",",0","29.4",",,,0","13.0",",,,0"
"USW00014845","SAGINAW MBS INTERNATIONAL AIRPORT, MI US","43.52808","-84.08133","201.7","1970-03","0","0","10",",0,08,","50",",0,21,+","6664","0","28.8",",0","35.6",",,,0","22.0",",,,0"
"USW00014845","SAGINAW MBS INTERNATIONAL AIRPORT, MI US","43.52808","-84.08133","201.7","1970-04","12","0","22",",0,03,","84",",0,29,","7265","0","45.4",",0","54.0",",,,0","36.7",",,,0"
"USW00014845","SAGINAW MBS INTERNATIONAL AIRPORT, MI US","43.52808","-84.08133","201.7","1970-05","44","0","29",",0,06,","85",",0,21,","7521","0","57.8",",0","67.0",",,,0","48.6",",,,0"
"USW00014845","SAGINAW MBS INTERNATIONAL AIRPORT, MI US","43.52808","-84.08133","201.7","1970-06","169","0","45",",0,25,+","90",",0,17,","7580","0","67.2",",0","77.2",",,,0","57.2",",,,0"
"USW00014841","PELLSTON REGIONAL AIRPORT, MI US","45.5644","-84.79291","215.3","1970-01","0","0","-31",",0,21,","34",",0,31,+","4978","0","11.8",",0","22.6",",,,0","0.9",",,,0"
"USW00014841","PELLSTON REGIONAL AIRPORT, MI US","45.5644","-84.79291","215.3","1970-02","0","0","-30",",0,14,","42",",0,17,+","6416","0","13.6",",0","26.9",",,,0","0.4",",,,0"
"USW00014841","PELLSTON REGIONAL AIRPORT, MI US","45.5644","-84.79291","215.3","1970-03","0","0","-14",",0,29,","49",",0,19,","7755","0","21.8",",0","33.8",",,,0","9.8",",,,0"
"USW00014841","PELLSTON REGIONAL AIRPORT, MI US","45.5644","-84.79291","215.3","1970-04","4","0","6",",0,01,","87",",0,29,","8456","0","41.8",",0","53.7",",,,0","29.8",",,,0"
"USW00014841","PELLSTON REGIONAL AIRPORT, MI US","45.5644","-84.79291","215.3","1970-05","12","0","22",",0,06,","86","1,0,29,","8862","0","51.5","1,0","62.8","1,,,0","40.3",",,,0"
"USW00014841","PELLSTON REGIONAL AIRPORT, MI US","45.5644","-84.79291","215.3","1970-06","67","0","30",",0,20,","90",",0,17,","9039","0","60.9",",0","76.5",",,,0","45.4",",,,0"
"USW00014840","MUSKEGON CO AIRPORT, MI US","43.17111","-86.23685","190.3","1970-01","0","0","-5",",0,24,+","45",",0,28,","4108","0","19.2",",0","24.7",",,,0","13.7",",,,0"
"USW00014840","MUSKEGON CO AIRPORT, MI US","43.17111","-86.23685","190.3","1970-02","0","0","-2",",0,04,","43",",0,17,","5287","0","22.9",",0","30.2",",,,0","15.6",",,,0"
"USW00014840","MUSKEGON CO AIRPORT, MI US","43.17111","-86.23685","190.3","1970-03","0","0","8",",0,29,","52",",0,21,","6415","0","28.6",",0","36.6",",,,0","20.6",",,,0"
"USW00014840","MUSKEGON CO AIRPORT, MI US","43.17111","-86.23685","190.3","1970-04","12","0","23",",0,07,","86",",0,29,","6984","0","46.5",",0","55.6",",,,0","37.3",",,,0"
"USW00014840","MUSKEGON CO AIRPORT, MI US","43.17111","-86.23685","190.3","1970-05","59","0","30",",0,06,","88",",0,29,","7237","0","58.4",",0","67.8",",,,0","48.9",",,,0"
"USW00014840","MUSKEGON CO AIRPORT, MI US","43.17111","-86.23685","190.3","1970-06","177","0","43",",0,25,+","88",",0,30,","7296","0","67.0",",0","77.2",",,,0","56.7",",,,0"
"USC00203932","HOUGHTON LAKE 6 WSW, MI US","44.3119","-84.8922","345.9","1970-01","0","0","-16",",0,24,","38",",0,31,+","4705","0","13.3",",0","22.6",",,,0","4.0",",,,0"
"USC00203932","HOUGHTON LAKE 6 WSW, MI US","44.3119","-84.8922","345.9","1970-02","0","0","-28",",0,14,","45","1,0,02,","5948","0","18.7","1,0","30.1","1,,,0","7.2",",,,0"
"USC00203932","HOUGHTON LAKE 6 WSW, MI US","44.3119","-84.8922","345.9","1970-03","0","0","-8","1,0,08,","48",",0,22,","7124","0","25.8","1,0","37.3",",,,0","14.2","1,,,0"
"USC00203932","HOUGHTON LAKE 6 WSW, MI US","44.3119","-84.8922","345.9","1970-04","11","0","13",",0,05,","84",",0,30,+","7794","0","43.0",",0","53.4",",,,0","32.6",",,,0"
"USC00203932","HOUGHTON LAKE 6 WSW, MI US","44.3119","-84.8922","345.9","1970-05","31","0","18",",0,03,","85","1,0,21,","8077","0","55.8","1,0","67.7","1,,,0","43.9",",,,0"
"USC00203932","HOUGHTON LAKE 6 WSW, MI US","44.3119","-84.8922","345.9","1970-06","115","0","30",",0,20,","91",",0,30,","8183","0","64.2",",0","76.8",",,,0","51.7",",,,0"
"USW00014838","MARQUETTE, MI US","46.5458","-87.3795","186.8","1970-01","0","0","-10",",0,19,","40",",0,31,","4657","0","14.8",",0","21.3",",,,0","8.4",",,,0"
"USW00014838","MARQUETTE, MI US","46.5458","-87.3795","186.8","1970-02","0","0","-12",",0,04,+","49",",0,23,","5987","0","17.5",",0","26.5",",,,0","8.5",",,,0"
"USW00014838","MARQUETTE, MI US","46.5458","-87.3795","186.8","1970-03","0","0","5",",0,08,","44",",0,22,","7226","0","25.0",",0","31.9",",,,0","18.2",",,,0"
"USW00014838","MARQUETTE, MI US","46.5458","-87.3795","186.8","1970-04","0","0","22",",0,02,","73",",0,30,","7972","0","40.1",",0","48.3",",,,0","32.0",",,,0"
"USW00014838","MARQUETTE, MI US","46.5458","-87.3795","186.8","1970-05","6","0","30",",0,06,","88",",0,18,","8538","0","46.9",",0","54.7",",,,0","39.2",",,,0"
"USW00014838","MARQUETTE, MI US","46.5458","-87.3795","186.8","1970-06","70","0","39",",0,19,","94",",0,29,","8728","0","60.8",",0","71.6",",,,0","50.0",",,,0"
"USW00014836","LANSING CAPITAL CITY AIRPORT, MI US","42.77609","-84.59972","261.2","1970-01","0","0","-14",",0,18,","46",",0,28,","4196","0","16.4",",0","24.9",",,,0","7.9",",,,0"
"USW00014836","LANSING CAPITAL CITY AIRPORT, MI US","42.77609","-84.59972","261.2","1970-02","0","0","-7",",0,13,","48",",0,24,+","5355","0","23.6",",0","32.5",",,,0","14.7",",,,0"
"USW00014836","LANSING CAPITAL CITY AIRPORT, MI US","42.77609","-84.59972","261.2","1970-03","0","0","6",",0,15,+","52",",0,19,","6470","0","29.0",",0","37.9",",,,0","20.2",",,,0"
"USW00014836","LANSING CAPITAL CITY AIRPORT, MI US","42.77609","-84.59972","261.2","1970-04","15","0","17",",0,03,","81",",0,29,","7042","0","46.5",",0","56.1",",,,0","36.8",",,,0"
"USW00014836","LANSING CAPITAL CITY AIRPORT, MI US","42.77609","-84.59972","261.2","1970-05","55","0","29",",0,06,+","83",",0,21,","7282","0","58.5",",0","69.1",",,,0","48.0",",,,0"
"USW00014836","LANSING CAPITAL CITY AIRPORT, MI US","42.77609","-84.59972","261.2","1970-06","168","0","37",",0,04,","92",",0,30,","7381","0","65.4",",0","77.6",",,,0","53.3",",,,0"
"USC00207217","SAGINAW CON POWER CO, MI US","43.45","-83.96667","182.9","1970-01","0","0","-4",",0,21,","46",",0,29,","3988","0","18.2",",0","25.5",",,,0","10.8",",,,0"
"USC00207217","SAGINAW CON POWER CO, MI US","43.45","-83.96667","182.9","1970-02","0","0","-5",",0,04,","49",",0,01,","5116","0","24.7",",0","33.6",",,,0","15.9",",,,0"
"USC00207217","SAGINAW CON POWER CO, MI US","43.45","-83.96667","182.9","1970-03","0","0","11",",0,14,+","52",",0,21,+","6164","0","31.2",",0","39.6",",,,0","22.8",",,,0"
"USC00207217","SAGINAW CON POWER CO, MI US","43.45","-83.96667","182.9","1970-04","20","0","21",",0,03,","85",",0,29,","6695","0","48.0",",0","58.3",",,,0","37.7",",,,0"
"USC00207217","SAGINAW CON POWER CO, MI US","43.45","-83.96667","182.9","1970-05","81","0","30",",0,06,","86",",0,22,+","6885","0","60.8",",0","72.3",",,,0","49.3",",,,0"
"USC00207217","SAGINAW CON POWER CO, MI US","43.45","-83.96667","182.9","1970-06","236","0","42",",0,04,","91",",0,18,","6928","0","68.8",",0","80.1",",,,0","57.4",",,,0"
"USC00201476","CHARLOTTE, MI US","42.5499","-84.825","274.9","1970-01","0","0","-17",",0,24,","47",",0,29,","4220","0","16.5",",0","26.7",",,,0","6.2",",,,0"
"USC00201476","CHARLOTTE, MI US","42.5499","-84.825","274.9","1970-02","0","0","-13",",0,13,","49",",0,24,+","5394","0","23.1",",0","33.7",",,,0","12.5",",,,0"
"USC00201476","CHARLOTTE, MI US","42.5499","-84.825","274.9","1970-03","0","0","2","1,0,14,","55","1,0,21,","6445","0","30.0","1,0","40.6","1,,,0","19.3","1,,,0"
"USC00201476","CHARLOTTE, MI US","42.5499","-84.825","274.9","1970-04","13","0","15",",0,05,","83",",0,29,","7006","0","46.7",",0","58.6",",,,0","34.9",",,,0"
"USC00201476","CHARLOTTE, MI US","42.5499","-84.825","274.9","1970-05","69","0","21",",0,06,","86",",0,21,","7192","0","60.8",",0","73.5",",,,0","48.1",",,,0"
"USC00201476","CHARLOTTE, MI US","42.5499","-84.825","274.9","1970-06","174","0","37",",0,20,","95",",0,30,","7261","0","66.2",",0","79.6",",,,0","52.8",",,,0"
"USC00204502","LAKE CITY EXPERIMENTAL FARM, MI US","44.3088","-85.205","374.9","1970-01","0","0","-21",",0,21,","38",",0,31,+",,,"14.2",",0","22.7",",,,0","5.7",",,,0"
"USC00204502","LAKE CITY EXPERIMENTAL FARM, MI US","44.3088","-85.205","374.9","1970-02","0","0","-25","1,0,14,","42","1,0,01,",,,"17.7","2,0","29.3","1,,,0","6.1","1,,,0"
"USC00204502","LAKE CITY EXPERIMENTAL FARM, MI US","44.3088","-85.205","374.9","1970-03","0","0","-11","1,0,29,","49","1,0,21,",,,"23.6","1,0","36.1","1,,,0","11.0","1,,,0"
"USC00204502","LAKE CITY EXPERIMENTAL FARM, MI US","44.3088","-85.205","374.9","1970-04","10","0","11",",0,01,","83",",0,29,",,,"42.9",",0","53.6",",,,0","32.2",",,,0"
"USC00204502","LAKE CITY EXPERIMENTAL FARM, MI US","44.3088","-85.205","374.9","1970-05","19","0","23",",0,06,","81",",0,08,",,,"55.4",",0","66.8",",,,0","43.9",",,,0"
"USC00204502","LAKE CITY EXPERIMENTAL FARM, MI US","44.3088","-85.205","374.9","1970-06","87","0","34",",0,20,","92",",0,30,",,,"63.7",",0","77.4",",,,0","50.0",",,,0"
"USC00205558","MONROE, MI US","41.91389","-83.39417","179.8","1970-01","0","0","-10",",0,24,+","48",",0,28,","3950","0","16.9",",0","25.9",",,,0","7.9",",,,0"
"USC00205558","MONROE, MI US","41.91389","-83.39417","179.8","1970-02","0","0","-3",",0,04,","52",",0,24,","5060","0","25.4",",0","33.9",",,,0","16.9",",,,0"
"USC00205558","MONROE, MI US","41.91389","-83.39417","179.8","1970-03","0","0","13",",0,15,+","52",",0,04,","6071","0","32.4",",0","39.3",",,,0","25.5",",,,0"
"USC00205558","MONROE, MI US","41.91389","-83.39417","179.8","1970-04","10","0","26",",0,05,","84",",0,30,","6587","0","48.1",",0","56.8",",,,0","39.5",",,,0"
"USC00205558","MONROE, MI US","41.91389","-83.39417","179.8","1970-05","68","0","34",",0,06,","89",",0,22,","6771","0","60.9",",0","71.0",",,,0","50.8",",,,0"
"USC00205558","MONROE, MI US","41.91389","-83.39417","179.8","1970-06","225","0","45",",0,04,","95",",0,30,","6821","0","68.5",",0","78.5",",,,0","58.6",",,,0"
"USC00205436","MIDLAND NUMBER 2, MI US","43.595","-84.23611","196.6","1970-01","0",,"-4",",0,20,","46",",0,28,","4158",,"17.5",",0","25.1",",,,0","9.8",",,,0"
"USC00205436","MIDLAND NUMBER 2, MI US","43.595","-84.23611","196.6","1970-02","0",,"-5",",0,04,","48",",0,01,","5325",,"23.3",",0","32.1",",,,0","14.4",",,,0"
"USC00205436","MIDLAND NUMBER 2, MI US","43.595","-84.23611","196.6","1970-03","0",,"11",",0,09,","54",",0,21,","6418",,"29.7",",0","37.5",",,,0","22.0",",,,0"
"USC00205436","MIDLAND NUMBER 2, MI US","43.595","-84.23611","196.6","1970-04","13",,"22",",0,11,+","83",",0,29,","6996",,"46.2",",0","55.8",",,,0","36.6",",,,0"
"USC00205436","MIDLAND NUMBER 2, MI US","43.595","-84.23611","196.6","1970-05","63",,"31",",0,06,","88",",0,21,","7256",,"58.2",",0","67.9",",,,0","48.5",",,,0"
"USC00205436","MIDLAND NUMBER 2, MI US","43.595","-84.23611","196.6","1970-06","203",,"46",",0,25,+","93",",0,17,","7309",,"67.9",",0","78.6",",,,0","57.1",",,,0"
"USC00202445","EAU CLAIRE 4 NE, MI US","42.0153","-86.243","256.0","1970-01","0","0","-15",",0,22,","51",",0,28,","3929","0","18.5",",0","26.3",",,,0","10.7",",,,0"
"USC00202445","EAU CLAIRE 4 NE, MI US","42.0153","-86.243","256.0","1970-02","0","0","-8",",0,04,","49",",0,24,","5024","0","25.9",",0","33.3",",,,0","18.5",",,,0"
"USC00202445","EAU CLAIRE 4 NE, MI US","42.0153","-86.243","256.0","1970-03","0","0","10",",0,15,","51",",0,04,","6044","0","32.1",",0","39.5",",,,0","24.7",",,,0"
"USC00202445","EAU CLAIRE 4 NE, MI US","42.0153","-86.243","256.0","1970-04","18","0","26",",0,10,+","81",",0,29,","6529","0","49.5",",0","59.2",",,,0","39.7",",,,0"
"USC00202445","EAU CLAIRE 4 NE, MI US","42.0153","-86.243","256.0","1970-05","101","0","28",",0,06,","87",",0,21,","6699","0","62.2",",0","72.5",",,,0","51.9",",,,0"
"USC00202445","EAU CLAIRE 4 NE, MI US","42.0153","-86.243","256.0","1970-06","268","0","45",",0,04,","93",",0,30,","6749","0","68.9",",0","79.0",",,,0","58.8",",,,0"
