"STATION","NAME","LATITUDE","LONGITUDE","ELEVATION","DATE","CDSD","EMNT","EMXT","HDSD","TAVG","TMAX","TMIN"
"USC00205690","MUNISING, MI US","46.4121","-86.6625","207.3","2015-01","0.0","-23.9","1.1","2885.9","-10.6","-6.2","-14.9"
"USC00205690","MUNISING, MI US","46.4121","-86.6625","207.3","2015-02","0.0","-27.2","-3.3","3805.8","-14.5","-10.5","-18.5"
"USC00205690","MUNISING, MI US","46.4121","-86.6625","207.3","2015-03","0.0","-20.6","10.0","4508.5","-4.3","0.6","-9.3"
"USC00205690","MUNISING, MI US","46.4121","-86.6625","207.3","2015-04","0.0","-9.4","15.6","4990.2","2.3","6.4","-1.9"
"USC00205690","MUNISING, MI US","46.4121","-86.6625","207.3","2015-05","0.8","-2.2","27.2","5241.5","10.3","16.3","4.3"
"USC00205690","MUNISING, MI US","46.4121","-86.6625","207.3","2015-06","1.4","0.6","26.1","5410.6","12.7","17.7","7.8"
"USC00203270","GLADSTONE NUMBER 2, MI US","45.8433","-87.0391","218.5","2015-01",,,,,,,
"USC00203270","GLADSTONE NUMBER 2, MI US","45.8433","-87.0391","218.5","2015-02",,,,,,,
"USC00203270","GLADSTONE NUMBER 2, MI US","45.8433","-87.0391","218.5","2015-03",,,,,,,
"USC00203270","GLADSTONE NUMBER 2, MI US","45.8433","-87.0391","218.5","2015-04",,,,,,,
"USC00203270","GLADSTONE NUMBER 2, MI US","45.8433","-87.0391","218.5","2015-05",,,,,,,
"USC00203270","GLADSTONE NUMBER 2, MI US","45.8433","-87.0391","218.5","2015-06",,,,,,,
"USC00203391","GRAYLING, MI US","44.64536","-84.69921","350.8","2015-01","0.0","-29.4","3.3","2733.3","-10.5","-5.0","-16.1"
"USC00203391","GRAYLING, MI US","44.64536","-84.69921","350.8","2015-02","0.0","-36.1","-0.6","3705.7","-16.4","-8.8","-24.0"
"USC00203391","GRAYLING, MI US","44.64536","-84.69921","350.8","2015-03","0.0","-28.9","14.4","4381.2","-3.5","3.1","-10.0"
"USC00203391","GRAYLING, MI US","44.64536","-84.69921","350.8","2015-04","0.0","-8.9","21.7","4786.0","4.8","11.5","-1.8"
"USC00203391","GRAYLING, MI US","44.64536","-84.69921","350.8","2015-05","16.2","-7.8","29.4","4957.3","13.3","20.5","6.1"
"USC00203391","GRAYLING, MI US","44.64536","-84.69921","350.8","2015-06","19.6","-0.6","27.2","5027.4","16.1","23.3","9.0"
"USC00206662","PORT AUSTIN WWTP, MI US","44.0469","-82.9702","184.4","2015-01","0.0","-25.6","5.0","2233.9","-8.4","-4.3","-12.6"
"USC00206662","PORT AUSTIN WWTP, MI US","44.0469","-82.9702","184.4","2015-02","0.0","-27.8","-0.6","3039.4","-12.6","-8.2","-17.1"
"USC00206662","PORT AUSTIN WWTP, MI US","44.0469","-82.9702","184.4","2015-03","0.0","-18.9","10.6","3583.3","-2.6","1.4","-6.6"
"USC00206662","PORT AUSTIN WWTP, MI US","44.0469","-82.9702","184.4","2015-04","0.0","-5.0","21.7","3937.5","5.7","10.5","0.9"
"USC00206662","PORT AUSTIN WWTP, MI US","44.0469","-82.9702","184.4","2015-05","23.1","0.6","28.9","4078.2","14.1","19.9","8.2"
"USC00206662","PORT AUSTIN WWTP, MI US","44.0469","-82.9702","184.4","2015-06","30.0","3.3","27.8","4164.4","15.5","20.9","10.1"
"USC00205452","MILFORD GM PROVING GROUND, MI US","42.5794","-83.6844","295.7","2015-01","0.0","-25.0","5.6","2125.2","-7.9","-3.2","-12.6"
"USC00205452","MILFORD GM PROVING GROUND, MI US","42.5794","-83.6844","295.7","2015-02",,,"3.3",,,"-6.4",
"USC00205452","MILFORD GM PROVING GROUND, MI US","42.5794","-83.6844","295.7","2015-03",,"-23.3","18.3",,"-0.9","5.3","-7.1"
"USC00205452","MILFORD GM PROVING GROUND, MI US","42.5794","-83.6844","295.7","2015-04",,"-6.1","25.6",,"8.1","14.9","1.3"
"USC00205452","MILFORD GM PROVING GROUND, MI US","42.5794","-83.6844","295.7","2015-05",,"1.1","31.1",,"16.8","23.2","10.4"
"USC00205451","MILAN WWTP, MI US","42.0811","-83.6769","207.3","2015-01","0.0","-20.0","5.6","2183.6","-6.7","-2.7","-10.9"
"USC00205451","MILAN WWTP, MI US","42.0811","-83.6769","207.3","2015-02","0.0","-27.8","5.6","3029.4","-11.9","-5.5","-18.3"
"USC00205451","MILAN WWTP, MI US","42.0811","-83.6769","207.3","2015-03","0.0","-21.7","16.1","3623.2","-0.8","4.8","-6.5"
"USC00205451","MILAN WWTP, MI US","42.0811","-83.6769","207.3","2015-04","0.0","-3.3","24.4","3910.1","8.4","14.9","2.0"
"USC00205451","MILAN WWTP, MI US","42.0811","-83.6769","207.3","2015-05","38.2","2.8","30.6","3990.1","17.0","23.0","10.9"
"USC00205451","MILAN WWTP, MI US","42.0811","-83.6769","207.3","2015-06","85.3","6.7","31.1","4016.2","19.1","23.9","14.3"
"US1MIME0008","LAKEVIEW 2.5 NNE, MI US","43.4821245074272","-85.262514129281","303.6","2015-06",,,,,,,
"US1MIOW0014","HOLLAND 4.4 NW, MI US","42.823464","-86.151194","199.0","2015-01",,,,,,,
"US1MIOW0014","HOLLAND 4.4 NW, MI US","42.823464","-86.151194","199.0","2015-02",,,,,,,
"US1MIOW0014","HOLLAND 4.4 NW, MI US","42.823464","-86.151194","199.0","2015-04",,,,,,,
"US1MIOW0014","HOLLAND 4.4 NW, MI US","42.823464","-86.151194","199.0","2015-05",,,,,,,
"US1MIOW0014","HOLLAND 4.4 NW, MI US","42.823464","-86.151194","199.0","2015-06",,,,,,,
"USC00203025","FREMONT 4 WSW, MI US","43.44527","-86.02646","242.9","2015-01","0.0","-25.0","3.9","2452.3","-7.9","-4.1","-11.8"
"USC00203025","FREMONT 4 WSW, MI US","43.44527","-86.02646","242.9","2015-02","0.0","-26.7","2.2","3312.2","-12.4","-7.2","-17.6"
"USC00203025","FREMONT 4 WSW, MI US","43.44527","-86.02646","242.9","2015-03","0.0","-19.4","13.9","3939.9","-1.9","3.0","-6.8"
"USC00203025","FREMONT 4 WSW, MI US","43.44527","-86.02646","242.9","2015-04","0.0","-6.7","22.8","4281.5","6.9","13.1","0.7"
"USC00203025","FREMONT 4 WSW, MI US","43.44527","-86.02646","242.9","2015-05","13.5","-1.1","28.3","4423.3","14.2","19.8","8.6"
"USC00203025","FREMONT 4 WSW, MI US","43.44527","-86.02646","242.9","2015-06","26.7","3.3","26.1","4460.7","17.5","23.2","11.9"
"USC00205563","MONROE, MI US","41.9069","-83.4158","178.6","2015-02",,"-26.7","7.2",,"-11.1","-5.1","-17.0"
"USC00205563","MONROE, MI US","41.9069","-83.4158","178.6","2015-04",,"-4.4","23.9",,"8.0","14.3","1.8"
"US1MIAN0001","WAYLAND 2.0 W, MI US","42.6732292","-85.68013763","225.2","2015-02",,,,,,,
"US1MIAN0001","WAYLAND 2.0 W, MI US","42.6732292","-85.68013763","225.2","2015-03",,,,,,,
"US1MIAN0001","WAYLAND 2.0 W, MI US","42.6732292","-85.68013763","225.2","2015-05",,,,,,,
"US1MIAN0001","WAYLAND 2.0 W, MI US","42.6732292","-85.68013763","225.2","2015-06",,,,,,,
"USC00206658","PONTIAC WWTP, MI US","42.6388","-83.2555","271.3","2015-02",,,"3.3",,,"-5.2",
"USC00206658","PONTIAC WWTP, MI US","42.6388","-83.2555","271.3","2015-03",,"-17.8","16.7",,"1.4","7.0","-4.3"
"USC00206658","PONTIAC WWTP, MI US","42.6388","-83.2555","271.3","2015-04",,"-4.4","24.4",,"9.1","15.3","3.0"
"USC00206658","PONTIAC WWTP, MI US","42.6388","-83.2555","271.3","2015-05",,"2.2","29.4",,"17.3","23.4","11.3"
"USC00203268","GLADSTONE 4 NW, MI US","45.8806","-87.0911","225.9","2015-01",,,,,,,
"USC00203268","GLADSTONE 4 NW, MI US","45.8806","-87.0911","225.9","2015-02",,,,,,,
"USC00203268","GLADSTONE 4 NW, MI US","45.8806","-87.0911","225.9","2015-03",,,,,,,
"USC00203268","GLADSTONE 4 NW, MI US","45.8806","-87.0911","225.9","2015-04",,,,,,,
"USC00203268","GLADSTONE 4 NW, MI US","45.8806","-87.0911","225.9","2015-05",,,,,,,
"USC00203268","GLADSTONE 4 NW, MI US","45.8806","-87.0911","225.9","2015-06",,,,,,,
"USC00205567","MONTAGUE 4 NW, MI US","43.461","-86.41773","198.1","2015-01","0.0","-23.9","4.4",,"-5.7","-1.9","-9.4"
"USC00205567","MONTAGUE 4 NW, MI US","43.461","-86.41773","198.1","2015-02","0.0","-23.9","3.3",,"-9.4","-5.5","-13.4"
"USC00205567","MONTAGUE 4 NW, MI US","43.461","-86.41773","198.1","2015-03","0.0","-16.7","12.8",,"-0.7","3.9","-5.3"
"USC00205567","MONTAGUE 4 NW, MI US","43.461","-86.41773","198.1","2015-04","0.0","-8.3","23.3",,"7.4","13.8","1.0"
"USC00205567","MONTAGUE 4 NW, MI US","43.461","-86.41773","198.1","2015-05","8.3","-2.2","26.7",,"13.8","20.3","7.3"
"USC00205567","MONTAGUE 4 NW, MI US","43.461","-86.41773","198.1","2015-06","17.3","2.8","26.7",,"17.1","22.9","11.3"
"US1MILV0014","BRIGHTON 2.5 E, MI US","42.5330831855536","-83.7359697371721","285.0","2015-04",,,,,,,
"US1MILV0014","BRIGHTON 2.5 E, MI US","42.5330831855536","-83.7359697371721","285.0","2015-06",,,,,,,
"US1MILV0015","PINCKNEY 3.4 NW, MI US","42.481559","-84.003267","277.4","2015-01",,,,,,,
"US1MILV0015","PINCKNEY 3.4 NW, MI US","42.481559","-84.003267","277.4","2015-02",,,,,,,
"US1MIAN0008","DORR 0.9 WNW, MI US","42.727667","-85.739061","213.1","2015-04",,,,,,,
"US1MIAN0008","DORR 0.9 WNW, MI US","42.727667","-85.739061","213.1","2015-05",,,,,,,
"US1MIAN0008","DORR 0.9 WNW, MI US","42.727667","-85.739061","213.1","2015-06",,,,,,,
"USC00208972","WHITMORE LAKE 1 NW, MI US","42.4355","-83.783","276.1","2015-01","0.0","-23.9","7.2","2262.8","-7.6","-3.3","-11.9"
"USC00208972","WHITMORE LAKE 1 NW, MI US","42.4355","-83.783","276.1","2015-02","0.0","-32.2","5.0","3135.6","-12.8","-6.2","-19.5"
"USC00208972","WHITMORE LAKE 1 NW, MI US","42.4355","-83.783","276.1","2015-03","0.0","-22.8","18.9","3684.2","-0.6","5.6","-6.7"
"USC00208972","WHITMORE LAKE 1 NW, MI US","42.4355","-83.783","276.1","2015-04","0.0","-5.6","24.4","4000.7","7.4","14.2","0.6"
"USC00208972","WHITMORE LAKE 1 NW, MI US","42.4355","-83.783","276.1","2015-05","26.2","1.7","29.4","4098.5","16.0","22.5","9.6"
"USC00208972","WHITMORE LAKE 1 NW, MI US","42.4355","-83.783","276.1","2015-06","56.0","4.4","29.4","4142.5","17.8","23.2","12.5"
"US1MIAN0004","FENNVILLE 0.8 W, MI US","42.594218","-86.120119","204.2","2015-04",,,,,,,
"USC00204130","ISHPEMING WWTP, MI US","46.4911","-87.6894","428.5","2015-01","0.0","-27.2","1.1","3136.6","-11.9","-7.4","-16.4"
"USC00204130","ISHPEMING WWTP, MI US","46.4911","-87.6894","428.5","2015-02","0.0","-34.4","-3.3","4141.6","-17.6","-11.3","-23.8"
"USC00204130","ISHPEMING WWTP, MI US","46.4911","-87.6894","428.5","2015-03","0.0","-31.1","14.4","4847.1","-5.8","1.2","-12.7"
"USC00204130","ISHPEMING WWTP, MI US","46.4911","-87.6894","428.5","2015-04","0.0","-10.6","21.1","5305.4","3.1","9.2","-3.1"
"USC00204130","ISHPEMING WWTP, MI US","46.4911","-87.6894","428.5","2015-05","1.4","-3.3","27.8","5524.7","10.8","17.6","4.1"
"USC00204130","ISHPEMING WWTP, MI US","46.4911","-87.6894","428.5","2015-06","2.5","-1.1","27.8","5639.6","14.5","21.2","7.9"
"US1MIVB0004","PAW PAW 3.6 NNE, MI US","42.265824","-85.861936","216.1","2015-01",,,,,,,
"US1MIVB0004","PAW PAW 3.6 NNE, MI US","42.265824","-85.861936","216.1","2015-02",,,,,,,
"US1MIVB0004","PAW PAW 3.6 NNE, MI US","42.265824","-85.861936","216.1","2015-03",,,,,,,
"US1MIVB0004","PAW PAW 3.6 NNE, MI US","42.265824","-85.861936","216.1","2015-04",,,,,,,
"US1MIVB0004","PAW PAW 3.6 NNE, MI US","42.265824","-85.861936","216.1","2015-05",,,,,,,
"USR0000MSPI","SPINCICH LAKE MICHIGAN, MI US","46.4578","-85.6272","273.1","2015-01","0.0","-28.3","0.6","3195.7","-12.2","-6.8","-17.6"
"USR0000MSPI","SPINCICH LAKE MICHIGAN, MI US","46.4578","-85.6272","273.1","2015-02","0.0","-39.4","-3.3","4192.4","-17.3","-10.5","-24.1"
"USR0000MSPI","SPINCICH LAKE MICHIGAN, MI US","46.4578","-85.6272","273.1","2015-03","0.0","-36.1","9.4","4973.5","-6.9","0.5","-14.2"
"USR0000MSPI","SPINCICH LAKE MICHIGAN, MI US","46.4578","-85.6272","273.1","2015-04","0.0","-16.1","15.6","5453.6","2.3","7.9","-3.3"
"USR0000MSPI","SPINCICH LAKE MICHIGAN, MI US","46.4578","-85.6272","273.1","2015-05","0.6","-7.8","26.7","5680.4","10.5","18.2","2.8"
"USR0000MSPI","SPINCICH LAKE MICHIGAN, MI US","46.4578","-85.6272","273.1","2015-06","0.6","-3.3","26.7","5837.2","13.1","21.2","5.1"
"US1MIVB0002","GRAND JUNCTION 1.3 ENE, MI US","42.40925586","-86.04813018","202.7","2015-01",,,,,,,
"US1MIVB0002","GRAND JUNCTION 1.3 ENE, MI US","42.40925586","-86.04813018","202.7","2015-02",,,,,,,
"US1MIVB0002","GRAND JUNCTION 1.3 ENE, MI US","42.40925586","-86.04813018","202.7","2015-03",,,,,,,
"US1MIVB0002","GRAND JUNCTION 1.3 ENE, MI US","42.40925586","-86.04813018","202.7","2015-05",,,,,,,
"US1MIVB0002","GRAND JUNCTION 1.3 ENE, MI US","42.40925586","-86.04813018","202.7","2015-06",,,,,,,
"US1MIOW0002","HOLLAND 3.9 NNE, MI US","42.822957","-86.06784","188.1","2015-01",,,,,,,
"US1MIOW0002","HOLLAND 3.9 NNE, MI US","42.822957","-86.06784","188.1","2015-02",,,,,,,
"US1MIOW0002","HOLLAND 3.9 NNE, MI US","42.822957","-86.06784","188.1","2015-03",,,,,,,
"US1MIOW0002","HOLLAND 3.9 NNE, MI US","42.822957","-86.06784","188.1","2015-04",,,,,,,
"US1MIOW0002","HOLLAND 3.9 NNE, MI US","42.822957","-86.06784","188.1","2015-05",,,,,,,
"US1MIOW0002","HOLLAND 3.9 NNE, MI US","42.822957","-86.06784","188.1","2015-06",,,,,,,
"US1MIOW0003","WALKER 3.2 W, MI US","42.98804","-85.8103","218.8","2015-01",,,,,,,
"US1MIOW0003","WALKER 3.2 W, MI US","42.98804","-85.8103","218.8","2015-02",,,,,,,
"US1MIOW0003","WALKER 3.2 W, MI US","42.98804","-85.8103","218.8","2015-03",,,,,,,
"US1MIOW0003","WALKER 3.2 W, MI US","42.98804","-85.8103","218.8","2015-04",,,,,,,
"US1MIOW0003","WALKER 3.2 W, MI US","42.98804","-85.8103","218.8","2015-05",,,,,,,
"US1MIOW0003","WALKER 3.2 W, MI US","42.98804","-85.8103","218.8","2015-06",,,,,,,
"US1MILN0007","ADRIAN 5.2 NE, MI US","41.955073","-83.976361","244.1","2015-01",,,,,,,
"US1MILN0007","ADRIAN 5.2 NE, MI US","41.955073","-83.976361","244.1","2015-02",,,,,,,
"US1MILN0007","ADRIAN 5.2 NE, MI US","41.955073","-83.976361","244.1","2015-03",,,,,,,
"US1MILN0007","ADRIAN 5.2 NE, MI US","41.955073","-83.976361","244.1","2015-04",,,,,,,
"US1MILN0007","ADRIAN 5.2 NE, MI US","41.955073","-83.976361","244.1","2015-05",,,,,,,
"US1MILN0007","ADRIAN 5.2 NE, MI US","41.955073","-83.976361","244.1","2015-06",,,,,,,
"USC00203278","GOODRICH, MI US","42.9163","-83.5097","277.4","2015-01","0.0","-23.9","6.1","2302.3","-7.6","-3.1","-12.0"
"USC00203278","GOODRICH, MI US","42.9163","-83.5097","277.4","2015-02","0.0","-30.6","3.9","3160.6","-12.3","-6.0","-18.6"
"USC00203278","GOODRICH, MI US","42.9163","-83.5097","277.4","2015-03","0.0","-21.1","18.9","3755.8","-0.9","5.3","-7.0"
"USC00203278","GOODRICH, MI US","42.9163","-83.5097","277.4","2015-04","0.0","-6.7","24.4","4071.6","7.8","14.6","1.0"
"USC00203278","GOODRICH, MI US","42.9163","-83.5097","277.4","2015-05","32.8","1.7","29.4","4168.0","16.3","22.8","9.8"
"USC00203278","GOODRICH, MI US","42.9163","-83.5097","277.4","2015-06","67.5","3.9","30.0","4203.8","18.3","24.1","12.5"
"US1MIAN0014","HOPKINS 2.0 N, MI US","42.653553","-85.759743","231.0","2015-01",,,,,,,
"US1MIAN0014","HOPKINS 2.0 N, MI US","42.653553","-85.759743","231.0","2015-02",,,,,,,
"US1MIAN0014","HOPKINS 2.0 N, MI US","42.653553","-85.759743","231.0","2015-03",,,,,,,
"US1MIAN0014","HOPKINS 2.0 N, MI US","42.653553","-85.759743","231.0","2015-04",,,,,,,
"US1MIAN0014","HOPKINS 2.0 N, MI US","42.653553","-85.759743","231.0","2015-05",,,,,,,
"US1MIAN0014","HOPKINS 2.0 N, MI US","42.653553","-85.759743","231.0","2015-06",,,,,,,
"USC00206300","OWOSSO WWTP, MI US","43.0161","-84.18","222.5","2015-01","0.0","-23.9","7.2","2251.8","-7.1","-2.9","-11.3"
"USC00206300","OWOSSO WWTP, MI US","43.0161","-84.18","222.5","2015-02","0.0","-27.8","2.8","3079.6","-12.4","-6.0","-18.8"
"USC00206300","OWOSSO WWTP, MI US","43.0161","-84.18","222.5","2015-03","0.0","-20.0","19.4","3639.4","-0.9","5.6","-7.4"
"USC00206300","OWOSSO WWTP, MI US","43.0161","-84.18","222.5","2015-04",,,"22.2",,,"14.7",
"USC00206300","OWOSSO WWTP, MI US","43.0161","-84.18","222.5","2015-05",,"1.7","30.6",,"16.6","23.0","10.1"
"USC00206300","OWOSSO WWTP, MI US","43.0161","-84.18","222.5","2015-06",,"3.9","29.4",,"18.4","24.4","12.4"
"US1MILV0008","FENTON 5.6 WSW, MI US","42.7728706598282","-83.8187252730131","263.0","2015-01",,,,,,,
"US1MILV0008","FENTON 5.6 WSW, MI US","42.7728706598282","-83.8187252730131","263.0","2015-02",,,,,,,
"US1MILV0008","FENTON 5.6 WSW, MI US","42.7728706598282","-83.8187252730131","263.0","2015-03",,,,,,,
"US1MILV0008","FENTON 5.6 WSW, MI US","42.7728706598282","-83.8187252730131","263.0","2015-04",,,,,,,
"US1MILV0008","FENTON 5.6 WSW, MI US","42.7728706598282","-83.8187252730131","263.0","2015-05",,,,,,,
"US1MILV0008","FENTON 5.6 WSW, MI US","42.7728706598282","-83.8187252730131","263.0","2015-06",,,,,,,
"USC00205591","MORAN, MI US","45.9902","-84.8361","211.8","2015-01","0.0","-24.4","2.2","2821.3","-10.8","-5.0","-16.7"
"USC00205591","MORAN, MI US","45.9902","-84.8361","211.8","2015-02","0.0","-33.3","-2.2","3786.7","-16.1","-8.6","-23.7"
"USC00205591","MORAN, MI US","45.9902","-84.8361","211.8","2015-03","0.0","-26.7","8.9","4511.4","-5.1","1.3","-11.4"
"USC00205591","MORAN, MI US","45.9902","-84.8361","211.8","2015-04","0.0","-12.8","17.8","4963.6","3.3","9.1","-2.5"
"USC00205591","MORAN, MI US","45.9902","-84.8361","211.8","2015-05","1.4","-3.9","25.0","5195.4","10.9","17.6","4.2"
"USC00205591","MORAN, MI US","45.9902","-84.8361","211.8","2015-06","2.8","0.6","27.2","5305.9","14.7","21.5","7.9"
"USC00206680","PORT HURON, MI US","42.975","-82.4194","179.8","2015-01","0.0","-17.8","5.0",,"-6.4","-2.7","-10.1"
"USC00206680","PORT HURON, MI US","42.975","-82.4194","179.8","2015-02","0.0","-25.6","2.2",,"-11.2","-6.6","-15.8"
"USC00206680","PORT HURON, MI US","42.975","-82.4194","179.8","2015-03","0.0","-16.1","15.0",,"0.0","4.5","-4.4"
"USC00206680","PORT HURON, MI US","42.975","-82.4194","179.8","2015-04","0.0","-3.9","20.6",,"7.3","12.0","2.6"
"USC00206680","PORT HURON, MI US","42.975","-82.4194","179.8","2015-05","24.1","2.8","29.4",,"15.6","21.9","9.4"
"USC00206680","PORT HURON, MI US","42.975","-82.4194","179.8","2015-06","61.0","8.3","31.7",,"18.1","22.6","13.7"
"USC00207891","STEVENSVILLE 1 SE, MI US","42.0017","-86.5222","179.8","2015-01",,,,,,,
"USC00207891","STEVENSVILLE 1 SE, MI US","42.0017","-86.5222","179.8","2015-02",,,,,,,
"USC00207891","STEVENSVILLE 1 SE, MI US","42.0017","-86.5222","179.8","2015-03",,,,,,,
"USC00207891","STEVENSVILLE 1 SE, MI US","42.0017","-86.5222","179.8","2015-04",,,,,,,
"USC00207891","STEVENSVILLE 1 SE, MI US","42.0017","-86.5222","179.8","2015-05",,,,,,,
"USC00207891","STEVENSVILLE 1 SE, MI US","42.0017","-86.5222","179.8","2015-06",,,,,,,
"USC00203295","GRAND HAVEN WASTEWATER PLANT, MI US","43.0618","-86.2044","182.9","2015-01","0.0","-19.4","4.4","2195.6","-5.6","-2.2","-9.1"
"USC00203295","GRAND HAVEN WASTEWATER PLANT, MI US","43.0618","-86.2044","182.9","2015-02","0.0","-25.0","4.4","2993.5","-10.2","-5.4","-14.9"
"USC00203295","GRAND HAVEN WASTEWATER PLANT, MI US","43.0618","-86.2044","182.9","2015-03","0.0","-15.6","16.1","3594.1","-1.0","3.6","-5.7"
"USC00203295","GRAND HAVEN WASTEWATER PLANT, MI US","43.0618","-86.2044","182.9","2015-04","0.0","-7.2","23.3","3898.5","6.6","12.3","1.0"
"USC00203295","GRAND HAVEN WASTEWATER PLANT, MI US","43.0618","-86.2044","182.9","2015-05","6.7","-2.8","27.2","4061.7","13.3","18.9","7.7"
"USC00203295","GRAND HAVEN WASTEWATER PLANT, MI US","43.0618","-86.2044","182.9","2015-06","22.6","5.6","26.7","4111.6","17.2","23.0","11.4"
"US1MIAN0018","SHELBYVILLE 1.2 NNE, MI US","42.609669","-85.625276","254.5","2015-04",,,,,,,
"US1MIAN0018","SHELBYVILLE 1.2 NNE, MI US","42.609669","-85.625276","254.5","2015-05",,,,,,,
"US1MIAN0018","SHELBYVILLE 1.2 NNE, MI US","42.609669","-85.625276","254.5","2015-06",,,,,,,
"US1MIAN0015","DORR 0.4 E, MI US","42.7242455631495","-85.7140432298183","216.7","2015-04",,,,,,,
"US1MIAN0015","DORR 0.4 E, MI US","42.7242455631495","-85.7140432298183","216.7","2015-05",,,,,,,
"US1MIAN0015","DORR 0.4 E, MI US","42.7242455631495","-85.7140432298183","216.7","2015-06",,,,,,,
"US1MIAN0016","HOLLAND 4.1 WSW, MI US","42.7551855146885","-86.1808294057846","192.9","2015-04",,,,,,,
"US1MIAN0016","HOLLAND 4.1 WSW, MI US","42.7551855146885","-86.1808294057846","192.9","2015-05",,,,,,,
"US1MIMT0002","TRUFANT 0.1 SE, MI US","43.311641","-85.352996","257.9","2015-04",,,,,,,
"US1MIMT0005","STANTON 5.0 ENE, MI US","43.3145374059677","-84.9852065742016","281.0","2015-01",,,,,,,
"US1MIMT0005","STANTON 5.0 ENE, MI US","43.3145374059677","-84.9852065742016","281.0","2015-02",,,,,,,
"US1MIMT0005","STANTON 5.0 ENE, MI US","43.3145374059677","-84.9852065742016","281.0","2015-03",,,,,,,
"US1MIMT0005","STANTON 5.0 ENE, MI US","43.3145374059677","-84.9852065742016","281.0","2015-05",,,,,,,
"US1MIMT0005","STANTON 5.0 ENE, MI US","43.3145374059677","-84.9852065742016","281.0","2015-06",,,,,,,
"USC00204257","KALKASKA, MI US","44.728","-85.1727","315.5","2015-01","0.0","-30.6","3.9","2730.4","-10.7","-5.6","-15.9"
"USC00204257","KALKASKA, MI US","44.728","-85.1727","315.5","2015-02","0.0","-33.9","-2.2","3658.9","-16.1","-8.8","-23.3"
"USC00204257","KALKASKA, MI US","44.728","-85.1727","315.5","2015-03","0.0","-30.6","15.6","4356.3","-4.2","2.1","-10.4"
"USC00204257","KALKASKA, MI US","44.728","-85.1727","315.5","2015-04","0.0","-9.4","20.6","4773.0","4.4","10.8","-1.9"
"USC00204257","KALKASKA, MI US","44.728","-85.1727","315.5","2015-05","15.0","-3.3","29.4","4958.0","12.9","19.7","6.0"
"USC00204257","KALKASKA, MI US","44.728","-85.1727","315.5","2015-06","24.1","1.1","27.8","5027.5","16.3","22.9","9.8"
"USC00207407","SCOTTVILLE 2 SE, MI US","43.93364","-86.24508","203.0","2015-01","0.0","-25.6","3.9",,"-7.4","-3.1","-11.7"
"USC00207407","SCOTTVILLE 2 SE, MI US","43.93364","-86.24508","203.0","2015-02","0.0","-30.0","2.8",,"-11.6","-6.2","-17.0"
"USC00207407","SCOTTVILLE 2 SE, MI US","43.93364","-86.24508","203.0","2015-03",,,,,,,
"USC00207407","SCOTTVILLE 2 SE, MI US","43.93364","-86.24508","203.0","2015-04",,,,,,,
"USC00207407","SCOTTVILLE 2 SE, MI US","43.93364","-86.24508","203.0","2015-05",,,,,,,
"USC00207407","SCOTTVILLE 2 SE, MI US","43.93364","-86.24508","203.0","2015-06",,,,,,,
"USC00204258","KALKASKA 11 SE, MI US","44.5897","-85.0486","330.1","2015-01","0.0","-30.6","3.9","2791.3","-10.4","-5.3","-15.4"
"USC00204258","KALKASKA 11 SE, MI US","44.5897","-85.0486","330.1","2015-02","0.0","-36.1","-1.7","3755.5","-16.1","-8.9","-23.3"
"USC00204258","KALKASKA 11 SE, MI US","44.5897","-85.0486","330.1","2015-03","0.0","-30.0","15.6","4448.8","-4.0","2.6","-10.6"
"USC00204258","KALKASKA 11 SE, MI US","44.5897","-85.0486","330.1","2015-04","0.0","-9.4","21.1","4861.9","4.6","11.2","-2.1"
"USC00204258","KALKASKA 11 SE, MI US","44.5897","-85.0486","330.1","2015-05","13.9","-3.3","29.4","5041.2","13.0","20.0","6.0"
"USC00204258","KALKASKA 11 SE, MI US","44.5897","-85.0486","330.1","2015-06","18.4","-0.6","27.2","5123.9","15.7","22.5","8.9"
"US1MIHG0006","CALUMET 5.8 ENE, MI US","47.272","-88.334","271.3","2015-01",,,,,,,
"US1MIHG0006","CALUMET 5.8 ENE, MI US","47.272","-88.334","271.3","2015-02",,,,,,,
"US1MIHG0006","CALUMET 5.8 ENE, MI US","47.272","-88.334","271.3","2015-03",,,,,,,
"US1MIHG0006","CALUMET 5.8 ENE, MI US","47.272","-88.334","271.3","2015-04",,,,,,,
"US1MIHG0006","CALUMET 5.8 ENE, MI US","47.272","-88.334","271.3","2015-05",,,,,,,
"US1MIHG0006","CALUMET 5.8 ENE, MI US","47.272","-88.334","271.3","2015-06",,,,,,,
"US1MIMM0001","SPALDING 0.5 NW, MI US","45.698937","-87.5153","262.7","2015-04",,,,,,,
"US1MIMM0001","SPALDING 0.5 NW, MI US","45.698937","-87.5153","262.7","2015-05",,,,,,,
"US1MIMM0001","SPALDING 0.5 NW, MI US","45.698937","-87.5153","262.7","2015-06",,,,,,,
"US1MIHG0003","CHASSELL 4.0 N, MI US","47.083129","-88.526941","213.1","2015-05",,,,,,,
"USC00202094","DETOUR VILLAGE, MI US","45.9983","-83.9013","181.4","2015-01","0.0","-25.0","2.8","2711.2","-10.5","-5.8","-15.2"
"USC00202094","DETOUR VILLAGE, MI US","45.9983","-83.9013","181.4","2015-02","0.0","-30.6","-2.2","3690.3","-16.6","-10.6","-22.7"
"USC00202094","DETOUR VILLAGE, MI US","45.9983","-83.9013","181.4","2015-03","0.0","-22.8","10.6","4426.7","-5.4","-0.2","-10.6"
"USC00202094","DETOUR VILLAGE, MI US","45.9983","-83.9013","181.4","2015-04","0.0","-8.9","15.0","4891.8","2.8","7.2","-1.5"
"USC00202094","DETOUR VILLAGE, MI US","45.9983","-83.9013","181.4","2015-05","0.0","0.0","27.2","5120.0","11.0","16.2","5.7"
"USC00202094","DETOUR VILLAGE, MI US","45.9983","-83.9013","181.4","2015-06","2.8","5.0","26.1","5238.5","14.5","19.3","9.7"
"US1MIMM0005","DAGGETT 4.8 N, MI US","45.53069","-87.61922","241.1","2015-01",,,,,,,
"US1MIMM0005","DAGGETT 4.8 N, MI US","45.53069","-87.61922","241.1","2015-02",,,,,,,
"US1MIMM0005","DAGGETT 4.8 N, MI US","45.53069","-87.61922","241.1","2015-03",,,,,,,
"US1MIMM0005","DAGGETT 4.8 N, MI US","45.53069","-87.61922","241.1","2015-04",,,,,,,
"US1MIMM0005","DAGGETT 4.8 N, MI US","45.53069","-87.61922","241.1","2015-05",,,,,,,
"US1MIMM0005","DAGGETT 4.8 N, MI US","45.53069","-87.61922","241.1","2015-06",,,,,,,
"US1MIHG0001","HOUGHTON 1.6 ESE, MI US","47.107741","-88.529386","190.8","2015-01",,,,,,,
"US1MIHG0001","HOUGHTON 1.6 ESE, MI US","47.107741","-88.529386","190.8","2015-02",,,,,,,
"US1MIHG0001","HOUGHTON 1.6 ESE, MI US","47.107741","-88.529386","190.8","2015-03",,,,,,,
"USC00204161","JACOBSVILLE, MI US","47.0083","-88.4318","198.1","2015-01","0.0","-23.3","3.3","3035.0","-10.4","-6.2","-14.6"
"USC00204161","JACOBSVILLE, MI US","47.0083","-88.4318","198.1","2015-02","0.0","-32.2","-2.2","4011.4","-16.5","-10.9","-22.1"
"USC00204161","JACOBSVILLE, MI US","47.0083","-88.4318","198.1","2015-03","0.0","-29.4","16.7","4726.3","-4.7","1.8","-11.2"
"USC00204161","JACOBSVILLE, MI US","47.0083","-88.4318","198.1","2015-04","0.0","-9.4","24.4","5183.8","3.1","8.6","-2.5"
"USC00204161","JACOBSVILLE, MI US","47.0083","-88.4318","198.1","2015-05","0.0","-2.8","28.9","5465.8","9.0","15.9","2.0"
"USC00204161","JACOBSVILLE, MI US","47.0083","-88.4318","198.1","2015-06","0.0","-3.3","26.7","5639.3","12.6","19.7","5.4"
"US1MIJC0010","HANOVER 4.1 E, MI US","42.092634","-84.472924","317.9","2015-05",,,,,,,
"US1MIJC0010","HANOVER 4.1 E, MI US","42.092634","-84.472924","317.9","2015-06",,,,,,,
"USC00204280","KEARSARGE, MI US","47.2752","-88.417","341.4","2015-01",,,,,,,
"USC00204280","KEARSARGE, MI US","47.2752","-88.417","341.4","2015-02",,,,,,,
"USC00204280","KEARSARGE, MI US","47.2752","-88.417","341.4","2015-03",,,,,,,
"USC00204280","KEARSARGE, MI US","47.2752","-88.417","341.4","2015-04",,,,,,,
"USC00204280","KEARSARGE, MI US","47.2752","-88.417","341.4","2015-05",,,,,,,
"USC00204280","KEARSARGE, MI US","47.2752","-88.417","341.4","2015-06",,,,,,,
"USC00206583","PICKFORD 3 NE, MI US","46.1863","-84.3238","191.7","2015-01","0.0","-29.4","1.7","2786.7","-11.4","-4.6","-18.2"
"USC00206583","PICKFORD 3 NE, MI US","46.1863","-84.3238","191.7","2015-02","0.0","-37.2","-2.2","3753.2","-16.2","-9.1","-23.2"
"USC00206583","PICKFORD 3 NE, MI US","46.1863","-84.3238","191.7","2015-03","0.0","-30.6","11.7","4481.3","-5.1","1.3","-11.6"
"USC00206583","PICKFORD 3 NE, MI US","46.1863","-84.3238","191.7","2015-04","0.0","-11.1","19.4","4916.5","3.8","10.1","-2.4"
"USC00206583","PICKFORD 3 NE, MI US","46.1863","-84.3238","191.7","2015-05","2.5","-5.0","28.3","5106.4","12.3","20.1","4.4"
"USC00206583","PICKFORD 3 NE, MI US","46.1863","-84.3238","191.7","2015-06","4.8","-0.6","28.3","5199.5","15.3","23.1","7.5"
"US1MIJC0013","HANOVER 3.8 W, MI US","42.107","-84.626","328.0","2015-01",,,,,,,
"US1MIJC0013","HANOVER 3.8 W, MI US","42.107","-84.626","328.0","2015-02",,,,,,,
"US1MIJC0013","HANOVER 3.8 W, MI US","42.107","-84.626","328.0","2015-04",,,,,,,
"US1MIJC0014","RIVES JUNCTION 4.0 NW, MI US","42.41127","-84.5276","286.2","2015-01",,,,,,,
"US1MIJC0014","RIVES JUNCTION 4.0 NW, MI US","42.41127","-84.5276","286.2","2015-02",,,,,,,
"US1MIJC0014","RIVES JUNCTION 4.0 NW, MI US","42.41127","-84.5276","286.2","2015-03",,,,,,,
"US1MIJC0014","RIVES JUNCTION 4.0 NW, MI US","42.41127","-84.5276","286.2","2015-04",,,,,,,
"US1MIJC0014","RIVES JUNCTION 4.0 NW, MI US","42.41127","-84.5276","286.2","2015-05",,,,,,,
"US1MIJC0014","RIVES JUNCTION 4.0 NW, MI US","42.41127","-84.5276","286.2","2015-06",,,,,,,
"US1MIJC0011","JACKSON 3.2 W, MI US","42.240611","-84.466918","304.2","2015-01",,,,,,,
"US1MIJC0011","JACKSON 3.2 W, MI US","42.240611","-84.466918","304.2","2015-04",,,,,,,
"US1MIJC0011","JACKSON 3.2 W, MI US","42.240611","-84.466918","304.2","2015-05",,,,,,,
"US1MICB0007","MACKINAW CITY 1.1 ENE, MI US","45.784734","-84.728905","181.7","2015-04",,,,,,,
"US1MICB0007","MACKINAW CITY 1.1 ENE, MI US","45.784734","-84.728905","181.7","2015-05",,,,,,,
"US1MICX0004","CHARLEVOIX 4.3 SSE, MI US","45.2572","-85.2165","235.3","2015-01",,,,,,,
"US1MICX0004","CHARLEVOIX 4.3 SSE, MI US","45.2572","-85.2165","235.3","2015-02",,,,,,,
"US1MICX0004","CHARLEVOIX 4.3 SSE, MI US","45.2572","-85.2165","235.3","2015-03",,,,,,,
"US1MICX0004","CHARLEVOIX 4.3 SSE, MI US","45.2572","-85.2165","235.3","2015-04",,,,,,,
"US1MICX0004","CHARLEVOIX 4.3 SSE, MI US","45.2572","-85.2165","235.3","2015-06",,,,,,,
"US1MICX0005","CHARLEVOIX 0.7 NE, MI US","45.3200818","-85.2437232","189.6","2015-01",,,,,,,
"US1MICX0005","CHARLEVOIX 0.7 NE, MI US","45.3200818","-85.2437232","189.6","2015-02",,,,,,,
"US1MICX0005","CHARLEVOIX 0.7 NE, MI US","45.3200818","-85.2437232","189.6","2015-05",,,,,,,
"US1MICX0007","EAST JORDAN 2.1 NNW, MI US","45.186389","-85.1475","198.7","2015-01",,,,,,,
"US1MICX0007","EAST JORDAN 2.1 NNW, MI US","45.186389","-85.1475","198.7","2015-02",,,,,,,
"US1MICX0007","EAST JORDAN 2.1 NNW, MI US","45.186389","-85.1475","198.7","2015-03",,,,,,,
"US1MICX0007","EAST JORDAN 2.1 NNW, MI US","45.186389","-85.1475","198.7","2015-04",,,,,,,
"US1MICX0007","EAST JORDAN 2.1 NNW, MI US","45.186389","-85.1475","198.7","2015-06",,,,,,,
"USC00205488","MILLINGTON 3 SE, MI US","43.2836","-83.4791","249.9","2015-01",,,,,,,
"USC00205488","MILLINGTON 3 SE, MI US","43.2836","-83.4791","249.9","2015-02",,,,,,,
"USC00205488","MILLINGTON 3 SE, MI US","43.2836","-83.4791","249.9","2015-03",,,,,,,
"USC00205488","MILLINGTON 3 SE, MI US","43.2836","-83.4791","249.9","2015-04",,,,,,,
"USC00205488","MILLINGTON 3 SE, MI US","43.2836","-83.4791","249.9","2015-06",,,,,,,
"US1MICX0002","BEAVER ISLAND 5.9 NNW, MI US","45.74985016","-85.51033475","181.1","2015-06",,,,,,,
"USC00207308","SALINE WWTP, MI US","42.1611","-83.7819","228.6","2015-01","0.0","-20.6","4.4",,"-6.6","-2.0","-11.3"
"USC00207308","SALINE WWTP, MI US","42.1611","-83.7819","228.6","2015-02","0.0","-28.3","5.0",,"-11.1","-3.7","-18.5"
"USC00207308","SALINE WWTP, MI US","42.1611","-83.7819","228.6","2015-03","0.0","-24.4","17.8",,"-0.6","6.3","-7.6"
"USC00207308","SALINE WWTP, MI US","42.1611","-83.7819","228.6","2015-04","0.0","-3.3","25.6",,"8.6","15.4","1.8"
"USC00207308","SALINE WWTP, MI US","42.1611","-83.7819","228.6","2015-05","35.8","1.7","31.1",,"17.0","23.9","10.2"
"USC00207308","SALINE WWTP, MI US","42.1611","-83.7819","228.6","2015-06","76.3","3.9","29.4",,"18.8","25.0","12.6"
"USC00203188","GLENNIE 2 SE, MI US","44.5358","-83.7022","272.5","2015-01","0.0","-26.1","2.8","2737.8","-10.4","-4.6","-16.2"
"USC00203188","GLENNIE 2 SE, MI US","44.5358","-83.7022","272.5","2015-02","0.0","-33.9","2.2","3645.0","-15.3","-8.1","-22.4"
"USC00203188","GLENNIE 2 SE, MI US","44.5358","-83.7022","272.5","2015-03","0.0","-23.9","15.0","4332.1","-3.8","2.9","-10.5"
"USC00203188","GLENNIE 2 SE, MI US","44.5358","-83.7022","272.5","2015-04","0.0","-10.0","22.2","4746.1","4.5","11.4","-2.3"
"USC00203188","GLENNIE 2 SE, MI US","44.5358","-83.7022","272.5","2015-05","3.4","-2.2","28.3","4933.6","12.4","20.2","4.6"
"USC00203188","GLENNIE 2 SE, MI US","44.5358","-83.7022","272.5","2015-06","7.3","1.1","26.1","5038.1","15.0","22.1","7.9"
"USR0000MDOE","DOE LAKE MICHIGAN, MI US","46.2536","-86.7142","248.4","2015-01","0.0","-25.6","1.1","3057.9","-10.7","-5.2","-16.2"
"USR0000MDOE","DOE LAKE MICHIGAN, MI US","46.2536","-86.7142","248.4","2015-02","0.0","-38.3","-2.8","4030.2","-16.4","-9.4","-23.4"
"USR0000MDOE","DOE LAKE MICHIGAN, MI US","46.2536","-86.7142","248.4","2015-03","0.0","-28.3","12.2","4740.7","-4.6","2.7","-11.9"
"USR0000MDOE","DOE LAKE MICHIGAN, MI US","46.2536","-86.7142","248.4","2015-04","0.0","-15.0","17.8","5202.9","2.9","9.6","-3.7"
"USR0000MDOE","DOE LAKE MICHIGAN, MI US","46.2536","-86.7142","248.4","2015-05","0.0","-7.8","26.7","5452.7","10.3","18.4","2.2"
"USR0000MDOE","DOE LAKE MICHIGAN, MI US","46.2536","-86.7142","248.4","2015-06","0.0","-2.8","27.8","5603.7","13.3","21.6","5.0"
"US1MIGR0001","BRECKENRIDGE 0.2 ESE, MI US","43.40691757","-84.4745636","223.1","2015-01",,,,,,,
"US1MIGR0001","BRECKENRIDGE 0.2 ESE, MI US","43.40691757","-84.4745636","223.1","2015-02",,,,,,,
"US1MIGR0001","BRECKENRIDGE 0.2 ESE, MI US","43.40691757","-84.4745636","223.1","2015-03",,,,,,,
"US1MIGR0001","BRECKENRIDGE 0.2 ESE, MI US","43.40691757","-84.4745636","223.1","2015-04",,,,,,,
"US1MIGR0001","BRECKENRIDGE 0.2 ESE, MI US","43.40691757","-84.4745636","223.1","2015-05",,,,,,,
"US1MIGR0001","BRECKENRIDGE 0.2 ESE, MI US","43.40691757","-84.4745636","223.1","2015-06",,,,,,,
"USC00205382","MENOMINEE NUMBER 2, MI US","45.111","-87.6117","180.1","2015-01",,,,,,,
"USC00205382","MENOMINEE NUMBER 2, MI US","45.111","-87.6117","180.1","2015-04",,,,,,,
"USC00205382","MENOMINEE NUMBER 2, MI US","45.111","-87.6117","180.1","2015-05",,,,,,,
"USC00205382","MENOMINEE NUMBER 2, MI US","45.111","-87.6117","180.1","2015-06",,,,,,,
"USC00208772","WELLSTON TIPPY DAM, MI US","44.2586","-85.9394","198.1","2015-01",,,,,,,
"USC00208772","WELLSTON TIPPY DAM, MI US","44.2586","-85.9394","198.1","2015-02",,,,,,,
"USC00208772","WELLSTON TIPPY DAM, MI US","44.2586","-85.9394","198.1","2015-03",,,,,,,
"USC00208772","WELLSTON TIPPY DAM, MI US","44.2586","-85.9394","198.1","2015-04",,,,,,,
"USC00208772","WELLSTON TIPPY DAM, MI US","44.2586","-85.9394","198.1","2015-05",,,,,,,
"USC00208772","WELLSTON TIPPY DAM, MI US","44.2586","-85.9394","198.1","2015-06",,,,,,,
"USC00207684","SOUTH BOARDMAN 2 W, MI US","44.6391","-85.325","318.8","2015-01","0.0","-27.8","4.4","2563.7","-9.3","-4.5","-14.0"
"USC00207684","SOUTH BOARDMAN 2 W, MI US","44.6391","-85.325","318.8","2015-02","0.0","-32.8","-1.1","3426.3","-13.8","-7.7","-19.9"
"USC00207684","SOUTH BOARDMAN 2 W, MI US","44.6391","-85.325","318.8","2015-03","0.0","-26.7","16.1","4053.5","-1.9","4.1","-7.9"
"USC00207684","SOUTH BOARDMAN 2 W, MI US","44.6391","-85.325","318.8","2015-04","0.0","-11.1","21.7","4429.1","5.4","12.0","-1.2"
"USC00207684","SOUTH BOARDMAN 2 W, MI US","44.6391","-85.325","318.8","2015-05","20.9","-3.9","29.4","4565.8","14.6","22.0","7.2"
"USC00207684","SOUTH BOARDMAN 2 W, MI US","44.6391","-85.325","318.8","2015-06","32.3","-0.6","28.3","4628.6","16.5","23.9","9.1"
"USC00208774","WELLSTON 1 N, MI US","44.2294","-85.9572","235.6","2015-01","0.0","-29.4","5.0","2486.9","-7.7","-3.2","-12.3"
"USC00208774","WELLSTON 1 N, MI US","44.2294","-85.9572","235.6","2015-02","0.0","-34.4","2.8","3337.0","-12.0","-6.3","-17.7"
"USC00208774","WELLSTON 1 N, MI US","44.2294","-85.9572","235.6","2015-03","0.0","-23.9","16.1","3965.7","-1.9","4.2","-8.1"
"USC00208774","WELLSTON 1 N, MI US","44.2294","-85.9572","235.6","2015-04","0.0","-10.0","24.4","4318.3","6.6","14.0","-0.8"
"USC00208774","WELLSTON 1 N, MI US","44.2294","-85.9572","235.6","2015-05","19.8","-5.0","30.6","4455.9","14.5","22.1","6.9"
"USC00208774","WELLSTON 1 N, MI US","44.2294","-85.9572","235.6","2015-06","40.9","0.0","29.4","4499.6","17.6","25.0","10.2"
"US1MIGR0003","ALMA 0.3 NW, MI US","43.3818367","-84.6586301","224.9","2015-01",,,,,,,
"US1MIGR0003","ALMA 0.3 NW, MI US","43.3818367","-84.6586301","224.9","2015-02",,,,,,,
"US1MIGR0003","ALMA 0.3 NW, MI US","43.3818367","-84.6586301","224.9","2015-03",,,,,,,
"US1MIGR0003","ALMA 0.3 NW, MI US","43.3818367","-84.6586301","224.9","2015-04",,,,,,,
"US1MIGR0003","ALMA 0.3 NW, MI US","43.3818367","-84.6586301","224.9","2015-05",,,,,,,
"US1MIGR0003","ALMA 0.3 NW, MI US","43.3818367","-84.6586301","224.9","2015-06",,,,,,,
"USC00200925","BOYNE FALLS, MI US","45.1672","-84.9138","221.9","2015-01","0.0","-27.8","3.3","2452.6","-8.3","-3.5","-13.1"
"USC00200925","BOYNE FALLS, MI US","45.1672","-84.9138","221.9","2015-02","0.0","-33.3","-1.1","3348.5","-13.7","-7.2","-20.1"
"USC00200925","BOYNE FALLS, MI US","45.1672","-84.9138","221.9","2015-03","0.0","-27.2","15.6","3977.5","-2.0","4.2","-8.1"
"USC00200925","BOYNE FALLS, MI US","45.1672","-84.9138","221.9","2015-04","0.0","-10.0","22.8","4339.9","5.9","12.5","-0.7"
"USC00200925","BOYNE FALLS, MI US","45.1672","-84.9138","221.9","2015-05","34.0","-3.3","29.4","4466.6","15.4","23.3","7.4"
"USC00200925","BOYNE FALLS, MI US","45.1672","-84.9138","221.9","2015-06","53.5","0.0","28.3","4505.5","17.7","25.0","10.4"
"USC00203078","GARDEN CORNERS, MI US","45.8983","-86.5485","178.9","2015-01","0.0","-23.9","2.8","2822.0","-10.2","-5.2","-15.3"
"USC00203078","GARDEN CORNERS, MI US","45.8983","-86.5485","178.9","2015-02","0.0","-36.7","-0.6","3758.1","-16.3","-8.5","-24.1"
"USC00203078","GARDEN CORNERS, MI US","45.8983","-86.5485","178.9","2015-03","0.0","-29.4","10.6","4490.0","-5.3","1.6","-12.2"
"USC00203078","GARDEN CORNERS, MI US","45.8983","-86.5485","178.9","2015-04","0.0","-10.6","21.1","4938.3","3.4","9.0","-2.2"
"USC00203078","GARDEN CORNERS, MI US","45.8983","-86.5485","178.9","2015-05","0.0","-3.3","23.9","5159.3","11.2","17.3","5.1"
"USC00203078","GARDEN CORNERS, MI US","45.8983","-86.5485","178.9","2015-06","4.7","0.0","26.1","5258.3","15.1","21.4","8.8"
"USC00207312","SALINE 4 SW, MI US","42.1236","-83.8199","256.0","2015-01",,,,,,,
"USC00207312","SALINE 4 SW, MI US","42.1236","-83.8199","256.0","2015-02",,"-27.2","6.1",,"-11.4","-5.1","-17.8"
"USC00207312","SALINE 4 SW, MI US","42.1236","-83.8199","256.0","2015-03",,"-22.2","17.8",,"-0.5","5.6","-6.5"
"USC00207312","SALINE 4 SW, MI US","42.1236","-83.8199","256.0","2015-04",,"-4.4","25.0",,"8.7","15.3","2.0"
"USC00207312","SALINE 4 SW, MI US","42.1236","-83.8199","256.0","2015-05",,"2.2","29.4",,"16.6","23.1","10.2"
"USC00207312","SALINE 4 SW, MI US","42.1236","-83.8199","256.0","2015-06",,"5.0","31.1",,"19.2","24.8","13.6"
"USC00205390","MERRILL 1 N, MI US","43.4155","-83.2894","203.6","2015-01","0.0","-22.2","5.6",,"-7.7","-3.3","-12.1"
"USC00205390","MERRILL 1 N, MI US","43.4155","-83.2894","203.6","2015-03",,"-20.6","17.8",,"-0.4","5.1","-6.0"
"USC00205390","MERRILL 1 N, MI US","43.4155","-83.2894","203.6","2015-04",,"-5.6","24.4",,"7.5","13.6","1.5"
"USC00205390","MERRILL 1 N, MI US","43.4155","-83.2894","203.6","2015-05",,"0.6","30.6",,"15.9","22.3","9.6"
"USC00205390","MERRILL 1 N, MI US","43.4155","-83.2894","203.6","2015-06",,"3.3","30.6",,"18.4","24.3","12.5"
"USC00207690","SOUTH HAVEN, MI US","42.4014","-86.2826","179.8","2015-01","0.0","-22.8","6.1",,"-4.7","-0.9","-8.6"
"USC00207690","SOUTH HAVEN, MI US","42.4014","-86.2826","179.8","2015-02","0.0","-20.6","5.6",,"-9.2","-4.4","-14.0"
"USC00203096","GAYLORD, MI US","45.0332","-84.7113","401.7","2015-01","0.0","-30.6","1.7","2928.1","-11.9","-6.5","-17.3"
"USC00203096","GAYLORD, MI US","45.0332","-84.7113","401.7","2015-02","0.0","-37.2","-2.8","3934.5","-17.6","-10.4","-24.8"
"USC00203096","GAYLORD, MI US","45.0332","-84.7113","401.7","2015-03","0.0","-29.4","14.4","4666.6","-5.3","1.1","-11.7"
"USC00203096","GAYLORD, MI US","45.0332","-84.7113","401.7","2015-04","0.0","-10.6","20.0","5109.6","3.6","9.7","-2.6"
"USC00203096","GAYLORD, MI US","45.0332","-84.7113","401.7","2015-05","8.6","-2.8","28.9","5298.4","12.5","19.4","5.6"
"USC00203096","GAYLORD, MI US","45.0332","-84.7113","401.7","2015-06","10.9","0.0","26.7","5399.4","15.0","21.6","8.5"
"US1MIMS0001","SCOTTVILLE 6.6 NNW, MI US","44.035312","-86.340031","209.7","2015-01",,,,,,,
"US1MIMS0001","SCOTTVILLE 6.6 NNW, MI US","44.035312","-86.340031","209.7","2015-02",,,,,,,
"US1MIMS0001","SCOTTVILLE 6.6 NNW, MI US","44.035312","-86.340031","209.7","2015-04",,,,,,,
"US1MIEM0008","PETOSKEY 1.7 SSW, MI US","45.3420906066895","-84.9653244018555","268.8","2015-05",,,,,,,
"US1MIEM0008","PETOSKEY 1.7 SSW, MI US","45.3420906066895","-84.9653244018555","268.8","2015-06",,,,,,,
"US1MIEM0005","HARBOR SPRINGS 0.7 ENE, MI US","45.4345","-84.9754","208.5","2015-02",,,,,,,
"US1MIEM0005","HARBOR SPRINGS 0.7 ENE, MI US","45.4345","-84.9754","208.5","2015-03",,,,,,,
"US1MIEM0005","HARBOR SPRINGS 0.7 ENE, MI US","45.4345","-84.9754","208.5","2015-04",,,,,,,
"US1MIEM0005","HARBOR SPRINGS 0.7 ENE, MI US","45.4345","-84.9754","208.5","2015-05",,,,,,,
"US1MIEM0005","HARBOR SPRINGS 0.7 ENE, MI US","45.4345","-84.9754","208.5","2015-06",,,,,,,
"USC00208779","WEST BLOOMFIELD, MI US","42.5413","-83.343","271.3","2015-01",,,,,,,
"USC00208779","WEST BLOOMFIELD, MI US","42.5413","-83.343","271.3","2015-05",,,,,,,
"USC00208779","WEST BLOOMFIELD, MI US","42.5413","-83.343","271.3","2015-06",,,,,,,
"USC00208417","VANDERBILT 11 ENE, MI US","45.1702","-84.4397","275.8","2015-01","0.0","-30.0","2.2","2892.1","-11.5","-5.2","-17.8"
"USC00208417","VANDERBILT 11 ENE, MI US","45.1702","-84.4397","275.8","2015-02","0.0","-37.2","-2.2","3899.0","-17.6","-9.3","-26.0"
"USC00208417","VANDERBILT 11 ENE, MI US","45.1702","-84.4397","275.8","2015-03",,,,,,,
"USC00208417","VANDERBILT 11 ENE, MI US","45.1702","-84.4397","275.8","2015-04",,"-11.1","21.1",,"3.8","11.1","-3.5"
"USC00208417","VANDERBILT 11 ENE, MI US","45.1702","-84.4397","275.8","2015-05",,"-4.4","30.6",,"12.7","20.7","4.8"
"USC00208417","VANDERBILT 11 ENE, MI US","45.1702","-84.4397","275.8","2015-06",,"-2.2","28.3",,"14.9","22.9","6.9"
"USC00207222","SAGINAW NUMBER 3, MI US","43.4122","-83.9561","182.9","2015-01","0.0","-22.8","5.6","2197.4","-7.3","-3.4","-11.3"
"USC00207222","SAGINAW NUMBER 3, MI US","43.4122","-83.9561","182.9","2015-02","0.0","-28.9","1.7","3063.9","-12.6","-6.7","-18.5"
"USC00207222","SAGINAW NUMBER 3, MI US","43.4122","-83.9561","182.9","2015-03","0.0","-17.2","16.1","3660.6","-0.9","4.7","-6.6"
"USC00207222","SAGINAW NUMBER 3, MI US","43.4122","-83.9561","182.9","2015-04","0.0","-5.6","23.9","3983.1","7.6","13.5","1.7"
"USC00207222","SAGINAW NUMBER 3, MI US","43.4122","-83.9561","182.9","2015-05","34.8","1.7","30.6","4083.5","16.1","22.2","10.1"
"USC00207222","SAGINAW NUMBER 3, MI US","43.4122","-83.9561","182.9","2015-06","82.1","5.0","30.0","4119.5","18.7","24.5","13.0"
"US1MISW0005","DURAND 6.2 WNW, MI US","42.9299547","-84.1046428","249.9","2015-01",,,,,,,
"US1MISW0005","DURAND 6.2 WNW, MI US","42.9299547","-84.1046428","249.9","2015-02",,,,,,,
"US1MISW0005","DURAND 6.2 WNW, MI US","42.9299547","-84.1046428","249.9","2015-03",,,,,,,
"US1MISW0005","DURAND 6.2 WNW, MI US","42.9299547","-84.1046428","249.9","2015-04",,,,,,,
"US1MISW0005","DURAND 6.2 WNW, MI US","42.9299547","-84.1046428","249.9","2015-05",,,,,,,
"US1MISW0005","DURAND 6.2 WNW, MI US","42.9299547","-84.1046428","249.9","2015-06",,,,,,,
"USC00206013","NWSFO GRAND RAPIDS, MI US","42.89336","-85.54472","236.2","2015-01",,,,,,,
"USC00206013","NWSFO GRAND RAPIDS, MI US","42.89336","-85.54472","236.2","2015-02",,,,,,,
"USC00206013","NWSFO GRAND RAPIDS, MI US","42.89336","-85.54472","236.2","2015-03",,,,,,,
"USC00206013","NWSFO GRAND RAPIDS, MI US","42.89336","-85.54472","236.2","2015-04",,,,,,,
"USC00206013","NWSFO GRAND RAPIDS, MI US","42.89336","-85.54472","236.2","2015-05",,,,,,,
"USC00206013","NWSFO GRAND RAPIDS, MI US","42.89336","-85.54472","236.2","2015-06",,,,,,,
"USC00206012","NW MICHIGAN RESEARCH FARM, MI US","44.883","-85.6752","249.9","2015-01","0.0","-17.2","2.8","2263.2","-7.6","-4.3","-10.8"
"USC00206012","NW MICHIGAN RESEARCH FARM, MI US","44.883","-85.6752","249.9","2015-02","0.0","-25.6","-0.6","3111.6","-12.0","-7.8","-16.1"
"USC00206012","NW MICHIGAN RESEARCH FARM, MI US","44.883","-85.6752","249.9","2015-03","0.0","-16.7","15.6","3715.6","-1.1","3.3","-5.6"
"USC00206012","NW MICHIGAN RESEARCH FARM, MI US","44.883","-85.6752","249.9","2015-04","0.0","-6.1","21.7","4077.3","6.3","11.1","1.4"
"USC00206012","NW MICHIGAN RESEARCH FARM, MI US","44.883","-85.6752","249.9","2015-05","18.4","0.6","30.0","4233.4","13.9","19.6","8.2"
"USC00206012","NW MICHIGAN RESEARCH FARM, MI US","44.883","-85.6752","249.9","2015-06","37.0","5.0","27.8","4278.6","17.4","22.8","12.1"
"US1MIJC0005","JACKSON 2.8 WSW, MI US","42.228812","-84.456537","302.4","2015-05",,,,,,,
"US1MIJC0005","JACKSON 2.8 WSW, MI US","42.228812","-84.456537","302.4","2015-06",,,,,,,
"US1MICP0011","SAULT STE. MARIE 7.8 SE, MI US","46.3928490132093","-84.2700029164553","183.2","2015-05",,,,,,,
"US1MICP0011","SAULT STE. MARIE 7.8 SE, MI US","46.3928490132093","-84.2700029164553","183.2","2015-06",,,,,,,
"USW00054810","CHATHAM 1 SE, MI US","46.3345","-86.92","266.7","2015-01","0.0","-24.6","1.1","3025.9","-10.5","-5.7","-15.2"
"USW00054810","CHATHAM 1 SE, MI US","46.3345","-86.92","266.7","2015-02","0.0","-34.8","-3.4","3987.2","-16.0","-10.3","-21.7"
"USW00054810","CHATHAM 1 SE, MI US","46.3345","-86.92","266.7","2015-03","0.0","-29.1","11.9","4693.3","-4.4","1.5","-10.4"
"USW00054810","CHATHAM 1 SE, MI US","46.3345","-86.92","266.7","2015-04","0.0","-12.0","18.0","5150.0","3.1","8.6","-2.4"
"USW00054810","CHATHAM 1 SE, MI US","46.3345","-86.92","266.7","2015-05","0.0","-4.9","26.7","5381.6","10.6","17.7","3.5"
"USW00054810","CHATHAM 1 SE, MI US","46.3345","-86.92","266.7","2015-06","0.0","-0.8","25.6","5528.2","13.4","20.1","6.9"
"USW00054813","MUNSING LAKESHORE, MI US","46.412036","-86.650452","186.5","2015-01","0.0","-22.1","3.3",,"-8.4","-4.0","-12.9"
"USW00054813","MUNSING LAKESHORE, MI US","46.412036","-86.650452","186.5","2015-02","0.0","-29.3","-1.6",,"-13.3","-8.7","-17.9"
"USW00054813","MUNSING LAKESHORE, MI US","46.412036","-86.650452","186.5","2015-03","0.0","-20.5","15.0",,"-2.2","3.0","-7.4"
"USW00054813","MUNSING LAKESHORE, MI US","46.412036","-86.650452","186.5","2015-04","0.0","-8.8","18.9",,"3.6","7.9","-0.8"
"USW00054813","MUNSING LAKESHORE, MI US","46.412036","-86.650452","186.5","2015-05","2.5","-1.6","28.9",,"11.1","17.3","5.0"
"USW00054813","MUNSING LAKESHORE, MI US","46.412036","-86.650452","186.5","2015-06","6.6","0.0","27.8",,"13.9","19.3","8.5"
"US1MISN0001","BROWN CITY 0.7 ESE, MI US","43.206959","-82.976599","245.1","2015-06",,,,,,,
"USC00203099","GAYLORD 9 SSW, MI US","44.90715","-84.71891","447.4","2015-01","0.0","-20.6","2.2","2732.2","-9.4","-5.4","-13.4"
"USC00203099","GAYLORD 9 SSW, MI US","44.90715","-84.71891","447.4","2015-02","0.0","-27.2","-1.7","3629.1","-13.7","-9.0","-18.4"
"USC00203099","GAYLORD 9 SSW, MI US","44.90715","-84.71891","447.4","2015-03","0.0","-21.1","14.4","4285.0","-2.8","2.4","-8.1"
"USC00203099","GAYLORD 9 SSW, MI US","44.90715","-84.71891","447.4","2015-04","0.0","-9.4","20.6","4681.3","5.1","10.5","-0.3"
"USC00203099","GAYLORD 9 SSW, MI US","44.90715","-84.71891","447.4","2015-05","14.5","-2.2","29.4","4847.2","13.4","19.8","7.1"
"USC00203099","GAYLORD 9 SSW, MI US","44.90715","-84.71891","447.4","2015-06","18.4","3.3","26.7","4918.6","16.1","22.3","9.8"
"USC00206007","NORTHPORT 2 W, MI US","45.1322","-85.6472","227.4","2015-01","0.0","-16.1","5.0","2418.6","-7.1","-3.2","-11.1"
"USC00206007","NORTHPORT 2 W, MI US","45.1322","-85.6472","227.4","2015-02","0.0","-26.7","-1.1","3277.3","-12.3","-7.6","-17.1"
"USC00206007","NORTHPORT 2 W, MI US","45.1322","-85.6472","227.4","2015-03","0.0","-21.7","15.0","3916.7","-2.3","2.5","-7.1"
"USC00206007","NORTHPORT 2 W, MI US","45.1322","-85.6472","227.4","2015-04","0.0","-9.4","19.4","4313.0","5.1","9.8","0.4"
"USC00206007","NORTHPORT 2 W, MI US","45.1322","-85.6472","227.4","2015-05","7.2","-1.1","27.2","4496.4","12.6","18.5","6.8"
"USC00206007","NORTHPORT 2 W, MI US","45.1322","-85.6472","227.4","2015-06","8.9","3.3","26.1","4600.7","14.9","20.3","9.5"
"USC00201250","CARLETON 2 W, MI US","42.0636","-83.4358","191.1","2015-01","0.0","-20.0","6.7","2117.1","-6.2","-2.0","-10.5"
"USC00201250","CARLETON 2 W, MI US","42.0636","-83.4358","191.1","2015-02","0.0","-30.6","7.2","2946.3","-11.3","-4.8","-17.8"
"USC00201250","CARLETON 2 W, MI US","42.0636","-83.4358","191.1","2015-03","0.0","-22.2","15.0","3492.5","0.7","6.2","-4.7"
"USC00201250","CARLETON 2 W, MI US","42.0636","-83.4358","191.1","2015-04","0.0","-4.4","23.9","3777.6","8.8","15.1","2.5"
"USC00201250","CARLETON 2 W, MI US","42.0636","-83.4358","191.1","2015-05","39.2","2.2","30.0","3856.1","17.1","23.1","11.1"
"USC00201250","CARLETON 2 W, MI US","42.0636","-83.4358","191.1","2015-06","103.3","7.2","31.7","3872.7","19.9","24.7","15.1"
"USC00201492","CHEBOYGAN, MI US","45.65225","-84.47239","177.4","2015-01","0.0","-23.3","3.3","2583.2","-9.6","-4.4","-14.8"
"USC00201492","CHEBOYGAN, MI US","45.65225","-84.47239","177.4","2015-02","0.0","-35.6","-0.6","3513.9","-14.9","-7.7","-22.2"
"USC00201492","CHEBOYGAN, MI US","45.65225","-84.47239","177.4","2015-03","0.0","-23.3","10.6","4195.6","-3.7","2.2","-9.5"
"USC00201492","CHEBOYGAN, MI US","45.65225","-84.47239","177.4","2015-04","0.0","-8.3","21.7","4626.4","4.0","8.9","-1.0"
"USC00201492","CHEBOYGAN, MI US","45.65225","-84.47239","177.4","2015-05","2.0","-1.1","27.8","4839.7","11.5","17.8","5.3"
"USC00201492","CHEBOYGAN, MI US","45.65225","-84.47239","177.4","2015-06","6.7","2.8","31.1","4950.5","14.8","20.3","9.3"
"US1MIIH0025","LESLIE 2.7 NE, MI US","42.480516","-84.39856","294.7","2015-04",,,,,,,
"US1MIIH0025","LESLIE 2.7 NE, MI US","42.480516","-84.39856","294.7","2015-05",,,,,,,
"US1MIOC0002","MONTAGUE 8.1 NW, MI US","43.5","-86.47","224.6","2015-03",,,,,,,
"US1MIOC0002","MONTAGUE 8.1 NW, MI US","43.5","-86.47","224.6","2015-05",,,,,,,
"USW00014853","DETROIT WILLOW RUN AIRPORT, MI US","42.23666","-83.52638","215.7","2015-01","0.0","-20.5","7.2","1896.7","-4.9","-0.6","-9.1"
"USW00014853","DETROIT WILLOW RUN AIRPORT, MI US","42.23666","-83.52638","215.7","2015-02","0.0","-27.7","6.1","2681.7","-9.7","-4.0","-15.4"
"USW00014853","DETROIT WILLOW RUN AIRPORT, MI US","42.23666","-83.52638","215.7","2015-03","0.0","-19.3","18.3","3185.6","2.1","7.6","-3.4"
"USW00014853","DETROIT WILLOW RUN AIRPORT, MI US","42.23666","-83.52638","215.7","2015-04","0.3","-3.2","27.8","3412.6","10.8","17.6","3.9"
"USW00014853","DETROIT WILLOW RUN AIRPORT, MI US","42.23666","-83.52638","215.7","2015-05","72.6","3.3","33.3","3464.4","19.0","25.6","12.4"
"USW00014853","DETROIT WILLOW RUN AIRPORT, MI US","42.23666","-83.52638","215.7","2015-06","177.4","7.2","33.9","3472.7","21.6","27.1","16.0"
"US1MICL0005","HARRISON 5.2 ESE, MI US","43.9886536449194","-84.7022844851017","296.9","2015-01",,,,,,,
"US1MICL0005","HARRISON 5.2 ESE, MI US","43.9886536449194","-84.7022844851017","296.9","2015-02",,,,,,,
"US1MICL0005","HARRISON 5.2 ESE, MI US","43.9886536449194","-84.7022844851017","296.9","2015-03",,,,,,,
"US1MICL0005","HARRISON 5.2 ESE, MI US","43.9886536449194","-84.7022844851017","296.9","2015-04",,,,,,,
"US1MICL0005","HARRISON 5.2 ESE, MI US","43.9886536449194","-84.7022844851017","296.9","2015-05",,,,,,,
"US1MICL0005","HARRISON 5.2 ESE, MI US","43.9886536449194","-84.7022844851017","296.9","2015-06",,,,,,,
"USW00014850","TRAVERSE CITY CHERRY CAPITAL AIRPORT, MI US","44.73895","-85.5679","185.2","2015-01","0.0","-25.5","5.6","2341.2","-7.5","-3.1","-11.8"
"USW00014850","TRAVERSE CITY CHERRY CAPITAL AIRPORT, MI US","44.73895","-85.5679","185.2","2015-02","0.0","-29.9","1.1","3200.8","-12.4","-7.3","-17.4"
"USW00014850","TRAVERSE CITY CHERRY CAPITAL AIRPORT, MI US","44.73895","-85.5679","185.2","2015-03","0.0","-23.2","16.1","3806.0","-1.2","4.5","-6.9"
"USW00014850","TRAVERSE CITY CHERRY CAPITAL AIRPORT, MI US","44.73895","-85.5679","185.2","2015-04","0.0","-7.7","22.2","4171.3","6.2","11.8","0.5"
"USW00014850","TRAVERSE CITY CHERRY CAPITAL AIRPORT, MI US","44.73895","-85.5679","185.2","2015-05","17.7","-1.6","31.7","4323.3","14.0","20.9","7.1"
"USW00014850","TRAVERSE CITY CHERRY CAPITAL AIRPORT, MI US","44.73895","-85.5679","185.2","2015-06","30.0","2.8","28.9","4374.2","17.1","23.5","10.6"
"USW00094889","ANN ARBOR MUNICIPAL AIRPORT, MI US","42.22393","-83.73983","250.6","2015-01","0.0","-22.1","5.0","2233.8","-6.7","-2.2","-11.3"
"USW00094889","ANN ARBOR MUNICIPAL AIRPORT, MI US","42.22393","-83.73983","250.6","2015-02","0.0","-34.3","5.6","3088.4","-12.2","-5.5","-18.9"
"USW00094889","ANN ARBOR MUNICIPAL AIRPORT, MI US","42.22393","-83.73983","250.6","2015-03","0.0","-25.5","17.8","3660.9","-0.1","6.0","-6.3"
"USW00094889","ANN ARBOR MUNICIPAL AIRPORT, MI US","42.22393","-83.73983","250.6","2015-04","0.0","-7.1","25.0","3960.7","8.3","15.7","1.0"
"USW00094889","ANN ARBOR MUNICIPAL AIRPORT, MI US","42.22393","-83.73983","250.6","2015-05","31.8","0.0","30.0","4049.6","16.5","23.1","9.9"
"USW00094889","ANN ARBOR MUNICIPAL AIRPORT, MI US","42.22393","-83.73983","250.6","2015-06","73.7","3.9","31.1","4075.8","18.9","24.8","12.9"
"USC00203429","GREENVILLE 2 NNE, MI US","43.2026","-85.2421","270.7","2015-01","0.0","-27.2","6.1",,"-7.2","-1.9","-12.5"
"USC00203429","GREENVILLE 2 NNE, MI US","43.2026","-85.2421","270.7","2015-02","0.0","-30.6","2.2",,"-12.0","-5.6","-18.4"
"USC00203429","GREENVILLE 2 NNE, MI US","43.2026","-85.2421","270.7","2015-03","0.0","-21.1","19.4",,"-0.2","6.9","-7.3"
"USC00203429","GREENVILLE 2 NNE, MI US","43.2026","-85.2421","270.7","2015-04","0.0","-9.4","24.4",,"7.9","15.9","-0.1"
"USC00203429","GREENVILLE 2 NNE, MI US","43.2026","-85.2421","270.7","2015-05","26.1","-2.8","30.0",,"15.9","23.6","8.3"
"USC00203429","GREENVILLE 2 NNE, MI US","43.2026","-85.2421","270.7","2015-06","60.7","0.6","29.4",,"18.5","25.8","11.1"
"US1MIBY0001","BAY CITY 4.8 N, MI US","43.6595101","-83.8884558","178.3","2015-02",,,,,,,
"US1MIBY0001","BAY CITY 4.8 N, MI US","43.6595101","-83.8884558","178.3","2015-04",,,,,,,
"US1MIBY0001","BAY CITY 4.8 N, MI US","43.6595101","-83.8884558","178.3","2015-05",,,,,,,
"US1MIBY0001","BAY CITY 4.8 N, MI US","43.6595101","-83.8884558","178.3","2015-06",,,,,,,
"US1MIBR0013","HASTINGS 4.3 SSW, MI US","42.5917797","-85.3160631","277.4","2015-01",,,,,,,
"US1MIBR0013","HASTINGS 4.3 SSW, MI US","42.5917797","-85.3160631","277.4","2015-02",,,,,,,
"US1MIBR0013","HASTINGS 4.3 SSW, MI US","42.5917797","-85.3160631","277.4","2015-03",,,,,,,
"US1MIBR0013","HASTINGS 4.3 SSW, MI US","42.5917797","-85.3160631","277.4","2015-04",,,,,,,
"US1MIBR0013","HASTINGS 4.3 SSW, MI US","42.5917797","-85.3160631","277.4","2015-05",,,,,,,
"US1MIBR0013","HASTINGS 4.3 SSW, MI US","42.5917797","-85.3160631","277.4","2015-06",,,,,,,
"USC00203306","GRAND LEDGE 1 NW, MI US","42.7621","-84.7617","244.1","2015-01",,,,,,,
"USC00203306","GRAND LEDGE 1 NW, MI US","42.7621","-84.7617","244.1","2015-02",,,,,,,
"USC00203306","GRAND LEDGE 1 NW, MI US","42.7621","-84.7617","244.1","2015-03",,,,,,,
"USC00203306","GRAND LEDGE 1 NW, MI US","42.7621","-84.7617","244.1","2015-04",,,,,,,
"USC00203306","GRAND LEDGE 1 NW, MI US","42.7621","-84.7617","244.1","2015-05",,,,,,,
"USC00203306","GRAND LEDGE 1 NW, MI US","42.7621","-84.7617","244.1","2015-06",,,,,,,
"US1MIBR0012","FREEPORT 1.6 S, MI US","42.740322","-85.31609","264.0","2015-05",,,,,,,
"US1MIBR0012","FREEPORT 1.6 S, MI US","42.740322","-85.31609","264.0","2015-06",,,,,,,
"US1MIMN0006","WELLSTON 3.9 WNW, MI US","44.2337","-86.0358","222.5","2015-01",,,,,,,
"US1MIMN0006","WELLSTON 3.9 WNW, MI US","44.2337","-86.0358","222.5","2015-04",,,,,,,
"US1MIMN0006","WELLSTON 3.9 WNW, MI US","44.2337","-86.0358","222.5","2015-05",,,,,,,
"US1MIMN0006","WELLSTON 3.9 WNW, MI US","44.2337","-86.0358","222.5","2015-06",,,,,,,
"USW00014847","SAULT STE MARIE SANDERSON FIELD, MI US","46.47998","-84.35809","219.8","2015-01","0.0","-25.5","1.7","2773.2","-11.4","-6.2","-16.6"
"USW00014847","SAULT STE MARIE SANDERSON FIELD, MI US","46.47998","-84.35809","219.8","2015-02","0.0","-31.0","-3.2","3735.9","-16.1","-10.6","-21.5"
"USW00014847","SAULT STE MARIE SANDERSON FIELD, MI US","46.47998","-84.35809","219.8","2015-03","0.0","-26.0","8.3","4474.9","-5.5","-0.1","-10.9"
"USW00014847","SAULT STE MARIE SANDERSON FIELD, MI US","46.47998","-84.35809","219.8","2015-04","0.0","-10.5","17.2","4921.9","3.4","7.9","-1.0"
"USW00014847","SAULT STE MARIE SANDERSON FIELD, MI US","46.47998","-84.35809","219.8","2015-05","1.1","-1.0","26.1","5130.2","11.6","17.8","5.5"
"USW00014847","SAULT STE MARIE SANDERSON FIELD, MI US","46.47998","-84.35809","219.8","2015-06","4.4","3.3","27.8","5237.1","14.9","21.2","8.5"
"USC00203421","GREENLAND 6 N, MI US","46.8736","-89.1006","241.1","2015-01","0.0","-18.9","3.3","2857.6","-8.0","-4.8","-11.2"
"USC00203421","GREENLAND 6 N, MI US","46.8736","-89.1006","241.1","2015-02","0.0","-24.4","-1.7","3726.5","-12.7","-8.5","-16.9"
"USC00203421","GREENLAND 6 N, MI US","46.8736","-89.1006","241.1","2015-03","0.0","-21.1","17.2","4374.1","-2.6","3.3","-8.4"
"USC00203421","GREENLAND 6 N, MI US","46.8736","-89.1006","241.1","2015-04","0.0","-6.7","23.9","4792.0","4.4","10.3","-1.5"
"USC00203421","GREENLAND 6 N, MI US","46.8736","-89.1006","241.1","2015-05","2.7","-1.7","29.4","5029.6","10.8","17.6","3.9"
"USC00203421","GREENLAND 6 N, MI US","46.8736","-89.1006","241.1","2015-06","2.7","-0.6","26.1","5151.8","14.3","21.1","7.4"
"USC00201361","CASS CITY 1 SSW, MI US","43.5861","-83.1805","212.8","2015-02",,"-33.3","0.6",,"-14.3","-7.4","-21.2"
"USC00201361","CASS CITY 1 SSW, MI US","43.5861","-83.1805","212.8","2015-03",,"-24.4","12.8",,"-2.5","3.9","-8.9"
"USC00200032","ADRIAN 2 NNE, MI US","41.91636","-84.01635","231.6","2015-01","0.0","-21.1","5.6","2155.3","-6.1","-2.1","-10.2"
"USC00200032","ADRIAN 2 NNE, MI US","41.91636","-84.01635","231.6","2015-02","0.0","-27.8","6.7","2975.9","-11.0","-5.3","-16.6"
"USC00200032","ADRIAN 2 NNE, MI US","41.91636","-84.01635","231.6","2015-03","0.0","-18.3","17.2","3528.9","0.5","6.0","-5.0"
"USC00200032","ADRIAN 2 NNE, MI US","41.91636","-84.01635","231.6","2015-04","0.0","-3.9","25.0","3801.8","9.2","15.7","2.8"
"USC00200032","ADRIAN 2 NNE, MI US","41.91636","-84.01635","231.6","2015-05","41.7","0.0","30.6","3873.1","17.4","24.1","10.6"
"USC00200032","ADRIAN 2 NNE, MI US","41.91636","-84.01635","231.6","2015-06","106.1","5.6","32.2","3890.1","19.9","25.2","14.6"
"US1MIBY0006","BAY CITY 2.2 WNW, MI US","43.6024894714355","-83.9293670654297","183.2","2015-01",,,,,,,
"US1MIBY0006","BAY CITY 2.2 WNW, MI US","43.6024894714355","-83.9293670654297","183.2","2015-02",,,,,,,
"US1MIBY0006","BAY CITY 2.2 WNW, MI US","43.6024894714355","-83.9293670654297","183.2","2015-03",,,,,,,
"US1MIBY0006","BAY CITY 2.2 WNW, MI US","43.6024894714355","-83.9293670654297","183.2","2015-04",,,,,,,
"US1MIBY0006","BAY CITY 2.2 WNW, MI US","43.6024894714355","-83.9293670654297","183.2","2015-05",,,,,,,
"US1MIBY0006","BAY CITY 2.2 WNW, MI US","43.6024894714355","-83.9293670654297","183.2","2015-06",,,,,,,
"USC00203661","HASTINGS, MI US","42.64208","-85.28819","250.2","2015-01","0.0","-26.1","7.2","2281.2","-6.9","-2.9","-10.8"
"USC00203661","HASTINGS, MI US","42.64208","-85.28819","250.2","2015-02","0.0","-27.8","6.7","3113.3","-11.4","-5.3","-17.4"
"USC00203661","HASTINGS, MI US","42.64208","-85.28819","250.2","2015-03","0.0","-21.1","21.7","3695.8","-0.5","5.9","-6.9"
"USC00203661","HASTINGS, MI US","42.64208","-85.28819","250.2","2015-04","0.0","-5.6","24.4","4014.1","7.7","15.0","0.5"
"USC00203661","HASTINGS, MI US","42.64208","-85.28819","250.2","2015-05","27.1","2.2","30.0","4121.9","15.7","22.1","9.3"
"USC00203661","HASTINGS, MI US","42.64208","-85.28819","250.2","2015-06","58.5","3.3","28.3","4144.1","18.5","24.5","12.5"
"USC00205603","MORENCI, MI US","41.7216","-84.2147","234.7","2015-01","0.0","-21.1","6.1",,"-6.4","-1.8","-11.1"
"USC00205603","MORENCI, MI US","41.7216","-84.2147","234.7","2015-02","0.0","-26.7","8.3",,"-10.7","-3.9","-17.5"
"USC00205603","MORENCI, MI US","41.7216","-84.2147","234.7","2015-03","0.0","-21.7","18.9",,"0.0","6.3","-6.4"
"USC00205603","MORENCI, MI US","41.7216","-84.2147","234.7","2015-04","0.0","-4.4","26.7",,"8.4","15.8","1.0"
"USC00205603","MORENCI, MI US","41.7216","-84.2147","234.7","2015-05","39.2","2.2","31.1",,"17.0","23.9","10.1"
"USC00205603","MORENCI, MI US","41.7216","-84.2147","234.7","2015-06","106.2","5.6","31.7",,"19.9","25.7","14.0"
"USC00201486","CHATHAM EXPERIMENT FARM 2, MI US","46.3414","-86.9242","265.2","2015-01","0.0","-25.0","1.1","2932.3","-10.8","-5.6","-15.9"
"USC00201486","CHATHAM EXPERIMENT FARM 2, MI US","46.3414","-86.9242","265.2","2015-02","0.0","-32.8","-2.2","3870.6","-15.2","-9.3","-21.1"
"USC00201486","CHATHAM EXPERIMENT FARM 2, MI US","46.3414","-86.9242","265.2","2015-03","0.0","-28.3","12.8","4583.0","-4.6","1.7","-11.0"
"USC00201486","CHATHAM EXPERIMENT FARM 2, MI US","46.3414","-86.9242","265.2","2015-04","0.0","-10.6","18.3","5038.3","3.2","8.5","-2.2"
"USC00201486","CHATHAM EXPERIMENT FARM 2, MI US","46.3414","-86.9242","265.2","2015-05","1.1","-4.4","27.2","5258.2","11.3","18.0","4.6"
"USC00201486","CHATHAM EXPERIMENT FARM 2, MI US","46.3414","-86.9242","265.2","2015-06","3.6","-1.1","27.8","5378.9","14.4","21.1","7.7"
"US1MIBY0002","BAY CITY 5.3 N, MI US","43.666367","-83.90605","178.3","2015-01",,,,,,,
"US1MIBY0002","BAY CITY 5.3 N, MI US","43.666367","-83.90605","178.3","2015-02",,,,,,,
"US1MIBY0002","BAY CITY 5.3 N, MI US","43.666367","-83.90605","178.3","2015-03",,,,,,,
"US1MIBY0002","BAY CITY 5.3 N, MI US","43.666367","-83.90605","178.3","2015-04",,,,,,,
"US1MIBY0002","BAY CITY 5.3 N, MI US","43.666367","-83.90605","178.3","2015-05",,,,,,,
"US1MIBY0002","BAY CITY 5.3 N, MI US","43.666367","-83.90605","178.3","2015-06",,,,,,,
"US1MION0001","ONTONAGON 0.3 NE, MI US","46.8695528","-89.309289","193.9","2015-01",,,,,,,
"US1MION0001","ONTONAGON 0.3 NE, MI US","46.8695528","-89.309289","193.9","2015-02",,,,,,,
"US1MION0001","ONTONAGON 0.3 NE, MI US","46.8695528","-89.309289","193.9","2015-03",,,,,,,
"US1MION0001","ONTONAGON 0.3 NE, MI US","46.8695528","-89.309289","193.9","2015-04",,,,,,,
"US1MION0001","ONTONAGON 0.3 NE, MI US","46.8695528","-89.309289","193.9","2015-05",,,,,,,
"US1MION0001","ONTONAGON 0.3 NE, MI US","46.8695528","-89.309289","193.9","2015-06",,,,,,,
"USC00200050","AHMEEK 1 SW, MI US","47.292","-88.4209","331.6","2015-02",,"-23.3","-2.2",,"-13.4","-9.8","-17.1"
"USC00200050","AHMEEK 1 SW, MI US","47.292","-88.4209","331.6","2015-03",,"-19.4","13.3",,"-3.1","1.8","-8.0"
"USC00200050","AHMEEK 1 SW, MI US","47.292","-88.4209","331.6","2015-05",,"-1.7","30.0",,"10.2","16.1","4.3"
"USC00200050","AHMEEK 1 SW, MI US","47.292","-88.4209","331.6","2015-06",,"1.7","25.6",,"14.1","20.2","8.1"
"USW00094893","IRON MOUNTAIN FORD AIRPORT, MI US","45.81339","-88.11292","343.2","2015-01","0.0","-31.6","2.8","2952.7","-10.7","-5.7","-15.6"
"USW00094893","IRON MOUNTAIN FORD AIRPORT, MI US","45.81339","-88.11292","343.2","2015-02","0.0","-31.6","-2.7","3889.3","-15.1","-9.0","-21.2"
"USW00094893","IRON MOUNTAIN FORD AIRPORT, MI US","45.81339","-88.11292","343.2","2015-03","0.0","-27.7","15.0","4524.8","-2.2","4.5","-8.9"
"USW00094893","IRON MOUNTAIN FORD AIRPORT, MI US","45.81339","-88.11292","343.2","2015-04","0.0","-8.8","24.4","4915.8","5.3","12.5","-1.9"
"USW00094893","IRON MOUNTAIN FORD AIRPORT, MI US","45.81339","-88.11292","343.2","2015-05","3.9","-3.8","28.9","5099.8","12.5","20.3","4.7"
"USW00094893","IRON MOUNTAIN FORD AIRPORT, MI US","45.81339","-88.11292","343.2","2015-06","9.1","0.0","27.8","5179.3","15.9","23.2","8.6"
"USW00094898","PORT HOPE, MI US","44.021772","-82.792932","180.0","2015-01","0.0","-19.9","5.0","2159.1","-6.8","-3.0","-10.5"
"USW00094898","PORT HOPE, MI US","44.021772","-82.792932","180.0","2015-02","0.0","-26.6","0.0","2997.3","-11.6","-7.4","-15.8"
"USW00094898","PORT HOPE, MI US","44.021772","-82.792932","180.0","2015-03","0.0","-17.7","11.7","3595.3","-1.6","2.2","-5.4"
"USW00094898","PORT HOPE, MI US","44.021772","-82.792932","180.0","2015-04","0.0","-3.8","19.4","3960.2","5.8","9.7","1.8"
"USW00094898","PORT HOPE, MI US","44.021772","-82.792932","180.0","2015-05",,,,,,,
"USW00094898","PORT HOPE, MI US","44.021772","-82.792932","180.0","2015-06",,"5.6","28.9",,"15.5","20.1","10.9"
"USW00094899","COPPER HARBOR, MI US","47.467386","-87.875032","185.0","2015-01","0.0","-18.8","3.3","2691.5","-8.2","-4.6","-11.8"
"USW00094899","COPPER HARBOR, MI US","47.467386","-87.875032","185.0","2015-02","0.0","-26.6","-2.1","3565.7","-12.9","-9.2","-16.5"
"USW00094899","COPPER HARBOR, MI US","47.467386","-87.875032","185.0","2015-03","0.0","-21.0","15.6","4231.2","-3.1","1.3","-7.6"
"USW00094899","COPPER HARBOR, MI US","47.467386","-87.875032","185.0","2015-04","0.0","-11.0","19.4","4682.4","3.3","7.3","-0.7"
"USW00094899","COPPER HARBOR, MI US","47.467386","-87.875032","185.0","2015-05","0.0","0.0","27.2","4941.1","10.0","15.4","4.6"
"USW00094899","COPPER HARBOR, MI US","47.467386","-87.875032","185.0","2015-06","0.0","1.1","23.9","5111.3","12.7","17.9","7.4"
"US1MIBR0003","MIDDLEVILLE 4.3 SSE, MI US","42.653203","-85.440492","238.4","2015-01",,,,,,,
"US1MIIH0031","LANSING 1.9 WSW, MI US","42.6985397338867","-84.5876312255859","269.1","2015-01",,,,,,,
"US1MIIH0031","LANSING 1.9 WSW, MI US","42.6985397338867","-84.5876312255859","269.1","2015-02",,,,,,,
"US1MIIH0031","LANSING 1.9 WSW, MI US","42.6985397338867","-84.5876312255859","269.1","2015-03",,,,,,,
"US1MIIH0031","LANSING 1.9 WSW, MI US","42.6985397338867","-84.5876312255859","269.1","2015-04",,,,,,,
"US1MIIH0031","LANSING 1.9 WSW, MI US","42.6985397338867","-84.5876312255859","269.1","2015-05",,,,,,,
"US1MIIH0031","LANSING 1.9 WSW, MI US","42.6985397338867","-84.5876312255859","269.1","2015-06",,,,,,,
"US1MIIH0032","WILLIAMSTON 4.0 ESE, MI US","42.6585884094238","-84.2163162231445","271.3","2015-01",,,,,,,
"US1MIIH0032","WILLIAMSTON 4.0 ESE, MI US","42.6585884094238","-84.2163162231445","271.3","2015-02",,,,,,,
"US1MIIH0032","WILLIAMSTON 4.0 ESE, MI US","42.6585884094238","-84.2163162231445","271.3","2015-03",,,,,,,
"US1MIIH0032","WILLIAMSTON 4.0 ESE, MI US","42.6585884094238","-84.2163162231445","271.3","2015-04",,,,,,,
"US1MIIH0032","WILLIAMSTON 4.0 ESE, MI US","42.6585884094238","-84.2163162231445","271.3","2015-05",,,,,,,
"US1MIIH0032","WILLIAMSTON 4.0 ESE, MI US","42.6585884094238","-84.2163162231445","271.3","2015-06",,,,,,,
"US1MIBR0007","HASTINGS 3.2 WNW, MI US","42.670723","-85.344754","243.2","2015-05",,,,,,,
"US1MIBR0007","HASTINGS 3.2 WNW, MI US","42.670723","-85.344754","243.2","2015-06",,,,,,,
"USW00014858","HANCOCK HOUGHTON CO AIRPORT, MI US","47.16594","-88.48076","323.9","2015-01","0.0","-22.1","2.2","2939.8","-10.0","-6.2","-13.7"
"USW00014858","HANCOCK HOUGHTON CO AIRPORT, MI US","47.16594","-88.48076","323.9","2015-02","0.0","-31.6","-3.8","3876.3","-15.1","-10.6","-19.7"
"USW00014858","HANCOCK HOUGHTON CO AIRPORT, MI US","47.16594","-88.48076","323.9","2015-03","0.0","-29.3","13.9","4568.9","-4.0","1.2","-9.2"
"USW00014858","HANCOCK HOUGHTON CO AIRPORT, MI US","47.16594","-88.48076","323.9","2015-04","0.0","-8.8","22.8","5006.5","3.8","8.6","-1.1"
"USW00014858","HANCOCK HOUGHTON CO AIRPORT, MI US","47.16594","-88.48076","323.9","2015-05","3.6","-1.0","30.0","5248.0","10.7","16.7","4.6"
"USW00014858","HANCOCK HOUGHTON CO AIRPORT, MI US","47.16594","-88.48076","323.9","2015-06","3.6","-2.1","25.6","5370.7","14.3","20.5","8.0"
"US1MIBR0006","BELLEVUE 3.9 W, MI US","42.4511333","-85.0961","279.2","2015-01",,,,,,,
"US1MIBR0006","BELLEVUE 3.9 W, MI US","42.4511333","-85.0961","279.2","2015-02",,,,,,,
"US1MIBR0006","BELLEVUE 3.9 W, MI US","42.4511333","-85.0961","279.2","2015-03",,,,,,,
"US1MIBR0006","BELLEVUE 3.9 W, MI US","42.4511333","-85.0961","279.2","2015-04",,,,,,,
"US1MIBR0006","BELLEVUE 3.9 W, MI US","42.4511333","-85.0961","279.2","2015-06",,,,,,,
"US1MIIH0034","MASON 5.8 ENE, MI US","42.614303","-84.338132","283.8","2015-04",,,,,,,
"US1MIIH0034","MASON 5.8 ENE, MI US","42.614303","-84.338132","283.8","2015-05",,,,,,,
"US1MIIH0034","MASON 5.8 ENE, MI US","42.614303","-84.338132","283.8","2015-06",,,,,,,
"US1MION0003","ONTONAGON 12.5 WSW, MI US","46.828123","-89.571821","190.8","2015-01",,,,,,,
"US1MION0003","ONTONAGON 12.5 WSW, MI US","46.828123","-89.571821","190.8","2015-03",,,,,,,
"US1MION0003","ONTONAGON 12.5 WSW, MI US","46.828123","-89.571821","190.8","2015-04",,,,,,,
"US1MIBR0009","PLAINWELL 5.4 E, MI US","42.450664","-85.537907","278.3","2015-06",,,,,,,
"USC00201150","BURTON 4 N, MI US","43.0675","-83.5919","230.7","2015-01","0.0","-25.6","7.2","2251.5","-7.1","-2.3","-11.8"
"USC00201150","BURTON 4 N, MI US","43.0675","-83.5919","230.7","2015-02","0.0","-31.1","2.8","3094.9","-12.6","-5.7","-19.4"
"USC00201150","BURTON 4 N, MI US","43.0675","-83.5919","230.7","2015-03","0.0","-21.1","17.8","3664.1","-1.3","5.8","-8.4"
"USC00201150","BURTON 4 N, MI US","43.0675","-83.5919","230.7","2015-04","0.0","-6.7","21.7","3995.4","7.3","14.7","-0.1"
"USC00201150","BURTON 4 N, MI US","43.0675","-83.5919","230.7","2015-05","28.4","-1.1","30.6","4106.0","15.7","23.3","8.1"
"USC00201150","BURTON 4 N, MI US","43.0675","-83.5919","230.7","2015-06","62.3","2.2","30.6","4150.5","18.0","24.8","11.1"
"USC00204659","LAPEER 2 W, MI US","43.05733","-83.36032","255.1","2015-01","0.0","-25.6","7.2","2240.6","-7.1","-2.6","-11.6"
"USC00204659","LAPEER 2 W, MI US","43.05733","-83.36032","255.1","2015-02","0.0","-31.7","3.3","3092.8","-12.1","-5.6","-18.6"
"USC00204659","LAPEER 2 W, MI US","43.05733","-83.36032","255.1","2015-03","0.0","-22.8","17.2","3676.7","-0.5","5.7","-6.7"
"USC00204659","LAPEER 2 W, MI US","43.05733","-83.36032","255.1","2015-04","0.0","-6.1","23.3","3989.0","7.9","14.4","1.5"
"USC00204659","LAPEER 2 W, MI US","43.05733","-83.36032","255.1","2015-05","41.2","0.0","30.6","4083.2","16.6","22.7","10.5"
"USC00204659","LAPEER 2 W, MI US","43.05733","-83.36032","255.1","2015-06","82.7","3.9","29.4","4121.7","18.4","23.7","13.2"
"US1MIMK0001","LAKE CITY 5.0 SSW, MI US","44.265899","-85.255264","374.3","2015-01",,,,,,,
"US1MIMK0001","LAKE CITY 5.0 SSW, MI US","44.265899","-85.255264","374.3","2015-02",,,,,,,
"US1MIMK0001","LAKE CITY 5.0 SSW, MI US","44.265899","-85.255264","374.3","2015-03",,,,,,,
"US1MIMK0001","LAKE CITY 5.0 SSW, MI US","44.265899","-85.255264","374.3","2015-04",,,,,,,
"US1MIMK0001","LAKE CITY 5.0 SSW, MI US","44.265899","-85.255264","374.3","2015-05",,,,,,,
"US1MIMK0001","LAKE CITY 5.0 SSW, MI US","44.265899","-85.255264","374.3","2015-06",,,,,,,
"USC00202598","ENGADINE MDOT, MI US","46.128","-85.5696","208.8","2015-01","0.0","-25.6","2.2","2837.8","-11.4","-5.2","-17.7"
"USC00202598","ENGADINE MDOT, MI US","46.128","-85.5696","208.8","2015-02","0.0","-35.0","-2.2","3811.7","-16.4","-9.1","-23.8"
"USC00202598","ENGADINE MDOT, MI US","46.128","-85.5696","208.8","2015-03","0.0","-28.3","10.6","4529.1","-5.7","0.9","-12.3"
"USC00202598","ENGADINE MDOT, MI US","46.128","-85.5696","208.8","2015-04","0.0","-11.1","18.3","4991.0","2.9","9.0","-3.2"
"USC00202598","ENGADINE MDOT, MI US","46.128","-85.5696","208.8","2015-05","0.0","-3.3","24.4","5237.0","10.2","17.5","3.0"
"USC00202598","ENGADINE MDOT, MI US","46.128","-85.5696","208.8","2015-06","1.1","0.0","27.2","5359.0","14.3","21.3","7.3"
"USC00206712","PORTLAND 4 N, MI US","42.9227","-84.8856","235.0","2015-03",,,,,,,
"USC00206712","PORTLAND 4 N, MI US","42.9227","-84.8856","235.0","2015-06",,,,,,,
"USC00204655","LAPEER WWTP, MI US","43.0608","-83.3074","249.9","2015-01","0.0","-23.9","5.6","2275.2","-7.9","-3.6","-12.2"
"USC00204655","LAPEER WWTP, MI US","43.0608","-83.3074","249.9","2015-02","0.0","-31.1","2.2","3150.3","-12.9","-6.9","-18.9"
"USC00204655","LAPEER WWTP, MI US","43.0608","-83.3074","249.9","2015-03","0.0","-23.3","16.7","3731.7","-1.7","4.4","-7.8"
"USC00204655","LAPEER WWTP, MI US","43.0608","-83.3074","249.9","2015-04","0.0","-5.6","23.9","4060.8","7.4","14.3","0.4"
"USC00204655","LAPEER WWTP, MI US","43.0608","-83.3074","249.9","2015-05","32.5","0.0","30.0","4166.2","16.0","22.8","9.1"
"USC00204655","LAPEER WWTP, MI US","43.0608","-83.3074","249.9","2015-06","70.9","3.9","30.6","4192.6","18.8","25.6","12.0"
"USC00202250","DOWAGIAC 1 W, MI US","41.9856","-86.132","225.6","2015-01","0.0","-25.0","7.8","2247.1","-6.9","-2.5","-11.3"
"USC00202250","DOWAGIAC 1 W, MI US","41.9856","-86.132","225.6","2015-02","0.0","-24.4","6.7","3045.9","-10.2","-4.9","-15.5"
"USC00202250","DOWAGIAC 1 W, MI US","41.9856","-86.132","225.6","2015-03","0.0","-18.3","20.6","3618.2","-0.1","5.4","-5.6"
"USC00202250","DOWAGIAC 1 W, MI US","41.9856","-86.132","225.6","2015-04","0.0","-3.9","25.0","3909.6","8.6","14.9","2.4"
"USC00202250","DOWAGIAC 1 W, MI US","41.9856","-86.132","225.6","2015-05","33.4","1.1","29.4","4014.2","15.8","21.3","10.3"
"USC00202250","DOWAGIAC 1 W, MI US","41.9856","-86.132","225.6","2015-06","91.3","6.7","30.6","4039.0","19.4","24.3","14.5"
"USW00004839","HOLLAND TULIP CITY AIRPORT, MI US","42.74634","-86.09677","206.5","2015-01","0.0","-23.2","7.8","2020.1","-4.6","-0.9","-8.2"
"USW00004839","HOLLAND TULIP CITY AIRPORT, MI US","42.74634","-86.09677","206.5","2015-02","0.0","-25.5","5.6","2779.6","-8.8","-4.2","-13.4"
"USW00004839","HOLLAND TULIP CITY AIRPORT, MI US","42.74634","-86.09677","206.5","2015-03","0.0","-18.8","17.8","3326.7","0.7","5.6","-4.2"
"USW00004839","HOLLAND TULIP CITY AIRPORT, MI US","42.74634","-86.09677","206.5","2015-04","0.0","-4.9","25.0","3604.5","9.1","15.0","3.1"
"USW00004839","HOLLAND TULIP CITY AIRPORT, MI US","42.74634","-86.09677","206.5","2015-05","25.1","2.8","29.4","3717.0","15.5","21.0","10.1"
"USW00004839","HOLLAND TULIP CITY AIRPORT, MI US","42.74634","-86.09677","206.5","2015-06","68.6","4.4","28.3","3731.2","19.3","24.6","14.0"
"US1MIIS0005","SHEPHERD 3.7 SSE, MI US","43.47427","-84.66728","238.4","2015-01",,,,,,,
"US1MIIS0005","SHEPHERD 3.7 SSE, MI US","43.47427","-84.66728","238.4","2015-02",,,,,,,
"US1MIIS0005","SHEPHERD 3.7 SSE, MI US","43.47427","-84.66728","238.4","2015-03",,,,,,,
"US1MIIS0005","SHEPHERD 3.7 SSE, MI US","43.47427","-84.66728","238.4","2015-04",,,,,,,
"US1MIIS0005","SHEPHERD 3.7 SSE, MI US","43.47427","-84.66728","238.4","2015-05",,,,,,,
"US1MIIS0005","SHEPHERD 3.7 SSE, MI US","43.47427","-84.66728","238.4","2015-06",,,,,,,
"US1MIIS0004","MOUNT PLEASANT 0.6 SSE, MI US","43.588193","-84.774781","242.0","2015-01",,,,,,,
"US1MIIS0004","MOUNT PLEASANT 0.6 SSE, MI US","43.588193","-84.774781","242.0","2015-02",,,,,,,
"US1MIIS0004","MOUNT PLEASANT 0.6 SSE, MI US","43.588193","-84.774781","242.0","2015-03",,,,,,,
"US1MIIS0004","MOUNT PLEASANT 0.6 SSE, MI US","43.588193","-84.774781","242.0","2015-04",,,,,,,
"US1MIIS0004","MOUNT PLEASANT 0.6 SSE, MI US","43.588193","-84.774781","242.0","2015-05",,,,,,,
"US1MIIS0004","MOUNT PLEASANT 0.6 SSE, MI US","43.588193","-84.774781","242.0","2015-06",,,,,,,
"US1MIAT0006","MANCELONA 0.5 ESE, MI US","44.8998127877712","-85.0509964674711","348.4","2015-04",,,,,,,
"US1MIAT0006","MANCELONA 0.5 ESE, MI US","44.8998127877712","-85.0509964674711","348.4","2015-05",,,,,,,
"US1MIAT0006","MANCELONA 0.5 ESE, MI US","44.8998127877712","-85.0509964674711","348.4","2015-06",,,,,,,
"US1MIMD0005","MIDLAND 1.8 ENE, MI US","43.6312","-84.19433","205.4","2015-01",,,,,,,
"US1MIMD0005","MIDLAND 1.8 ENE, MI US","43.6312","-84.19433","205.4","2015-02",,,,,,,
"US1MIMD0005","MIDLAND 1.8 ENE, MI US","43.6312","-84.19433","205.4","2015-03",,,,,,,
"US1MIMD0005","MIDLAND 1.8 ENE, MI US","43.6312","-84.19433","205.4","2015-04",,,,,,,
"US1MIMD0005","MIDLAND 1.8 ENE, MI US","43.6312","-84.19433","205.4","2015-05",,,,,,,
"US1MIMD0005","MIDLAND 1.8 ENE, MI US","43.6312","-84.19433","205.4","2015-06",,,,,,,
"USC00207812","STAMBAUGH 2 SSE, MI US","46.0555","-88.6275","442.0","2015-01","0.0","-35.0","1.7","3367.2","-13.2","-7.8","-18.6"
"USC00207812","STAMBAUGH 2 SSE, MI US","46.0555","-88.6275","442.0","2015-02","0.0","-37.2","-4.4","4416.1","-19.1","-10.9","-27.4"
"USC00207812","STAMBAUGH 2 SSE, MI US","46.0555","-88.6275","442.0","2015-03","0.0","-36.1","15.0","5175.3","-6.2","2.6","-14.9"
"USC00207812","STAMBAUGH 2 SSE, MI US","46.0555","-88.6275","442.0","2015-04","0.0","-11.7","23.3","5625.5","3.3","11.0","-4.3"
"USC00207812","STAMBAUGH 2 SSE, MI US","46.0555","-88.6275","442.0","2015-05","1.4","-5.6","27.8","5844.2","11.3","19.3","3.4"
"USC00207812","STAMBAUGH 2 SSE, MI US","46.0555","-88.6275","442.0","2015-06","1.9","-1.7","26.1","5966.3","14.3","21.9","6.6"
"US1MIRS0003","HOUGHTON LAKE 0.7 SSE, MI US","44.30331","-84.7597","367.6","2015-05",,,,,,,
"US1MIRS0003","HOUGHTON LAKE 0.7 SSE, MI US","44.30331","-84.7597","367.6","2015-06",,,,,,,
"USC00204425","K.I. SAWYER WWTP, MI US","46.3341","-87.3779","340.2","2015-03",,"-22.8","11.7",,"-3.7","2.0","-9.4"
"USC00204425","K.I. SAWYER WWTP, MI US","46.3341","-87.3779","340.2","2015-04",,"-8.3","19.4",,"3.7","8.7","-1.2"
"USC00204425","K.I. SAWYER WWTP, MI US","46.3341","-87.3779","340.2","2015-05",,"-2.8","27.2",,"11.6","18.3","5.0"
"USC00204425","K.I. SAWYER WWTP, MI US","46.3341","-87.3779","340.2","2015-06",,"0.0","28.9",,"15.7","21.9","9.5"
"US1MIRS0001","HOUGHTON LAKE 4.9 NE, MI US","44.354296","-84.683218","346.3","2015-03",,,,,,,
"US1MIRS0001","HOUGHTON LAKE 4.9 NE, MI US","44.354296","-84.683218","346.3","2015-04",,,,,,,
"US1MIRS0001","HOUGHTON LAKE 4.9 NE, MI US","44.354296","-84.683218","346.3","2015-05",,,,,,,
"US1MIRS0001","HOUGHTON LAKE 4.9 NE, MI US","44.354296","-84.683218","346.3","2015-06",,,,,,,
"USW00094847","DETROIT METRO AIRPORT, MI US","42.23113","-83.33121","191.9","2015-01","0.0","-18.8","5.6","2067.5","-5.9","-2.1","-9.7"
"USW00094847","DETROIT METRO AIRPORT, MI US","42.23113","-83.33121","191.9","2015-02","0.0","-24.9","6.1","2856.6","-9.9","-4.8","-14.9"
"USW00094847","DETROIT METRO AIRPORT, MI US","42.23113","-83.33121","191.9","2015-03","0.0","-17.7","16.7","3379.6","1.5","6.7","-3.8"
"USW00094847","DETROIT METRO AIRPORT, MI US","42.23113","-83.33121","191.9","2015-04","0.0","-3.8","24.4","3629.8","10.0","16.0","4.0"
"USW00094847","DETROIT METRO AIRPORT, MI US","42.23113","-83.33121","191.9","2015-05","55.2","3.9","30.6","3693.1","18.1","23.9","12.2"
"USW00094847","DETROIT METRO AIRPORT, MI US","42.23113","-83.33121","191.9","2015-06","130.5","7.8","32.2","3705.9","20.4","25.4","15.4"
"USW00094849","ALPENA CO REGIONAL AIRPORT, MI US","45.0716","-83.56451","208.3","2015-01","0.0","-25.5","3.3","2595.7","-9.8","-4.1","-15.4"
"USW00094849","ALPENA CO REGIONAL AIRPORT, MI US","45.0716","-83.56451","208.3","2015-02","0.0","-33.8","-1.6","3501.9","-14.0","-8.3","-19.8"
"USW00094849","ALPENA CO REGIONAL AIRPORT, MI US","45.0716","-83.56451","208.3","2015-03","0.0","-24.3","16.1","4158.1","-2.8","3.4","-9.1"
"USW00094849","ALPENA CO REGIONAL AIRPORT, MI US","45.0716","-83.56451","208.3","2015-04","0.0","-7.1","21.7","4551.7","5.2","11.2","-0.8"
"USW00094849","ALPENA CO REGIONAL AIRPORT, MI US","45.0716","-83.56451","208.3","2015-05","12.5","-3.2","30.0","4717.2","13.4","20.7","6.1"
"USW00094849","ALPENA CO REGIONAL AIRPORT, MI US","45.0716","-83.56451","208.3","2015-06","17.9","1.7","27.8","4800.9","15.7","22.9","8.6"
"USC00202381","EAST JORDAN, MI US","45.15179","-85.1324","178.9","2015-01",,,,,,,
"USC00202381","EAST JORDAN, MI US","45.15179","-85.1324","178.9","2015-02",,,,,,,
"USC00202381","EAST JORDAN, MI US","45.15179","-85.1324","178.9","2015-03",,,,,,,
"USC00202381","EAST JORDAN, MI US","45.15179","-85.1324","178.9","2015-05",,,,,,,
"USC00202381","EAST JORDAN, MI US","45.15179","-85.1324","178.9","2015-06",,,,,,,
"USC00205892","NILES, MI US","41.8405","-86.2658","198.1","2015-01","0.0","-23.3","7.8","2133.8","-5.1","-0.9","-9.4"
"USC00205892","NILES, MI US","41.8405","-86.2658","198.1","2015-02","0.0","-23.9","6.7","2899.4","-9.0","-4.1","-14.0"
"USC00205892","NILES, MI US","41.8405","-86.2658","198.1","2015-03","0.0","-18.3","21.7","3426.9","1.3","6.8","-4.1"
"USC00205892","NILES, MI US","41.8405","-86.2658","198.1","2015-04","0.0","-3.3","26.1","3687.8","9.6","15.9","3.4"
"USC00205892","NILES, MI US","41.8405","-86.2658","198.1","2015-05","33.5","2.8","28.9","3768.0","16.8","22.9","10.8"
"USC00205892","NILES, MI US","41.8405","-86.2658","198.1","2015-06","116.2","6.1","31.7","3781.1","20.6","26.4","14.9"
"US1MIWS0007","ANN ARBOR 3.1 SE, MI US","42.239144","-83.69582","251.5","2015-01",,,,,,,
"US1MIWS0007","ANN ARBOR 3.1 SE, MI US","42.239144","-83.69582","251.5","2015-02",,,,,,,
"US1MIWS0007","ANN ARBOR 3.1 SE, MI US","42.239144","-83.69582","251.5","2015-03",,,,,,,
"US1MIWS0007","ANN ARBOR 3.1 SE, MI US","42.239144","-83.69582","251.5","2015-04",,,,,,,
"US1MIWS0007","ANN ARBOR 3.1 SE, MI US","42.239144","-83.69582","251.5","2015-05",,,,,,,
"US1MIWS0007","ANN ARBOR 3.1 SE, MI US","42.239144","-83.69582","251.5","2015-06",,,,,,,
"USC00202382","EAST JORDAN 2 NW, MI US","45.1863","-85.1477","196.9","2015-01","0.0","-28.9","3.9","2593.2","-9.7","-4.9","-14.6"
"USC00202382","EAST JORDAN 2 NW, MI US","45.1863","-85.1477","196.9","2015-02","0.0","-32.8","-1.1","3534.8","-15.3","-8.9","-21.7"
"USC00202382","EAST JORDAN 2 NW, MI US","45.1863","-85.1477","196.9","2015-03","0.0","-27.8","14.4","4204.8","-3.3","2.7","-9.3"
"USC00202382","EAST JORDAN 2 NW, MI US","45.1863","-85.1477","196.9","2015-04","0.0","-8.9","21.7","4608.6","4.9","10.6","-0.8"
"USC00202382","EAST JORDAN 2 NW, MI US","45.1863","-85.1477","196.9","2015-05","15.6","-2.8","30.6","4778.4","13.4","20.3","6.4"
"USC00202382","EAST JORDAN 2 NW, MI US","45.1863","-85.1477","196.9","2015-06","24.2","0.6","28.3","4854.3","16.1","22.5","9.7"
"US1MIWS0005","ANN ARBOR 3.0 SE, MI US","42.2436","-83.692","249.9","2015-04",,,,,,,
"US1MIWS0005","ANN ARBOR 3.0 SE, MI US","42.2436","-83.692","249.9","2015-06",,,,,,,
"USW00004847","ADRIAN LENAWEE CO AIRPORT, MI US","41.86784","-84.07946","244.1","2015-01","0.0","-21.0","3.3","2079.6","-6.7","-2.9","-10.5"
"USW00004847","ADRIAN LENAWEE CO AIRPORT, MI US","41.86784","-84.07946","244.1","2015-02","0.0","-28.8","6.1","2875.7","-11.1","-5.4","-16.9"
"USW00004847","ADRIAN LENAWEE CO AIRPORT, MI US","41.86784","-84.07946","244.1","2015-03","0.0","-21.0","17.2","3433.5","0.3","5.4","-4.7"
"USW00004847","ADRIAN LENAWEE CO AIRPORT, MI US","41.86784","-84.07946","244.1","2015-04","0.0","-3.8","25.6","3711.6","9.1","15.5","2.6"
"USW00004847","ADRIAN LENAWEE CO AIRPORT, MI US","41.86784","-84.07946","244.1","2015-05","39.5","2.8","30.0","3786.0","17.2","23.3","11.2"
"USW00004847","ADRIAN LENAWEE CO AIRPORT, MI US","41.86784","-84.07946","244.1","2015-06","98.6","6.1","30.0","3803.2","19.8","24.6","15.0"
"USC00205406","MICHIGAMME 3 WNW, MI US","46.5453","-88.18","521.2","2015-01",,,,,,,
"USC00205406","MICHIGAMME 3 WNW, MI US","46.5453","-88.18","521.2","2015-02",,,,,,,
"USC00205406","MICHIGAMME 3 WNW, MI US","46.5453","-88.18","521.2","2015-03",,,,,,,
"USC00205406","MICHIGAMME 3 WNW, MI US","46.5453","-88.18","521.2","2015-04",,,,,,,
"USC00205406","MICHIGAMME 3 WNW, MI US","46.5453","-88.18","521.2","2015-05",,,,,,,
"USC00205406","MICHIGAMME 3 WNW, MI US","46.5453","-88.18","521.2","2015-06",,,,,,,
"USW00004854","GAYLORD OTSEGO CO AIRPORT, MI US","45.01657","-84.68942","405.9","2015-01","0.0","-29.3","2.2","2798.3","-10.7","-5.6","-15.8"
"USW00004854","GAYLORD OTSEGO CO AIRPORT, MI US","45.01657","-84.68942","405.9","2015-02","0.0","-34.9","-3.2","3756.2","-15.9","-9.8","-22.0"
"USW00004854","GAYLORD OTSEGO CO AIRPORT, MI US","45.01657","-84.68942","405.9","2015-03","0.0","-28.2","11.7","4445.7","-3.9","1.9","-9.7"
"USW00004854","GAYLORD OTSEGO CO AIRPORT, MI US","45.01657","-84.68942","405.9","2015-04","0.0","-9.9","19.4","4859.3","4.6","10.1","-1.0"
"USW00004854","GAYLORD OTSEGO CO AIRPORT, MI US","45.01657","-84.68942","405.9","2015-05","14.3","-2.1","28.9","5024.8","13.4","20.1","6.8"
"USW00004854","GAYLORD OTSEGO CO AIRPORT, MI US","45.01657","-84.68942","405.9","2015-06","19.6","4.4","26.7","5085.6","16.5","22.7","10.2"
"USC00203585","HARBOR BEACH 1 SSE, MI US","43.8322","-82.6427","181.4","2015-01","0.0","-20.0","2.8","2326.0","-7.9","-4.3","-11.4"
"USC00203585","HARBOR BEACH 1 SSE, MI US","43.8322","-82.6427","181.4","2015-02","0.0","-27.8","0.0","3206.6","-13.1","-8.0","-18.2"
"USC00203585","HARBOR BEACH 1 SSE, MI US","43.8322","-82.6427","181.4","2015-03","0.0","-20.0","11.7","3855.5","-2.6","1.8","-7.0"
"USC00203585","HARBOR BEACH 1 SSE, MI US","43.8322","-82.6427","181.4","2015-04","0.0","-5.0","18.3","4268.1","4.6","8.8","0.3"
"USC00203585","HARBOR BEACH 1 SSE, MI US","43.8322","-82.6427","181.4","2015-05","10.6","0.6","28.9","4441.1","12.8","18.0","7.7"
"USC00203585","HARBOR BEACH 1 SSE, MI US","43.8322","-82.6427","181.4","2015-06","15.3","3.3","29.4","4551.4","14.8","19.4","10.3"
"US1MIWS0003","PLYMOUTH 5.4 W, MI US","42.382785","-83.571244","266.4","2015-01",,,,,,,
"US1MIWS0003","PLYMOUTH 5.4 W, MI US","42.382785","-83.571244","266.4","2015-03",,,,,,,
"US1MIWS0003","PLYMOUTH 5.4 W, MI US","42.382785","-83.571244","266.4","2015-04",,,,,,,
"US1MIWS0003","PLYMOUTH 5.4 W, MI US","42.382785","-83.571244","266.4","2015-05",,,,,,,
"US1MIWS0003","PLYMOUTH 5.4 W, MI US","42.382785","-83.571244","266.4","2015-06",,,,,,,
"USC00200197","AMASA 1 W, MI US","46.2347","-88.4544","448.1","2015-01","0.0","-32.8","2.8",,"-12.4","-7.2","-17.6"
"USC00200197","AMASA 1 W, MI US","46.2347","-88.4544","448.1","2015-02","0.0","-37.2","-4.4",,"-17.5","-9.8","-25.2"
"USC00200197","AMASA 1 W, MI US","46.2347","-88.4544","448.1","2015-03",,,,,,,
"USC00200197","AMASA 1 W, MI US","46.2347","-88.4544","448.1","2015-04",,"-10.0","23.9",,"4.4","11.8","-3.0"
"USC00200197","AMASA 1 W, MI US","46.2347","-88.4544","448.1","2015-05",,"-4.4","27.8",,"11.8","19.3","4.4"
"USC00200197","AMASA 1 W, MI US","46.2347","-88.4544","448.1","2015-06",,"-1.7","26.7",,"15.3","22.6","8.0"
"USC00204793","LINDEN WWTP, MI US","42.8133","-83.8038","263.0","2015-02",,"-29.4","0.0",,"-13.6","-7.4","-19.9"
"USC00204793","LINDEN WWTP, MI US","42.8133","-83.8038","263.0","2015-03",,"-20.0","17.8",,"-1.0","4.4","-6.4"
"USC00204793","LINDEN WWTP, MI US","42.8133","-83.8038","263.0","2015-04",,"-5.6","22.8",,"7.4","13.6","1.1"
"USC00204793","LINDEN WWTP, MI US","42.8133","-83.8038","263.0","2015-05",,"1.7","28.3",,"15.8","21.9","9.7"
"USC00204793","LINDEN WWTP, MI US","42.8133","-83.8038","263.0","2015-06",,"4.4","28.9",,"17.9","23.3","12.6"
"US1MIOD0003","LUZERNE 2.4 NE, MI US","44.6414","-84.2383","344.1","2015-01",,,,,,,
"US1MIOD0003","LUZERNE 2.4 NE, MI US","44.6414","-84.2383","344.1","2015-02",,,,,,,
"US1MIOD0003","LUZERNE 2.4 NE, MI US","44.6414","-84.2383","344.1","2015-03",,,,,,,
"US1MIOD0003","LUZERNE 2.4 NE, MI US","44.6414","-84.2383","344.1","2015-04",,,,,,,
"US1MIOD0003","LUZERNE 2.4 NE, MI US","44.6414","-84.2383","344.1","2015-05",,,,,,,
"US1MIOD0003","LUZERNE 2.4 NE, MI US","44.6414","-84.2383","344.1","2015-06",,,,,,,
"USC00202375","EAST GRAND RAPIDS, MI US","42.9378","-85.6131","227.4","2015-06",,"4.4","28.3",,"18.6","24.5","12.6"
"USC00202015","DEARBORN, MI US","42.31917","-83.23839","184.4","2015-01","0.0","-19.4","6.1","2132.8","-6.9","-2.7","-11.1"
"USC00202015","DEARBORN, MI US","42.31917","-83.23839","184.4","2015-02","0.0","-25.6","5.6","2940.7","-10.5","-5.2","-15.8"
"USC00202015","DEARBORN, MI US","42.31917","-83.23839","184.4","2015-03","0.0","-18.3","16.1","3488.7","0.1","5.6","-5.5"
"USC00202015","DEARBORN, MI US","42.31917","-83.23839","184.4","2015-04","0.0","-6.7","23.9","3775.9","8.4","15.4","1.5"
"USC00202015","DEARBORN, MI US","42.31917","-83.23839","184.4","2015-05","40.4","1.7","30.0","3861.3","16.9","23.0","10.8"
"USC00202015","DEARBORN, MI US","42.31917","-83.23839","184.4","2015-06","93.7","5.6","31.7","3887.9","19.2","24.3","14.1"
"USC00202016","DEARBORN NUMBER 2, MI US","42.3469","-83.1736","184.4","2015-01","0.0","-18.3","6.7","2062.2","-5.7","-1.9","-9.6"
"USC00202016","DEARBORN NUMBER 2, MI US","42.3469","-83.1736","184.4","2015-02","0.0","-22.8","4.4","2782.6","-9.5","-3.9","-15.2"
"USC00202016","DEARBORN NUMBER 2, MI US","42.3469","-83.1736","184.4","2015-03","0.0","-15.6","16.1","3326.9","0.8","6.3","-4.8"
"USC00202016","DEARBORN NUMBER 2, MI US","42.3469","-83.1736","184.4","2015-04","0.0","-3.9","23.9","3612.4","8.8","15.1","2.5"
"USC00202016","DEARBORN NUMBER 2, MI US","42.3469","-83.1736","184.4","2015-05","41.7","2.8","30.0","3696.7","17.0","23.2","10.8"
"USC00202016","DEARBORN NUMBER 2, MI US","42.3469","-83.1736","184.4","2015-06","97.7","6.7","31.1","3721.9","19.4","24.5","14.2"
"USC00200094","ALBION, MI US","42.24941","-84.7732","285.0","2015-01","0.0","-23.9","7.8","2316.2","-7.3","-2.5","-12.1"
"USC00200094","ALBION, MI US","42.24941","-84.7732","285.0","2015-02","0.0","-27.8","5.6","3177.4","-12.4","-6.2","-18.7"
"USC00200094","ALBION, MI US","42.24941","-84.7732","285.0","2015-03","0.0","-22.8","19.4","3788.0","-1.4","5.1","-7.8"
"USC00200094","ALBION, MI US","42.24941","-84.7732","285.0","2015-04","0.0","-5.6","24.4","4107.6","7.7","14.4","1.0"
"USC00200094","ALBION, MI US","42.24941","-84.7732","285.0","2015-05","25.2","1.1","28.9","4217.9","15.6","22.1","9.1"
"USC00200094","ALBION, MI US","42.24941","-84.7732","285.0","2015-06","64.1","3.9","29.4","4227.0","19.1","24.9","13.4"
"US1MIHL0001","LITCHFIELD 0.3 ENE, MI US","42.045278","-84.753056","317.0","2015-01",,,,,,,
"US1MIHL0001","LITCHFIELD 0.3 ENE, MI US","42.045278","-84.753056","317.0","2015-02",,,,,,,
"US1MIHL0001","LITCHFIELD 0.3 ENE, MI US","42.045278","-84.753056","317.0","2015-03",,,,,,,
"US1MIHL0001","LITCHFIELD 0.3 ENE, MI US","42.045278","-84.753056","317.0","2015-04",,,,,,,
"US1MIHL0001","LITCHFIELD 0.3 ENE, MI US","42.045278","-84.753056","317.0","2015-05",,,,,,,
"US1MIHL0001","LITCHFIELD 0.3 ENE, MI US","42.045278","-84.753056","317.0","2015-06",,,,,,,
"USW00094850","MARQUETTE WEATHER FORECAST OFFICE, MI US","46.5313","-87.5491","431.3","2015-01","0.0","-26.6","1.1","3111.9","-11.6","-7.2","-16.0"
"USW00094850","MARQUETTE WEATHER FORECAST OFFICE, MI US","46.5313","-87.5491","431.3","2015-02","0.0","-33.2","-4.3","4082.5","-16.3","-11.1","-21.5"
"USW00094850","MARQUETTE WEATHER FORECAST OFFICE, MI US","46.5313","-87.5491","431.3","2015-03","0.0","-27.1","14.4","4778.0","-4.1","1.7","-9.9"
"USW00094850","MARQUETTE WEATHER FORECAST OFFICE, MI US","46.5313","-87.5491","431.3","2015-04","0.0","-11.6","20.0","5231.8","3.2","8.3","-1.9"
"USW00094850","MARQUETTE WEATHER FORECAST OFFICE, MI US","46.5313","-87.5491","431.3","2015-05","1.1","-2.1","28.3","5465.3","10.8","17.2","4.5"
"USW00094850","MARQUETTE WEATHER FORECAST OFFICE, MI US","46.5313","-87.5491","431.3","2015-06","1.1","-1.0","27.2","5580.7","14.5","20.7","8.3"
"US1MIHL0004","JONESVILLE 5.9 ENE, MI US","42.014718","-84.561902","364.8","2015-03",,,,,,,
"US1MIHL0004","JONESVILLE 5.9 ENE, MI US","42.014718","-84.561902","364.8","2015-04",,,,,,,
"US1MIHL0004","JONESVILLE 5.9 ENE, MI US","42.014718","-84.561902","364.8","2015-05",,,,,,,
"US1MIHL0004","JONESVILLE 5.9 ENE, MI US","42.014718","-84.561902","364.8","2015-06",,,,,,,
"US1MIBZ0001","BENZONIA 5.3 S, MI US","44.53975658","-86.10645586","245.4","2015-01",,,,,,,
"US1MIBZ0001","BENZONIA 5.3 S, MI US","44.53975658","-86.10645586","245.4","2015-02",,,,,,,
"US1MIBZ0001","BENZONIA 5.3 S, MI US","44.53975658","-86.10645586","245.4","2015-03",,,,,,,
"US1MIBZ0001","BENZONIA 5.3 S, MI US","44.53975658","-86.10645586","245.4","2015-04",,,,,,,
"US1MIBZ0001","BENZONIA 5.3 S, MI US","44.53975658","-86.10645586","245.4","2015-05",,,,,,,
"US1MIBZ0001","BENZONIA 5.3 S, MI US","44.53975658","-86.10645586","245.4","2015-06",,,,,,,
"US1MIPI0001","ROGERS CITY 0.2 WSW, MI US","45.4174","-83.8106","183.5","2015-01",,,,,,,
"US1MIPI0001","ROGERS CITY 0.2 WSW, MI US","45.4174","-83.8106","183.5","2015-02",,,,,,,
"US1MIPI0001","ROGERS CITY 0.2 WSW, MI US","45.4174","-83.8106","183.5","2015-03",,,,,,,
"US1MIPI0001","ROGERS CITY 0.2 WSW, MI US","45.4174","-83.8106","183.5","2015-04",,,,,,,
"US1MIPI0001","ROGERS CITY 0.2 WSW, MI US","45.4174","-83.8106","183.5","2015-05",,,,,,,
"USC00206507","PETOSKEY, MI US","45.3725","-84.9766","182.6","2015-01","0.0","-23.3","3.9","2456.9","-8.9","-4.4","-13.4"
"USC00206507","PETOSKEY, MI US","45.3725","-84.9766","182.6","2015-02","0.0","-29.4","-1.7","3346.0","-14.6","-9.3","-19.9"
"USC00206507","PETOSKEY, MI US","45.3725","-84.9766","182.6","2015-03","0.0","-25.0","13.9","4014.0","-3.9","1.0","-8.9"
"USC00206507","PETOSKEY, MI US","45.3725","-84.9766","182.6","2015-04","0.0","-6.7","20.6","4442.6","4.1","8.5","-0.4"
"USC00206507","PETOSKEY, MI US","45.3725","-84.9766","182.6","2015-05","6.7","1.1","28.9","4656.2","11.7","16.9","6.4"
"USC00206507","PETOSKEY, MI US","45.3725","-84.9766","182.6","2015-06","10.6","3.9","26.7","4759.2","15.0","19.6","10.5"
"US1MIGG0004","WATERSMEET 5.0 SE, MI US","46.203333","-89.131667","518.5","2015-02",,,,,,,
"US1MIGG0004","WATERSMEET 5.0 SE, MI US","46.203333","-89.131667","518.5","2015-04",,,,,,,
"US1MIGG0004","WATERSMEET 5.0 SE, MI US","46.203333","-89.131667","518.5","2015-05",,,,,,,
"US1MIGG0004","WATERSMEET 5.0 SE, MI US","46.203333","-89.131667","518.5","2015-06",,,,,,,
"USC00205533","MIO WWTP, MI US","44.6466","-84.1158","316.1","2015-01",,,"4.4",,,"-3.6",
"USC00205533","MIO WWTP, MI US","44.6466","-84.1158","316.1","2015-02",,"-35.6","0.0",,"-14.7","-6.8","-22.6"
"USC00205533","MIO WWTP, MI US","44.6466","-84.1158","316.1","2015-03",,"-27.2","15.0",,"-2.4","4.4","-9.1"
"USC00205533","MIO WWTP, MI US","44.6466","-84.1158","316.1","2015-04",,"-9.4","23.3",,"5.3","12.4","-1.8"
"USC00205533","MIO WWTP, MI US","44.6466","-84.1158","316.1","2015-05",,"-2.8","30.0",,"14.4","21.8","6.9"
"USC00205533","MIO WWTP, MI US","44.6466","-84.1158","316.1","2015-06",,"-1.1","27.8",,"16.3","23.5","9.2"
"US1MISG0011","SAGINAW 3.0 NW, MI US","43.45566","-83.98455","185.6","2015-01",,,,,,,
"US1MISG0011","SAGINAW 3.0 NW, MI US","43.45566","-83.98455","185.6","2015-02",,,,,,,
"US1MISG0011","SAGINAW 3.0 NW, MI US","43.45566","-83.98455","185.6","2015-03",,,,,,,
"US1MISG0011","SAGINAW 3.0 NW, MI US","43.45566","-83.98455","185.6","2015-04",,,,,,,
"US1MISG0011","SAGINAW 3.0 NW, MI US","43.45566","-83.98455","185.6","2015-05",,,,,,,
"US1MISG0011","SAGINAW 3.0 NW, MI US","43.45566","-83.98455","185.6","2015-06",,,,,,,
"USC00204320","KENT CITY 2 SW, MI US","43.2036","-85.7776","247.8","2015-01","0.0","-25.6","6.7",,"-7.0","-2.1","-11.9"
"USC00204320","KENT CITY 2 SW, MI US","43.2036","-85.7776","247.8","2015-03",,"-20.6","16.1",,"-0.8","5.9","-7.4"
"USC00204320","KENT CITY 2 SW, MI US","43.2036","-85.7776","247.8","2015-04",,"-7.2","25.0",,"7.6","14.9","0.3"
"USC00204320","KENT CITY 2 SW, MI US","43.2036","-85.7776","247.8","2015-05",,"-0.6","30.0",,"15.6","22.3","9.0"
"USC00204320","KENT CITY 2 SW, MI US","43.2036","-85.7776","247.8","2015-06",,"2.8","29.4",,"18.4","25.1","11.8"
"US1MIOW0040","GRAND HAVEN 5.1 SE, MI US","43.00906","-86.1464","185.3","2015-05",,,,,,,
"US1MIOW0040","GRAND HAVEN 5.1 SE, MI US","43.00906","-86.1464","185.3","2015-06",,,,,,,
"USC00206982","RICHMOND 4 NNW, MI US","42.8783","-82.7958","233.2","2015-01","0.0","-21.7","4.4","2254.7","-7.5","-3.1","-11.9"
"USC00206982","RICHMOND 4 NNW, MI US","42.8783","-82.7958","233.2","2015-02","0.0","-33.9","2.8","3131.3","-13.0","-6.8","-19.2"
"USC00206982","RICHMOND 4 NNW, MI US","42.8783","-82.7958","233.2","2015-03","0.0","-25.0","15.6","3740.8","-1.3","4.8","-7.4"
"USC00206982","RICHMOND 4 NNW, MI US","42.8783","-82.7958","233.2","2015-04","0.0","-5.0","23.9","4060.9","7.7","14.0","1.3"
"USC00206982","RICHMOND 4 NNW, MI US","42.8783","-82.7958","233.2","2015-05","32.3","-1.1","30.0","4158.2","16.2","23.0","9.5"
"USC00206982","RICHMOND 4 NNW, MI US","42.8783","-82.7958","233.2","2015-06","81.5","6.1","31.7","4188.3","19.0","24.6","13.3"
"USC00200089","ALBERTA FORD FOR CENTER, MI US","46.6448","-88.4812","399.3","2015-01","0.0","-26.7","1.7","3075.1","-11.6","-7.6","-15.6"
"USC00200089","ALBERTA FORD FOR CENTER, MI US","46.6448","-88.4812","399.3","2015-03",,"-30.0","16.1",,"-4.5","1.4","-10.3"
"USC00200089","ALBERTA FORD FOR CENTER, MI US","46.6448","-88.4812","399.3","2015-04",,"-8.9","22.8",,"4.0","9.5","-1.6"
"USC00200089","ALBERTA FORD FOR CENTER, MI US","46.6448","-88.4812","399.3","2015-05",,"-2.8","28.9",,"11.4","17.3","5.4"
"USC00200089","ALBERTA FORD FOR CENTER, MI US","46.6448","-88.4812","399.3","2015-06",,"-2.8","27.2",,"14.1","19.8","8.4"
"US1MIWS0011","ANN ARBOR 2.1 WNW, MI US","42.283233","-83.771503","275.5","2015-01",,,,,,,
"US1MIWS0011","ANN ARBOR 2.1 WNW, MI US","42.283233","-83.771503","275.5","2015-02",,,,,,,
"US1MIWS0011","ANN ARBOR 2.1 WNW, MI US","42.283233","-83.771503","275.5","2015-03",,,,,,,
"US1MIWS0011","ANN ARBOR 2.1 WNW, MI US","42.283233","-83.771503","275.5","2015-04",,,,,,,
"US1MIWS0011","ANN ARBOR 2.1 WNW, MI US","42.283233","-83.771503","275.5","2015-06",,,,,,,
"USC00201178","CADILLAC 9 AND 10 NEWS, MI US","44.21138","-85.40865","415.4","2015-01","0.0","-29.4","4.4","2566.7","-9.7","-4.5","-14.9"
"USC00201178","CADILLAC 9 AND 10 NEWS, MI US","44.21138","-85.40865","415.4","2015-02","0.0","-35.0","0.6","3498.5","-14.9","-7.4","-22.4"
"USC00201178","CADILLAC 9 AND 10 NEWS, MI US","44.21138","-85.40865","415.4","2015-03","0.0","-27.8","17.8","4169.2","-3.3","3.3","-9.9"
"USC00201178","CADILLAC 9 AND 10 NEWS, MI US","44.21138","-85.40865","415.4","2015-04","0.0","-10.0","22.2","4562.6","5.2","12.2","-1.7"
"USC00201178","CADILLAC 9 AND 10 NEWS, MI US","44.21138","-85.40865","415.4","2015-05","15.3","-1.7","28.9","4725.2","13.6","20.2","7.0"
"USC00201178","CADILLAC 9 AND 10 NEWS, MI US","44.21138","-85.40865","415.4","2015-06","24.3","0.6","26.7","4785.2","16.6","22.8","10.3"
"USC00201299","CARO WWTP, MI US","43.4838","-83.3919","210.3","2015-01","0.0","-26.1","6.7","2289.1","-8.1","-3.5","-12.7"
"USC00201299","CARO WWTP, MI US","43.4838","-83.3919","210.3","2015-02","0.0","-32.2","1.1","3088.5","-13.9","-7.4","-20.5"
"USC00201299","CARO WWTP, MI US","43.4838","-83.3919","210.3","2015-03","0.0","-21.7","13.9","3687.9","-1.6","3.9","-7.1"
"USC00201299","CARO WWTP, MI US","43.4838","-83.3919","210.3","2015-04","0.0","-5.6","22.8","4031.8","6.9","13.0","0.8"
"USC00201299","CARO WWTP, MI US","43.4838","-83.3919","210.3","2015-05","38.0","0.0","30.0","4142.0","15.9","22.1","9.8"
"USC00201299","CARO WWTP, MI US","43.4838","-83.3919","210.3","2015-06","76.3","2.2","30.0","4192.2","17.9","23.7","12.2"
"USC00203477","GROSSE POINTE FARMS, MI US","42.4077","-82.8891","186.8","2015-01","0.0","-18.3","7.2","2123.1","-6.9","-3.4","-10.3"
"USC00203477","GROSSE POINTE FARMS, MI US","42.4077","-82.8891","186.8","2015-02","0.0","-23.9","5.0","2935.5","-10.7","-5.7","-15.6"
"USC00203477","GROSSE POINTE FARMS, MI US","42.4077","-82.8891","186.8","2015-03","0.0","-15.6","15.0","3476.3","-0.8","4.0","-5.7"
"USC00203477","GROSSE POINTE FARMS, MI US","42.4077","-82.8891","186.8","2015-04","0.0","-3.9","23.3","3791.0","7.8","12.6","3.0"
"USC00203477","GROSSE POINTE FARMS, MI US","42.4077","-82.8891","186.8","2015-05","29.5","3.3","29.4","3885.3","16.2","21.6","10.8"
"USC00203477","GROSSE POINTE FARMS, MI US","42.4077","-82.8891","186.8","2015-06","74.4","6.7","31.7","3912.9","18.9","23.4","14.4"
"USC00208800","WEST BRANCH 3 SE, MI US","44.2541","-84.2011","269.7","2015-01","0.0","-27.2","2.8","2596.9","-9.6","-4.3","-15.0"
"USC00208800","WEST BRANCH 3 SE, MI US","44.2541","-84.2011","269.7","2015-02","0.0","-32.8","-1.7","3530.8","-15.0","-7.8","-22.2"
"USC00208800","WEST BRANCH 3 SE, MI US","44.2541","-84.2011","269.7","2015-03","0.0","-26.1","15.6","4193.5","-3.1","3.6","-9.7"
"USC00208800","WEST BRANCH 3 SE, MI US","44.2541","-84.2011","269.7","2015-04","0.0","-8.3","23.3","4585.2","5.3","11.9","-1.3"
"USC00208800","WEST BRANCH 3 SE, MI US","44.2541","-84.2011","269.7","2015-05","15.8","-1.7","29.4","4727.1","14.3","21.3","7.3"
"USC00208800","WEST BRANCH 3 SE, MI US","44.2541","-84.2011","269.7","2015-06","29.5","1.7","27.8","4786.9","16.8","23.5","10.1"
"USW00094860","GRAND RAPIDS GERALD R FORD INTERNATIONAL AIRPORT, MI US","42.8821","-85.52297","240.3","2015-01","0.0","-24.9","6.1","2162.4","-5.9","-2.2","-9.6"
"USW00094860","GRAND RAPIDS GERALD R FORD INTERNATIONAL AIRPORT, MI US","42.8821","-85.52297","240.3","2015-02","0.0","-24.9","3.3","2963.3","-10.3","-5.5","-15.1"
"USW00094860","GRAND RAPIDS GERALD R FORD INTERNATIONAL AIRPORT, MI US","42.8821","-85.52297","240.3","2015-03","0.0","-17.7","18.3","3523.9","0.3","5.6","-5.1"
"USW00094860","GRAND RAPIDS GERALD R FORD INTERNATIONAL AIRPORT, MI US","42.8821","-85.52297","240.3","2015-04","0.0","-5.5","23.9","3812.3","8.7","15.2","2.2"
"USW00094860","GRAND RAPIDS GERALD R FORD INTERNATIONAL AIRPORT, MI US","42.8821","-85.52297","240.3","2015-05","26.7","1.7","29.4","3910.4","16.0","21.8","10.3"
"USW00094860","GRAND RAPIDS GERALD R FORD INTERNATIONAL AIRPORT, MI US","42.8821","-85.52297","240.3","2015-06","72.9","4.4","28.3","3928.2","19.3","24.8","13.8"
"US1MIOW0038","ALLENDALE 2.1 SE, MI US","42.966614","-85.920342","201.2","2015-06",,,,,,,
"USC00206510","PETOSKEY NCMC, MI US","45.3613","-84.9512","228.0","2015-01","0.0","-27.2","3.3","2658.7","-10.4","-5.6","-15.3"
"USC00206510","PETOSKEY NCMC, MI US","45.3613","-84.9512","228.0","2015-02","0.0","-32.2","-2.8","3624.8","-16.2","-10.3","-22.1"
"USC00206510","PETOSKEY NCMC, MI US","45.3613","-84.9512","228.0","2015-03","0.0","-27.2","14.4","4335.0","-4.6","1.3","-10.4"
"USC00206510","PETOSKEY NCMC, MI US","45.3613","-84.9512","228.0","2015-04","0.0","-10.0","22.2","4757.2","4.3","9.7","-1.2"
"USC00206510","PETOSKEY NCMC, MI US","45.3613","-84.9512","228.0","2015-05","14.5","-2.8","30.6","4953.1","12.5","18.5","6.5"
"USC00206510","PETOSKEY NCMC, MI US","45.3613","-84.9512","228.0","2015-06","21.2","0.6","26.7","5039.2","15.7","21.4","10.0"
"US1MIOW0030","ALLENDALE 1.3 SSW, MI US","42.96742","-85.95743","199.3","2015-03",,,,,,,
"US1MIOW0030","ALLENDALE 1.3 SSW, MI US","42.96742","-85.95743","199.3","2015-04",,,,,,,
"US1MIOW0030","ALLENDALE 1.3 SSW, MI US","42.96742","-85.95743","199.3","2015-05",,,,,,,
"US1MIOW0030","ALLENDALE 1.3 SSW, MI US","42.96742","-85.95743","199.3","2015-06",,,,,,,
"USW00094871","BENTON HARBOR, MI US","42.12894","-86.41518","195.4","2015-01","0.0","-26.0","6.1","2194.9","-5.5","-1.6","-9.5"
"USW00094871","BENTON HARBOR, MI US","42.12894","-86.41518","195.4","2015-02","0.0","-22.7","5.0","2967.7","-9.3","-4.9","-13.6"
"USW00094871","BENTON HARBOR, MI US","42.12894","-86.41518","195.4","2015-03","0.0","-17.1","21.7","3532.0","0.1","5.2","-4.9"
"USW00094871","BENTON HARBOR, MI US","42.12894","-86.41518","195.4","2015-04","0.0","-6.0","24.4","3838.3","8.1","13.9","2.3"
"USW00094871","BENTON HARBOR, MI US","42.12894","-86.41518","195.4","2015-05","22.8","1.1","28.3","3969.4","14.8","20.3","9.4"
"USW00094871","BENTON HARBOR, MI US","42.12894","-86.41518","195.4","2015-06","62.0","4.4","29.4","4002.2","18.6","23.8","13.3"
"US1MIMC0003","CEDARVILLE 3.2 ESE, MI US","45.9893775","-84.2977821","189.6","2015-03",,,,,,,
"US1MIMC0003","CEDARVILLE 3.2 ESE, MI US","45.9893775","-84.2977821","189.6","2015-04",,,,,,,
"US1MIMC0003","CEDARVILLE 3.2 ESE, MI US","45.9893775","-84.2977821","189.6","2015-05",,,,,,,
"US1MIMC0003","CEDARVILLE 3.2 ESE, MI US","45.9893775","-84.2977821","189.6","2015-06",,,,,,,
"US1MIOW0025","HOLLAND 5.1 WNW, MI US","42.801147","-86.194791","182.6","2015-04",,,,,,,
"USC00208706","WATTON 2 WSW, MI US","46.52664","-88.64243","424.9","2015-01","0.0","-27.8","0.6","2989.2","-12.1","-8.1","-16.0"
"USC00208706","WATTON 2 WSW, MI US","46.52664","-88.64243","424.9","2015-02","0.0","-31.7","-3.3","3957.4","-16.2","-11.6","-20.9"
"USC00208706","WATTON 2 WSW, MI US","46.52664","-88.64243","424.9","2015-03","0.0","-26.1","15.6","4650.0","-4.0","0.9","-9.0"
"USC00208706","WATTON 2 WSW, MI US","46.52664","-88.64243","424.9","2015-04","0.0","-10.0","21.1","5062.0","4.1","9.9","-1.8"
"USC00208706","WATTON 2 WSW, MI US","46.52664","-88.64243","424.9","2015-05","4.2","-3.9","27.8","5275.3","11.6","17.8","5.4"
"USC00208706","WATTON 2 WSW, MI US","46.52664","-88.64243","424.9","2015-06","7.0","-2.8","25.6","5391.6","14.6","20.3","8.8"
"USC00205434","MIDLAND, MI US","43.6088","-84.2011","195.1","2015-01","0.0","-21.7","5.0","2221.9","-7.0","-3.0","-10.9"
"USC00205434","MIDLAND, MI US","43.6088","-84.2011","195.1","2015-02","0.0","-26.1","0.0","3064.8","-11.8","-6.9","-16.7"
"USC00205434","MIDLAND, MI US","43.6088","-84.2011","195.1","2015-03","0.0","-16.7","15.6","3538.8","0.1","5.2","-5.1"
"USC00205434","MIDLAND, MI US","43.6088","-84.2011","195.1","2015-04","0.0","-4.4","23.9","3851.8","7.5","13.1","2.0"
"USC00205434","MIDLAND, MI US","43.6088","-84.2011","195.1","2015-05","26.4","1.1","29.4","3958.1","15.8","21.8","9.7"
"USC00205434","MIDLAND, MI US","43.6088","-84.2011","195.1","2015-06","71.5","2.8","29.4","3990.1","18.8","24.0","13.6"
"US1MIAC0001","MIKADO 2.3 SE, MI US","44.569671","-83.385862","201.8","2015-05",,,,,,,
"USC00206884","REED CITY WWTP, MI US","43.875","-85.4968","319.1","2015-01","0.0","-27.2","4.4",,"-9.2","-4.7","-13.8"
"USC00206884","REED CITY WWTP, MI US","43.875","-85.4968","319.1","2015-02","0.0","-32.2","0.6",,"-14.1","-7.4","-20.8"
"USC00206884","REED CITY WWTP, MI US","43.875","-85.4968","319.1","2015-03","0.0","-25.0","16.7",,"-3.1","3.1","-9.4"
"USC00206884","REED CITY WWTP, MI US","43.875","-85.4968","319.1","2015-04","0.0","-8.9","22.8",,"5.8","13.2","-1.6"
"USC00206884","REED CITY WWTP, MI US","43.875","-85.4968","319.1","2015-05","15.0","-1.7","28.9",,"14.2","21.2","7.3"
"USC00206884","REED CITY WWTP, MI US","43.875","-85.4968","319.1","2015-06","23.9","1.1","26.7",,"16.7","23.4","10.1"
"USR0000MSEN","SENEY MICHIGAN, MI US","46.2403","-85.9428","221.3","2015-01","0.0","-23.9","1.1","2746.0","-10.6","-5.5","-15.8"
"USR0000MSEN","SENEY MICHIGAN, MI US","46.2403","-85.9428","221.3","2015-02","0.0","-35.0","-2.2","3654.4","-15.3","-9.1","-21.5"
"USR0000MSEN","SENEY MICHIGAN, MI US","46.2403","-85.9428","221.3","2015-03","0.0","-28.3","11.1","4358.8","-4.4","1.6","-10.4"
"USR0000MSEN","SENEY MICHIGAN, MI US","46.2403","-85.9428","221.3","2015-04","0.0","-11.1","17.8","4791.3","3.9","9.5","-1.7"
"USR0000MSEN","SENEY MICHIGAN, MI US","46.2403","-85.9428","221.3","2015-05","0.0","-3.3","25.0","4989.3","11.4","18.4","4.4"
"USR0000MSEN","SENEY MICHIGAN, MI US","46.2403","-85.9428","221.3","2015-06","2.8","1.1","28.9","5090.2","15.1","21.9","8.2"
"USC00208941","WHITE LAKE 4 E, MI US","42.698","-83.4716","321.0","2015-01","0.0","-24.4","5.0","2439.6","-8.1","-3.6","-12.6"
"USC00208941","WHITE LAKE 4 E, MI US","42.698","-83.4716","321.0","2015-02","0.0","-31.7","3.3","3315.9","-13.0","-6.9","-19.0"
"USC00208941","WHITE LAKE 4 E, MI US","42.698","-83.4716","321.0","2015-03","0.0","-22.8","15.6","3925.8","-1.3","4.3","-7.0"
"USC00208941","WHITE LAKE 4 E, MI US","42.698","-83.4716","321.0","2015-04","0.0","-6.7","22.2","4275.7","6.7","13.1","0.3"
"USC00208941","WHITE LAKE 4 E, MI US","42.698","-83.4716","321.0","2015-05","20.8","-0.6","28.3","4389.3","15.3","21.6","9.0"
"USC00208941","WHITE LAKE 4 E, MI US","42.698","-83.4716","321.0","2015-06","43.3","2.2","28.9","4432.2","17.6","23.1","12.2"
"USC00204104","IRONWOOD, MI US","46.4656","-90.1892","435.9","2015-01","0.0","-28.9","2.2","3091.9","-11.6","-7.5","-15.7"
"USC00204104","IRONWOOD, MI US","46.4656","-90.1892","435.9","2015-02","0.0","-31.7","-3.3","4063.5","-16.4","-11.1","-21.7"
"USC00204104","IRONWOOD, MI US","46.4656","-90.1892","435.9","2015-03","0.0","-30.0","15.0","4736.2","-3.4","2.6","-9.4"
"USC00204104","IRONWOOD, MI US","46.4656","-90.1892","435.9","2015-04","0.0","-8.9","21.7","5128.8","4.3","10.2","-1.6"
"USC00204104","IRONWOOD, MI US","46.4656","-90.1892","435.9","2015-05","2.0","-2.2","27.8","5357.2","11.0","17.5","4.6"
"USC00204104","IRONWOOD, MI US","46.4656","-90.1892","435.9","2015-06","7.3","1.7","27.2","5442.5","15.7","21.8","9.5"
"US1MIKN0068","KENTWOOD 1.8 SSE, MI US","42.8612","-85.5731","231.3","2015-06",,,,,,,
"USC00208043","TAHQUAMENON FALLS S P, MI US","46.6013","-85.2238","227.1","2015-01","0.0","-26.7","1.1","3057.3","-12.1","-7.0","-17.3"
"USC00208043","TAHQUAMENON FALLS S P, MI US","46.6013","-85.2238","227.1","2015-02","0.0","-35.6","-2.8","4077.0","-18.1","-11.0","-25.2"
"USC00208043","TAHQUAMENON FALLS S P, MI US","46.6013","-85.2238","227.1","2015-03","0.0","-31.1","10.0","4868.6","-7.2","-0.4","-14.0"
"USC00208043","TAHQUAMENON FALLS S P, MI US","46.6013","-85.2238","227.1","2015-04","0.0","-13.3","16.1","5366.3","1.7","7.8","-4.3"
"USC00208043","TAHQUAMENON FALLS S P, MI US","46.6013","-85.2238","227.1","2015-05","0.9","-3.9","28.3","5604.0","10.7","17.8","3.6"
"USC00208043","TAHQUAMENON FALLS S P, MI US","46.6013","-85.2238","227.1","2015-06","3.7","-1.7","28.3","5739.4","13.9","21.4","6.4"
"US1MIKN0065","BELMONT 1.0 WNW, MI US","43.07895","-85.6282","239.3","2015-01",,,,,,,
"US1MIKN0065","BELMONT 1.0 WNW, MI US","43.07895","-85.6282","239.3","2015-02",,,,,,,
"US1MIKN0065","BELMONT 1.0 WNW, MI US","43.07895","-85.6282","239.3","2015-03",,,,,,,
"US1MIKN0065","BELMONT 1.0 WNW, MI US","43.07895","-85.6282","239.3","2015-04",,,,,,,
"US1MIKN0065","BELMONT 1.0 WNW, MI US","43.07895","-85.6282","239.3","2015-05",,,,,,,
"US1MIKN0065","BELMONT 1.0 WNW, MI US","43.07895","-85.6282","239.3","2015-06",,,,,,,
"USC00207070","ROCKFORD, MI US","43.1158","-85.5642","218.2","2015-01",,,,,,,
"USC00207070","ROCKFORD, MI US","43.1158","-85.5642","218.2","2015-02",,,,,,,
"USC00207070","ROCKFORD, MI US","43.1158","-85.5642","218.2","2015-03",,,,,,,
"USC00207070","ROCKFORD, MI US","43.1158","-85.5642","218.2","2015-04",,,,,,,
"USC00207070","ROCKFORD, MI US","43.1158","-85.5642","218.2","2015-05",,,,,,,
"USC00207070","ROCKFORD, MI US","43.1158","-85.5642","218.2","2015-06",,,,,,,
"US1MICN0013","BATTLE CREEK 0.5 N, MI US","42.3058263212442","-85.2300761640072","284.4","2015-01",,,,,,,
"US1MICN0013","BATTLE CREEK 0.5 N, MI US","42.3058263212442","-85.2300761640072","284.4","2015-02",,,,,,,
"US1MICN0013","BATTLE CREEK 0.5 N, MI US","42.3058263212442","-85.2300761640072","284.4","2015-03",,,,,,,
"US1MICN0013","BATTLE CREEK 0.5 N, MI US","42.3058263212442","-85.2300761640072","284.4","2015-04",,,,,,,
"US1MICN0013","BATTLE CREEK 0.5 N, MI US","42.3058263212442","-85.2300761640072","284.4","2015-06",,,,,,,
"US1MIMB0025","CLINTON 1.2 N, MI US","42.60374","-82.92451","180.4","2015-01",,,,,,,
"US1MIMB0025","CLINTON 1.2 N, MI US","42.60374","-82.92451","180.4","2015-02",,,,,,,
"US1MIMB0025","CLINTON 1.2 N, MI US","42.60374","-82.92451","180.4","2015-05",,,,,,,
"US1MIMB0025","CLINTON 1.2 N, MI US","42.60374","-82.92451","180.4","2015-06",,,,,,,
"US1MIMB0024","RAY 2.1 WNW, MI US","42.77873","-82.93591","214.9","2015-05",,,,,,,
"US1MIMB0024","RAY 2.1 WNW, MI US","42.77873","-82.93591","214.9","2015-06",,,,,,,
"USC00201768","COOKS 2 NE, MI US","45.9248","-86.4435","225.6","2015-01",,,,,,,
"USC00201768","COOKS 2 NE, MI US","45.9248","-86.4435","225.6","2015-02",,,,,,,
"USC00201768","COOKS 2 NE, MI US","45.9248","-86.4435","225.6","2015-03",,,,,,,
"USC00201768","COOKS 2 NE, MI US","45.9248","-86.4435","225.6","2015-04",,,,,,,
"USC00201768","COOKS 2 NE, MI US","45.9248","-86.4435","225.6","2015-06",,,,,,,
"US1MIMB0022","UTICA 0.8 NNW, MI US","42.639577","-83.027232","198.4","2015-01",,,,,,,
"US1MIMB0022","UTICA 0.8 NNW, MI US","42.639577","-83.027232","198.4","2015-04",,,,,,,
"US1MIMB0022","UTICA 0.8 NNW, MI US","42.639577","-83.027232","198.4","2015-05",,,,,,,
"US1MIMB0022","UTICA 0.8 NNW, MI US","42.639577","-83.027232","198.4","2015-06",,,,,,,
"USC00203823","HILLSDALE, MI US","41.9352","-84.6411","329.2","2015-01","0.0","-21.7","6.7","2321.8","-7.4","-2.8","-12.1"
"USC00203823","HILLSDALE, MI US","41.9352","-84.6411","329.2","2015-02","0.0","-28.9","5.6","3173.7","-12.1","-5.6","-18.6"
"USC00203823","HILLSDALE, MI US","41.9352","-84.6411","329.2","2015-03","0.0","-26.1","20.6","3768.9","-0.9","5.3","-7.0"
"USC00203823","HILLSDALE, MI US","41.9352","-84.6411","329.2","2015-04","0.0","-5.0","25.0","4087.0","7.7","14.5","1.0"
"USC00203823","HILLSDALE, MI US","41.9352","-84.6411","329.2","2015-05","34.2","1.1","30.0","4184.7","16.3","22.6","10.0"
"USC00203823","HILLSDALE, MI US","41.9352","-84.6411","329.2","2015-06","84.1","6.1","30.6","4213.3","19.0","24.1","14.0"
"US1MIKN0060","COMSTOCK PARK 3.7 NNE, MI US","43.09387","-85.642839","239.0","2015-01",,,,,,,
"US1MIKN0060","COMSTOCK PARK 3.7 NNE, MI US","43.09387","-85.642839","239.0","2015-02",,,,,,,
"US1MIKN0060","COMSTOCK PARK 3.7 NNE, MI US","43.09387","-85.642839","239.0","2015-03",,,,,,,
"US1MIKN0060","COMSTOCK PARK 3.7 NNE, MI US","43.09387","-85.642839","239.0","2015-05",,,,,,,
"US1MIKN0060","COMSTOCK PARK 3.7 NNE, MI US","43.09387","-85.642839","239.0","2015-06",,,,,,,
"US1MIAR0002","ALGER 2.4 ENE, MI US","44.1337316483259","-84.0743129700422","238.4","2015-03",,,,,,,
"US1MIAR0002","ALGER 2.4 ENE, MI US","44.1337316483259","-84.0743129700422","238.4","2015-04",,,,,,,
"US1MIAR0002","ALGER 2.4 ENE, MI US","44.1337316483259","-84.0743129700422","238.4","2015-05",,,,,,,
"US1MIAR0002","ALGER 2.4 ENE, MI US","44.1337316483259","-84.0743129700422","238.4","2015-06",,,,,,,
"USC00202851","FLINT 7 W, MI US","43.0377","-83.7694","207.0","2015-01","0.0","-23.3","6.1","2282.4","-7.1","-3.1","-11.1"
"USC00202851","FLINT 7 W, MI US","43.0377","-83.7694","207.0","2015-02","0.0","-29.4","3.3","3138.5","-12.2","-6.4","-18.1"
"USC00202851","FLINT 7 W, MI US","43.0377","-83.7694","207.0","2015-03","0.0","-19.4","18.3","3735.1","-0.9","4.9","-6.7"
"USC00202851","FLINT 7 W, MI US","43.0377","-83.7694","207.0","2015-04","0.0","-5.6","23.3","4056.1","7.6","14.2","1.1"
"USC00202851","FLINT 7 W, MI US","43.0377","-83.7694","207.0","2015-05","34.1","1.1","29.4","4155.1","16.2","22.3","10.2"
"USC00202851","FLINT 7 W, MI US","43.0377","-83.7694","207.0","2015-06","77.3","3.9","30.0","4192.9","18.5","24.1","12.9"
"USC00200552","BATTLE CREEK 5 NW, MI US","42.3678","-85.2634","281.3","2015-01","0.0","-24.4","7.8","2206.6","-5.7","-1.2","-10.3"
"USC00200552","BATTLE CREEK 5 NW, MI US","42.3678","-85.2634","281.3","2015-02","0.0","-27.2","7.2","2999.7","-10.0","-3.9","-16.1"
"USC00200552","BATTLE CREEK 5 NW, MI US","42.3678","-85.2634","281.3","2015-03","0.0","-18.9","20.6","3532.8","1.1","7.6","-5.3"
"USC00200552","BATTLE CREEK 5 NW, MI US","42.3678","-85.2634","281.3","2015-04","0.0","-5.6","25.6","3784.3","9.9","16.4","3.6"
"USC00200552","BATTLE CREEK 5 NW, MI US","42.3678","-85.2634","281.3","2015-05","39.1","0.6","30.6","3859.4","17.2","23.7","10.7"
"USC00200552","BATTLE CREEK 5 NW, MI US","42.3678","-85.2634","281.3","2015-06","88.7","3.3","29.4","3877.8","19.4","25.6","13.1"
"USC00201522","CHESANING, MI US","43.1936","-84.1113","189.0","2015-01",,,,,,,
"USC00201522","CHESANING, MI US","43.1936","-84.1113","189.0","2015-02",,,,,,,
"USC00201522","CHESANING, MI US","43.1936","-84.1113","189.0","2015-03",,,,,,,
"USC00201522","CHESANING, MI US","43.1936","-84.1113","189.0","2015-04",,,,,,,
"USC00201522","CHESANING, MI US","43.1936","-84.1113","189.0","2015-05",,,,,,,
"USC00201522","CHESANING, MI US","43.1936","-84.1113","189.0","2015-06",,,,,,,
"USW00094814","HOUGHTON LAKE ROSCOMMON CO AIRPORT, MI US","44.35904","-84.6739","350.6","2015-01","0.0","-27.7","3.9","2639.4","-9.3","-4.4","-14.2"
"USW00094814","HOUGHTON LAKE ROSCOMMON CO AIRPORT, MI US","44.35904","-84.6739","350.6","2015-02","0.0","-33.8","-2.1","3558.0","-14.5","-8.2","-20.8"
"USW00094814","HOUGHTON LAKE ROSCOMMON CO AIRPORT, MI US","44.35904","-84.6739","350.6","2015-03","0.0","-27.1","17.2","4208.1","-2.6","3.6","-8.9"
"USW00094814","HOUGHTON LAKE ROSCOMMON CO AIRPORT, MI US","44.35904","-84.6739","350.6","2015-04","0.0","-8.2","21.7","4592.5","5.5","12.3","-1.3"
"USW00094814","HOUGHTON LAKE ROSCOMMON CO AIRPORT, MI US","44.35904","-84.6739","350.6","2015-05","12.8","-1.6","28.9","4741.0","13.9","21.0","6.9"
"USW00094814","HOUGHTON LAKE ROSCOMMON CO AIRPORT, MI US","44.35904","-84.6739","350.6","2015-06","22.6","0.0","27.2","4809.0","16.4","23.5","9.3"
"USW00094815","KALAMAZOO BATTLE CREEK INTERNATIONAL AIRPORT, MI US","42.22826","-85.546","263.3","2015-01","0.0","-23.8","7.2","2156.0","-5.7","-1.8","-9.5"
"USW00094815","KALAMAZOO BATTLE CREEK INTERNATIONAL AIRPORT, MI US","42.22826","-85.546","263.3","2015-02","0.0","-26.0","5.0","2954.7","-10.2","-5.0","-15.4"
"USW00094815","KALAMAZOO BATTLE CREEK INTERNATIONAL AIRPORT, MI US","42.22826","-85.546","263.3","2015-03","0.0","-18.8","21.1","3469.7","1.0","6.7","-4.6"
"USW00094815","KALAMAZOO BATTLE CREEK INTERNATIONAL AIRPORT, MI US","42.22826","-85.546","263.3","2015-04","0.0","-4.9","25.6","3721.9","9.6","16.2","3.1"
"USW00094815","KALAMAZOO BATTLE CREEK INTERNATIONAL AIRPORT, MI US","42.22826","-85.546","263.3","2015-05","35.6","1.7","29.4","3804.8","16.8","22.7","10.9"
"USW00094815","KALAMAZOO BATTLE CREEK INTERNATIONAL AIRPORT, MI US","42.22826","-85.546","263.3","2015-06",,,"30.0",,,"24.9",
"US1MIKN0077","COMSTOCK PARK 1.0 NNW, MI US","43.057961","-85.680295","227.7","2015-05",,,,,,,
"US1MIKN0077","COMSTOCK PARK 1.0 NNW, MI US","43.057961","-85.680295","227.7","2015-06",,,,,,,
"USW00094817","PONTIAC OAKLAND CO INTERNATIONAL AIRPORT, MI US","42.66314","-83.41016","295.4","2015-01","0.0","-21.6","5.0","2240.9","-7.0","-2.9","-11.1"
"USW00094817","PONTIAC OAKLAND CO INTERNATIONAL AIRPORT, MI US","42.66314","-83.41016","295.4","2015-02","0.0","-28.2","3.9","3078.1","-11.6","-6.3","-16.8"
"USW00094817","PONTIAC OAKLAND CO INTERNATIONAL AIRPORT, MI US","42.66314","-83.41016","295.4","2015-03","0.0","-19.9","17.2","3651.5","-0.2","5.2","-5.5"
"USW00094817","PONTIAC OAKLAND CO INTERNATIONAL AIRPORT, MI US","42.66314","-83.41016","295.4","2015-04","0.0","-5.5","24.4","3950.1","8.4","14.5","2.2"
"USW00094817","PONTIAC OAKLAND CO INTERNATIONAL AIRPORT, MI US","42.66314","-83.41016","295.4","2015-05","33.6","1.1","28.9","4039.1","16.6","22.6","10.5"
"USW00094817","PONTIAC OAKLAND CO INTERNATIONAL AIRPORT, MI US","42.66314","-83.41016","295.4","2015-06","77.2","5.6","30.6","4062.8","19.0","24.2","13.8"
"US1MIKN0078","CEDAR SPRINGS 2.8 SSW, MI US","43.182941","-85.56863","253.9","2015-05",,,,,,,
"US1MIKN0078","CEDAR SPRINGS 2.8 SSW, MI US","43.182941","-85.56863","253.9","2015-06",,,,,,,
"USC00200446","BALDWIN, MI US","43.9005","-85.8505","254.5","2015-01","0.0","-27.2","5.0",,"-8.5","-3.9","-13.1"
"USC00200446","BALDWIN, MI US","43.9005","-85.8505","254.5","2015-02","0.0","-32.8","2.2",,"-14.1","-7.1","-21.0"
"USC00200446","BALDWIN, MI US","43.9005","-85.8505","254.5","2015-03","0.0","-26.7","17.2",,"-2.0","3.9","-7.8"
"USC00200446","BALDWIN, MI US","43.9005","-85.8505","254.5","2015-05",,,"30.0",,,"21.0",
"USC00200446","BALDWIN, MI US","43.9005","-85.8505","254.5","2015-06",,"2.8","27.2",,"17.5","24.1","10.9"
"USC00203712","HELL, MI US","42.4344","-83.9858","271.3","2015-01",,,"8.3",,,"-1.4",
"USC00203712","HELL, MI US","42.4344","-83.9858","271.3","2015-04",,"-5.6","24.4",,"9.5","16.3","2.6"
"US1MIMB0033","ROSEVILLE 1.7 ENE, MI US","42.5147724151611","-82.9042267799377","180.4","2015-01",,,,,,,
"US1MIMB0033","ROSEVILLE 1.7 ENE, MI US","42.5147724151611","-82.9042267799377","180.4","2015-02",,,,,,,
"US1MIMB0033","ROSEVILLE 1.7 ENE, MI US","42.5147724151611","-82.9042267799377","180.4","2015-03",,,,,,,
"US1MIMB0033","ROSEVILLE 1.7 ENE, MI US","42.5147724151611","-82.9042267799377","180.4","2015-04",,,,,,,
"US1MIMB0033","ROSEVILLE 1.7 ENE, MI US","42.5147724151611","-82.9042267799377","180.4","2015-05",,,,,,,
"US1MIMB0033","ROSEVILLE 1.7 ENE, MI US","42.5147724151611","-82.9042267799377","180.4","2015-06",,,,,,,
"USC00204808","LEXINGTON WATER PLANT, MI US","43.26319","-82.5327","189.6","2015-01","0.0","-21.1","4.4","2240.7","-7.9","-4.0","-11.7"
"USC00204808","LEXINGTON WATER PLANT, MI US","43.26319","-82.5327","189.6","2015-02","0.0","-27.8","0.6","3106.3","-12.6","-7.2","-17.9"
"USC00204808","LEXINGTON WATER PLANT, MI US","43.26319","-82.5327","189.6","2015-03","0.0","-18.3","13.3","3714.1","-1.9","2.9","-6.8"
"USC00204808","LEXINGTON WATER PLANT, MI US","43.26319","-82.5327","189.6","2015-04","0.0","-4.4","20.6","4066.7","5.7","10.3","1.2"
"USC00204808","LEXINGTON WATER PLANT, MI US","43.26319","-82.5327","189.6","2015-05","19.0","-0.6","30.0","4207.4","14.1","20.4","7.7"
"USC00204808","LEXINGTON WATER PLANT, MI US","43.26319","-82.5327","189.6","2015-06","31.2","4.4","31.1","4284.9","16.2","21.1","11.2"
"US1MIMB0030","SHELBY 2.6 SW, MI US","42.64333333","-83.06916667","215.2","2015-04",,,,,,,
"US1MIMB0030","SHELBY 2.6 SW, MI US","42.64333333","-83.06916667","215.2","2015-05",,,,,,,
"US1MIMB0030","SHELBY 2.6 SW, MI US","42.64333333","-83.06916667","215.2","2015-06",,,,,,,
"US1MIKN0073","LOWELL 2.2 N, MI US","42.9651718139648","-85.3499145507813","202.1","2015-05",,,,,,,
"US1MIKN0073","LOWELL 2.2 N, MI US","42.9651718139648","-85.3499145507813","202.1","2015-06",,,,,,,
"USC00201896","CROSS VILLAGE 1 E, MI US","45.6413","-85.0141","219.8","2015-01","0.0","-22.8","4.4",,"-9.4","-4.7","-14.1"
"USC00201896","CROSS VILLAGE 1 E, MI US","45.6413","-85.0141","219.8","2015-02","0.0","-30.0","-1.7",,"-15.3","-9.0","-21.6"
"USC00201896","CROSS VILLAGE 1 E, MI US","45.6413","-85.0141","219.8","2015-03","0.0","-24.4","12.8",,"-3.5","1.8","-8.8"
"USC00201896","CROSS VILLAGE 1 E, MI US","45.6413","-85.0141","219.8","2015-04","0.0","-8.9","20.6",,"4.3","9.8","-1.2"
"USC00201896","CROSS VILLAGE 1 E, MI US","45.6413","-85.0141","219.8","2015-05","2.0","0.0","29.4",,"11.9","18.2","5.7"
"USC00201896","CROSS VILLAGE 1 E, MI US","45.6413","-85.0141","219.8","2015-06","3.1","2.8","24.4",,"14.4","19.4","9.3"
"USC00202984","FRANKFORT 2 NE, MI US","44.64822","-86.20986","289.0","2015-01","0.0","-17.8","3.9",,"-6.4","-2.9","-9.9"
"USC00202984","FRANKFORT 2 NE, MI US","44.64822","-86.20986","289.0","2015-02","0.0","-22.8","2.2",,"-10.1","-6.4","-13.9"
"USC00202984","FRANKFORT 2 NE, MI US","44.64822","-86.20986","289.0","2015-03","0.0","-15.6","14.4",,"-0.9","3.5","-5.2"
"USC00202984","FRANKFORT 2 NE, MI US","44.64822","-86.20986","289.0","2015-04","0.0","-6.1","22.2",,"6.6","11.9","1.2"
"USC00202984","FRANKFORT 2 NE, MI US","44.64822","-86.20986","289.0","2015-05","6.7","-0.6","26.7",,"13.5","19.2","7.9"
"USC00202984","FRANKFORT 2 NE, MI US","44.64822","-86.20986","289.0","2015-06","11.7","4.4","26.7",,"16.2","21.2","11.2"
"USR0000MRAC","RACO MICHIGAN, MI US","46.25","-84.5833","274.3","2015-01","0.0","-28.9","0.6",,"-11.9","-5.9","-18.0"
"USR0000MRAC","RACO MICHIGAN, MI US","46.25","-84.5833","274.3","2015-03",,"-22.2","10.0",,"-4.9","2.0","-11.7"
"USR0000MRAC","RACO MICHIGAN, MI US","46.25","-84.5833","274.3","2015-04",,"-12.2","17.2",,"2.9","8.4","-2.5"
"USR0000MRAC","RACO MICHIGAN, MI US","46.25","-84.5833","274.3","2015-05",,"-5.0","27.8",,"10.6","17.4","3.8"
"USR0000MRAC","RACO MICHIGAN, MI US","46.25","-84.5833","274.3","2015-06",,"-2.2","27.2",,"13.9","21.3","6.6"
"USC00208184","THREE RIVERS, MI US","41.9299","-85.6385","246.9","2015-01","0.0","-23.3","7.8","2247.9","-6.5","-2.1","-10.9"
"USC00208184","THREE RIVERS, MI US","41.9299","-85.6385","246.9","2015-02","0.0","-27.2","6.1","3048.8","-10.3","-4.4","-16.2"
"USC00208184","THREE RIVERS, MI US","41.9299","-85.6385","246.9","2015-03","0.0","-23.9","20.6","3622.5","-0.2","5.9","-6.2"
"USC00208184","THREE RIVERS, MI US","41.9299","-85.6385","246.9","2015-04","0.0","-4.4","25.0","3913.1","8.6","15.3","2.0"
"USC00208184","THREE RIVERS, MI US","41.9299","-85.6385","246.9","2015-05","32.1","1.7","28.9","4007.6","16.3","22.5","10.2"
"USC00208184","THREE RIVERS, MI US","41.9299","-85.6385","246.9","2015-06","83.0","6.1","30.6","4031.2","19.3","24.4","14.1"
"US1MIGT0001","TRAVERSE CITY 4.1 E, MI US","44.746623","-85.519284","195.4","2015-05",,,,,,,
"US1MIGT0001","TRAVERSE CITY 4.1 E, MI US","44.746623","-85.519284","195.4","2015-06",,,,,,,
"USC00207096","ROGERS CITY HOEFT SP, MI US","45.46477","-83.88252","185.0","2015-01","0.0","-19.4","2.8","2531.3","-9.6","-4.6","-14.6"
"USC00207096","ROGERS CITY HOEFT SP, MI US","45.46477","-83.88252","185.0","2015-02","0.0","-27.2","-1.7","3428.1","-13.7","-8.6","-18.7"
"USC00207096","ROGERS CITY HOEFT SP, MI US","45.46477","-83.88252","185.0","2015-03","0.0","-20.0","14.4","4086.8","-2.9","2.8","-8.6"
"USC00207096","ROGERS CITY HOEFT SP, MI US","45.46477","-83.88252","185.0","2015-04","0.0","-7.8","22.8","4510.7","4.2","8.9","-0.4"
"USC00207096","ROGERS CITY HOEFT SP, MI US","45.46477","-83.88252","185.0","2015-05","2.8","-1.1","30.0","4703.0","12.2","19.0","5.4"
"USC00207096","ROGERS CITY HOEFT SP, MI US","45.46477","-83.88252","185.0","2015-06","4.8","1.7","27.8","4808.8","14.9","20.5","9.3"
"US1MIWS0028","DEXTER 0.3 ENE, MI US","42.333667755127","-83.875129699707","274.0","2015-01",,,,,,,
"US1MIWS0028","DEXTER 0.3 ENE, MI US","42.333667755127","-83.875129699707","274.0","2015-02",,,,,,,
"US1MIWS0028","DEXTER 0.3 ENE, MI US","42.333667755127","-83.875129699707","274.0","2015-04",,,,,,,
"US1MIHR0001","BAD AXE 6.3 SSW, MI US","43.7226168665","-83.0572713121","232.0","2015-03",,,,,,,
"US1MIHR0001","BAD AXE 6.3 SSW, MI US","43.7226168665","-83.0572713121","232.0","2015-04",,,,,,,
"US1MIHR0001","BAD AXE 6.3 SSW, MI US","43.7226168665","-83.0572713121","232.0","2015-05",,,,,,,
"US1MIHR0001","BAD AXE 6.3 SSW, MI US","43.7226168665","-83.0572713121","232.0","2015-06",,,,,,,
"US1MIHR0002","BAD AXE 0.5 SSW, MI US","43.796139","-82.999626","228.0","2015-05",,,,,,,
"USR0000MBAL","BALDWIN MICHIGAN, MI US","43.8933","-85.8506","253.6","2015-01","0.0","-31.1","5.6","2601.2","-8.2","-3.2","-13.3"
"USR0000MBAL","BALDWIN MICHIGAN, MI US","43.8933","-85.8506","253.6","2015-02","0.0","-36.1","2.2","3436.3","-13.6","-6.1","-21.1"
"USR0000MBAL","BALDWIN MICHIGAN, MI US","43.8933","-85.8506","253.6","2015-03","0.0","-27.2","17.2","4080.3","-2.4","4.6","-9.5"
"USR0000MBAL","BALDWIN MICHIGAN, MI US","43.8933","-85.8506","253.6","2015-04","0.0","-10.6","23.3","4447.4","6.1","13.6","-1.5"
"USR0000MBAL","BALDWIN MICHIGAN, MI US","43.8933","-85.8506","253.6","2015-05","12.3","-3.9","29.4","4600.2","13.8","20.9","6.7"
"USR0000MBAL","BALDWIN MICHIGAN, MI US","43.8933","-85.8506","253.6","2015-06","22.1","0.6","27.8","4654.9","16.8","24.1","9.5"
"US1MIGN0022","GRAND BLANC 2.9 SE, MI US","42.8908670693636","-83.585834428668","283.8","2015-05",,,,,,,
"US1MIWY0014","LIVONIA 1.1 SSW, MI US","42.383515","-83.377868","199.9","2015-03",,,,,,,
"USC00201780","COPPER HARBOR FORT WILKINS, MI US","47.4679","-87.8671","190.5","2015-05",,"-1.7","27.2",,"9.3","15.0","3.5"
"USC00201780","COPPER HARBOR FORT WILKINS, MI US","47.4679","-87.8671","190.5","2015-06",,"-0.6","24.4",,"12.2","18.2","6.3"
"US1MIWS0025","SALINE 3.8 SSW, MI US","42.12618","-83.81094","249.9","2015-01",,,,,,,
"US1MIWS0025","SALINE 3.8 SSW, MI US","42.12618","-83.81094","249.9","2015-02",,,,,,,
"US1MIWS0025","SALINE 3.8 SSW, MI US","42.12618","-83.81094","249.9","2015-03",,,,,,,
"US1MIWS0025","SALINE 3.8 SSW, MI US","42.12618","-83.81094","249.9","2015-04",,,,,,,
"US1MIWS0025","SALINE 3.8 SSW, MI US","42.12618","-83.81094","249.9","2015-05",,,,,,,
"US1MIWS0025","SALINE 3.8 SSW, MI US","42.12618","-83.81094","249.9","2015-06",,,,,,,
"US1MIMB0009","NEW BALTIMORE 0.4 SSE, MI US","42.677025","-82.735671","175.0","2015-01",,,,,,,
"US1MIMB0009","NEW BALTIMORE 0.4 SSE, MI US","42.677025","-82.735671","175.0","2015-02",,,,,,,
"US1MIMB0009","NEW BALTIMORE 0.4 SSE, MI US","42.677025","-82.735671","175.0","2015-03",,,,,,,
"US1MIMB0009","NEW BALTIMORE 0.4 SSE, MI US","42.677025","-82.735671","175.0","2015-04",,,,,,,
"US1MIMB0009","NEW BALTIMORE 0.4 SSE, MI US","42.677025","-82.735671","175.0","2015-05",,,,,,,
"US1MIMB0009","NEW BALTIMORE 0.4 SSE, MI US","42.677025","-82.735671","175.0","2015-06",,,,,,,
"US1MIWS0024","ANN ARBOR 2.6 NNE, MI US","42.31025","-83.713693","277.4","2015-01",,,,,,,
"US1MIWS0024","ANN ARBOR 2.6 NNE, MI US","42.31025","-83.713693","277.4","2015-02",,,,,,,
"US1MIWS0024","ANN ARBOR 2.6 NNE, MI US","42.31025","-83.713693","277.4","2015-03",,,,,,,
"US1MIWS0024","ANN ARBOR 2.6 NNE, MI US","42.31025","-83.713693","277.4","2015-04",,,,,,,
"US1MIWS0024","ANN ARBOR 2.6 NNE, MI US","42.31025","-83.713693","277.4","2015-06",,,,,,,
"US1MIGN0024","CLIO 0.4 SW, MI US","43.17254","-83.74227","223.4","2015-05",,,,,,,
"US1MIGN0024","CLIO 0.4 SW, MI US","43.17254","-83.74227","223.4","2015-06",,,,,,,
"US1MIMB0007","SHELBY 0.4 SSE, MI US","42.665936","-83.028694","207.3","2015-01",,,,,,,
"US1MIMB0007","SHELBY 0.4 SSE, MI US","42.665936","-83.028694","207.3","2015-02",,,,,,,
"US1MIMB0007","SHELBY 0.4 SSE, MI US","42.665936","-83.028694","207.3","2015-03",,,,,,,
"US1MIMB0007","SHELBY 0.4 SSE, MI US","42.665936","-83.028694","207.3","2015-04",,,,,,,
"US1MIMB0007","SHELBY 0.4 SSE, MI US","42.665936","-83.028694","207.3","2015-05",,,,,,,
"US1MIMB0007","SHELBY 0.4 SSE, MI US","42.665936","-83.028694","207.3","2015-06",,,,,,,
"US1MIWS0020","ANN ARBOR 1.7 NNW, MI US","42.29982","-83.739201","257.3","2015-01",,,,,,,
"US1MIWS0020","ANN ARBOR 1.7 NNW, MI US","42.29982","-83.739201","257.3","2015-02",,,,,,,
"US1MIGT0011","TRAVERSE CITY 7.6 SSW, MI US","44.6531905","-85.6639838","269.1","2015-01",,,,,,,
"US1MIGT0011","TRAVERSE CITY 7.6 SSW, MI US","44.6531905","-85.6639838","269.1","2015-02",,,,,,,
"US1MIGT0011","TRAVERSE CITY 7.6 SSW, MI US","44.6531905","-85.6639838","269.1","2015-03",,,,,,,
"USC00203858","HOLLAND WTP, MI US","42.7989","-86.20635","184.4","2015-01",,,,,,,
"USC00203858","HOLLAND WTP, MI US","42.7989","-86.20635","184.4","2015-03",,,,,,,
"USC00203858","HOLLAND WTP, MI US","42.7989","-86.20635","184.4","2015-04",,,,,,,
"USC00203858","HOLLAND WTP, MI US","42.7989","-86.20635","184.4","2015-05",,,,,,,
"USC00203858","HOLLAND WTP, MI US","42.7989","-86.20635","184.4","2015-06",,,,,,,
"USC00201435","CLARKSBURG, MI US","46.49909","-87.84506","473.7","2015-01","0.0","-30.0","1.1","3237.6","-12.6","-7.5","-17.8"
"USC00201435","CLARKSBURG, MI US","46.49909","-87.84506","473.7","2015-02","0.0","-38.9","-4.4","4266.0","-18.4","-10.5","-26.3"
"USC00201435","CLARKSBURG, MI US","46.49909","-87.84506","473.7","2015-03","0.0","-35.0","15.6","5025.2","-6.2","2.6","-14.9"
"USC00201435","CLARKSBURG, MI US","46.49909","-87.84506","473.7","2015-04","0.0","-12.2","22.2","5492.6","2.8","10.2","-4.7"
"USC00201435","CLARKSBURG, MI US","46.49909","-87.84506","473.7","2015-05","0.3","-5.6","28.3","5743.3","10.3","18.7","1.8"
"USC00201435","CLARKSBURG, MI US","46.49909","-87.84506","473.7","2015-06","0.3","-2.2","27.8","5886.1","13.6","22.2","5.0"
"USC00204944","LOWELL, MI US","42.92793","-85.34013","199.9","2015-01",,,,,,,
"USC00204944","LOWELL, MI US","42.92793","-85.34013","199.9","2015-02",,,,,,,
"USC00204944","LOWELL, MI US","42.92793","-85.34013","199.9","2015-03",,,,,,,
"USC00204944","LOWELL, MI US","42.92793","-85.34013","199.9","2015-04",,,,,,,
"USC00204944","LOWELL, MI US","42.92793","-85.34013","199.9","2015-05",,,,,,,
"USC00204944","LOWELL, MI US","42.92793","-85.34013","199.9","2015-06",,,,,,,
"USC00200228","ANN ARBOR SE, MI US","42.2416","-83.6933","253.6","2015-01","0.0","-20.0","5.6","2217.8","-6.6","-2.3","-10.9"
"USC00200228","ANN ARBOR SE, MI US","42.2416","-83.6933","253.6","2015-02","0.0","-27.8","5.6","3043.0","-11.1","-4.6","-17.7"
"USC00200228","ANN ARBOR SE, MI US","42.2416","-83.6933","253.6","2015-03","0.0","-22.2","17.8","3622.9","-0.4","5.9","-6.6"
"USC00200228","ANN ARBOR SE, MI US","42.2416","-83.6933","253.6","2015-04","0.0","-5.0","25.0","3930.7","8.1","15.1","1.1"
"USC00200228","ANN ARBOR SE, MI US","42.2416","-83.6933","253.6","2015-05","33.4","1.1","30.6","4020.5","16.5","23.3","9.8"
"USC00200228","ANN ARBOR SE, MI US","42.2416","-83.6933","253.6","2015-06","78.1","4.4","31.1","4050.2","18.8","24.6","13.0"
"US1MIWS0037","PLYMOUTH 6.3 W, MI US","42.382058","-83.589714","276.8","2015-03",,,,,,,
"US1MIWS0037","PLYMOUTH 6.3 W, MI US","42.382058","-83.589714","276.8","2015-04",,,,,,,
"US1MIWS0037","PLYMOUTH 6.3 W, MI US","42.382058","-83.589714","276.8","2015-05",,,,,,,
"US1MIWS0037","PLYMOUTH 6.3 W, MI US","42.382058","-83.589714","276.8","2015-06",,,,,,,
"US1MIWS0036","YPSILANTI 4.5 S, MI US","42.179573","-83.610512","216.1","2015-04",,,,,,,
"US1MIWS0036","YPSILANTI 4.5 S, MI US","42.179573","-83.610512","216.1","2015-05",,,,,,,
"US1MIWS0036","YPSILANTI 4.5 S, MI US","42.179573","-83.610512","216.1","2015-06",,,,,,,
"USC00200342","ATLANTA, MI US","45.00471","-84.14043","267.9","2015-01","0.0","-29.4","2.8","2794.0","-10.7","-4.8","-16.7"
"USC00200342","ATLANTA, MI US","45.00471","-84.14043","267.9","2015-02","0.0","-36.1","-1.7","3760.8","-16.2","-8.6","-23.8"
"USC00200342","ATLANTA, MI US","45.00471","-84.14043","267.9","2015-03","0.0","-28.9","16.1","4457.2","-4.1","3.4","-11.6"
"USC00200342","ATLANTA, MI US","45.00471","-84.14043","267.9","2015-04","0.0","-10.0","21.7","4889.6","3.9","11.4","-3.5"
"USC00200342","ATLANTA, MI US","45.00471","-84.14043","267.9","2015-05","13.3","-3.9","31.1","5072.0","12.9","21.2","4.6"
"USC00200342","ATLANTA, MI US","45.00471","-84.14043","267.9","2015-06","15.8","-1.7","28.3","5173.3","15.0","23.1","7.0"
"US1MIMB0016","CLINTON 2.3 N, MI US","42.620776","-82.920468","181.4","2015-05",,,,,,,
"US1MIMB0016","CLINTON 2.3 N, MI US","42.620776","-82.920468","181.4","2015-06",,,,,,,
"US1MIWS0031","DEXTER 2.2 SE, MI US","42.304488","-83.855344","285.6","2015-01",,,,,,,
"US1MIWS0031","DEXTER 2.2 SE, MI US","42.304488","-83.855344","285.6","2015-02",,,,,,,
"US1MIWS0031","DEXTER 2.2 SE, MI US","42.304488","-83.855344","285.6","2015-03",,,,,,,
"US1MIWS0031","DEXTER 2.2 SE, MI US","42.304488","-83.855344","285.6","2015-04",,,,,,,
"US1MIWS0031","DEXTER 2.2 SE, MI US","42.304488","-83.855344","285.6","2015-05",,,,,,,
"US1MIWS0031","DEXTER 2.2 SE, MI US","42.304488","-83.855344","285.6","2015-06",,,,,,,
"USC00201675","COLDWATER ST SCHOOL, MI US","41.9622","-84.9925","299.9","2015-01","0.0","-23.3","7.2","2276.2","-6.6","-2.5","-10.8"
"USC00201675","COLDWATER ST SCHOOL, MI US","41.9622","-84.9925","299.9","2015-02","0.0","-26.1","5.6","3107.3","-11.4","-5.7","-17.0"
"USC00201675","COLDWATER ST SCHOOL, MI US","41.9622","-84.9925","299.9","2015-03","0.0","-18.3","20.0","3672.5","0.1","5.6","-5.4"
"USC00201675","COLDWATER ST SCHOOL, MI US","41.9622","-84.9925","299.9","2015-04","0.0","-4.4","24.4","3948.5","9.1","15.4","2.8"
"USC00201675","COLDWATER ST SCHOOL, MI US","41.9622","-84.9925","299.9","2015-05","31.4","1.1","28.3","4034.3","16.6","22.3","10.9"
"USC00201675","COLDWATER ST SCHOOL, MI US","41.9622","-84.9925","299.9","2015-06","86.0","5.0","30.6","4053.7","19.5","24.8","14.2"
"US1MIKN0027","GRAND RAPIDS 3.2 S, MI US","42.914681","-85.649234","200.3","2015-04",,,,,,,
"US1MIKN0027","GRAND RAPIDS 3.2 S, MI US","42.914681","-85.649234","200.3","2015-05",,,,,,,
"US1MIKN0027","GRAND RAPIDS 3.2 S, MI US","42.914681","-85.649234","200.3","2015-06",,,,,,,
"US1MIGT0021","KINGSLEY 2.7 ENE, MI US","44.59871667","-85.48426667","281.3","2015-01",,,,,,,
"US1MIGT0021","KINGSLEY 2.7 ENE, MI US","44.59871667","-85.48426667","281.3","2015-02",,,,,,,
"US1MIGT0021","KINGSLEY 2.7 ENE, MI US","44.59871667","-85.48426667","281.3","2015-03",,,,,,,
"US1MIGT0021","KINGSLEY 2.7 ENE, MI US","44.59871667","-85.48426667","281.3","2015-04",,,,,,,
"US1MIGT0021","KINGSLEY 2.7 ENE, MI US","44.59871667","-85.48426667","281.3","2015-05",,,,,,,
"US1MIGT0021","KINGSLEY 2.7 ENE, MI US","44.59871667","-85.48426667","281.3","2015-06",,,,,,,
"USC00208080","TECUMSEH, MI US","42.0027","-83.9336","237.7","2015-01","0.0","-20.6","6.7","2110.5","-6.7","-1.9","-11.6"
"USC00208080","TECUMSEH, MI US","42.0027","-83.9336","237.7","2015-02","0.0","-27.8","8.3","2896.6","-10.8","-3.6","-18.0"
"USC00208080","TECUMSEH, MI US","42.0027","-83.9336","237.7","2015-03","0.0","-22.2","16.1","3482.2","-0.6","6.4","-7.5"
"USC00208080","TECUMSEH, MI US","42.0027","-83.9336","237.7","2015-04","0.0","-5.6","25.6","3773.3","8.3","16.1","0.5"
"USC00208080","TECUMSEH, MI US","42.0027","-83.9336","237.7","2015-05","27.7","2.2","31.1","3834.9","17.1","24.6","9.6"
"USC00208080","TECUMSEH, MI US","42.0027","-83.9336","237.7","2015-06","79.2","5.6","32.2","3861.0","19.3","25.3","13.3"
"USC00203504","GULL LAKE BIOLOGICAL STATION, MI US","42.3941","-85.385","281.9","2015-02",,,,,,,
"USC00203504","GULL LAKE BIOLOGICAL STATION, MI US","42.3941","-85.385","281.9","2015-03",,,,,,,
"USC00203504","GULL LAKE BIOLOGICAL STATION, MI US","42.3941","-85.385","281.9","2015-05",,,,,,,
"USC00203504","GULL LAKE BIOLOGICAL STATION, MI US","42.3941","-85.385","281.9","2015-06",,,,,,,
"USW00014804","MOUNT CLEMENS ANG BASE, MI US","42.6083","-82.8183","176.8","2015-01",,,"13.3",,,"7.2",
"USW00014804","MOUNT CLEMENS ANG BASE, MI US","42.6083","-82.8183","176.8","2015-02",,,,,,,
"USW00014804","MOUNT CLEMENS ANG BASE, MI US","42.6083","-82.8183","176.8","2015-03",,"-12.7","19.4",,"5.5","13.1","-2.1"
"USW00014804","MOUNT CLEMENS ANG BASE, MI US","42.6083","-82.8183","176.8","2015-05",,"0.6","28.9",,"16.2","22.4","10.0"
"USW00014804","MOUNT CLEMENS ANG BASE, MI US","42.6083","-82.8183","176.8","2015-06",,"6.1","31.7",,"18.9","24.2","13.5"
"USC00203628","HARRISVILLE STATE PARK, MI US","44.64975","-83.29585","186.5","2015-01","0.0","-19.4","3.9","2470.1","-8.1","-3.8","-12.4"
"USC00203628","HARRISVILLE STATE PARK, MI US","44.64975","-83.29585","186.5","2015-02","0.0","-26.7","-1.1","3340.8","-12.8","-7.5","-18.0"
"USC00203628","HARRISVILLE STATE PARK, MI US","44.64975","-83.29585","186.5","2015-03","0.0","-18.9","14.4","3987.2","-2.5","2.4","-7.4"
"USC00203628","HARRISVILLE STATE PARK, MI US","44.64975","-83.29585","186.5","2015-04","0.0","-6.7","16.7","4411.3","4.2","8.4","0.0"
"USC00203628","HARRISVILLE STATE PARK, MI US","44.64975","-83.29585","186.5","2015-05","0.6","0.0","27.8","4622.0","11.6","16.1","7.0"
"USC00203628","HARRISVILLE STATE PARK, MI US","44.64975","-83.29585","186.5","2015-06","3.1","3.3","28.9","4743.3","14.4","18.5","10.2"
"USR0000MWDO","WINDIGO MICHIGAN, MI US","47.9117","-89.1547","213.4","2015-01","0.0","-26.1","2.2","2865.9","-10.8","-6.8","-14.8"
"USR0000MWDO","WINDIGO MICHIGAN, MI US","47.9117","-89.1547","213.4","2015-02","0.0","-27.2","-3.9","3823.3","-15.9","-11.7","-20.0"
"USR0000MWDO","WINDIGO MICHIGAN, MI US","47.9117","-89.1547","213.4","2015-03","0.0","-21.7","10.6","4374.4","-2.4","2.0","-6.9"
"USR0000MWDO","WINDIGO MICHIGAN, MI US","47.9117","-89.1547","213.4","2015-04","0.0","-8.3","19.4","4775.3","3.9","8.1","-0.2"
"USR0000MWDO","WINDIGO MICHIGAN, MI US","47.9117","-89.1547","213.4","2015-05","0.0","-1.1","24.4","5031.8","10.1","15.1","5.1"
"USR0000MWDO","WINDIGO MICHIGAN, MI US","47.9117","-89.1547","213.4","2015-06","0.0","2.8","26.1","5147.4","14.5","20.1","8.9"
"US1MIGT0016","TRAVERSE CITY 0.9 NNE, MI US","44.7662018","-85.5949477","181.1","2015-04",,,,,,,
"US1MIGT0016","TRAVERSE CITY 0.9 NNE, MI US","44.7662018","-85.5949477","181.1","2015-06",,,,,,,
"USC00200230","ANN ARBOR U OF MICH, MI US","42.29806","-83.66388","247.8","2015-01","0.0","-19.4","5.0","2092.1","-5.9","-2.1","-9.7"
"USC00200230","ANN ARBOR U OF MICH, MI US","42.29806","-83.66388","247.8","2015-02","0.0","-26.1","5.6","2878.8","-9.8","-4.6","-15.0"
"USC00200230","ANN ARBOR U OF MICH, MI US","42.29806","-83.66388","247.8","2015-03","0.0","-17.8","17.8","3396.9","1.6","7.1","-3.9"
"USC00200230","ANN ARBOR U OF MICH, MI US","42.29806","-83.66388","247.8","2015-04","0.0","-4.4","25.0","3664.0","9.4","15.7","3.2"
"USC00200230","ANN ARBOR U OF MICH, MI US","42.29806","-83.66388","247.8","2015-05","49.2","2.8","30.0","3727.6","17.9","24.1","11.6"
"USC00200230","ANN ARBOR U OF MICH, MI US","42.29806","-83.66388","247.8","2015-06","116.2","5.6","31.1","3745.3","20.0","25.3","14.7"
"USC00203744","HERMAN, MI US","46.6653","-88.3772","523.3","2015-01","0.0","-27.2","0.0","3377.8","-12.8","-8.7","-16.9"
"USC00203744","HERMAN, MI US","46.6653","-88.3772","523.3","2015-02","0.0","-36.1","-5.0","4407.8","-18.4","-12.6","-24.3"
"USC00203744","HERMAN, MI US","46.6653","-88.3772","523.3","2015-03","0.0","-33.9","15.0","5166.8","-6.1","1.0","-13.3"
"USC00203744","HERMAN, MI US","46.6653","-88.3772","523.3","2015-04","0.0","-12.8","18.9","5657.4","2.0","8.2","-4.3"
"USC00203744","HERMAN, MI US","46.6653","-88.3772","523.3","2015-05","2.5","-3.9","28.3","5931.1","9.6","16.6","2.5"
"USC00203744","HERMAN, MI US","46.6653","-88.3772","523.3","2015-06","2.5","-1.7","25.6","6075.0","13.4","19.9","6.9"
"US1MIIC0003","EAST TAWAS 0.8 WSW, MI US","44.2832232","-83.4992036","179.8","2015-01",,,,,,,
"US1MIIC0003","EAST TAWAS 0.8 WSW, MI US","44.2832232","-83.4992036","179.8","2015-02",,,,,,,
"US1MIIC0003","EAST TAWAS 0.8 WSW, MI US","44.2832232","-83.4992036","179.8","2015-03",,,,,,,
"US1MIIC0003","EAST TAWAS 0.8 WSW, MI US","44.2832232","-83.4992036","179.8","2015-04",,,,,,,
"US1MIIC0003","EAST TAWAS 0.8 WSW, MI US","44.2832232","-83.4992036","179.8","2015-06",,,,,,,
"USC00200234","ARNOLD 2 N, MI US","46.07511","-87.48987","338.6","2015-01",,,,,,,
"USC00200234","ARNOLD 2 N, MI US","46.07511","-87.48987","338.6","2015-02",,,,,,,
"US1MICT0001","LAINGSBURG 5.0 SW, MI US","42.8402777","-84.4197222","247.2","2015-01",,,,,,,
"US1MICT0001","LAINGSBURG 5.0 SW, MI US","42.8402777","-84.4197222","247.2","2015-02",,,,,,,
"US1MICT0001","LAINGSBURG 5.0 SW, MI US","42.8402777","-84.4197222","247.2","2015-03",,,,,,,
"US1MICT0001","LAINGSBURG 5.0 SW, MI US","42.8402777","-84.4197222","247.2","2015-04",,,,,,,
"US1MICT0001","LAINGSBURG 5.0 SW, MI US","42.8402777","-84.4197222","247.2","2015-05",,,,,,,
"US1MICT0001","LAINGSBURG 5.0 SW, MI US","42.8402777","-84.4197222","247.2","2015-06",,,,,,,
"US1MICT0002","HASLETT 1.2 N, MI US","42.76997","-84.40314","263.0","2015-01",,,,,,,
"US1MICT0002","HASLETT 1.2 N, MI US","42.76997","-84.40314","263.0","2015-02",,,,,,,
"US1MICT0002","HASLETT 1.2 N, MI US","42.76997","-84.40314","263.0","2015-03",,,,,,,
"US1MICT0002","HASLETT 1.2 N, MI US","42.76997","-84.40314","263.0","2015-04",,,,,,,
"US1MICT0002","HASLETT 1.2 N, MI US","42.76997","-84.40314","263.0","2015-05",,,,,,,
"US1MICT0002","HASLETT 1.2 N, MI US","42.76997","-84.40314","263.0","2015-06",,,,,,,
"US1MICF0007","ROSCOMMON 6.2 WNW, MI US","44.5153456181288","-84.7097423672676","386.5","2015-05",,,,,,,
"US1MICF0007","ROSCOMMON 6.2 WNW, MI US","44.5153456181288","-84.7097423672676","386.5","2015-06",,,,,,,
"US1MIKN0031","BYRON CENTER 2.9 NE, MI US","42.841573","-85.683517","217.6","2015-01",,,,,,,
"US1MIKN0031","BYRON CENTER 2.9 NE, MI US","42.841573","-85.683517","217.6","2015-02",,,,,,,
"US1MIKN0031","BYRON CENTER 2.9 NE, MI US","42.841573","-85.683517","217.6","2015-03",,,,,,,
"US1MIKN0031","BYRON CENTER 2.9 NE, MI US","42.841573","-85.683517","217.6","2015-04",,,,,,,
"US1MICT0003","DE WITT 1.2 W, MI US","42.832602","-84.598212","244.1","2015-04",,,,,,,
"US1MICT0003","DE WITT 1.2 W, MI US","42.832602","-84.598212","244.1","2015-05",,,,,,,
"US1MICT0003","DE WITT 1.2 W, MI US","42.832602","-84.598212","244.1","2015-06",,,,,,,
"US1MIKN0032","GRAND RAPIDS 2.9 NW, MI US","42.991906","-85.694373","194.2","2015-01",,,,,,,
"US1MIKN0032","GRAND RAPIDS 2.9 NW, MI US","42.991906","-85.694373","194.2","2015-02",,,,,,,
"US1MIKN0032","GRAND RAPIDS 2.9 NW, MI US","42.991906","-85.694373","194.2","2015-03",,,,,,,
"US1MIKN0032","GRAND RAPIDS 2.9 NW, MI US","42.991906","-85.694373","194.2","2015-05",,,,,,,
"US1MIKN0032","GRAND RAPIDS 2.9 NW, MI US","42.991906","-85.694373","194.2","2015-06",,,,,,,
"USC00209188","YALE 1 NNW, MI US","43.1447","-82.8011","249.9","2015-01","0.0","-22.8","5.6","2153.1","-8.6","-4.1","-13.1"
"USC00209188","YALE 1 NNW, MI US","43.1447","-82.8011","249.9","2015-02","0.0","-31.7","2.8","3017.0","-13.6","-7.3","-19.9"
"USC00209188","YALE 1 NNW, MI US","43.1447","-82.8011","249.9","2015-03","0.0","-22.2","14.4","3580.6","-2.7","3.2","-8.6"
"USC00209188","YALE 1 NNW, MI US","43.1447","-82.8011","249.9","2015-04",,,"21.1",,,"13.3",
"USC00209188","YALE 1 NNW, MI US","43.1447","-82.8011","249.9","2015-05",,"-1.7","30.0",,"15.0","22.3","7.8"
"USC00209188","YALE 1 NNW, MI US","43.1447","-82.8011","249.9","2015-06",,"4.4","30.0",,"17.1","23.3","11.0"
"USW00014822","DETROIT CITY AIRPORT, MI US","42.40725","-83.00899","189.8","2015-01","0.0","-17.1","7.2",,"-5.0","-1.2","-8.8"
"USW00014822","DETROIT CITY AIRPORT, MI US","42.40725","-83.00899","189.8","2015-02","0.0","-23.2","6.1",,"-9.0","-4.5","-13.6"
"USW00014822","DETROIT CITY AIRPORT, MI US","42.40725","-83.00899","189.8","2015-03","0.0","-14.9","16.7",,"1.9","6.8","-3.1"
"USW00014822","DETROIT CITY AIRPORT, MI US","42.40725","-83.00899","189.8","2015-04","0.0","-2.1","22.2",,"9.2","14.7","3.7"
"USW00014822","DETROIT CITY AIRPORT, MI US","42.40725","-83.00899","189.8","2015-05","41.1","2.8","29.4",,"17.2","22.9","11.5"
"USW00014822","DETROIT CITY AIRPORT, MI US","42.40725","-83.00899","189.8","2015-06","105.8","7.2","31.7",,"19.9","24.9","14.8"
"US1MICT0008","ST. JOHNS 6.9 SE, MI US","42.942924","-84.445403","238.4","2015-05",,,,,,,
"US1MIKN0039","WYOMING 0.5 NNE, MI US","42.898951","-85.697975","209.1","2015-01",,,,,,,
"US1MIKN0039","WYOMING 0.5 NNE, MI US","42.898951","-85.697975","209.1","2015-02",,,,,,,
"US1MIKN0039","WYOMING 0.5 NNE, MI US","42.898951","-85.697975","209.1","2015-03",,,,,,,
"US1MIKN0039","WYOMING 0.5 NNE, MI US","42.898951","-85.697975","209.1","2015-04",,,,,,,
"US1MIKN0039","WYOMING 0.5 NNE, MI US","42.898951","-85.697975","209.1","2015-05",,,,,,,
"US1MIKN0039","WYOMING 0.5 NNE, MI US","42.898951","-85.697975","209.1","2015-06",,,,,,,
"USC00205816","NEWBERRY LUCE CO ROAD COMMISSION, MI US","46.35155","-85.51629","241.4","2015-01","0.0","-23.3","1.1","2782.1","-11.3","-6.9","-15.7"
"USC00205816","NEWBERRY LUCE CO ROAD COMMISSION, MI US","46.35155","-85.51629","241.4","2015-02","0.0","-32.8","-3.3","3707.8","-15.9","-9.9","-21.9"
"USC00205816","NEWBERRY LUCE CO ROAD COMMISSION, MI US","46.35155","-85.51629","241.4","2015-03","0.0","-27.8","9.4","4389.2","-6.0","-0.3","-11.7"
"USC00205816","NEWBERRY LUCE CO ROAD COMMISSION, MI US","46.35155","-85.51629","241.4","2015-04","0.0","-11.7","16.1","4843.4","3.2","8.2","-1.8"
"USC00205816","NEWBERRY LUCE CO ROAD COMMISSION, MI US","46.35155","-85.51629","241.4","2015-05","1.7","-1.7","26.7","5052.0","11.7","17.4","5.9"
"USC00205816","NEWBERRY LUCE CO ROAD COMMISSION, MI US","46.35155","-85.51629","241.4","2015-06","5.6","2.2","27.8","5144.4","15.2","21.1","9.3"
"USW00014817","CADILLAC, MI US","44.2655","-85.3966","394.7","2015-01","0.0","-26.7","3.9","2616.7","-9.4","-4.9","-14.0"
"USW00014817","CADILLAC, MI US","44.2655","-85.3966","394.7","2015-02","0.0","-32.8","-0.6","3531.1","-14.3","-7.9","-20.7"
"USW00014817","CADILLAC, MI US","44.2655","-85.3966","394.7","2015-03","0.0","-25.6","17.2","4195.7","-3.1","3.1","-9.3"
"USW00014817","CADILLAC, MI US","44.2655","-85.3966","394.7","2015-04","0.0","-7.8","22.2","4581.0","5.5","12.0","-1.0"
"USW00014817","CADILLAC, MI US","44.2655","-85.3966","394.7","2015-05","14.7","-2.8","28.9","4739.8","13.7","20.1","7.3"
"USW00014817","CADILLAC, MI US","44.2655","-85.3966","394.7","2015-06","27.8","1.7","26.7","4797.9","16.8","23.0","10.6"
"USC00204967","LUPTON 1 S, MI US","44.4199","-84.0232","276.8","2015-01","0.0","-28.3","2.2","2645.7","-10.1","-4.3","-16.0"
"USC00204967","LUPTON 1 S, MI US","44.4199","-84.0232","276.8","2015-03",,"-30.0","15.0",,"-3.7","3.4","-10.9"
"USC00204967","LUPTON 1 S, MI US","44.4199","-84.0232","276.8","2015-04",,"-9.4","23.9",,"5.1","12.1","-2.0"
"USC00204967","LUPTON 1 S, MI US","44.4199","-84.0232","276.8","2015-05",,"-2.2","30.6",,"13.7","21.6","5.9"
"USC00204967","LUPTON 1 S, MI US","44.4199","-84.0232","276.8","2015-06",,"0.6","27.2",,"15.9","23.4","8.4"
"USC00202308","DUNDEE, MI US","41.9552","-83.6488","201.2","2015-01","0.0","-20.6","6.7","2137.3","-6.6","-2.7","-10.4"
"USC00202308","DUNDEE, MI US","41.9552","-83.6488","201.2","2015-02","0.0","-26.1","6.7","2971.2","-11.4","-5.4","-17.5"
"USC00202308","DUNDEE, MI US","41.9552","-83.6488","201.2","2015-03","0.0","-19.4","13.3","3543.7","-0.7","4.5","-6.0"
"USC00202308","DUNDEE, MI US","41.9552","-83.6488","201.2","2015-04","0.0","-3.9","25.0","3842.6","8.4","15.0","1.8"
"USC00202308","DUNDEE, MI US","41.9552","-83.6488","201.2","2015-05","32.5","3.3","30.6","3923.5","16.8","23.0","10.5"
"USC00202308","DUNDEE, MI US","41.9552","-83.6488","201.2","2015-06","87.9","7.2","31.1","3949.6","19.3","24.3","14.4"
"USW00014815","BATTLE CREEK KELLOGG AIRPORT, MI US","42.31192","-85.24147","282.5","2015-01","0.0","-22.1","7.8","2114.8","-5.0","-1.1","-8.8"
"USW00014815","BATTLE CREEK KELLOGG AIRPORT, MI US","42.31192","-85.24147","282.5","2015-02","0.0","-24.9","5.6","2907.5","-10.0","-4.7","-15.2"
"USW00014815","BATTLE CREEK KELLOGG AIRPORT, MI US","42.31192","-85.24147","282.5","2015-03","0.0","-17.7","20.6","3442.5","1.1","6.4","-4.2"
"USW00014815","BATTLE CREEK KELLOGG AIRPORT, MI US","42.31192","-85.24147","282.5","2015-04","0.0","-5.5","25.0","3713.2","9.3","15.7","2.9"
"USW00014815","BATTLE CREEK KELLOGG AIRPORT, MI US","42.31192","-85.24147","282.5","2015-05","38.8","2.2","30.0","3797.6","16.9","22.7","11.1"
"USW00014815","BATTLE CREEK KELLOGG AIRPORT, MI US","42.31192","-85.24147","282.5","2015-06","112.0","5.6","30.0","3811.2","20.3","25.2","15.5"
"USW00014814","ALPENA WASTEWATER PLANT, MI US","45.0605","-83.428","179.8","2015-01","0.0","-18.3","3.3","2401.5","-8.5","-4.2","-12.8"
"USW00014814","ALPENA WASTEWATER PLANT, MI US","45.0605","-83.428","179.8","2015-02","0.0","-26.7","-1.7","3289.9","-13.4","-8.6","-18.2"
"USW00014814","ALPENA WASTEWATER PLANT, MI US","45.0605","-83.428","179.8","2015-03","0.0","-20.0","15.6","3934.7","-2.5","2.6","-7.5"
"USW00014814","ALPENA WASTEWATER PLANT, MI US","45.0605","-83.428","179.8","2015-04","0.0","-6.7","18.9","4315.6","5.6","10.1","1.2"
"USW00014814","ALPENA WASTEWATER PLANT, MI US","45.0605","-83.428","179.8","2015-05","7.8","1.1","30.6","4471.4","13.6","18.9","8.2"
"USW00014814","ALPENA WASTEWATER PLANT, MI US","45.0605","-83.428","179.8","2015-06","17.3","6.1","27.2","4535.6","16.5","20.6","12.4"
"USC00203518","GWINN SHAG LAKE, MI US","46.2643","-87.5149","359.1","2015-05",,,,,,,
"USC00203639","HARVEY, MI US","46.4907","-87.3544","195.1","2015-01",,,,,,,
"USC00203639","HARVEY, MI US","46.4907","-87.3544","195.1","2015-02",,,,,,,
"USC00203639","HARVEY, MI US","46.4907","-87.3544","195.1","2015-03",,,,,,,
"USC00203639","HARVEY, MI US","46.4907","-87.3544","195.1","2015-04",,,,,,,
"USC00203639","HARVEY, MI US","46.4907","-87.3544","195.1","2015-05",,,,,,,
"USC00203639","HARVEY, MI US","46.4907","-87.3544","195.1","2015-06",,,,,,,
"USC00200361","AUBURN 2 NE, MI US","43.6252","-84.0188","184.4","2015-01","0.0","-25.0","6.1",,"-8.6","-3.6","-13.5"
"USC00200361","AUBURN 2 NE, MI US","43.6252","-84.0188","184.4","2015-02","0.0","-28.3","1.7",,"-12.6","-6.0","-19.2"
"USC00200361","AUBURN 2 NE, MI US","43.6252","-84.0188","184.4","2015-03","0.0","-20.6","15.0",,"-1.2","4.7","-7.2"
"USC00200361","AUBURN 2 NE, MI US","43.6252","-84.0188","184.4","2015-04","0.0","-6.7","24.4",,"6.6","12.9","0.4"
"USC00200361","AUBURN 2 NE, MI US","43.6252","-84.0188","184.4","2015-06",,"2.2","30.0",,"17.7","24.1","11.3"
"USC00202783","FIFE LAKE 2 WNW, MI US","44.5848","-85.3653","320.6","2015-01","0.0","-30.6","3.9","2768.2","-10.5","-5.6","-15.5"
"USC00202783","FIFE LAKE 2 WNW, MI US","44.5848","-85.3653","320.6","2015-02","0.0","-33.9","-1.7","3723.2","-15.8","-9.2","-22.3"
"USC00202783","FIFE LAKE 2 WNW, MI US","44.5848","-85.3653","320.6","2015-03","0.0","-27.8","16.7","4419.8","-4.1","2.3","-10.6"
"USC00202783","FIFE LAKE 2 WNW, MI US","44.5848","-85.3653","320.6","2015-04","0.0","-10.0","20.6","4837.8","4.4","11.2","-2.4"
"USC00202783","FIFE LAKE 2 WNW, MI US","44.5848","-85.3653","320.6","2015-05","8.5","-3.9","28.9","5032.6","12.3","19.4","5.2"
"USC00202783","FIFE LAKE 2 WNW, MI US","44.5848","-85.3653","320.6","2015-06","10.2","1.1","27.2","5115.7","15.5","22.4","8.6"
"US1MICT0010","BATH TOWNSHIP 1.6 SW, MI US","42.796329498291","-84.4584579467773","259.4","2015-04",,,,,,,
"US1MICT0010","BATH TOWNSHIP 1.6 SW, MI US","42.796329498291","-84.4584579467773","259.4","2015-05",,,,,,,
"US1MICT0010","BATH TOWNSHIP 1.6 SW, MI US","42.796329498291","-84.4584579467773","259.4","2015-06",,,,,,,
"USC00203632","HART 3 WSW, MI US","43.6751","-86.4228","236.2","2015-01","0.0","-25.0","3.9",,"-6.9","-2.7","-11.0"
"USC00203632","HART 3 WSW, MI US","43.6751","-86.4228","236.2","2015-02","0.0","-23.9","2.8",,"-10.6","-5.6","-15.5"
"USC00203632","HART 3 WSW, MI US","43.6751","-86.4228","236.2","2015-03","0.0","-20.6","15.6",,"-1.5","3.7","-6.7"
"USC00203632","HART 3 WSW, MI US","43.6751","-86.4228","236.2","2015-04","0.0","-7.8","23.3",,"7.1","13.9","0.4"
"USC00203632","HART 3 WSW, MI US","43.6751","-86.4228","236.2","2015-05","11.1","-1.7","28.3",,"13.9","20.2","7.5"
"USC00203632","HART 3 WSW, MI US","43.6751","-86.4228","236.2","2015-06","28.3","3.3","27.8",,"17.5","24.1","10.9"
"USC00202423","EAST TAWAS, MI US","44.2838","-83.5036","178.6","2015-01","0.0","-23.9","4.4","2478.7","-8.6","-3.2","-14.1"
"USC00202423","EAST TAWAS, MI US","44.2838","-83.5036","178.6","2015-02","0.0","-30.0","0.6","3358.9","-13.1","-6.1","-20.1"
"USC00202423","EAST TAWAS, MI US","44.2838","-83.5036","178.6","2015-03","0.0","-22.2","13.9","4010.0","-2.7","3.6","-8.9"
"USC00202423","EAST TAWAS, MI US","44.2838","-83.5036","178.6","2015-04","0.0","-10.6","17.2","4412.1","4.9","10.7","-0.9"
"USC00202423","EAST TAWAS, MI US","44.2838","-83.5036","178.6","2015-05","9.7","-1.7","29.4","4572.4","13.5","19.8","7.1"
"USC00202423","EAST TAWAS, MI US","44.2838","-83.5036","178.6","2015-06","16.6","1.1","29.4","4649.7","16.0","22.0","9.9"
"US1MIKN0048","KENTWOOD 1.6 WSW, MI US","42.874211","-85.622056","227.1","2015-01",,,,,,,
"US1MIKN0048","KENTWOOD 1.6 WSW, MI US","42.874211","-85.622056","227.1","2015-02",,,,,,,
"US1MIKN0048","KENTWOOD 1.6 WSW, MI US","42.874211","-85.622056","227.1","2015-03",,,,,,,
"US1MIKN0048","KENTWOOD 1.6 WSW, MI US","42.874211","-85.622056","227.1","2015-04",,,,,,,
"US1MIKN0048","KENTWOOD 1.6 WSW, MI US","42.874211","-85.622056","227.1","2015-05",,,,,,,
"US1MIKZ0011","KALAMAZOO 2.3 NE, MI US","42.301414","-85.561363","255.4","2015-01",,,,,,,
"US1MIKN0042","SPARTA 2.8 W, MI US","43.16158","-85.76498","249.3","2015-05",,,,,,,
"US1MIKN0043","CALEDONIA 4.4 WNW, MI US","42.825262288","-85.589418411","232.3","2015-01",,,,,,,
"US1MIKN0043","CALEDONIA 4.4 WNW, MI US","42.825262288","-85.589418411","232.3","2015-03",,,,,,,
"US1MIKN0043","CALEDONIA 4.4 WNW, MI US","42.825262288","-85.589418411","232.3","2015-05",,,,,,,
"US1MIKN0043","CALEDONIA 4.4 WNW, MI US","42.825262288","-85.589418411","232.3","2015-06",,,,,,,
"USW00014833","JACKSON REYNOLDS FIELD, MI US","42.26373","-84.45644","295.9","2015-01","0.0","-23.2","7.8","2237.8","-6.3","-2.3","-10.3"
"USW00014833","JACKSON REYNOLDS FIELD, MI US","42.26373","-84.45644","295.9","2015-02","0.0","-28.2","5.6","3073.3","-11.5","-5.6","-17.4"
"USW00014833","JACKSON REYNOLDS FIELD, MI US","42.26373","-84.45644","295.9","2015-03","0.0","-19.3","20.6","3628.3","0.4","5.9","-5.1"
"USW00014833","JACKSON REYNOLDS FIELD, MI US","42.26373","-84.45644","295.9","2015-04","0.0","-6.6","24.4","3916.4","8.7","15.3","2.2"
"USW00014833","JACKSON REYNOLDS FIELD, MI US","42.26373","-84.45644","295.9","2015-05","28.6","1.1","28.3","4006.5","16.4","22.5","10.2"
"USW00014833","JACKSON REYNOLDS FIELD, MI US","42.26373","-84.45644","295.9","2015-06","73.3","5.0","30.0","4024.9","19.2","24.3","14.2"
"US1MISJ0004","CONSTANTINE 1.9 E, MI US","41.839744","-85.627908","245.7","2015-04",,,,,,,
"US1MISJ0004","CONSTANTINE 1.9 E, MI US","41.839744","-85.627908","245.7","2015-05",,,,,,,
"US1MISJ0004","CONSTANTINE 1.9 E, MI US","41.839744","-85.627908","245.7","2015-06",,,,,,,
"USC00202437","EATON RAPIDS, MI US","42.518","-84.6521","265.2","2015-01","0.0","-24.4","7.8",,"-7.3","-3.1","-11.5"
"USC00202437","EATON RAPIDS, MI US","42.518","-84.6521","265.2","2015-03",,"-18.3","20.6",,"-0.4","5.6","-6.4"
"USC00202437","EATON RAPIDS, MI US","42.518","-84.6521","265.2","2015-04",,"-4.4","23.9",,"8.1","14.8","1.3"
"USC00202437","EATON RAPIDS, MI US","42.518","-84.6521","265.2","2015-05",,,,,,,
"USC00202437","EATON RAPIDS, MI US","42.518","-84.6521","265.2","2015-06",,,,,,,
"USC00203528","HALE 5 SSW NUMBER 2, MI US","44.3122","-83.8377","248.7","2015-06",,"0.0","27.2",,"15.6","23.1","8.2"
"USC00201468","CHARLEVOIX, MI US","45.3172","-85.2672","180.7","2015-01","0.0","-21.1","4.4","2359.5","-7.7","-3.7","-11.7"
"USC00201468","CHARLEVOIX, MI US","45.3172","-85.2672","180.7","2015-02","0.0","-27.8","-0.6","3247.4","-13.4","-8.4","-18.4"
"USC00201468","CHARLEVOIX, MI US","45.3172","-85.2672","180.7","2015-03","0.0","-23.3","14.4","3912.0","-3.1","1.8","-8.0"
"USC00201468","CHARLEVOIX, MI US","45.3172","-85.2672","180.7","2015-04","0.0","-7.2","22.2","4329.1","4.4","8.6","0.2"
"USC00201468","CHARLEVOIX, MI US","45.3172","-85.2672","180.7","2015-05","4.8","1.1","31.1","4539.4","11.7","17.5","5.9"
"USC00201468","CHARLEVOIX, MI US","45.3172","-85.2672","180.7","2015-06","7.6","5.0","26.7","4632.9","15.3","19.9","10.8"
"US1MIOK0013","PLEASANT RIDGE 0.5 WNW, MI US","42.472465","-83.153615","200.3","2015-01",,,,,,,
"US1MIOK0013","PLEASANT RIDGE 0.5 WNW, MI US","42.472465","-83.153615","200.3","2015-02",,,,,,,
"US1MIOK0013","PLEASANT RIDGE 0.5 WNW, MI US","42.472465","-83.153615","200.3","2015-03",,,,,,,
"US1MIOK0013","PLEASANT RIDGE 0.5 WNW, MI US","42.472465","-83.153615","200.3","2015-04",,,,,,,
"US1MIOK0013","PLEASANT RIDGE 0.5 WNW, MI US","42.472465","-83.153615","200.3","2015-05",,,,,,,
"USW00014828","GLADWIN, MI US","43.9758","-84.4908","236.2","2015-01","0.0","-25.0","6.1","2210.1","-7.3","-1.8","-12.9"
"USW00014828","GLADWIN, MI US","43.9758","-84.4908","236.2","2015-02","0.0","-31.7","2.2","3095.7","-13.3","-6.0","-20.6"
"USW00014828","GLADWIN, MI US","43.9758","-84.4908","236.2","2015-03","0.0","-23.3","19.4","3685.6","-0.7","6.2","-7.6"
"USW00014828","GLADWIN, MI US","43.9758","-84.4908","236.2","2015-04","0.0","-6.1","25.0","4022.6","7.1","14.1","0.1"
"USW00014828","GLADWIN, MI US","43.9758","-84.4908","236.2","2015-05","20.5","0.0","31.1","4142.3","15.1","22.5","7.7"
"USW00014828","GLADWIN, MI US","43.9758","-84.4908","236.2","2015-06","63.1","2.8","29.4","4177.8","18.6","25.7","11.5"
"US1MIOK0012","WEST BLOOMFIELD TOWNSHIP 2.8 SE, MI US","42.53805","-83.347558","268.2","2015-01",,,,,,,
"US1MIOK0012","WEST BLOOMFIELD TOWNSHIP 2.8 SE, MI US","42.53805","-83.347558","268.2","2015-02",,,,,,,
"US1MIOK0012","WEST BLOOMFIELD TOWNSHIP 2.8 SE, MI US","42.53805","-83.347558","268.2","2015-03",,,,,,,
"US1MIOK0012","WEST BLOOMFIELD TOWNSHIP 2.8 SE, MI US","42.53805","-83.347558","268.2","2015-05",,,,,,,
"US1MIOK0012","WEST BLOOMFIELD TOWNSHIP 2.8 SE, MI US","42.53805","-83.347558","268.2","2015-06",,,,,,,
"USW00014826","FLINT FCWOS, MI US","42.96684","-83.74996","234.8","2015-01","0.0","-28.2","6.7","2134.4","-6.1","-1.6","-10.5"
"USW00014826","FLINT FCWOS, MI US","42.96684","-83.74996","234.8","2015-02","0.0","-31.6","3.9","2966.4","-11.4","-5.4","-17.4"
"USW00014826","FLINT FCWOS, MI US","42.96684","-83.74996","234.8","2015-03","0.0","-20.5","18.9","3520.1","0.5","6.1","-5.2"
"USW00014826","FLINT FCWOS, MI US","42.96684","-83.74996","234.8","2015-04","0.0","-4.9","25.6","3796.7","9.1","15.9","2.3"
"USW00014826","FLINT FCWOS, MI US","42.96684","-83.74996","234.8","2015-05","40.3","2.2","30.0","3872.9","17.2","23.6","10.7"
"USW00014826","FLINT FCWOS, MI US","42.96684","-83.74996","234.8","2015-06","104.7","3.9","31.7","3889.6","19.9","25.9","13.9"
"USC00203529","HALE LOUD DAM, MI US","44.4633","-83.7216","221.9","2015-01","0.0","-27.2","3.3",,"-9.2","-3.1","-15.4"
"USC00203529","HALE LOUD DAM, MI US","44.4633","-83.7216","221.9","2015-02","0.0","-35.0","-2.2",,"-14.1","-6.9","-21.2"
"USC00203529","HALE LOUD DAM, MI US","44.4633","-83.7216","221.9","2015-03","0.0","-28.3","14.4",,"-2.3","5.1","-9.6"
"USC00203529","HALE LOUD DAM, MI US","44.4633","-83.7216","221.9","2015-04","0.0","-7.8","22.8",,"5.0","11.8","-1.8"
"USC00203529","HALE LOUD DAM, MI US","44.4633","-83.7216","221.9","2015-05","14.5","-2.2","29.4",,"14.1","21.5","6.7"
"USC00203529","HALE LOUD DAM, MI US","44.4633","-83.7216","221.9","2015-06","29.0","2.2","28.3",,"16.5","23.5","9.5"
"US1MIMB0040","ROSEVILLE 1.4 NW, MI US","42.5213088989258","-82.9574737548828","188.4","2015-05",,,,,,,
"USW00014824","ESCANABA, MI US","45.7438","-87.0406","180.1","2015-03",,,,,,,
"USW00014824","ESCANABA, MI US","45.7438","-87.0406","180.1","2015-04",,,,,,,
"USW00014824","ESCANABA, MI US","45.7438","-87.0406","180.1","2015-05",,,,,,,
"USW00014824","ESCANABA, MI US","45.7438","-87.0406","180.1","2015-06",,,,,,,
"USC00200495","BARAGA 5 W, MI US","46.7953","-88.6014","236.5","2015-01","0.0","-24.4","3.9","2702.8","-9.4","-4.6","-14.3"
"USC00200495","BARAGA 5 W, MI US","46.7953","-88.6014","236.5","2015-02","0.0","-33.3","-1.7","3622.5","-14.5","-8.4","-20.6"
"USC00200495","BARAGA 5 W, MI US","46.7953","-88.6014","236.5","2015-03","0.0","-28.3","17.8","4227.2","-2.0","5.0","-8.9"
"USC00200495","BARAGA 5 W, MI US","46.7953","-88.6014","236.5","2015-04","0.0","-9.4","24.4","4628.7","4.9","12.3","-2.4"
"USC00200495","BARAGA 5 W, MI US","46.7953","-88.6014","236.5","2015-05","4.7","-4.4","30.6","4848.1","11.2","19.4","3.1"
"USC00200495","BARAGA 5 W, MI US","46.7953","-88.6014","236.5","2015-06","9.4","-4.4","31.1","4941.9","15.4","23.3","7.4"
"US1MIKZ0006","WESTERN MICHIGAN UNIVERSITY, MI US","42.283","-85.615","271.9","2015-01",,,,,,,
"US1MIKZ0006","WESTERN MICHIGAN UNIVERSITY, MI US","42.283","-85.615","271.9","2015-02",,,,,,,
"US1MIKZ0006","WESTERN MICHIGAN UNIVERSITY, MI US","42.283","-85.615","271.9","2015-03",,,,,,,
"USC00200497","BARAGA 7 NW, MI US","46.8208","-88.6064","198.7","2015-01","0.0","-23.3","2.8","2917.0","-9.9","-5.5","-14.3"
"USC00200497","BARAGA 7 NW, MI US","46.8208","-88.6064","198.7","2015-02","0.0","-31.7","-2.2","3870.2","-15.7","-9.6","-21.8"
"USC00200497","BARAGA 7 NW, MI US","46.8208","-88.6064","198.7","2015-03","0.0","-28.9","17.2","4553.7","-3.7","2.9","-10.3"
"USC00200497","BARAGA 7 NW, MI US","46.8208","-88.6064","198.7","2015-04",,,,,,,
"USC00200497","BARAGA 7 NW, MI US","46.8208","-88.6064","198.7","2015-05",,"-3.3","29.4",,"10.4","17.8","3.0"
"USC00200497","BARAGA 7 NW, MI US","46.8208","-88.6064","198.7","2015-06",,"-2.8","27.8",,"14.8","21.6","8.0"
"USC00205822","NEWPORT 4 SSE, MI US","41.9497","-83.28","176.2","2015-01","0.0","-19.4","5.6","2049.2","-5.8","-1.9","-9.8"
"USC00205822","NEWPORT 4 SSE, MI US","41.9497","-83.28","176.2","2015-02","0.0","-25.6","6.7","2876.2","-11.2","-5.1","-17.3"
"USC00205822","NEWPORT 4 SSE, MI US","41.9497","-83.28","176.2","2015-03","0.0","-20.6","15.0","3436.6","0.3","5.3","-4.8"
"USC00205822","NEWPORT 4 SSE, MI US","41.9497","-83.28","176.2","2015-04","0.0","-3.3","23.9","3739.1","8.3","14.1","2.4"
"USC00205822","NEWPORT 4 SSE, MI US","41.9497","-83.28","176.2","2015-05","37.2","4.4","30.0","3819.5","16.9","22.6","11.2"
"USC00205822","NEWPORT 4 SSE, MI US","41.9497","-83.28","176.2","2015-06","109.3","6.7","31.1","3843.0","19.9","25.0","14.9"
"US1MIMB0049","STERLING HEIGHTS 1.8 W, MI US","42.577269","-83.065309","192.0","2015-04",,,,,,,
"US1MIMB0049","STERLING HEIGHTS 1.8 W, MI US","42.577269","-83.065309","192.0","2015-05",,,,,,,
"US1MIMB0048","HARRISON 0.9 SSE, MI US","42.573352","-82.816513","177.1","2015-04",,,,,,,
"US1MIMB0048","HARRISON 0.9 SSE, MI US","42.573352","-82.816513","177.1","2015-06",,,,,,,
"US1MIKZ0001","KALAMAZOO 6.0 SW, MI US","42.206126","-85.658962","274.0","2015-03",,,,,,,
"US1MIKZ0001","KALAMAZOO 6.0 SW, MI US","42.206126","-85.658962","274.0","2015-04",,,,,,,
"US1MIKZ0001","KALAMAZOO 6.0 SW, MI US","42.206126","-85.658962","274.0","2015-05",,,,,,,
"US1MIKN0056","GRAND RAPIDS 5.5 NNE, MI US","43.0309985","-85.6126616","220.1","2015-01",,,,,,,
"US1MIKN0056","GRAND RAPIDS 5.5 NNE, MI US","43.0309985","-85.6126616","220.1","2015-02",,,,,,,
"US1MIKN0056","GRAND RAPIDS 5.5 NNE, MI US","43.0309985","-85.6126616","220.1","2015-03",,,,,,,
"USC00202691","FARMINGTON, MI US","42.4669","-83.3625","219.5","2015-01","0.0","-19.4","6.1","2288.5","-7.3","-3.4","-11.3"
"USC00202691","FARMINGTON, MI US","42.4669","-83.3625","219.5","2015-02","0.0","-27.8","3.9","3136.0","-11.9","-6.1","-17.7"
"USC00202691","FARMINGTON, MI US","42.4669","-83.3625","219.5","2015-03","0.0","-21.1","16.1","3712.5","-0.9","5.2","-6.9"
"USC00202691","FARMINGTON, MI US","42.4669","-83.3625","219.5","2015-04","0.0","-5.0","25.0","4037.3","7.5","14.1","0.9"
"USC00202691","FARMINGTON, MI US","42.4669","-83.3625","219.5","2015-05","22.5","0.6","29.4","4138.4","15.7","22.2","9.2"
"USC00202691","FARMINGTON, MI US","42.4669","-83.3625","219.5","2015-06","56.8","4.4","30.6","4175.1","18.3","23.8","12.8"
"US1MIKN0053","ADA 1.8 W, MI US","42.949178","-85.526282","241.1","2015-01",,,,,,,
"US1MIKN0053","ADA 1.8 W, MI US","42.949178","-85.526282","241.1","2015-02",,,,,,,
"US1MIKN0053","ADA 1.8 W, MI US","42.949178","-85.526282","241.1","2015-03",,,,,,,
"US1MIKN0053","ADA 1.8 W, MI US","42.949178","-85.526282","241.1","2015-04",,,,,,,
"US1MIKN0053","ADA 1.8 W, MI US","42.949178","-85.526282","241.1","2015-05",,,,,,,
"US1MIKN0053","ADA 1.8 W, MI US","42.949178","-85.526282","241.1","2015-06",,,,,,,
"USW00014845","SAGINAW MBS INTERNATIONAL AIRPORT, MI US","43.52808","-84.08133","201.7","2015-01","0.0","-21.0","6.7","2165.3","-6.1","-2.1","-10.1"
"USW00014845","SAGINAW MBS INTERNATIONAL AIRPORT, MI US","43.52808","-84.08133","201.7","2015-02","0.0","-26.0","0.6","2995.3","-11.3","-6.4","-16.2"
"USW00014845","SAGINAW MBS INTERNATIONAL AIRPORT, MI US","43.52808","-84.08133","201.7","2015-03","0.0","-16.6","16.1","3556.5","0.2","5.3","-4.8"
"USW00014845","SAGINAW MBS INTERNATIONAL AIRPORT, MI US","43.52808","-84.08133","201.7","2015-04","0.0","-5.5","25.0","3858.6","8.3","14.1","2.4"
"USW00014845","SAGINAW MBS INTERNATIONAL AIRPORT, MI US","43.52808","-84.08133","201.7","2015-05","34.5","1.7","30.6","3952.2","16.4","22.7","10.1"
"USW00014845","SAGINAW MBS INTERNATIONAL AIRPORT, MI US","43.52808","-84.08133","201.7","2015-06","97.0","5.0","30.6","3975.8","19.6","25.1","14.1"
"US1MIOT0001","GAYLORD 2.2 SE, MI US","44.997831","-84.653117","402.0","2015-01",,,,,,,
"US1MIOT0001","GAYLORD 2.2 SE, MI US","44.997831","-84.653117","402.0","2015-02",,,,,,,
"US1MIOT0001","GAYLORD 2.2 SE, MI US","44.997831","-84.653117","402.0","2015-03",,,,,,,
"US1MIOT0001","GAYLORD 2.2 SE, MI US","44.997831","-84.653117","402.0","2015-04",,,,,,,
"US1MIOT0001","GAYLORD 2.2 SE, MI US","44.997831","-84.653117","402.0","2015-05",,,,,,,
"US1MIOT0001","GAYLORD 2.2 SE, MI US","44.997831","-84.653117","402.0","2015-06",,,,,,,
"USW00014841","PELLSTON REGIONAL AIRPORT, MI US","45.5644","-84.79291","215.3","2015-01","0.0","-29.3","3.9","2743.2","-10.4","-4.5","-16.3"
"USW00014841","PELLSTON REGIONAL AIRPORT, MI US","45.5644","-84.79291","215.3","2015-02","0.0","-37.1","-2.1","3700.9","-15.9","-8.8","-22.9"
"USW00014841","PELLSTON REGIONAL AIRPORT, MI US","45.5644","-84.79291","215.3","2015-03","0.0","-31.0","12.2","4403.5","-4.3","2.6","-11.3"
"USW00014841","PELLSTON REGIONAL AIRPORT, MI US","45.5644","-84.79291","215.3","2015-04","0.0","-9.9","22.2","4816.9","4.6","10.9","-1.8"
"USW00014841","PELLSTON REGIONAL AIRPORT, MI US","45.5644","-84.79291","215.3","2015-05","8.6","-4.3","30.6","5004.8","12.6","20.4","4.7"
"USW00014841","PELLSTON REGIONAL AIRPORT, MI US","45.5644","-84.79291","215.3","2015-06","11.9","-1.6","27.8","5101.7","15.2","23.2","7.2"
"USW00014840","MUSKEGON CO AIRPORT, MI US","43.17111","-86.23685","190.3","2015-01","0.0","-20.5","4.4","2107.8","-4.7","-1.2","-8.2"
"USW00014840","MUSKEGON CO AIRPORT, MI US","43.17111","-86.23685","190.3","2015-02","0.0","-22.7","3.9","2869.7","-8.9","-4.7","-13.0"
"USW00014840","MUSKEGON CO AIRPORT, MI US","43.17111","-86.23685","190.3","2015-03","0.0","-15.5","15.0","3433.0","0.2","4.7","-4.4"
"USW00014840","MUSKEGON CO AIRPORT, MI US","43.17111","-86.23685","190.3","2015-04","0.0","-6.0","24.4","3734.1","8.3","14.3","2.3"
"USW00014840","MUSKEGON CO AIRPORT, MI US","43.17111","-86.23685","190.3","2015-05","20.3","1.7","27.8","3855.7","15.1","20.6","9.6"
"USW00014840","MUSKEGON CO AIRPORT, MI US","43.17111","-86.23685","190.3","2015-06","54.2","5.0","27.2","3874.4","18.8","24.3","13.4"
"USC00202328","DURAND WWTP, MI US","42.9269","-83.9894","234.7","2015-01",,,"6.1",,,"-3.1",
"USC00202328","DURAND WWTP, MI US","42.9269","-83.9894","234.7","2015-02",,"-30.6","3.3",,"-12.9","-6.2","-19.5"
"USC00202328","DURAND WWTP, MI US","42.9269","-83.9894","234.7","2015-03",,"-20.6","16.1",,"-1.1","5.3","-7.5"
"USC00202328","DURAND WWTP, MI US","42.9269","-83.9894","234.7","2015-04",,"-5.6","24.4",,"8.0","14.9","1.0"
"USC00202328","DURAND WWTP, MI US","42.9269","-83.9894","234.7","2015-05",,"1.7","30.0",,"16.1","22.8","9.3"
"USC00202328","DURAND WWTP, MI US","42.9269","-83.9894","234.7","2015-06",,"3.3","30.0",,"18.5","24.6","12.3"
"USW00014838","MARQUETTE, MI US","46.5458","-87.3795","186.8","2015-01","0.0","-23.3","3.3","2685.7","-8.9","-5.3","-12.5"
"USW00014838","MARQUETTE, MI US","46.5458","-87.3795","186.8","2015-02","0.0","-25.0","-2.2","3583.7","-13.7","-9.9","-17.5"
"USW00014838","MARQUETTE, MI US","46.5458","-87.3795","186.8","2015-03","0.0","-18.9","17.2","4237.7","-2.8","1.7","-7.2"
"USW00014838","MARQUETTE, MI US","46.5458","-87.3795","186.8","2015-04","0.0","-6.7","20.0","4668.0","4.0","8.0","0.0"
"USW00014838","MARQUETTE, MI US","46.5458","-87.3795","186.8","2015-05","1.1","-0.6","27.8","4917.3","10.3","15.7","4.9"
"USW00014838","MARQUETTE, MI US","46.5458","-87.3795","186.8","2015-06","2.2","1.7","26.1","5088.8","12.7","17.1","8.2"
"USW00014836","LANSING CAPITAL CITY AIRPORT, MI US","42.77609","-84.59972","261.2","2015-01","0.0","-24.3","7.2","2239.3","-6.4","-2.5","-10.3"
"USW00014836","LANSING CAPITAL CITY AIRPORT, MI US","42.77609","-84.59972","261.2","2015-02","0.0","-26.6","3.9","3070.8","-11.4","-6.0","-16.7"
"USW00014836","LANSING CAPITAL CITY AIRPORT, MI US","42.77609","-84.59972","261.2","2015-03","0.0","-18.2","21.1","3624.9","0.5","6.0","-5.1"
"USW00014836","LANSING CAPITAL CITY AIRPORT, MI US","42.77609","-84.59972","261.2","2015-04","0.0","-6.0","24.4","3917.1","8.6","15.4","1.8"
"USW00014836","LANSING CAPITAL CITY AIRPORT, MI US","42.77609","-84.59972","261.2","2015-05","31.4","1.1","29.4","4013.8","16.2","22.1","10.3"
"USW00014836","LANSING CAPITAL CITY AIRPORT, MI US","42.77609","-84.59972","261.2","2015-06","76.6","3.9","29.4","4035.5","19.1","24.5","13.7"
"US1MIDC0003","IRON MOUNTAIN 3.1 E, MI US","45.8296","-87.9966","349.0","2015-05",,,,,,,
"US1MIDC0003","IRON MOUNTAIN 3.1 E, MI US","45.8296","-87.9966","349.0","2015-06",,,,,,,
"USC00203530","HALFWAY LAKE, MI US","46.4748","-85.5925","258.2","2015-02",,,,,,,
"USC00203530","HALFWAY LAKE, MI US","46.4748","-85.5925","258.2","2015-04",,,,,,,
"USC00203530","HALFWAY LAKE, MI US","46.4748","-85.5925","258.2","2015-05",,,,,,,
"USC00203530","HALFWAY LAKE, MI US","46.4748","-85.5925","258.2","2015-06",,,,,,,
"USC00201476","CHARLOTTE, MI US","42.5499","-84.825","274.9","2015-01","0.0","-26.1","7.2","2326.3","-7.6","-3.3","-11.8"
"USC00201476","CHARLOTTE, MI US","42.5499","-84.825","274.9","2015-02","0.0","-27.2","5.0","3189.4","-12.5","-6.6","-18.4"
"USC00201476","CHARLOTTE, MI US","42.5499","-84.825","274.9","2015-03","0.0","-20.6","20.6","3783.9","-0.9","5.5","-7.2"
"USC00201476","CHARLOTTE, MI US","42.5499","-84.825","274.9","2015-04","0.0","-5.6","23.9","4101.0","7.8","14.4","1.2"
"USC00201476","CHARLOTTE, MI US","42.5499","-84.825","274.9","2015-05","28.7","1.1","28.9","4208.0","15.8","22.0","9.6"
"USC00201476","CHARLOTTE, MI US","42.5499","-84.825","274.9","2015-06","56.5","3.9","27.2","4231.1","18.4","23.9","12.9"
"USC00203413","GREEN GARDEN NUMBER 2, MI US","46.4533","-87.3038","205.7","2015-01",,,,,,,
"USC00203413","GREEN GARDEN NUMBER 2, MI US","46.4533","-87.3038","205.7","2015-02",,,,,,,
"USC00203413","GREEN GARDEN NUMBER 2, MI US","46.4533","-87.3038","205.7","2015-03",,,,,,,
"USC00203413","GREEN GARDEN NUMBER 2, MI US","46.4533","-87.3038","205.7","2015-04",,,,,,,
"USC00203413","GREEN GARDEN NUMBER 2, MI US","46.4533","-87.3038","205.7","2015-05",,,,,,,
"USC00203413","GREEN GARDEN NUMBER 2, MI US","46.4533","-87.3038","205.7","2015-06",,,,,,,
"USC00204502","LAKE CITY EXPERIMENTAL FARM, MI US","44.3088","-85.205","374.9","2015-01","0.0","-29.4","3.9","2663.9","-9.9","-4.6","-15.2"
"USC00204502","LAKE CITY EXPERIMENTAL FARM, MI US","44.3088","-85.205","374.9","2015-02","0.0","-35.0","-0.6","3598.9","-15.1","-7.7","-22.4"
"USC00204502","LAKE CITY EXPERIMENTAL FARM, MI US","44.3088","-85.205","374.9","2015-03","0.0","-27.8","17.2","4271.0","-3.4","3.2","-9.9"
"USC00204502","LAKE CITY EXPERIMENTAL FARM, MI US","44.3088","-85.205","374.9","2015-04","0.0","-8.9","22.2","4660.3","5.4","12.2","-1.5"
"USC00204502","LAKE CITY EXPERIMENTAL FARM, MI US","44.3088","-85.205","374.9","2015-05","12.3","-1.7","28.3","4820.9","13.6","20.1","7.0"
"USC00204502","LAKE CITY EXPERIMENTAL FARM, MI US","44.3088","-85.205","374.9","2015-06","18.4","0.0","26.7","4893.2","16.1","23.1","9.2"
"USC00200146","ALMA, MI US","43.38686","-84.64818","221.9","2015-01","0.0","-22.2","5.6","2336.6","-7.8","-3.6","-12.0"
"USC00200146","ALMA, MI US","43.38686","-84.64818","221.9","2015-02","0.0","-26.1","2.2","3123.7","-11.9","-6.1","-17.7"
"USC00200146","ALMA, MI US","43.38686","-84.64818","221.9","2015-03","0.0","-17.8","17.8","3725.1","-1.1","4.8","-7.0"
"USC00200146","ALMA, MI US","43.38686","-84.64818","221.9","2015-04","0.0","-5.6","24.4","4055.4","6.9","13.5","0.4"
"USC00200146","ALMA, MI US","43.38686","-84.64818","221.9","2015-05","18.1","-1.1","28.9","4169.4","14.9","21.6","8.2"
"USC00200146","ALMA, MI US","43.38686","-84.64818","221.9","2015-06","46.5","2.8","29.4","4214.5","17.7","23.9","11.5"
"US1MIAP0002","OSSINEKE 1.0 NNE, MI US","44.9215","-83.427","180.1","2015-01",,,,,,,
"US1MIAP0002","OSSINEKE 1.0 NNE, MI US","44.9215","-83.427","180.1","2015-02",,,,,,,
"US1MIAP0002","OSSINEKE 1.0 NNE, MI US","44.9215","-83.427","180.1","2015-03",,,,,,,
"US1MIAP0002","OSSINEKE 1.0 NNE, MI US","44.9215","-83.427","180.1","2015-04",,,,,,,
"US1MIAP0002","OSSINEKE 1.0 NNE, MI US","44.9215","-83.427","180.1","2015-05",,,,,,,
"US1MIAP0002","OSSINEKE 1.0 NNE, MI US","44.9215","-83.427","180.1","2015-06",,,,,,,
"USC00208443","VASSAR, MI US","43.3656","-83.5828","192.0","2015-01","0.0","-26.1","6.1","2319.7","-7.8","-3.0","-12.6"
"USC00208443","VASSAR, MI US","43.3656","-83.5828","192.0","2015-02","0.0","-33.9","2.2","3232.2","-14.3","-6.8","-21.7"
"USC00208443","VASSAR, MI US","43.3656","-83.5828","192.0","2015-03","0.0","-24.4","15.0","3862.1","-2.0","4.9","-8.9"
"USC00208443","VASSAR, MI US","43.3656","-83.5828","192.0","2015-04","0.0","-6.7","23.9","4207.7","6.8","14.1","-0.5"
"USC00208443","VASSAR, MI US","43.3656","-83.5828","192.0","2015-05","28.9","-0.6","30.6","4320.0","15.6","23.2","7.9"
"USC00208443","VASSAR, MI US","43.3656","-83.5828","192.0","2015-06","58.5","1.7","30.6","4374.5","17.5","24.3","10.7"
"USC00205050","MANCHESTER, MI US","42.1508","-84.0236","294.1","2015-01","0.0","-22.2","6.1","2158.2","-6.6","-2.2","-11.0"
"USC00205050","MANCHESTER, MI US","42.1508","-84.0236","294.1","2015-02","0.0","-30.6","6.1","2980.6","-12.1","-5.1","-19.1"
"USC00205050","MANCHESTER, MI US","42.1508","-84.0236","294.1","2015-03","0.0","-23.3","19.4","3511.2","-0.6","5.8","-7.0"
"USC00205050","MANCHESTER, MI US","42.1508","-84.0236","294.1","2015-04","0.0","-4.4","25.0","3792.8","8.3","15.1","1.4"
"USC00205050","MANCHESTER, MI US","42.1508","-84.0236","294.1","2015-05","28.9","2.8","30.0","3869.4","16.6","23.2","10.0"
"USC00205050","MANCHESTER, MI US","42.1508","-84.0236","294.1","2015-06","75.7","5.0","31.7","3895.9","19.1","24.4","13.8"
"US1MIBN0004","NILES 2.7 W, MI US","41.83705","-86.30048","219.2","2015-01",,,,,,,
"US1MIBN0004","NILES 2.7 W, MI US","41.83705","-86.30048","219.2","2015-02",,,,,,,
"US1MIBN0004","NILES 2.7 W, MI US","41.83705","-86.30048","219.2","2015-03",,,,,,,
"US1MIBN0004","NILES 2.7 W, MI US","41.83705","-86.30048","219.2","2015-04",,,,,,,
"US1MIBN0004","NILES 2.7 W, MI US","41.83705","-86.30048","219.2","2015-05",,,,,,,
"US1MIBN0004","NILES 2.7 W, MI US","41.83705","-86.30048","219.2","2015-06",,,,,,,
"US1MIBN0003","BUCHANAN 1.4 ESE, MI US","41.818287","-86.342251","231.3","2015-02",,,,,,,
"US1MIBN0003","BUCHANAN 1.4 ESE, MI US","41.818287","-86.342251","231.3","2015-03",,,,,,,
"US1MIBN0003","BUCHANAN 1.4 ESE, MI US","41.818287","-86.342251","231.3","2015-04",,,,,,,
"US1MIBN0003","BUCHANAN 1.4 ESE, MI US","41.818287","-86.342251","231.3","2015-05",,,,,,,
"US1MIBN0003","BUCHANAN 1.4 ESE, MI US","41.818287","-86.342251","231.3","2015-06",,,,,,,
"US1MIBN0002","STEVENSVILLE 1.7 SSE, MI US","41.991137","-86.508585","187.8","2015-01",,,,,,,
"US1MIBN0002","STEVENSVILLE 1.7 SSE, MI US","41.991137","-86.508585","187.8","2015-02",,,,,,,
"US1MIBN0002","STEVENSVILLE 1.7 SSE, MI US","41.991137","-86.508585","187.8","2015-03",,,,,,,
"US1MIBN0002","STEVENSVILLE 1.7 SSE, MI US","41.991137","-86.508585","187.8","2015-04",,,,,,,
"US1MIBN0002","STEVENSVILLE 1.7 SSE, MI US","41.991137","-86.508585","187.8","2015-05",,,,,,,
"USC00207350","SANDUSKY, MI US","43.4194","-82.8191","235.9","2015-01","0.0","-20.6","3.9",,"-8.1","-4.5","-11.8"
"USC00207350","SANDUSKY, MI US","43.4194","-82.8191","235.9","2015-02","0.0","-26.7","1.1",,"-12.8","-7.7","-17.9"
"USC00207350","SANDUSKY, MI US","43.4194","-82.8191","235.9","2015-03","0.0","-20.0","12.8",,"-1.5","3.5","-6.4"
"USC00207350","SANDUSKY, MI US","43.4194","-82.8191","235.9","2015-04","0.0","-4.4","20.6",,"6.9","12.5","1.3"
"USC00207350","SANDUSKY, MI US","43.4194","-82.8191","235.9","2015-05","32.5","1.7","30.6",,"16.0","22.8","9.2"
"USC00207350","SANDUSKY, MI US","43.4194","-82.8191","235.9","2015-06","73.0","5.6","31.1",,"18.4","24.1","12.6"
"USC00208682","WATERSMEET 12 WSW, MI US","46.2231","-89.4085","515.1","2015-01",,,,,,,
"USC00208682","WATERSMEET 12 WSW, MI US","46.2231","-89.4085","515.1","2015-02",,,,,,,
"USC00208682","WATERSMEET 12 WSW, MI US","46.2231","-89.4085","515.1","2015-03",,,,,,,
"USC00208682","WATERSMEET 12 WSW, MI US","46.2231","-89.4085","515.1","2015-04",,,,,,,
"USC00208682","WATERSMEET 12 WSW, MI US","46.2231","-89.4085","515.1","2015-05",,,,,,,
"USC00208682","WATERSMEET 12 WSW, MI US","46.2231","-89.4085","515.1","2015-06",,,,,,,
"USC00200718","BERGLAND DAM, MI US","46.5869","-89.5475","396.2","2015-01","0.0","-30.0","2.8","3032.3","-11.6","-7.1","-16.1"
"USC00200718","BERGLAND DAM, MI US","46.5869","-89.5475","396.2","2015-02","0.0","-33.9","-2.2","4030.5","-17.3","-10.6","-24.0"
"USC00200718","BERGLAND DAM, MI US","46.5869","-89.5475","396.2","2015-03","0.0","-29.4","15.0","4655.8","-4.0","2.5","-10.5"
"USC00200718","BERGLAND DAM, MI US","46.5869","-89.5475","396.2","2015-04","0.0","-8.9","21.7","5093.0","3.8","10.7","-3.2"
"USC00200718","BERGLAND DAM, MI US","46.5869","-89.5475","396.2","2015-05","3.8","-3.3","30.0","5322.5","11.1","18.7","3.4"
"USC00200718","BERGLAND DAM, MI US","46.5869","-89.5475","396.2","2015-06","3.8","-1.1","27.2","5428.1","14.8","22.2","7.4"
"US1MIMR0010","LAMBERTVILLE 2.9 WNW, MI US","41.7699450999498","-83.6705989390612","207.9","2015-04",,,,,,,
"US1MIMR0010","LAMBERTVILLE 2.9 WNW, MI US","41.7699450999498","-83.6705989390612","207.9","2015-05",,,,,,,
"US1MINW0007","WHITE CLOUD 2.9 NW, MI US","43.591","-85.798","294.7","2015-01",,,,,,,
"US1MINW0007","WHITE CLOUD 2.9 NW, MI US","43.591","-85.798","294.7","2015-02",,,,,,,
"US1MINW0007","WHITE CLOUD 2.9 NW, MI US","43.591","-85.798","294.7","2015-03",,,,,,,
"US1MINW0007","WHITE CLOUD 2.9 NW, MI US","43.591","-85.798","294.7","2015-04",,,,,,,
"US1MINW0007","WHITE CLOUD 2.9 NW, MI US","43.591","-85.798","294.7","2015-05",,,,,,,
"US1MINW0002","GRANT 4.8 NW, MI US","43.381844","-85.879724","189.9","2015-04",,,,,,,
"US1MINW0002","GRANT 4.8 NW, MI US","43.381844","-85.879724","189.9","2015-05",,,,,,,
"US1MINW0002","GRANT 4.8 NW, MI US","43.381844","-85.879724","189.9","2015-06",,,,,,,
"USC00200710","BENTON HARBOR AIRPORT, MI US","42.1245","-86.4266","190.5","2015-01","0.0","-26.1","6.7","2239.7","-5.0","-0.8","-9.1"
"USC00200710","BENTON HARBOR AIRPORT, MI US","42.1245","-86.4266","190.5","2015-02","0.0","-22.8","6.7","2996.4","-8.7","-3.8","-13.6"
"USC00200710","BENTON HARBOR AIRPORT, MI US","42.1245","-86.4266","190.5","2015-03","0.0","-16.1","21.7","3524.9","1.3","6.9","-4.4"
"USC00200710","BENTON HARBOR AIRPORT, MI US","42.1245","-86.4266","190.5","2015-04","0.0","-5.0","23.3","3806.8","8.9","15.5","2.4"
"USC00200710","BENTON HARBOR AIRPORT, MI US","42.1245","-86.4266","190.5","2015-05","21.2","2.2","30.0","3914.2","15.6","22.5","8.6"
"USC00200710","BENTON HARBOR AIRPORT, MI US","42.1245","-86.4266","190.5","2015-06","49.8","5.6","30.6","3954.3","17.9","24.9","11.0"
"US1MIOK0035","WATERFORD 2.1 NW, MI US","42.687418","-83.413166","299.3","2015-01",,,,,,,
"US1MIOK0035","WATERFORD 2.1 NW, MI US","42.687418","-83.413166","299.3","2015-02",,,,,,,
"US1MIOK0035","WATERFORD 2.1 NW, MI US","42.687418","-83.413166","299.3","2015-03",,,,,,,
"US1MIOK0035","WATERFORD 2.1 NW, MI US","42.687418","-83.413166","299.3","2015-04",,,,,,,
"US1MIOK0035","WATERFORD 2.1 NW, MI US","42.687418","-83.413166","299.3","2015-05",,,,,,,
"US1MIOK0035","WATERFORD 2.1 NW, MI US","42.687418","-83.413166","299.3","2015-06",,,,,,,
"US1MIOK0031","WATERFORD 2.6 N, MI US","42.70081","-83.39073","294.1","2015-05",,,,,,,
"US1MIOK0031","WATERFORD 2.6 N, MI US","42.70081","-83.39073","294.1","2015-06",,,,,,,
"USC00207225","SAGINAW 5 W, MI US","43.4172","-84.0641","179.8","2015-01","0.0","-23.3","5.6","2296.9","-7.3","-3.2","-11.4"
"USC00207225","SAGINAW 5 W, MI US","43.4172","-84.0641","179.8","2015-02","0.0","-28.9","1.7","3165.2","-12.7","-7.3","-18.1"
"USC00207225","SAGINAW 5 W, MI US","43.4172","-84.0641","179.8","2015-03","0.0","-18.3","16.7","3750.4","-0.5","5.0","-6.1"
"USC00207225","SAGINAW 5 W, MI US","43.4172","-84.0641","179.8","2015-04","0.0","-6.1","24.4","4077.4","7.4","13.8","1.1"
"USC00207225","SAGINAW 5 W, MI US","43.4172","-84.0641","179.8","2015-05","28.4","-0.6","30.0","4185.1","15.8","22.3","9.3"
"USC00207225","SAGINAW 5 W, MI US","43.4172","-84.0641","179.8","2015-06","69.2","2.8","30.0","4218.7","18.6","24.4","12.8"
"US1MIMR0004","MONROE 3.0 S, MI US","41.872635","-83.380939","182.3","2015-01",,,,,,,
"US1MIMR0004","MONROE 3.0 S, MI US","41.872635","-83.380939","182.3","2015-02",,,,,,,
"US1MIMR0004","MONROE 3.0 S, MI US","41.872635","-83.380939","182.3","2015-04",,,,,,,
"US1MIMR0004","MONROE 3.0 S, MI US","41.872635","-83.380939","182.3","2015-05",,,,,,,
"US1MIMR0004","MONROE 3.0 S, MI US","41.872635","-83.380939","182.3","2015-06",,,,,,,
"USC00207364","SAULT STE MARIE, MI US","46.48913","-84.31932","183.5","2015-01","0.0","-26.1","1.1","2954.5","-13.1","-6.8","-19.4"
"USC00207364","SAULT STE MARIE, MI US","46.48913","-84.31932","183.5","2015-02","0.0","-35.0","-3.3","3991.0","-18.7","-11.2","-26.2"
"USC00207364","SAULT STE MARIE, MI US","46.48913","-84.31932","183.5","2015-03","0.0","-30.0","9.4","4800.5","-7.8","-0.7","-14.9"
"USC00207364","SAULT STE MARIE, MI US","46.48913","-84.31932","183.5","2015-04","0.0","-11.7","18.3","5285.7","2.2","7.6","-3.3"
"USC00207364","SAULT STE MARIE, MI US","46.48913","-84.31932","183.5","2015-05","2.7","-2.8","28.9","5513.3","11.1","18.0","4.2"
"USC00207364","SAULT STE MARIE, MI US","46.48913","-84.31932","183.5","2015-06","5.8","1.1","28.3","5640.4","14.2","20.8","7.6"
"US1MIMR0005","PETERSBURG 5.1 ENE, MI US","41.914571","-83.61429","200.9","2015-06",,,,,,,
"US1MIWY0064","DEARBORN 1.7 WSW, MI US","42.298546","-83.242499","185.3","2015-03",,,,,,,
"US1MIWY0064","DEARBORN 1.7 WSW, MI US","42.298546","-83.242499","185.3","2015-04",,,,,,,
"USC00206398","PAULDING, MI US","46.3976","-89.1794","416.7","2015-01","0.0","-30.0","1.7","3167.4","-12.0","-7.3","-16.7"
"USC00206398","PAULDING, MI US","46.3976","-89.1794","416.7","2015-02","0.0","-36.1","-3.3","4186.8","-18.1","-11.0","-25.2"
"USC00206398","PAULDING, MI US","46.3976","-89.1794","416.7","2015-03","0.0","-30.6","15.6","4883.5","-4.1","2.4","-10.7"
"USC00206398","PAULDING, MI US","46.3976","-89.1794","416.7","2015-04","0.0","-10.0","22.2","5272.8","3.1","10.3","-4.2"
"USC00206398","PAULDING, MI US","46.3976","-89.1794","416.7","2015-05","5.0","-5.0","28.3","5499.6","10.9","18.8","3.1"
"USC00206398","PAULDING, MI US","46.3976","-89.1794","416.7","2015-06","6.2","-2.8","26.7","5596.3","14.9","22.6","7.2"
"US1MIMR0009","CARLETON 2.5 S, MI US","42.0212526619434","-83.3944923430681","187.5","2015-01",,,,,,,
"US1MIMR0009","CARLETON 2.5 S, MI US","42.0212526619434","-83.3944923430681","187.5","2015-03",,,,,,,
"US1MIMR0009","CARLETON 2.5 S, MI US","42.0212526619434","-83.3944923430681","187.5","2015-04",,,,,,,
"US1MIMR0009","CARLETON 2.5 S, MI US","42.0212526619434","-83.3944923430681","187.5","2015-05",,,,,,,
"US1MIMR0009","CARLETON 2.5 S, MI US","42.0212526619434","-83.3944923430681","187.5","2015-06",,,,,,,
"USC00205065","MANISTEE 3 SE, MI US","44.2113","-86.2938","204.2","2015-01","0.0","-21.1","4.4","2293.3","-5.9","-2.1","-9.8"
"USC00205065","MANISTEE 3 SE, MI US","44.2113","-86.2938","204.2","2015-02","0.0","-22.8","3.3","3083.1","-9.9","-5.7","-14.1"
"USC00205065","MANISTEE 3 SE, MI US","44.2113","-86.2938","204.2","2015-03","0.0","-18.3","15.6","3670.9","-0.6","4.4","-5.6"
"USC00205065","MANISTEE 3 SE, MI US","44.2113","-86.2938","204.2","2015-04","0.0","-7.2","22.2","3972.7","7.6","13.6","1.5"
"USC00205065","MANISTEE 3 SE, MI US","44.2113","-86.2938","204.2","2015-05","18.7","-2.2","28.3","4087.3","15.1","21.6","8.4"
"USC00205065","MANISTEE 3 SE, MI US","44.2113","-86.2938","204.2","2015-06","27.5","3.3","26.1","4135.0","17.0","23.2","10.9"
"USC00201818","CORUNNA 2 NE, MI US","42.9986","-84.0744","232.3","2015-01","0.0","-27.2","7.2","2285.2","-7.3","-2.9","-11.8"
"USC00201818","CORUNNA 2 NE, MI US","42.9986","-84.0744","232.3","2015-02","0.0","-32.2","2.8","3164.9","-13.1","-6.7","-19.4"
"USC00201818","CORUNNA 2 NE, MI US","42.9986","-84.0744","232.3","2015-03","0.0","-21.1","18.9","3766.6","-1.1","5.3","-7.5"
"USC00201818","CORUNNA 2 NE, MI US","42.9986","-84.0744","232.3","2015-04","0.0","-5.6","24.4","4088.7","7.6","14.8","0.4"
"USC00201818","CORUNNA 2 NE, MI US","42.9986","-84.0744","232.3","2015-05","31.4","1.1","30.0","4197.7","15.8","22.8","8.8"
"USC00201818","CORUNNA 2 NE, MI US","42.9986","-84.0744","232.3","2015-06","60.9","2.8","28.9","4236.1","18.0","24.7","11.3"
"US1MIMG0019","NORTH MUSKEGON 2.4 NW, MI US","43.2774122804403","-86.302200704813","188.1","2015-04",,,,,,,
"US1MIMG0019","NORTH MUSKEGON 2.4 NW, MI US","43.2774122804403","-86.302200704813","188.1","2015-05",,,,,,,
"US1MIMG0019","NORTH MUSKEGON 2.4 NW, MI US","43.2774122804403","-86.302200704813","188.1","2015-06",,,,,,,
"USC00204090","IRON MTN KINGSFORD WWTP, MI US","45.7858","-88.0841","326.4","2015-01","0.0","-31.1","3.9","2870.4","-11.1","-5.9","-16.2"
"USC00204090","IRON MTN KINGSFORD WWTP, MI US","45.7858","-88.0841","326.4","2015-02","0.0","-32.2","-2.2","3815.6","-15.4","-8.7","-22.2"
"USC00204090","IRON MTN KINGSFORD WWTP, MI US","45.7858","-88.0841","326.4","2015-03","0.0","-29.4","16.1","4464.9","-2.6","4.0","-9.2"
"USC00204090","IRON MTN KINGSFORD WWTP, MI US","45.7858","-88.0841","326.4","2015-04","0.0","-7.8","23.9","4851.3","5.4","12.1","-1.2"
"USC00204090","IRON MTN KINGSFORD WWTP, MI US","45.7858","-88.0841","326.4","2015-05","3.1","-2.2","28.3","5024.2","12.9","19.8","5.9"
"USC00204090","IRON MTN KINGSFORD WWTP, MI US","45.7858","-88.0841","326.4","2015-06","12.3","1.1","27.8","5092.6","16.4","23.1","9.6"
"US1MIMG0018","NORTON SHORES 2.3 SSE, MI US","43.1269","-86.2431","182.6","2015-01",,,,,,,
"US1MIMG0018","NORTON SHORES 2.3 SSE, MI US","43.1269","-86.2431","182.6","2015-02",,,,,,,
"US1MIMG0018","NORTON SHORES 2.3 SSE, MI US","43.1269","-86.2431","182.6","2015-04",,,,,,,
"US1MIMG0018","NORTON SHORES 2.3 SSE, MI US","43.1269","-86.2431","182.6","2015-05",,,,,,,
"US1MIMG0018","NORTON SHORES 2.3 SSE, MI US","43.1269","-86.2431","182.6","2015-06",,,,,,,
"US1MIMG0015","WOLF LAKE 3.2 ESE, MI US","43.2262","-86.047914","205.7","2015-04",,,,,,,
"USC00200842","BLISSFIELD 1 NNE, MI US","41.84","-83.8608","210.3","2015-04",,,,,,,
"USC00200842","BLISSFIELD 1 NNE, MI US","41.84","-83.8608","210.3","2015-05",,,,,,,
"US1MIMG0013","MUSKEGON 3.5 SSE, MI US","43.1791279","-86.2363559","189.3","2015-05",,,,,,,
"US1MIMG0013","MUSKEGON 3.5 SSE, MI US","43.1791279","-86.2363559","189.3","2015-06",,,,,,,
"US1MIAP0001","ALPENA 1.6 SSW, MI US","45.051565","-83.44876","178.9","2015-01",,,,,,,
"US1MIAP0001","ALPENA 1.6 SSW, MI US","45.051565","-83.44876","178.9","2015-02",,,,,,,
"US1MIAP0001","ALPENA 1.6 SSW, MI US","45.051565","-83.44876","178.9","2015-03",,,,,,,
"US1MIAP0001","ALPENA 1.6 SSW, MI US","45.051565","-83.44876","178.9","2015-04",,,,,,,
"US1MIAP0001","ALPENA 1.6 SSW, MI US","45.051565","-83.44876","178.9","2015-05",,,,,,,
"US1MIAP0001","ALPENA 1.6 SSW, MI US","45.051565","-83.44876","178.9","2015-06",,,,,,,
"US1MIWY0067","RIVERVIEW 1.0 NE, MI US","42.182713","-83.18132","178.9","2015-04",,,,,,,
"US1MIWY0067","RIVERVIEW 1.0 NE, MI US","42.182713","-83.18132","178.9","2015-05",,,,,,,
"US1MIWY0067","RIVERVIEW 1.0 NE, MI US","42.182713","-83.18132","178.9","2015-06",,,,,,,
"US1MIWY0068","CANTON 0.7 NE, MI US","42.31568","-83.47213","207.9","2015-04",,,,,,,
"US1MIWY0068","CANTON 0.7 NE, MI US","42.31568","-83.47213","207.9","2015-05",,,,,,,
"US1MIWY0068","CANTON 0.7 NE, MI US","42.31568","-83.47213","207.9","2015-06",,,,,,,
"USC00205195","MARSHALL, MI US","42.26477","-84.9696","272.8","2015-01",,,,,,,
"USC00205195","MARSHALL, MI US","42.26477","-84.9696","272.8","2015-02",,,,,,,
"USC00205195","MARSHALL, MI US","42.26477","-84.9696","272.8","2015-03",,,,,,,
"USC00205195","MARSHALL, MI US","42.26477","-84.9696","272.8","2015-04",,,,,,,
"USC00205195","MARSHALL, MI US","42.26477","-84.9696","272.8","2015-05",,,,,,,
"USC00205195","MARSHALL, MI US","42.26477","-84.9696","272.8","2015-06",,,,,,,
"USC00205073","MANISTIQUE WWTP, MI US","45.9512","-86.2513","182.9","2015-01","0.0","-23.9","2.2","2724.2","-10.3","-6.0","-14.7"
"USC00205073","MANISTIQUE WWTP, MI US","45.9512","-86.2513","182.9","2015-02","0.0","-31.1","-1.7","3629.6","-15.2","-9.2","-21.2"
"USC00205073","MANISTIQUE WWTP, MI US","45.9512","-86.2513","182.9","2015-03","0.0","-23.9","9.4","4337.4","-4.5","0.3","-9.3"
"USC00205073","MANISTIQUE WWTP, MI US","45.9512","-86.2513","182.9","2015-04","0.0","-9.4","18.9","4786.7","2.8","7.4","-1.8"
"USC00205073","MANISTIQUE WWTP, MI US","45.9512","-86.2513","182.9","2015-05","0.0","-1.7","20.0","5078.3","8.9","13.1","4.8"
"USC00205073","MANISTIQUE WWTP, MI US","45.9512","-86.2513","182.9","2015-06","0.0","2.2","23.3","5212.1","13.9","18.1","9.7"
"US1MICT0011","DEWITT 1.0 NNW, MI US","42.849203","-84.584367","258.5","2015-06",,,,,,,
"US1MIKN0008","GRAND RAPIDS 3.1 NNE, MI US","43.0053","-85.641146","212.4","2015-01",,,,,,,
"US1MIKN0008","GRAND RAPIDS 3.1 NNE, MI US","43.0053","-85.641146","212.4","2015-02",,,,,,,
"US1MIKN0008","GRAND RAPIDS 3.1 NNE, MI US","43.0053","-85.641146","212.4","2015-03",,,,,,,
"US1MIKN0008","GRAND RAPIDS 3.1 NNE, MI US","43.0053","-85.641146","212.4","2015-04",,,,,,,
"US1MIKN0008","GRAND RAPIDS 3.1 NNE, MI US","43.0053","-85.641146","212.4","2015-05",,,,,,,
"US1MIKN0008","GRAND RAPIDS 3.1 NNE, MI US","43.0053","-85.641146","212.4","2015-06",,,,,,,
"US1MIKN0006","ADA 0.7 SE, MI US","42.9492","-85.4775","190.2","2015-05",,,,,,,
"US1MIKN0006","ADA 0.7 SE, MI US","42.9492","-85.4775","190.2","2015-06",,,,,,,
"US1MICS0005","NILES 3.5 E, MI US","41.840575709939","-86.1795915663242","233.5","2015-01",,,,,,,
"US1MICS0005","NILES 3.5 E, MI US","41.840575709939","-86.1795915663242","233.5","2015-02",,,,,,,
"US1MICS0005","NILES 3.5 E, MI US","41.840575709939","-86.1795915663242","233.5","2015-03",,,,,,,
"US1MICS0005","NILES 3.5 E, MI US","41.840575709939","-86.1795915663242","233.5","2015-04",,,,,,,
"US1MICS0005","NILES 3.5 E, MI US","41.840575709939","-86.1795915663242","233.5","2015-05",,,,,,,
"US1MICS0005","NILES 3.5 E, MI US","41.840575709939","-86.1795915663242","233.5","2015-06",,,,,,,
"US1MICS0002","DOWAGIAC 5.3 NNW, MI US","42.05762","-86.13992","242.3","2015-01",,,,,,,
"US1MICS0002","DOWAGIAC 5.3 NNW, MI US","42.05762","-86.13992","242.3","2015-02",,,,,,,
"US1MICS0002","DOWAGIAC 5.3 NNW, MI US","42.05762","-86.13992","242.3","2015-03",,,,,,,
"US1MICS0002","DOWAGIAC 5.3 NNW, MI US","42.05762","-86.13992","242.3","2015-04",,,,,,,
"US1MICS0002","DOWAGIAC 5.3 NNW, MI US","42.05762","-86.13992","242.3","2015-05",,,,,,,
"US1MICS0002","DOWAGIAC 5.3 NNW, MI US","42.05762","-86.13992","242.3","2015-06",,,,,,,
"US1MIMG0023","NORTON SHORES 2.5 ESE, MI US","43.1456360220909","-86.207642108202","192.6","2015-05",,,,,,,
"US1MIMG0023","NORTON SHORES 2.5 ESE, MI US","43.1456360220909","-86.207642108202","192.6","2015-06",,,,,,,
"US1MIOK0051","FARMINGTON HILLS 2.3 WNW, MI US","42.4935029","-83.41952","265.8","2015-01",,,,,,,
"US1MIOK0051","FARMINGTON HILLS 2.3 WNW, MI US","42.4935029","-83.41952","265.8","2015-02",,,,,,,
"US1MIOK0051","FARMINGTON HILLS 2.3 WNW, MI US","42.4935029","-83.41952","265.8","2015-03",,,,,,,
"US1MIOK0051","FARMINGTON HILLS 2.3 WNW, MI US","42.4935029","-83.41952","265.8","2015-04",,,,,,,
"US1MIOK0051","FARMINGTON HILLS 2.3 WNW, MI US","42.4935029","-83.41952","265.8","2015-06",,,,,,,
"US1MIOK0050","WHITE LAKE 5.2 SSE, MI US","42.617482","-83.543782","291.7","2015-01",,,,,,,
"US1MIOK0050","WHITE LAKE 5.2 SSE, MI US","42.617482","-83.543782","291.7","2015-02",,,,,,,
"US1MIOK0050","WHITE LAKE 5.2 SSE, MI US","42.617482","-83.543782","291.7","2015-05",,,,,,,
"USC00206158","OLD MISSION 3 SSW, MI US","44.9215","-85.5161","199.9","2015-01",,,,,,,
"USC00206158","OLD MISSION 3 SSW, MI US","44.9215","-85.5161","199.9","2015-02",,,,,,,
"USC00206158","OLD MISSION 3 SSW, MI US","44.9215","-85.5161","199.9","2015-03",,,,,,,
"USC00206158","OLD MISSION 3 SSW, MI US","44.9215","-85.5161","199.9","2015-04",,,,,,,
"USC00206158","OLD MISSION 3 SSW, MI US","44.9215","-85.5161","199.9","2015-05",,,,,,,
"USC00206158","OLD MISSION 3 SSW, MI US","44.9215","-85.5161","199.9","2015-06",,,,,,,
"US1MIBN0016","NILES 4.9 N, MI US","41.9053230285645","-86.2616348266602","236.2","2015-04",,,,,,,
"US1MIBN0016","NILES 4.9 N, MI US","41.9053230285645","-86.2616348266602","236.2","2015-05",,,,,,,
"US1MIBN0016","NILES 4.9 N, MI US","41.9053230285645","-86.2616348266602","236.2","2015-06",,,,,,,
"US1MILL0003","NORTHPORT 0.1 SW, MI US","45.1297878","-85.6183989","191.7","2015-01",,,,,,,
"US1MILL0003","NORTHPORT 0.1 SW, MI US","45.1297878","-85.6183989","191.7","2015-02",,,,,,,
"US1MILL0003","NORTHPORT 0.1 SW, MI US","45.1297878","-85.6183989","191.7","2015-03",,,,,,,
"US1MILL0003","NORTHPORT 0.1 SW, MI US","45.1297878","-85.6183989","191.7","2015-04",,,,,,,
"US1MILL0003","NORTHPORT 0.1 SW, MI US","45.1297878","-85.6183989","191.7","2015-06",,,,,,,
"US1MILL0001","NORTHPORT 5.0 SSW, MI US","45.061489","-85.648567","273.7","2015-01",,,,,,,
"US1MILL0001","NORTHPORT 5.0 SSW, MI US","45.061489","-85.648567","273.7","2015-02",,,,,,,
"US1MILL0001","NORTHPORT 5.0 SSW, MI US","45.061489","-85.648567","273.7","2015-03",,,,,,,
"US1MILL0001","NORTHPORT 5.0 SSW, MI US","45.061489","-85.648567","273.7","2015-04",,,,,,,
"US1MILL0001","NORTHPORT 5.0 SSW, MI US","45.061489","-85.648567","273.7","2015-05",,,,,,,
"US1MILL0001","NORTHPORT 5.0 SSW, MI US","45.061489","-85.648567","273.7","2015-06",,,,,,,
"US1MIKN0013","CUTLERVILLE 0.7 SE, MI US","42.8334","-85.652","211.2","2015-01",,,,,,,
"US1MIKN0011","LOWELL 1.4 ESE, MI US","42.923687","-85.322221","215.8","2015-01",,,,,,,
"US1MIKN0011","LOWELL 1.4 ESE, MI US","42.923687","-85.322221","215.8","2015-02",,,,,,,
"US1MIKN0011","LOWELL 1.4 ESE, MI US","42.923687","-85.322221","215.8","2015-03",,,,,,,
"US1MIKN0011","LOWELL 1.4 ESE, MI US","42.923687","-85.322221","215.8","2015-04",,,,,,,
"US1MIKN0011","LOWELL 1.4 ESE, MI US","42.923687","-85.322221","215.8","2015-05",,,,,,,
"US1MIKN0011","LOWELL 1.4 ESE, MI US","42.923687","-85.322221","215.8","2015-06",,,,,,,
"US1MIBN0013","ST. JOSEPH 1.5 SSE, MI US","42.077448","-86.480321","192.6","2015-01",,,,,,,
"US1MIBN0013","ST. JOSEPH 1.5 SSE, MI US","42.077448","-86.480321","192.6","2015-04",,,,,,,
"US1MIBN0013","ST. JOSEPH 1.5 SSE, MI US","42.077448","-86.480321","192.6","2015-05",,,,,,,
"US1MIBN0013","ST. JOSEPH 1.5 SSE, MI US","42.077448","-86.480321","192.6","2015-06",,,,,,,
"USR0000MWAT","WATERSMEET MICHIGAN, MI US","46.2689","-89.17","489.2","2015-01","0.0","-30.0","2.2","3012.3","-11.1","-6.3","-15.9"
"USR0000MWAT","WATERSMEET MICHIGAN, MI US","46.2689","-89.17","489.2","2015-02","0.0","-35.0","-2.2","3981.7","-16.3","-9.4","-23.2"
"USR0000MWAT","WATERSMEET MICHIGAN, MI US","46.2689","-89.17","489.2","2015-03","0.0","-26.1","17.2","4560.6","-2.0","4.8","-8.8"
"USR0000MWAT","WATERSMEET MICHIGAN, MI US","46.2689","-89.17","489.2","2015-04","0.0","-9.4","22.8","4941.5","4.7","11.9","-2.4"
"USR0000MWAT","WATERSMEET MICHIGAN, MI US","46.2689","-89.17","489.2","2015-05","3.4","-4.4","28.9","5144.1","11.9","19.6","4.3"
"USR0000MWAT","WATERSMEET MICHIGAN, MI US","46.2689","-89.17","489.2","2015-06","6.1","-1.7","28.3","5236.2","15.4","22.5","8.2"
"US1MIOK0047","BLOOMFIELD TOWNSHIP 3.1 SW, MI US","42.54516","-83.317685","262.7","2015-01",,,,,,,
"US1MIOK0047","BLOOMFIELD TOWNSHIP 3.1 SW, MI US","42.54516","-83.317685","262.7","2015-02",,,,,,,
"US1MIOK0047","BLOOMFIELD TOWNSHIP 3.1 SW, MI US","42.54516","-83.317685","262.7","2015-03",,,,,,,
"US1MIOK0047","BLOOMFIELD TOWNSHIP 3.1 SW, MI US","42.54516","-83.317685","262.7","2015-04",,,,,,,
"US1MIOK0047","BLOOMFIELD TOWNSHIP 3.1 SW, MI US","42.54516","-83.317685","262.7","2015-05",,,,,,,
"US1MIOK0047","BLOOMFIELD TOWNSHIP 3.1 SW, MI US","42.54516","-83.317685","262.7","2015-06",,,,,,,
"USW00054854","GAYLORD 9 SSW, MI US","44.908","-84.7203","445.3","2015-01","0.0","-22.7","2.4","2792.0","-10.0","-5.9","-14.1"
"USW00054854","GAYLORD 9 SSW, MI US","44.908","-84.7203","445.3","2015-02","0.0","-30.5","-3.1","3728.9","-15.1","-10.1","-20.1"
"USW00054854","GAYLORD 9 SSW, MI US","44.908","-84.7203","445.3","2015-03","0.0","-23.5","12.7","4404.8","-3.5","1.7","-8.7"
"USW00054854","GAYLORD 9 SSW, MI US","44.908","-84.7203","445.3","2015-04","0.0","-9.8","20.0","4807.2","4.9","10.3","-0.4"
"USW00054854","GAYLORD 9 SSW, MI US","44.908","-84.7203","445.3","2015-05","11.6","-2.6","29.0","4961.8","13.6","19.9","7.2"
"USW00054854","GAYLORD 9 SSW, MI US","44.908","-84.7203","445.3","2015-06","14.2","3.0","25.9","5040.7","15.8","21.9","9.7"
"USC00200864","BLOOMINGDALE, MI US","42.3838","-85.9626","224.3","2015-01","0.0","-24.4","7.2",,"-5.7","-1.6","-9.8"
"USC00200864","BLOOMINGDALE, MI US","42.3838","-85.9626","224.3","2015-02","0.0","-27.2","7.8",,"-9.5","-3.9","-15.0"
"USC00200864","BLOOMINGDALE, MI US","42.3838","-85.9626","224.3","2015-03","0.0","-20.6","20.6",,"0.3","6.2","-5.5"
"USC00200864","BLOOMINGDALE, MI US","42.3838","-85.9626","224.3","2015-04","0.0","-5.6","25.6",,"8.6","15.6","1.7"
"USC00200864","BLOOMINGDALE, MI US","42.3838","-85.9626","224.3","2015-05","36.2","1.1","28.9",,"16.5","22.2","10.8"
"USC00200864","BLOOMINGDALE, MI US","42.3838","-85.9626","224.3","2015-06","87.6","5.0","30.0",,"19.3","25.2","13.5"
"US1MIOK0046","ORCHARD LAKE VILLAGE 0.9 WSW, MI US","42.577345","-83.394211","285.9","2015-05",,,,,,,
"US1MIOK0046","ORCHARD LAKE VILLAGE 0.9 WSW, MI US","42.577345","-83.394211","285.9","2015-06",,,,,,,
"US1MINW0008","WHITE CLOUD 7.5 ENE, MI US","43.606302","-85.641918","298.1","2015-01",,,,,,,
"US1MINW0008","WHITE CLOUD 7.5 ENE, MI US","43.606302","-85.641918","298.1","2015-02",,,,,,,
"US1MINW0008","WHITE CLOUD 7.5 ENE, MI US","43.606302","-85.641918","298.1","2015-03",,,,,,,
"US1MINW0008","WHITE CLOUD 7.5 ENE, MI US","43.606302","-85.641918","298.1","2015-04",,,,,,,
"US1MINW0008","WHITE CLOUD 7.5 ENE, MI US","43.606302","-85.641918","298.1","2015-05",,,,,,,
"US1MINW0008","WHITE CLOUD 7.5 ENE, MI US","43.606302","-85.641918","298.1","2015-06",,,,,,,
"USC00202804","FILION 5 NNW, MI US","43.9158","-83.083","193.5","2015-01",,,,,,,
"USC00202804","FILION 5 NNW, MI US","43.9158","-83.083","193.5","2015-02",,"-29.4","-0.6",,"-13.7","-8.3","-19.1"
"USC00202804","FILION 5 NNW, MI US","43.9158","-83.083","193.5","2015-03",,"-19.4","10.6",,"-2.6","2.0","-7.2"
"USC00202804","FILION 5 NNW, MI US","43.9158","-83.083","193.5","2015-04",,"-5.0","21.7",,"5.7","11.4","-0.1"
"USC00202804","FILION 5 NNW, MI US","43.9158","-83.083","193.5","2015-05",,,,,,,
"USC00202804","FILION 5 NNW, MI US","43.9158","-83.083","193.5","2015-06",,"2.2","28.9",,"16.0","22.2","9.7"
"US1MIBN0007","WATERVLIET 0.7 NNE, MI US","42.19669","-86.25339","197.8","2015-04",,,,,,,
"US1MIBN0007","WATERVLIET 0.7 NNE, MI US","42.19669","-86.25339","197.8","2015-05",,,,,,,
"USC00207275","ST. IGNACE, MI US","45.8608","-84.7196","201.5","2015-01","0.0","-20.6","1.7",,"-9.6","-5.9","-13.4"
"USC00207275","ST. IGNACE, MI US","45.8608","-84.7196","201.5","2015-02","0.0","-30.0","-1.7",,"-16.2","-11.4","-21.0"
"USC00207275","ST. IGNACE, MI US","45.8608","-84.7196","201.5","2015-03","0.0","-21.7","8.3",,"-4.8","-0.4","-9.1"
"USC00207275","ST. IGNACE, MI US","45.8608","-84.7196","201.5","2015-04","0.0","-10.0","17.2",,"2.7","6.9","-1.4"
"USC00207275","ST. IGNACE, MI US","45.8608","-84.7196","201.5","2015-05","0.0","0.0","23.9",,"10.4","16.1","4.8"
"USC00207275","ST. IGNACE, MI US","45.8608","-84.7196","201.5","2015-06","1.1","4.4","24.4",,"14.2","18.9","9.4"
"USC00206184","ONAWAY 4 N, MI US","45.4108","-84.2233","227.1","2015-01","0.0","-25.6","2.2","2557.0","-9.3","-4.1","-14.6"
"USC00206184","ONAWAY 4 N, MI US","45.4108","-84.2233","227.1","2015-02","0.0","-33.3","-1.7","3463.9","-14.1","-7.5","-20.6"
"USC00206184","ONAWAY 4 N, MI US","45.4108","-84.2233","227.1","2015-03","0.0","-26.7","13.9","4111.3","-2.6","3.7","-8.8"
"USC00206184","ONAWAY 4 N, MI US","45.4108","-84.2233","227.1","2015-04","0.0","-9.4","22.2","4509.0","5.1","11.2","-1.1"
"USC00206184","ONAWAY 4 N, MI US","45.4108","-84.2233","227.1","2015-05","18.8","-2.8","30.0","4652.5","14.3","22.0","6.6"
"USC00206184","ONAWAY 4 N, MI US","45.4108","-84.2233","227.1","2015-06","23.8","0.6","28.9","4732.8","15.8","23.2","8.5"
"USC00207277","BEAVER ISLAND, MI US","45.6911","-85.5463","204.8","2015-01","0.0","-20.0","2.8","2549.9","-8.3","-4.5","-12.2"
"USC00207277","BEAVER ISLAND, MI US","45.6911","-85.5463","204.8","2015-02","0.0","-30.6","-2.2","3414.2","-13.7","-8.6","-18.8"
"USC00207277","BEAVER ISLAND, MI US","45.6911","-85.5463","204.8","2015-03","0.0","-25.0","10.0","4057.0","-3.1","1.7","-7.9"
"USC00207277","BEAVER ISLAND, MI US","45.6911","-85.5463","204.8","2015-04","0.0","-8.9","18.3","4440.7","4.6","9.7","-0.4"
"USC00207277","BEAVER ISLAND, MI US","45.6911","-85.5463","204.8","2015-05","1.1","-2.2","27.2","4632.3","12.2","18.5","5.9"
"USC00207277","BEAVER ISLAND, MI US","45.6911","-85.5463","204.8","2015-06","2.2","2.2","25.6","4726.9","15.2","20.5","9.9"
"US1MIWY0031","CANTON 0.7 NW, MI US","42.3155","-83.4925","210.6","2015-01",,,,,,,
"US1MIWY0031","CANTON 0.7 NW, MI US","42.3155","-83.4925","210.6","2015-04",,,,,,,
"US1MIWY0031","CANTON 0.7 NW, MI US","42.3155","-83.4925","210.6","2015-05",,,,,,,
"US1MIWY0031","CANTON 0.7 NW, MI US","42.3155","-83.4925","210.6","2015-06",,,,,,,
"USR0000MMIO","MIO MICHIGAN, MI US","44.6761","-84.1283","320.0","2015-01","0.0","-28.9","2.8","2713.1","-10.1","-4.1","-16.0"
"USR0000MMIO","MIO MICHIGAN, MI US","44.6761","-84.1283","320.0","2015-02","0.0","-36.1","-1.7","3640.5","-14.8","-7.9","-21.7"
"USR0000MMIO","MIO MICHIGAN, MI US","44.6761","-84.1283","320.0","2015-03","0.0","-27.8","14.4","4310.5","-3.3","3.8","-10.4"
"USR0000MMIO","MIO MICHIGAN, MI US","44.6761","-84.1283","320.0","2015-04","0.0","-9.4","22.2","4711.4","5.0","12.1","-2.1"
"USR0000MMIO","MIO MICHIGAN, MI US","44.6761","-84.1283","320.0","2015-05","10.8","-3.3","29.4","4873.8","13.4","21.5","5.4"
"USR0000MMIO","MIO MICHIGAN, MI US","44.6761","-84.1283","320.0","2015-06","19.5","-2.2","27.2","4954.7","15.9","23.7","8.1"
"USC00205097","MAPLE CITY 1 E, MI US","44.855","-85.8352","243.5","2015-01","0.0","-20.0","5.0",,"-7.1","-2.5","-11.7"
"USC00205097","MAPLE CITY 1 E, MI US","44.855","-85.8352","243.5","2015-02","0.0","-28.9","0.0",,"-12.1","-7.2","-17.0"
"USC00205097","MAPLE CITY 1 E, MI US","44.855","-85.8352","243.5","2015-03","0.0","-20.0","16.1",,"-1.6","4.4","-7.6"
"USC00205097","MAPLE CITY 1 E, MI US","44.855","-85.8352","243.5","2015-04","0.0","-8.9","21.7",,"5.5","11.4","-0.4"
"USC00205097","MAPLE CITY 1 E, MI US","44.855","-85.8352","243.5","2015-05","13.7","-3.3","30.6",,"13.9","20.8","7.1"
"USC00205097","MAPLE CITY 1 E, MI US","44.855","-85.8352","243.5","2015-06","16.3","2.2","26.7",,"15.9","21.9","9.8"
"US1MIET0005","GRAND LEDGE 0.3 NNE, MI US","42.7569","-84.7453","254.2","2015-01",,,,,,,
"US1MIET0005","GRAND LEDGE 0.3 NNE, MI US","42.7569","-84.7453","254.2","2015-02",,,,,,,
"US1MIET0005","GRAND LEDGE 0.3 NNE, MI US","42.7569","-84.7453","254.2","2015-03",,,,,,,
"US1MIET0005","GRAND LEDGE 0.3 NNE, MI US","42.7569","-84.7453","254.2","2015-04",,,,,,,
"US1MIET0005","GRAND LEDGE 0.3 NNE, MI US","42.7569","-84.7453","254.2","2015-05",,,,,,,
"US1MIET0005","GRAND LEDGE 0.3 NNE, MI US","42.7569","-84.7453","254.2","2015-06",,,,,,,
"US1MIET0003","LANSING 3.9 WNW, MI US","42.724201","-84.627866","267.3","2015-01",,,,,,,
"US1MIET0003","LANSING 3.9 WNW, MI US","42.724201","-84.627866","267.3","2015-02",,,,,,,
"US1MIET0003","LANSING 3.9 WNW, MI US","42.724201","-84.627866","267.3","2015-03",,,,,,,
"US1MIET0003","LANSING 3.9 WNW, MI US","42.724201","-84.627866","267.3","2015-04",,,,,,,
"US1MIET0003","LANSING 3.9 WNW, MI US","42.724201","-84.627866","267.3","2015-05",,,,,,,
"US1MIET0003","LANSING 3.9 WNW, MI US","42.724201","-84.627866","267.3","2015-06",,,,,,,
"US1MIOK0079","BLOOMFIELD TOWNSHIP 2.0 NNE, MI US","42.600658","-83.254181","276.1","2015-03",,,,,,,
"US1MIOK0079","BLOOMFIELD TOWNSHIP 2.0 NNE, MI US","42.600658","-83.254181","276.1","2015-04",,,,,,,
"US1MIOK0079","BLOOMFIELD TOWNSHIP 2.0 NNE, MI US","42.600658","-83.254181","276.1","2015-05",,,,,,,
"US1MIOK0079","BLOOMFIELD TOWNSHIP 2.0 NNE, MI US","42.600658","-83.254181","276.1","2015-06",,,,,,,
"US1MIMQ0017","ISHPEMING 5.6 NNW, MI US","46.5673","-87.6869","418.8","2015-01",,,,,,,
"US1MIMQ0017","ISHPEMING 5.6 NNW, MI US","46.5673","-87.6869","418.8","2015-02",,,,,,,
"US1MIMQ0017","ISHPEMING 5.6 NNW, MI US","46.5673","-87.6869","418.8","2015-03",,,,,,,
"US1MIMQ0017","ISHPEMING 5.6 NNW, MI US","46.5673","-87.6869","418.8","2015-04",,,,,,,
"US1MIMQ0017","ISHPEMING 5.6 NNW, MI US","46.5673","-87.6869","418.8","2015-05",,,,,,,
"US1MIMQ0017","ISHPEMING 5.6 NNW, MI US","46.5673","-87.6869","418.8","2015-06",,,,,,,
"US1MIOK0077","WHITE LAKE 0.5 E, MI US","42.69242","-83.54549","316.7","2015-02",,,,,,,
"US1MIOK0077","WHITE LAKE 0.5 E, MI US","42.69242","-83.54549","316.7","2015-03",,,,,,,
"US1MIOK0077","WHITE LAKE 0.5 E, MI US","42.69242","-83.54549","316.7","2015-04",,,,,,,
"US1MIOK0077","WHITE LAKE 0.5 E, MI US","42.69242","-83.54549","316.7","2015-05",,,,,,,
"USC00200758","BEULAH 7 SSW, MI US","44.5316","-86.1311","235.6","2015-01","0.0","-21.1","5.0","2379.2","-7.1","-3.2","-11.1"
"USC00200758","BEULAH 7 SSW, MI US","44.5316","-86.1311","235.6","2015-02","0.0","-23.3","2.8","3203.7","-11.1","-6.6","-15.6"
"USC00200758","BEULAH 7 SSW, MI US","44.5316","-86.1311","235.6","2015-03","0.0","-16.1","16.7","3818.0","-1.5","3.8","-6.7"
"USC00200758","BEULAH 7 SSW, MI US","44.5316","-86.1311","235.6","2015-04","0.0","-7.2","23.3","4168.5","6.6","12.7","0.6"
"USC00200758","BEULAH 7 SSW, MI US","44.5316","-86.1311","235.6","2015-05","18.7","-1.7","29.4","4317.2","14.1","20.2","8.1"
"USC00200758","BEULAH 7 SSW, MI US","44.5316","-86.1311","235.6","2015-06","27.0","2.8","27.8","4369.7","16.9","23.0","10.7"
"US1MIOK0074","SOUTH LYON 0.5 NW, MI US","42.4647521972656","-83.6592788696289","280.7","2015-01",,,,,,,
"US1MIOK0074","SOUTH LYON 0.5 NW, MI US","42.4647521972656","-83.6592788696289","280.7","2015-02",,,,,,,
"US1MIOK0074","SOUTH LYON 0.5 NW, MI US","42.4647521972656","-83.6592788696289","280.7","2015-03",,,,,,,
"US1MIOK0074","SOUTH LYON 0.5 NW, MI US","42.4647521972656","-83.6592788696289","280.7","2015-04",,,,,,,
"US1MIOK0074","SOUTH LYON 0.5 NW, MI US","42.4647521972656","-83.6592788696289","280.7","2015-05",,,,,,,
"US1MIOK0074","SOUTH LYON 0.5 NW, MI US","42.4647521972656","-83.6592788696289","280.7","2015-06",,,,,,,
"US1MIOK0070","FERNDALE 0.3 NNW, MI US","42.464086","-83.133076","196.6","2015-01",,,,,,,
"US1MIOK0070","FERNDALE 0.3 NNW, MI US","42.464086","-83.133076","196.6","2015-02",,,,,,,
"US1MIOK0070","FERNDALE 0.3 NNW, MI US","42.464086","-83.133076","196.6","2015-03",,,,,,,
"US1MIOK0070","FERNDALE 0.3 NNW, MI US","42.464086","-83.133076","196.6","2015-04",,,,,,,
"US1MIOK0070","FERNDALE 0.3 NNW, MI US","42.464086","-83.133076","196.6","2015-05",,,,,,,
"US1MIOK0070","FERNDALE 0.3 NNW, MI US","42.464086","-83.133076","196.6","2015-06",,,,,,,
"US1MIWY0033","LIVONIA 2.3 NNW, MI US","42.431002","-83.381911","210.9","2015-01",,,,,,,
"US1MIWY0033","LIVONIA 2.3 NNW, MI US","42.431002","-83.381911","210.9","2015-02",,,,,,,
"US1MIWY0033","LIVONIA 2.3 NNW, MI US","42.431002","-83.381911","210.9","2015-03",,,,,,,
"US1MIWY0033","LIVONIA 2.3 NNW, MI US","42.431002","-83.381911","210.9","2015-04",,,,,,,
"US1MIWY0033","LIVONIA 2.3 NNW, MI US","42.431002","-83.381911","210.9","2015-05",,,,,,,
"US1MIWY0033","LIVONIA 2.3 NNW, MI US","42.431002","-83.381911","210.9","2015-06",,,,,,,
"US1MIMQ0015","MARQUETTE 16.0 NW, MI US","46.71","-87.64","272.2","2015-06",,,,,,,
"US1MIWY0020","LIVONIA 2.2 WNW, MI US","42.406371","-83.413232","208.2","2015-04",,,,,,,
"US1MIWY0020","LIVONIA 2.2 WNW, MI US","42.406371","-83.413232","208.2","2015-05",,,,,,,
"US1MIWY0020","LIVONIA 2.2 WNW, MI US","42.406371","-83.413232","208.2","2015-06",,,,,,,
"USC00207280","SAINT JOHNS, MI US","43.0128","-84.5547","226.5","2015-01",,,,,,,
"USC00207280","SAINT JOHNS, MI US","43.0128","-84.5547","226.5","2015-02",,,,,,,
"USC00207280","SAINT JOHNS, MI US","43.0128","-84.5547","226.5","2015-03",,,,,,,
"USC00207280","SAINT JOHNS, MI US","43.0128","-84.5547","226.5","2015-04",,,,,,,
"USC00207280","SAINT JOHNS, MI US","43.0128","-84.5547","226.5","2015-06",,"3.9","28.9",,"18.2","23.4","12.9"
"US1MIOK0069","SOUTHFIELD 2.8 NNE, MI US","42.51303","-83.238","216.1","2015-04",,,,,,,
"US1MIOK0069","SOUTHFIELD 2.8 NNE, MI US","42.51303","-83.238","216.1","2015-05",,,,,,,
"US1MIOK0069","SOUTHFIELD 2.8 NNE, MI US","42.51303","-83.238","216.1","2015-06",,,,,,,
"US1MIET0001","LANSING 3.8 WNW, MI US","42.722426","-84.626935","267.9","2015-01",,,,,,,
"US1MIET0001","LANSING 3.8 WNW, MI US","42.722426","-84.626935","267.9","2015-02",,,,,,,
"US1MIET0001","LANSING 3.8 WNW, MI US","42.722426","-84.626935","267.9","2015-03",,,,,,,
"US1MIET0001","LANSING 3.8 WNW, MI US","42.722426","-84.626935","267.9","2015-04",,,,,,,
"US1MIET0001","LANSING 3.8 WNW, MI US","42.722426","-84.626935","267.9","2015-05",,,,,,,
"US1MIET0001","LANSING 3.8 WNW, MI US","42.722426","-84.626935","267.9","2015-06",,,,,,,
"US1MIOK0066","DAVISBURG 1.3 ESE, MI US","42.7443389892578","-83.5173797607422","314.6","2015-01",,,,,,,
"US1MIOK0066","DAVISBURG 1.3 ESE, MI US","42.7443389892578","-83.5173797607422","314.6","2015-03",,,,,,,
"US1MIOK0066","DAVISBURG 1.3 ESE, MI US","42.7443389892578","-83.5173797607422","314.6","2015-04",,,,,,,
"US1MIOK0066","DAVISBURG 1.3 ESE, MI US","42.7443389892578","-83.5173797607422","314.6","2015-05",,,,,,,
"US1MIOK0066","DAVISBURG 1.3 ESE, MI US","42.7443389892578","-83.5173797607422","314.6","2015-06",,,,,,,
"US1MIIN0007","BELDING 2.6 SE, MI US","43.068","-85.198","259.1","2015-04",,,,,,,
"US1MIIN0007","BELDING 2.6 SE, MI US","43.068","-85.198","259.1","2015-05",,,,,,,
"US1MIIN0007","BELDING 2.6 SE, MI US","43.068","-85.198","259.1","2015-06",,,,,,,
"USR0000MBRR","BEAR MICHIGAN, MI US","44.8019","-86.0508","289.9","2015-01","0.0","-17.8","4.4",,"-6.9","-3.4","-10.3"
"USR0000MBRR","BEAR MICHIGAN, MI US","44.8019","-86.0508","289.9","2015-02","0.0","-24.4","1.7",,"-11.0","-6.9","-15.1"
"USR0000MBRR","BEAR MICHIGAN, MI US","44.8019","-86.0508","289.9","2015-03","0.0","-16.1","17.8",,"-0.6","4.6","-5.7"
"USR0000MBRR","BEAR MICHIGAN, MI US","44.8019","-86.0508","289.9","2015-04","0.0","-6.7","21.1",,"6.4","11.3","1.4"
"USR0000MBRR","BEAR MICHIGAN, MI US","44.8019","-86.0508","289.9","2015-05","11.1","-0.6","27.8",,"13.4","19.0","7.8"
"USR0000MBRR","BEAR MICHIGAN, MI US","44.8019","-86.0508","289.9","2015-06","19.7","4.4","26.1",,"16.6","21.8","11.4"
"US1MIOK0063","FENTON 2.7 SSE, MI US","42.7672157287598","-83.6855316162109","296.0","2015-01",,,,,,,
"US1MIOK0063","FENTON 2.7 SSE, MI US","42.7672157287598","-83.6855316162109","296.0","2015-03",,,,,,,
"US1MIOK0063","FENTON 2.7 SSE, MI US","42.7672157287598","-83.6855316162109","296.0","2015-04",,,,,,,
"US1MIOK0063","FENTON 2.7 SSE, MI US","42.7672157287598","-83.6855316162109","296.0","2015-05",,,,,,,
"US1MIOK0063","FENTON 2.7 SSE, MI US","42.7672157287598","-83.6855316162109","296.0","2015-06",,,,,,,
"US1MIIN0001","SARANAC 2.6 NE, MI US","42.957642","-85.173759","203.3","2015-01",,,,,,,
"US1MIIN0001","SARANAC 2.6 NE, MI US","42.957642","-85.173759","203.3","2015-02",,,,,,,
"US1MIIN0001","SARANAC 2.6 NE, MI US","42.957642","-85.173759","203.3","2015-03",,,,,,,
"US1MIIN0001","SARANAC 2.6 NE, MI US","42.957642","-85.173759","203.3","2015-04",,,,,,,
"US1MIIN0001","SARANAC 2.6 NE, MI US","42.957642","-85.173759","203.3","2015-05",,,,,,,
"US1MIIN0001","SARANAC 2.6 NE, MI US","42.957642","-85.173759","203.3","2015-06",,,,,,,
"US1MIOK0061","DAVISBURG 0.8 NNE, MI US","42.7623634338379","-83.5359802246094","314.2","2015-05",,,,,,,
"US1MIOK0061","DAVISBURG 0.8 NNE, MI US","42.7623634338379","-83.5359802246094","314.2","2015-06",,,,,,,
"US1MIIN0003","ORLEANS 1.3 SSE, MI US","43.0513","-85.1245","259.1","2015-04",,,,,,,
"US1MIIN0003","ORLEANS 1.3 SSE, MI US","43.0513","-85.1245","259.1","2015-05",,,,,,,
"US1MIIN0003","ORLEANS 1.3 SSE, MI US","43.0513","-85.1245","259.1","2015-06",,,,,,,
"US1MIMQ0001","MARQUETTE 5.5 SSE, MI US","46.4731","-87.3678","220.1","2015-01",,,,,,,
"US1MIMQ0001","MARQUETTE 5.5 SSE, MI US","46.4731","-87.3678","220.1","2015-02",,,,,,,
"US1MIMQ0001","MARQUETTE 5.5 SSE, MI US","46.4731","-87.3678","220.1","2015-03",,,,,,,
"US1MIMQ0001","MARQUETTE 5.5 SSE, MI US","46.4731","-87.3678","220.1","2015-04",,,,,,,
"US1MIMQ0001","MARQUETTE 5.5 SSE, MI US","46.4731","-87.3678","220.1","2015-06",,,,,,,
"USC00208249","TRAVERSE CITY MUNSON, MI US","44.7607","-85.6443","193.5","2015-01","0.0","-22.2","5.0","2456.9","-8.2","-4.3","-12.0"
"USC00208249","TRAVERSE CITY MUNSON, MI US","44.7607","-85.6443","193.5","2015-02","0.0","-27.8","1.1","3318.6","-12.4","-7.7","-17.2"
"USC00208249","TRAVERSE CITY MUNSON, MI US","44.7607","-85.6443","193.5","2015-03","0.0","-21.1","15.0","3950.5","-2.1","3.5","-7.6"
"USC00208249","TRAVERSE CITY MUNSON, MI US","44.7607","-85.6443","193.5","2015-04","0.0","-4.4","22.2","4278.3","5.7","11.2","0.2"
"USC00208249","TRAVERSE CITY MUNSON, MI US","44.7607","-85.6443","193.5","2015-05","17.0","-1.7","31.7","4447.2","13.4","19.7","7.1"
"USC00208249","TRAVERSE CITY MUNSON, MI US","44.7607","-85.6443","193.5","2015-06","26.8","3.3","28.9","4507.6","16.5","22.4","10.6"
"US1MIMQ0002","MARQUETTE 6.5 SSE, MI US","46.464618","-87.34064","205.1","2015-01",,,,,,,
"US1MIMQ0002","MARQUETTE 6.5 SSE, MI US","46.464618","-87.34064","205.1","2015-04",,,,,,,
"US1MIMQ0002","MARQUETTE 6.5 SSE, MI US","46.464618","-87.34064","205.1","2015-05",,,,,,,
"US1MIMQ0002","MARQUETTE 6.5 SSE, MI US","46.464618","-87.34064","205.1","2015-06",,,,,,,
"US1MIWY0052","LIVONIA 2.0 NE, MI US","42.417046","-83.343613","195.7","2015-01",,,,,,,
"US1MIWY0052","LIVONIA 2.0 NE, MI US","42.417046","-83.343613","195.7","2015-02",,,,,,,
"US1MIWY0052","LIVONIA 2.0 NE, MI US","42.417046","-83.343613","195.7","2015-03",,,,,,,
"US1MIWY0052","LIVONIA 2.0 NE, MI US","42.417046","-83.343613","195.7","2015-04",,,,,,,
"US1MIWY0052","LIVONIA 2.0 NE, MI US","42.417046","-83.343613","195.7","2015-05",,,,,,,
"US1MIWY0052","LIVONIA 2.0 NE, MI US","42.417046","-83.343613","195.7","2015-06",,,,,,,
"USC00209110","WYANDOTTE, MI US","42.20844","-83.1626","176.8","2015-01",,,,,,,
"USC00209110","WYANDOTTE, MI US","42.20844","-83.1626","176.8","2015-02",,,,,,,
"USC00209110","WYANDOTTE, MI US","42.20844","-83.1626","176.8","2015-03",,,,,,,
"USC00209110","WYANDOTTE, MI US","42.20844","-83.1626","176.8","2015-04",,,,,,,
"USC00209110","WYANDOTTE, MI US","42.20844","-83.1626","176.8","2015-05",,,,,,,
"USC00209110","WYANDOTTE, MI US","42.20844","-83.1626","176.8","2015-06",,,,,,,
"USC00206080","OIL CITY 2 S, MI US","43.5816","-84.5888","207.3","2015-02",,"-33.3","0.6",,"-14.6","-6.9","-22.2"
"USC00206080","OIL CITY 2 S, MI US","43.5816","-84.5888","207.3","2015-03",,"-22.2","17.2",,"-2.8","3.9","-9.4"
"USC00206080","OIL CITY 2 S, MI US","43.5816","-84.5888","207.3","2015-04",,"-7.8","24.4",,"5.9","13.2","-1.4"
"USC00206080","OIL CITY 2 S, MI US","43.5816","-84.5888","207.3","2015-05",,,"30.6",,,"21.2",
"USC00206080","OIL CITY 2 S, MI US","43.5816","-84.5888","207.3","2015-06",,"-1.1","28.9",,"16.5","23.9","9.0"
"USC00201502","CHELSEA, MI US","42.3263","-84.0133","274.3","2015-01","0.0","-23.3","6.1","2197.9","-7.1","-3.1","-11.1"
"USC00201502","CHELSEA, MI US","42.3263","-84.0133","274.3","2015-02","0.0","-31.7","5.6","3045.4","-11.9","-5.6","-18.3"
"USC00201502","CHELSEA, MI US","42.3263","-84.0133","274.3","2015-03","0.0","-23.3","19.4","3623.4","-0.3","5.3","-6.0"
"USC00201502","CHELSEA, MI US","42.3263","-84.0133","274.3","2015-04","0.0","-5.6","24.4","3921.1","8.4","14.8","2.0"
"USC00201502","CHELSEA, MI US","42.3263","-84.0133","274.3","2015-05","36.7","1.1","29.4","4011.6","16.6","22.7","10.5"
"USC00201502","CHELSEA, MI US","42.3263","-84.0133","274.3","2015-06","82.2","3.3","30.6","4039.6","18.9","24.3","13.6"
"USC00200779","BIG RAPIDS WATER TREATMENT PLANT, MI US","43.7072","-85.4819","273.7","2015-01","0.0","-26.7","5.0","2532.2","-8.8","-4.2","-13.3"
"USC00200779","BIG RAPIDS WATER TREATMENT PLANT, MI US","43.7072","-85.4819","273.7","2015-02","0.0","-31.1","1.7","3416.6","-13.2","-6.9","-19.7"
"USC00200779","BIG RAPIDS WATER TREATMENT PLANT, MI US","43.7072","-85.4819","273.7","2015-03","0.0","-22.8","16.7","4002.1","-1.9","4.5","-8.3"
"USC00200779","BIG RAPIDS WATER TREATMENT PLANT, MI US","43.7072","-85.4819","273.7","2015-04","0.0","-7.8","23.9","4367.3","6.2","13.1","-0.8"
"USC00200779","BIG RAPIDS WATER TREATMENT PLANT, MI US","43.7072","-85.4819","273.7","2015-05","16.1","-1.1","29.4","4507.6","14.3","21.1","7.6"
"USC00200779","BIG RAPIDS WATER TREATMENT PLANT, MI US","43.7072","-85.4819","273.7","2015-06","29.8","2.2","27.2","4561.3","17.0","23.7","10.3"
"USC00200417","BAD AXE, MI US","43.808","-82.9938","217.9","2015-01","0.0","-23.3","4.4","2319.7","-8.6","-4.5","-12.7"
"USC00200417","BAD AXE, MI US","43.808","-82.9938","217.9","2015-02","0.0","-27.8","0.0","3193.1","-12.9","-8.0","-17.7"
"USC00200417","BAD AXE, MI US","43.808","-82.9938","217.9","2015-03","0.0","-18.9","11.7","3826.7","-2.1","2.8","-7.0"
"USC00200417","BAD AXE, MI US","43.808","-82.9938","217.9","2015-04","0.0","-5.0","22.2","4190.8","6.2","12.1","0.3"
"USC00200417","BAD AXE, MI US","43.808","-82.9938","217.9","2015-05","28.7","0.6","29.4","4326.9","14.9","21.3","8.4"
"USC00200417","BAD AXE, MI US","43.808","-82.9938","217.9","2015-06","51.7","3.3","29.4","4388.5","17.1","23.0","11.1"
"US1MIOK0098","ROYAL OAK 1.0 S, MI US","42.494228","-83.157447","200.6","2015-05",,,,,,,
"USC00203925","HOPKINS 1 N, MI US","42.6352","-85.761","214.9","2015-01",,,,,,,
"USC00203925","HOPKINS 1 N, MI US","42.6352","-85.761","214.9","2015-02",,"-26.1","6.1",,"-9.8","-4.4","-15.2"
"USC00203925","HOPKINS 1 N, MI US","42.6352","-85.761","214.9","2015-03",,,,,,,
"USC00203925","HOPKINS 1 N, MI US","42.6352","-85.761","214.9","2015-04",,,,,,,
"USC00203925","HOPKINS 1 N, MI US","42.6352","-85.761","214.9","2015-05",,,,,,,
"USC00203925","HOPKINS 1 N, MI US","42.6352","-85.761","214.9","2015-06",,,,,,,
"US1MIOK0094","FARMINGTON HILLS 1.4 N, MI US","42.5066","-83.3791","267.6","2015-05",,,,,,,
"US1MIOK0094","FARMINGTON HILLS 1.4 N, MI US","42.5066","-83.3791","267.6","2015-06",,,,,,,
"USC00200770","BIG BAY 1 NW, MI US","46.8325","-87.7504","233.2","2015-01","0.0","-25.0","5.0","2826.9","-9.7","-5.5","-13.9"
"USC00200770","BIG BAY 1 NW, MI US","46.8325","-87.7504","233.2","2015-02","0.0","-29.4","-2.8","3729.2","-13.9","-9.9","-17.9"
"USC00200770","BIG BAY 1 NW, MI US","46.8325","-87.7504","233.2","2015-03","0.0","-22.8","17.8","4396.6","-3.2","2.0","-8.4"
"USC00200770","BIG BAY 1 NW, MI US","46.8325","-87.7504","233.2","2015-04","0.0","-8.9","23.3","4833.3","3.8","8.5","-0.9"
"USC00200770","BIG BAY 1 NW, MI US","46.8325","-87.7504","233.2","2015-05","8.1","-2.8","30.0","5032.0","11.8","17.3","6.2"
"USC00200770","BIG BAY 1 NW, MI US","46.8325","-87.7504","233.2","2015-06","10.9","-2.2","26.7","5176.7","13.6","18.8","8.4"
"US1MIOK0092","FARMINGTON HILLS 3.5 NW, MI US","42.518","-83.4296","283.2","2015-04",,,,,,,
"US1MIOK0092","FARMINGTON HILLS 3.5 NW, MI US","42.518","-83.4296","283.2","2015-05",,,,,,,
"US1MIOK0092","FARMINGTON HILLS 3.5 NW, MI US","42.518","-83.4296","283.2","2015-06",,,,,,,
"USC00200771","BIG BAY 9 SW, MI US","46.7462","-87.8816","445.0","2015-01",,,,,,,
"USC00200771","BIG BAY 9 SW, MI US","46.7462","-87.8816","445.0","2015-05",,,,,,,
"US1MISC0003","PORT HURON 1.6 W, MI US","42.996173","-82.464307","186.2","2015-01",,,,,,,
"US1MISC0003","PORT HURON 1.6 W, MI US","42.996173","-82.464307","186.2","2015-02",,,,,,,
"US1MISC0003","PORT HURON 1.6 W, MI US","42.996173","-82.464307","186.2","2015-03",,,,,,,
"US1MISC0003","PORT HURON 1.6 W, MI US","42.996173","-82.464307","186.2","2015-04",,,,,,,
"US1MISC0003","PORT HURON 1.6 W, MI US","42.996173","-82.464307","186.2","2015-05",,,,,,,
"US1MISC0003","PORT HURON 1.6 W, MI US","42.996173","-82.464307","186.2","2015-06",,,,,,,
"USC00207188","RUDYARD 5 SE, MI US","46.19076","-84.50852","203.3","2015-01","0.0","-29.4","1.7","3063.7","-12.8","-6.4","-19.1"
"USC00207188","RUDYARD 5 SE, MI US","46.19076","-84.50852","203.3","2015-02","0.0","-38.3","-1.7","4102.3","-18.8","-10.0","-27.5"
"USC00207188","RUDYARD 5 SE, MI US","46.19076","-84.50852","203.3","2015-03","0.0","-32.2","10.6","4893.6","-7.2","0.5","-14.9"
"USC00207188","RUDYARD 5 SE, MI US","46.19076","-84.50852","203.3","2015-04","0.0","-12.8","17.8","5374.9","2.3","8.4","-3.9"
"USC00207188","RUDYARD 5 SE, MI US","46.19076","-84.50852","203.3","2015-05","0.8","-3.9","27.2","5609.0","10.8","18.4","3.2"
"USC00207188","RUDYARD 5 SE, MI US","46.19076","-84.50852","203.3","2015-06","0.8","-0.6","26.1","5748.1","13.7","21.3","6.1"
"US1MISC0007","PORT HURON 2.0 SSW, MI US","42.966773","-82.450284","184.1","2015-05",,,,,,,
"US1MISC0007","PORT HURON 2.0 SSW, MI US","42.966773","-82.450284","184.1","2015-06",,,,,,,
"US1MISC0008","ALGONAC 0.4 SW, MI US","42.618391","-82.5401129","177.1","2015-04",,,,,,,
"US1MISC0008","ALGONAC 0.4 SW, MI US","42.618391","-82.5401129","177.1","2015-06",,,,,,,
"US1MIGL0003","BEAVERTON 8.4 E, MI US","43.884251","-84.319313","209.1","2015-06",,,,,,,
"USC00203932","HOUGHTON LAKE 6 WSW, MI US","44.3119","-84.8922","345.9","2015-01","0.0","-30.0","4.4",,"-9.4","-3.3","-15.4"
"USC00203932","HOUGHTON LAKE 6 WSW, MI US","44.3119","-84.8922","345.9","2015-02","0.0","-35.6","-0.6",,"-14.7","-6.5","-22.8"
"USC00203932","HOUGHTON LAKE 6 WSW, MI US","44.3119","-84.8922","345.9","2015-03","0.0","-28.3","17.2",,"-2.6","4.2","-9.4"
"USC00203932","HOUGHTON LAKE 6 WSW, MI US","44.3119","-84.8922","345.9","2015-04","0.0","-10.6","22.8",,"5.6","12.7","-1.5"
"USC00203932","HOUGHTON LAKE 6 WSW, MI US","44.3119","-84.8922","345.9","2015-05","15.6","-3.9","29.4",,"13.5","21.0","6.0"
"USC00203932","HOUGHTON LAKE 6 WSW, MI US","44.3119","-84.8922","345.9","2015-06","25.6","-1.7","27.8",,"15.9","23.9","7.8"
"US1MIOK0088","LEONARD 2.7 SE, MI US","42.839966","-83.103111","305.1","2015-01",,,,,,,
"US1MIOK0088","LEONARD 2.7 SE, MI US","42.839966","-83.103111","305.1","2015-02",,,,,,,
"US1MIOK0088","LEONARD 2.7 SE, MI US","42.839966","-83.103111","305.1","2015-03",,,,,,,
"US1MIOK0088","LEONARD 2.7 SE, MI US","42.839966","-83.103111","305.1","2015-04",,,,,,,
"US1MIOK0088","LEONARD 2.7 SE, MI US","42.839966","-83.103111","305.1","2015-05",,,,,,,
"US1MIOK0088","LEONARD 2.7 SE, MI US","42.839966","-83.103111","305.1","2015-06",,,,,,,
"US1MIOK0087","ORTONVILLE 2.3 S, MI US","42.818733215332","-83.4431304931641","297.2","2015-01",,,,,,,
"US1MIOK0087","ORTONVILLE 2.3 S, MI US","42.818733215332","-83.4431304931641","297.2","2015-04",,,,,,,
"US1MIOK0087","ORTONVILLE 2.3 S, MI US","42.818733215332","-83.4431304931641","297.2","2015-05",,,,,,,
"US1MIOK0087","ORTONVILLE 2.3 S, MI US","42.818733215332","-83.4431304931641","297.2","2015-06",,,,,,,
"US1MIOK0085","TROY 1.8 S, MI US","42.5543327331543","-83.1391754150391","203.3","2015-01",,,,,,,
"US1MIOK0085","TROY 1.8 S, MI US","42.5543327331543","-83.1391754150391","203.3","2015-02",,,,,,,
"US1MIOK0085","TROY 1.8 S, MI US","42.5543327331543","-83.1391754150391","203.3","2015-03",,,,,,,
"US1MIOK0085","TROY 1.8 S, MI US","42.5543327331543","-83.1391754150391","203.3","2015-04",,,,,,,
"US1MIOK0085","TROY 1.8 S, MI US","42.5543327331543","-83.1391754150391","203.3","2015-05",,,,,,,
"US1MIOK0085","TROY 1.8 S, MI US","42.5543327331543","-83.1391754150391","203.3","2015-06",,,,,,,
"US1MIWY0047","BELLEVILLE 2.8 ESE, MI US","42.182333","-83.436367","201.5","2015-02",,,,,,,
"US1MIWY0047","BELLEVILLE 2.8 ESE, MI US","42.182333","-83.436367","201.5","2015-03",,,,,,,
"US1MIWY0047","BELLEVILLE 2.8 ESE, MI US","42.182333","-83.436367","201.5","2015-04",,,,,,,
"US1MIWY0047","BELLEVILLE 2.8 ESE, MI US","42.182333","-83.436367","201.5","2015-05",,,,,,,
"US1MIWY0047","BELLEVILLE 2.8 ESE, MI US","42.182333","-83.436367","201.5","2015-06",,,,,,,
"US1MIOK0083","FARMINGTON HILLS 1.2 N, MI US","42.5030708312988","-83.376594543457","260.3","2015-02",,,,,,,
"US1MIOK0083","FARMINGTON HILLS 1.2 N, MI US","42.5030708312988","-83.376594543457","260.3","2015-04",,,,,,,
"US1MIOK0083","FARMINGTON HILLS 1.2 N, MI US","42.5030708312988","-83.376594543457","260.3","2015-05",,,,,,,
"US1MIOK0083","FARMINGTON HILLS 1.2 N, MI US","42.5030708312988","-83.376594543457","260.3","2015-06",,,,,,,
"US1MIWY0043","DEARBORN HEIGHTS 1.8 NW, MI US","42.3419570922852","-83.3020706176758","185.6","2015-01",,,,,,,
"US1MIWY0043","DEARBORN HEIGHTS 1.8 NW, MI US","42.3419570922852","-83.3020706176758","185.6","2015-02",,,,,,,
"US1MIWY0043","DEARBORN HEIGHTS 1.8 NW, MI US","42.3419570922852","-83.3020706176758","185.6","2015-03",,,,,,,
"US1MIWY0043","DEARBORN HEIGHTS 1.8 NW, MI US","42.3419570922852","-83.3020706176758","185.6","2015-04",,,,,,,
"US1MIWY0043","DEARBORN HEIGHTS 1.8 NW, MI US","42.3419570922852","-83.3020706176758","185.6","2015-05",,,,,,,
"US1MIWY0043","DEARBORN HEIGHTS 1.8 NW, MI US","42.3419570922852","-83.3020706176758","185.6","2015-06",,,,,,,
"US1MISC0011","PORT HURON 2.2 S, MI US","42.9623747617006","-82.4291894584894","185.3","2015-06",,,,,,,
