"STATION","NAME","LATITUDE","LONGITUDE","ELEVATION","DATE","CDSD","EMNT","EMXT","HDSD","TAVG","TMAX","TMIN"
"USC00205690","MUNISING, MI US","46.4121","-86.6625","207.3","2010-01","0.0","-16.1","3.3","2600.5","-6.4","-3.7","-9.1"
"USC00205690","MUNISING, MI US","46.4121","-86.6625","207.3","2010-02","0.0","-15.0","0.6","3259.8","-5.2","-2.3","-8.1"
"USC00205690","MUNISING, MI US","46.4121","-86.6625","207.3","2010-03","0.0","-11.1","12.8","3797.1","1.0","5.4","-3.4"
"USC00205690","MUNISING, MI US","46.4121","-86.6625","207.3","2010-04","0.0","-3.3","26.1","4136.6","7.0","12.1","1.9"
"USC00205690","MUNISING, MI US","46.4121","-86.6625","207.3","2010-05","19.5","-1.7","32.2","4330.3","12.7","18.3","7.2"
"USC00205690","MUNISING, MI US","46.4121","-86.6625","207.3","2010-06","27.1","5.0","27.8","4447.2","14.7","18.4","10.9"
"USC00203270","GLADSTONE NUMBER 2, MI US","45.8433","-87.0391","218.5","2010-01",,,,,,,
"USC00203270","GLADSTONE NUMBER 2, MI US","45.8433","-87.0391","218.5","2010-02",,,,,,,
"USC00203270","GLADSTONE NUMBER 2, MI US","45.8433","-87.0391","218.5","2010-03",,,,,,,
"USC00203270","GLADSTONE NUMBER 2, MI US","45.8433","-87.0391","218.5","2010-04",,,,,,,
"USC00203270","GLADSTONE NUMBER 2, MI US","45.8433","-87.0391","218.5","2010-05",,,,,,,
"USC00203270","GLADSTONE NUMBER 2, MI US","45.8433","-87.0391","218.5","2010-06",,,,,,,
"USC00203391","GRAYLING, MI US","44.64536","-84.69921","350.8","2010-01","0.0","-20.0","5.6","2544.2","-6.7","-2.8","-10.6"
"USC00203391","GRAYLING, MI US","44.64536","-84.69921","350.8","2010-02","0.0","-20.0","4.4","3240.2","-6.5","-1.9","-11.2"
"USC00203391","GRAYLING, MI US","44.64536","-84.69921","350.8","2010-03","0.0","-14.4","17.8","3716.5","2.1","9.8","-5.6"
"USC00203391","GRAYLING, MI US","44.64536","-84.69921","350.8","2010-05",,"-5.0","32.8",,"14.0","21.7","6.2"
"USC00203391","GRAYLING, MI US","44.64536","-84.69921","350.8","2010-06",,"2.8","28.3",,"17.3","23.3","11.3"
"USC00206662","PORT AUSTIN WWTP, MI US","44.0469","-82.9702","184.4","2010-01","0.0","-15.0","4.4","2164.9","-5.1","-1.9","-8.2"
"USC00206662","PORT AUSTIN WWTP, MI US","44.0469","-82.9702","184.4","2010-02","0.0","-12.2","3.9","2792.6","-4.1","-0.8","-7.4"
"USC00206662","PORT AUSTIN WWTP, MI US","44.0469","-82.9702","184.4","2010-03","0.0","-7.2","16.7","3285.7","2.4","7.0","-2.2"
"USC00206662","PORT AUSTIN WWTP, MI US","44.0469","-82.9702","184.4","2010-04","2.8","-4.4","27.2","3578.5","8.7","14.6","2.7"
"USC00206662","PORT AUSTIN WWTP, MI US","44.0469","-82.9702","184.4","2010-05","17.5","1.1","30.6","3727.6","13.7","19.0","8.4"
"USC00206662","PORT AUSTIN WWTP, MI US","44.0469","-82.9702","184.4","2010-06","47.5","6.1","29.4","3764.6","18.1","22.8","13.4"
"USC00205452","MILFORD GM PROVING GROUND, MI US","42.5794","-83.6844","295.7","2010-01","0.0","-21.1","7.2","2222.4","-5.7","-1.9","-9.4"
"USC00205452","MILFORD GM PROVING GROUND, MI US","42.5794","-83.6844","295.7","2010-02","0.0","-16.7","5.0","2844.9","-4.7","-0.9","-8.5"
"USC00205452","MILFORD GM PROVING GROUND, MI US","42.5794","-83.6844","295.7","2010-03","0.0","-12.8","21.1","3302.2","3.3","10.7","-4.2"
"USC00205452","MILFORD GM PROVING GROUND, MI US","42.5794","-83.6844","295.7","2010-04","0.8","-5.0","27.2","3530.5","10.6","17.7","3.6"
"USC00205452","MILFORD GM PROVING GROUND, MI US","42.5794","-83.6844","295.7","2010-05","28.4","-1.7","30.6","3660.6","14.8","21.4","8.3"
"USC00205452","MILFORD GM PROVING GROUND, MI US","42.5794","-83.6844","295.7","2010-06","92.1","6.1","30.6","3672.2","20.4","26.2","14.5"
"USC00205451","MILAN WWTP, MI US","42.0811","-83.6769","207.3","2010-01","0.0","-17.8","9.4","2040.1","-4.6","-1.5","-7.7"
"USC00205451","MILAN WWTP, MI US","42.0811","-83.6769","207.3","2010-02","0.0","-13.3","6.1","2644.2","-3.2","0.0","-6.5"
"USC00205451","MILAN WWTP, MI US","42.0811","-83.6769","207.3","2010-03","0.0","-7.2","18.9","3077.8","4.4","10.1","-1.4"
"USC00205451","MILAN WWTP, MI US","42.0811","-83.6769","207.3","2010-04","0.8","-2.8","28.3","3296.9","10.8","18.1","3.5"
"USC00205451","MILAN WWTP, MI US","42.0811","-83.6769","207.3","2010-05","40.3","0.6","31.1","3400.7","16.3","21.9","10.6"
"USC00205451","MILAN WWTP, MI US","42.0811","-83.6769","207.3","2010-06","144.0","9.4","31.7","3408.1","21.5","27.1","16.0"
"US1MIME0002","BIG RAPIDS 0.7 ENE, MI US","43.707458","-85.47386","281.9","2010-01",,,,,,,
"US1MIME0002","BIG RAPIDS 0.7 ENE, MI US","43.707458","-85.47386","281.9","2010-02",,,,,,,
"US1MIME0002","BIG RAPIDS 0.7 ENE, MI US","43.707458","-85.47386","281.9","2010-03",,,,,,,
"US1MIME0002","BIG RAPIDS 0.7 ENE, MI US","43.707458","-85.47386","281.9","2010-04",,,,,,,
"US1MIME0002","BIG RAPIDS 0.7 ENE, MI US","43.707458","-85.47386","281.9","2010-05",,,,,,,
"US1MIME0002","BIG RAPIDS 0.7 ENE, MI US","43.707458","-85.47386","281.9","2010-06",,,,,,,
"US1MIME0001","BIG RAPIDS 1.4 SSE, MI US","43.684888","-85.475174","284.7","2010-02",,,,,,,
"US1MIME0001","BIG RAPIDS 1.4 SSE, MI US","43.684888","-85.475174","284.7","2010-03",,,,,,,
"US1MIME0001","BIG RAPIDS 1.4 SSE, MI US","43.684888","-85.475174","284.7","2010-04",,,,,,,
"US1MIME0003","BIG RAPIDS 3.2 NE, MI US","43.738311","-85.443267","307.5","2010-01",,,,,,,
"US1MIME0003","BIG RAPIDS 3.2 NE, MI US","43.738311","-85.443267","307.5","2010-03",,,,,,,
"US1MIOW0014","HOLLAND 4.4 NW, MI US","42.823464","-86.151194","199.0","2010-02",,,,,,,
"US1MIOW0014","HOLLAND 4.4 NW, MI US","42.823464","-86.151194","199.0","2010-03",,,,,,,
"US1MIOW0014","HOLLAND 4.4 NW, MI US","42.823464","-86.151194","199.0","2010-04",,,,,,,
"US1MIOW0014","HOLLAND 4.4 NW, MI US","42.823464","-86.151194","199.0","2010-06",,,,,,,
"US1MIVB0005","GRAND JUNCTION 2.9 SSW, MI US","42.375558","-86.091491","210.0","2010-05",,,,,,,
"US1MIVB0005","GRAND JUNCTION 2.9 SSW, MI US","42.375558","-86.091491","210.0","2010-06",,,,,,,
"USC00203025","FREMONT 4 WSW, MI US","43.44527","-86.02646","242.9","2010-01","0.0","-21.7","6.7","2275.9","-4.7","-0.7","-8.7"
"USC00203025","FREMONT 4 WSW, MI US","43.44527","-86.02646","242.9","2010-02","0.0","-13.9","4.4","2903.5","-4.1","-0.3","-7.9"
"USC00203025","FREMONT 4 WSW, MI US","43.44527","-86.02646","242.9","2010-03","0.0","-9.4","17.8","3345.3","3.6","10.0","-2.8"
"USC00203025","FREMONT 4 WSW, MI US","43.44527","-86.02646","242.9","2010-04","1.7","-1.7","27.2","3596.3","10.0","16.5","3.6"
"USC00203025","FREMONT 4 WSW, MI US","43.44527","-86.02646","242.9","2010-05","37.0","-1.7","32.8","3732.0","15.1","21.4","8.8"
"USC00203025","FREMONT 4 WSW, MI US","43.44527","-86.02646","242.9","2010-06","78.3","6.7","29.4","3759.1","18.8","24.7","12.9"
"USC00205563","MONROE, MI US","41.9069","-83.4158","178.6","2010-01",,,,,,,
"USC00205563","MONROE, MI US","41.9069","-83.4158","178.6","2010-03",,"-8.9","20.0",,"4.5","10.1","-1.2"
"USC00205563","MONROE, MI US","41.9069","-83.4158","178.6","2010-04",,,,,,,
"USC00205563","MONROE, MI US","41.9069","-83.4158","178.6","2010-05",,"-0.6","30.6",,"17.0","22.8","11.3"
"USC00205563","MONROE, MI US","41.9069","-83.4158","178.6","2010-06",,"8.3","32.2",,"22.0","27.4","16.7"
"US1MIAN0001","WAYLAND 2.0 W, MI US","42.6732292","-85.68013763","225.2","2010-01",,,,,,,
"US1MIAN0001","WAYLAND 2.0 W, MI US","42.6732292","-85.68013763","225.2","2010-02",,,,,,,
"US1MIAN0001","WAYLAND 2.0 W, MI US","42.6732292","-85.68013763","225.2","2010-03",,,,,,,
"US1MIAN0001","WAYLAND 2.0 W, MI US","42.6732292","-85.68013763","225.2","2010-05",,,,,,,
"US1MIAN0001","WAYLAND 2.0 W, MI US","42.6732292","-85.68013763","225.2","2010-06",,,,,,,
"USC00206658","PONTIAC WWTP, MI US","42.6388","-83.2555","271.3","2010-01",,,,,,,
"USC00206658","PONTIAC WWTP, MI US","42.6388","-83.2555","271.3","2010-02",,,,,,,
"USC00206658","PONTIAC WWTP, MI US","42.6388","-83.2555","271.3","2010-03",,,,,,,
"USC00206658","PONTIAC WWTP, MI US","42.6388","-83.2555","271.3","2010-04",,,,,,,
"USC00206658","PONTIAC WWTP, MI US","42.6388","-83.2555","271.3","2010-05",,,,,,,
"USC00206658","PONTIAC WWTP, MI US","42.6388","-83.2555","271.3","2010-06",,,,,,,
"USC00203268","GLADSTONE 4 NW, MI US","45.8806","-87.0911","225.9","2010-01",,,,,,,
"USC00203268","GLADSTONE 4 NW, MI US","45.8806","-87.0911","225.9","2010-02",,,,,,,
"USC00203268","GLADSTONE 4 NW, MI US","45.8806","-87.0911","225.9","2010-03",,,,,,,
"USC00203268","GLADSTONE 4 NW, MI US","45.8806","-87.0911","225.9","2010-04",,,,,,,
"USC00203268","GLADSTONE 4 NW, MI US","45.8806","-87.0911","225.9","2010-05",,,,,,,
"USC00203268","GLADSTONE 4 NW, MI US","45.8806","-87.0911","225.9","2010-06",,,,,,,
"USC00205567","MONTAGUE 4 NW, MI US","43.461","-86.41773","198.1","2010-01","0.0","-16.1","7.2","2141.9","-3.7","-1.0","-6.3"
"USC00205567","MONTAGUE 4 NW, MI US","43.461","-86.41773","198.1","2010-02","0.0","-16.1","5.0","2689.5","-2.7","1.4","-6.7"
"USC00205567","MONTAGUE 4 NW, MI US","43.461","-86.41773","198.1","2010-03","0.0","-11.7","21.7","3142.0","3.7","10.1","-2.6"
"USC00205567","MONTAGUE 4 NW, MI US","43.461","-86.41773","198.1","2010-04",,,,,,,
"USC00205567","MONTAGUE 4 NW, MI US","43.461","-86.41773","198.1","2010-05",,,,,,,
"USC00205567","MONTAGUE 4 NW, MI US","43.461","-86.41773","198.1","2010-06",,"2.2","30.6",,"18.3","25.4","11.3"
"USC00208972","WHITMORE LAKE 1 NW, MI US","42.4355","-83.783","276.1","2010-01","0.0","-20.6","7.8","2171.2","-5.3","-1.8","-8.8"
"USC00208972","WHITMORE LAKE 1 NW, MI US","42.4355","-83.783","276.1","2010-02","0.0","-15.6","5.6","2812.6","-4.6","-0.7","-8.4"
"USC00208972","WHITMORE LAKE 1 NW, MI US","42.4355","-83.783","276.1","2010-03","0.0","-11.1","18.3","3278.1","3.3","9.8","-3.2"
"USC00208972","WHITMORE LAKE 1 NW, MI US","42.4355","-83.783","276.1","2010-04","0.0","-3.3","27.8","3520.8","10.2","17.9","2.6"
"USC00208972","WHITMORE LAKE 1 NW, MI US","42.4355","-83.783","276.1","2010-05","23.9","-1.1","30.6","3647.0","15.0","21.2","8.9"
"USC00208972","WHITMORE LAKE 1 NW, MI US","42.4355","-83.783","276.1","2010-06","87.0","7.8","30.0","3664.0","19.9","25.4","14.4"
"US1MIAN0004","FENNVILLE 0.8 W, MI US","42.594218","-86.120119","204.2","2010-01",,,,,,,
"US1MIAN0004","FENNVILLE 0.8 W, MI US","42.594218","-86.120119","204.2","2010-06",,,,,,,
"USC00204130","ISHPEMING WWTP, MI US","46.4911","-87.6894","428.5","2010-01","0.0","-22.8","6.7","2634.5","-6.9","-3.3","-10.5"
"USC00204130","ISHPEMING WWTP, MI US","46.4911","-87.6894","428.5","2010-02","0.0","-20.0","4.4","3320.5","-7.1","-2.0","-12.2"
"USC00204130","ISHPEMING WWTP, MI US","46.4911","-87.6894","428.5","2010-03","0.0","-15.6","17.2","3856.7","1.0","9.1","-7.1"
"USC00204130","ISHPEMING WWTP, MI US","46.4911","-87.6894","428.5","2010-04","0.0","-5.6","24.4","4180.2","7.6","14.9","0.2"
"USC00204130","ISHPEMING WWTP, MI US","46.4911","-87.6894","428.5","2010-05","25.7","-5.0","33.3","4349.6","13.6","20.8","6.4"
"USC00204130","ISHPEMING WWTP, MI US","46.4911","-87.6894","428.5","2010-06","52.8","1.7","31.7","4431.8","16.5","21.9","11.1"
"US1MIVB0004","PAW PAW 3.6 NNE, MI US","42.265824","-85.861936","216.1","2010-05",,,,,,,
"US1MIVB0004","PAW PAW 3.6 NNE, MI US","42.265824","-85.861936","216.1","2010-06",,,,,,,
"USR0000MSPI","SPINCICH LAKE MICHIGAN, MI US","46.4578","-85.6272","273.1","2010-04",,"-8.9","24.4",,"6.0","13.8","-1.8"
"USR0000MSPI","SPINCICH LAKE MICHIGAN, MI US","46.4578","-85.6272","273.1","2010-05",,"-9.4","31.1",,"11.8","20.3","3.4"
"USR0000MSPI","SPINCICH LAKE MICHIGAN, MI US","46.4578","-85.6272","273.1","2010-06",,"-1.1","27.2",,"14.1","20.9","7.4"
"US1MIVB0002","GRAND JUNCTION 1.3 ENE, MI US","42.40925586","-86.04813018","202.7","2010-01",,,,,,,
"US1MIVB0002","GRAND JUNCTION 1.3 ENE, MI US","42.40925586","-86.04813018","202.7","2010-03",,,,,,,
"US1MIVB0002","GRAND JUNCTION 1.3 ENE, MI US","42.40925586","-86.04813018","202.7","2010-04",,,,,,,
"US1MIVB0002","GRAND JUNCTION 1.3 ENE, MI US","42.40925586","-86.04813018","202.7","2010-05",,,,,,,
"US1MIVB0002","GRAND JUNCTION 1.3 ENE, MI US","42.40925586","-86.04813018","202.7","2010-06",,,,,,,
"US1MIOW0002","HOLLAND 3.9 NNE, MI US","42.822957","-86.06784","188.1","2010-01",,,,,,,
"US1MIOW0002","HOLLAND 3.9 NNE, MI US","42.822957","-86.06784","188.1","2010-02",,,,,,,
"US1MIOW0002","HOLLAND 3.9 NNE, MI US","42.822957","-86.06784","188.1","2010-03",,,,,,,
"US1MIOW0002","HOLLAND 3.9 NNE, MI US","42.822957","-86.06784","188.1","2010-04",,,,,,,
"US1MIOW0002","HOLLAND 3.9 NNE, MI US","42.822957","-86.06784","188.1","2010-05",,,,,,,
"US1MIOW0002","HOLLAND 3.9 NNE, MI US","42.822957","-86.06784","188.1","2010-06",,,,,,,
"US1MIOW0001","JENISON 1.0 NE, MI US","42.920457","-85.817255","196.0","2010-06",,,,,,,
"US1MIOW0003","WALKER 3.2 W, MI US","42.98804","-85.8103","218.8","2010-01",,,,,,,
"US1MIOW0003","WALKER 3.2 W, MI US","42.98804","-85.8103","218.8","2010-02",,,,,,,
"US1MIOW0003","WALKER 3.2 W, MI US","42.98804","-85.8103","218.8","2010-03",,,,,,,
"US1MIOW0003","WALKER 3.2 W, MI US","42.98804","-85.8103","218.8","2010-04",,,,,,,
"US1MIOW0003","WALKER 3.2 W, MI US","42.98804","-85.8103","218.8","2010-05",,,,,,,
"US1MIOW0003","WALKER 3.2 W, MI US","42.98804","-85.8103","218.8","2010-06",,,,,,,
"US1MIAG0001","CHATHAM 0.2 SSE, MI US","46.344986","-86.927417","274.3","2010-01",,,,,,,
"US1MIAG0001","CHATHAM 0.2 SSE, MI US","46.344986","-86.927417","274.3","2010-02",,,,,,,
"US1MIAG0001","CHATHAM 0.2 SSE, MI US","46.344986","-86.927417","274.3","2010-03",,,,,,,
"US1MIAG0001","CHATHAM 0.2 SSE, MI US","46.344986","-86.927417","274.3","2010-04",,,,,,,
"US1MIAG0001","CHATHAM 0.2 SSE, MI US","46.344986","-86.927417","274.3","2010-05",,,,,,,
"US1MIAG0001","CHATHAM 0.2 SSE, MI US","46.344986","-86.927417","274.3","2010-06",,,,,,,
"USC00203278","GOODRICH, MI US","42.9163","-83.5097","277.4","2010-01","0.0","-20.0","7.2","2179.6","-5.3","-1.6","-9.0"
"USC00203278","GOODRICH, MI US","42.9163","-83.5097","277.4","2010-02","0.0","-16.7","7.8","2823.1","-4.6","-0.1","-9.1"
"USC00203278","GOODRICH, MI US","42.9163","-83.5097","277.4","2010-03","0.0","-12.8","19.4","3279.4","3.6","10.4","-3.2"
"USC00203278","GOODRICH, MI US","42.9163","-83.5097","277.4","2010-04","4.5","-3.9","27.8","3512.8","10.7","17.9","3.5"
"USC00203278","GOODRICH, MI US","42.9163","-83.5097","277.4","2010-05","42.8","-2.2","31.1","3632.3","15.7","22.1","9.3"
"USC00203278","GOODRICH, MI US","42.9163","-83.5097","277.4","2010-06","114.9","6.7","30.6","3648.7","20.2","25.9","14.5"
"USC00206300","OWOSSO WWTP, MI US","43.0161","-84.18","222.5","2010-01","0.0","-16.7","8.3","2141.3","-5.1","-1.6","-8.7"
"USC00206300","OWOSSO WWTP, MI US","43.0161","-84.18","222.5","2010-02","0.0","-16.1","3.9","2773.4","-4.2","0.0","-8.5"
"USC00206300","OWOSSO WWTP, MI US","43.0161","-84.18","222.5","2010-03","0.0","-11.1","19.4","3240.0","3.3","9.7","-3.1"
"USC00206300","OWOSSO WWTP, MI US","43.0161","-84.18","222.5","2010-04","4.4","-2.2","27.8","3478.1","10.6","17.6","3.4"
"USC00206300","OWOSSO WWTP, MI US","43.0161","-84.18","222.5","2010-05","41.1","-1.7","31.1","3606.2","15.4","21.7","9.1"
"USC00206300","OWOSSO WWTP, MI US","43.0161","-84.18","222.5","2010-06","114.3","7.2","31.1","3621.5","20.3","25.7","14.8"
"USC00206663","PORT HOPE, MI US","43.9483","-82.7141","182.9","2010-01","0.0","-15.6","5.0","2123.6","-5.0","-2.4","-7.7"
"USC00206663","PORT HOPE, MI US","43.9483","-82.7141","182.9","2010-02","0.0","-11.7","2.8","2756.3","-4.3","-1.3","-7.2"
"USC00206663","PORT HOPE, MI US","43.9483","-82.7141","182.9","2010-03","0.0","-9.4","17.8","3274.8","1.6","5.6","-2.4"
"USC00206663","PORT HOPE, MI US","43.9483","-82.7141","182.9","2010-04","0.0","-3.3","28.3","3561.6","8.0","13.1","2.8"
"USC00206663","PORT HOPE, MI US","43.9483","-82.7141","182.9","2010-05","2.5","0.0","31.1","3715.2","13.3","18.1","8.4"
"USC00206663","PORT HOPE, MI US","43.9483","-82.7141","182.9","2010-06","24.7","6.1","30.0","3757.0","17.6","22.1","13.1"
"US1MILN0003","ADRIAN 6.4 ENE, MI US","41.9356","-83.9294","235.9","2010-01",,,,,,,
"US1MILN0003","ADRIAN 6.4 ENE, MI US","41.9356","-83.9294","235.9","2010-02",,,,,,,
"US1MILN0003","ADRIAN 6.4 ENE, MI US","41.9356","-83.9294","235.9","2010-03",,,,,,,
"US1MILN0003","ADRIAN 6.4 ENE, MI US","41.9356","-83.9294","235.9","2010-04",,,,,,,
"US1MILN0003","ADRIAN 6.4 ENE, MI US","41.9356","-83.9294","235.9","2010-05",,,,,,,
"USC00205591","MORAN, MI US","45.9902","-84.8361","211.8","2010-01","0.0","-28.3","3.9","2646.7","-7.4","-2.9","-12.0"
"USC00205591","MORAN, MI US","45.9902","-84.8361","211.8","2010-02","0.0","-17.8","5.6","3328.4","-6.0","-0.1","-11.9"
"USC00205591","MORAN, MI US","45.9902","-84.8361","211.8","2010-03","0.0","-12.8","18.3","3841.6","1.8","8.4","-4.8"
"USC00205591","MORAN, MI US","45.9902","-84.8361","211.8","2010-04","0.0","-5.6","24.4","4182.4","7.0","13.9","0.0"
"USC00205591","MORAN, MI US","45.9902","-84.8361","211.8","2010-05","11.4","-3.9","28.9","4371.9","12.6","19.3","5.9"
"USC00205591","MORAN, MI US","45.9902","-84.8361","211.8","2010-06","21.4","2.2","26.1","4463.0","15.6","21.4","9.8"
"USC00206680","PORT HURON, MI US","42.975","-82.4194","179.8","2010-01","0.0","-15.0","6.7","1938.5","-4.2","-1.2","-7.2"
"USC00206680","PORT HURON, MI US","42.975","-82.4194","179.8","2010-02","0.0","-11.1","6.7","2508.7","-2.0","0.9","-5.0"
"USC00206680","PORT HURON, MI US","42.975","-82.4194","179.8","2010-03","0.0","-7.2","19.4","2939.1","4.4","9.2","-0.3"
"USC00206680","PORT HURON, MI US","42.975","-82.4194","179.8","2010-04","0.0","-1.1","28.3","3168.7","10.7","16.0","5.4"
"USC00206680","PORT HURON, MI US","42.975","-82.4194","179.8","2010-05","35.9","1.7","31.1","3262.1","16.5","21.0","12.0"
"USC00206680","PORT HURON, MI US","42.975","-82.4194","179.8","2010-06","114.8","10.6","31.1","3272.9","20.6","25.3","15.9"
"USC00207891","STEVENSVILLE 1 SE, MI US","42.0017","-86.5222","179.8","2010-04",,,,,,,
"USC00207891","STEVENSVILLE 1 SE, MI US","42.0017","-86.5222","179.8","2010-05",,,,,,,
"USC00206442","PELLSTON AIRPORT NUMBER 2, MI US","45.5719","-84.7858","217.0","2010-01","0.0","-22.8","5.6","2528.2","-6.9","-2.7","-11.1"
"USC00206442","PELLSTON AIRPORT NUMBER 2, MI US","45.5719","-84.7858","217.0","2010-02","0.0","-20.6","3.3","3259.5","-7.8","-2.3","-13.3"
"USC00206442","PELLSTON AIRPORT NUMBER 2, MI US","45.5719","-84.7858","217.0","2010-03","0.0","-15.6","17.8","3796.0","1.0","8.4","-6.4"
"USC00206442","PELLSTON AIRPORT NUMBER 2, MI US","45.5719","-84.7858","217.0","2010-04","0.5","-5.6","29.4","4099.5","8.2","15.9","0.6"
"USC00206442","PELLSTON AIRPORT NUMBER 2, MI US","45.5719","-84.7858","217.0","2010-05","27.7","-3.9","33.3","4271.9","13.6","20.8","6.5"
"USC00206442","PELLSTON AIRPORT NUMBER 2, MI US","45.5719","-84.7858","217.0","2010-06","42.1","3.3","30.0","4348.3","16.3","22.2","10.4"
"USC00203295","GRAND HAVEN WASTEWATER PLANT, MI US","43.0618","-86.2044","182.9","2010-01","0.0","-16.7","7.8","2238.4","-4.8","-2.1","-7.4"
"USC00203295","GRAND HAVEN WASTEWATER PLANT, MI US","43.0618","-86.2044","182.9","2010-02","0.0","-13.9","2.8","2864.9","-4.0","-1.1","-7.0"
"USC00203295","GRAND HAVEN WASTEWATER PLANT, MI US","43.0618","-86.2044","182.9","2010-03","0.0","-8.3","13.9","3354.8","2.5","7.9","-2.8"
"USC00203295","GRAND HAVEN WASTEWATER PLANT, MI US","43.0618","-86.2044","182.9","2010-04","0.8","-4.4","25.0","3631.1","9.1","14.7","3.6"
"USC00203295","GRAND HAVEN WASTEWATER PLANT, MI US","43.0618","-86.2044","182.9","2010-05","27.2","-1.7","30.6","3794.8","13.9","19.0","8.8"
"USC00203295","GRAND HAVEN WASTEWATER PLANT, MI US","43.0618","-86.2044","182.9","2010-06","54.7","8.9","28.3","3828.4","18.1","22.7","13.6"
"US1MIMT0002","TRUFANT 0.1 SE, MI US","43.311641","-85.352996","257.9","2010-04",,,,,,,
"US1MIMT0002","TRUFANT 0.1 SE, MI US","43.311641","-85.352996","257.9","2010-05",,,,,,,
"USC00204257","KALKASKA, MI US","44.728","-85.1727","315.5","2010-01","0.0","-21.7","5.0","2621.1","-7.1","-3.4","-10.7"
"USC00204257","KALKASKA, MI US","44.728","-85.1727","315.5","2010-02","0.0","-20.6","3.3","3333.4","-7.1","-2.4","-11.8"
"USC00204257","KALKASKA, MI US","44.728","-85.1727","315.5","2010-03","0.0","-16.1","16.7","3854.5","1.5","9.1","-6.0"
"USC00204257","KALKASKA, MI US","44.728","-85.1727","315.5","2010-04","0.0","-5.6","27.2","4168.1","7.9","14.8","0.9"
"USC00204257","KALKASKA, MI US","44.728","-85.1727","315.5","2010-05","28.6","-5.0","31.7","4337.6","13.8","20.7","6.9"
"USC00204257","KALKASKA, MI US","44.728","-85.1727","315.5","2010-06","54.7","2.8","29.4","4402.8","17.0","22.5","11.6"
"USC00207407","SCOTTVILLE 2 SE, MI US","43.93364","-86.24508","203.0","2010-01",,,,,,,
"USC00207407","SCOTTVILLE 2 SE, MI US","43.93364","-86.24508","203.0","2010-02",,,,,,,
"USC00207407","SCOTTVILLE 2 SE, MI US","43.93364","-86.24508","203.0","2010-03",,,,,,,
"USC00207407","SCOTTVILLE 2 SE, MI US","43.93364","-86.24508","203.0","2010-04",,,,,,,
"USC00207407","SCOTTVILLE 2 SE, MI US","43.93364","-86.24508","203.0","2010-05",,,,,,,
"USC00207407","SCOTTVILLE 2 SE, MI US","43.93364","-86.24508","203.0","2010-06",,,,,,,
"USC00204258","KALKASKA 11 SE, MI US","44.5897","-85.0486","330.1","2010-01","0.0","-20.0","5.0","2679.6","-6.9","-3.2","-10.6"
"USC00204258","KALKASKA 11 SE, MI US","44.5897","-85.0486","330.1","2010-02","0.0","-21.1","5.0","3375.0","-6.5","-2.0","-11.0"
"USC00204258","KALKASKA 11 SE, MI US","44.5897","-85.0486","330.1","2010-03","0.0","-15.0","17.8","3887.5","1.8","9.5","-5.9"
"USC00204258","KALKASKA 11 SE, MI US","44.5897","-85.0486","330.1","2010-04","0.0","-5.6","28.3","4195.5","8.1","15.6","0.5"
"USC00204258","KALKASKA 11 SE, MI US","44.5897","-85.0486","330.1","2010-05","27.5","-5.6","32.2","4363.6","13.8","21.2","6.4"
"USC00204258","KALKASKA 11 SE, MI US","44.5897","-85.0486","330.1","2010-06","49.5","1.7","29.4","4432.7","16.8","22.4","11.1"
"US1MIMM0001","SPALDING 0.5 NW, MI US","45.698937","-87.5153","262.7","2010-01",,,,,,,
"US1MIMM0001","SPALDING 0.5 NW, MI US","45.698937","-87.5153","262.7","2010-04",,,,,,,
"US1MIMM0001","SPALDING 0.5 NW, MI US","45.698937","-87.5153","262.7","2010-05",,,,,,,
"US1MIMM0001","SPALDING 0.5 NW, MI US","45.698937","-87.5153","262.7","2010-06",,,,,,,
"US1MIHG0003","CHASSELL 4.0 N, MI US","47.083129","-88.526941","213.1","2010-04",,,,,,,
"US1MIHG0003","CHASSELL 4.0 N, MI US","47.083129","-88.526941","213.1","2010-05",,,,,,,
"US1MIHG0003","CHASSELL 4.0 N, MI US","47.083129","-88.526941","213.1","2010-06",,,,,,,
"USC00202094","DETOUR VILLAGE, MI US","45.9983","-83.9013","181.4","2010-01","0.0","-23.9","2.8","2467.1","-7.7","-4.2","-11.2"
"USC00202094","DETOUR VILLAGE, MI US","45.9983","-83.9013","181.4","2010-02","0.0","-14.4","2.2","3159.6","-6.4","-2.8","-9.9"
"USC00202094","DETOUR VILLAGE, MI US","45.9983","-83.9013","181.4","2010-03","0.0","-8.9","15.0","3665.4","2.0","6.9","-2.9"
"USC00202094","DETOUR VILLAGE, MI US","45.9983","-83.9013","181.4","2010-04","0.0","-3.3","17.8","4003.6","7.1","12.1","2.1"
"USC00202094","DETOUR VILLAGE, MI US","45.9983","-83.9013","181.4","2010-05","13.4","-0.6","30.0","4169.6","13.4","18.9","7.9"
"USC00202094","DETOUR VILLAGE, MI US","45.9983","-83.9013","181.4","2010-06","17.3","7.2","28.9","4239.0","16.1","20.7","11.6"
"USC00207419","SEBEWAING, MI US","43.73194","-83.45917","178.0","2010-01",,,,,,,
"USC00207419","SEBEWAING, MI US","43.73194","-83.45917","178.0","2010-02",,,,,,,
"USC00207419","SEBEWAING, MI US","43.73194","-83.45917","178.0","2010-03",,,,,,,
"USC00207419","SEBEWAING, MI US","43.73194","-83.45917","178.0","2010-04",,,,,,,
"USC00207419","SEBEWAING, MI US","43.73194","-83.45917","178.0","2010-05",,,,,,,
"USC00207419","SEBEWAING, MI US","43.73194","-83.45917","178.0","2010-06",,,,,,,
"US1MIHG0001","HOUGHTON 1.6 ESE, MI US","47.107741","-88.529386","190.8","2010-01",,,,,,,
"US1MIHG0001","HOUGHTON 1.6 ESE, MI US","47.107741","-88.529386","190.8","2010-02",,,,,,,
"US1MIHG0001","HOUGHTON 1.6 ESE, MI US","47.107741","-88.529386","190.8","2010-04",,,,,,,
"US1MIHG0001","HOUGHTON 1.6 ESE, MI US","47.107741","-88.529386","190.8","2010-05",,,,,,,
"USC00204161","JACOBSVILLE, MI US","47.0083","-88.4318","198.1","2010-01","0.0","-19.4","8.3","2784.4","-7.4","-4.0","-10.8"
"USC00204161","JACOBSVILLE, MI US","47.0083","-88.4318","198.1","2010-02","0.0","-20.6","3.3","3513.8","-7.7","-2.3","-13.2"
"USC00204161","JACOBSVILLE, MI US","47.0083","-88.4318","198.1","2010-03","0.0","-18.9","16.1","4076.5","0.2","7.0","-6.6"
"USC00204161","JACOBSVILLE, MI US","47.0083","-88.4318","198.1","2010-04","0.0","-6.7","24.4","4443.3","6.1","13.4","-1.2"
"USC00204161","JACOBSVILLE, MI US","47.0083","-88.4318","198.1","2010-05","9.8","-5.0","32.2","4685.0","10.9","18.3","3.4"
"USC00204161","JACOBSVILLE, MI US","47.0083","-88.4318","198.1","2010-06","13.7","1.1","31.1","4803.3","14.5","20.3","8.8"
"US1MIJC0010","HANOVER 4.1 E, MI US","42.092634","-84.472924","317.9","2010-01",,,,,,,
"US1MIJC0010","HANOVER 4.1 E, MI US","42.092634","-84.472924","317.9","2010-05",,,,,,,
"US1MIJC0010","HANOVER 4.1 E, MI US","42.092634","-84.472924","317.9","2010-06",,,,,,,
"USC00206220","ONTONAGON 6 SE, MI US","46.8343","-89.2074","240.8","2010-01","0.0","-23.3","7.2","2574.1","-7.2","-3.0","-11.4"
"USC00206220","ONTONAGON 6 SE, MI US","46.8343","-89.2074","240.8","2010-02","0.0","-25.0","5.6","3274.6","-6.7","-0.5","-12.9"
"USC00206220","ONTONAGON 6 SE, MI US","46.8343","-89.2074","240.8","2010-03","0.0","-19.4","23.9","3737.4","3.4","10.9","-4.1"
"USC00206220","ONTONAGON 6 SE, MI US","46.8343","-89.2074","240.8","2010-04","8.6","-7.2","27.2","4019.0","9.2","16.9","1.5"
"USC00206220","ONTONAGON 6 SE, MI US","46.8343","-89.2074","240.8","2010-05","40.5","-3.3","34.4","4185.1","14.0","21.2","6.9"
"USC00206220","ONTONAGON 6 SE, MI US","46.8343","-89.2074","240.8","2010-06","63.9","1.1","30.6","4261.8","16.6","22.2","10.9"
"USC00206583","PICKFORD 3 NE, MI US","46.1863","-84.3238","191.7","2010-01","0.0","-27.2","3.9","2678.0","-7.8","-3.0","-12.6"
"USC00206583","PICKFORD 3 NE, MI US","46.1863","-84.3238","191.7","2010-02","0.0","-22.2","5.6","3373.3","-6.5","-0.5","-12.5"
"USC00206583","PICKFORD 3 NE, MI US","46.1863","-84.3238","191.7","2010-03","0.0","-17.2","22.2","3863.5","2.5","10.7","-5.6"
"USC00206583","PICKFORD 3 NE, MI US","46.1863","-84.3238","191.7","2010-04","0.0","-6.7","27.8","4175.3","7.9","16.2","-0.3"
"USC00206583","PICKFORD 3 NE, MI US","46.1863","-84.3238","191.7","2010-05","16.9","-6.1","31.7","4342.8","13.5","21.8","5.1"
"USC00206583","PICKFORD 3 NE, MI US","46.1863","-84.3238","191.7","2010-06","28.9","0.6","27.2","4423.5","16.1","22.7","9.4"
"US1MICB0001","CHEBOYGAN 2.9 S, MI US","45.6","-84.4628","181.1","2010-01",,,,,,,
"US1MICB0001","CHEBOYGAN 2.9 S, MI US","45.6","-84.4628","181.1","2010-04",,,,,,,
"US1MICB0001","CHEBOYGAN 2.9 S, MI US","45.6","-84.4628","181.1","2010-05",,,,,,,
"US1MICB0001","CHEBOYGAN 2.9 S, MI US","45.6","-84.4628","181.1","2010-06",,,,,,,
"US1MIJC0013","HANOVER 3.8 W, MI US","42.107","-84.626","328.0","2010-01",,,,,,,
"US1MIJC0013","HANOVER 3.8 W, MI US","42.107","-84.626","328.0","2010-02",,,,,,,
"US1MIJC0013","HANOVER 3.8 W, MI US","42.107","-84.626","328.0","2010-04",,,,,,,
"US1MIJC0013","HANOVER 3.8 W, MI US","42.107","-84.626","328.0","2010-05",,,,,,,
"US1MIJC0014","RIVES JUNCTION 4.0 NW, MI US","42.41127","-84.5276","286.2","2010-01",,,,,,,
"US1MIJC0014","RIVES JUNCTION 4.0 NW, MI US","42.41127","-84.5276","286.2","2010-02",,,,,,,
"US1MIJC0014","RIVES JUNCTION 4.0 NW, MI US","42.41127","-84.5276","286.2","2010-03",,,,,,,
"US1MIJC0014","RIVES JUNCTION 4.0 NW, MI US","42.41127","-84.5276","286.2","2010-05",,,,,,,
"US1MIJC0014","RIVES JUNCTION 4.0 NW, MI US","42.41127","-84.5276","286.2","2010-06",,,,,,,
"US1MIJC0011","JACKSON 3.2 W, MI US","42.240611","-84.466918","304.2","2010-01",,,,,,,
"US1MIJC0011","JACKSON 3.2 W, MI US","42.240611","-84.466918","304.2","2010-02",,,,,,,
"US1MIJC0011","JACKSON 3.2 W, MI US","42.240611","-84.466918","304.2","2010-03",,,,,,,
"US1MIJC0011","JACKSON 3.2 W, MI US","42.240611","-84.466918","304.2","2010-04",,,,,,,
"US1MIJC0011","JACKSON 3.2 W, MI US","42.240611","-84.466918","304.2","2010-05",,,,,,,
"US1MIJC0011","JACKSON 3.2 W, MI US","42.240611","-84.466918","304.2","2010-06",,,,,,,
"US1MICX0004","CHARLEVOIX 4.3 SSE, MI US","45.2572","-85.2165","235.3","2010-01",,,,,,,
"US1MICX0004","CHARLEVOIX 4.3 SSE, MI US","45.2572","-85.2165","235.3","2010-02",,,,,,,
"US1MICX0004","CHARLEVOIX 4.3 SSE, MI US","45.2572","-85.2165","235.3","2010-03",,,,,,,
"US1MICX0004","CHARLEVOIX 4.3 SSE, MI US","45.2572","-85.2165","235.3","2010-04",,,,,,,
"US1MICX0004","CHARLEVOIX 4.3 SSE, MI US","45.2572","-85.2165","235.3","2010-05",,,,,,,
"US1MICX0004","CHARLEVOIX 4.3 SSE, MI US","45.2572","-85.2165","235.3","2010-06",,,,,,,
"USC00204399","KINGSLEY 2 WSW, MI US","44.5694","-85.5722","330.7","2010-01","0.0","-18.9","6.1","2307.2","-5.1","-1.8","-8.4"
"USC00204399","KINGSLEY 2 WSW, MI US","44.5694","-85.5722","330.7","2010-02","0.0","-18.3","7.2","2921.7","-4.4","0.3","-9.2"
"USC00204399","KINGSLEY 2 WSW, MI US","44.5694","-85.5722","330.7","2010-03","0.0","-15.6","25.6","3356.9","4.3","11.9","-3.3"
"USC00204399","KINGSLEY 2 WSW, MI US","44.5694","-85.5722","330.7","2010-04","7.8","-4.4","28.3","3598.0","10.6","18.2","2.9"
"USC00204399","KINGSLEY 2 WSW, MI US","44.5694","-85.5722","330.7","2010-05","47.8","-4.4","32.2","3730.2","15.4","23.0","7.7"
"USC00204399","KINGSLEY 2 WSW, MI US","44.5694","-85.5722","330.7","2010-06","88.8","4.4","30.0","3766.3","18.5","24.5","12.5"
"USC00205488","MILLINGTON 3 SE, MI US","43.2836","-83.4791","249.9","2010-01",,,,,,,
"USC00205488","MILLINGTON 3 SE, MI US","43.2836","-83.4791","249.9","2010-02",,,,,,,
"USC00205488","MILLINGTON 3 SE, MI US","43.2836","-83.4791","249.9","2010-03",,,,,,,
"USC00205488","MILLINGTON 3 SE, MI US","43.2836","-83.4791","249.9","2010-04",,,,,,,
"USC00205488","MILLINGTON 3 SE, MI US","43.2836","-83.4791","249.9","2010-05",,,,,,,
"USC00205488","MILLINGTON 3 SE, MI US","43.2836","-83.4791","249.9","2010-06",,,,,,,
"US1MICX0002","BEAVER ISLAND 5.9 NNW, MI US","45.74985016","-85.51033475","181.1","2010-02",,,,,,,
"US1MICX0002","BEAVER ISLAND 5.9 NNW, MI US","45.74985016","-85.51033475","181.1","2010-03",,,,,,,
"US1MICX0002","BEAVER ISLAND 5.9 NNW, MI US","45.74985016","-85.51033475","181.1","2010-05",,,,,,,
"US1MICX0002","BEAVER ISLAND 5.9 NNW, MI US","45.74985016","-85.51033475","181.1","2010-06",,,,,,,
"USC00207308","SALINE WWTP, MI US","42.1611","-83.7819","228.6","2010-01","0.0","-16.7","8.9",,"-4.5","-0.7","-8.2"
"USC00207308","SALINE WWTP, MI US","42.1611","-83.7819","228.6","2010-02","0.0","-15.6","7.8",,"-3.4","1.1","-7.9"
"USC00207308","SALINE WWTP, MI US","42.1611","-83.7819","228.6","2010-03","0.0","-8.9","19.4",,"4.2","11.0","-2.6"
"USC00207308","SALINE WWTP, MI US","42.1611","-83.7819","228.6","2010-04","0.0","-1.7","28.9",,"11.0","19.1","3.0"
"USC00207308","SALINE WWTP, MI US","42.1611","-83.7819","228.6","2010-05","35.3","1.1","32.8",,"16.4","23.0","9.7"
"USC00207308","SALINE WWTP, MI US","42.1611","-83.7819","228.6","2010-06","149.3","9.4","33.3",,"22.3","28.4","16.2"
"USC00203188","GLENNIE 2 SE, MI US","44.5358","-83.7022","272.5","2010-01","0.0","-20.6","5.0","2561.9","-6.7","-2.7","-10.7"
"USC00203188","GLENNIE 2 SE, MI US","44.5358","-83.7022","272.5","2010-02","0.0","-15.0","4.4","3234.4","-5.7","-0.9","-10.4"
"USC00203188","GLENNIE 2 SE, MI US","44.5358","-83.7022","272.5","2010-03","0.0","-11.1","18.3","3732.3","2.3","9.2","-4.6"
"USC00203188","GLENNIE 2 SE, MI US","44.5358","-83.7022","272.5","2010-04","0.6","-6.1","27.8","4032.7","8.0","15.9","0.1"
"USC00203188","GLENNIE 2 SE, MI US","44.5358","-83.7022","272.5","2010-05","15.6","-2.2","30.6","4200.1","13.4","20.9","5.9"
"USC00203188","GLENNIE 2 SE, MI US","44.5358","-83.7022","272.5","2010-06","33.6","3.9","30.0","4251.0","17.2","23.3","11.2"
"USR0000MDOE","DOE LAKE MICHIGAN, MI US","46.2536","-86.7142","248.4","2010-01","0.0","-22.2","6.7","2862.9","-7.1","-3.4","-10.7"
"USR0000MDOE","DOE LAKE MICHIGAN, MI US","46.2536","-86.7142","248.4","2010-02","0.0","-23.9","8.3","3542.7","-5.9","-0.8","-11.1"
"USR0000MDOE","DOE LAKE MICHIGAN, MI US","46.2536","-86.7142","248.4","2010-03","0.0","-20.0","17.2","4076.0","1.1","9.1","-6.8"
"USR0000MDOE","DOE LAKE MICHIGAN, MI US","46.2536","-86.7142","248.4","2010-04","0.0","-8.3","25.6","4403.0","6.5","14.5","-1.5"
"USR0000MDOE","DOE LAKE MICHIGAN, MI US","46.2536","-86.7142","248.4","2010-05","18.7","-9.4","32.8","4600.2","12.2","20.1","4.2"
"US1MIGR0001","BRECKENRIDGE 0.2 ESE, MI US","43.40691757","-84.4745636","223.1","2010-03",,,,,,,
"US1MIGR0001","BRECKENRIDGE 0.2 ESE, MI US","43.40691757","-84.4745636","223.1","2010-04",,,,,,,
"USC00205382","MENOMINEE NUMBER 2, MI US","45.111","-87.6117","180.1","2010-02",,,,,,,
"USC00205382","MENOMINEE NUMBER 2, MI US","45.111","-87.6117","180.1","2010-03",,,,,,,
"USC00205382","MENOMINEE NUMBER 2, MI US","45.111","-87.6117","180.1","2010-04",,,,,,,
"USC00205382","MENOMINEE NUMBER 2, MI US","45.111","-87.6117","180.1","2010-05",,,,,,,
"USC00205382","MENOMINEE NUMBER 2, MI US","45.111","-87.6117","180.1","2010-06",,,,,,,
"USC00208772","WELLSTON TIPPY DAM, MI US","44.2586","-85.9394","198.1","2010-01",,,,,,,
"USC00208772","WELLSTON TIPPY DAM, MI US","44.2586","-85.9394","198.1","2010-02",,,,,,,
"USC00208772","WELLSTON TIPPY DAM, MI US","44.2586","-85.9394","198.1","2010-03",,,,,,,
"USC00208772","WELLSTON TIPPY DAM, MI US","44.2586","-85.9394","198.1","2010-04",,,,,,,
"USC00208772","WELLSTON TIPPY DAM, MI US","44.2586","-85.9394","198.1","2010-05",,,,,,,
"USC00208772","WELLSTON TIPPY DAM, MI US","44.2586","-85.9394","198.1","2010-06",,,,,,,
"USC00207320","SAMARIA, MI US","41.8069","-83.583","198.7","2010-01","0.0","-18.3","9.4",,"-5.0","-0.9","-9.0"
"USC00207320","SAMARIA, MI US","41.8069","-83.583","198.7","2010-02","0.0","-15.0","6.1",,"-3.5","0.8","-7.9"
"USC00207320","SAMARIA, MI US","41.8069","-83.583","198.7","2010-03","0.0","-8.9","20.0",,"3.5","10.1","-3.0"
"USC00207320","SAMARIA, MI US","41.8069","-83.583","198.7","2010-04",,,,,,,
"USC00207320","SAMARIA, MI US","41.8069","-83.583","198.7","2010-06",,,,,,,
"USC00207684","SOUTH BOARDMAN 2 W, MI US","44.6391","-85.325","318.8","2010-01",,"-20.0",,,,,"-8.9"
"USC00207684","SOUTH BOARDMAN 2 W, MI US","44.6391","-85.325","318.8","2010-02",,"-20.0","5.6",,"-5.6","-1.5","-9.7"
"USC00207684","SOUTH BOARDMAN 2 W, MI US","44.6391","-85.325","318.8","2010-03",,"-15.0","25.0",,"3.3","11.1","-4.5"
"USC00207684","SOUTH BOARDMAN 2 W, MI US","44.6391","-85.325","318.8","2010-04",,"-5.6","28.3",,"9.3","16.7","1.9"
"USC00207684","SOUTH BOARDMAN 2 W, MI US","44.6391","-85.325","318.8","2010-05",,"-5.6","33.3",,"14.2","21.7","6.7"
"USC00207684","SOUTH BOARDMAN 2 W, MI US","44.6391","-85.325","318.8","2010-06",,"2.2","30.0",,"17.6","23.9","11.3"
"USC00208774","WELLSTON 1 N, MI US","44.2294","-85.9572","235.6","2010-01","0.0","-19.4","6.7","2262.2","-4.5","-1.0","-8.0"
"USC00208774","WELLSTON 1 N, MI US","44.2294","-85.9572","235.6","2010-02","0.0","-18.3","7.8","2874.9","-3.6","1.1","-8.2"
"USC00208774","WELLSTON 1 N, MI US","44.2294","-85.9572","235.6","2010-03","0.0","-13.3","18.9","3330.2","3.6","11.6","-4.3"
"USC00208774","WELLSTON 1 N, MI US","44.2294","-85.9572","235.6","2010-04","3.0","-5.6","28.3","3571.0","10.4","18.0","2.8"
"USC00208774","WELLSTON 1 N, MI US","44.2294","-85.9572","235.6","2010-05","51.3","-4.4","36.1","3700.2","15.7","23.5","7.9"
"USC00208774","WELLSTON 1 N, MI US","44.2294","-85.9572","235.6","2010-06","107.9","2.2","31.1","3732.9","19.1","25.3","13.0"
"USC00208653","WASHINGTON TOWNSHIP, MI US","42.7256","-83.0394","228.6","2010-03",,,,,,,
"USC00208653","WASHINGTON TOWNSHIP, MI US","42.7256","-83.0394","228.6","2010-04",,,,,,,
"USC00208653","WASHINGTON TOWNSHIP, MI US","42.7256","-83.0394","228.6","2010-05",,,,,,,
"USC00208653","WASHINGTON TOWNSHIP, MI US","42.7256","-83.0394","228.6","2010-06",,,,,,,
"USC00208890","WHITE CLOUD 9 E, MI US","43.5491","-85.5841","263.7","2010-01","0.0","-22.2","5.0","2484.4","-6.6","-2.7","-10.6"
"USC00208890","WHITE CLOUD 9 E, MI US","43.5491","-85.5841","263.7","2010-02","0.0","-18.3","4.4","3103.0","-5.6","-0.8","-10.4"
"USC00208890","WHITE CLOUD 9 E, MI US","43.5491","-85.5841","263.7","2010-03","0.0","-11.7","17.2","3584.4","2.4","9.9","-5.2"
"USC00208890","WHITE CLOUD 9 E, MI US","43.5491","-85.5841","263.7","2010-04","0.0","-5.6","27.2","3887.4","8.2","16.3","0.2"
"USC00208890","WHITE CLOUD 9 E, MI US","43.5491","-85.5841","263.7","2010-05","21.1","-3.9","30.6","4059.4","13.5","20.4","6.5"
"USC00208890","WHITE CLOUD 9 E, MI US","43.5491","-85.5841","263.7","2010-06","47.0","4.4","28.9","4109.9","17.5","23.6","11.4"
"USC00200925","BOYNE FALLS, MI US","45.1672","-84.9138","221.9","2010-01","0.0","-22.2","6.1","2246.2","-5.4","-1.8","-9.0"
"USC00200925","BOYNE FALLS, MI US","45.1672","-84.9138","221.9","2010-02","0.0","-19.4","5.6","2903.6","-5.1","-0.5","-9.8"
"USC00200925","BOYNE FALLS, MI US","45.1672","-84.9138","221.9","2010-03","0.0","-13.9","26.1","3345.4","4.1","12.1","-4.0"
"USC00200925","BOYNE FALLS, MI US","45.1672","-84.9138","221.9","2010-04","9.6","-4.4","30.0","3583.0","10.7","18.6","2.9"
"USC00200925","BOYNE FALLS, MI US","45.1672","-84.9138","221.9","2010-05","72.9","-4.4","35.0","3709.4","16.3","24.0","8.6"
"USC00200925","BOYNE FALLS, MI US","45.1672","-84.9138","221.9","2010-06","120.3","3.9","31.1","3741.7","18.8","25.0","12.7"
"USC00205258","MCKINLEY, MI US","44.6447","-83.9375","276.5","2010-04",,"-6.7","27.8",,"7.5","16.2","-1.3"
"USC00205258","MCKINLEY, MI US","44.6447","-83.9375","276.5","2010-05",,"-5.0","32.2",,"12.8","21.3","4.3"
"USC00205258","MCKINLEY, MI US","44.6447","-83.9375","276.5","2010-06",,"2.2","28.3",,"16.0","23.0","9.0"
"USC00206587","PINCONNING WWTP, MI US","43.85667","-83.95611","178.9","2010-01","0.0","-17.8","5.6",,"-5.1","-1.3","-8.9"
"USC00206587","PINCONNING WWTP, MI US","43.85667","-83.95611","178.9","2010-02",,,"6.1",,,"0.6",
"USC00206587","PINCONNING WWTP, MI US","43.85667","-83.95611","178.9","2010-03",,,"18.9",,,"8.9",
"USC00206587","PINCONNING WWTP, MI US","43.85667","-83.95611","178.9","2010-04",,,"28.9",,,"16.5",
"USC00206587","PINCONNING WWTP, MI US","43.85667","-83.95611","178.9","2010-05",,,"32.8",,,"21.3",
"USC00206587","PINCONNING WWTP, MI US","43.85667","-83.95611","178.9","2010-06",,,"32.2",,,"25.5",
"USC00203078","GARDEN CORNERS, MI US","45.8983","-86.5485","178.9","2010-01",,,,,,,
"USC00203078","GARDEN CORNERS, MI US","45.8983","-86.5485","178.9","2010-02",,,,,,,
"USC00203078","GARDEN CORNERS, MI US","45.8983","-86.5485","178.9","2010-03",,,,,,,
"USC00203078","GARDEN CORNERS, MI US","45.8983","-86.5485","178.9","2010-04",,,,,,,
"USC00203078","GARDEN CORNERS, MI US","45.8983","-86.5485","178.9","2010-05",,,,,,,
"USC00203078","GARDEN CORNERS, MI US","45.8983","-86.5485","178.9","2010-06",,,,,,,
"USC00207312","SALINE 4 SW, MI US","42.1236","-83.8199","256.0","2010-01","0.0","-18.9","7.2","2180.3","-5.9","-2.3","-9.5"
"USC00207312","SALINE 4 SW, MI US","42.1236","-83.8199","256.0","2010-02","0.0","-14.4","7.2","2814.8","-4.3","-0.5","-8.2"
"USC00207312","SALINE 4 SW, MI US","42.1236","-83.8199","256.0","2010-03","0.0","-8.9","19.4","3257.8","4.0","10.3","-2.2"
"USC00207312","SALINE 4 SW, MI US","42.1236","-83.8199","256.0","2010-04","0.6","-4.4","27.8","3495.5","10.4","17.8","3.1"
"USC00207312","SALINE 4 SW, MI US","42.1236","-83.8199","256.0","2010-05","29.1","-1.7","31.1","3614.8","15.1","21.4","8.9"
"USC00207312","SALINE 4 SW, MI US","42.1236","-83.8199","256.0","2010-06","105.1","7.2","32.2","3628.4","20.5","26.8","14.1"
"USC00206228","ONTONAGON 8 WSW, MI US","46.8374","-89.4833","186.8","2010-01",,,,,,,
"USC00206228","ONTONAGON 8 WSW, MI US","46.8374","-89.4833","186.8","2010-02",,,,,,,
"USC00206228","ONTONAGON 8 WSW, MI US","46.8374","-89.4833","186.8","2010-03",,,,,,,
"USC00206228","ONTONAGON 8 WSW, MI US","46.8374","-89.4833","186.8","2010-04",,,,,,,
"USC00206228","ONTONAGON 8 WSW, MI US","46.8374","-89.4833","186.8","2010-05",,,,,,,
"USC00206228","ONTONAGON 8 WSW, MI US","46.8374","-89.4833","186.8","2010-06",,,,,,,
"USC00205390","MERRILL 1 N, MI US","43.4155","-83.2894","203.6","2010-01","0.0","-18.9","6.1","2262.2","-6.2","-1.9","-10.5"
"USC00205390","MERRILL 1 N, MI US","43.4155","-83.2894","203.6","2010-02","0.0","-16.1","3.9","2875.1","-5.3","-0.1","-10.5"
"USC00205390","MERRILL 1 N, MI US","43.4155","-83.2894","203.6","2010-03","0.0","-10.0","18.9","3332.7","3.1","9.9","-3.8"
"USC00205390","MERRILL 1 N, MI US","43.4155","-83.2894","203.6","2010-04",,,,,,,
"USC00205390","MERRILL 1 N, MI US","43.4155","-83.2894","203.6","2010-05",,"-1.7","32.2",,"16.6","23.1","10.2"
"USC00205390","MERRILL 1 N, MI US","43.4155","-83.2894","203.6","2010-06",,,,,,,
"USC00205276","MCMILLAN 2 S, MI US","46.3023","-85.6888","251.5","2010-01",,,,,,,
"USC00205276","MCMILLAN 2 S, MI US","46.3023","-85.6888","251.5","2010-02",,,,,,,
"USC00205276","MCMILLAN 2 S, MI US","46.3023","-85.6888","251.5","2010-03",,,,,,,
"USC00205276","MCMILLAN 2 S, MI US","46.3023","-85.6888","251.5","2010-05",,,,,,,
"USC00205276","MCMILLAN 2 S, MI US","46.3023","-85.6888","251.5","2010-06",,,,,,,
"USC00207690","SOUTH HAVEN, MI US","42.4014","-86.2826","179.8","2010-01","0.0","-15.0","8.9","1851.2","-3.0","-0.3","-5.8"
"USC00207690","SOUTH HAVEN, MI US","42.4014","-86.2826","179.8","2010-02","0.0","-9.4","4.4","2411.5","-1.7","0.4","-3.8"
"USC00207690","SOUTH HAVEN, MI US","42.4014","-86.2826","179.8","2010-03","0.0","-6.7","25.0","2823.3","5.1","9.4","0.7"
"USC00207690","SOUTH HAVEN, MI US","42.4014","-86.2826","179.8","2010-04","8.6","1.1","28.3","3017.6","12.1","17.7","6.6"
"USC00207690","SOUTH HAVEN, MI US","42.4014","-86.2826","179.8","2010-05","45.6","0.6","31.7","3125.1","16.1","21.4","10.7"
"USC00207690","SOUTH HAVEN, MI US","42.4014","-86.2826","179.8","2010-06","133.7","10.0","31.7","3136.8","20.9","25.8","15.9"
"US1MILV0002","HOWELL 2.2 ENE, MI US","42.626864","-83.899035","282.9","2010-04",,,,,,,
"USC00203096","GAYLORD, MI US","45.0332","-84.7113","401.7","2010-01","0.0","-22.8","5.0","2576.6","-7.3","-4.1","-10.5"
"USC00203096","GAYLORD, MI US","45.0332","-84.7113","401.7","2010-02","0.0","-16.7","2.8","3288.4","-7.1","-2.9","-11.3"
"USC00203096","GAYLORD, MI US","45.0332","-84.7113","401.7","2010-03","0.0","-13.3","16.7","3785.1","2.3","8.7","-4.1"
"USC00203096","GAYLORD, MI US","45.0332","-84.7113","401.7","2010-04","1.4","-3.9","27.2","4078.5","8.6","14.9","2.3"
"USC00203096","GAYLORD, MI US","45.0332","-84.7113","401.7","2010-05","33.4","-3.3","33.3","4233.2","14.4","20.8","8.1"
"USC00203096","GAYLORD, MI US","45.0332","-84.7113","401.7","2010-06","57.2","5.6","30.0","4296.9","17.0","21.9","12.1"
"US1MIOG0002","WEST BRANCH 1.1 NE, MI US","44.286448","-84.218655","293.2","2010-01",,,,,,,
"US1MIOG0002","WEST BRANCH 1.1 NE, MI US","44.286448","-84.218655","293.2","2010-02",,,,,,,
"US1MIOG0002","WEST BRANCH 1.1 NE, MI US","44.286448","-84.218655","293.2","2010-03",,,,,,,
"US1MIOG0002","WEST BRANCH 1.1 NE, MI US","44.286448","-84.218655","293.2","2010-04",,,,,,,
"US1MIOG0002","WEST BRANCH 1.1 NE, MI US","44.286448","-84.218655","293.2","2010-05",,,,,,,
"US1MIOG0002","WEST BRANCH 1.1 NE, MI US","44.286448","-84.218655","293.2","2010-06",,,,,,,
"US1MIMS0001","SCOTTVILLE 6.6 NNW, MI US","44.035312","-86.340031","209.7","2010-01",,,,,,,
"US1MIMS0001","SCOTTVILLE 6.6 NNW, MI US","44.035312","-86.340031","209.7","2010-02",,,,,,,
"US1MIMS0001","SCOTTVILLE 6.6 NNW, MI US","44.035312","-86.340031","209.7","2010-04",,,,,,,
"US1MIMS0001","SCOTTVILLE 6.6 NNW, MI US","44.035312","-86.340031","209.7","2010-06",,,,,,,
"US1MIEM0001","PETOSKEY 1.7 ENE, MI US","45.3717","-84.922","230.7","2010-03",,,,,,,
"US1MIEM0001","PETOSKEY 1.7 ENE, MI US","45.3717","-84.922","230.7","2010-04",,,,,,,
"US1MIEM0001","PETOSKEY 1.7 ENE, MI US","45.3717","-84.922","230.7","2010-05",,,,,,,
"US1MIEM0001","PETOSKEY 1.7 ENE, MI US","45.3717","-84.922","230.7","2010-06",,,,,,,
"US1MICP0003","SAULT STE. MARIE 7.1 SSW, MI US","46.3854","-84.4031","199.9","2010-04",,,,,,,
"US1MICP0003","SAULT STE. MARIE 7.1 SSW, MI US","46.3854","-84.4031","199.9","2010-06",,,,,,,
"USC00208779","WEST BLOOMFIELD, MI US","42.5413","-83.343","271.3","2010-01",,,,,,,
"USC00208779","WEST BLOOMFIELD, MI US","42.5413","-83.343","271.3","2010-02",,,,,,,
"USC00208779","WEST BLOOMFIELD, MI US","42.5413","-83.343","271.3","2010-03",,,,,,,
"USC00208779","WEST BLOOMFIELD, MI US","42.5413","-83.343","271.3","2010-04",,,,,,,
"USC00208779","WEST BLOOMFIELD, MI US","42.5413","-83.343","271.3","2010-05",,,,,,,
"USC00208779","WEST BLOOMFIELD, MI US","42.5413","-83.343","271.3","2010-06",,,,,,,
"USC00208417","VANDERBILT 11 ENE, MI US","45.1702","-84.4397","275.8","2010-01","0.0","-16.7","6.7","2412.8","-4.3","-0.9","-7.7"
"USC00208417","VANDERBILT 11 ENE, MI US","45.1702","-84.4397","275.8","2010-02",,,,,,,
"USC00208417","VANDERBILT 11 ENE, MI US","45.1702","-84.4397","275.8","2010-03",,,,,,,
"USC00208417","VANDERBILT 11 ENE, MI US","45.1702","-84.4397","275.8","2010-04",,"-6.7","28.3",,"7.4","15.9","-1.1"
"USC00208417","VANDERBILT 11 ENE, MI US","45.1702","-84.4397","275.8","2010-05",,"-6.1","33.3",,"13.7","21.8","5.6"
"USC00208417","VANDERBILT 11 ENE, MI US","45.1702","-84.4397","275.8","2010-06",,"1.1","30.6",,"16.0","22.6","9.4"
"USC00207222","SAGINAW NUMBER 3, MI US","43.4122","-83.9561","182.9","2010-01","0.0","-17.8","8.3","2082.2","-5.2","-1.7","-8.7"
"USC00207222","SAGINAW NUMBER 3, MI US","43.4122","-83.9561","182.9","2010-02","0.0","-13.9","5.0","2613.6","-3.9","-0.1","-7.6"
"USC00207222","SAGINAW NUMBER 3, MI US","43.4122","-83.9561","182.9","2010-03","0.0","-8.9","20.0","3044.7","3.9","10.0","-2.2"
"USC00207222","SAGINAW NUMBER 3, MI US","43.4122","-83.9561","182.9","2010-04","7.3","-2.2","28.3","3258.9","11.0","17.6","4.4"
"USC00207222","SAGINAW NUMBER 3, MI US","43.4122","-83.9561","182.9","2010-05","52.3","0.0","32.2","3363.8","16.5","22.5","10.5"
"USC00207222","SAGINAW NUMBER 3, MI US","43.4122","-83.9561","182.9","2010-06","138.1","8.9","31.7","3377.1","20.8","26.0","15.5"
"US1MISW0005","DURAND 6.2 WNW, MI US","42.9299547","-84.1046428","249.9","2010-01",,,,,,,
"US1MISW0005","DURAND 6.2 WNW, MI US","42.9299547","-84.1046428","249.9","2010-02",,,,,,,
"US1MISW0005","DURAND 6.2 WNW, MI US","42.9299547","-84.1046428","249.9","2010-03",,,,,,,
"US1MISW0005","DURAND 6.2 WNW, MI US","42.9299547","-84.1046428","249.9","2010-05",,,,,,,
"US1MISW0005","DURAND 6.2 WNW, MI US","42.9299547","-84.1046428","249.9","2010-06",,,,,,,
"USC00206012","NW MICHIGAN RESEARCH FARM, MI US","44.883","-85.6752","249.9","2010-01","0.0","-13.3","6.1","2137.5","-4.1","-1.9","-6.2"
"USC00206012","NW MICHIGAN RESEARCH FARM, MI US","44.883","-85.6752","249.9","2010-02","0.0","-11.1","5.6","2756.5","-3.8","-1.1","-6.4"
"USC00206012","NW MICHIGAN RESEARCH FARM, MI US","44.883","-85.6752","249.9","2010-03","0.0","-8.3","16.7","3210.9","3.7","8.7","-1.3"
"USC00206012","NW MICHIGAN RESEARCH FARM, MI US","44.883","-85.6752","249.9","2010-04","2.8","-1.7","27.8","3461.5","9.8","15.1","4.4"
"USC00206012","NW MICHIGAN RESEARCH FARM, MI US","44.883","-85.6752","249.9","2010-05","42.4","0.0","32.2","3594.0","15.2","20.8","9.7"
"USC00206012","NW MICHIGAN RESEARCH FARM, MI US","44.883","-85.6752","249.9","2010-06","73.8","7.8","31.7","3637.1","17.9","22.3","13.5"
"USC00207580","SKANEE, MI US","46.879","-88.2184","192.0","2010-01",,,,,,,
"USC00207580","SKANEE, MI US","46.879","-88.2184","192.0","2010-02",,,,,,,
"USC00207580","SKANEE, MI US","46.879","-88.2184","192.0","2010-03",,,,,,,
"USC00207580","SKANEE, MI US","46.879","-88.2184","192.0","2010-04",,,,,,,
"USC00207580","SKANEE, MI US","46.879","-88.2184","192.0","2010-05",,,,,,,
"USC00207580","SKANEE, MI US","46.879","-88.2184","192.0","2010-06",,,,,,,
"US1MISW0001","OWOSSO 4.6 SW, MI US","42.956041","-84.248723","239.9","2010-06",,,,,,,
"US1MIJC0007","JACKSON 1.2 ENE, MI US","42.248449","-84.383023","292.3","2010-01",,,,,,,
"US1MIJC0007","JACKSON 1.2 ENE, MI US","42.248449","-84.383023","292.3","2010-02",,,,,,,
"US1MIJC0007","JACKSON 1.2 ENE, MI US","42.248449","-84.383023","292.3","2010-06",,,,,,,
"US1MICP0005","PARADISE 0.1 N, MI US","46.628867","-85.037118","189.0","2010-01",,,,,,,
"US1MICP0005","PARADISE 0.1 N, MI US","46.628867","-85.037118","189.0","2010-02",,,,,,,
"US1MICP0005","PARADISE 0.1 N, MI US","46.628867","-85.037118","189.0","2010-03",,,,,,,
"US1MICP0005","PARADISE 0.1 N, MI US","46.628867","-85.037118","189.0","2010-04",,,,,,,
"US1MICP0005","PARADISE 0.1 N, MI US","46.628867","-85.037118","189.0","2010-05",,,,,,,
"USW00054810","CHATHAM 1 SE, MI US","46.3345","-86.92","266.7","2010-01","0.0","-19.4","3.5","2767.5","-7.0","-3.9","-10.2"
"USW00054810","CHATHAM 1 SE, MI US","46.3345","-86.92","266.7","2010-02","0.0","-22.2","2.7","3449.8","-6.0","-2.1","-9.9"
"USW00054810","CHATHAM 1 SE, MI US","46.3345","-86.92","266.7","2010-03","0.0","-19.8","16.3","3980.4","1.2","7.7","-5.3"
"USW00054810","CHATHAM 1 SE, MI US","46.3345","-86.92","266.7","2010-04","0.0","-4.5","24.7","4321.8","6.9","13.5","0.4"
"USW00054810","CHATHAM 1 SE, MI US","46.3345","-86.92","266.7","2010-05","15.1","-5.5","31.8","4523.8","12.3","19.2","5.4"
"USW00054810","CHATHAM 1 SE, MI US","46.3345","-86.92","266.7","2010-06","22.3","0.9","28.1","4643.1","14.6","19.7","9.5"
"USW00054813","MUNSING LAKESHORE, MI US","46.412036","-86.650452","186.5","2010-01","0.0","-15.5","4.4","2501.7","-5.2","-2.4","-8.1"
"USW00054813","MUNSING LAKESHORE, MI US","46.412036","-86.650452","186.5","2010-02","0.0","-18.2","1.7","3145.3","-4.6","-1.4","-7.9"
"USW00054813","MUNSING LAKESHORE, MI US","46.412036","-86.650452","186.5","2010-03","0.0","-13.8","17.2","3657.3","1.8","6.9","-3.2"
"USW00054813","MUNSING LAKESHORE, MI US","46.412036","-86.650452","186.5","2010-04","0.6","-3.8","26.7","3984.0","7.5","12.8","2.1"
"USW00054813","MUNSING LAKESHORE, MI US","46.412036","-86.650452","186.5","2010-05","22.0","-3.2","33.3","4184.0","12.6","18.2","6.9"
"USW00054813","MUNSING LAKESHORE, MI US","46.412036","-86.650452","186.5","2010-06","29.5","1.7","30.0","4297.8","14.8","19.2","10.4"
"US1MISN0001","BROWN CITY 0.7 ESE, MI US","43.206959","-82.976599","245.1","2010-02",,,,,,,
"US1MISN0001","BROWN CITY 0.7 ESE, MI US","43.206959","-82.976599","245.1","2010-04",,,,,,,
"US1MISN0001","BROWN CITY 0.7 ESE, MI US","43.206959","-82.976599","245.1","2010-05",,,,,,,
"US1MISN0001","BROWN CITY 0.7 ESE, MI US","43.206959","-82.976599","245.1","2010-06",,,,,,,
"USC00203099","GAYLORD 9 SSW, MI US","44.90715","-84.71891","447.4","2010-01","0.0","-21.7","4.4","2621.4","-7.4","-4.3","-10.5"
"USC00203099","GAYLORD 9 SSW, MI US","44.90715","-84.71891","447.4","2010-02","0.0","-15.0","2.2","3328.7","-6.9","-3.5","-10.4"
"USC00203099","GAYLORD 9 SSW, MI US","44.90715","-84.71891","447.4","2010-03","0.0","-11.7","16.1","3812.2","2.7","8.6","-3.1"
"USC00203099","GAYLORD 9 SSW, MI US","44.90715","-84.71891","447.4","2010-04","1.4","-4.4","27.2","4106.3","8.6","14.8","2.4"
"USC00203099","GAYLORD 9 SSW, MI US","44.90715","-84.71891","447.4","2010-05","35.0","-3.3","32.2","4266.0","14.3","20.4","8.2"
"USC00203099","GAYLORD 9 SSW, MI US","44.90715","-84.71891","447.4","2010-06","56.1","5.0","30.0","4336.2","16.7","21.8","11.6"
"USC00206007","NORTHPORT 2 W, MI US","45.1322","-85.6472","227.4","2010-01","0.0","-14.4","5.6","2178.6","-4.0","-1.5","-6.5"
"USC00206007","NORTHPORT 2 W, MI US","45.1322","-85.6472","227.4","2010-02","0.0","-12.2","3.9","2798.2","-3.8","-0.9","-6.7"
"USC00206007","NORTHPORT 2 W, MI US","45.1322","-85.6472","227.4","2010-03","0.0","-9.4","15.0","3289.1","2.5","7.2","-2.2"
"USC00206007","NORTHPORT 2 W, MI US","45.1322","-85.6472","227.4","2010-04","1.4","-3.3","26.7","3583.8","8.6","14.0","3.2"
"USC00206007","NORTHPORT 2 W, MI US","45.1322","-85.6472","227.4","2010-05","22.0","-2.2","30.6","3749.6","13.6","18.8","8.5"
"USC00206007","NORTHPORT 2 W, MI US","45.1322","-85.6472","227.4","2010-06","35.7","6.1","28.9","3816.5","16.6","20.9","12.2"
"USC00201250","CARLETON 2 W, MI US","42.0636","-83.4358","191.1","2010-01","0.0","-20.0","10.0","2013.3","-4.7","-1.4","-7.9"
"USC00201250","CARLETON 2 W, MI US","42.0636","-83.4358","191.1","2010-02","0.0","-17.8","5.0","2613.7","-3.1","0.1","-6.4"
"USC00201250","CARLETON 2 W, MI US","42.0636","-83.4358","191.1","2010-03","0.0","-7.8","20.6","3037.7","4.6","10.5","-1.2"
"USC00201250","CARLETON 2 W, MI US","42.0636","-83.4358","191.1","2010-04","1.4","-3.3","27.8","3243.1","11.5","18.4","4.7"
"USC00201250","CARLETON 2 W, MI US","42.0636","-83.4358","191.1","2010-05","38.6","0.0","30.0","3344.6","16.3","21.6","10.9"
"USC00201250","CARLETON 2 W, MI US","42.0636","-83.4358","191.1","2010-06","129.6","9.4","31.1","3353.5","21.1","26.1","16.1"
"USC00201492","CHEBOYGAN, MI US","45.65225","-84.47239","177.4","2010-01","0.0","-19.4","6.7",,"-5.6","-1.9","-9.4"
"USC00201492","CHEBOYGAN, MI US","45.65225","-84.47239","177.4","2010-02","0.0","-15.0","3.9",,"-5.6","-0.9","-10.3"
"USC00201492","CHEBOYGAN, MI US","45.65225","-84.47239","177.4","2010-03","0.0","-12.8","15.0",,"1.5","7.4","-4.4"
"USC00201492","CHEBOYGAN, MI US","45.65225","-84.47239","177.4","2010-04","0.0","-2.8","26.1",,"7.7","14.2","1.3"
"USC00201492","CHEBOYGAN, MI US","45.65225","-84.47239","177.4","2010-05","10.1","-1.7","28.9",,"13.2","18.9","7.5"
"USC00201492","CHEBOYGAN, MI US","45.65225","-84.47239","177.4","2010-06","22.1","4.4","28.3",,"16.3","21.4","11.3"
"US1MIOC0002","MONTAGUE 8.1 NW, MI US","43.5","-86.47","224.6","2010-02",,,,,,,
"US1MIOC0002","MONTAGUE 8.1 NW, MI US","43.5","-86.47","224.6","2010-03",,,,,,,
"US1MIOC0002","MONTAGUE 8.1 NW, MI US","43.5","-86.47","224.6","2010-04",,,,,,,
"US1MIOC0002","MONTAGUE 8.1 NW, MI US","43.5","-86.47","224.6","2010-05",,,,,,,
"US1MIOC0002","MONTAGUE 8.1 NW, MI US","43.5","-86.47","224.6","2010-06",,,,,,,
"USW00014853","DETROIT WILLOW RUN AIRPORT, MI US","42.23666","-83.52638","215.7","2010-01","0.0","-18.2","8.9","2046.7","-4.3","-1.2","-7.5"
"USW00014853","DETROIT WILLOW RUN AIRPORT, MI US","42.23666","-83.52638","215.7","2010-02","0.0","-13.8","6.7","2643.3","-3.0","0.3","-6.3"
"USW00014853","DETROIT WILLOW RUN AIRPORT, MI US","42.23666","-83.52638","215.7","2010-03","0.0","-7.7","22.2","3058.0","4.9","11.4","-1.5"
"USW00014853","DETROIT WILLOW RUN AIRPORT, MI US","42.23666","-83.52638","215.7","2010-04","1.5","-3.2","28.3","3263.8","11.5","18.8","4.3"
"USW00014853","DETROIT WILLOW RUN AIRPORT, MI US","42.23666","-83.52638","215.7","2010-05","39.0","0.0","31.1","3371.7","16.1","22.2","9.9"
"USW00014853","DETROIT WILLOW RUN AIRPORT, MI US","42.23666","-83.52638","215.7","2010-06","140.6","8.3","32.2","3382.0","21.4","26.8","15.9"
"US1MIOC0001","WALKERVILLE 4.2 NNE, MI US","43.77334","-86.10715","270.1","2010-01",,,,,,,
"US1MIOC0001","WALKERVILLE 4.2 NNE, MI US","43.77334","-86.10715","270.1","2010-02",,,,,,,
"US1MIOC0001","WALKERVILLE 4.2 NNE, MI US","43.77334","-86.10715","270.1","2010-03",,,,,,,
"US1MIOC0001","WALKERVILLE 4.2 NNE, MI US","43.77334","-86.10715","270.1","2010-04",,,,,,,
"US1MIOC0001","WALKERVILLE 4.2 NNE, MI US","43.77334","-86.10715","270.1","2010-05",,,,,,,
"US1MIOC0001","WALKERVILLE 4.2 NNE, MI US","43.77334","-86.10715","270.1","2010-06",,,,,,,
"USW00014850","TRAVERSE CITY CHERRY CAPITAL AIRPORT, MI US","44.73895","-85.5679","185.2","2010-01","0.0","-17.1","6.7","2270.9","-4.4","-1.8","-6.9"
"USW00014850","TRAVERSE CITY CHERRY CAPITAL AIRPORT, MI US","44.73895","-85.5679","185.2","2010-02","0.0","-16.6","3.9","2904.7","-4.3","-1.1","-7.5"
"USW00014850","TRAVERSE CITY CHERRY CAPITAL AIRPORT, MI US","44.73895","-85.5679","185.2","2010-03","0.0","-13.2","25.6","3371.9","3.3","9.6","-3.0"
"USW00014850","TRAVERSE CITY CHERRY CAPITAL AIRPORT, MI US","44.73895","-85.5679","185.2","2010-04","3.3","-3.2","28.9","3650.6","9.1","15.8","2.5"
"USW00014850","TRAVERSE CITY CHERRY CAPITAL AIRPORT, MI US","44.73895","-85.5679","185.2","2010-05","27.6","-2.7","33.9","3791.3","14.3","20.9","7.8"
"USW00014850","TRAVERSE CITY CHERRY CAPITAL AIRPORT, MI US","44.73895","-85.5679","185.2","2010-06","56.9","4.4","30.0","3837.4","17.8","22.9","12.7"
"USW00094889","ANN ARBOR MUNICIPAL AIRPORT, MI US","42.22393","-83.73983","250.6","2010-01","0.0","-22.7","8.3","2174.3","-4.7","-1.4","-8.1"
"USW00094889","ANN ARBOR MUNICIPAL AIRPORT, MI US","42.22393","-83.73983","250.6","2010-02","0.0","-16.6","6.1","2782.5","-3.4","0.1","-6.9"
"USW00094889","ANN ARBOR MUNICIPAL AIRPORT, MI US","42.22393","-83.73983","250.6","2010-03","0.0","-9.9","22.2","3211.3","4.5","11.0","-2.0"
"USW00094889","ANN ARBOR MUNICIPAL AIRPORT, MI US","42.22393","-83.73983","250.6","2010-04","0.6","-5.5","28.3","3438.5","10.8","18.5","3.0"
"USW00094889","ANN ARBOR MUNICIPAL AIRPORT, MI US","42.22393","-83.73983","250.6","2010-05","31.4","-1.0","31.7","3537.4","16.0","22.4","9.5"
"USW00094889","ANN ARBOR MUNICIPAL AIRPORT, MI US","42.22393","-83.73983","250.6","2010-06","103.6","6.1","31.1","3551.8","20.3","26.2","14.4"
"USC00203429","GREENVILLE 2 NNE, MI US","43.2026","-85.2421","270.7","2010-01","0.0","-23.3","7.2","2366.8","-6.2","-1.5","-10.9"
"USC00203429","GREENVILLE 2 NNE, MI US","43.2026","-85.2421","270.7","2010-02","0.0","-18.9","5.0","3016.2","-4.9","0.4","-10.1"
"USC00203429","GREENVILLE 2 NNE, MI US","43.2026","-85.2421","270.7","2010-03","0.0","-12.2","25.6","3470.5","3.7","12.0","-4.6"
"USC00203429","GREENVILLE 2 NNE, MI US","43.2026","-85.2421","270.7","2010-04","1.4","-5.0","28.3","3712.3","10.3","18.8","1.8"
"USC00203429","GREENVILLE 2 NNE, MI US","43.2026","-85.2421","270.7","2010-05","34.9","-5.0","32.2","3859.0","14.7","22.2","7.2"
"USC00203429","GREENVILLE 2 NNE, MI US","43.2026","-85.2421","270.7","2010-06","86.8","4.4","31.1","3884.2","19.2","26.2","12.3"
"US1MIBY0001","BAY CITY 4.8 N, MI US","43.6595101","-83.8884558","178.3","2010-01",,,,,,,
"US1MIBY0001","BAY CITY 4.8 N, MI US","43.6595101","-83.8884558","178.3","2010-02",,,,,,,
"US1MIBY0001","BAY CITY 4.8 N, MI US","43.6595101","-83.8884558","178.3","2010-03",,,,,,,
"US1MIBY0001","BAY CITY 4.8 N, MI US","43.6595101","-83.8884558","178.3","2010-04",,,,,,,
"USC00203306","GRAND LEDGE 1 NW, MI US","42.7621","-84.7617","244.1","2010-01",,,,,,,
"USC00203306","GRAND LEDGE 1 NW, MI US","42.7621","-84.7617","244.1","2010-02",,,,,,,
"USC00203306","GRAND LEDGE 1 NW, MI US","42.7621","-84.7617","244.1","2010-03",,,,,,,
"USC00203306","GRAND LEDGE 1 NW, MI US","42.7621","-84.7617","244.1","2010-04",,,,,,,
"USC00203306","GRAND LEDGE 1 NW, MI US","42.7621","-84.7617","244.1","2010-05",,,,,,,
"USC00203306","GRAND LEDGE 1 NW, MI US","42.7621","-84.7617","244.1","2010-06",,,,,,,
"US1MILP0001","LUM 1.0 NW, MI US","43.1131","-83.1587","264.9","2010-01",,,,,,,
"US1MILP0001","LUM 1.0 NW, MI US","43.1131","-83.1587","264.9","2010-02",,,,,,,
"US1MILP0001","LUM 1.0 NW, MI US","43.1131","-83.1587","264.9","2010-03",,,,,,,
"US1MILP0001","LUM 1.0 NW, MI US","43.1131","-83.1587","264.9","2010-04",,,,,,,
"US1MILP0001","LUM 1.0 NW, MI US","43.1131","-83.1587","264.9","2010-05",,,,,,,
"US1MILP0001","LUM 1.0 NW, MI US","43.1131","-83.1587","264.9","2010-06",,,,,,,
"US1MIBR0012","FREEPORT 1.6 S, MI US","42.740322","-85.31609","264.0","2010-06",,,,,,,
"US1MIIH0020","LANSING 4.0 NNW, MI US","42.761567","-84.585331","257.3","2010-06",,,,,,,
"USW00014847","SAULT STE MARIE SANDERSON FIELD, MI US","46.47998","-84.35809","219.8","2010-01","0.0","-24.4","3.9","2593.7","-7.6","-4.0","-11.1"
"USW00014847","SAULT STE MARIE SANDERSON FIELD, MI US","46.47998","-84.35809","219.8","2010-02","0.0","-16.7","3.9","3268.4","-5.8","-1.9","-9.6"
"USW00014847","SAULT STE MARIE SANDERSON FIELD, MI US","46.47998","-84.35809","219.8","2010-03","0.0","-11.1","17.2","3740.4","3.1","8.6","-2.4"
"USW00014847","SAULT STE MARIE SANDERSON FIELD, MI US","46.47998","-84.35809","219.8","2010-04","0.0","-4.4","25.0","4048.7","8.1","14.2","1.9"
"USW00014847","SAULT STE MARIE SANDERSON FIELD, MI US","46.47998","-84.35809","219.8","2010-05","15.6","-0.6","30.0","4207.6","13.7","19.8","7.6"
"USW00014847","SAULT STE MARIE SANDERSON FIELD, MI US","46.47998","-84.35809","219.8","2010-06","20.7","5.0","26.7","4291.1","15.7","20.8","10.7"
"USC00203421","GREENLAND 6 N, MI US","46.8736","-89.1006","241.1","2010-01",,,,,,,
"USC00203421","GREENLAND 6 N, MI US","46.8736","-89.1006","241.1","2010-02",,,,,,,
"USC00203421","GREENLAND 6 N, MI US","46.8736","-89.1006","241.1","2010-03",,,,,,,
"USC00203421","GREENLAND 6 N, MI US","46.8736","-89.1006","241.1","2010-04",,,,,,,
"USC00203421","GREENLAND 6 N, MI US","46.8736","-89.1006","241.1","2010-05",,,,,,,
"USC00203421","GREENLAND 6 N, MI US","46.8736","-89.1006","241.1","2010-06",,,,,,,
"USC00201361","CASS CITY 1 SSW, MI US","43.5861","-83.1805","212.8","2010-01","0.0","-20.6","6.7","2261.1","-6.2","-2.2","-10.2"
"USC00201361","CASS CITY 1 SSW, MI US","43.5861","-83.1805","212.8","2010-02","0.0","-16.7","5.0","2907.1","-4.7","-0.6","-8.9"
"USC00201361","CASS CITY 1 SSW, MI US","43.5861","-83.1805","212.8","2010-03","0.0","-11.1","22.2","3379.1","3.1","9.9","-3.6"
"USC00201361","CASS CITY 1 SSW, MI US","43.5861","-83.1805","212.8","2010-04","2.5","-3.9","28.3","3643.0","9.5","17.2","1.8"
"USC00201361","CASS CITY 1 SSW, MI US","43.5861","-83.1805","212.8","2010-05","37.3","-2.2","31.1","3773.4","15.3","21.7","8.8"
"USC00201361","CASS CITY 1 SSW, MI US","43.5861","-83.1805","212.8","2010-06","82.6","5.0","30.6","3805.0","18.8","24.7","12.9"
"USC00200032","ADRIAN 2 NNE, MI US","41.91636","-84.01635","231.6","2010-01","0.0","-17.8","8.3","2024.6","-5.0","-1.9","-8.1"
"USC00200032","ADRIAN 2 NNE, MI US","41.91636","-84.01635","231.6","2010-02","0.0","-15.0","5.6","2575.3","-3.7","-0.2","-7.2"
"USC00200032","ADRIAN 2 NNE, MI US","41.91636","-84.01635","231.6","2010-03","0.0","-9.4","21.1","2988.1","4.1","10.3","-2.2"
"USC00200032","ADRIAN 2 NNE, MI US","41.91636","-84.01635","231.6","2010-04","0.0","-3.3","27.8","3198.3","11.1","18.5","3.6"
"USC00200032","ADRIAN 2 NNE, MI US","41.91636","-84.01635","231.6","2010-05","30.2","-1.7","31.1","3313.9","15.6","22.0","9.1"
"USC00200032","ADRIAN 2 NNE, MI US","41.91636","-84.01635","231.6","2010-06","122.2","7.8","31.1","3323.8","21.1","26.4","15.7"
"USC00203661","HASTINGS, MI US","42.64208","-85.28819","250.2","2010-01","0.0","-17.8","10.0","2200.6","-5.0","-1.5","-8.5"
"USC00203661","HASTINGS, MI US","42.64208","-85.28819","250.2","2010-02","0.0","-14.4","3.9","2827.6","-4.1","-0.3","-7.8"
"USC00203661","HASTINGS, MI US","42.64208","-85.28819","250.2","2010-03","0.0","-12.2","18.9","3295.3","3.3","9.9","-3.4"
"USC00203661","HASTINGS, MI US","42.64208","-85.28819","250.2","2010-04","2.8","-2.8","27.2","3529.1","10.6","18.1","3.2"
"USC00203661","HASTINGS, MI US","42.64208","-85.28819","250.2","2010-05","39.1","-2.2","31.7","3659.1","15.3","21.6","9.0"
"USC00203661","HASTINGS, MI US","42.64208","-85.28819","250.2","2010-06","95.1","7.2","31.7","3677.2","19.6","25.5","13.8"
"USC00205603","MORENCI, MI US","41.7216","-84.2147","234.7","2010-01","0.0","-19.4","10.0","2149.7","-5.0","-0.8","-9.2"
"USC00205603","MORENCI, MI US","41.7216","-84.2147","234.7","2010-02","0.0","-16.1","5.6","2779.7","-4.2","1.0","-9.3"
"USC00205603","MORENCI, MI US","41.7216","-84.2147","234.7","2010-03",,,,,,,
"USC00205603","MORENCI, MI US","41.7216","-84.2147","234.7","2010-04",,"-4.4","28.9",,"10.8","19.4","2.2"
"USC00205603","MORENCI, MI US","41.7216","-84.2147","234.7","2010-05",,"-1.1","32.2",,"16.4","23.1","9.7"
"USC00205603","MORENCI, MI US","41.7216","-84.2147","234.7","2010-06",,"7.8","32.2",,"21.8","28.3","15.2"
"USC00201486","CHATHAM EXPERIMENT FARM 2, MI US","46.3414","-86.9242","265.2","2010-01","0.0","-20.6","5.6","2739.3","-7.2","-3.2","-11.3"
"USC00201486","CHATHAM EXPERIMENT FARM 2, MI US","46.3414","-86.9242","265.2","2010-02","0.0","-23.3","7.8","3428.9","-6.3","-0.6","-12.0"
"USC00201486","CHATHAM EXPERIMENT FARM 2, MI US","46.3414","-86.9242","265.2","2010-03","0.0","-21.1","17.8","3969.0","0.9","8.1","-6.3"
"USC00201486","CHATHAM EXPERIMENT FARM 2, MI US","46.3414","-86.9242","265.2","2010-04","0.0","-6.1","25.0","4309.6","7.0","14.0","0.0"
"USC00201486","CHATHAM EXPERIMENT FARM 2, MI US","46.3414","-86.9242","265.2","2010-05","20.9","-6.7","33.9","4493.6","13.1","21.3","4.9"
"USC00201486","CHATHAM EXPERIMENT FARM 2, MI US","46.3414","-86.9242","265.2","2010-06","32.6","0.6","30.0","4600.7","15.1","21.1","9.2"
"US1MIBY0002","BAY CITY 5.3 N, MI US","43.666367","-83.90605","178.3","2010-02",,,,,,,
"US1MION0001","ONTONAGON 0.3 NE, MI US","46.8695528","-89.309289","193.9","2010-06",,,,,,,
"USC00200050","AHMEEK 1 SW, MI US","47.292","-88.4209","331.6","2010-02",,"-14.4","3.3",,"-6.6","-3.1","-10.1"
"USC00200050","AHMEEK 1 SW, MI US","47.292","-88.4209","331.6","2010-03",,"-12.8","16.1",,"0.8","6.0","-4.5"
"USC00200050","AHMEEK 1 SW, MI US","47.292","-88.4209","331.6","2010-04",,"-6.1","25.0",,"6.8","13.1","0.4"
"USC00200050","AHMEEK 1 SW, MI US","47.292","-88.4209","331.6","2010-05",,"-1.7","32.8",,"12.6","18.7","6.5"
"USC00200050","AHMEEK 1 SW, MI US","47.292","-88.4209","331.6","2010-06",,,,,,,
"USW00094893","IRON MOUNTAIN FORD AIRPORT, MI US","45.81339","-88.11292","343.2","2010-01","0.0","-24.3","6.7","2762.8","-8.2","-4.1","-12.3"
"USW00094893","IRON MOUNTAIN FORD AIRPORT, MI US","45.81339","-88.11292","343.2","2010-02","0.0","-19.9","3.3","3455.6","-6.4","-1.4","-11.4"
"USW00094893","IRON MOUNTAIN FORD AIRPORT, MI US","45.81339","-88.11292","343.2","2010-03","0.0","-15.5","24.4","3947.3","2.5","10.4","-5.4"
"USW00094893","IRON MOUNTAIN FORD AIRPORT, MI US","45.81339","-88.11292","343.2","2010-04","0.0","-7.1","26.1","4221.6","8.5","16.6","0.5"
"USW00094893","IRON MOUNTAIN FORD AIRPORT, MI US","45.81339","-88.11292","343.2","2010-05","23.9","-5.5","33.9","4379.8","14.0","21.9","6.1"
"USW00094893","IRON MOUNTAIN FORD AIRPORT, MI US","45.81339","-88.11292","343.2","2010-06","49.8","2.2","31.1","4449.5","16.9","22.7","11.1"
"USW00094898","PORT HOPE, MI US","44.021772","-82.792932","180.0","2010-01","0.0","-13.2","6.1","2001.6","-3.8","-1.5","-6.1"
"USW00094898","PORT HOPE, MI US","44.021772","-82.792932","180.0","2010-02","0.0","-10.5","2.8","2601.7","-3.1","-0.5","-5.7"
"USW00094898","PORT HOPE, MI US","44.021772","-82.792932","180.0","2010-03","0.0","-7.1","20.6","3086.9","2.7","6.3","-1.0"
"USW00094898","PORT HOPE, MI US","44.021772","-82.792932","180.0","2010-04","3.1","-2.1","28.3","3364.8","9.2","13.9","4.4"
"USW00094898","PORT HOPE, MI US","44.021772","-82.792932","180.0","2010-05","15.9","1.1","30.0","3515.3","13.9","18.0","9.8"
"USW00094898","PORT HOPE, MI US","44.021772","-82.792932","180.0","2010-06","43.4","7.2","30.6","3560.1","17.8","21.6","13.9"
"US1MIBR0010","MIDDLEVILLE 1.2 E, MI US","42.711139","-85.441934","272.8","2010-01",,,,,,,
"US1MIBR0010","MIDDLEVILLE 1.2 E, MI US","42.711139","-85.441934","272.8","2010-03",,,,,,,
"US1MIBR0010","MIDDLEVILLE 1.2 E, MI US","42.711139","-85.441934","272.8","2010-04",,,,,,,
"US1MIBR0010","MIDDLEVILLE 1.2 E, MI US","42.711139","-85.441934","272.8","2010-05",,,,,,,
"US1MIBR0010","MIDDLEVILLE 1.2 E, MI US","42.711139","-85.441934","272.8","2010-06",,,,,,,
"USW00094899","COPPER HARBOR, MI US","47.467386","-87.875032","185.0","2010-01","0.0","-15.5","5.0","2446.0","-5.1","-2.7","-7.4"
"USW00094899","COPPER HARBOR, MI US","47.467386","-87.875032","185.0","2010-02","0.0","-14.9","2.2","3083.0","-4.4","-1.8","-7.0"
"USW00094899","COPPER HARBOR, MI US","47.467386","-87.875032","185.0","2010-03","0.0","-13.2","20.0","3575.0","2.5","7.2","-2.2"
"USW00094899","COPPER HARBOR, MI US","47.467386","-87.875032","185.0","2010-04","0.0","-3.2","22.8","3906.0","7.3","11.5","3.1"
"USW00094899","COPPER HARBOR, MI US","47.467386","-87.875032","185.0","2010-05","4.8","1.1","29.4","4107.4","11.8","16.6","7.0"
"USW00094899","COPPER HARBOR, MI US","47.467386","-87.875032","185.0","2010-06","7.6","6.1","27.8","4242.2","13.9","17.8","10.1"
"USC00201017","BROOKLYN 2 ENE, MI US","42.1128","-84.2097","304.8","2010-01",,,,,,,
"USC00201017","BROOKLYN 2 ENE, MI US","42.1128","-84.2097","304.8","2010-02",,,,,,,
"USC00201017","BROOKLYN 2 ENE, MI US","42.1128","-84.2097","304.8","2010-03",,,,,,,
"USC00201017","BROOKLYN 2 ENE, MI US","42.1128","-84.2097","304.8","2010-04",,,,,,,
"USC00201017","BROOKLYN 2 ENE, MI US","42.1128","-84.2097","304.8","2010-05",,,,,,,
"USC00201017","BROOKLYN 2 ENE, MI US","42.1128","-84.2097","304.8","2010-06",,,,,,,
"US1MIBR0003","MIDDLEVILLE 4.3 SSE, MI US","42.653203","-85.440492","238.4","2010-01",,,,,,,
"US1MIBR0003","MIDDLEVILLE 4.3 SSE, MI US","42.653203","-85.440492","238.4","2010-02",,,,,,,
"US1MIBR0003","MIDDLEVILLE 4.3 SSE, MI US","42.653203","-85.440492","238.4","2010-03",,,,,,,
"US1MIBR0003","MIDDLEVILLE 4.3 SSE, MI US","42.653203","-85.440492","238.4","2010-04",,,,,,,
"US1MIBR0003","MIDDLEVILLE 4.3 SSE, MI US","42.653203","-85.440492","238.4","2010-05",,,,,,,
"US1MIBR0003","MIDDLEVILLE 4.3 SSE, MI US","42.653203","-85.440492","238.4","2010-06",,,,,,,
"US1MIBR0007","HASTINGS 3.2 WNW, MI US","42.670723","-85.344754","243.2","2010-04",,,,,,,
"US1MIBR0007","HASTINGS 3.2 WNW, MI US","42.670723","-85.344754","243.2","2010-05",,,,,,,
"US1MIBR0007","HASTINGS 3.2 WNW, MI US","42.670723","-85.344754","243.2","2010-06",,,,,,,
"USW00014858","HANCOCK HOUGHTON CO AIRPORT, MI US","47.16594","-88.48076","323.9","2010-01","0.0","-18.9","5.6","2729.0","-7.3","-4.9","-9.7"
"USW00014858","HANCOCK HOUGHTON CO AIRPORT, MI US","47.16594","-88.48076","323.9","2010-02","0.0","-18.9","2.2","3445.9","-7.3","-3.5","-11.0"
"USW00014858","HANCOCK HOUGHTON CO AIRPORT, MI US","47.16594","-88.48076","323.9","2010-03","0.0","-15.0","22.8","3955.0","1.9","7.2","-3.4"
"USW00014858","HANCOCK HOUGHTON CO AIRPORT, MI US","47.16594","-88.48076","323.9","2010-04","0.0","-6.1","25.6","4284.0","7.4","13.6","1.1"
"USW00014858","HANCOCK HOUGHTON CO AIRPORT, MI US","47.16594","-88.48076","323.9","2010-05","18.7","-5.0","33.9","4485.3","12.4","18.6","6.3"
"USW00014858","HANCOCK HOUGHTON CO AIRPORT, MI US","47.16594","-88.48076","323.9","2010-06","25.3","4.4","30.0","4586.3","15.2","19.9","10.5"
"US1MIBR0006","BELLEVUE 3.9 W, MI US","42.4511333","-85.0961","279.2","2010-01",,,,,,,
"US1MIBR0006","BELLEVUE 3.9 W, MI US","42.4511333","-85.0961","279.2","2010-02",,,,,,,
"US1MIBR0006","BELLEVUE 3.9 W, MI US","42.4511333","-85.0961","279.2","2010-03",,,,,,,
"US1MIBR0006","BELLEVUE 3.9 W, MI US","42.4511333","-85.0961","279.2","2010-05",,,,,,,
"US1MIBR0006","BELLEVUE 3.9 W, MI US","42.4511333","-85.0961","279.2","2010-06",,,,,,,
"US1MIBR0009","PLAINWELL 5.4 E, MI US","42.450664","-85.537907","278.3","2010-02",,,,,,,
"US1MIBR0009","PLAINWELL 5.4 E, MI US","42.450664","-85.537907","278.3","2010-04",,,,,,,
"US1MIBR0009","PLAINWELL 5.4 E, MI US","42.450664","-85.537907","278.3","2010-05",,,,,,,
"US1MIKK0002","RAPID CITY 2.2 NW, MI US","44.8513","-85.321","180.4","2010-02",,,,,,,
"US1MIKK0002","RAPID CITY 2.2 NW, MI US","44.8513","-85.321","180.4","2010-06",,,,,,,
"USC00204659","LAPEER 2 W, MI US","43.05733","-83.36032","255.1","2010-01","0.0","-20.0","8.3","2110.3","-5.1","-1.4","-8.8"
"USC00204659","LAPEER 2 W, MI US","43.05733","-83.36032","255.1","2010-02","0.0","-16.7","7.8","2734.2","-3.9","0.2","-8.1"
"USC00204659","LAPEER 2 W, MI US","43.05733","-83.36032","255.1","2010-03","0.0","-12.2","18.9","3132.3","4.1","10.7","-2.4"
"USC00204659","LAPEER 2 W, MI US","43.05733","-83.36032","255.1","2010-04","7.2","-3.3","28.3","3355.9","11.1","17.6","4.6"
"USC00204659","LAPEER 2 W, MI US","43.05733","-83.36032","255.1","2010-05","48.9","-1.7","31.1","3476.1","15.8","21.7","9.9"
"USC00204659","LAPEER 2 W, MI US","43.05733","-83.36032","255.1","2010-06","124.6","6.7","30.6","3492.4","20.3","25.4","15.3"
"US1MIMK0001","LAKE CITY 5.0 SSW, MI US","44.265899","-85.255264","374.3","2010-05",,,,,,,
"US1MIMK0001","LAKE CITY 5.0 SSW, MI US","44.265899","-85.255264","374.3","2010-06",,,,,,,
"USC00202598","ENGADINE MDOT, MI US","46.128","-85.5696","208.8","2010-01","0.0","-23.3","4.4",,"-6.9","-2.9","-10.8"
"USC00202598","ENGADINE MDOT, MI US","46.128","-85.5696","208.8","2010-02","0.0","-17.8","3.9",,"-5.7","-0.6","-10.8"
"USC00202598","ENGADINE MDOT, MI US","46.128","-85.5696","208.8","2010-03","0.0","-13.3","17.8",,"1.8","9.1","-5.4"
"USC00202598","ENGADINE MDOT, MI US","46.128","-85.5696","208.8","2010-04",,,,,,,
"USC00202598","ENGADINE MDOT, MI US","46.128","-85.5696","208.8","2010-05",,"-3.9","30.6",,"13.7","21.0","6.3"
"USC00202598","ENGADINE MDOT, MI US","46.128","-85.5696","208.8","2010-06",,"3.3","28.3",,"15.8","22.1","9.5"
"USC00204655","LAPEER WWTP, MI US","43.0608","-83.3074","249.9","2010-01","0.0","-21.1","7.2",,"-5.6","-1.9","-9.4"
"USC00204655","LAPEER WWTP, MI US","43.0608","-83.3074","249.9","2010-02","0.0","-16.1","6.7",,"-4.9","-0.8","-9.1"
"USC00204655","LAPEER WWTP, MI US","43.0608","-83.3074","249.9","2010-03","0.0","-10.6","18.3",,"3.4","9.6","-2.8"
"USC00204655","LAPEER WWTP, MI US","43.0608","-83.3074","249.9","2010-04","3.6","-2.8","27.8",,"10.3","17.3","3.3"
"USC00204655","LAPEER WWTP, MI US","43.0608","-83.3074","249.9","2010-05","39.7","-0.6","31.1",,"15.8","21.9","9.7"
"USC00204655","LAPEER WWTP, MI US","43.0608","-83.3074","249.9","2010-06","114.6","7.2","31.7",,"20.3","25.7","14.8"
"USC00200194","AMASA, MI US","46.22889","-88.44444","445.0","2010-02",,,,,,,
"USC00200194","AMASA, MI US","46.22889","-88.44444","445.0","2010-06",,,,,,,
"USC00202250","DOWAGIAC 1 W, MI US","41.9856","-86.132","225.6","2010-01","0.0","-22.2","10.0","2145.9","-4.9","-0.9","-8.9"
"USC00202250","DOWAGIAC 1 W, MI US","41.9856","-86.132","225.6","2010-02","0.0","-16.1","5.6","2777.5","-4.2","-0.3","-8.1"
"USC00202250","DOWAGIAC 1 W, MI US","41.9856","-86.132","225.6","2010-03","0.0","-10.6","17.8","3228.7","3.8","9.8","-2.3"
"USC00202250","DOWAGIAC 1 W, MI US","41.9856","-86.132","225.6","2010-04","1.9","-1.7","27.2","3447.4","11.1","17.6","4.6"
"USC00202250","DOWAGIAC 1 W, MI US","41.9856","-86.132","225.6","2010-05","38.9","-1.1","31.1","3566.8","15.7","21.5","9.9"
"USC00202250","DOWAGIAC 1 W, MI US","41.9856","-86.132","225.6","2010-06","109.2","7.8","31.1","3583.3","20.1","25.5","14.8"
"US1MIIS0001","MOUNT PLEASANT 5.1 NE, MI US","43.650088","-84.708107","227.4","2010-02",,,,,,,
"US1MIIS0001","MOUNT PLEASANT 5.1 NE, MI US","43.650088","-84.708107","227.4","2010-03",,,,,,,
"US1MIIS0001","MOUNT PLEASANT 5.1 NE, MI US","43.650088","-84.708107","227.4","2010-04",,,,,,,
"US1MIIS0001","MOUNT PLEASANT 5.1 NE, MI US","43.650088","-84.708107","227.4","2010-05",,,,,,,
"US1MIIS0001","MOUNT PLEASANT 5.1 NE, MI US","43.650088","-84.708107","227.4","2010-06",,,,,,,
"USW00004839","HOLLAND TULIP CITY AIRPORT, MI US","42.74634","-86.09677","206.5","2010-01","0.0","-17.1","9.4","1939.1","-3.3","-0.4","-6.2"
"USW00004839","HOLLAND TULIP CITY AIRPORT, MI US","42.74634","-86.09677","206.5","2010-02","0.0","-13.8","5.0","2522.6","-2.5","0.6","-5.6"
"USW00004839","HOLLAND TULIP CITY AIRPORT, MI US","42.74634","-86.09677","206.5","2010-03","0.0","-8.8","26.1","2927.8","5.3","10.9","-0.4"
"USW00004839","HOLLAND TULIP CITY AIRPORT, MI US","42.74634","-86.09677","206.5","2010-04","11.6","-0.5","29.4","3117.7","12.4","18.7","6.1"
"USW00004839","HOLLAND TULIP CITY AIRPORT, MI US","42.74634","-86.09677","206.5","2010-05","60.5","-0.5","32.8","3224.8","16.5","21.8","11.1"
"USW00004839","HOLLAND TULIP CITY AIRPORT, MI US","42.74634","-86.09677","206.5","2010-06","144.4","10.0","31.7","3237.9","20.7","25.6","15.8"
"US1MIIH0016","MASON 6.4 W, MI US","42.5814","-84.5697","287.7","2010-02",,,,,,,
"US1MIIH0016","MASON 6.4 W, MI US","42.5814","-84.5697","287.7","2010-03",,,,,,,
"US1MIIH0016","MASON 6.4 W, MI US","42.5814","-84.5697","287.7","2010-04",,,,,,,
"US1MIIH0016","MASON 6.4 W, MI US","42.5814","-84.5697","287.7","2010-05",,,,,,,
"US1MIIH0016","MASON 6.4 W, MI US","42.5814","-84.5697","287.7","2010-06",,,,,,,
"US1MIIH0018","EAST LANSING 1.8 NNE, MI US","42.76051","-84.4702","258.2","2010-05",,,,,,,
"US1MIIH0018","EAST LANSING 1.8 NNE, MI US","42.76051","-84.4702","258.2","2010-06",,,,,,,
"US1MIBG0001","AURA 1.3 ENE, MI US","46.875355","-88.296649","245.7","2010-01",,,,,,,
"US1MIBG0001","AURA 1.3 ENE, MI US","46.875355","-88.296649","245.7","2010-02",,,,,,,
"US1MIMD0001","MIDLAND 8.2 NNE, MI US","43.735733","-84.176851","196.6","2010-01",,,,,,,
"US1MIMD0001","MIDLAND 8.2 NNE, MI US","43.735733","-84.176851","196.6","2010-02",,,,,,,
"US1MIMD0001","MIDLAND 8.2 NNE, MI US","43.735733","-84.176851","196.6","2010-03",,,,,,,
"US1MIMD0001","MIDLAND 8.2 NNE, MI US","43.735733","-84.176851","196.6","2010-04",,,,,,,
"US1MIMD0001","MIDLAND 8.2 NNE, MI US","43.735733","-84.176851","196.6","2010-05",,,,,,,
"US1MIMD0001","MIDLAND 8.2 NNE, MI US","43.735733","-84.176851","196.6","2010-06",,,,,,,
"US1MIIH0012","STOCKBRIDGE 6.1 W, MI US","42.44279209","-84.29724534","285.3","2010-04",,,,,,,
"US1MIMD0005","MIDLAND 1.8 ENE, MI US","43.6312","-84.19433","205.4","2010-05",,,,,,,
"US1MIMD0005","MIDLAND 1.8 ENE, MI US","43.6312","-84.19433","205.4","2010-06",,,,,,,
"USC00207812","STAMBAUGH 2 SSE, MI US","46.0555","-88.6275","442.0","2010-01","0.0","-28.9","6.7","3082.8","-9.4","-4.7","-14.2"
"USC00207812","STAMBAUGH 2 SSE, MI US","46.0555","-88.6275","442.0","2010-02","0.0","-25.6","3.3","3850.3","-9.1","-2.5","-15.7"
"USC00207812","STAMBAUGH 2 SSE, MI US","46.0555","-88.6275","442.0","2010-03","0.0","-20.6","17.2","4417.7","0.0","8.7","-8.7"
"USC00207812","STAMBAUGH 2 SSE, MI US","46.0555","-88.6275","442.0","2010-04","0.0","-9.4","24.4","4766.7","6.7","15.5","-2.1"
"USC00207812","STAMBAUGH 2 SSE, MI US","46.0555","-88.6275","442.0","2010-05","18.7","-7.8","32.8","4966.6","12.5","20.7","4.2"
"USC00207812","STAMBAUGH 2 SSE, MI US","46.0555","-88.6275","442.0","2010-06","33.7","-0.6","29.4","5065.1","15.6","21.5","9.6"
"US1MIMD0004","MIDLAND 4.4 W, MI US","43.6263","-84.3173","188.1","2010-04",,,,,,,
"US1MIMD0004","MIDLAND 4.4 W, MI US","43.6263","-84.3173","188.1","2010-05",,,,,,,
"US1MIMD0004","MIDLAND 4.4 W, MI US","43.6263","-84.3173","188.1","2010-06",,,,,,,
"US1MIRS0005","ROSCOMMON 4.6 WSW, MI US","44.4644","-84.6736","353.6","2010-04",,,,,,,
"US1MIRS0005","ROSCOMMON 4.6 WSW, MI US","44.4644","-84.6736","353.6","2010-05",,,,,,,
"US1MIRS0005","ROSCOMMON 4.6 WSW, MI US","44.4644","-84.6736","353.6","2010-06",,,,,,,
"USC00206840","RAPID RIVER 4 SSE, MI US","45.8727","-86.9496","182.3","2010-01",,,,,,,
"USC00206840","RAPID RIVER 4 SSE, MI US","45.8727","-86.9496","182.3","2010-02",,,,,,,
"USC00206840","RAPID RIVER 4 SSE, MI US","45.8727","-86.9496","182.3","2010-03",,,,,,,
"USC00206840","RAPID RIVER 4 SSE, MI US","45.8727","-86.9496","182.3","2010-04",,,,,,,
"USC00206840","RAPID RIVER 4 SSE, MI US","45.8727","-86.9496","182.3","2010-05",,,,,,,
"USC00206840","RAPID RIVER 4 SSE, MI US","45.8727","-86.9496","182.3","2010-06",,,,,,,
"US1MIRS0003","HOUGHTON LAKE 0.7 SSE, MI US","44.30331","-84.7597","367.6","2010-04",,,,,,,
"US1MIRS0003","HOUGHTON LAKE 0.7 SSE, MI US","44.30331","-84.7597","367.6","2010-06",,,,,,,
"US1MIRS0002","ST. HELEN 1.0 SSW, MI US","44.348913","-84.423916","364.8","2010-01",,,,,,,
"US1MIRS0002","ST. HELEN 1.0 SSW, MI US","44.348913","-84.423916","364.8","2010-02",,,,,,,
"US1MIRS0002","ST. HELEN 1.0 SSW, MI US","44.348913","-84.423916","364.8","2010-03",,,,,,,
"US1MIRS0002","ST. HELEN 1.0 SSW, MI US","44.348913","-84.423916","364.8","2010-04",,,,,,,
"US1MIRS0002","ST. HELEN 1.0 SSW, MI US","44.348913","-84.423916","364.8","2010-05",,,,,,,
"US1MIRS0002","ST. HELEN 1.0 SSW, MI US","44.348913","-84.423916","364.8","2010-06",,,,,,,
"USC00204668","CALUMET TAMARACK, MI US","47.24559","-88.46793","377.6","2010-01","0.0","-19.4","6.1",,"-7.5","-5.1","-9.9"
"USC00204668","CALUMET TAMARACK, MI US","47.24559","-88.46793","377.6","2010-02","0.0","-13.3","3.3",,"-6.5","-3.6","-9.3"
"USC00204668","CALUMET TAMARACK, MI US","47.24559","-88.46793","377.6","2010-03","0.0","-11.7","16.1",,"2.2","7.0","-2.7"
"USC00204668","CALUMET TAMARACK, MI US","47.24559","-88.46793","377.6","2010-04","0.0","-4.4","24.4",,"7.4","12.9","1.8"
"USC00204668","CALUMET TAMARACK, MI US","47.24559","-88.46793","377.6","2010-05","17.8","-1.1","32.8",,"13.1","18.7","7.5"
"USC00204668","CALUMET TAMARACK, MI US","47.24559","-88.46793","377.6","2010-06","28.5","7.2","29.4",,"15.4","19.9","10.8"
"US1MIRS0001","HOUGHTON LAKE 4.9 NE, MI US","44.354296","-84.683218","346.3","2010-01",,,,,,,
"US1MIRS0001","HOUGHTON LAKE 4.9 NE, MI US","44.354296","-84.683218","346.3","2010-02",,,,,,,
"US1MIRS0001","HOUGHTON LAKE 4.9 NE, MI US","44.354296","-84.683218","346.3","2010-03",,,,,,,
"US1MIRS0001","HOUGHTON LAKE 4.9 NE, MI US","44.354296","-84.683218","346.3","2010-04",,,,,,,
"US1MIRS0001","HOUGHTON LAKE 4.9 NE, MI US","44.354296","-84.683218","346.3","2010-05",,,,,,,
"US1MIRS0001","HOUGHTON LAKE 4.9 NE, MI US","44.354296","-84.683218","346.3","2010-06",,,,,,,
"USW00094847","DETROIT METRO AIRPORT, MI US","42.23113","-83.33121","191.9","2010-01","0.0","-16.1","7.8","1933.5","-3.8","-1.0","-6.7"
"USW00094847","DETROIT METRO AIRPORT, MI US","42.23113","-83.33121","191.9","2010-02","0.0","-12.2","6.7","2511.8","-2.3","0.5","-5.1"
"USW00094847","DETROIT METRO AIRPORT, MI US","42.23113","-83.33121","191.9","2010-03","0.0","-5.6","20.6","2901.7","5.8","11.4","0.1"
"USW00094847","DETROIT METRO AIRPORT, MI US","42.23113","-83.33121","191.9","2010-04","4.2","-1.1","28.9","3085.4","12.4","18.8","5.9"
"USW00094847","DETROIT METRO AIRPORT, MI US","42.23113","-83.33121","191.9","2010-05","56.6","0.6","31.1","3177.7","17.1","22.2","11.9"
"USW00094847","DETROIT METRO AIRPORT, MI US","42.23113","-83.33121","191.9","2010-06","170.6","10.0","31.7","3185.4","21.9","26.6","17.1"
"USW00094849","ALPENA CO REGIONAL AIRPORT, MI US","45.0716","-83.56451","208.3","2010-01","0.0","-18.3","6.1","2418.1","-5.7","-2.5","-8.9"
"USW00094849","ALPENA CO REGIONAL AIRPORT, MI US","45.0716","-83.56451","208.3","2010-02","0.0","-16.7","3.3","3081.5","-5.4","-1.4","-9.3"
"USW00094849","ALPENA CO REGIONAL AIRPORT, MI US","45.0716","-83.56451","208.3","2010-03","0.0","-15.0","23.9","3587.1","2.0","9.0","-5.0"
"USW00094849","ALPENA CO REGIONAL AIRPORT, MI US","45.0716","-83.56451","208.3","2010-04","0.0","-5.6","28.9","3894.9","8.1","15.2","0.9"
"USW00094849","ALPENA CO REGIONAL AIRPORT, MI US","45.0716","-83.56451","208.3","2010-05","22.6","-1.7","31.7","4056.4","13.9","20.7","7.0"
"USW00094849","ALPENA CO REGIONAL AIRPORT, MI US","45.0716","-83.56451","208.3","2010-06","34.8","5.6","29.4","4123.1","16.5","22.1","10.9"
"USC00202381","EAST JORDAN, MI US","45.15179","-85.1324","178.9","2010-01","0.0","-18.3","7.2","2196.3","-4.4","0.1","-8.8"
"USC00202381","EAST JORDAN, MI US","45.15179","-85.1324","178.9","2010-02","0.0","-20.6","5.6","2781.4","-3.4","0.0","-6.7"
"USC00202381","EAST JORDAN, MI US","45.15179","-85.1324","178.9","2010-03","0.0","-15.0","26.7","3237.8","3.6","11.8","-4.6"
"USC00202381","EAST JORDAN, MI US","45.15179","-85.1324","178.9","2010-04","4.7","-5.0","29.4","3491.5","9.8","17.9","1.6"
"USC00202381","EAST JORDAN, MI US","45.15179","-85.1324","178.9","2010-05","53.2","-3.3","35.0","3612.1","16.0","24.1","7.9"
"USC00202381","EAST JORDAN, MI US","45.15179","-85.1324","178.9","2010-06","87.2","3.3","30.0","3653.0","18.1","24.7","11.5"
"USC00205892","NILES, MI US","41.8405","-86.2658","198.1","2010-01","0.0","-17.2","9.4",,"-4.4","-1.5","-7.2"
"USC00205892","NILES, MI US","41.8405","-86.2658","198.1","2010-02","0.0","-14.4","6.1",,"-2.8","0.1","-5.6"
"USC00205892","NILES, MI US","41.8405","-86.2658","198.1","2010-03","0.0","-7.8","24.4",,"5.5","11.2","-0.1"
"USC00205892","NILES, MI US","41.8405","-86.2658","198.1","2010-04","7.8","-0.6","28.3",,"12.3","18.6","5.9"
"USC00205892","NILES, MI US","41.8405","-86.2658","198.1","2010-05","48.4","-0.6","31.7",,"16.4","21.7","11.1"
"USC00205892","NILES, MI US","41.8405","-86.2658","198.1","2010-06","141.8","8.9","31.1",,"21.1","26.1","16.0"
"US1MIWS0007","ANN ARBOR 3.1 SE, MI US","42.239144","-83.69582","251.5","2010-01",,,,,,,
"US1MIWS0007","ANN ARBOR 3.1 SE, MI US","42.239144","-83.69582","251.5","2010-02",,,,,,,
"US1MIWS0007","ANN ARBOR 3.1 SE, MI US","42.239144","-83.69582","251.5","2010-03",,,,,,,
"US1MIWS0007","ANN ARBOR 3.1 SE, MI US","42.239144","-83.69582","251.5","2010-04",,,,,,,
"US1MIWS0007","ANN ARBOR 3.1 SE, MI US","42.239144","-83.69582","251.5","2010-06",,,,,,,
"USC00201052","BROWN CITY, MI US","43.2172","-82.9905","246.9","2010-02",,"-12.8","5.6",,"-3.5","0.2","-7.2"
"USC00201052","BROWN CITY, MI US","43.2172","-82.9905","246.9","2010-04",,,,,,,
"USC00201052","BROWN CITY, MI US","43.2172","-82.9905","246.9","2010-05",,,,,,,
"USC00201052","BROWN CITY, MI US","43.2172","-82.9905","246.9","2010-06",,"5.0","31.7",,"20.3","26.2","14.4"
"US1MIWS0006","ANN ARBOR 2.4 WNW, MI US","42.293461","-83.769877","298.1","2010-01",,,,,,,
"US1MIWS0006","ANN ARBOR 2.4 WNW, MI US","42.293461","-83.769877","298.1","2010-02",,,,,,,
"US1MIWS0006","ANN ARBOR 2.4 WNW, MI US","42.293461","-83.769877","298.1","2010-03",,,,,,,
"US1MIWS0006","ANN ARBOR 2.4 WNW, MI US","42.293461","-83.769877","298.1","2010-05",,,,,,,
"US1MIWS0006","ANN ARBOR 2.4 WNW, MI US","42.293461","-83.769877","298.1","2010-06",,,,,,,
"USW00004847","ADRIAN LENAWEE CO AIRPORT, MI US","41.86784","-84.07946","244.1","2010-01","0.0","-19.9","8.3","2055.9","-4.6","-1.5","-7.7"
"USW00004847","ADRIAN LENAWEE CO AIRPORT, MI US","41.86784","-84.07946","244.1","2010-02","0.0","-13.8","4.4","2649.8","-2.9","0.0","-5.7"
"USW00004847","ADRIAN LENAWEE CO AIRPORT, MI US","41.86784","-84.07946","244.1","2010-03","0.0","-8.2","22.2","3067.4","4.9","10.7","-0.9"
"USW00004847","ADRIAN LENAWEE CO AIRPORT, MI US","41.86784","-84.07946","244.1","2010-04","1.9","-2.7","27.8","3267.7","11.7","18.8","4.6"
"USW00004847","ADRIAN LENAWEE CO AIRPORT, MI US","41.86784","-84.07946","244.1","2010-05","44.2","0.6","31.1","3371.2","16.4","21.9","10.8"
"USW00004847","ADRIAN LENAWEE CO AIRPORT, MI US","41.86784","-84.07946","244.1","2010-06","149.6","8.9","32.2","3379.7","21.6","26.8","16.3"
"US1MISG0005","FREELAND 0.7 ENE, MI US","43.524732","-84.104243","198.1","2010-01",,,,,,,
"US1MISG0005","FREELAND 0.7 ENE, MI US","43.524732","-84.104243","198.1","2010-04",,,,,,,
"US1MISG0005","FREELAND 0.7 ENE, MI US","43.524732","-84.104243","198.1","2010-06",,,,,,,
"USC00205406","MICHIGAMME 3 WNW, MI US","46.5453","-88.18","521.2","2010-01",,,,,,,
"USC00205406","MICHIGAMME 3 WNW, MI US","46.5453","-88.18","521.2","2010-02",,,,,,,
"USC00205406","MICHIGAMME 3 WNW, MI US","46.5453","-88.18","521.2","2010-03",,,,,,,
"USC00205406","MICHIGAMME 3 WNW, MI US","46.5453","-88.18","521.2","2010-04",,,,,,,
"USC00205406","MICHIGAMME 3 WNW, MI US","46.5453","-88.18","521.2","2010-05",,,,,,,
"USC00205406","MICHIGAMME 3 WNW, MI US","46.5453","-88.18","521.2","2010-06",,,,,,,
"USW00004854","GAYLORD OTSEGO CO AIRPORT, MI US","45.01657","-84.68942","405.9","2010-01","0.0","-22.1","5.6","2547.9","-6.5","-3.4","-9.6"
"USW00004854","GAYLORD OTSEGO CO AIRPORT, MI US","45.01657","-84.68942","405.9","2010-02","0.0","-18.2","3.3","3240.0","-6.4","-2.2","-10.6"
"USW00004854","GAYLORD OTSEGO CO AIRPORT, MI US","45.01657","-84.68942","405.9","2010-03","0.0","-16.6","23.3","3724.8","2.7","9.5","-4.1"
"USW00004854","GAYLORD OTSEGO CO AIRPORT, MI US","45.01657","-84.68942","405.9","2010-04","3.6","-3.8","27.2","4021.5","8.6","15.1","2.0"
"USW00004854","GAYLORD OTSEGO CO AIRPORT, MI US","45.01657","-84.68942","405.9","2010-05","31.9","-4.3","31.7","4187.4","13.9","20.3","7.5"
"USW00004854","GAYLORD OTSEGO CO AIRPORT, MI US","45.01657","-84.68942","405.9","2010-06","46.8","3.3","29.4","4259.3","16.4","21.6","11.3"
"USC00203585","HARBOR BEACH 1 SSE, MI US","43.8322","-82.6427","181.4","2010-01","0.0","-15.6","4.4",,"-5.4","-2.7","-8.0"
"USC00203585","HARBOR BEACH 1 SSE, MI US","43.8322","-82.6427","181.4","2010-02","0.0","-12.8","2.2",,"-4.9","-1.9","-7.8"
"USC00203585","HARBOR BEACH 1 SSE, MI US","43.8322","-82.6427","181.4","2010-03","0.0","-10.0","17.8",,"1.2","5.3","-2.9"
"USC00203585","HARBOR BEACH 1 SSE, MI US","43.8322","-82.6427","181.4","2010-04","1.4","-3.9","27.8",,"7.6","12.6","2.5"
"USC00203585","HARBOR BEACH 1 SSE, MI US","43.8322","-82.6427","181.4","2010-05","8.4","-1.1","27.2",,"13.1","17.5","8.8"
"USC00203585","HARBOR BEACH 1 SSE, MI US","43.8322","-82.6427","181.4","2010-06","24.6","6.1","28.9",,"17.0","20.9","13.0"
"US1MIWS0003","PLYMOUTH 5.4 W, MI US","42.382785","-83.571244","266.4","2010-01",,,,,,,
"US1MIWS0003","PLYMOUTH 5.4 W, MI US","42.382785","-83.571244","266.4","2010-03",,,,,,,
"US1MIWS0003","PLYMOUTH 5.4 W, MI US","42.382785","-83.571244","266.4","2010-04",,,,,,,
"US1MIWS0003","PLYMOUTH 5.4 W, MI US","42.382785","-83.571244","266.4","2010-05",,,,,,,
"US1MIWS0003","PLYMOUTH 5.4 W, MI US","42.382785","-83.571244","266.4","2010-06",,,,,,,
"USC00200197","AMASA 1 W, MI US","46.2347","-88.4544","448.1","2010-01","0.0","-26.7","6.7","2682.5","-9.2","-4.9","-13.5"
"USC00200197","AMASA 1 W, MI US","46.2347","-88.4544","448.1","2010-02","0.0","-22.2","2.8","3344.4","-8.1","-2.9","-13.4"
"USC00200197","AMASA 1 W, MI US","46.2347","-88.4544","448.1","2010-03","0.0","-18.3","18.3","3892.9","0.6","8.8","-7.5"
"USC00200197","AMASA 1 W, MI US","46.2347","-88.4544","448.1","2010-04","0.0","-8.3","24.4","4185.1","7.1","15.9","-1.7"
"USC00200197","AMASA 1 W, MI US","46.2347","-88.4544","448.1","2010-05","23.7","-6.1","32.8","4352.6","13.2","20.9","5.5"
"USC00200197","AMASA 1 W, MI US","46.2347","-88.4544","448.1","2010-06","42.0","-0.6","30.0","4426.8","16.3","22.1","10.4"
"USC00204793","LINDEN WWTP, MI US","42.8133","-83.8038","263.0","2010-01","0.0","-18.9","7.8",,"-5.5","-2.1","-8.8"
"USC00204793","LINDEN WWTP, MI US","42.8133","-83.8038","263.0","2010-02","0.0","-15.0","5.6",,"-4.9","-1.4","-8.4"
"USC00204793","LINDEN WWTP, MI US","42.8133","-83.8038","263.0","2010-03","0.0","-11.1","18.3",,"3.0","9.0","-3.0"
"USC00204793","LINDEN WWTP, MI US","42.8133","-83.8038","263.0","2010-04",,"-2.8",,,,,"3.6"
"USC00204793","LINDEN WWTP, MI US","42.8133","-83.8038","263.0","2010-05",,"-2.2","30.6",,"15.3","21.2","9.4"
"USC00204793","LINDEN WWTP, MI US","42.8133","-83.8038","263.0","2010-06",,"7.2","30.0",,"20.0","24.8","15.2"
"USC00202015","DEARBORN, MI US","42.31917","-83.23839","184.4","2010-01","0.0","-16.7","7.8","1819.0","-4.1","-0.7","-7.6"
"USC00202015","DEARBORN, MI US","42.31917","-83.23839","184.4","2010-02","0.0","-14.4","8.3","2392.1","-2.9","1.5","-7.3"
"USC00202015","DEARBORN, MI US","42.31917","-83.23839","184.4","2010-03",,"-12.2",,,,,"-4.1"
"USC00202015","DEARBORN, MI US","42.31917","-83.23839","184.4","2010-04",,"-3.9","28.9",,"11.4","19.1","3.7"
"USC00207820","STANDISH 4 NE, MI US","44.0126","-83.8977","187.5","2010-01","0.0","-17.8","6.1","2290.4","-5.5","-1.8","-9.2"
"USC00207820","STANDISH 4 NE, MI US","44.0126","-83.8977","187.5","2010-02","0.0","-14.4","5.6","2926.1","-4.4","-0.2","-8.5"
"USC00207820","STANDISH 4 NE, MI US","44.0126","-83.8977","187.5","2010-03",,,,,,,
"USC00207820","STANDISH 4 NE, MI US","44.0126","-83.8977","187.5","2010-04",,"-5.6","28.3",,"9.2","16.9","1.5"
"USC00207820","STANDISH 4 NE, MI US","44.0126","-83.8977","187.5","2010-05",,"-2.8","31.7",,"14.5","21.4","7.6"
"USC00207820","STANDISH 4 NE, MI US","44.0126","-83.8977","187.5","2010-06",,"4.4","30.6",,"18.4","24.5","12.3"
"USC00202016","DEARBORN NUMBER 2, MI US","42.3469","-83.1736","184.4","2010-01","0.0","-15.0","8.3","1928.0","-3.5","-0.2","-6.7"
"USC00202016","DEARBORN NUMBER 2, MI US","42.3469","-83.1736","184.4","2010-02","0.0","-11.1","8.3","2479.5","-2.1","1.4","-5.5"
"USC00202016","DEARBORN NUMBER 2, MI US","42.3469","-83.1736","184.4","2010-03",,,,,,,
"USC00202016","DEARBORN NUMBER 2, MI US","42.3469","-83.1736","184.4","2010-04",,"-1.7","28.9",,"11.6","18.7","4.5"
"USC00202016","DEARBORN NUMBER 2, MI US","42.3469","-83.1736","184.4","2010-05",,"0.6","32.2",,"16.7","22.7","10.7"
"USC00202016","DEARBORN NUMBER 2, MI US","42.3469","-83.1736","184.4","2010-06",,"9.4","31.7",,"22.0","27.5","16.5"
"US1MIHL0005","HILLSDALE 3.2 SW, MI US","41.8978","-84.6841","331.0","2010-06",,,,,,,
"USC00200094","ALBION, MI US","42.24941","-84.7732","285.0","2010-01",,,,,,,
"USC00200094","ALBION, MI US","42.24941","-84.7732","285.0","2010-02",,,,,,,
"USC00200094","ALBION, MI US","42.24941","-84.7732","285.0","2010-03",,,,,,,
"USC00200094","ALBION, MI US","42.24941","-84.7732","285.0","2010-04",,,,,,,
"USC00200094","ALBION, MI US","42.24941","-84.7732","285.0","2010-05",,,,,,,
"USC00200094","ALBION, MI US","42.24941","-84.7732","285.0","2010-06",,,,,,,
"US1MIWS0016","ANN ARBOR 1.5 N, MI US","42.297286","-83.731525","245.1","2010-03",,,,,,,
"US1MIWS0016","ANN ARBOR 1.5 N, MI US","42.297286","-83.731525","245.1","2010-04",,,,,,,
"US1MIWS0016","ANN ARBOR 1.5 N, MI US","42.297286","-83.731525","245.1","2010-05",,,,,,,
"US1MIWS0016","ANN ARBOR 1.5 N, MI US","42.297286","-83.731525","245.1","2010-06",,,,,,,
"US1MIHL0001","LITCHFIELD 0.3 ENE, MI US","42.045278","-84.753056","317.0","2010-01",,,,,,,
"US1MIHL0001","LITCHFIELD 0.3 ENE, MI US","42.045278","-84.753056","317.0","2010-02",,,,,,,
"US1MIHL0001","LITCHFIELD 0.3 ENE, MI US","42.045278","-84.753056","317.0","2010-03",,,,,,,
"US1MIHL0001","LITCHFIELD 0.3 ENE, MI US","42.045278","-84.753056","317.0","2010-04",,,,,,,
"US1MIHL0001","LITCHFIELD 0.3 ENE, MI US","42.045278","-84.753056","317.0","2010-05",,,,,,,
"US1MIHL0001","LITCHFIELD 0.3 ENE, MI US","42.045278","-84.753056","317.0","2010-06",,,,,,,
"USW00094850","MARQUETTE WEATHER FORECAST OFFICE, MI US","46.5313","-87.5491","431.3","2010-01","0.0","-22.2","5.0","2842.3","-8.0","-4.8","-11.1"
"USW00094850","MARQUETTE WEATHER FORECAST OFFICE, MI US","46.5313","-87.5491","431.3","2010-02","0.0","-21.1","2.8","3551.4","-7.0","-3.1","-10.9"
"USW00094850","MARQUETTE WEATHER FORECAST OFFICE, MI US","46.5313","-87.5491","431.3","2010-03","0.0","-17.8","21.1","4072.4","1.5","8.4","-5.3"
"USW00094850","MARQUETTE WEATHER FORECAST OFFICE, MI US","46.5313","-87.5491","431.3","2010-04","0.0","-7.2","24.4","4406.0","7.2","13.6","0.8"
"USW00094850","MARQUETTE WEATHER FORECAST OFFICE, MI US","46.5313","-87.5491","431.3","2010-05","25.6","-4.4","32.8","4591.9","13.2","19.4","6.9"
"USW00094850","MARQUETTE WEATHER FORECAST OFFICE, MI US","46.5313","-87.5491","431.3","2010-06","36.2","2.8","30.0","4695.8","15.2","20.3","10.2"
"US1MIHL0004","JONESVILLE 5.9 ENE, MI US","42.014718","-84.561902","364.8","2010-01",,,,,,,
"US1MIHL0004","JONESVILLE 5.9 ENE, MI US","42.014718","-84.561902","364.8","2010-02",,,,,,,
"US1MIHL0004","JONESVILLE 5.9 ENE, MI US","42.014718","-84.561902","364.8","2010-03",,,,,,,
"US1MIHL0004","JONESVILLE 5.9 ENE, MI US","42.014718","-84.561902","364.8","2010-04",,,,,,,
"US1MIHL0004","JONESVILLE 5.9 ENE, MI US","42.014718","-84.561902","364.8","2010-05",,,,,,,
"US1MIHL0004","JONESVILLE 5.9 ENE, MI US","42.014718","-84.561902","364.8","2010-06",,,,,,,
"US1MIGG0002","IRONWOOD 1.0 E, MI US","46.455629","-90.13105","516.0","2010-04",,,,,,,
"US1MIGG0002","IRONWOOD 1.0 E, MI US","46.455629","-90.13105","516.0","2010-05",,,,,,,
"US1MIGG0002","IRONWOOD 1.0 E, MI US","46.455629","-90.13105","516.0","2010-06",,,,,,,
"USC00206507","PETOSKEY, MI US","45.3725","-84.9766","182.6","2010-01","0.0","-18.3","6.7","2308.6","-5.1","-2.1","-8.2"
"USC00206507","PETOSKEY, MI US","45.3725","-84.9766","182.6","2010-02","0.0","-13.3","2.2","2971.2","-5.3","-2.2","-8.5"
"USC00206507","PETOSKEY, MI US","45.3725","-84.9766","182.6","2010-03","0.0","-9.4","16.1","3488.4","1.6","5.8","-2.5"
"USC00206507","PETOSKEY, MI US","45.3725","-84.9766","182.6","2010-04","0.5","-2.2","28.3","3779.0","8.2","13.6","2.9"
"USC00206507","PETOSKEY, MI US","45.3725","-84.9766","182.6","2010-05","18.0","-1.1","30.0","3946.6","13.5","18.4","8.6"
"USC00206507","PETOSKEY, MI US","45.3725","-84.9766","182.6","2010-06","32.1","5.6","29.4","4012.0","16.6","20.4","12.8"
"US1MIGG0004","WATERSMEET 5.0 SE, MI US","46.203333","-89.131667","518.5","2010-01",,,,,,,
"US1MIGG0004","WATERSMEET 5.0 SE, MI US","46.203333","-89.131667","518.5","2010-04",,,,,,,
"US1MIGG0004","WATERSMEET 5.0 SE, MI US","46.203333","-89.131667","518.5","2010-05",,,,,,,
"US1MIGG0004","WATERSMEET 5.0 SE, MI US","46.203333","-89.131667","518.5","2010-06",,,,,,,
"USC00205533","MIO WWTP, MI US","44.6466","-84.1158","316.1","2010-01","0.0","-21.1","8.9","2475.8","-5.7","-1.7","-9.8"
"USC00205533","MIO WWTP, MI US","44.6466","-84.1158","316.1","2010-02","0.0","-19.4","6.1","3143.0","-5.5","-0.4","-10.6"
"USC00205533","MIO WWTP, MI US","44.6466","-84.1158","316.1","2010-03","0.0","-15.0","18.9","3619.0","2.5","10.4","-5.4"
"USC00205533","MIO WWTP, MI US","44.6466","-84.1158","316.1","2010-04","1.1","-6.7","28.3","3915.8","8.5","16.8","0.1"
"USC00205533","MIO WWTP, MI US","44.6466","-84.1158","316.1","2010-05","31.9","-4.4","32.8","4074.3","14.2","22.0","6.4"
"USC00205533","MIO WWTP, MI US","44.6466","-84.1158","316.1","2010-06","64.2","2.2","30.0","4128.8","17.6","23.5","11.7"
"US1MIWS0015","ANN ARBOR 2.1 WNW, MI US","42.286541","-83.769909","274.0","2010-01",,,,,,,
"US1MIWS0015","ANN ARBOR 2.1 WNW, MI US","42.286541","-83.769909","274.0","2010-02",,,,,,,
"US1MIWS0015","ANN ARBOR 2.1 WNW, MI US","42.286541","-83.769909","274.0","2010-03",,,,,,,
"US1MIWS0015","ANN ARBOR 2.1 WNW, MI US","42.286541","-83.769909","274.0","2010-04",,,,,,,
"US1MIWS0015","ANN ARBOR 2.1 WNW, MI US","42.286541","-83.769909","274.0","2010-05",,,,,,,
"US1MIWS0015","ANN ARBOR 2.1 WNW, MI US","42.286541","-83.769909","274.0","2010-06",,,,,,,
"US1MISG0010","SAGINAW 2.8 S, MI US","43.378889","-83.940278","180.1","2010-05",,,,,,,
"US1MISG0011","SAGINAW 3.0 NW, MI US","43.45566","-83.98455","185.6","2010-05",,,,,,,
"US1MISG0011","SAGINAW 3.0 NW, MI US","43.45566","-83.98455","185.6","2010-06",,,,,,,
"US1MIWS0014","YPSILANTI 2.5 WSW, MI US","42.231639","-83.666552","252.1","2010-06",,,,,,,
"USC00204320","KENT CITY 2 SW, MI US","43.2036","-85.7776","247.8","2010-01","0.0","-20.0","7.2",,"-5.2","-0.4","-9.9"
"USC00204320","KENT CITY 2 SW, MI US","43.2036","-85.7776","247.8","2010-02","0.0","-16.7","9.4",,"-3.6","2.1","-9.3"
"USC00204320","KENT CITY 2 SW, MI US","43.2036","-85.7776","247.8","2010-03",,,,,,,
"USC00204320","KENT CITY 2 SW, MI US","43.2036","-85.7776","247.8","2010-04",,"-3.3","27.8",,"10.3","18.3","2.4"
"USC00204320","KENT CITY 2 SW, MI US","43.2036","-85.7776","247.8","2010-05",,"-4.4","32.8",,"14.6","22.2","7.1"
"USC00204320","KENT CITY 2 SW, MI US","43.2036","-85.7776","247.8","2010-06",,"5.6","31.7",,"18.9","26.2","11.6"
"USC00206982","RICHMOND 4 NNW, MI US","42.8783","-82.7958","233.2","2010-01","0.0","-18.9","5.6",,"-5.5","-2.1","-8.9"
"USC00206982","RICHMOND 4 NNW, MI US","42.8783","-82.7958","233.2","2010-02","0.0","-13.9","4.4",,"-4.6","-1.0","-8.1"
"USC00206982","RICHMOND 4 NNW, MI US","42.8783","-82.7958","233.2","2010-03","0.0","-10.6","18.3",,"3.0","8.3","-2.4"
"USC00206982","RICHMOND 4 NNW, MI US","42.8783","-82.7958","233.2","2010-04","0.0","-4.4","27.2",,"9.9","16.5","3.2"
"USC00206982","RICHMOND 4 NNW, MI US","42.8783","-82.7958","233.2","2010-05","34.1","-0.6","31.1",,"15.7","21.4","9.9"
"USC00206982","RICHMOND 4 NNW, MI US","42.8783","-82.7958","233.2","2010-06","101.3","6.7","31.1",,"20.1","25.6","14.5"
"USC00200089","ALBERTA FORD FOR CENTER, MI US","46.6448","-88.4812","399.3","2010-01","0.0","-24.4","8.3","2778.1","-8.5","-5.0","-12.0"
"USC00200089","ALBERTA FORD FOR CENTER, MI US","46.6448","-88.4812","399.3","2010-02","0.0","-21.1","3.9","3517.3","-8.1","-3.3","-12.8"
"USC00200089","ALBERTA FORD FOR CENTER, MI US","46.6448","-88.4812","399.3","2010-03","0.0","-16.7","15.0","4026.0","1.9","8.6","-4.7"
"USC00200089","ALBERTA FORD FOR CENTER, MI US","46.6448","-88.4812","399.3","2010-04","0.0","-8.3","25.0","4354.3","7.4","14.1","0.6"
"USC00200089","ALBERTA FORD FOR CENTER, MI US","46.6448","-88.4812","399.3","2010-05","27.6","-3.9","33.9","4530.7","13.5","19.8","7.3"
"USC00200089","ALBERTA FORD FOR CENTER, MI US","46.6448","-88.4812","399.3","2010-06","42.1","1.7","30.0","4620.8","15.8","20.5","11.1"
"US1MIWS0011","ANN ARBOR 2.1 WNW, MI US","42.283233","-83.771503","275.5","2010-01",,,,,,,
"US1MIWS0011","ANN ARBOR 2.1 WNW, MI US","42.283233","-83.771503","275.5","2010-02",,,,,,,
"US1MIWS0011","ANN ARBOR 2.1 WNW, MI US","42.283233","-83.771503","275.5","2010-03",,,,,,,
"US1MIWS0011","ANN ARBOR 2.1 WNW, MI US","42.283233","-83.771503","275.5","2010-04",,,,,,,
"US1MIWS0011","ANN ARBOR 2.1 WNW, MI US","42.283233","-83.771503","275.5","2010-06",,,,,,,
"USC00201178","CADILLAC 9 AND 10 NEWS, MI US","44.21138","-85.40865","415.4","2010-01","0.0","-23.3","5.0",,"-6.3","-2.8","-9.8"
"USC00201178","CADILLAC 9 AND 10 NEWS, MI US","44.21138","-85.40865","415.4","2010-02","0.0","-19.4","5.0",,"-5.7","-0.7","-10.8"
"USC00201178","CADILLAC 9 AND 10 NEWS, MI US","44.21138","-85.40865","415.4","2010-03","0.0","-17.2","17.8",,"1.9","9.8","-5.9"
"USC00201178","CADILLAC 9 AND 10 NEWS, MI US","44.21138","-85.40865","415.4","2010-04","0.8","-6.1","27.2",,"8.7","15.9","1.6"
"USC00201178","CADILLAC 9 AND 10 NEWS, MI US","44.21138","-85.40865","415.4","2010-05","31.4","-4.4","31.1",,"14.1","20.8","7.4"
"USC00201178","CADILLAC 9 AND 10 NEWS, MI US","44.21138","-85.40865","415.4","2010-06","60.0","3.3","29.4",,"17.7","23.5","11.9"
"USC00201299","CARO WWTP, MI US","43.4838","-83.3919","210.3","2010-01","0.0","-18.3","6.7","2093.3","-5.3","-1.8","-8.8"
"USC00201299","CARO WWTP, MI US","43.4838","-83.3919","210.3","2010-02","0.0","-16.7","5.6","2745.5","-5.0","-1.0","-8.9"
"USC00201299","CARO WWTP, MI US","43.4838","-83.3919","210.3","2010-03","0.0","-11.7","18.3","3177.5","2.9","9.1","-3.2"
"USC00201299","CARO WWTP, MI US","43.4838","-83.3919","210.3","2010-04","3.9","-3.3","28.3","3429.0","10.1","17.1","3.1"
"USC00201299","CARO WWTP, MI US","43.4838","-83.3919","210.3","2010-05","41.1","-1.7","32.2","3550.1","15.6","22.1","9.1"
"USC00201299","CARO WWTP, MI US","43.4838","-83.3919","210.3","2010-06","108.1","5.6","31.1","3571.8","19.8","25.6","14.0"
"US1MIWS0010","ANN ARBOR 5.1 SSW, MI US","42.203803","-83.754922","255.4","2010-01",,,,,,,
"US1MIWS0010","ANN ARBOR 5.1 SSW, MI US","42.203803","-83.754922","255.4","2010-03",,,,,,,
"USC00203477","GROSSE POINTE FARMS, MI US","42.4077","-82.8891","186.8","2010-01","0.0","-15.6","6.1",,"-4.8","-2.3","-7.3"
"USC00203477","GROSSE POINTE FARMS, MI US","42.4077","-82.8891","186.8","2010-02","0.0","-12.8","5.6",,"-3.2","-0.4","-6.0"
"USC00203477","GROSSE POINTE FARMS, MI US","42.4077","-82.8891","186.8","2010-03","0.0","-7.2","19.4",,"3.3","7.7","-1.1"
"USC00203477","GROSSE POINTE FARMS, MI US","42.4077","-82.8891","186.8","2010-04","0.8","0.6","28.9",,"10.9","16.9","4.9"
"USC00203477","GROSSE POINTE FARMS, MI US","42.4077","-82.8891","186.8","2010-05","25.8","0.6","27.8",,"15.5","20.4","10.7"
"USC00203477","GROSSE POINTE FARMS, MI US","42.4077","-82.8891","186.8","2010-06","106.7","6.7","30.6",,"20.9","26.1","15.6"
"USC00208920","WHITEFISH POINT, MI US","46.7475","-84.9857","189.6","2010-01","0.0","-22.8","2.8","2600.2","-7.7","-3.5","-11.9"
"USC00208920","WHITEFISH POINT, MI US","46.7475","-84.9857","189.6","2010-02","0.0","-16.1","1.1","3256.5","-6.0","-2.2","-9.7"
"USC00208920","WHITEFISH POINT, MI US","46.7475","-84.9857","189.6","2010-03","0.0","-13.9","12.2","3827.6","-0.1","5.8","-5.9"
"USC00208920","WHITEFISH POINT, MI US","46.7475","-84.9857","189.6","2010-04","0.0","-5.0","17.8","4236.3","4.2","10.4","-1.9"
"USC00208920","WHITEFISH POINT, MI US","46.7475","-84.9857","189.6","2010-05","0.6","-4.4","26.7","4460.1","10.6","18.3","3.1"
"USC00208920","WHITEFISH POINT, MI US","46.7475","-84.9857","189.6","2010-06","0.6","1.1","23.9","4614.6","13.2","19.0","7.4"
"USC00208800","WEST BRANCH 3 SE, MI US","44.2541","-84.2011","269.7","2010-01","0.0","-19.4","5.0","2480.8","-6.3","-2.3","-10.3"
"USC00208800","WEST BRANCH 3 SE, MI US","44.2541","-84.2011","269.7","2010-02","0.0","-15.6","5.6","3133.8","-5.0","-0.6","-9.3"
"USC00208800","WEST BRANCH 3 SE, MI US","44.2541","-84.2011","269.7","2010-03","0.0","-10.0","18.3","3609.1","3.0","10.4","-4.4"
"USC00208800","WEST BRANCH 3 SE, MI US","44.2541","-84.2011","269.7","2010-04","0.0","-5.0","28.3","3895.3","8.8","17.0","0.6"
"USC00208800","WEST BRANCH 3 SE, MI US","44.2541","-84.2011","269.7","2010-05","32.0","-2.8","31.7","4035.4","14.9","22.2","7.5"
"USC00208800","WEST BRANCH 3 SE, MI US","44.2541","-84.2011","269.7","2010-06","61.9","5.0","30.0","4071.0","18.1","24.4","11.9"
"USW00094860","GRAND RAPIDS GERALD R FORD INTERNATIONAL AIRPORT, MI US","42.8821","-85.52297","240.3","2010-01","0.0","-15.6","9.4","2043.4","-3.9","-1.1","-6.7"
"USW00094860","GRAND RAPIDS GERALD R FORD INTERNATIONAL AIRPORT, MI US","42.8821","-85.52297","240.3","2010-02","0.0","-13.3","3.9","2632.0","-2.7","0.1","-5.5"
"USW00094860","GRAND RAPIDS GERALD R FORD INTERNATIONAL AIRPORT, MI US","42.8821","-85.52297","240.3","2010-03","0.0","-8.3","25.6","3041.8","5.1","11.0","-0.8"
"USW00094860","GRAND RAPIDS GERALD R FORD INTERNATIONAL AIRPORT, MI US","42.8821","-85.52297","240.3","2010-04","6.1","-1.7","28.3","3237.1","12.0","18.7","5.3"
"USW00094860","GRAND RAPIDS GERALD R FORD INTERNATIONAL AIRPORT, MI US","42.8821","-85.52297","240.3","2010-05","56.9","-0.6","32.2","3346.9","16.4","21.8","11.1"
"USW00094860","GRAND RAPIDS GERALD R FORD INTERNATIONAL AIRPORT, MI US","42.8821","-85.52297","240.3","2010-06","138.4","10.0","31.7","3358.2","20.7","25.8","15.6"
"US1MIBH0001","BRONSON 5.9 SE, MI US","41.825123","-85.096779","293.5","2010-01",,,,,,,
"US1MIBH0001","BRONSON 5.9 SE, MI US","41.825123","-85.096779","293.5","2010-02",,,,,,,
"US1MIBH0001","BRONSON 5.9 SE, MI US","41.825123","-85.096779","293.5","2010-03",,,,,,,
"US1MIBH0001","BRONSON 5.9 SE, MI US","41.825123","-85.096779","293.5","2010-04",,,,,,,
"US1MIBH0001","BRONSON 5.9 SE, MI US","41.825123","-85.096779","293.5","2010-05",,,,,,,
"US1MIBH0001","BRONSON 5.9 SE, MI US","41.825123","-85.096779","293.5","2010-06",,,,,,,
"USC00202395","EAST LANSING 4 S, MI US","42.67417","-84.485","268.2","2010-01","0.0","-17.8","7.8",,"-4.3","-1.0","-7.6"
"USC00202395","EAST LANSING 4 S, MI US","42.67417","-84.485","268.2","2010-02","0.0","-12.2","4.4",,"-3.3","-0.1","-6.5"
"USC00202395","EAST LANSING 4 S, MI US","42.67417","-84.485","268.2","2010-03","0.0","-11.7","23.3",,"4.3","10.5","-1.9"
"USC00206510","PETOSKEY NCMC, MI US","45.3613","-84.9512","228.0","2010-01","0.0","-20.6","6.7","2480.8","-6.1","-2.6","-9.6"
"USC00206510","PETOSKEY NCMC, MI US","45.3613","-84.9512","228.0","2010-02","0.0","-17.2","3.9","3160.8","-5.9","-1.9","-10.0"
"USC00206510","PETOSKEY NCMC, MI US","45.3613","-84.9512","228.0","2010-03","0.0","-13.3","16.7","3680.7","1.6","7.4","-4.3"
"USC00206510","PETOSKEY NCMC, MI US","45.3613","-84.9512","228.0","2010-04","1.1","-2.8","28.9","3975.3","8.6","14.9","2.2"
"USC00206510","PETOSKEY NCMC, MI US","45.3613","-84.9512","228.0","2010-05","33.9","-3.3","31.7","4135.8","14.2","20.1","8.3"
"USC00206510","PETOSKEY NCMC, MI US","45.3613","-84.9512","228.0","2010-06","55.4","3.9","31.1","4196.5","17.0","22.0","12.0"
"USC00205662","CENTRAL MICHIGAN UNIVERSITY, MI US","43.5859","-84.7694","242.3","2010-01","0.0","-15.6","6.1",,"-5.1","-2.1","-8.2"
"USC00205662","CENTRAL MICHIGAN UNIVERSITY, MI US","43.5859","-84.7694","242.3","2010-02","0.0","-12.2","3.9",,"-3.7","-0.3","-7.2"
"USC00205662","CENTRAL MICHIGAN UNIVERSITY, MI US","43.5859","-84.7694","242.3","2010-03","0.0","-8.3","18.3",,"4.2","10.2","-1.8"
"USC00205662","CENTRAL MICHIGAN UNIVERSITY, MI US","43.5859","-84.7694","242.3","2010-04","3.4","-1.1","28.9",,"10.6","17.4","3.8"
"USC00205662","CENTRAL MICHIGAN UNIVERSITY, MI US","43.5859","-84.7694","242.3","2010-05","49.8","0.0","32.8",,"15.9","21.9","9.8"
"USC00205662","CENTRAL MICHIGAN UNIVERSITY, MI US","43.5859","-84.7694","242.3","2010-06","125.3","8.3","31.7",,"20.5","26.7","14.3"
"USW00094871","BENTON HARBOR, MI US","42.12894","-86.41518","195.4","2010-01","0.0","-19.9","10.0","2064.2","-3.9","-0.7","-7.1"
"USW00094871","BENTON HARBOR, MI US","42.12894","-86.41518","195.4","2010-02","0.0","-13.2","5.0","2653.3","-2.7","0.1","-5.6"
"USW00094871","BENTON HARBOR, MI US","42.12894","-86.41518","195.4","2010-03","0.0","-9.9","25.6","3099.8","3.9","9.7","-1.9"
"USW00094871","BENTON HARBOR, MI US","42.12894","-86.41518","195.4","2010-04","10.0","-2.7","28.3","3321.0","11.3","17.8","4.8"
"USW00094871","BENTON HARBOR, MI US","42.12894","-86.41518","195.4","2010-05","42.5","-1.0","32.8","3438.0","15.6","21.2","10.0"
"USW00094871","BENTON HARBOR, MI US","42.12894","-86.41518","195.4","2010-06","113.9","7.8","31.7","3462.8","19.9","24.9","14.9"
"US1MIOW0026","GRAND HAVEN 4.2 S, MI US","42.995035","-86.218045","192.0","2010-03",,,,,,,
"US1MIOW0026","GRAND HAVEN 4.2 S, MI US","42.995035","-86.218045","192.0","2010-04",,,,,,,
"US1MIOW0025","HOLLAND 5.1 WNW, MI US","42.801147","-86.194791","182.6","2010-01",,,,,,,
"US1MIOW0025","HOLLAND 5.1 WNW, MI US","42.801147","-86.194791","182.6","2010-02",,,,,,,
"US1MIOW0025","HOLLAND 5.1 WNW, MI US","42.801147","-86.194791","182.6","2010-03",,,,,,,
"US1MIOW0025","HOLLAND 5.1 WNW, MI US","42.801147","-86.194791","182.6","2010-04",,,,,,,
"US1MIOW0025","HOLLAND 5.1 WNW, MI US","42.801147","-86.194791","182.6","2010-05",,,,,,,
"USC00208706","WATTON 2 WSW, MI US","46.52664","-88.64243","424.9","2010-01","0.0","-23.3","7.2","2959.8","-8.7","-5.5","-12.0"
"USC00208706","WATTON 2 WSW, MI US","46.52664","-88.64243","424.9","2010-02","0.0","-18.3","2.8","3700.7","-8.1","-3.6","-12.7"
"USC00208706","WATTON 2 WSW, MI US","46.52664","-88.64243","424.9","2010-03","0.0","-15.6","15.0","4226.6","1.4","7.9","-5.2"
"USC00208706","WATTON 2 WSW, MI US","46.52664","-88.64243","424.9","2010-04","0.0","-8.9","24.4","4586.4","6.3","13.9","-1.2"
"USC00208706","WATTON 2 WSW, MI US","46.52664","-88.64243","424.9","2010-05","20.5","-6.1","31.1","4799.6","12.1","19.1","5.1"
"USC00208706","WATTON 2 WSW, MI US","46.52664","-88.64243","424.9","2010-06","28.0","0.6","27.2","4917.7","14.6","19.2","10.1"
"US1MIOW0029","HOLLAND 4.2 NNE, MI US","42.827726","-86.069676","196.0","2010-06",,,,,,,
"USC00205434","MIDLAND, MI US","43.6088","-84.2011","195.1","2010-01","0.0","-17.8","6.1","2040.2","-5.6","-2.2","-9.0"
"USC00205434","MIDLAND, MI US","43.6088","-84.2011","195.1","2010-02","0.0","-12.8","5.0","2647.1","-3.3","0.1","-6.8"
"USC00205434","MIDLAND, MI US","43.6088","-84.2011","195.1","2010-03","0.0","-8.3","23.9","3074.6","4.5","10.4","-1.3"
"USC00205434","MIDLAND, MI US","43.6088","-84.2011","195.1","2010-04","5.3","-2.2","27.8","3302.0","10.9","17.2","4.6"
"USC00205434","MIDLAND, MI US","43.6088","-84.2011","195.1","2010-05","56.7","-1.7","31.7","3404.1","16.6","21.9","11.2"
"USC00205434","MIDLAND, MI US","43.6088","-84.2011","195.1","2010-06","127.5","7.8","31.1","3421.9","20.1","25.2","15.0"
"US1MIAC0001","MIKADO 2.3 SE, MI US","44.569671","-83.385862","201.8","2010-01",,,,,,,
"US1MIAC0001","MIKADO 2.3 SE, MI US","44.569671","-83.385862","201.8","2010-02",,,,,,,
"US1MIAC0001","MIKADO 2.3 SE, MI US","44.569671","-83.385862","201.8","2010-03",,,,,,,
"US1MIAC0001","MIKADO 2.3 SE, MI US","44.569671","-83.385862","201.8","2010-04",,,,,,,
"US1MIAC0001","MIKADO 2.3 SE, MI US","44.569671","-83.385862","201.8","2010-05",,,,,,,
"US1MIAC0001","MIKADO 2.3 SE, MI US","44.569671","-83.385862","201.8","2010-06",,,,,,,
"USR0000MSEN","SENEY MICHIGAN, MI US","46.2403","-85.9428","221.3","2010-01","0.0","-23.9","7.2","2588.1","-6.4","-2.6","-10.2"
"USR0000MSEN","SENEY MICHIGAN, MI US","46.2403","-85.9428","221.3","2010-02","0.0","-20.0","7.2","3235.9","-4.8","0.3","-9.9"
"USR0000MSEN","SENEY MICHIGAN, MI US","46.2403","-85.9428","221.3","2010-03","0.0","-15.0","19.4","3712.6","2.9","10.4","-4.5"
"USR0000MSEN","SENEY MICHIGAN, MI US","46.2403","-85.9428","221.3","2010-04","0.0","-4.4","22.8","4017.6","7.4","14.3","0.5"
"USR0000MSEN","SENEY MICHIGAN, MI US","46.2403","-85.9428","221.3","2010-05","14.2","-4.4","29.4","4189.1","13.3","20.2","6.3"
"USR0000MSEN","SENEY MICHIGAN, MI US","46.2403","-85.9428","221.3","2010-06","26.4","4.4","28.3","4273.9","15.9","21.4","10.4"
"US1MIOW0020","HUDSONVILLE 0.3 E, MI US","42.865302","-85.857425","198.1","2010-01",,,,,,,
"US1MIOW0020","HUDSONVILLE 0.3 E, MI US","42.865302","-85.857425","198.1","2010-02",,,,,,,
"US1MIOW0020","HUDSONVILLE 0.3 E, MI US","42.865302","-85.857425","198.1","2010-03",,,,,,,
"US1MIOW0020","HUDSONVILLE 0.3 E, MI US","42.865302","-85.857425","198.1","2010-04",,,,,,,
"US1MIOW0020","HUDSONVILLE 0.3 E, MI US","42.865302","-85.857425","198.1","2010-05",,,,,,,
"US1MIOW0020","HUDSONVILLE 0.3 E, MI US","42.865302","-85.857425","198.1","2010-06",,,,,,,
"USC00208941","WHITE LAKE 4 E, MI US","42.698","-83.4716","321.0","2010-01","0.0","-20.6","6.7","2260.5","-5.7","-2.1","-9.4"
"USC00208941","WHITE LAKE 4 E, MI US","42.698","-83.4716","321.0","2010-02","0.0","-17.2","5.0","2902.7","-4.6","-1.1","-8.1"
"USC00208941","WHITE LAKE 4 E, MI US","42.698","-83.4716","321.0","2010-03","0.0","-11.1","21.7","3351.9","3.8","10.0","-2.3"
"USC00208941","WHITE LAKE 4 E, MI US","42.698","-83.4716","321.0","2010-04","1.4","-3.9","27.8","3585.5","10.6","17.4","3.8"
"USC00208941","WHITE LAKE 4 E, MI US","42.698","-83.4716","321.0","2010-05","30.1","-2.2","30.6","3712.6","15.2","21.3","9.1"
"USC00208941","WHITE LAKE 4 E, MI US","42.698","-83.4716","321.0","2010-06","90.1","5.6","30.0","3733.7","19.7","25.0","14.3"
"USC00204104","IRONWOOD, MI US","46.4656","-90.1892","435.9","2010-01","0.0","-25.6","4.4","2878.3","-9.6","-5.8","-13.3"
"USC00204104","IRONWOOD, MI US","46.4656","-90.1892","435.9","2010-02","0.0","-24.4","2.8","3666.8","-9.8","-3.6","-16.1"
"USC00204104","IRONWOOD, MI US","46.4656","-90.1892","435.9","2010-03","0.0","-19.4","18.9","4193.8","1.3","8.6","-5.9"
"USC00204104","IRONWOOD, MI US","46.4656","-90.1892","435.9","2010-04","0.0","-7.2","25.0","4518.5","7.5","14.6","0.4"
"USC00204104","IRONWOOD, MI US","46.4656","-90.1892","435.9","2010-05","17.0","-3.9","31.7","4695.3","13.0","19.2","6.8"
"USC00204104","IRONWOOD, MI US","46.4656","-90.1892","435.9","2010-06","34.0","2.2","29.4","4777.3","16.2","21.4","10.9"
"US1MIOW0021","JENISON 1.5 WNW, MI US","42.918576","-85.856887","212.1","2010-01",,,,,,,
"US1MIOW0021","JENISON 1.5 WNW, MI US","42.918576","-85.856887","212.1","2010-02",,,,,,,
"US1MIOW0021","JENISON 1.5 WNW, MI US","42.918576","-85.856887","212.1","2010-03",,,,,,,
"US1MIOW0021","JENISON 1.5 WNW, MI US","42.918576","-85.856887","212.1","2010-04",,,,,,,
"US1MIOW0021","JENISON 1.5 WNW, MI US","42.918576","-85.856887","212.1","2010-05",,,,,,,
"US1MIOL0001","REED CITY 9.3 NE, MI US","43.970592","-85.380751","394.4","2010-01",,,,,,,
"US1MIOL0001","REED CITY 9.3 NE, MI US","43.970592","-85.380751","394.4","2010-03",,,,,,,
"US1MIOL0001","REED CITY 9.3 NE, MI US","43.970592","-85.380751","394.4","2010-04",,,,,,,
"US1MIOL0001","REED CITY 9.3 NE, MI US","43.970592","-85.380751","394.4","2010-05",,,,,,,
"USC00208043","TAHQUAMENON FALLS S P, MI US","46.6013","-85.2238","227.1","2010-01","0.0","-26.1","1.7","2857.5","-8.3","-4.9","-11.7"
"USC00208043","TAHQUAMENON FALLS S P, MI US","46.6013","-85.2238","227.1","2010-02","0.0","-21.7","4.4","3584.0","-7.6","-2.6","-12.6"
"USC00208043","TAHQUAMENON FALLS S P, MI US","46.6013","-85.2238","227.1","2010-03","0.0","-18.3","17.2","4140.7","0.4","7.6","-6.9"
"USC00208043","TAHQUAMENON FALLS S P, MI US","46.6013","-85.2238","227.1","2010-04","0.0","-6.1","25.0","4495.7","6.5","14.2","-1.2"
"USC00208043","TAHQUAMENON FALLS S P, MI US","46.6013","-85.2238","227.1","2010-05","17.3","-6.1","32.8","4695.7","12.4","20.4","4.4"
"USC00208043","TAHQUAMENON FALLS S P, MI US","46.6013","-85.2238","227.1","2010-06","22.4","-0.6","28.9","4820.8","14.3","21.2","7.4"
"USC00201768","COOKS 2 NE, MI US","45.9248","-86.4435","225.6","2010-01",,,,,,,
"USC00201768","COOKS 2 NE, MI US","45.9248","-86.4435","225.6","2010-03",,,,,,,
"USC00201768","COOKS 2 NE, MI US","45.9248","-86.4435","225.6","2010-04",,,,,,,
"USC00201768","COOKS 2 NE, MI US","45.9248","-86.4435","225.6","2010-05",,,,,,,
"USC00201768","COOKS 2 NE, MI US","45.9248","-86.4435","225.6","2010-06",,,,,,,
"US1MIMB0022","UTICA 0.8 NNW, MI US","42.639577","-83.027232","198.4","2010-05",,,,,,,
"US1MIMB0022","UTICA 0.8 NNW, MI US","42.639577","-83.027232","198.4","2010-06",,,,,,,
"USC00203823","HILLSDALE, MI US","41.9352","-84.6411","329.2","2010-01","0.0","-18.3","8.3","2165.1","-5.5","-2.2","-8.8"
"USC00203823","HILLSDALE, MI US","41.9352","-84.6411","329.2","2010-02","0.0","-16.1","5.6","2801.7","-4.4","-0.5","-8.3"
"USC00203823","HILLSDALE, MI US","41.9352","-84.6411","329.2","2010-03","0.0","-11.7","22.2","3230.1","4.1","10.4","-2.1"
"USC00203823","HILLSDALE, MI US","41.9352","-84.6411","329.2","2010-04","11.0","0.6","28.3","3385.4","13.4","19.9","6.9"
"USC00203823","HILLSDALE, MI US","41.9352","-84.6411","329.2","2010-05","47.9","2.2","30.6","3457.7","17.2","22.8","11.6"
"USC00203823","HILLSDALE, MI US","41.9352","-84.6411","329.2","2010-06","134.1","7.8","31.7","3466.0","20.9","26.2","15.6"
"USC00203947","HOWELL WWTP, MI US","42.59382","-83.93251","279.5","2010-01","0.0","-17.2","8.3","2159.4","-5.0","-1.2","-8.7"
"USC00203947","HOWELL WWTP, MI US","42.59382","-83.93251","279.5","2010-02","0.0","-16.1","6.1","2788.2","-4.1","0.1","-8.4"
"USC00203947","HOWELL WWTP, MI US","42.59382","-83.93251","279.5","2010-03","0.0","-12.8","19.4","3248.5","3.5","10.3","-3.4"
"USC00203947","HOWELL WWTP, MI US","42.59382","-83.93251","279.5","2010-04","1.4","-4.4","28.3","3488.5","10.4","18.0","2.8"
"USC00203947","HOWELL WWTP, MI US","42.59382","-83.93251","279.5","2010-05","36.9","-2.2","31.7","3605.4","15.7","22.2","9.2"
"USC00203947","HOWELL WWTP, MI US","42.59382","-83.93251","279.5","2010-06","116.1","6.1","31.7","3620.1","20.5","26.6","14.5"
"USC00202851","FLINT 7 W, MI US","43.0377","-83.7694","207.0","2010-01","0.0","-18.9","7.8","2142.3","-5.2","-1.5","-8.9"
"USC00202851","FLINT 7 W, MI US","43.0377","-83.7694","207.0","2010-02","0.0","-15.0","5.6","2761.8","-4.6","-0.6","-8.6"
"USC00202851","FLINT 7 W, MI US","43.0377","-83.7694","207.0","2010-03","0.0","-11.7","18.9","3203.2","3.5","9.8","-2.7"
"USC00202851","FLINT 7 W, MI US","43.0377","-83.7694","207.0","2010-04","4.7","-3.9","27.2","3445.9","10.4","17.1","3.7"
"USC00202851","FLINT 7 W, MI US","43.0377","-83.7694","207.0","2010-05","43.1","-2.2","30.6","3568.5","15.6","21.6","9.7"
"USC00202851","FLINT 7 W, MI US","43.0377","-83.7694","207.0","2010-06","116.9","7.2","31.1","3586.6","20.2","25.3","15.1"
"USC00209006","WILLIAMSTON, MI US","42.7103","-84.2503","272.8","2010-02",,,,,,,
"USC00200552","BATTLE CREEK 5 NW, MI US","42.3678","-85.2634","281.3","2010-01",,,,,,,
"USC00200552","BATTLE CREEK 5 NW, MI US","42.3678","-85.2634","281.3","2010-02",,"-15.0","6.1",,"-3.0","0.8","-6.8"
"USC00200552","BATTLE CREEK 5 NW, MI US","42.3678","-85.2634","281.3","2010-03",,"-12.2","23.9",,"5.6","12.1","-1.0"
"USC00200552","BATTLE CREEK 5 NW, MI US","42.3678","-85.2634","281.3","2010-04",,"-2.8","28.3",,"14.0","20.6","7.4"
"USC00200552","BATTLE CREEK 5 NW, MI US","42.3678","-85.2634","281.3","2010-05",,"-3.3","32.2",,"16.3","23.1","9.5"
"USC00200552","BATTLE CREEK 5 NW, MI US","42.3678","-85.2634","281.3","2010-06",,"6.1","31.1",,"19.6","26.1","13.0"
"USC00201522","CHESANING, MI US","43.1936","-84.1113","189.0","2010-01",,,,,,,
"USC00201522","CHESANING, MI US","43.1936","-84.1113","189.0","2010-02",,,,,,,
"USC00201522","CHESANING, MI US","43.1936","-84.1113","189.0","2010-03",,,,,,,
"USC00201522","CHESANING, MI US","43.1936","-84.1113","189.0","2010-04",,,,,,,
"USC00201522","CHESANING, MI US","43.1936","-84.1113","189.0","2010-05",,,,,,,
"USC00201522","CHESANING, MI US","43.1936","-84.1113","189.0","2010-06",,,,,,,
"USW00094814","HOUGHTON LAKE ROSCOMMON CO AIRPORT, MI US","44.35904","-84.6739","350.6","2010-01","0.0","-17.8","5.0","2536.2","-6.0","-2.8","-9.2"
"USW00094814","HOUGHTON LAKE ROSCOMMON CO AIRPORT, MI US","44.35904","-84.6739","350.6","2010-02","0.0","-17.2","3.9","3203.0","-5.5","-1.7","-9.3"
"USW00094814","HOUGHTON LAKE ROSCOMMON CO AIRPORT, MI US","44.35904","-84.6739","350.6","2010-03","0.0","-13.9","23.3","3682.8","2.9","10.1","-4.4"
"USW00094814","HOUGHTON LAKE ROSCOMMON CO AIRPORT, MI US","44.35904","-84.6739","350.6","2010-04","0.8","-5.6","27.2","3964.4","9.0","16.1","1.8"
"USW00094814","HOUGHTON LAKE ROSCOMMON CO AIRPORT, MI US","44.35904","-84.6739","350.6","2010-05","28.6","-4.4","30.6","4118.4","14.3","21.0","7.5"
"USW00094814","HOUGHTON LAKE ROSCOMMON CO AIRPORT, MI US","44.35904","-84.6739","350.6","2010-06","58.7","2.2","29.4","4165.3","17.8","23.3","12.2"
"USW00094815","KALAMAZOO BATTLE CREEK INTERNATIONAL AIRPORT, MI US","42.22826","-85.546","263.3","2010-01","0.0","-18.2","10.0","2078.6","-4.6","-1.3","-7.8"
"USW00094815","KALAMAZOO BATTLE CREEK INTERNATIONAL AIRPORT, MI US","42.22826","-85.546","263.3","2010-02","0.0","-13.2","5.0","2685.3","-3.3","-0.2","-6.5"
"USW00094815","KALAMAZOO BATTLE CREEK INTERNATIONAL AIRPORT, MI US","42.22826","-85.546","263.3","2010-03","0.0","-9.9","24.4","3098.8","5.0","11.1","-1.1"
"USW00094815","KALAMAZOO BATTLE CREEK INTERNATIONAL AIRPORT, MI US","42.22826","-85.546","263.3","2010-04","4.8","-2.1","27.8","3284.2","12.3","19.2","5.4"
"USW00094815","KALAMAZOO BATTLE CREEK INTERNATIONAL AIRPORT, MI US","42.22826","-85.546","263.3","2010-05","49.1","-0.5","32.2","3387.2","16.4","22.2","10.7"
"USW00094815","KALAMAZOO BATTLE CREEK INTERNATIONAL AIRPORT, MI US","42.22826","-85.546","263.3","2010-06","138.4","8.3","31.7","3401.4","20.8","26.0","15.7"
"USW00094817","PONTIAC OAKLAND CO INTERNATIONAL AIRPORT, MI US","42.66314","-83.41016","295.4","2010-01","0.0","-17.7","7.2","2130.4","-5.1","-1.9","-8.3"
"USW00094817","PONTIAC OAKLAND CO INTERNATIONAL AIRPORT, MI US","42.66314","-83.41016","295.4","2010-02","0.0","-13.8","4.4","2751.7","-3.9","-0.8","-6.9"
"USW00094817","PONTIAC OAKLAND CO INTERNATIONAL AIRPORT, MI US","42.66314","-83.41016","295.4","2010-03","0.0","-8.2","21.7","3186.6","4.3","10.1","-1.4"
"USW00094817","PONTIAC OAKLAND CO INTERNATIONAL AIRPORT, MI US","42.66314","-83.41016","295.4","2010-04","1.2","-3.8","27.8","3402.5","11.2","17.5","4.8"
"USW00094817","PONTIAC OAKLAND CO INTERNATIONAL AIRPORT, MI US","42.66314","-83.41016","295.4","2010-05","44.2","0.0","31.1","3517.0","16.0","21.6","10.5"
"USW00094817","PONTIAC OAKLAND CO INTERNATIONAL AIRPORT, MI US","42.66314","-83.41016","295.4","2010-06","131.1","8.3","31.1","3532.6","20.7","25.5","15.9"
"USC00208293","TROUT LAKE 1 SW, MI US","46.1796","-85.0311","250.9","2010-01","0.0","-23.3","4.4","2615.6","-6.7","-2.9","-10.5"
"USC00208293","TROUT LAKE 1 SW, MI US","46.1796","-85.0311","250.9","2010-02","0.0","-18.3","5.6","3285.7","-5.6","-0.6","-10.6"
"USC00208293","TROUT LAKE 1 SW, MI US","46.1796","-85.0311","250.9","2010-03","0.0","-14.4","21.1","3763.9","2.9","10.1","-4.2"
"USC00208293","TROUT LAKE 1 SW, MI US","46.1796","-85.0311","250.9","2010-04","0.0","-4.4","25.6","4067.2","8.2","15.7","0.7"
"USC00208293","TROUT LAKE 1 SW, MI US","46.1796","-85.0311","250.9","2010-05","15.5","-3.9","30.0","4223.6","13.8","20.9","6.7"
"USC00208293","TROUT LAKE 1 SW, MI US","46.1796","-85.0311","250.9","2010-06","21.6","3.3","26.1","4311.7","15.6","21.0","10.2"
"USC00202503","ELLSWORTH 2 ENE, MI US","45.18056","-85.19917","214.0","2010-01","0.0","-21.1","6.1","2534.7","-5.9","-2.4","-9.4"
"USC00202503","ELLSWORTH 2 ENE, MI US","45.18056","-85.19917","214.0","2010-02","0.0","-20.6","5.0","3233.0","-6.6","-1.7","-11.5"
"USC00202503","ELLSWORTH 2 ENE, MI US","45.18056","-85.19917","214.0","2010-03","0.0","-15.6","17.2","3757.2","1.4","8.6","-5.7"
"USC00202503","ELLSWORTH 2 ENE, MI US","45.18056","-85.19917","214.0","2010-04","0.3","-5.0","28.3","4067.3","8.0","14.8","1.2"
"USC00202503","ELLSWORTH 2 ENE, MI US","45.18056","-85.19917","214.0","2010-05","25.5","-4.4","32.8","4233.2","13.8","20.7","6.9"
"USC00202503","ELLSWORTH 2 ENE, MI US","45.18056","-85.19917","214.0","2010-06","42.2","2.8","28.9","4305.4","16.5","22.1","10.9"
"USC00200446","BALDWIN, MI US","43.9005","-85.8505","254.5","2010-01",,,,,,,
"USC00200446","BALDWIN, MI US","43.9005","-85.8505","254.5","2010-02",,,,,,,
"USC00200446","BALDWIN, MI US","43.9005","-85.8505","254.5","2010-03",,,,,,,
"USC00200446","BALDWIN, MI US","43.9005","-85.8505","254.5","2010-04",,,,,,,
"USC00203712","HELL, MI US","42.4344","-83.9858","271.3","2010-01","0.0","-20.6","8.9",,"-4.8","-1.3","-8.3"
"USC00203712","HELL, MI US","42.4344","-83.9858","271.3","2010-02","0.0","-16.1","4.4",,"-4.2","-0.6","-7.7"
"USC00203712","HELL, MI US","42.4344","-83.9858","271.3","2010-03","0.0","-11.7","20.6",,"3.9","10.1","-2.4"
"USC00203712","HELL, MI US","42.4344","-83.9858","271.3","2010-04","3.4","-3.9","27.8",,"10.9","17.7","4.1"
"USC00203712","HELL, MI US","42.4344","-83.9858","271.3","2010-05","37.9","-1.1","30.6",,"15.7","21.7","9.6"
"USC00203712","HELL, MI US","42.4344","-83.9858","271.3","2010-06","105.5","7.8","31.7",,"20.4","25.8","14.9"
"USC00204808","LEXINGTON WATER PLANT, MI US","43.26319","-82.5327","189.6","2010-01","0.0","-16.7","5.6","2124.0","-5.1","-2.1","-8.1"
"USC00204808","LEXINGTON WATER PLANT, MI US","43.26319","-82.5327","189.6","2010-02","0.0","-13.3","3.9","2750.8","-4.1","-0.8","-7.3"
"USC00204808","LEXINGTON WATER PLANT, MI US","43.26319","-82.5327","189.6","2010-03","0.0","-9.4","19.4","3250.1","2.2","6.4","-2.0"
"USC00204808","LEXINGTON WATER PLANT, MI US","43.26319","-82.5327","189.6","2010-04","0.0","-2.8","28.9","3535.4","8.8","14.8","2.9"
"USC00204808","LEXINGTON WATER PLANT, MI US","43.26319","-82.5327","189.6","2010-05","11.4","-1.1","28.9","3675.3","14.2","19.1","9.3"
"USC00204808","LEXINGTON WATER PLANT, MI US","43.26319","-82.5327","189.6","2010-06","52.3","6.1","30.6","3710.3","18.5","23.5","13.6"
"USC00201896","CROSS VILLAGE 1 E, MI US","45.6413","-85.0141","219.8","2010-01","0.0","-20.6","6.1","2401.9","-5.7","-2.2","-9.1"
"USC00201896","CROSS VILLAGE 1 E, MI US","45.6413","-85.0141","219.8","2010-02","0.0","-15.0","3.9","3069.4","-5.5","-1.4","-9.7"
"USC00201896","CROSS VILLAGE 1 E, MI US","45.6413","-85.0141","219.8","2010-03","0.0","-10.6","15.0","3570.5","2.2","7.7","-3.4"
"USC00201896","CROSS VILLAGE 1 E, MI US","45.6413","-85.0141","219.8","2010-04","1.4","-3.3","28.9","3873.4","8.3","14.9","1.7"
"USC00201896","CROSS VILLAGE 1 E, MI US","45.6413","-85.0141","219.8","2010-05","16.5","-1.1","30.0","4044.6","13.3","18.9","7.7"
"USC00201896","CROSS VILLAGE 1 E, MI US","45.6413","-85.0141","219.8","2010-06","25.1","5.6","26.7","4130.4","15.7","20.1","11.3"
"USC00202984","FRANKFORT 2 NE, MI US","44.64822","-86.20986","289.0","2010-01","0.0","-14.4","6.1",,"-4.0","-1.7","-6.3"
"USC00202984","FRANKFORT 2 NE, MI US","44.64822","-86.20986","289.0","2010-02","0.0","-10.0","3.9",,"-3.2","-0.8","-5.5"
"USC00202984","FRANKFORT 2 NE, MI US","44.64822","-86.20986","289.0","2010-03",,,,,,,
"USC00202984","FRANKFORT 2 NE, MI US","44.64822","-86.20986","289.0","2010-04",,"-2.2","23.9",,"9.2","14.5","3.9"
"USC00202984","FRANKFORT 2 NE, MI US","44.64822","-86.20986","289.0","2010-05",,"0.0","27.8",,"14.5","19.5","9.6"
"USC00202984","FRANKFORT 2 NE, MI US","44.64822","-86.20986","289.0","2010-06",,"7.8","27.2",,"17.7","21.9","13.4"
"USR0000MRAC","RACO MICHIGAN, MI US","46.25","-84.5833","274.3","2010-01","0.0","-26.7","6.1","2825.3","-7.7","-3.5","-12.0"
"USR0000MRAC","RACO MICHIGAN, MI US","46.25","-84.5833","274.3","2010-02","0.0","-23.9","6.1","3530.8","-6.9","-1.4","-12.3"
"USR0000MRAC","RACO MICHIGAN, MI US","46.25","-84.5833","274.3","2010-03","0.0","-20.0","21.7","4053.7","1.5","9.3","-6.4"
"USR0000MRAC","RACO MICHIGAN, MI US","46.25","-84.5833","274.3","2010-04","0.0","-11.1","26.1","4379.0","6.6","14.3","-1.1"
"USR0000MRAC","RACO MICHIGAN, MI US","46.25","-84.5833","274.3","2010-05","13.4","-6.1","31.1","4572.4","12.5","20.0","5.1"
"USR0000MRAC","RACO MICHIGAN, MI US","46.25","-84.5833","274.3","2010-06","17.0","-0.6","27.2","4692.5","14.4","20.8","8.1"
"USC00208184","THREE RIVERS, MI US","41.9299","-85.6385","246.9","2010-01","0.0","-19.4","12.2","2074.1","-4.9","-1.0","-8.8"
"USC00208184","THREE RIVERS, MI US","41.9299","-85.6385","246.9","2010-02","0.0","-15.0","6.7","2687.4","-3.6","1.0","-8.1"
"USC00208184","THREE RIVERS, MI US","41.9299","-85.6385","246.9","2010-03","0.0","-9.4","19.4","3114.8","4.6","11.3","-2.2"
"USC00208184","THREE RIVERS, MI US","41.9299","-85.6385","246.9","2010-04","2.2","-2.2","28.3","3321.5","11.5","19.1","4.0"
"USC00208184","THREE RIVERS, MI US","41.9299","-85.6385","246.9","2010-05","45.4","0.6","31.1","3421.5","16.5","22.3","10.7"
"USC00208184","THREE RIVERS, MI US","41.9299","-85.6385","246.9","2010-06","136.0","7.8","31.1","3434.2","20.9","26.4","15.4"
"US1MIGT0001","TRAVERSE CITY 4.1 E, MI US","44.746623","-85.519284","195.4","2010-03",,,,,,,
"US1MIGT0001","TRAVERSE CITY 4.1 E, MI US","44.746623","-85.519284","195.4","2010-04",,,,,,,
"US1MIGT0001","TRAVERSE CITY 4.1 E, MI US","44.746623","-85.519284","195.4","2010-05",,,,,,,
"USC00207096","ROGERS CITY HOEFT SP, MI US","45.46477","-83.88252","185.0","2010-01","0.0","-17.8","4.4",,"-5.6","-2.5","-8.7"
"USC00207096","ROGERS CITY HOEFT SP, MI US","45.46477","-83.88252","185.0","2010-02","0.0","-14.4","3.3",,"-5.4","-1.6","-9.2"
"USC00207096","ROGERS CITY HOEFT SP, MI US","45.46477","-83.88252","185.0","2010-03","0.0","-13.9","15.6",,"1.5","6.6","-3.6"
"USC00207096","ROGERS CITY HOEFT SP, MI US","45.46477","-83.88252","185.0","2010-04","3.3","-2.8","29.4",,"8.2","14.4","1.9"
"USC00207096","ROGERS CITY HOEFT SP, MI US","45.46477","-83.88252","185.0","2010-05","25.0","-0.6","32.2",,"13.8","19.6","8.0"
"USC00207096","ROGERS CITY HOEFT SP, MI US","45.46477","-83.88252","185.0","2010-06","38.6","6.7","29.4",,"16.5","21.3","11.6"
"US1MIGT0002","TRAVERSE CITY 9.4 WSW, MI US","44.713","-85.78558","273.1","2010-01",,,,,,,
"US1MIGT0002","TRAVERSE CITY 9.4 WSW, MI US","44.713","-85.78558","273.1","2010-02",,,,,,,
"US1MIGT0002","TRAVERSE CITY 9.4 WSW, MI US","44.713","-85.78558","273.1","2010-04",,,,,,,
"US1MIGT0002","TRAVERSE CITY 9.4 WSW, MI US","44.713","-85.78558","273.1","2010-05",,,,,,,
"US1MIGT0002","TRAVERSE CITY 9.4 WSW, MI US","44.713","-85.78558","273.1","2010-06",,,,,,,
"US1MIHR0002","BAD AXE 0.5 SSW, MI US","43.796139","-82.999626","228.0","2010-04",,,,,,,
"US1MIHR0002","BAD AXE 0.5 SSW, MI US","43.796139","-82.999626","228.0","2010-05",,,,,,,
"US1MIHR0002","BAD AXE 0.5 SSW, MI US","43.796139","-82.999626","228.0","2010-06",,,,,,,
"USR0000MBAL","BALDWIN MICHIGAN, MI US","43.8933","-85.8506","253.6","2010-01","0.0","-18.9","6.1","2256.8","-4.9","-1.5","-8.2"
"USR0000MBAL","BALDWIN MICHIGAN, MI US","43.8933","-85.8506","253.6","2010-02","0.0","-18.3","7.2","2875.3","-3.8","0.8","-8.4"
"USR0000MBAL","BALDWIN MICHIGAN, MI US","43.8933","-85.8506","253.6","2010-03","0.0","-11.7","25.6","3317.7","4.1","12.3","-4.2"
"USR0000MBAL","BALDWIN MICHIGAN, MI US","43.8933","-85.8506","253.6","2010-04","4.7","-3.9","27.8","3574.5","9.9","17.4","2.5"
"USR0000MBAL","BALDWIN MICHIGAN, MI US","43.8933","-85.8506","253.6","2010-05","47.1","-3.3","34.4","3709.4","15.4","22.6","8.2"
"USR0000MBAL","BALDWIN MICHIGAN, MI US","43.8933","-85.8506","253.6","2010-06","93.8","3.9","31.7","3747.5","18.6","25.0","12.3"
"US1MIHR0003","CASEVILLE 4.2 NE, MI US","43.97705","-83.20605","181.7","2010-01",,,,,,,
"US1MIHR0003","CASEVILLE 4.2 NE, MI US","43.97705","-83.20605","181.7","2010-02",,,,,,,
"US1MIHR0003","CASEVILLE 4.2 NE, MI US","43.97705","-83.20605","181.7","2010-03",,,,,,,
"US1MIHR0003","CASEVILLE 4.2 NE, MI US","43.97705","-83.20605","181.7","2010-04",,,,,,,
"US1MIHR0003","CASEVILLE 4.2 NE, MI US","43.97705","-83.20605","181.7","2010-05",,,,,,,
"US1MIHR0003","CASEVILLE 4.2 NE, MI US","43.97705","-83.20605","181.7","2010-06",,,,,,,
"US1MIMB0003","STERLING HEIGHTS 3.4 NE, MI US","42.613428","-82.982202","184.1","2010-01",,,,,,,
"US1MIMB0003","STERLING HEIGHTS 3.4 NE, MI US","42.613428","-82.982202","184.1","2010-02",,,,,,,
"US1MIMB0003","STERLING HEIGHTS 3.4 NE, MI US","42.613428","-82.982202","184.1","2010-03",,,,,,,
"US1MIMB0003","STERLING HEIGHTS 3.4 NE, MI US","42.613428","-82.982202","184.1","2010-04",,,,,,,
"US1MIMB0003","STERLING HEIGHTS 3.4 NE, MI US","42.613428","-82.982202","184.1","2010-05",,,,,,,
"USC00203969","HUDSON 3 E, MI US","41.8483","-84.2938","266.7","2010-01",,,,,,,
"USC00203969","HUDSON 3 E, MI US","41.8483","-84.2938","266.7","2010-02",,,,,,,
"USC00203969","HUDSON 3 E, MI US","41.8483","-84.2938","266.7","2010-03",,,,,,,
"USC00203969","HUDSON 3 E, MI US","41.8483","-84.2938","266.7","2010-04",,,,,,,
"USC00203969","HUDSON 3 E, MI US","41.8483","-84.2938","266.7","2010-05",,,,,,,
"USC00203969","HUDSON 3 E, MI US","41.8483","-84.2938","266.7","2010-06",,,,,,,
"USC00201780","COPPER HARBOR FORT WILKINS, MI US","47.4679","-87.8671","190.5","2010-01","0.0","-17.2","4.4","2491.5","-5.9","-3.5","-8.4"
"USC00201780","COPPER HARBOR FORT WILKINS, MI US","47.4679","-87.8671","190.5","2010-02","0.0","-17.8","1.7","3111.2","-5.5","-2.1","-8.9"
"USC00201780","COPPER HARBOR FORT WILKINS, MI US","47.4679","-87.8671","190.5","2010-03","0.0","-17.8","21.1","3613.0","2.1","7.6","-3.3"
"USC00201780","COPPER HARBOR FORT WILKINS, MI US","47.4679","-87.8671","190.5","2010-04","0.0","-4.4","23.9","3945.9","7.2","12.6","1.9"
"USC00201780","COPPER HARBOR FORT WILKINS, MI US","47.4679","-87.8671","190.5","2010-05","3.4","-0.6","29.4","4157.7","11.6","17.2","6.0"
"USC00201780","COPPER HARBOR FORT WILKINS, MI US","47.4679","-87.8671","190.5","2010-06","7.6","4.4","28.3","4300.1","13.7","18.1","9.4"
"US1MIMB0009","NEW BALTIMORE 0.4 SSE, MI US","42.677025","-82.735671","175.0","2010-01",,,,,,,
"US1MIMB0009","NEW BALTIMORE 0.4 SSE, MI US","42.677025","-82.735671","175.0","2010-02",,,,,,,
"US1MIMB0009","NEW BALTIMORE 0.4 SSE, MI US","42.677025","-82.735671","175.0","2010-04",,,,,,,
"US1MIMB0009","NEW BALTIMORE 0.4 SSE, MI US","42.677025","-82.735671","175.0","2010-05",,,,,,,
"US1MIMB0009","NEW BALTIMORE 0.4 SSE, MI US","42.677025","-82.735671","175.0","2010-06",,,,,,,
"US1MIMB0007","SHELBY 0.4 SSE, MI US","42.665936","-83.028694","207.3","2010-01",,,,,,,
"US1MIMB0007","SHELBY 0.4 SSE, MI US","42.665936","-83.028694","207.3","2010-02",,,,,,,
"US1MIMB0007","SHELBY 0.4 SSE, MI US","42.665936","-83.028694","207.3","2010-03",,,,,,,
"US1MIMB0007","SHELBY 0.4 SSE, MI US","42.665936","-83.028694","207.3","2010-04",,,,,,,
"US1MIMB0007","SHELBY 0.4 SSE, MI US","42.665936","-83.028694","207.3","2010-05",,,,,,,
"US1MIMB0007","SHELBY 0.4 SSE, MI US","42.665936","-83.028694","207.3","2010-06",,,,,,,
"USC00202631","ESSEXVILLE, MI US","43.6155","-83.845","179.2","2010-01","0.0","-15.6","6.7","2026.1","-4.9","-1.0","-8.7"
"USC00202631","ESSEXVILLE, MI US","43.6155","-83.845","179.2","2010-02","0.0","-12.8","5.6","2625.5","-3.8","-0.1","-7.5"
"USC00202631","ESSEXVILLE, MI US","43.6155","-83.845","179.2","2010-03","0.0","-7.8","18.3","3091.5","3.3","8.8","-2.2"
"USC00202751","FENNVILLE 3 W, MI US","42.5939","-86.1558","216.4","2010-01",,,,,,,
"USC00202751","FENNVILLE 3 W, MI US","42.5939","-86.1558","216.4","2010-03",,,,,,,
"USC00202751","FENNVILLE 3 W, MI US","42.5939","-86.1558","216.4","2010-04",,,,,,,
"USC00202751","FENNVILLE 3 W, MI US","42.5939","-86.1558","216.4","2010-05",,,,,,,
"USC00202751","FENNVILLE 3 W, MI US","42.5939","-86.1558","216.4","2010-06",,,,,,,
"US1MIWY0013","BELLEVILLE 3.0 SE, MI US","42.17811","-83.43507","199.6","2010-02",,,,,,,
"US1MIWY0013","BELLEVILLE 3.0 SE, MI US","42.17811","-83.43507","199.6","2010-03",,,,,,,
"US1MIWY0013","BELLEVILLE 3.0 SE, MI US","42.17811","-83.43507","199.6","2010-04",,,,,,,
"US1MIWY0013","BELLEVILLE 3.0 SE, MI US","42.17811","-83.43507","199.6","2010-05",,,,,,,
"US1MIWY0013","BELLEVILLE 3.0 SE, MI US","42.17811","-83.43507","199.6","2010-06",,,,,,,
"USC00203858","HOLLAND WTP, MI US","42.7989","-86.20635","184.4","2010-01","0.0","-16.7","10.0",,"-4.1","-0.3","-7.9"
"USC00203858","HOLLAND WTP, MI US","42.7989","-86.20635","184.4","2010-04",,,,,,,
"USC00203858","HOLLAND WTP, MI US","42.7989","-86.20635","184.4","2010-05",,"-0.6","32.8",,"17.0","23.1","11.0"
"USC00203858","HOLLAND WTP, MI US","42.7989","-86.20635","184.4","2010-06",,"8.9","31.7",,"20.8","26.4","15.2"
"USC00201435","CLARKSBURG, MI US","46.49909","-87.84506","473.7","2010-01","0.0","-28.9","5.0","3004.4","-9.5","-4.9","-14.1"
"USC00201435","CLARKSBURG, MI US","46.49909","-87.84506","473.7","2010-03",,"-22.8","16.1",,"-0.4","8.7","-9.5"
"USC00201435","CLARKSBURG, MI US","46.49909","-87.84506","473.7","2010-04",,"-9.4","24.4",,"6.3","15.3","-2.7"
"USC00201435","CLARKSBURG, MI US","46.49909","-87.84506","473.7","2010-05",,"-7.8","34.4",,"12.4","21.5","3.2"
"USC00201435","CLARKSBURG, MI US","46.49909","-87.84506","473.7","2010-06",,"0.0","30.6",,"15.3","22.5","8.0"
"USC00200106","ALGONAC WWTP, MI US","42.6158","-82.5436","178.3","2010-01","0.0","-16.1","7.8","1924.6","-4.7","-1.1","-8.2"
"USC00200106","ALGONAC WWTP, MI US","42.6158","-82.5436","178.3","2010-02","0.0","-11.7","6.7","2519.3","-2.9","0.9","-6.8"
"USC00200106","ALGONAC WWTP, MI US","42.6158","-82.5436","178.3","2010-03","0.0","-8.3","20.6","2929.4","4.7","10.9","-1.5"
"USC00200106","ALGONAC WWTP, MI US","42.6158","-82.5436","178.3","2010-04","0.5","-2.8","29.4","3136.1","11.2","18.2","4.2"
"USC00200106","ALGONAC WWTP, MI US","42.6158","-82.5436","178.3","2010-05","45.9","-0.6","32.8","3235.0","16.6","23.1","10.0"
"USC00200106","ALGONAC WWTP, MI US","42.6158","-82.5436","178.3","2010-06","144.0","7.2","32.8","3245.8","21.2","27.4","15.1"
"USC00204944","LOWELL, MI US","42.92793","-85.34013","199.9","2010-01",,,,,,,
"USC00204944","LOWELL, MI US","42.92793","-85.34013","199.9","2010-02",,,,,,,
"USC00204944","LOWELL, MI US","42.92793","-85.34013","199.9","2010-03",,,,,,,
"USC00204944","LOWELL, MI US","42.92793","-85.34013","199.9","2010-04",,,,,,,
"USC00204944","LOWELL, MI US","42.92793","-85.34013","199.9","2010-05",,,,,,,
"USC00204944","LOWELL, MI US","42.92793","-85.34013","199.9","2010-06",,,,,,,
"USC00200228","ANN ARBOR SE, MI US","42.2416","-83.6933","253.6","2010-01","0.0","-16.7","8.3","2105.5","-4.4","-1.2","-7.7"
"USC00200228","ANN ARBOR SE, MI US","42.2416","-83.6933","253.6","2010-02","0.0","-13.9","7.8","2709.3","-3.2","0.5","-7.0"
"USC00200228","ANN ARBOR SE, MI US","42.2416","-83.6933","253.6","2010-03","0.0","-8.9","18.9","3143.5","4.3","10.8","-2.2"
"USC00200228","ANN ARBOR SE, MI US","42.2416","-83.6933","253.6","2010-04","0.8","-3.9","28.3","3379.9","10.5","18.5","2.5"
"USC00200228","ANN ARBOR SE, MI US","42.2416","-83.6933","253.6","2010-05","33.2","-1.1","31.7","3491.2","15.8","22.4","9.2"
"USC00200228","ANN ARBOR SE, MI US","42.2416","-83.6933","253.6","2010-06","123.9","7.2","31.7","3504.6","20.9","27.0","14.8"
"USC00201439","CHAMPION VAN RIPER P, MI US","46.5193","-87.9859","487.4","2010-01","0.0","-28.9","6.7",,"-9.4","-4.9","-13.9"
"USC00201439","CHAMPION VAN RIPER P, MI US","46.5193","-87.9859","487.4","2010-02","0.0","-22.8","3.9",,"-8.7","-3.0","-14.5"
"USC00201439","CHAMPION VAN RIPER P, MI US","46.5193","-87.9859","487.4","2010-03","0.0","-20.6","22.2",,"-0.6","7.7","-8.9"
"USC00201439","CHAMPION VAN RIPER P, MI US","46.5193","-87.9859","487.4","2010-04",,,,,,,
"US1MIGT0004","TRAVERSE CITY 7.4 WSW, MI US","44.710907","-85.741211","261.2","2010-01",,,,,,,
"US1MIGT0004","TRAVERSE CITY 7.4 WSW, MI US","44.710907","-85.741211","261.2","2010-02",,,,,,,
"US1MIGT0004","TRAVERSE CITY 7.4 WSW, MI US","44.710907","-85.741211","261.2","2010-04",,,,,,,
"US1MIGT0004","TRAVERSE CITY 7.4 WSW, MI US","44.710907","-85.741211","261.2","2010-06",,,,,,,
"US1MIGT0006","TRAVERSE CITY 4.0 WSW, MI US","44.7339","-85.6789","288.0","2010-01",,,,,,,
"US1MIGT0006","TRAVERSE CITY 4.0 WSW, MI US","44.7339","-85.6789","288.0","2010-02",,,,,,,
"US1MIGT0006","TRAVERSE CITY 4.0 WSW, MI US","44.7339","-85.6789","288.0","2010-03",,,,,,,
"US1MIGT0006","TRAVERSE CITY 4.0 WSW, MI US","44.7339","-85.6789","288.0","2010-05",,,,,,,
"US1MIGT0006","TRAVERSE CITY 4.0 WSW, MI US","44.7339","-85.6789","288.0","2010-06",,,,,,,
"US1MIWY0006","DEARBORN 1.6 W, MI US","42.314","-83.245","183.2","2010-01",,,,,,,
"US1MIWY0006","DEARBORN 1.6 W, MI US","42.314","-83.245","183.2","2010-02",,,,,,,
"US1MIWY0006","DEARBORN 1.6 W, MI US","42.314","-83.245","183.2","2010-03",,,,,,,
"US1MIWY0006","DEARBORN 1.6 W, MI US","42.314","-83.245","183.2","2010-04",,,,,,,
"US1MIWY0006","DEARBORN 1.6 W, MI US","42.314","-83.245","183.2","2010-05",,,,,,,
"US1MIWY0006","DEARBORN 1.6 W, MI US","42.314","-83.245","183.2","2010-06",,,,,,,
"USC00200220","ANN ARBOR 1 W, MI US","42.2875","-83.7611","263.7","2010-01","0.0","-17.8","8.9",,"-5.0","-0.9","-9.1"
"USC00200220","ANN ARBOR 1 W, MI US","42.2875","-83.7611","263.7","2010-02","0.0","-14.4","7.2",,"-3.8","0.6","-8.2"
"USC00200220","ANN ARBOR 1 W, MI US","42.2875","-83.7611","263.7","2010-03","0.0","-10.0","20.0",,"4.5","10.9","-1.9"
"USC00200220","ANN ARBOR 1 W, MI US","42.2875","-83.7611","263.7","2010-04","4.5","-2.8","28.9",,"11.7","18.6","4.8"
"USC00200220","ANN ARBOR 1 W, MI US","42.2875","-83.7611","263.7","2010-05","46.2","-0.6","31.7",,"16.2","22.1","10.4"
"USC00200220","ANN ARBOR 1 W, MI US","42.2875","-83.7611","263.7","2010-06","136.8","8.3","30.6",,"20.9","26.2","15.7"
"US1MIMB0018","MACOMB 3.9 SE, MI US","42.663525","-82.902502","182.9","2010-01",,,,,,,
"US1MIMB0018","MACOMB 3.9 SE, MI US","42.663525","-82.902502","182.9","2010-02",,,,,,,
"US1MIMB0018","MACOMB 3.9 SE, MI US","42.663525","-82.902502","182.9","2010-03",,,,,,,
"US1MIMB0018","MACOMB 3.9 SE, MI US","42.663525","-82.902502","182.9","2010-04",,,,,,,
"US1MIMB0018","MACOMB 3.9 SE, MI US","42.663525","-82.902502","182.9","2010-05",,,,,,,
"US1MIMB0018","MACOMB 3.9 SE, MI US","42.663525","-82.902502","182.9","2010-06",,,,,,,
"USC00200342","ATLANTA, MI US","45.00471","-84.14043","267.9","2010-01","0.0","-22.8","7.2","2663.7","-6.7","-2.5","-10.9"
"USC00200342","ATLANTA, MI US","45.00471","-84.14043","267.9","2010-02","0.0","-21.1","5.0","3336.1","-6.6","-1.2","-11.9"
"USC00200342","ATLANTA, MI US","45.00471","-84.14043","267.9","2010-03","0.0","-16.1","17.8","3866.4","1.2","10.1","-7.6"
"USC00200342","ATLANTA, MI US","45.00471","-84.14043","267.9","2010-04","0.5","-6.1","28.3","4192.4","7.5","16.0","-1.1"
"USC00200342","ATLANTA, MI US","45.00471","-84.14043","267.9","2010-05","24.8","-5.6","32.8","4364.9","13.6","21.8","5.3"
"USC00200342","ATLANTA, MI US","45.00471","-84.14043","267.9","2010-06","40.6","1.1","30.6","4431.4","16.6","23.9","9.3"
"US1MIGT0009","TRAVERSE CITY 4.2 E, MI US","44.7455831","-85.5183882","210.3","2010-04",,,,,,,
"US1MIGT0009","TRAVERSE CITY 4.2 E, MI US","44.7455831","-85.5183882","210.3","2010-05",,,,,,,
"US1MIGT0009","TRAVERSE CITY 4.2 E, MI US","44.7455831","-85.5183882","210.3","2010-06",,,,,,,
"US1MIMB0016","CLINTON 2.3 N, MI US","42.620776","-82.920468","181.4","2010-03",,,,,,,
"US1MIMB0016","CLINTON 2.3 N, MI US","42.620776","-82.920468","181.4","2010-04",,,,,,,
"US1MIMB0016","CLINTON 2.3 N, MI US","42.620776","-82.920468","181.4","2010-05",,,,,,,
"US1MIMB0016","CLINTON 2.3 N, MI US","42.620776","-82.920468","181.4","2010-06",,,,,,,
"USC00201675","COLDWATER ST SCHOOL, MI US","41.9622","-84.9925","299.9","2010-01","0.0","-18.3","8.9","2078.0","-5.4","-2.4","-8.4"
"USC00201675","COLDWATER ST SCHOOL, MI US","41.9622","-84.9925","299.9","2010-02","0.0","-16.1","4.4","2702.0","-3.9","-0.9","-7.0"
"USC00201675","COLDWATER ST SCHOOL, MI US","41.9622","-84.9925","299.9","2010-03","0.0","-10.6","22.2","3133.4","4.4","9.9","-1.1"
"USC00201675","COLDWATER ST SCHOOL, MI US","41.9622","-84.9925","299.9","2010-04","3.3","-1.7","26.1","3340.9","11.5","17.8","5.3"
"USC00201675","COLDWATER ST SCHOOL, MI US","41.9622","-84.9925","299.9","2010-05","37.5","-0.6","30.0","3446.8","15.7","20.7","10.7"
"USC00201675","COLDWATER ST SCHOOL, MI US","41.9622","-84.9925","299.9","2010-06","117.8","8.3","31.1","3457.9","20.8","25.6","16.0"
"US1MIKN0027","GRAND RAPIDS 3.2 S, MI US","42.914681","-85.649234","200.3","2010-03",,,,,,,
"US1MIKN0027","GRAND RAPIDS 3.2 S, MI US","42.914681","-85.649234","200.3","2010-05",,,,,,,
"US1MIKN0027","GRAND RAPIDS 3.2 S, MI US","42.914681","-85.649234","200.3","2010-06",,,,,,,
"USC00208080","TECUMSEH, MI US","42.0027","-83.9336","237.7","2010-01","0.0","-18.9","8.3","2195.7","-5.6","-1.5","-9.6"
"USC00208080","TECUMSEH, MI US","42.0027","-83.9336","237.7","2010-02","0.0","-18.3","7.2","2807.7","-3.5","1.1","-8.2"
"USC00208080","TECUMSEH, MI US","42.0027","-83.9336","237.7","2010-03","0.0","-10.0","22.2","3257.7","3.8","11.1","-3.5"
"USC00208080","TECUMSEH, MI US","42.0027","-83.9336","237.7","2010-04","0.0","-3.9","28.9","3493.6","10.5","19.1","1.8"
"USC00208080","TECUMSEH, MI US","42.0027","-83.9336","237.7","2010-05","36.7","-1.1","32.2","3614.7","15.6","22.4","8.8"
"USC00208080","TECUMSEH, MI US","42.0027","-83.9336","237.7","2010-06","117.5","8.3","32.2","3627.0","20.6","27.2","14.0"
"USC00203504","GULL LAKE BIOLOGICAL STATION, MI US","42.3941","-85.385","281.9","2010-01","0.0","-20.0","9.4",,"-3.9","0.0","-7.9"
"USC00203504","GULL LAKE BIOLOGICAL STATION, MI US","42.3941","-85.385","281.9","2010-02","0.0","-17.2","6.1",,"-3.7","1.4","-8.8"
"USC00203504","GULL LAKE BIOLOGICAL STATION, MI US","42.3941","-85.385","281.9","2010-03","0.0","-11.1","24.4",,"5.4","12.5","-1.6"
"USC00203504","GULL LAKE BIOLOGICAL STATION, MI US","42.3941","-85.385","281.9","2010-04","6.7","-0.6","28.9",,"13.2","21.1","5.2"
"USC00203504","GULL LAKE BIOLOGICAL STATION, MI US","42.3941","-85.385","281.9","2010-05",,,,,,,
"USC00203504","GULL LAKE BIOLOGICAL STATION, MI US","42.3941","-85.385","281.9","2010-06",,"7.8","33.3",,"22.1","28.4","15.8"
"USW00014804","MOUNT CLEMENS ANG BASE, MI US","42.6083","-82.8183","176.8","2010-01","0.0","-16.7","5.0","2036.3","-4.3","-1.2","-7.3"
"USW00014804","MOUNT CLEMENS ANG BASE, MI US","42.6083","-82.8183","176.8","2010-02","0.0","-11.7","6.1","2627.7","-2.8","0.3","-5.9"
"USW00014804","MOUNT CLEMENS ANG BASE, MI US","42.6083","-82.8183","176.8","2010-03","0.0","-7.2","19.4","3065.0","4.2","9.7","-1.3"
"USW00014804","MOUNT CLEMENS ANG BASE, MI US","42.6083","-82.8183","176.8","2010-04","0.3","-3.3","28.9","3294.6","10.7","17.3","4.1"
"USW00014804","MOUNT CLEMENS ANG BASE, MI US","42.6083","-82.8183","176.8","2010-05","38.7","-0.6","30.6","3406.2","16.0","21.4","10.5"
"USW00014804","MOUNT CLEMENS ANG BASE, MI US","42.6083","-82.8183","176.8","2010-06","122.2","7.8","31.7","3420.4","20.6","25.7","15.6"
"USC00203628","HARRISVILLE STATE PARK, MI US","44.64975","-83.29585","186.5","2010-01","0.0","-18.3","5.0","2287.4","-4.9","-1.8","-7.9"
"USC00203628","HARRISVILLE STATE PARK, MI US","44.64975","-83.29585","186.5","2010-02","0.0","-13.3","4.4","2925.2","-4.4","-0.8","-8.1"
"USC00203628","HARRISVILLE STATE PARK, MI US","44.64975","-83.29585","186.5","2010-03","0.0","-7.8","18.9","3442.0","1.7","6.0","-2.7"
"USC00203628","HARRISVILLE STATE PARK, MI US","44.64975","-83.29585","186.5","2010-04","2.2","-2.8","30.0","3782.6","7.1","12.1","2.0"
"USC00203628","HARRISVILLE STATE PARK, MI US","44.64975","-83.29585","186.5","2010-05","11.9","-1.1","28.3","3958.4","13.0","17.7","8.3"
"USC00203628","HARRISVILLE STATE PARK, MI US","44.64975","-83.29585","186.5","2010-06","24.8","5.6","30.0","4025.6","16.5","20.8","12.3"
"USC00205807","NEW BALTIMORE 5 SW, MI US","42.6502","-82.8044","173.7","2010-01",,,,,,,
"USC00205807","NEW BALTIMORE 5 SW, MI US","42.6502","-82.8044","173.7","2010-02",,,,,,,
"USC00205807","NEW BALTIMORE 5 SW, MI US","42.6502","-82.8044","173.7","2010-03",,,,,,,
"USC00205807","NEW BALTIMORE 5 SW, MI US","42.6502","-82.8044","173.7","2010-04",,,,,,,
"USC00205807","NEW BALTIMORE 5 SW, MI US","42.6502","-82.8044","173.7","2010-05",,,,,,,
"USC00205807","NEW BALTIMORE 5 SW, MI US","42.6502","-82.8044","173.7","2010-06",,,,,,,
"USR0000MWDO","WINDIGO MICHIGAN, MI US","47.9117","-89.1547","213.4","2010-01","0.0","-23.3","0.6","2502.3","-10.0","-7.6","-12.5"
"USR0000MWDO","WINDIGO MICHIGAN, MI US","47.9117","-89.1547","213.4","2010-03",,"-13.9","17.8",,"3.3","7.6","-1.0"
"USR0000MWDO","WINDIGO MICHIGAN, MI US","47.9117","-89.1547","213.4","2010-04",,"-2.8","20.6",,"7.9","13.0","2.7"
"USR0000MWDO","WINDIGO MICHIGAN, MI US","47.9117","-89.1547","213.4","2010-05",,"0.6","31.7",,"12.9","18.4","7.5"
"USR0000MWDO","WINDIGO MICHIGAN, MI US","47.9117","-89.1547","213.4","2010-06",,"7.2","28.3",,"15.4","20.6","10.2"
"USC00200230","ANN ARBOR U OF MICH, MI US","42.29806","-83.66388","247.8","2010-01","0.0","-16.1","8.3","1992.6","-4.1","-0.9","-7.3"
"USC00200230","ANN ARBOR U OF MICH, MI US","42.29806","-83.66388","247.8","2010-02","0.0","-12.8","6.1","2577.1","-2.5","0.5","-5.6"
"USC00200230","ANN ARBOR U OF MICH, MI US","42.29806","-83.66388","247.8","2010-03","0.0","-7.8","21.7","2973.1","5.6","11.5","-0.4"
"USC00200230","ANN ARBOR U OF MICH, MI US","42.29806","-83.66388","247.8","2010-04","3.9","-2.8","28.3","3155.8","12.4","19.4","5.3"
"USC00200230","ANN ARBOR U OF MICH, MI US","42.29806","-83.66388","247.8","2010-05","50.6","0.0","31.1","3255.9","16.6","22.3","10.9"
"USC00200230","ANN ARBOR U OF MICH, MI US","42.29806","-83.66388","247.8","2010-06","152.4","8.3","31.1","3265.9","21.4","26.9","15.9"
"USC00204954","LUDINGTON, MI US","43.9066","-86.3942","210.3","2010-01","0.0","-13.3","5.0","2169.1","-4.4","-1.2","-7.5"
"USC00204954","LUDINGTON, MI US","43.9066","-86.3942","210.3","2010-02","0.0","-13.3","3.9","2736.8","-3.5","-0.3","-6.7"
"USC00204954","LUDINGTON, MI US","43.9066","-86.3942","210.3","2010-03","0.0","-11.1","21.1","3192.2","3.1","9.1","-2.8"
"USC00204954","LUDINGTON, MI US","43.9066","-86.3942","210.3","2010-04","1.1","-3.3","24.4","3437.8","9.9","16.2","3.6"
"USC00204954","LUDINGTON, MI US","43.9066","-86.3942","210.3","2010-05","24.2","-2.2","29.4","3586.2","14.1","20.0","8.2"
"USC00204954","LUDINGTON, MI US","43.9066","-86.3942","210.3","2010-06","54.4","5.0","27.2","3631.6","17.8","23.1","12.6"
"USC00203744","HERMAN, MI US","46.6653","-88.3772","523.3","2010-01","0.0","-20.6","9.4","2859.3","-6.4","-2.9","-9.9"
"USC00203744","HERMAN, MI US","46.6653","-88.3772","523.3","2010-02","0.0","-21.7","6.1","3564.7","-6.9","-1.1","-12.6"
"USC00203744","HERMAN, MI US","46.6653","-88.3772","523.3","2010-03","0.0","-20.0","15.6","4093.2","0.8","9.3","-7.8"
"USC00203744","HERMAN, MI US","46.6653","-88.3772","523.3","2010-04","0.0","-7.2","25.6","4429.2","7.1","14.5","-0.2"
"USC00203744","HERMAN, MI US","46.6653","-88.3772","523.3","2010-05","21.4","-6.7","32.8","4628.1","12.6","19.9","5.3"
"USC00203744","HERMAN, MI US","46.6653","-88.3772","523.3","2010-06","30.9","0.0","29.4","4732.9","15.2","20.6","9.7"
"US1MIGN0007","LINDEN 0.8 NNW, MI US","42.830532","-83.78516","267.3","2010-01",,,,,,,
"US1MIGN0007","LINDEN 0.8 NNW, MI US","42.830532","-83.78516","267.3","2010-02",,,,,,,
"US1MIGN0007","LINDEN 0.8 NNW, MI US","42.830532","-83.78516","267.3","2010-04",,,,,,,
"US1MIGN0007","LINDEN 0.8 NNW, MI US","42.830532","-83.78516","267.3","2010-05",,,,,,,
"US1MIGN0007","LINDEN 0.8 NNW, MI US","42.830532","-83.78516","267.3","2010-06",,,,,,,
"USC00200234","ARNOLD 2 N, MI US","46.07511","-87.48987","338.6","2010-01",,,,,,,
"USC00200234","ARNOLD 2 N, MI US","46.07511","-87.48987","338.6","2010-02",,,,,,,
"USC00200234","ARNOLD 2 N, MI US","46.07511","-87.48987","338.6","2010-03",,,,,,,
"USC00200234","ARNOLD 2 N, MI US","46.07511","-87.48987","338.6","2010-04",,,,,,,
"USC00200234","ARNOLD 2 N, MI US","46.07511","-87.48987","338.6","2010-05",,,,,,,
"USC00200234","ARNOLD 2 N, MI US","46.07511","-87.48987","338.6","2010-06",,,,,,,
"US1MICT0004","EAGLE 3.0 ENE, MI US","42.82838","-84.737898","244.4","2010-01",,,,,,,
"US1MICT0004","EAGLE 3.0 ENE, MI US","42.82838","-84.737898","244.4","2010-02",,,,,,,
"US1MICT0004","EAGLE 3.0 ENE, MI US","42.82838","-84.737898","244.4","2010-03",,,,,,,
"US1MICT0004","EAGLE 3.0 ENE, MI US","42.82838","-84.737898","244.4","2010-04",,,,,,,
"US1MICT0004","EAGLE 3.0 ENE, MI US","42.82838","-84.737898","244.4","2010-05",,,,,,,
"US1MIKN0035","WYOMING 2.6 NNW, MI US","42.927321","-85.720931","185.9","2010-01",,,,,,,
"US1MIKN0035","WYOMING 2.6 NNW, MI US","42.927321","-85.720931","185.9","2010-02",,,,,,,
"US1MIKN0035","WYOMING 2.6 NNW, MI US","42.927321","-85.720931","185.9","2010-03",,,,,,,
"US1MIKN0035","WYOMING 2.6 NNW, MI US","42.927321","-85.720931","185.9","2010-04",,,,,,,
"US1MIKN0035","WYOMING 2.6 NNW, MI US","42.927321","-85.720931","185.9","2010-05",,,,,,,
"US1MIKN0035","WYOMING 2.6 NNW, MI US","42.927321","-85.720931","185.9","2010-06",,,,,,,
"US1MIKN0033","GRAND RAPIDS 3.0 NW, MI US","42.995024","-85.692186","189.3","2010-04",,,,,,,
"US1MIKN0033","GRAND RAPIDS 3.0 NW, MI US","42.995024","-85.692186","189.3","2010-05",,,,,,,
"US1MICT0001","LAINGSBURG 5.0 SW, MI US","42.8402777","-84.4197222","247.2","2010-02",,,,,,,
"US1MICT0001","LAINGSBURG 5.0 SW, MI US","42.8402777","-84.4197222","247.2","2010-03",,,,,,,
"US1MICT0002","HASLETT 1.2 N, MI US","42.76997","-84.40314","263.0","2010-01",,,,,,,
"US1MICT0002","HASLETT 1.2 N, MI US","42.76997","-84.40314","263.0","2010-02",,,,,,,
"US1MICT0002","HASLETT 1.2 N, MI US","42.76997","-84.40314","263.0","2010-03",,,,,,,
"US1MICT0002","HASLETT 1.2 N, MI US","42.76997","-84.40314","263.0","2010-04",,,,,,,
"US1MICT0002","HASLETT 1.2 N, MI US","42.76997","-84.40314","263.0","2010-05",,,,,,,
"US1MICT0002","HASLETT 1.2 N, MI US","42.76997","-84.40314","263.0","2010-06",,,,,,,
"US1MIKN0031","BYRON CENTER 2.9 NE, MI US","42.841573","-85.683517","217.6","2010-01",,,,,,,
"US1MIKN0031","BYRON CENTER 2.9 NE, MI US","42.841573","-85.683517","217.6","2010-02",,,,,,,
"US1MIKN0031","BYRON CENTER 2.9 NE, MI US","42.841573","-85.683517","217.6","2010-03",,,,,,,
"US1MIKN0031","BYRON CENTER 2.9 NE, MI US","42.841573","-85.683517","217.6","2010-04",,,,,,,
"US1MIKN0031","BYRON CENTER 2.9 NE, MI US","42.841573","-85.683517","217.6","2010-05",,,,,,,
"US1MIKN0031","BYRON CENTER 2.9 NE, MI US","42.841573","-85.683517","217.6","2010-06",,,,,,,
"US1MICT0003","DE WITT 1.2 W, MI US","42.832602","-84.598212","244.1","2010-02",,,,,,,
"US1MICT0003","DE WITT 1.2 W, MI US","42.832602","-84.598212","244.1","2010-03",,,,,,,
"US1MICT0003","DE WITT 1.2 W, MI US","42.832602","-84.598212","244.1","2010-04",,,,,,,
"US1MICT0003","DE WITT 1.2 W, MI US","42.832602","-84.598212","244.1","2010-05",,,,,,,
"US1MICT0003","DE WITT 1.2 W, MI US","42.832602","-84.598212","244.1","2010-06",,,,,,,
"USC00209188","YALE 1 NNW, MI US","43.1447","-82.8011","249.9","2010-01","0.0","-18.3","6.7","2211.3","-5.6","-2.3","-9.0"
"USC00209188","YALE 1 NNW, MI US","43.1447","-82.8011","249.9","2010-02","0.0","-13.9","4.4","2744.0","-4.8","-0.8","-8.8"
"USC00209188","YALE 1 NNW, MI US","43.1447","-82.8011","249.9","2010-03","0.0","-11.7","18.9","3148.6","3.4","9.4","-2.7"
"USC00209188","YALE 1 NNW, MI US","43.1447","-82.8011","249.9","2010-04","0.6","-3.3","27.8","3411.8","9.3","16.5","2.0"
"USC00209188","YALE 1 NNW, MI US","43.1447","-82.8011","249.9","2010-05","21.7","-1.7","30.0","3544.0","14.2","20.4","8.0"
"USC00209188","YALE 1 NNW, MI US","43.1447","-82.8011","249.9","2010-06","71.0","5.6","30.6","3567.0","19.2","25.5","13.0"
"USW00014822","DETROIT CITY AIRPORT, MI US","42.40725","-83.00899","189.8","2010-01","0.0","-15.6","7.8","1927.6","-4.0","-1.1","-6.9"
"USW00014822","DETROIT CITY AIRPORT, MI US","42.40725","-83.00899","189.8","2010-02","0.0","-10.6","5.6","2508.1","-2.4","0.3","-5.1"
"USW00014822","DETROIT CITY AIRPORT, MI US","42.40725","-83.00899","189.8","2010-03","0.0","-6.1","20.0","2911.5","5.3","10.7","-0.1"
"USW00014822","DETROIT CITY AIRPORT, MI US","42.40725","-83.00899","189.8","2010-04","1.1","-2.2","28.3","3106.9","11.9","17.8","5.9"
"USW00014822","DETROIT CITY AIRPORT, MI US","42.40725","-83.00899","189.8","2010-05","49.0","1.7","30.6","3205.2","16.7","21.6","11.8"
"USW00014822","DETROIT CITY AIRPORT, MI US","42.40725","-83.00899","189.8","2010-06","160.6","10.0","31.1","3213.3","21.8","26.4","17.1"
"US1MICF0003","GRAYLING 6.1 E, MI US","44.6557977","-84.5856645","343.8","2010-01",,,,,,,
"US1MICF0003","GRAYLING 6.1 E, MI US","44.6557977","-84.5856645","343.8","2010-02",,,,,,,
"US1MICF0003","GRAYLING 6.1 E, MI US","44.6557977","-84.5856645","343.8","2010-03",,,,,,,
"US1MICF0003","GRAYLING 6.1 E, MI US","44.6557977","-84.5856645","343.8","2010-04",,,,,,,
"US1MICF0003","GRAYLING 6.1 E, MI US","44.6557977","-84.5856645","343.8","2010-05",,,,,,,
"US1MICF0003","GRAYLING 6.1 E, MI US","44.6557977","-84.5856645","343.8","2010-06",,,,,,,
"US1MIKN0039","WYOMING 0.5 NNE, MI US","42.898951","-85.697975","209.1","2010-01",,,,,,,
"US1MIKN0039","WYOMING 0.5 NNE, MI US","42.898951","-85.697975","209.1","2010-02",,,,,,,
"US1MIKN0039","WYOMING 0.5 NNE, MI US","42.898951","-85.697975","209.1","2010-03",,,,,,,
"US1MIKN0039","WYOMING 0.5 NNE, MI US","42.898951","-85.697975","209.1","2010-04",,,,,,,
"US1MIKN0039","WYOMING 0.5 NNE, MI US","42.898951","-85.697975","209.1","2010-05",,,,,,,
"US1MIKN0039","WYOMING 0.5 NNE, MI US","42.898951","-85.697975","209.1","2010-06",,,,,,,
"USC00202788","FIFE LAKE 3 WSW, MI US","44.565","-85.4133","338.9","2010-01","0.0","-19.4","5.6",,"-5.2","-1.9","-8.5"
"USC00202788","FIFE LAKE 3 WSW, MI US","44.565","-85.4133","338.9","2010-03",,"-14.4","25.6",,"4.4","11.8","-3.0"
"USC00202788","FIFE LAKE 3 WSW, MI US","44.565","-85.4133","338.9","2010-04",,"-4.4","28.3",,"10.1","17.2","3.1"
"USC00202788","FIFE LAKE 3 WSW, MI US","44.565","-85.4133","338.9","2010-05",,"-4.4","32.8",,"14.9","22.1","7.7"
"USC00202788","FIFE LAKE 3 WSW, MI US","44.565","-85.4133","338.9","2010-06",,"3.9","31.1",,"18.3","24.2","12.5"
"USC00202427","EASTPOINTE, MI US","42.4588","-82.9438","182.9","2010-01","0.0","-16.1","7.8","1944.3","-4.0","-0.7","-7.4"
"USC00202427","EASTPOINTE, MI US","42.4588","-82.9438","182.9","2010-02","0.0","-12.2","7.2","2520.8","-2.3","1.1","-5.6"
"USC00202427","EASTPOINTE, MI US","42.4588","-82.9438","182.9","2010-03","0.0","-6.7","20.6","2939.9","4.8","10.7","-1.1"
"USC00202427","EASTPOINTE, MI US","42.4588","-82.9438","182.9","2010-04","2.5","-2.8","29.4","3150.2","11.4","18.4","4.5"
"USC00202427","EASTPOINTE, MI US","42.4588","-82.9438","182.9","2010-05","46.4","0.6","31.7","3238.5","16.7","22.4","11.1"
"USC00202427","EASTPOINTE, MI US","42.4588","-82.9438","182.9","2010-06","162.7","8.9","32.2","3247.7","22.0","27.6","16.4"
"USW00014817","CADILLAC, MI US","44.2655","-85.3966","394.7","2010-01","0.0","-22.8","5.6","2451.2","-6.4","-3.0","-9.7"
"USW00014817","CADILLAC, MI US","44.2655","-85.3966","394.7","2010-02","0.0","-18.9","5.0","3119.5","-5.5","-1.1","-10.0"
"USW00014817","CADILLAC, MI US","44.2655","-85.3966","394.7","2010-03","0.0","-15.6","17.2","3626.7","2.0","9.6","-5.6"
"USW00014817","CADILLAC, MI US","44.2655","-85.3966","394.7","2010-04","0.0","-4.4","26.7","3918.0","8.6","15.8","1.5"
"USW00014817","CADILLAC, MI US","44.2655","-85.3966","394.7","2010-05","28.3","-3.9","31.1","4075.5","14.0","20.8","7.2"
"USW00014817","CADILLAC, MI US","44.2655","-85.3966","394.7","2010-06","56.7","3.3","28.3","4122.5","17.7","23.5","11.9"
"USC00204967","LUPTON 1 S, MI US","44.4199","-84.0232","276.8","2010-01","0.0","-20.6","4.4","2576.1","-6.3","-2.3","-10.3"
"USC00204967","LUPTON 1 S, MI US","44.4199","-84.0232","276.8","2010-02","0.0","-18.3","5.6","3235.5","-5.2","-0.5","-9.9"
"USC00204967","LUPTON 1 S, MI US","44.4199","-84.0232","276.8","2010-03","0.0","-11.1","19.4","3716.3","2.8","10.5","-4.9"
"USC00204967","LUPTON 1 S, MI US","44.4199","-84.0232","276.8","2010-04","0.0","-6.7","28.3","4021.6","8.2","16.8","-0.4"
"USC00204967","LUPTON 1 S, MI US","44.4199","-84.0232","276.8","2010-05","17.6","-3.3","31.7","4182.3","13.4","21.3","5.5"
"USC00204967","LUPTON 1 S, MI US","44.4199","-84.0232","276.8","2010-06","34.6","3.3","29.4","4242.6","16.9","23.8","10.0"
"USC00202308","DUNDEE, MI US","41.9552","-83.6488","201.2","2010-01","0.0","-17.2","10.0","1994.6","-4.4","-1.3","-7.4"
"USC00202308","DUNDEE, MI US","41.9552","-83.6488","201.2","2010-02","0.0","-11.7","5.6","2583.2","-2.7","0.7","-6.1"
"USC00202308","DUNDEE, MI US","41.9552","-83.6488","201.2","2010-03","0.0","-6.7","22.8","2990.5","5.0","10.8","-0.8"
"USC00202308","DUNDEE, MI US","41.9552","-83.6488","201.2","2010-04","5.5","-1.7","28.3","3186.6","12.0","19.1","4.8"
"USC00202308","DUNDEE, MI US","41.9552","-83.6488","201.2","2010-06",,"10.6","32.2",,"22.2","27.5","17.0"
"USW00014815","BATTLE CREEK KELLOGG AIRPORT, MI US","42.31192","-85.24147","282.5","2010-01","0.0","-16.6","10.6","2057.1","-4.6","-1.4","-7.7"
"USW00014815","BATTLE CREEK KELLOGG AIRPORT, MI US","42.31192","-85.24147","282.5","2010-02","0.0","-13.2","5.0","2666.0","-3.4","-0.4","-6.4"
"USW00014815","BATTLE CREEK KELLOGG AIRPORT, MI US","42.31192","-85.24147","282.5","2010-03","0.0","-11.6","24.4","3084.2","4.8","10.7","-1.0"
"USW00014815","BATTLE CREEK KELLOGG AIRPORT, MI US","42.31192","-85.24147","282.5","2010-04","7.6","-1.6","27.8","3263.9","12.6","19.2","6.0"
"USW00014815","BATTLE CREEK KELLOGG AIRPORT, MI US","42.31192","-85.24147","282.5","2010-05","59.0","-1.0","31.7","3362.2","16.8","22.3","11.3"
"USW00014815","BATTLE CREEK KELLOGG AIRPORT, MI US","42.31192","-85.24147","282.5","2010-06","148.2","8.9","30.6","3370.2","21.1","25.9","16.3"
"USW00014814","ALPENA WASTEWATER PLANT, MI US","45.0605","-83.428","179.8","2010-01","0.0","-17.2","4.4","2243.7","-5.2","-2.6","-7.7"
"USW00014814","ALPENA WASTEWATER PLANT, MI US","45.0605","-83.428","179.8","2010-02","0.0","-12.2","3.3","2906.5","-5.3","-2.1","-8.6"
"USW00014814","ALPENA WASTEWATER PLANT, MI US","45.0605","-83.428","179.8","2010-03","0.0","-8.9","16.7","3377.0","2.2","6.7","-2.3"
"USW00014814","ALPENA WASTEWATER PLANT, MI US","45.0605","-83.428","179.8","2010-04","1.1","-2.8","28.9","3698.1","7.7","12.1","3.3"
"USW00014814","ALPENA WASTEWATER PLANT, MI US","45.0605","-83.428","179.8","2010-05","17.6","-0.6","31.1","3863.5","13.5","18.1","9.0"
"USW00014814","ALPENA WASTEWATER PLANT, MI US","45.0605","-83.428","179.8","2010-06","36.1","7.8","30.0","3914.6","17.3","21.7","12.8"
"USC00203518","GWINN SHAG LAKE, MI US","46.2643","-87.5149","359.1","2010-01",,,,,,,
"USC00203518","GWINN SHAG LAKE, MI US","46.2643","-87.5149","359.1","2010-02",,,,,,,
"USC00203518","GWINN SHAG LAKE, MI US","46.2643","-87.5149","359.1","2010-03",,,,,,,
"USC00203518","GWINN SHAG LAKE, MI US","46.2643","-87.5149","359.1","2010-04",,,,,,,
"USC00203518","GWINN SHAG LAKE, MI US","46.2643","-87.5149","359.1","2010-05",,,,,,,
"USC00203518","GWINN SHAG LAKE, MI US","46.2643","-87.5149","359.1","2010-06",,,,,,,
"USC00203639","HARVEY, MI US","46.4907","-87.3544","195.1","2010-01",,,,,,,
"USC00203639","HARVEY, MI US","46.4907","-87.3544","195.1","2010-02",,,,,,,
"USC00203639","HARVEY, MI US","46.4907","-87.3544","195.1","2010-03",,,,,,,
"USC00203639","HARVEY, MI US","46.4907","-87.3544","195.1","2010-04",,,,,,,
"USC00203639","HARVEY, MI US","46.4907","-87.3544","195.1","2010-06",,,,,,,
"USC00200361","AUBURN 2 NE, MI US","43.6252","-84.0188","184.4","2010-01","0.0","-18.9","7.2","2089.1","-5.7","-1.7","-9.8"
"USC00200361","AUBURN 2 NE, MI US","43.6252","-84.0188","184.4","2010-02","0.0","-15.0","5.0","2685.9","-4.6","0.2","-9.4"
"USC00200361","AUBURN 2 NE, MI US","43.6252","-84.0188","184.4","2010-03","0.0","-9.4","18.3","3153.1","2.8","9.1","-3.6"
"USC00200361","AUBURN 2 NE, MI US","43.6252","-84.0188","184.4","2010-04","2.8","-5.6","28.3","3385.2","10.0","17.2","2.8"
"USC00200361","AUBURN 2 NE, MI US","43.6252","-84.0188","184.4","2010-05","46.3","-2.2","32.8","3518.8","15.3","21.9","8.8"
"USC00200361","AUBURN 2 NE, MI US","43.6252","-84.0188","184.4","2010-06","104.7","6.7","31.1","3539.3","19.6","25.6","13.6"
"USC00205810","NEWBERRY 1 N, MI US","46.3724","-85.5089","219.5","2010-01","0.0","-27.2","4.4","2761.9","-8.1","-3.6","-12.7"
"USC00205810","NEWBERRY 1 N, MI US","46.3724","-85.5089","219.5","2010-02","0.0","-22.2","5.0","3467.9","-7.8","-2.3","-13.3"
"USC00205810","NEWBERRY 1 N, MI US","46.3724","-85.5089","219.5","2010-03","0.0","-20.0","17.2","4016.6","0.6","8.5","-7.2"
"USC00205810","NEWBERRY 1 N, MI US","46.3724","-85.5089","219.5","2010-04","0.0","-6.1","24.4","4376.3","6.3","13.9","-1.2"
"USC00205810","NEWBERRY 1 N, MI US","46.3724","-85.5089","219.5","2010-05","11.7","-3.9","30.6","4578.0","12.2","20.4","3.9"
"USC00205810","NEWBERRY 1 N, MI US","46.3724","-85.5089","219.5","2010-06","18.3","1.1","27.8","4685.2","14.9","21.1","8.6"
"USC00203632","HART 3 WSW, MI US","43.6751","-86.4228","236.2","2010-01","0.0","-13.9","6.1","2226.5","-4.2","-1.4","-7.1"
"USC00203632","HART 3 WSW, MI US","43.6751","-86.4228","236.2","2010-02","0.0","-15.6","5.0","2854.8","-4.1","0.2","-8.4"
"USC00203632","HART 3 WSW, MI US","43.6751","-86.4228","236.2","2010-03","0.0","-12.2","17.8","3326.2","3.1","10.0","-3.8"
"USC00203632","HART 3 WSW, MI US","43.6751","-86.4228","236.2","2010-04","0.0","-2.8","25.0","3584.1","9.7","16.1","3.4"
"USC00203632","HART 3 WSW, MI US","43.6751","-86.4228","236.2","2010-05","35.2","-3.3","32.2","3734.0","14.6","21.1","8.1"
"USC00203632","HART 3 WSW, MI US","43.6751","-86.4228","236.2","2010-06","76.5","5.0","29.4","3765.7","18.7","24.7","12.6"
"USC00202423","EAST TAWAS, MI US","44.2838","-83.5036","178.6","2010-01","0.0","-18.9","5.0","2231.5","-4.9","-1.4","-8.4"
"USC00202423","EAST TAWAS, MI US","44.2838","-83.5036","178.6","2010-02","0.0","-12.8","7.2","2855.4","-3.9","0.5","-8.4"
"USC00202423","EAST TAWAS, MI US","44.2838","-83.5036","178.6","2010-03","0.0","-8.3","18.9","3327.8","2.6","8.4","-3.3"
"USC00202423","EAST TAWAS, MI US","44.2838","-83.5036","178.6","2010-04","0.8","-3.9","29.4","3627.4","8.4","14.7","2.1"
"USC00202423","EAST TAWAS, MI US","44.2838","-83.5036","178.6","2010-05","21.6","-1.7","30.0","3768.5","14.4","20.5","8.4"
"USC00202423","EAST TAWAS, MI US","44.2838","-83.5036","178.6","2010-06","56.0","5.0","30.0","3804.0","18.3","23.5","13.1"
"US1MIKN0048","KENTWOOD 1.6 WSW, MI US","42.874211","-85.622056","227.1","2010-02",,,,,,,
"US1MIKN0048","KENTWOOD 1.6 WSW, MI US","42.874211","-85.622056","227.1","2010-04",,,,,,,
"US1MIKN0048","KENTWOOD 1.6 WSW, MI US","42.874211","-85.622056","227.1","2010-05",,,,,,,
"US1MIKN0048","KENTWOOD 1.6 WSW, MI US","42.874211","-85.622056","227.1","2010-06",,,,,,,
"US1MIKZ0011","KALAMAZOO 2.3 NE, MI US","42.301414","-85.561363","255.4","2010-04",,,,,,,
"US1MIKZ0011","KALAMAZOO 2.3 NE, MI US","42.301414","-85.561363","255.4","2010-06",,,,,,,
"US1MIKN0049","CALEDONIA 2.6 NNW, MI US","42.826924","-85.538196","246.3","2010-01",,,,,,,
"US1MIKN0049","CALEDONIA 2.6 NNW, MI US","42.826924","-85.538196","246.3","2010-04",,,,,,,
"US1MIKN0049","CALEDONIA 2.6 NNW, MI US","42.826924","-85.538196","246.3","2010-05",,,,,,,
"US1MIKN0049","CALEDONIA 2.6 NNW, MI US","42.826924","-85.538196","246.3","2010-06",,,,,,,
"US1MIKN0042","SPARTA 2.8 W, MI US","43.16158","-85.76498","249.3","2010-04",,,,,,,
"US1MIKN0042","SPARTA 2.8 W, MI US","43.16158","-85.76498","249.3","2010-05",,,,,,,
"US1MIKN0042","SPARTA 2.8 W, MI US","43.16158","-85.76498","249.3","2010-06",,,,,,,
"US1MIKN0043","CALEDONIA 4.4 WNW, MI US","42.825262288","-85.589418411","232.3","2010-01",,,,,,,
"US1MIKN0043","CALEDONIA 4.4 WNW, MI US","42.825262288","-85.589418411","232.3","2010-03",,,,,,,
"US1MIKN0043","CALEDONIA 4.4 WNW, MI US","42.825262288","-85.589418411","232.3","2010-05",,,,,,,
"USW00014833","JACKSON REYNOLDS FIELD, MI US","42.26373","-84.45644","295.9","2010-01","0.0","-17.8","8.3","2103.1","-4.9","-1.6","-8.2"
"USW00014833","JACKSON REYNOLDS FIELD, MI US","42.26373","-84.45644","295.9","2010-02","0.0","-15.0","5.6","2709.9","-3.3","-0.1","-6.6"
"USW00014833","JACKSON REYNOLDS FIELD, MI US","42.26373","-84.45644","295.9","2010-03","0.0","-12.8","22.8","3145.4","4.3","10.8","-2.2"
"USW00014833","JACKSON REYNOLDS FIELD, MI US","42.26373","-84.45644","295.9","2010-04","2.0","-3.3","27.8","3349.1","11.6","18.8","4.4"
"USW00014833","JACKSON REYNOLDS FIELD, MI US","42.26373","-84.45644","295.9","2010-05","38.8","-1.1","30.6","3461.6","15.9","21.6","10.2"
"USW00014833","JACKSON REYNOLDS FIELD, MI US","42.26373","-84.45644","295.9","2010-06","118.0","7.8","30.6","3475.7","20.5","25.7","15.3"
"US1MIOK0018","ORTONVILLE 2.4 WSW, MI US","42.83907","-83.48824","313.0","2010-03",,,,,,,
"US1MIOK0018","ORTONVILLE 2.4 WSW, MI US","42.83907","-83.48824","313.0","2010-04",,,,,,,
"US1MIOK0018","ORTONVILLE 2.4 WSW, MI US","42.83907","-83.48824","313.0","2010-05",,,,,,,
"US1MIOK0018","ORTONVILLE 2.4 WSW, MI US","42.83907","-83.48824","313.0","2010-06",,,,,,,
"USC00203769","HESPERIA 4 WNW, MI US","43.5908","-86.1056","237.7","2010-01","0.0","-21.1","7.2","2285.2","-5.0","-0.7","-9.3"
"USC00203769","HESPERIA 4 WNW, MI US","43.5908","-86.1056","237.7","2010-02","0.0","-17.2","5.6","2886.1","-4.0","1.0","-9.1"
"USC00203769","HESPERIA 4 WNW, MI US","43.5908","-86.1056","237.7","2010-03","0.0","-10.6","18.9","3338.7","3.7","11.5","-4.0"
"USC00203769","HESPERIA 4 WNW, MI US","43.5908","-86.1056","237.7","2010-04","0.0","-4.4","26.7","3599.5","9.6","17.1","2.1"
"USC00203769","HESPERIA 4 WNW, MI US","43.5908","-86.1056","237.7","2010-05","39.2","-5.0","33.3","3745.9","14.9","22.0","7.7"
"USC00203769","HESPERIA 4 WNW, MI US","43.5908","-86.1056","237.7","2010-06","88.1","3.9","30.6","3781.7","18.8","25.6","11.9"
"USC00202437","EATON RAPIDS, MI US","42.518","-84.6521","265.2","2010-04",,,,,,,
"USC00202437","EATON RAPIDS, MI US","42.518","-84.6521","265.2","2010-05",,,,,,,
"USC00202437","EATON RAPIDS, MI US","42.518","-84.6521","265.2","2010-06",,,,,,,
"USC00201468","CHARLEVOIX, MI US","45.3172","-85.2672","180.7","2010-01","0.0","-15.6","7.2","2207.5","-4.1","-1.4","-6.8"
"USC00201468","CHARLEVOIX, MI US","45.3172","-85.2672","180.7","2010-02","0.0","-12.8","1.1","2848.6","-4.6","-1.7","-7.4"
"USC00201468","CHARLEVOIX, MI US","45.3172","-85.2672","180.7","2010-03","0.0","-10.0","17.8","3356.2","2.0","6.8","-2.9"
"USC00201468","CHARLEVOIX, MI US","45.3172","-85.2672","180.7","2010-04","0.3","-1.7","28.9","3651.5","8.5","13.6","3.4"
"USC00201468","CHARLEVOIX, MI US","45.3172","-85.2672","180.7","2010-05","20.6","-0.6","30.6","3815.3","13.7","18.4","8.9"
"USC00201468","CHARLEVOIX, MI US","45.3172","-85.2672","180.7","2010-06","39.7","8.3","30.6","3872.3","17.1","20.9","13.2"
"US1MIOK0014","FARMINGTON HILLS 2.3 SSW, MI US","42.456454","-83.398073","224.3","2010-03",,,,,,,
"US1MIOK0014","FARMINGTON HILLS 2.3 SSW, MI US","42.456454","-83.398073","224.3","2010-04",,,,,,,
"US1MIOK0014","FARMINGTON HILLS 2.3 SSW, MI US","42.456454","-83.398073","224.3","2010-05",,,,,,,
"US1MIOK0014","FARMINGTON HILLS 2.3 SSW, MI US","42.456454","-83.398073","224.3","2010-06",,,,,,,
"US1MIOK0013","PLEASANT RIDGE 0.5 WNW, MI US","42.472465","-83.153615","200.3","2010-01",,,,,,,
"US1MIOK0013","PLEASANT RIDGE 0.5 WNW, MI US","42.472465","-83.153615","200.3","2010-02",,,,,,,
"US1MIOK0013","PLEASANT RIDGE 0.5 WNW, MI US","42.472465","-83.153615","200.3","2010-03",,,,,,,
"US1MIOK0013","PLEASANT RIDGE 0.5 WNW, MI US","42.472465","-83.153615","200.3","2010-04",,,,,,,
"US1MIOK0013","PLEASANT RIDGE 0.5 WNW, MI US","42.472465","-83.153615","200.3","2010-05",,,,,,,
"US1MIOK0013","PLEASANT RIDGE 0.5 WNW, MI US","42.472465","-83.153615","200.3","2010-06",,,,,,,
"USW00014828","GLADWIN, MI US","43.9758","-84.4908","236.2","2010-01","0.0","-17.8","6.1","2308.3","-5.4","-1.4","-9.4"
"USW00014828","GLADWIN, MI US","43.9758","-84.4908","236.2","2010-02","0.0","-15.0","6.1","2941.1","-4.3","0.5","-9.1"
"USW00014828","GLADWIN, MI US","43.9758","-84.4908","236.2","2010-03","0.0","-17.2","19.4","3399.2","3.6","11.0","-3.9"
"USW00014828","GLADWIN, MI US","43.9758","-84.4908","236.2","2010-04","0.0","-4.4","28.3","3671.5","9.3","17.0","1.5"
"USW00014828","GLADWIN, MI US","43.9758","-84.4908","236.2","2010-05","33.9","-2.2","31.7","3813.9","14.8","21.8","7.9"
"USW00014828","GLADWIN, MI US","43.9758","-84.4908","236.2","2010-06","78.1","5.6","31.1","3841.9","18.9","25.0","12.7"
"USW00014826","FLINT FCWOS, MI US","42.96684","-83.74996","234.8","2010-01","0.0","-21.1","7.8","2195.7","-5.5","-1.9","-9.2"
"USW00014826","FLINT FCWOS, MI US","42.96684","-83.74996","234.8","2010-02","0.0","-15.6","5.0","2834.3","-4.5","-0.9","-8.1"
"USW00014826","FLINT FCWOS, MI US","42.96684","-83.74996","234.8","2010-03","0.0","-13.3","22.2","3289.7","3.6","10.1","-2.8"
"USW00014826","FLINT FCWOS, MI US","42.96684","-83.74996","234.8","2010-04","2.8","-4.4","27.2","3515.6","10.9","17.8","4.0"
"USW00014826","FLINT FCWOS, MI US","42.96684","-83.74996","234.8","2010-05","41.1","-2.8","31.1","3635.7","15.7","21.8","9.6"
"USW00014826","FLINT FCWOS, MI US","42.96684","-83.74996","234.8","2010-06","120.2","6.7","31.1","3652.9","20.4","25.8","15.0"
"USC00203529","HALE LOUD DAM, MI US","44.4633","-83.7216","221.9","2010-01","0.0","-19.4","5.6","2257.9","-6.0","-2.1","-10.0"
"USC00203529","HALE LOUD DAM, MI US","44.4633","-83.7216","221.9","2010-02","0.0","-15.6","5.6","2919.1","-5.3","-0.6","-10.0"
"USC00203529","HALE LOUD DAM, MI US","44.4633","-83.7216","221.9","2010-03","0.0","-12.2","18.3","3414.3","2.4","9.8","-5.1"
"USC00203529","HALE LOUD DAM, MI US","44.4633","-83.7216","221.9","2010-04","0.0","-5.0","26.7","3686.5","8.2","15.4","1.1"
"USC00203529","HALE LOUD DAM, MI US","44.4633","-83.7216","221.9","2010-05","15.1","-3.3","31.7","3828.2","13.6","21.0","6.3"
"USC00203529","HALE LOUD DAM, MI US","44.4633","-83.7216","221.9","2010-06","32.5","5.6","31.7","3864.2","17.6","23.9","11.3"
"US1MIKZ0009","KALAMAZOO 5.6 E, MI US","42.26897","-85.47888","260.9","2010-02",,,,,,,
"US1MIKZ0009","KALAMAZOO 5.6 E, MI US","42.26897","-85.47888","260.9","2010-03",,,,,,,
"US1MIKZ0009","KALAMAZOO 5.6 E, MI US","42.26897","-85.47888","260.9","2010-04",,,,,,,
"US1MIKZ0009","KALAMAZOO 5.6 E, MI US","42.26897","-85.47888","260.9","2010-06",,,,,,,
"US1MIKZ0008","KALAMAZOO 3.0 WNW, MI US","42.290483","-85.642516","285.9","2010-03",,,,,,,
"US1MIKZ0008","KALAMAZOO 3.0 WNW, MI US","42.290483","-85.642516","285.9","2010-04",,,,,,,
"US1MIKZ0008","KALAMAZOO 3.0 WNW, MI US","42.290483","-85.642516","285.9","2010-05",,,,,,,
"US1MIKZ0008","KALAMAZOO 3.0 WNW, MI US","42.290483","-85.642516","285.9","2010-06",,,,,,,
"USC00200495","BARAGA 5 W, MI US","46.7953","-88.6014","236.5","2010-01","0.0","-25.6","9.4",,"-7.5","-2.9","-12.2"
"USC00200495","BARAGA 5 W, MI US","46.7953","-88.6014","236.5","2010-02","0.0","-22.2","5.6",,"-6.9","-0.4","-13.5"
"USC00200495","BARAGA 5 W, MI US","46.7953","-88.6014","236.5","2010-03","0.0","-17.2","18.9",,"1.7","9.6","-6.2"
"USC00200495","BARAGA 5 W, MI US","46.7953","-88.6014","236.5","2010-04","1.1","-9.4","26.7",,"7.5","16.5","-1.4"
"USC00200495","BARAGA 5 W, MI US","46.7953","-88.6014","236.5","2010-05","20.6","-6.7","34.4",,"12.9","21.6","4.3"
"USC00200495","BARAGA 5 W, MI US","46.7953","-88.6014","236.5","2010-06","35.6","0.6","30.6",,"15.9","22.4","9.5"
"US1MIKZ0006","WESTERN MICHIGAN UNIVERSITY, MI US","42.283","-85.615","271.9","2010-01",,,,,,,
"US1MIKZ0006","WESTERN MICHIGAN UNIVERSITY, MI US","42.283","-85.615","271.9","2010-02",,,,,,,
"US1MIKZ0006","WESTERN MICHIGAN UNIVERSITY, MI US","42.283","-85.615","271.9","2010-03",,,,,,,
"USC00200497","BARAGA 7 NW, MI US","46.8208","-88.6064","198.7","2010-01","0.0","-25.6","8.3",,"-7.8","-3.2","-12.4"
"USC00200497","BARAGA 7 NW, MI US","46.8208","-88.6064","198.7","2010-02","0.0","-22.8","5.6",,"-8.0","-1.0","-15.0"
"USC00200497","BARAGA 7 NW, MI US","46.8208","-88.6064","198.7","2010-03","0.0","-18.9","18.3",,"1.7","9.8","-6.4"
"USC00200497","BARAGA 7 NW, MI US","46.8208","-88.6064","198.7","2010-04","0.0","-7.8","27.2",,"7.5","16.0","-1.1"
"USC00200497","BARAGA 7 NW, MI US","46.8208","-88.6064","198.7","2010-05",,,,,,,
"USC00200497","BARAGA 7 NW, MI US","46.8208","-88.6064","198.7","2010-06",,,,,,,
"USC00201343","CASEVILLE, MI US","43.9416","-83.2669","181.4","2010-01","0.0","-18.9","6.1","1915.8","-4.6","-1.4","-7.6"
"USC00201343","CASEVILLE, MI US","43.9416","-83.2669","181.4","2010-02","0.0","-10.0","3.9","2487.3","-2.9","0.7","-6.5"
"USC00201343","CASEVILLE, MI US","43.9416","-83.2669","181.4","2010-03","0.0","-7.8","17.2","2949.4","3.4","8.6","-1.8"
"USC00201343","CASEVILLE, MI US","43.9416","-83.2669","181.4","2010-04","1.7","-2.8","27.8","3188.2","9.5","16.2","2.7"
"USC00201343","CASEVILLE, MI US","43.9416","-83.2669","181.4","2010-05","41.2","2.2","32.8","3274.5","16.5","22.3","10.7"
"USC00201343","CASEVILLE, MI US","43.9416","-83.2669","181.4","2010-06","93.2","7.2","32.2","3291.0","19.9","25.4","14.4"
"USC00205822","NEWPORT 4 SSE, MI US","41.9497","-83.28","176.2","2010-01","0.0","-14.4","6.7","1910.9","-3.6","-0.6","-6.5"
"USC00205822","NEWPORT 4 SSE, MI US","41.9497","-83.28","176.2","2010-02","0.0","-10.6","6.1","2488.9","-2.3","0.8","-5.4"
"USC00205822","NEWPORT 4 SSE, MI US","41.9497","-83.28","176.2","2010-03","0.0","-6.7","19.4","2918.3","4.5","9.8","-0.9"
"USC00205822","NEWPORT 4 SSE, MI US","41.9497","-83.28","176.2","2010-04","1.4","-2.2","28.9","3141.0","11.0","17.5","4.4"
"USC00205822","NEWPORT 4 SSE, MI US","41.9497","-83.28","176.2","2010-05","33.2","0.0","31.7","3232.5","16.4","21.8","11.0"
"USC00205822","NEWPORT 4 SSE, MI US","41.9497","-83.28","176.2","2010-06","157.0","8.9","32.2","3239.4","22.2","27.5","17.0"
"US1MIKZ0001","KALAMAZOO 6.0 SW, MI US","42.206126","-85.658962","274.0","2010-04",,,,,,,
"US1MIKZ0001","KALAMAZOO 6.0 SW, MI US","42.206126","-85.658962","274.0","2010-06",,,,,,,
"US1MIOT0006","GAYLORD 5.0 WNW, MI US","45.053056","-84.770833","357.8","2010-01",,,,,,,
"US1MIOT0006","GAYLORD 5.0 WNW, MI US","45.053056","-84.770833","357.8","2010-02",,,,,,,
"US1MIOT0006","GAYLORD 5.0 WNW, MI US","45.053056","-84.770833","357.8","2010-03",,,,,,,
"US1MIOT0006","GAYLORD 5.0 WNW, MI US","45.053056","-84.770833","357.8","2010-05",,,,,,,
"US1MIOT0006","GAYLORD 5.0 WNW, MI US","45.053056","-84.770833","357.8","2010-06",,,,,,,
"US1MIOT0007","GAYLORD 1.8 ESE, MI US","45.009317","-84.646769","397.8","2010-01",,,,,,,
"US1MIOT0007","GAYLORD 1.8 ESE, MI US","45.009317","-84.646769","397.8","2010-02",,,,,,,
"US1MIOT0007","GAYLORD 1.8 ESE, MI US","45.009317","-84.646769","397.8","2010-03",,,,,,,
"US1MIOT0007","GAYLORD 1.8 ESE, MI US","45.009317","-84.646769","397.8","2010-04",,,,,,,
"US1MIOT0007","GAYLORD 1.8 ESE, MI US","45.009317","-84.646769","397.8","2010-05",,,,,,,
"US1MIOT0007","GAYLORD 1.8 ESE, MI US","45.009317","-84.646769","397.8","2010-06",,,,,,,
"USC00202691","FARMINGTON, MI US","42.4669","-83.3625","219.5","2010-01","0.0","-16.1","7.8",,"-4.9","-1.8","-8.0"
"USC00202691","FARMINGTON, MI US","42.4669","-83.3625","219.5","2010-02","0.0","-12.8","6.1",,"-3.7","-0.2","-7.2"
"USC00202691","FARMINGTON, MI US","42.4669","-83.3625","219.5","2010-03","0.0","-8.3","18.9",,"4.2","10.1","-1.8"
"USC00202691","FARMINGTON, MI US","42.4669","-83.3625","219.5","2010-04","0.5","-3.3","28.3",,"10.4","17.5","3.2"
"USC00202691","FARMINGTON, MI US","42.4669","-83.3625","219.5","2010-05","37.1","0.0","31.1",,"15.8","21.6","10.0"
"USC00202691","FARMINGTON, MI US","42.4669","-83.3625","219.5","2010-06","121.0","7.8","31.1",,"20.7","26.2","15.2"
"US1MIKN0053","ADA 1.8 W, MI US","42.949178","-85.526282","241.1","2010-01",,,,,,,
"US1MIKN0053","ADA 1.8 W, MI US","42.949178","-85.526282","241.1","2010-02",,,,,,,
"US1MIKN0053","ADA 1.8 W, MI US","42.949178","-85.526282","241.1","2010-06",,,,,,,
"USW00014845","SAGINAW MBS INTERNATIONAL AIRPORT, MI US","43.52808","-84.08133","201.7","2010-01","0.0","-17.8","6.7","2150.8","-5.3","-2.1","-8.4"
"USW00014845","SAGINAW MBS INTERNATIONAL AIRPORT, MI US","43.52808","-84.08133","201.7","2010-02","0.0","-13.3","3.9","2769.3","-3.8","-0.5","-7.1"
"USW00014845","SAGINAW MBS INTERNATIONAL AIRPORT, MI US","43.52808","-84.08133","201.7","2010-03","0.0","-7.8","23.9","3209.6","4.1","9.7","-1.5"
"USW00014845","SAGINAW MBS INTERNATIONAL AIRPORT, MI US","43.52808","-84.08133","201.7","2010-04","5.0","-2.8","28.3","3436.1","10.9","17.2","4.7"
"USW00014845","SAGINAW MBS INTERNATIONAL AIRPORT, MI US","43.52808","-84.08133","201.7","2010-05","55.8","-0.6","31.7","3550.0","16.3","21.7","10.9"
"USW00014845","SAGINAW MBS INTERNATIONAL AIRPORT, MI US","43.52808","-84.08133","201.7","2010-06","127.8","8.3","31.1","3568.0","20.1","25.2","15.0"
"US1MIOT0001","GAYLORD 2.2 SE, MI US","44.997831","-84.653117","402.0","2010-01",,,,,,,
"US1MIOT0001","GAYLORD 2.2 SE, MI US","44.997831","-84.653117","402.0","2010-02",,,,,,,
"US1MIOT0001","GAYLORD 2.2 SE, MI US","44.997831","-84.653117","402.0","2010-03",,,,,,,
"US1MIOT0001","GAYLORD 2.2 SE, MI US","44.997831","-84.653117","402.0","2010-04",,,,,,,
"US1MIOT0001","GAYLORD 2.2 SE, MI US","44.997831","-84.653117","402.0","2010-05",,,,,,,
"US1MIOT0001","GAYLORD 2.2 SE, MI US","44.997831","-84.653117","402.0","2010-06",,,,,,,
"USW00014841","PELLSTON REGIONAL AIRPORT, MI US","45.5644","-84.79291","215.3","2010-01","0.0","-25.0","6.7","2641.0","-7.0","-2.8","-11.1"
"USW00014841","PELLSTON REGIONAL AIRPORT, MI US","45.5644","-84.79291","215.3","2010-02","0.0","-21.1","3.3","3349.4","-7.0","-1.7","-12.2"
"USW00014841","PELLSTON REGIONAL AIRPORT, MI US","45.5644","-84.79291","215.3","2010-03","0.0","-17.8","25.6","3872.7","1.4","9.3","-6.4"
"USW00014841","PELLSTON REGIONAL AIRPORT, MI US","45.5644","-84.79291","215.3","2010-04","0.0","-7.2","29.4","4196.1","7.6","16.0","-0.9"
"USW00014841","PELLSTON REGIONAL AIRPORT, MI US","45.5644","-84.79291","215.3","2010-05","20.8","-6.1","33.3","4377.3","13.2","21.2","5.1"
"USW00014841","PELLSTON REGIONAL AIRPORT, MI US","45.5644","-84.79291","215.3","2010-06","31.6","2.2","29.4","4461.2","15.9","22.2","9.6"
"USW00014840","MUSKEGON CO AIRPORT, MI US","43.17111","-86.23685","190.3","2010-01","0.0","-16.7","8.3","2040.2","-3.4","-1.0","-5.8"
"USW00014840","MUSKEGON CO AIRPORT, MI US","43.17111","-86.23685","190.3","2010-02","0.0","-13.9","3.9","2638.9","-3.1","0.1","-6.2"
"USW00014840","MUSKEGON CO AIRPORT, MI US","43.17111","-86.23685","190.3","2010-03","0.0","-8.9","24.4","3071.9","4.4","9.8","-1.1"
"USW00014840","MUSKEGON CO AIRPORT, MI US","43.17111","-86.23685","190.3","2010-04","4.5","-1.1","25.6","3301.1","10.8","16.6","5.1"
"USW00014840","MUSKEGON CO AIRPORT, MI US","43.17111","-86.23685","190.3","2010-05","46.0","-2.2","31.7","3432.3","15.4","20.9","10.0"
"USW00014840","MUSKEGON CO AIRPORT, MI US","43.17111","-86.23685","190.3","2010-06","107.7","7.8","29.4","3451.5","19.8","24.6","14.9"
"US1MIOK0005","WEST BLOOMFIELD TOWNSHIP 0.9 E, MI US","42.571312","-83.364391","279.2","2010-04",,,,,,,
"US1MIOK0005","WEST BLOOMFIELD TOWNSHIP 0.9 E, MI US","42.571312","-83.364391","279.2","2010-05",,,,,,,
"USC00201238","CAPAC 2 N, MI US","43.048","-82.9238","248.4","2010-01","0.0","-18.3","6.1",,"-5.5","-1.0","-10.1"
"USC00201238","CAPAC 2 N, MI US","43.048","-82.9238","248.4","2010-02","0.0","-16.1","7.2",,"-4.9","0.8","-10.6"
"USC00201238","CAPAC 2 N, MI US","43.048","-82.9238","248.4","2010-03","0.0","-12.8","21.1",,"2.6","10.2","-4.9"
"USC00201238","CAPAC 2 N, MI US","43.048","-82.9238","248.4","2010-04","1.1","-5.6","29.4",,"9.4","17.7","1.1"
"USC00201238","CAPAC 2 N, MI US","43.048","-82.9238","248.4","2010-05","22.8","-3.9","31.7",,"15.0","22.6","7.3"
"USC00201238","CAPAC 2 N, MI US","43.048","-82.9238","248.4","2010-06","68.3","3.3","31.1",,"19.0","26.2","11.8"
"USC00202328","DURAND WWTP, MI US","42.9269","-83.9894","234.7","2010-01","0.0","-20.0","7.8","2095.6","-5.4","-1.6","-9.2"
"USC00202328","DURAND WWTP, MI US","42.9269","-83.9894","234.7","2010-02","0.0","-13.9","5.6","2719.0","-3.9","0.1","-8.0"
"USC00202328","DURAND WWTP, MI US","42.9269","-83.9894","234.7","2010-03","0.0","-10.0","18.9","3151.8","3.6","9.9","-2.7"
"USC00202328","DURAND WWTP, MI US","42.9269","-83.9894","234.7","2010-04","2.0","-3.3","27.8","3365.4","11.1","18.0","4.2"
"USC00202328","DURAND WWTP, MI US","42.9269","-83.9894","234.7","2010-05","47.8","-1.1","31.7","3481.1","16.1","22.1","10.1"
"USC00202328","DURAND WWTP, MI US","42.9269","-83.9894","234.7","2010-06","134.6","7.8","31.7","3495.0","20.9","26.2","15.5"
"USW00014838","MARQUETTE, MI US","46.5458","-87.3795","186.8","2010-01","0.0","-16.7","5.0","2312.9","-5.2","-2.6","-7.8"
"USW00014838","MARQUETTE, MI US","46.5458","-87.3795","186.8","2010-02","0.0","-14.4","2.2","2946.7","-4.3","-1.8","-6.8"
"USW00014838","MARQUETTE, MI US","46.5458","-87.3795","186.8","2010-03","0.0","-8.9","11.7","3448.1","1.6","5.1","-1.9"
"USW00014838","MARQUETTE, MI US","46.5458","-87.3795","186.8","2010-04","0.0","-2.2","25.6","3774.0","7.5","11.9","3.1"
"USW00014838","MARQUETTE, MI US","46.5458","-87.3795","186.8","2010-05","16.1","1.1","32.2","3952.8","13.1","18.2","8.0"
"USW00014838","MARQUETTE, MI US","46.5458","-87.3795","186.8","2010-06","41.5","6.7","30.6","4042.2","16.2","19.8","12.6"
"USW00014836","LANSING CAPITAL CITY AIRPORT, MI US","42.77609","-84.59972","261.2","2010-01","0.0","-17.2","8.3","2140.2","-5.1","-2.0","-8.2"
"USW00014836","LANSING CAPITAL CITY AIRPORT, MI US","42.77609","-84.59972","261.2","2010-02","0.0","-13.9","4.4","2756.9","-3.7","-0.5","-6.8"
"USW00014836","LANSING CAPITAL CITY AIRPORT, MI US","42.77609","-84.59972","261.2","2010-03","0.0","-11.7","23.3","3194.2","4.2","10.4","-1.9"
"USW00014836","LANSING CAPITAL CITY AIRPORT, MI US","42.77609","-84.59972","261.2","2010-04","4.7","-1.7","27.2","3408.8","11.3","18.1","4.6"
"USW00014836","LANSING CAPITAL CITY AIRPORT, MI US","42.77609","-84.59972","261.2","2010-05","46.1","-1.1","31.1","3524.4","15.9","21.5","10.4"
"USW00014836","LANSING CAPITAL CITY AIRPORT, MI US","42.77609","-84.59972","261.2","2010-06","123.1","7.8","31.1","3539.4","20.4","25.5","15.3"
"US1MIDC0002","IRON MOUNTAIN 0.5 SSW, MI US","45.8203051","-88.0652224","347.8","2010-01",,,,,,,
"US1MIDC0002","IRON MOUNTAIN 0.5 SSW, MI US","45.8203051","-88.0652224","347.8","2010-02",,,,,,,
"US1MIDC0002","IRON MOUNTAIN 0.5 SSW, MI US","45.8203051","-88.0652224","347.8","2010-03",,,,,,,
"US1MIDC0002","IRON MOUNTAIN 0.5 SSW, MI US","45.8203051","-88.0652224","347.8","2010-04",,,,,,,
"US1MIDC0002","IRON MOUNTAIN 0.5 SSW, MI US","45.8203051","-88.0652224","347.8","2010-05",,,,,,,
"US1MIDC0002","IRON MOUNTAIN 0.5 SSW, MI US","45.8203051","-88.0652224","347.8","2010-06",,,,,,,
"USC00201476","CHARLOTTE, MI US","42.5499","-84.825","274.9","2010-01","0.0","-17.8","8.3","2220.9","-5.5","-2.0","-9.0"
"USC00201476","CHARLOTTE, MI US","42.5499","-84.825","274.9","2010-02","0.0","-16.7","4.4","2857.0","-4.4","-0.7","-8.1"
"USC00201476","CHARLOTTE, MI US","42.5499","-84.825","274.9","2010-03","0.0","-12.2","23.3","3325.5","3.2","9.9","-3.4"
"USC00201476","CHARLOTTE, MI US","42.5499","-84.825","274.9","2010-04","4.4","-2.2","27.2","3559.1","10.7","17.7","3.7"
"USC00201476","CHARLOTTE, MI US","42.5499","-84.825","274.9","2010-05","43.3","-1.7","30.6","3687.4","15.4","21.2","9.7"
"USC00201476","CHARLOTTE, MI US","42.5499","-84.825","274.9","2010-06","108.6","8.3","31.1","3705.1","19.9","25.4","14.5"
"USC00203413","GREEN GARDEN NUMBER 2, MI US","46.4533","-87.3038","205.7","2010-06",,,,,,,
"USC00204502","LAKE CITY EXPERIMENTAL FARM, MI US","44.3088","-85.205","374.9","2010-01","0.0","-20.6","5.6","2509.1","-6.2","-2.2","-10.1"
"USC00204502","LAKE CITY EXPERIMENTAL FARM, MI US","44.3088","-85.205","374.9","2010-02","0.0","-18.3","6.7","3167.9","-5.2","-0.3","-10.1"
"USC00204502","LAKE CITY EXPERIMENTAL FARM, MI US","44.3088","-85.205","374.9","2010-03","0.0","-15.6","18.3","3654.1","2.6","10.3","-5.0"
"USC00204502","LAKE CITY EXPERIMENTAL FARM, MI US","44.3088","-85.205","374.9","2010-04","0.0","-5.0","26.7","3949.5","8.5","15.8","1.2"
"USC00204502","LAKE CITY EXPERIMENTAL FARM, MI US","44.3088","-85.205","374.9","2010-05","23.2","-3.9","31.1","4112.2","13.8","20.8","6.8"
"USC00204502","LAKE CITY EXPERIMENTAL FARM, MI US","44.3088","-85.205","374.9","2010-06","56.5","2.8","29.4","4158.5","17.9","23.8","12.0"
"USC00200146","ALMA, MI US","43.38686","-84.64818","221.9","2010-01","0.0","-16.7","6.7","2226.3","-5.5","-2.1","-9.0"
"USC00200146","ALMA, MI US","43.38686","-84.64818","221.9","2010-02","0.0","-13.9","5.0","2858.4","-4.2","-0.2","-8.3"
"USC00200146","ALMA, MI US","43.38686","-84.64818","221.9","2010-03","0.0","-8.3","18.9","3316.6","3.6","9.9","-2.8"
"USC00200146","ALMA, MI US","43.38686","-84.64818","221.9","2010-04","2.0","-2.8","27.8","3559.7","10.3","17.2","3.4"
"USC00200146","ALMA, MI US","43.38686","-84.64818","221.9","2010-05","38.4","-1.1","31.7","3692.2","15.2","21.6","8.9"
"USC00200146","ALMA, MI US","43.38686","-84.64818","221.9","2010-06","104.9","7.8","31.1","3708.9","20.0","25.5","14.5"
"USC00202445","EAU CLAIRE 4 NE, MI US","42.0153","-86.243","256.0","2010-01","0.0","-16.1","10.0","1901.8","-3.7","-0.5","-6.9"
"USC00202445","EAU CLAIRE 4 NE, MI US","42.0153","-86.243","256.0","2010-02","0.0","-11.1","6.1","2457.0","-2.3","0.8","-5.4"
"USC00202445","EAU CLAIRE 4 NE, MI US","42.0153","-86.243","256.0","2010-03","0.0","-7.8","25.6","2816.3","6.3","12.0","0.7"
"USC00202445","EAU CLAIRE 4 NE, MI US","42.0153","-86.243","256.0","2010-04","10.3","-0.6","28.3","2973.8","13.4","19.9","7.0"
"USC00202445","EAU CLAIRE 4 NE, MI US","42.0153","-86.243","256.0","2010-05","68.3","1.1","33.9","3058.4","17.5","23.4","11.6"
"USC00202445","EAU CLAIRE 4 NE, MI US","42.0153","-86.243","256.0","2010-06","174.2","10.0","32.8","3066.2","21.6","26.9","16.3"
"USC00208443","VASSAR, MI US","43.3656","-83.5828","192.0","2010-01","0.0","-22.2","7.2","2226.4","-6.0","-1.8","-10.1"
"USC00208443","VASSAR, MI US","43.3656","-83.5828","192.0","2010-02","0.0","-16.1","6.1","2875.1","-4.8","-0.4","-9.3"
"USC00208443","VASSAR, MI US","43.3656","-83.5828","192.0","2010-03","0.0","-12.8","18.9","3358.8","2.7","9.6","-4.2"
"USC00208443","VASSAR, MI US","43.3656","-83.5828","192.0","2010-04","3.6","-5.0","28.9","3625.5","9.6","17.5","1.7"
"USC00208443","VASSAR, MI US","43.3656","-83.5828","192.0","2010-05","34.7","-2.2","31.7","3759.1","15.0","21.8","8.3"
"USC00208443","VASSAR, MI US","43.3656","-83.5828","192.0","2010-06","93.9","5.0","31.1","3781.9","19.6","25.7","13.4"
"USC00205050","MANCHESTER, MI US","42.1508","-84.0236","294.1","2010-01",,,"8.3",,,"-1.1",
"USC00205050","MANCHESTER, MI US","42.1508","-84.0236","294.1","2010-02",,,"6.7",,,"0.3",
"USC00205050","MANCHESTER, MI US","42.1508","-84.0236","294.1","2010-04",,,"28.3",,,"19.7",
"USC00205050","MANCHESTER, MI US","42.1508","-84.0236","294.1","2010-05",,"-0.6","31.7",,"15.6","22.1","9.0"
"USC00205050","MANCHESTER, MI US","42.1508","-84.0236","294.1","2010-06",,,"32.2",,,"26.7",
"USC00208202","TIPTON 2 WNW, MI US","42.0283","-84.1108","295.7","2010-01","0.0","-17.8","7.8",,"-4.9","-1.2","-8.5"
"USC00208202","TIPTON 2 WNW, MI US","42.0283","-84.1108","295.7","2010-02","0.0","-16.1","5.6",,"-3.6","0.4","-7.6"
"USC00208202","TIPTON 2 WNW, MI US","42.0283","-84.1108","295.7","2010-03","0.0","-9.4","18.9",,"4.3","10.6","-2.0"
"USC00208202","TIPTON 2 WNW, MI US","42.0283","-84.1108","295.7","2010-04","2.5","-3.9","28.9",,"10.8","18.2","3.3"
"USC00208202","TIPTON 2 WNW, MI US","42.0283","-84.1108","295.7","2010-05","37.5","0.0","31.1",,"15.9","21.9","9.9"
"USC00208202","TIPTON 2 WNW, MI US","42.0283","-84.1108","295.7","2010-06","118.4","8.3","31.1",,"20.9","26.8","14.9"
"US1MIBN0004","NILES 2.7 W, MI US","41.83705","-86.30048","219.2","2010-01",,,,,,,
"US1MIBN0004","NILES 2.7 W, MI US","41.83705","-86.30048","219.2","2010-02",,,,,,,
"US1MIBN0004","NILES 2.7 W, MI US","41.83705","-86.30048","219.2","2010-03",,,,,,,
"US1MIBN0004","NILES 2.7 W, MI US","41.83705","-86.30048","219.2","2010-04",,,,,,,
"US1MIBN0004","NILES 2.7 W, MI US","41.83705","-86.30048","219.2","2010-05",,,,,,,
"US1MIBN0003","BUCHANAN 1.4 ESE, MI US","41.818287","-86.342251","231.3","2010-01",,,,,,,
"US1MIBN0003","BUCHANAN 1.4 ESE, MI US","41.818287","-86.342251","231.3","2010-02",,,,,,,
"US1MIBN0003","BUCHANAN 1.4 ESE, MI US","41.818287","-86.342251","231.3","2010-03",,,,,,,
"US1MIBN0003","BUCHANAN 1.4 ESE, MI US","41.818287","-86.342251","231.3","2010-04",,,,,,,
"US1MIBN0003","BUCHANAN 1.4 ESE, MI US","41.818287","-86.342251","231.3","2010-05",,,,,,,
"US1MIBN0003","BUCHANAN 1.4 ESE, MI US","41.818287","-86.342251","231.3","2010-06",,,,,,,
"US1MIMY0003","HILLMAN 6.9 WSW, MI US","45.01577899","-84.02238487","267.0","2010-01",,,,,,,
"US1MIMY0003","HILLMAN 6.9 WSW, MI US","45.01577899","-84.02238487","267.0","2010-02",,,,,,,
"US1MIMY0003","HILLMAN 6.9 WSW, MI US","45.01577899","-84.02238487","267.0","2010-04",,,,,,,
"US1MIMY0003","HILLMAN 6.9 WSW, MI US","45.01577899","-84.02238487","267.0","2010-05",,,,,,,
"US1MIMY0003","HILLMAN 6.9 WSW, MI US","45.01577899","-84.02238487","267.0","2010-06",,,,,,,
"USC00208680","WATERSMEET, MI US","46.2778","-89.1742","484.6","2010-02",,,,,,,
"USC00208680","WATERSMEET, MI US","46.2778","-89.1742","484.6","2010-03",,,,,,,
"USC00208680","WATERSMEET, MI US","46.2778","-89.1742","484.6","2010-04",,,,,,,
"USC00208680","WATERSMEET, MI US","46.2778","-89.1742","484.6","2010-05",,,,,,,
"USC00208680","WATERSMEET, MI US","46.2778","-89.1742","484.6","2010-06",,,,,,,
"US1MIBN0002","STEVENSVILLE 1.7 SSE, MI US","41.991137","-86.508585","187.8","2010-01",,,,,,,
"US1MIBN0002","STEVENSVILLE 1.7 SSE, MI US","41.991137","-86.508585","187.8","2010-02",,,,,,,
"US1MIBN0002","STEVENSVILLE 1.7 SSE, MI US","41.991137","-86.508585","187.8","2010-03",,,,,,,
"US1MIBN0002","STEVENSVILLE 1.7 SSE, MI US","41.991137","-86.508585","187.8","2010-05",,,,,,,
"US1MIBN0002","STEVENSVILLE 1.7 SSE, MI US","41.991137","-86.508585","187.8","2010-06",,,,,,,
"USC00207350","SANDUSKY, MI US","43.4194","-82.8191","235.9","2010-01","0.0","-16.1","5.6","2186.6","-5.5","-2.7","-8.4"
"USC00207350","SANDUSKY, MI US","43.4194","-82.8191","235.9","2010-02","0.0","-12.8","2.8","2826.6","-4.5","-1.7","-7.4"
"USC00207350","SANDUSKY, MI US","43.4194","-82.8191","235.9","2010-03","0.0","-7.2","18.3","3286.3","3.1","7.9","-1.8"
"USC00207350","SANDUSKY, MI US","43.4194","-82.8191","235.9","2010-04","0.0","-3.3","27.8","3558.7","9.3","15.7","2.8"
"USC00207350","SANDUSKY, MI US","43.4194","-82.8191","235.9","2010-05","30.9","0.6","31.1","3686.7","15.2","20.7","9.7"
"USC00207350","SANDUSKY, MI US","43.4194","-82.8191","235.9","2010-06","72.8","6.1","30.0","3709.5","19.1","24.6","13.5"
"US1MIBN0001","NEW BUFFALO 0.4 WNW, MI US","41.792007","-86.751916","184.1","2010-01",,,,,,,
"USC00208682","WATERSMEET 12 WSW, MI US","46.2231","-89.4085","515.1","2010-01",,,,,,,
"USC00208682","WATERSMEET 12 WSW, MI US","46.2231","-89.4085","515.1","2010-02",,,,,,,
"USC00208682","WATERSMEET 12 WSW, MI US","46.2231","-89.4085","515.1","2010-03",,,,,,,
"USC00208682","WATERSMEET 12 WSW, MI US","46.2231","-89.4085","515.1","2010-04",,,,,,,
"USC00208682","WATERSMEET 12 WSW, MI US","46.2231","-89.4085","515.1","2010-05",,,,,,,
"USC00208682","WATERSMEET 12 WSW, MI US","46.2231","-89.4085","515.1","2010-06",,,,,,,
"US1MINW0004","NEWAYGO 7.7 ESE, MI US","43.39378","-85.65228","265.8","2010-05",,,,,,,
"US1MINW0004","NEWAYGO 7.7 ESE, MI US","43.39378","-85.65228","265.8","2010-06",,,,,,,
"USC00200718","BERGLAND DAM, MI US","46.5869","-89.5475","396.2","2010-01","0.0","-25.6","3.9",,"-9.4","-5.3","-13.6"
"USC00200718","BERGLAND DAM, MI US","46.5869","-89.5475","396.2","2010-02","0.0","-24.4","3.9",,"-10.1","-2.9","-17.3"
"USC00200718","BERGLAND DAM, MI US","46.5869","-89.5475","396.2","2010-03","0.0","-19.4","18.3",,"1.1","9.3","-7.1"
"USC00200718","BERGLAND DAM, MI US","46.5869","-89.5475","396.2","2010-04",,,,,,,
"USC00200718","BERGLAND DAM, MI US","46.5869","-89.5475","396.2","2010-05",,"-3.9","33.3",,"13.0","21.2","4.8"
"USC00200718","BERGLAND DAM, MI US","46.5869","-89.5475","396.2","2010-06",,"2.2","29.4",,"15.8","22.1","9.6"
"US1MINW0006","FREMONT 3.5 NNW, MI US","43.5106824","-85.9665925","263.7","2010-01",,,,,,,
"US1MINW0006","FREMONT 3.5 NNW, MI US","43.5106824","-85.9665925","263.7","2010-02",,,,,,,
"US1MINW0006","FREMONT 3.5 NNW, MI US","43.5106824","-85.9665925","263.7","2010-03",,,,,,,
"US1MINW0006","FREMONT 3.5 NNW, MI US","43.5106824","-85.9665925","263.7","2010-04",,,,,,,
"US1MINW0006","FREMONT 3.5 NNW, MI US","43.5106824","-85.9665925","263.7","2010-05",,,,,,,
"US1MINW0006","FREMONT 3.5 NNW, MI US","43.5106824","-85.9665925","263.7","2010-06",,,,,,,
"US1MINW0007","WHITE CLOUD 2.9 NW, MI US","43.591","-85.798","294.7","2010-01",,,,,,,
"US1MINW0007","WHITE CLOUD 2.9 NW, MI US","43.591","-85.798","294.7","2010-02",,,,,,,
"US1MINW0007","WHITE CLOUD 2.9 NW, MI US","43.591","-85.798","294.7","2010-03",,,,,,,
"US1MINW0007","WHITE CLOUD 2.9 NW, MI US","43.591","-85.798","294.7","2010-04",,,,,,,
"US1MINW0007","WHITE CLOUD 2.9 NW, MI US","43.591","-85.798","294.7","2010-05",,,,,,,
"US1MINW0007","WHITE CLOUD 2.9 NW, MI US","43.591","-85.798","294.7","2010-06",,,,,,,
"US1MINW0002","GRANT 4.8 NW, MI US","43.381844","-85.879724","189.9","2010-04",,,,,,,
"US1MINW0002","GRANT 4.8 NW, MI US","43.381844","-85.879724","189.9","2010-05",,,,,,,
"US1MINW0003","NEWAYGO 10.3 ENE, MI US","43.46164","-85.60268","251.2","2010-01",,,,,,,
"US1MINW0003","NEWAYGO 10.3 ENE, MI US","43.46164","-85.60268","251.2","2010-02",,,,,,,
"US1MINW0003","NEWAYGO 10.3 ENE, MI US","43.46164","-85.60268","251.2","2010-03",,,,,,,
"US1MINW0003","NEWAYGO 10.3 ENE, MI US","43.46164","-85.60268","251.2","2010-04",,,,,,,
"US1MINW0003","NEWAYGO 10.3 ENE, MI US","43.46164","-85.60268","251.2","2010-05",,,,,,,
"US1MINW0003","NEWAYGO 10.3 ENE, MI US","43.46164","-85.60268","251.2","2010-06",,,,,,,
"US1MIOK0037","WEST BLOOMFIELD TOWNSHIP 0.7 SE, MI US","42.56314","-83.371272","287.7","2010-01",,,,,,,
"US1MIOK0037","WEST BLOOMFIELD TOWNSHIP 0.7 SE, MI US","42.56314","-83.371272","287.7","2010-02",,,,,,,
"US1MIOK0036","TROY 2.1 S, MI US","42.549398","-83.145344","206.0","2010-06",,,,,,,
"USC00200710","BENTON HARBOR AIRPORT, MI US","42.1245","-86.4266","190.5","2010-01","0.0","-22.8","10.0",,"-3.4","0.1","-6.9"
"USC00200710","BENTON HARBOR AIRPORT, MI US","42.1245","-86.4266","190.5","2010-02","0.0","-12.8","5.6",,"-2.4","0.6","-5.3"
"USC00200710","BENTON HARBOR AIRPORT, MI US","42.1245","-86.4266","190.5","2010-03","0.0","-10.0","25.6",,"5.0","10.9","-0.9"
"USC00200710","BENTON HARBOR AIRPORT, MI US","42.1245","-86.4266","190.5","2010-04","7.2","-1.7","28.9",,"12.3","19.2","5.3"
"USC00200710","BENTON HARBOR AIRPORT, MI US","42.1245","-86.4266","190.5","2010-05","47.6","-1.1","33.9",,"16.9","23.3","10.4"
"USC00200710","BENTON HARBOR AIRPORT, MI US","42.1245","-86.4266","190.5","2010-06","137.6","7.8","32.8",,"21.0","26.7","15.4"
"US1MIOK0035","WATERFORD 2.1 NW, MI US","42.687418","-83.413166","299.3","2010-01",,,,,,,
"US1MIOK0035","WATERFORD 2.1 NW, MI US","42.687418","-83.413166","299.3","2010-03",,,,,,,
"US1MIOK0035","WATERFORD 2.1 NW, MI US","42.687418","-83.413166","299.3","2010-04",,,,,,,
"US1MIOK0035","WATERFORD 2.1 NW, MI US","42.687418","-83.413166","299.3","2010-05",,,,,,,
"US1MIOK0035","WATERFORD 2.1 NW, MI US","42.687418","-83.413166","299.3","2010-06",,,,,,,
"US1MIOK0032","MILFORD 1.4 NE, MI US","42.602462","-83.585393","302.4","2010-05",,,,,,,
"US1MIOK0032","MILFORD 1.4 NE, MI US","42.602462","-83.585393","302.4","2010-06",,,,,,,
"USC00201802","CORNELL 5 SE, MI US","45.8269","-87.1589","242.0","2010-01","0.0","-20.0","5.0","2416.1","-6.5","-2.8","-10.3"
"USC00201802","CORNELL 5 SE, MI US","45.8269","-87.1589","242.0","2010-02","0.0","-17.2","4.4","3046.0","-5.0","-0.5","-9.5"
"USC00201802","CORNELL 5 SE, MI US","45.8269","-87.1589","242.0","2010-03","0.0","-13.3","19.4","3475.2","3.0","9.3","-3.3"
"USC00201802","CORNELL 5 SE, MI US","45.8269","-87.1589","242.0","2010-04","0.0","-6.1","26.7","3752.2","8.1","15.0","1.2"
"USC00201802","CORNELL 5 SE, MI US","45.8269","-87.1589","242.0","2010-05","17.8","-4.4","30.0","3870.9","14.7","22.0","7.5"
"USC00201802","CORNELL 5 SE, MI US","45.8269","-87.1589","242.0","2010-06","38.9","1.7","29.4","3933.5","17.0","22.7","11.2"
"US1MIOK0031","WATERFORD 2.6 N, MI US","42.70081","-83.39073","294.1","2010-01",,,,,,,
"US1MIOK0031","WATERFORD 2.6 N, MI US","42.70081","-83.39073","294.1","2010-03",,,,,,,
"US1MIOK0031","WATERFORD 2.6 N, MI US","42.70081","-83.39073","294.1","2010-04",,,,,,,
"US1MIOK0031","WATERFORD 2.6 N, MI US","42.70081","-83.39073","294.1","2010-05",,,,,,,
"US1MIOK0031","WATERFORD 2.6 N, MI US","42.70081","-83.39073","294.1","2010-06",,,,,,,
"US1MIOK0030","OAK PARK 0.8 NE, MI US","42.473","-83.171","201.8","2010-02",,,,,,,
"US1MIOK0030","OAK PARK 0.8 NE, MI US","42.473","-83.171","201.8","2010-03",,,,,,,
"US1MIOK0030","OAK PARK 0.8 NE, MI US","42.473","-83.171","201.8","2010-04",,,,,,,
"US1MIOK0030","OAK PARK 0.8 NE, MI US","42.473","-83.171","201.8","2010-05",,,,,,,
"US1MIOK0030","OAK PARK 0.8 NE, MI US","42.473","-83.171","201.8","2010-06",,,,,,,
"USC00205168","MARLETTE, MI US","43.3308","-83.0663","249.9","2010-01","0.0","-17.8","6.1",,"-6.4","-3.1","-9.8"
"USC00205168","MARLETTE, MI US","43.3308","-83.0663","249.9","2010-03",,"-8.3","17.8",,"2.6","8.4","-3.2"
"USC00205168","MARLETTE, MI US","43.3308","-83.0663","249.9","2010-04",,"-3.9","27.2",,"9.5","16.9","2.2"
"USC00205168","MARLETTE, MI US","43.3308","-83.0663","249.9","2010-05",,"-1.1","30.6",,"14.9","21.0","8.6"
"USC00205168","MARLETTE, MI US","43.3308","-83.0663","249.9","2010-06",,"5.0","30.0",,"19.1","25.3","12.9"
"USC00204078","IONIA 2 SSW, MI US","42.953","-85.0777","245.4","2010-01","0.0","-17.8","8.3","2242.3","-5.5","-2.4","-8.7"
"USC00204078","IONIA 2 SSW, MI US","42.953","-85.0777","245.4","2010-02","0.0","-14.4","3.3","2882.4","-4.5","-1.0","-8.1"
"USC00204078","IONIA 2 SSW, MI US","42.953","-85.0777","245.4","2010-03","0.0","-9.4","18.3","3352.5","3.2","9.3","-3.0"
"USC00204078","IONIA 2 SSW, MI US","42.953","-85.0777","245.4","2010-04",,,,,,,
"USC00204078","IONIA 2 SSW, MI US","42.953","-85.0777","245.4","2010-05",,"-1.7","31.1",,"15.6","21.1","10.0"
"USC00204078","IONIA 2 SSW, MI US","42.953","-85.0777","245.4","2010-06",,"7.8","30.6",,"19.8","25.0","14.6"
"USC00207225","SAGINAW 5 W, MI US","43.4172","-84.0641","179.8","2010-01","0.0","-18.9","6.7",,"-5.6","-2.1","-9.1"
"USC00207225","SAGINAW 5 W, MI US","43.4172","-84.0641","179.8","2010-02","0.0","-15.6","4.4",,"-4.1","-0.3","-7.9"
"USC00207225","SAGINAW 5 W, MI US","43.4172","-84.0641","179.8","2010-03","0.0","-10.0","23.9",,"4.1","10.8","-2.5"
"USC00207225","SAGINAW 5 W, MI US","43.4172","-84.0641","179.8","2010-04","5.4","-3.3","27.8",,"10.9","17.7","4.0"
"USC00207225","SAGINAW 5 W, MI US","43.4172","-84.0641","179.8","2010-05","47.9","-1.7","31.7",,"15.8","21.5","10.0"
"USC00207225","SAGINAW 5 W, MI US","43.4172","-84.0641","179.8","2010-06","115.9","6.7","31.7",,"19.9","25.3","14.5"
"US1MIMR0004","MONROE 3.0 S, MI US","41.872635","-83.380939","182.3","2010-01",,,,,,,
"US1MIMR0004","MONROE 3.0 S, MI US","41.872635","-83.380939","182.3","2010-02",,,,,,,
"US1MIMR0004","MONROE 3.0 S, MI US","41.872635","-83.380939","182.3","2010-03",,,,,,,
"US1MIMR0004","MONROE 3.0 S, MI US","41.872635","-83.380939","182.3","2010-04",,,,,,,
"US1MIMR0004","MONROE 3.0 S, MI US","41.872635","-83.380939","182.3","2010-05",,,,,,,
"US1MIMR0004","MONROE 3.0 S, MI US","41.872635","-83.380939","182.3","2010-06",,,,,,,
"USC00207364","SAULT STE MARIE, MI US","46.48913","-84.31932","183.5","2010-01","0.0","-24.4","3.9","2709.7","-8.5","-4.0","-13.1"
"USC00207364","SAULT STE MARIE, MI US","46.48913","-84.31932","183.5","2010-02","0.0","-20.6","3.9","3423.3","-7.1","-2.0","-12.3"
"USC00207364","SAULT STE MARIE, MI US","46.48913","-84.31932","183.5","2010-03","0.0","-14.4","17.2","3951.1","1.3","8.2","-5.6"
"USC00207364","SAULT STE MARIE, MI US","46.48913","-84.31932","183.5","2010-04","0.0","-5.6","26.7","4283.9","7.2","14.5","-0.1"
"USC00207364","SAULT STE MARIE, MI US","46.48913","-84.31932","183.5","2010-05","21.1","-2.8","32.8","4445.6","13.8","20.6","7.0"
"USC00207364","SAULT STE MARIE, MI US","46.48913","-84.31932","183.5","2010-06","30.6","2.8","28.3","4534.8","15.7","21.2","10.1"
"US1MIMR0005","PETERSBURG 5.1 ENE, MI US","41.914571","-83.61429","200.9","2010-01",,,,,,,
"US1MIMR0005","PETERSBURG 5.1 ENE, MI US","41.914571","-83.61429","200.9","2010-03",,,,,,,
"US1MIMR0005","PETERSBURG 5.1 ENE, MI US","41.914571","-83.61429","200.9","2010-04",,,,,,,
"US1MIMR0005","PETERSBURG 5.1 ENE, MI US","41.914571","-83.61429","200.9","2010-05",,,,,,,
"US1MIMR0005","PETERSBURG 5.1 ENE, MI US","41.914571","-83.61429","200.9","2010-06",,,,,,,
"USC00205065","MANISTEE 3 SE, MI US","44.2113","-86.2938","204.2","2010-01","0.0","-13.9","6.7","2106.9","-3.9","-1.5","-6.4"
"USC00205065","MANISTEE 3 SE, MI US","44.2113","-86.2938","204.2","2010-02","0.0","-13.3","5.6","2697.3","-2.7","0.1","-5.6"
"USC00205065","MANISTEE 3 SE, MI US","44.2113","-86.2938","204.2","2010-03","0.0","-8.9","23.3","3121.4","4.3","10.2","-1.7"
"USC00205065","MANISTEE 3 SE, MI US","44.2113","-86.2938","204.2","2010-04","5.6","-2.8","26.1","3358.1","10.6","16.5","4.8"
"USC00205065","MANISTEE 3 SE, MI US","44.2113","-86.2938","204.2","2010-05","42.8","-2.2","31.7","3489.9","15.2","21.1","9.4"
"USC00205065","MANISTEE 3 SE, MI US","44.2113","-86.2938","204.2","2010-06","81.5","0.6","28.9","3532.2","18.2","23.9","12.6"
"USC00201818","CORUNNA 2 NE, MI US","42.9986","-84.0744","232.3","2010-01",,,,,,,
"USC00201818","CORUNNA 2 NE, MI US","42.9986","-84.0744","232.3","2010-02",,,"5.6",,,"0.2",
"USC00201818","CORUNNA 2 NE, MI US","42.9986","-84.0744","232.3","2010-03",,,"23.9",,,"11.0",
"USC00201818","CORUNNA 2 NE, MI US","42.9986","-84.0744","232.3","2010-04",,,"27.8",,,"18.5",
"USC00201818","CORUNNA 2 NE, MI US","42.9986","-84.0744","232.3","2010-05",,,"33.3",,,"22.2",
"USC00201818","CORUNNA 2 NE, MI US","42.9986","-84.0744","232.3","2010-06",,,"32.2",,,"25.9",
"USC00204090","IRON MTN KINGSFORD WWTP, MI US","45.7858","-88.0841","326.4","2010-01","0.0","-22.8","8.3","2669.3","-7.9","-3.4","-12.4"
"USC00204090","IRON MTN KINGSFORD WWTP, MI US","45.7858","-88.0841","326.4","2010-02","0.0","-18.3","4.4","3357.1","-6.2","-1.0","-11.5"
"USC00204090","IRON MTN KINGSFORD WWTP, MI US","45.7858","-88.0841","326.4","2010-03","0.0","-13.3","18.9","3858.0","2.2","9.6","-5.3"
"USC00204090","IRON MTN KINGSFORD WWTP, MI US","45.7858","-88.0841","326.4","2010-04","0.0","-5.6","25.6","4151.0","8.6","16.3","0.9"
"USC00204090","IRON MTN KINGSFORD WWTP, MI US","45.7858","-88.0841","326.4","2010-05","26.1","-3.9","32.8","4298.7","14.4","21.8","7.1"
"USC00204090","IRON MTN KINGSFORD WWTP, MI US","45.7858","-88.0841","326.4","2010-06","60.5","3.3","31.1","4357.5","17.5","22.8","12.3"
"US1MIMR0003","SOUTH ROCKWOOD 2.0 S, MI US","42.033496","-83.264119","178.6","2010-01",,,,,,,
"USC00200842","BLISSFIELD 1 NNE, MI US","41.84","-83.8608","210.3","2010-01","0.0","-20.6","8.3","2030.5","-5.3","-2.0","-8.6"
"USC00200842","BLISSFIELD 1 NNE, MI US","41.84","-83.8608","210.3","2010-02","0.0","-13.9","4.4","2633.4","-4.0","-0.3","-7.7"
"USC00200842","BLISSFIELD 1 NNE, MI US","41.84","-83.8608","210.3","2010-03","0.0","-8.3","18.3","3081.5","3.9","9.8","-2.0"
"USC00200842","BLISSFIELD 1 NNE, MI US","41.84","-83.8608","210.3","2010-04","3.1","-3.3","27.8","3303.3","10.8","18.4","3.1"
"USC00200842","BLISSFIELD 1 NNE, MI US","41.84","-83.8608","210.3","2010-05","40.8","0.6","31.1","3408.6","16.1","21.9","10.4"
"USC00200842","BLISSFIELD 1 NNE, MI US","41.84","-83.8608","210.3","2010-06","139.3","8.3","31.7","3418.0","21.3","26.8","15.8"
"US1MIMG0010","NORTON SHORES 0.9 W, MI US","43.16025","-86.271083","183.5","2010-04",,,,,,,
"US1MIMG0010","NORTON SHORES 0.9 W, MI US","43.16025","-86.271083","183.5","2010-05",,,,,,,
"US1MIMG0010","NORTON SHORES 0.9 W, MI US","43.16025","-86.271083","183.5","2010-06",,,,,,,
"US1MIOK0021","ORTONVILLE 3.3 ESE, MI US","42.837798","-83.381241","327.7","2010-05",,,,,,,
"US1MIOK0021","ORTONVILLE 3.3 ESE, MI US","42.837798","-83.381241","327.7","2010-06",,,,,,,
"US1MIOK0020","COMMERCE 1.0 N, MI US","42.612137","-83.492002","285.9","2010-01",,,,,,,
"US1MIMG0012","NORTON SHORES 3.0 WNW, MI US","43.1843999","-86.3028861","187.5","2010-06",,,,,,,
"US1MIAP0001","ALPENA 1.6 SSW, MI US","45.051565","-83.44876","178.9","2010-01",,,,,,,
"US1MIAP0001","ALPENA 1.6 SSW, MI US","45.051565","-83.44876","178.9","2010-02",,,,,,,
"US1MIAP0001","ALPENA 1.6 SSW, MI US","45.051565","-83.44876","178.9","2010-03",,,,,,,
"US1MIAP0001","ALPENA 1.6 SSW, MI US","45.051565","-83.44876","178.9","2010-04",,,,,,,
"US1MIAP0001","ALPENA 1.6 SSW, MI US","45.051565","-83.44876","178.9","2010-06",,,,,,,
"US1MIKN0004","ROCKFORD 2.6 S, MI US","43.08949","-85.5662","249.3","2010-06",,,,,,,
"USC00205073","MANISTIQUE WWTP, MI US","45.9512","-86.2513","182.9","2010-01","0.0","-19.4","3.3","2519.1","-6.4","-3.4","-9.3"
"USC00205073","MANISTIQUE WWTP, MI US","45.9512","-86.2513","182.9","2010-02","0.0","-16.7","3.3","3171.3","-5.0","-1.1","-8.9"
"USC00205073","MANISTIQUE WWTP, MI US","45.9512","-86.2513","182.9","2010-03","0.0","-10.6","17.2","3689.3","1.6","6.6","-3.3"
"USC00205073","MANISTIQUE WWTP, MI US","45.9512","-86.2513","182.9","2010-04","0.0","-2.8","16.1","4057.7","6.1","10.7","1.4"
"USC00205073","MANISTIQUE WWTP, MI US","45.9512","-86.2513","182.9","2010-05","1.9","-2.8","27.2","4276.6","11.3","15.8","6.9"
"USC00205073","MANISTIQUE WWTP, MI US","45.9512","-86.2513","182.9","2010-06","5.6","5.6","24.4","4368.3","15.4","19.4","11.4"
"USC00208345","TWIN LAKES, MI US","46.88306","-88.86083","367.6","2010-01","0.0","-21.7","6.7","2868.2","-8.6","-5.2","-11.9"
"USC00208345","TWIN LAKES, MI US","46.88306","-88.86083","367.6","2010-02","0.0","-22.2","3.9","3639.6","-9.2","-3.4","-15.1"
"USC00208345","TWIN LAKES, MI US","46.88306","-88.86083","367.6","2010-03","0.0","-18.9","17.2","4191.7","0.5","7.7","-6.6"
"USC00208345","TWIN LAKES, MI US","46.88306","-88.86083","367.6","2010-04","0.8","-7.2","26.1","4522.1","7.4","14.4","0.3"
"USC00208345","TWIN LAKES, MI US","46.88306","-88.86083","367.6","2010-05","23.0","-5.6","33.3","4718.5","12.7","19.5","5.9"
"USC00208345","TWIN LAKES, MI US","46.88306","-88.86083","367.6","2010-06","35.2","1.1","29.4","4822.9","15.3","20.4","10.1"
"US1MIKN0008","GRAND RAPIDS 3.1 NNE, MI US","43.0053","-85.641146","212.4","2010-01",,,,,,,
"US1MIKN0008","GRAND RAPIDS 3.1 NNE, MI US","43.0053","-85.641146","212.4","2010-02",,,,,,,
"US1MIKN0008","GRAND RAPIDS 3.1 NNE, MI US","43.0053","-85.641146","212.4","2010-05",,,,,,,
"US1MIKN0008","GRAND RAPIDS 3.1 NNE, MI US","43.0053","-85.641146","212.4","2010-06",,,,,,,
"US1MIKN0006","ADA 0.7 SE, MI US","42.9492","-85.4775","190.2","2010-01",,,,,,,
"US1MIKN0006","ADA 0.7 SE, MI US","42.9492","-85.4775","190.2","2010-03",,,,,,,
"US1MIKN0006","ADA 0.7 SE, MI US","42.9492","-85.4775","190.2","2010-04",,,,,,,
"US1MIKN0006","ADA 0.7 SE, MI US","42.9492","-85.4775","190.2","2010-05",,,,,,,
"US1MIKN0006","ADA 0.7 SE, MI US","42.9492","-85.4775","190.2","2010-06",,,,,,,
"US1MICS0002","DOWAGIAC 5.3 NNW, MI US","42.05762","-86.13992","242.3","2010-01",,,,,,,
"US1MICS0002","DOWAGIAC 5.3 NNW, MI US","42.05762","-86.13992","242.3","2010-02",,,,,,,
"US1MICS0002","DOWAGIAC 5.3 NNW, MI US","42.05762","-86.13992","242.3","2010-03",,,,,,,
"US1MICS0002","DOWAGIAC 5.3 NNW, MI US","42.05762","-86.13992","242.3","2010-04",,,,,,,
"US1MICS0002","DOWAGIAC 5.3 NNW, MI US","42.05762","-86.13992","242.3","2010-05",,,,,,,
"US1MICS0002","DOWAGIAC 5.3 NNW, MI US","42.05762","-86.13992","242.3","2010-06",,,,,,,
"USC00206158","OLD MISSION 3 SSW, MI US","44.9215","-85.5161","199.9","2010-01",,,,,,,
"USC00206158","OLD MISSION 3 SSW, MI US","44.9215","-85.5161","199.9","2010-03",,,,,,,
"USC00206158","OLD MISSION 3 SSW, MI US","44.9215","-85.5161","199.9","2010-06",,,,,,,
"US1MILL0001","NORTHPORT 5.0 SSW, MI US","45.061489","-85.648567","273.7","2010-01",,,,,,,
"US1MILL0001","NORTHPORT 5.0 SSW, MI US","45.061489","-85.648567","273.7","2010-02",,,,,,,
"US1MILL0001","NORTHPORT 5.0 SSW, MI US","45.061489","-85.648567","273.7","2010-03",,,,,,,
"US1MILL0001","NORTHPORT 5.0 SSW, MI US","45.061489","-85.648567","273.7","2010-04",,,,,,,
"US1MILL0001","NORTHPORT 5.0 SSW, MI US","45.061489","-85.648567","273.7","2010-05",,,,,,,
"US1MILL0001","NORTHPORT 5.0 SSW, MI US","45.061489","-85.648567","273.7","2010-06",,,,,,,
"US1MIKN0011","LOWELL 1.4 ESE, MI US","42.923687","-85.322221","215.8","2010-01",,,,,,,
"US1MIKN0011","LOWELL 1.4 ESE, MI US","42.923687","-85.322221","215.8","2010-02",,,,,,,
"US1MIKN0011","LOWELL 1.4 ESE, MI US","42.923687","-85.322221","215.8","2010-03",,,,,,,
"US1MIKN0011","LOWELL 1.4 ESE, MI US","42.923687","-85.322221","215.8","2010-04",,,,,,,
"US1MIKN0011","LOWELL 1.4 ESE, MI US","42.923687","-85.322221","215.8","2010-05",,,,,,,
"US1MIKN0011","LOWELL 1.4 ESE, MI US","42.923687","-85.322221","215.8","2010-06",,,,,,,
"US1MIKN0019","CUTLERVILLE 1.0 E, MI US","42.840301","-85.641208","221.9","2010-01",,,,,,,
"US1MIKN0019","CUTLERVILLE 1.0 E, MI US","42.840301","-85.641208","221.9","2010-02",,,,,,,
"US1MIKN0019","CUTLERVILLE 1.0 E, MI US","42.840301","-85.641208","221.9","2010-03",,,,,,,
"US1MIKN0019","CUTLERVILLE 1.0 E, MI US","42.840301","-85.641208","221.9","2010-04",,,,,,,
"US1MIKN0019","CUTLERVILLE 1.0 E, MI US","42.840301","-85.641208","221.9","2010-05",,,,,,,
"US1MIKN0019","CUTLERVILLE 1.0 E, MI US","42.840301","-85.641208","221.9","2010-06",,,,,,,
"USR0000MWAT","WATERSMEET MICHIGAN, MI US","46.2689","-89.17","489.2","2010-04",,"-8.3","24.4",,"7.5","15.4","-0.4"
"USR0000MWAT","WATERSMEET MICHIGAN, MI US","46.2689","-89.17","489.2","2010-05",,"-5.6","32.8",,"12.9","20.4","5.4"
"USR0000MWAT","WATERSMEET MICHIGAN, MI US","46.2689","-89.17","489.2","2010-06",,"-0.6","30.0",,"16.2","21.6","10.8"
"US1MIKN0017","ALTO 4.5 SW, MI US","42.817793","-85.452579","227.4","2010-04",,,,,,,
"US1MIKN0017","ALTO 4.5 SW, MI US","42.817793","-85.452579","227.4","2010-05",,,,,,,
"USW00054854","GAYLORD 9 SSW, MI US","44.908","-84.7203","445.3","2010-01","0.0","-21.5","4.6","2595.6","-6.8","-4.0","-9.6"
"USW00054854","GAYLORD 9 SSW, MI US","44.908","-84.7203","445.3","2010-02","0.0","-14.7","1.8","3285.1","-6.3","-3.3","-9.2"
"USW00054854","GAYLORD 9 SSW, MI US","44.908","-84.7203","445.3","2010-03","0.0","-11.6","23.2","3751.7","3.3","9.0","-2.4"
"USW00054854","GAYLORD 9 SSW, MI US","44.908","-84.7203","445.3","2010-04","4.5","-4.0","27.2","4044.3","8.7","15.0","2.5"
"USW00054854","GAYLORD 9 SSW, MI US","44.908","-84.7203","445.3","2010-05","32.2","-3.2","31.4","4204.4","14.1","20.0","8.1"
"USW00054854","GAYLORD 9 SSW, MI US","44.908","-84.7203","445.3","2010-06","44.1","4.8","28.5","4278.2","16.3","21.4","11.1"
"USC00200864","BLOOMINGDALE, MI US","42.3838","-85.9626","224.3","2010-01","0.0","-26.7","10.0","1950.7","-5.2","0.0","-10.4"
"USC00200864","BLOOMINGDALE, MI US","42.3838","-85.9626","224.3","2010-02","0.0","-16.7","6.1","2464.9","-4.0","0.9","-8.9"
"USC00200864","BLOOMINGDALE, MI US","42.3838","-85.9626","224.3","2010-03",,"-12.2","18.9",,"3.4","11.1","-4.4"
"USC00200864","BLOOMINGDALE, MI US","42.3838","-85.9626","224.3","2010-04",,,"30.0",,,"19.1",
"USC00200864","BLOOMINGDALE, MI US","42.3838","-85.9626","224.3","2010-05",,"-3.9","34.4",,"15.3","22.7","7.9"
"USC00200864","BLOOMINGDALE, MI US","42.3838","-85.9626","224.3","2010-06",,"6.1","34.4",,"19.4","26.8","12.1"
"US1MINW0008","WHITE CLOUD 7.5 ENE, MI US","43.606302","-85.641918","298.1","2010-04",,,,,,,
"US1MINW0008","WHITE CLOUD 7.5 ENE, MI US","43.606302","-85.641918","298.1","2010-05",,,,,,,
"US1MINW0008","WHITE CLOUD 7.5 ENE, MI US","43.606302","-85.641918","298.1","2010-06",,,,,,,
"USC00202804","FILION 5 NNW, MI US","43.9158","-83.083","193.5","2010-01","0.0","-16.1","6.1",,"-5.2","-2.5","-8.0"
"USC00202804","FILION 5 NNW, MI US","43.9158","-83.083","193.5","2010-02","0.0","-14.4","2.8",,"-4.9","-1.3","-8.5"
"USC00202804","FILION 5 NNW, MI US","43.9158","-83.083","193.5","2010-03","0.0","-10.6","17.2",,"2.4","7.9","-3.0"
"USC00202804","FILION 5 NNW, MI US","43.9158","-83.083","193.5","2010-04","4.2","-5.0","27.8",,"9.1","16.2","2.1"
"USC00202804","FILION 5 NNW, MI US","43.9158","-83.083","193.5","2010-05","35.0","0.6","31.7",,"14.9","21.1","8.8"
"USC00202804","FILION 5 NNW, MI US","43.9158","-83.083","193.5","2010-06","66.0","5.0","30.6",,"18.2","23.7","12.7"
"US1MIOK0042","CLARKSTON 1.2 E, MI US","42.732577","-83.398241","315.5","2010-05",,,,,,,
"US1MIOK0042","CLARKSTON 1.2 E, MI US","42.732577","-83.398241","315.5","2010-06",,,,,,,
"US1MIBN0007","WATERVLIET 0.7 NNE, MI US","42.19669","-86.25339","197.8","2010-01",,,,,,,
"US1MIBN0007","WATERVLIET 0.7 NNE, MI US","42.19669","-86.25339","197.8","2010-02",,,,,,,
"US1MIBN0007","WATERVLIET 0.7 NNE, MI US","42.19669","-86.25339","197.8","2010-04",,,,,,,
"US1MIBN0007","WATERVLIET 0.7 NNE, MI US","42.19669","-86.25339","197.8","2010-06",,,,,,,
"USC00207275","ST. IGNACE, MI US","45.8608","-84.7196","201.5","2010-01","0.0","-20.0","3.9",,"-6.5","-3.5","-9.6"
"USC00207275","ST. IGNACE, MI US","45.8608","-84.7196","201.5","2010-02","0.0","-12.8","2.2",,"-5.8","-2.4","-9.3"
"USC00207275","ST. IGNACE, MI US","45.8608","-84.7196","201.5","2010-03","0.0","-8.9","14.4",,"1.5","5.5","-2.6"
"USC00207275","ST. IGNACE, MI US","45.8608","-84.7196","201.5","2010-04","0.0","-3.9","20.6",,"6.4","11.5","1.3"
"USC00207275","ST. IGNACE, MI US","45.8608","-84.7196","201.5","2010-05","6.7","-1.1","28.3",,"12.2","17.1","7.2"
"USC00207275","ST. IGNACE, MI US","45.8608","-84.7196","201.5","2010-06","8.9","6.1","27.8",,"15.8","20.6","11.1"
"USC00206184","ONAWAY 4 N, MI US","45.4108","-84.2233","227.1","2010-01","0.0","-21.7","6.1","2403.8","-5.7","-2.0","-9.5"
"USC00206184","ONAWAY 4 N, MI US","45.4108","-84.2233","227.1","2010-02","0.0","-18.9","3.9","3072.6","-5.6","-1.1","-10.0"
"USC00206184","ONAWAY 4 N, MI US","45.4108","-84.2233","227.1","2010-03","0.0","-15.6","26.1","3547.9","3.0","10.5","-4.5"
"USC00206184","ONAWAY 4 N, MI US","45.4108","-84.2233","227.1","2010-04","4.2","-3.9","30.0","3802.9","10.0","17.9","2.1"
"USC00206184","ONAWAY 4 N, MI US","45.4108","-84.2233","227.1","2010-05","35.3","-3.3","33.3","3944.4","14.8","22.6","6.9"
"USC00206184","ONAWAY 4 N, MI US","45.4108","-84.2233","227.1","2010-06","54.7","2.8","31.1","4004.8","17.0","23.4","10.6"
"USC00207277","BEAVER ISLAND, MI US","45.6911","-85.5463","204.8","2010-01","0.0","-16.7","4.4","2346.5","-4.9","-2.4","-7.5"
"USC00207277","BEAVER ISLAND, MI US","45.6911","-85.5463","204.8","2010-02","0.0","-12.8","3.3","2982.9","-4.4","-1.2","-7.5"
"USC00207277","BEAVER ISLAND, MI US","45.6911","-85.5463","204.8","2010-03","0.0","-10.0","21.7","3466.4","2.7","8.3","-2.8"
"USC00207277","BEAVER ISLAND, MI US","45.6911","-85.5463","204.8","2010-04","0.0","-3.3","26.1","3772.3","8.1","14.7","1.6"
"USC00207277","BEAVER ISLAND, MI US","45.6911","-85.5463","204.8","2010-05","17.7","-2.2","29.4","3926.4","13.9","19.9","7.9"
"USC00207277","BEAVER ISLAND, MI US","45.6911","-85.5463","204.8","2010-06","28.0","6.1","26.7","3995.1","16.4","20.9","11.9"
"US1MIWY0031","CANTON 0.7 NW, MI US","42.3155","-83.4925","210.6","2010-05",,,,,,,
"USR0000MMIO","MIO MICHIGAN, MI US","44.6761","-84.1283","320.0","2010-01","0.0","-21.1","8.3","2494.4","-5.8","-2.2","-9.4"
"USR0000MMIO","MIO MICHIGAN, MI US","44.6761","-84.1283","320.0","2010-02","0.0","-18.9","6.1","3165.2","-5.6","-0.9","-10.4"
"USR0000MMIO","MIO MICHIGAN, MI US","44.6761","-84.1283","320.0","2010-03","0.0","-14.4","23.9","3650.5","2.7","10.8","-5.4"
"USR0000MMIO","MIO MICHIGAN, MI US","44.6761","-84.1283","320.0","2010-04","3.1","-7.2","27.8","3951.9","8.4","16.3","0.5"
"USR0000MMIO","MIO MICHIGAN, MI US","44.6761","-84.1283","320.0","2010-05","32.8","-5.6","32.8","4114.5","14.1","21.6","6.5"
"USR0000MMIO","MIO MICHIGAN, MI US","44.6761","-84.1283","320.0","2010-06","50.1","1.7","30.0","4176.4","16.9","22.8","10.9"
"USC00205097","MAPLE CITY 1 E, MI US","44.855","-85.8352","243.5","2010-01","0.0","-16.1","6.1",,"-3.9","-1.1","-6.7"
"USC00205097","MAPLE CITY 1 E, MI US","44.855","-85.8352","243.5","2010-02","0.0","-15.6","5.0",,"-4.0","-0.7","-7.2"
"USC00205097","MAPLE CITY 1 E, MI US","44.855","-85.8352","243.5","2010-03","0.0","-11.1","22.2",,"3.7","9.9","-2.4"
"USC00205097","MAPLE CITY 1 E, MI US","44.855","-85.8352","243.5","2010-04","2.3","-3.9","27.2",,"9.9","17.4","2.5"
"USC00205097","MAPLE CITY 1 E, MI US","44.855","-85.8352","243.5","2010-05","30.7","-3.3","32.2",,"14.4","21.1","7.6"
"USC00205097","MAPLE CITY 1 E, MI US","44.855","-85.8352","243.5","2010-06","52.7","4.4","29.4",,"17.5","23.1","12.0"
"USC00206060","NUNICA 4 W, MI US","43.0975","-86.0894","192.0","2010-03",,,,,,,
"USC00206060","NUNICA 4 W, MI US","43.0975","-86.0894","192.0","2010-04",,,,,,,
"USC00206060","NUNICA 4 W, MI US","43.0975","-86.0894","192.0","2010-05",,,,,,,
"USC00206060","NUNICA 4 W, MI US","43.0975","-86.0894","192.0","2010-06",,,,,,,
"US1MIET0005","GRAND LEDGE 0.3 NNE, MI US","42.7569","-84.7453","254.2","2010-01",,,,,,,
"US1MIET0005","GRAND LEDGE 0.3 NNE, MI US","42.7569","-84.7453","254.2","2010-02",,,,,,,
"US1MIET0005","GRAND LEDGE 0.3 NNE, MI US","42.7569","-84.7453","254.2","2010-03",,,,,,,
"US1MIET0005","GRAND LEDGE 0.3 NNE, MI US","42.7569","-84.7453","254.2","2010-04",,,,,,,
"US1MIET0005","GRAND LEDGE 0.3 NNE, MI US","42.7569","-84.7453","254.2","2010-05",,,,,,,
"US1MIET0005","GRAND LEDGE 0.3 NNE, MI US","42.7569","-84.7453","254.2","2010-06",,,,,,,
"US1MIET0002","GRAND LEDGE 4.5 ESE, MI US","42.73693","-84.66184","262.1","2010-06",,,,,,,
"USC00200758","BEULAH 7 SSW, MI US","44.5316","-86.1311","235.6","2010-01","0.0","-15.0","6.1","2239.0","-4.3","-1.6","-7.0"
"USC00200758","BEULAH 7 SSW, MI US","44.5316","-86.1311","235.6","2010-02","0.0","-13.9","6.1","2836.0","-3.7","0.3","-7.8"
"USC00200758","BEULAH 7 SSW, MI US","44.5316","-86.1311","235.6","2010-03","0.0","-10.6","16.7","3275.6","3.8","10.2","-2.6"
"USC00200758","BEULAH 7 SSW, MI US","44.5316","-86.1311","235.6","2010-04","0.9","-2.8","26.7","3526.5","9.7","16.1","3.4"
"USC00200758","BEULAH 7 SSW, MI US","44.5316","-86.1311","235.6","2010-05","35.1","-1.7","32.2","3665.2","15.0","21.1","8.9"
"USC00200758","BEULAH 7 SSW, MI US","44.5316","-86.1311","235.6","2010-06","67.1","5.6","28.9","3708.8","17.8","23.3","12.4"
"US1MIWY0033","LIVONIA 2.3 NNW, MI US","42.431002","-83.381911","210.9","2010-05",,,,,,,
"US1MIWY0033","LIVONIA 2.3 NNW, MI US","42.431002","-83.381911","210.9","2010-06",,,,,,,
"US1MIWY0020","LIVONIA 2.2 WNW, MI US","42.406371","-83.413232","208.2","2010-04",,,,,,,
"US1MIWY0020","LIVONIA 2.2 WNW, MI US","42.406371","-83.413232","208.2","2010-05",,,,,,,
"US1MIWY0020","LIVONIA 2.2 WNW, MI US","42.406371","-83.413232","208.2","2010-06",,,,,,,
"USC00207280","SAINT JOHNS, MI US","43.0128","-84.5547","226.5","2010-01","0.0","-15.6","8.9","1960.9","-3.9","-0.6","-7.2"
"USC00207280","SAINT JOHNS, MI US","43.0128","-84.5547","226.5","2010-02","0.0","-11.7","5.0","2537.9","-3.0","0.8","-6.8"
"USC00207280","SAINT JOHNS, MI US","43.0128","-84.5547","226.5","2010-03","0.0","-7.8","20.0","2952.4","5.0","11.4","-1.4"
"USC00207280","SAINT JOHNS, MI US","43.0128","-84.5547","226.5","2010-04","8.1","0.6","27.8","3153.7","11.9","18.6","5.2"
"USC00207280","SAINT JOHNS, MI US","43.0128","-84.5547","226.5","2010-05","67.5","0.6","34.4","3253.4","17.0","22.8","11.2"
"USC00207280","SAINT JOHNS, MI US","43.0128","-84.5547","226.5","2010-06","168.3","10.0","32.8","3260.0","21.6","27.2","15.9"
"USC00208490","VICKSBURG 1 NE, MI US","42.1147","-85.4856","258.2","2010-03",,,,,,,
"USC00208490","VICKSBURG 1 NE, MI US","42.1147","-85.4856","258.2","2010-04",,,,,,,
"USC00208490","VICKSBURG 1 NE, MI US","42.1147","-85.4856","258.2","2010-05",,,,,,,
"USC00208490","VICKSBURG 1 NE, MI US","42.1147","-85.4856","258.2","2010-06",,,,,,,
"US1MIMQ0007","SKANDIA 2.1 NNW, MI US","46.40579","-87.24775","230.1","2010-04",,,,,,,
"US1MIMQ0007","SKANDIA 2.1 NNW, MI US","46.40579","-87.24775","230.1","2010-05",,,,,,,
"US1MIMQ0007","SKANDIA 2.1 NNW, MI US","46.40579","-87.24775","230.1","2010-06",,,,,,,
"US1MIET0001","LANSING 3.8 WNW, MI US","42.722426","-84.626935","267.9","2010-04",,,,,,,
"US1MIET0001","LANSING 3.8 WNW, MI US","42.722426","-84.626935","267.9","2010-05",,,,,,,
"US1MIET0001","LANSING 3.8 WNW, MI US","42.722426","-84.626935","267.9","2010-06",,,,,,,
"USC00203913","HOPE 3 SW, MI US","43.73","-84.3702","199.6","2010-06",,,,,,,
"USR0000MBRR","BEAR MICHIGAN, MI US","44.8019","-86.0508","289.9","2010-01","0.0","-13.3","7.2",,"-3.9","-1.6","-6.1"
"USR0000MBRR","BEAR MICHIGAN, MI US","44.8019","-86.0508","289.9","2010-02","0.0","-10.6","6.7",,"-2.6","0.3","-5.5"
"USR0000MBRR","BEAR MICHIGAN, MI US","44.8019","-86.0508","289.9","2010-03","0.0","-7.2","23.9",,"4.6","9.9","-0.7"
"USR0000MBRR","BEAR MICHIGAN, MI US","44.8019","-86.0508","289.9","2010-04","5.3","-1.1","27.8",,"9.6","14.9","4.1"
"USR0000MBRR","BEAR MICHIGAN, MI US","44.8019","-86.0508","289.9","2010-05","38.9","0.6","32.2",,"14.9","20.3","9.5"
"USR0000MBRR","BEAR MICHIGAN, MI US","44.8019","-86.0508","289.9","2010-06","62.9","6.7","29.4",,"17.6","22.4","12.8"
"US1MIIN0001","SARANAC 2.6 NE, MI US","42.957642","-85.173759","203.3","2010-01",,,,,,,
"US1MIIN0001","SARANAC 2.6 NE, MI US","42.957642","-85.173759","203.3","2010-02",,,,,,,
"US1MIIN0001","SARANAC 2.6 NE, MI US","42.957642","-85.173759","203.3","2010-03",,,,,,,
"US1MIIN0001","SARANAC 2.6 NE, MI US","42.957642","-85.173759","203.3","2010-04",,,,,,,
"US1MIIN0001","SARANAC 2.6 NE, MI US","42.957642","-85.173759","203.3","2010-05",,,,,,,
"US1MIIN0001","SARANAC 2.6 NE, MI US","42.957642","-85.173759","203.3","2010-06",,,,,,,
"US1MIIN0003","ORLEANS 1.3 SSE, MI US","43.0513","-85.1245","259.1","2010-04",,,,,,,
"US1MIIN0003","ORLEANS 1.3 SSE, MI US","43.0513","-85.1245","259.1","2010-06",,,,,,,
"US1MIWY0021","NORTHVILLE 2.0 ESE, MI US","42.423934","-83.452873","268.5","2010-04",,,,,,,
"US1MIWY0021","NORTHVILLE 2.0 ESE, MI US","42.423934","-83.452873","268.5","2010-05",,,,,,,
"US1MIWY0021","NORTHVILLE 2.0 ESE, MI US","42.423934","-83.452873","268.5","2010-06",,,,,,,
"US1MIMQ0004","MARQUETTE 6.5 SSE, MI US","46.4631","-87.34705","219.5","2010-03",,,,,,,
"US1MIMQ0004","MARQUETTE 6.5 SSE, MI US","46.4631","-87.34705","219.5","2010-05",,,,,,,
"US1MIMQ0001","MARQUETTE 5.5 SSE, MI US","46.4731","-87.3678","220.1","2010-01",,,,,,,
"US1MIMQ0001","MARQUETTE 5.5 SSE, MI US","46.4731","-87.3678","220.1","2010-02",,,,,,,
"US1MIMQ0001","MARQUETTE 5.5 SSE, MI US","46.4731","-87.3678","220.1","2010-03",,,,,,,
"US1MIMQ0001","MARQUETTE 5.5 SSE, MI US","46.4731","-87.3678","220.1","2010-04",,,,,,,
"US1MIMQ0001","MARQUETTE 5.5 SSE, MI US","46.4731","-87.3678","220.1","2010-05",,,,,,,
"USC00208249","TRAVERSE CITY MUNSON, MI US","44.7607","-85.6443","193.5","2010-01","0.0","-15.0","5.6","2257.1","-4.3","-1.8","-6.8"
"USC00208249","TRAVERSE CITY MUNSON, MI US","44.7607","-85.6443","193.5","2010-02","0.0","-15.0","4.4","2888.2","-4.2","-1.0","-7.4"
"USC00208249","TRAVERSE CITY MUNSON, MI US","44.7607","-85.6443","193.5","2010-03","0.0","-9.4","17.8","3359.8","3.1","8.8","-2.6"
"USC00208249","TRAVERSE CITY MUNSON, MI US","44.7607","-85.6443","193.5","2010-04","3.0","-2.8","28.3","3627.2","9.5","15.9","3.1"
"USC00208249","TRAVERSE CITY MUNSON, MI US","44.7607","-85.6443","193.5","2010-05","38.4","-1.1","34.4","3767.2","15.0","21.1","8.9"
"USC00208249","TRAVERSE CITY MUNSON, MI US","44.7607","-85.6443","193.5","2010-06","75.8","6.1","30.6","3810.6","18.1","22.9","13.4"
"USC00209110","WYANDOTTE, MI US","42.20844","-83.1626","176.8","2010-01",,,,,,,
"USC00209110","WYANDOTTE, MI US","42.20844","-83.1626","176.8","2010-02",,,,,,,
"USC00209110","WYANDOTTE, MI US","42.20844","-83.1626","176.8","2010-03",,,,,,,
"USC00209110","WYANDOTTE, MI US","42.20844","-83.1626","176.8","2010-04",,,,,,,
"USC00209110","WYANDOTTE, MI US","42.20844","-83.1626","176.8","2010-05",,,,,,,
"USC00209110","WYANDOTTE, MI US","42.20844","-83.1626","176.8","2010-06",,,,,,,
"US1MIWX0001","CADILLAC 4.0 NE, MI US","44.2861","-85.3557","389.5","2010-04",,,,,,,
"USC00201502","CHELSEA, MI US","42.3263","-84.0133","274.3","2010-01","0.0","-20.0","7.8","2099.7","-5.1","-1.8","-8.3"
"USC00201502","CHELSEA, MI US","42.3263","-84.0133","274.3","2010-02","0.0","-15.0","7.2","2714.6","-3.6","-0.3","-7.0"
"USC00201502","CHELSEA, MI US","42.3263","-84.0133","274.3","2010-03","0.0","-11.1","17.8","3157.1","4.1","9.9","-1.8"
"USC00201502","CHELSEA, MI US","42.3263","-84.0133","274.3","2010-04","4.2","-3.9","27.8","3378.0","11.1","17.9","4.3"
"USC00201502","CHELSEA, MI US","42.3263","-84.0133","274.3","2010-05","40.8","-0.6","31.1","3485.7","16.0","21.8","10.2"
"USC00201502","CHELSEA, MI US","42.3263","-84.0133","274.3","2010-06","126.4","7.8","30.6","3497.4","20.8","26.2","15.4"
"USC00202955","FRANKENMUTH 1 SE, MI US","43.3194","-83.7161","193.5","2010-01","0.0","-18.3","6.1",,"-5.9","-2.6","-9.1"
"USC00202955","FRANKENMUTH 1 SE, MI US","43.3194","-83.7161","193.5","2010-02","0.0","-14.4","5.0",,"-4.6","-0.9","-8.3"
"USC00202955","FRANKENMUTH 1 SE, MI US","43.3194","-83.7161","193.5","2010-04",,"-4.4","27.8",,"9.7","17.3","2.1"
"USC00202955","FRANKENMUTH 1 SE, MI US","43.3194","-83.7161","193.5","2010-05",,,,,,,
"USC00202955","FRANKENMUTH 1 SE, MI US","43.3194","-83.7161","193.5","2010-06",,"6.7","30.6",,"19.8","25.4","14.3"
"USC00200779","BIG RAPIDS WATER TREATMENT PLANT, MI US","43.7072","-85.4819","273.7","2010-01","0.0","-21.1","6.1","2350.9","-5.5","-2.4","-8.6"
"USC00200779","BIG RAPIDS WATER TREATMENT PLANT, MI US","43.7072","-85.4819","273.7","2010-02","0.0","-17.2","5.0","3000.3","-4.9","-0.3","-9.5"
"USC00200779","BIG RAPIDS WATER TREATMENT PLANT, MI US","43.7072","-85.4819","273.7","2010-03","0.0","-10.6","18.9","3472.4","3.1","10.3","-4.1"
"USC00200779","BIG RAPIDS WATER TREATMENT PLANT, MI US","43.7072","-85.4819","273.7","2010-04","0.0","-3.3","27.8","3746.0","9.2","16.7","1.8"
"USC00200779","BIG RAPIDS WATER TREATMENT PLANT, MI US","43.7072","-85.4819","273.7","2010-05","30.0","-2.8","31.7","3905.6","14.1","21.4","6.9"
"USC00200779","BIG RAPIDS WATER TREATMENT PLANT, MI US","43.7072","-85.4819","273.7","2010-06","77.1","5.0","30.6","3939.5","18.8","25.0","12.5"
"USC00200417","BAD AXE, MI US","43.808","-82.9938","217.9","2010-01","0.0","-15.6","6.1","2174.9","-5.5","-2.6","-8.4"
"USC00200417","BAD AXE, MI US","43.808","-82.9938","217.9","2010-02","0.0","-12.2","2.8","2817.0","-4.6","-1.5","-7.7"
"USC00200417","BAD AXE, MI US","43.808","-82.9938","217.9","2010-03","0.0","-10.0","17.8","3297.7","2.8","8.1","-2.5"
"USC00200417","BAD AXE, MI US","43.808","-82.9938","217.9","2010-04","3.9","-5.6","27.8","3567.5","9.5","16.4","2.5"
"USC00200417","BAD AXE, MI US","43.808","-82.9938","217.9","2010-05","39.9","-1.1","31.7","3687.2","15.4","21.3","9.5"
"USC00200417","BAD AXE, MI US","43.808","-82.9938","217.9","2010-06","86.8","6.1","30.6","3716.1","18.9","24.4","13.4"
"USC00200770","BIG BAY 1 NW, MI US","46.8325","-87.7504","233.2","2010-01","0.0","-17.2","7.8","2562.8","-6.1","-3.1","-9.0"
"USC00200770","BIG BAY 1 NW, MI US","46.8325","-87.7504","233.2","2010-02","0.0","-16.7","2.8","3233.2","-5.6","-2.1","-9.1"
"USC00200770","BIG BAY 1 NW, MI US","46.8325","-87.7504","233.2","2010-03","0.0","-12.2","16.7","3755.9","1.5","7.2","-4.3"
"USC00200770","BIG BAY 1 NW, MI US","46.8325","-87.7504","233.2","2010-04","1.7","-6.7","26.1","4089.0","7.3","13.6","1.0"
"USC00200770","BIG BAY 1 NW, MI US","46.8325","-87.7504","233.2","2010-05","25.8","-3.3","35.0","4282.4","12.9","18.9","6.8"
"USC00200770","BIG BAY 1 NW, MI US","46.8325","-87.7504","233.2","2010-06","37.4","3.3","31.1","4385.0","15.3","20.0","10.6"
"US1MISC0003","PORT HURON 1.6 W, MI US","42.996173","-82.464307","186.2","2010-01",,,,,,,
"US1MISC0003","PORT HURON 1.6 W, MI US","42.996173","-82.464307","186.2","2010-02",,,,,,,
"US1MISC0003","PORT HURON 1.6 W, MI US","42.996173","-82.464307","186.2","2010-03",,,,,,,
"US1MISC0003","PORT HURON 1.6 W, MI US","42.996173","-82.464307","186.2","2010-04",,,,,,,
"US1MISC0003","PORT HURON 1.6 W, MI US","42.996173","-82.464307","186.2","2010-05",,,,,,,
"US1MISC0003","PORT HURON 1.6 W, MI US","42.996173","-82.464307","186.2","2010-06",,,,,,,
"US1MISC0001","ST. CLAIR 4.8 W, MI US","42.8365","-82.5873","192.9","2010-01",,,,,,,
"US1MISC0001","ST. CLAIR 4.8 W, MI US","42.8365","-82.5873","192.9","2010-02",,,,,,,
"US1MISC0001","ST. CLAIR 4.8 W, MI US","42.8365","-82.5873","192.9","2010-03",,,,,,,
"US1MISC0001","ST. CLAIR 4.8 W, MI US","42.8365","-82.5873","192.9","2010-04",,,,,,,
"US1MISC0001","ST. CLAIR 4.8 W, MI US","42.8365","-82.5873","192.9","2010-05",,,,,,,
"US1MISC0001","ST. CLAIR 4.8 W, MI US","42.8365","-82.5873","192.9","2010-06",,,,,,,
"USC00203932","HOUGHTON LAKE 6 WSW, MI US","44.3119","-84.8922","345.9","2010-01","0.0","-20.0","5.6","2514.3","-6.3","-1.9","-10.8"
"USC00203932","HOUGHTON LAKE 6 WSW, MI US","44.3119","-84.8922","345.9","2010-02","0.0","-20.6","7.2","3135.4","-5.6","-0.1","-11.0"
"USC00203932","HOUGHTON LAKE 6 WSW, MI US","44.3119","-84.8922","345.9","2010-03","0.0","-15.0","18.9","3551.8","2.6","10.8","-5.7"
"USC00203932","HOUGHTON LAKE 6 WSW, MI US","44.3119","-84.8922","345.9","2010-04","0.0","-6.1","27.8","3823.2","8.7","16.6","0.8"
"USC00203932","HOUGHTON LAKE 6 WSW, MI US","44.3119","-84.8922","345.9","2010-05","26.8","-6.1","32.2","3992.4","13.7","21.6","5.8"
"USC00203932","HOUGHTON LAKE 6 WSW, MI US","44.3119","-84.8922","345.9","2010-06","62.1","1.1","30.6","4046.2","17.7","24.6","10.8"
"USC00203930","HOUGHTON LAKE 2 NW, MI US","44.3122","-84.7747","353.9","2010-01","0.0","-18.9","5.6","2515.2","-6.4","-2.2","-10.5"
"USC00203930","HOUGHTON LAKE 2 NW, MI US","44.3122","-84.7747","353.9","2010-02","0.0","-18.9","5.6","3189.5","-5.7","-0.6","-10.9"
"USC00203930","HOUGHTON LAKE 2 NW, MI US","44.3122","-84.7747","353.9","2010-03","0.0","-13.9","18.3","3684.2","2.4","10.2","-5.4"
"USC00203930","HOUGHTON LAKE 2 NW, MI US","44.3122","-84.7747","353.9","2010-04","0.8","-6.1","27.8","3972.8","8.7","16.4","1.1"
"USC00203930","HOUGHTON LAKE 2 NW, MI US","44.3122","-84.7747","353.9","2010-05","29.4","-3.9","31.7","4125.0","14.3","21.6","7.1"
"USC00203930","HOUGHTON LAKE 2 NW, MI US","44.3122","-84.7747","353.9","2010-06","63.2","3.9","29.4","4169.5","18.0","24.1","11.8"
