"STATION","NAME","LATITUDE","LONGITUDE","ELEVATION","DATE","CDSD","EMNT","EMXT","HDSD","TAVG","TMAX","TMIN"
"USC00205690","MUNISING, MI US","46.4121","-86.6625","207.3","1970-07","90.1","3.9","32.2","56.7","18.5","24.9","12.1"
"USC00205690","MUNISING, MI US","46.4121","-86.6625","207.3","1970-08","138.1","3.3","33.3","110.6","18.1","25.4","10.9"
"USC00205690","MUNISING, MI US","46.4121","-86.6625","207.3","1970-09","150.4","0.0","27.8","270.6","13.4","18.9","7.9"
"USC00205690","MUNISING, MI US","46.4121","-86.6625","207.3","1970-10","151.3","-4.4","22.8","553.3","9.2","14.4","4.0"
"USC00205690","MUNISING, MI US","46.4121","-86.6625","207.3","1970-11","151.3","-11.7","15.6","1039.7","1.6","5.2","-2.1"
"USC00205690","MUNISING, MI US","46.4121","-86.6625","207.3","1970-12","151.3","-18.3","11.1","1767.8","-5.1","-1.0","-9.3"
"USC00203391","GRAYLING, MI US","44.64536","-84.69921","350.8","1970-07","175.7","5.0","36.1","11.4","21.4","28.7","14.3"
"USC00203391","GRAYLING, MI US","44.64536","-84.69921","350.8","1970-08","242.4","3.9","31.7","38.8","19.6","27.3","11.9"
"USC00203391","GRAYLING, MI US","44.64536","-84.69921","350.8","1970-11",,"-12.2","15.0",,"2.1","6.3","-2.1"
"USC00203391","GRAYLING, MI US","44.64536","-84.69921","350.8","1970-12",,"-25.0","14.4",,"-4.4","-0.1","-8.7"
"USC00209014","WILLIS 5 SSW, MI US","42.08333","-83.58333","201.2","1970-07","202.4","7.2","33.3","11.4","21.5","27.4","15.6"
"USC00209014","WILLIS 5 SSW, MI US","42.08333","-83.58333","201.2","1970-08","283.2","7.8","32.2","22.7","20.6","27.6","13.6"
"USC00209014","WILLIS 5 SSW, MI US","42.08333","-83.58333","201.2","1970-09","326.5","-2.2","32.2","102.5","17.1","24.0","10.2"
"USC00209014","WILLIS 5 SSW, MI US","42.08333","-83.58333","201.2","1970-10","331.3","-4.4","27.2","320.7","11.4","17.8","5.1"
"USC00209014","WILLIS 5 SSW, MI US","42.08333","-83.58333","201.2","1970-11","331.3","-9.4","17.2","758.4","3.7","7.8","-0.3"
"USC00209014","WILLIS 5 SSW, MI US","42.08333","-83.58333","201.2","1970-12","331.3","-18.3","17.8","1392.8","-2.1","2.4","-6.7"
"USC00208167","THOMPSONVILLE, MI US","44.51667","-85.93333","242.3","1970-07",,,,,,,
"USC00208167","THOMPSONVILLE, MI US","44.51667","-85.93333","242.3","1970-08",,,,,,,
"USC00208167","THOMPSONVILLE, MI US","44.51667","-85.93333","242.3","1970-09",,,,,,,
"USC00208167","THOMPSONVILLE, MI US","44.51667","-85.93333","242.3","1970-10",,,,,,,
"USC00208167","THOMPSONVILLE, MI US","44.51667","-85.93333","242.3","1970-11",,,,,,,
"USC00208167","THOMPSONVILLE, MI US","44.51667","-85.93333","242.3","1970-12",,,,,,,
"USC00205452","MILFORD GM PROVING GROUND, MI US","42.5794","-83.6844","295.7","1970-07","232.1","9.4","33.3","12.0","21.7","26.4","16.9"
"USC00205452","MILFORD GM PROVING GROUND, MI US","42.5794","-83.6844","295.7","1970-08","326.2","6.1","33.9","22.5","21.0","27.4","14.6"
"USC00205452","MILFORD GM PROVING GROUND, MI US","42.5794","-83.6844","295.7","1970-09","366.2","0.6","31.1","95.5","17.3","22.8","11.7"
"USC00205452","MILFORD GM PROVING GROUND, MI US","42.5794","-83.6844","295.7","1970-10","372.4","-1.7","26.7","309.5","11.6","16.6","6.6"
"USC00205452","MILFORD GM PROVING GROUND, MI US","42.5794","-83.6844","295.7","1970-11","372.4","-9.4","17.8","745.3","3.8","7.2","0.4"
"USC00205452","MILFORD GM PROVING GROUND, MI US","42.5794","-83.6844","295.7","1970-12","372.4","-20.6","17.8","1414.9","-3.3","1.1","-7.6"
"USC00208680","WATERSMEET, MI US","46.2778","-89.1742","484.6","1970-07","144.2","3.3","31.7","16.1","20.7","27.4","14.0"
"USC00208680","WATERSMEET, MI US","46.2778","-89.1742","484.6","1970-08","182.0","0.0","30.0","59.1","18.2","25.4","11.0"
"USC00208680","WATERSMEET, MI US","46.2778","-89.1742","484.6","1970-09","204.7","-1.7","28.9","206.6","14.2","19.8","8.6"
"USC00208680","WATERSMEET, MI US","46.2778","-89.1742","484.6","1970-10","204.7","-3.9","22.8","478.5","9.4","14.4","4.4"
"USC00208680","WATERSMEET, MI US","46.2778","-89.1742","484.6","1970-11","204.7","-21.1","12.2","1075.8","-1.6","2.0","-5.2"
"USC00208680","WATERSMEET, MI US","46.2778","-89.1742","484.6","1970-12","204.7","-30.0","6.7","1878.3","-7.6","-3.3","-11.8"
"USC00201492","CHEBOYGAN, MI US","45.65225","-84.47239","177.4","1970-07","119.6","8.9","31.7","5.8","21.1","26.7","15.5"
"USC00201492","CHEBOYGAN, MI US","45.65225","-84.47239","177.4","1970-08","192.4","8.3","32.2","21.8","20.2","26.3","14.0"
"USC00201492","CHEBOYGAN, MI US","45.65225","-84.47239","177.4","1970-09","207.8","0.6","28.9","128.6","15.3","20.5","10.1"
"USC00201492","CHEBOYGAN, MI US","45.65225","-84.47239","177.4","1970-10","212.3","0.0","27.2","355.3","11.2","16.4","6.0"
"USC00201492","CHEBOYGAN, MI US","45.65225","-84.47239","177.4","1970-11","212.3","-6.7","15.0","820.6","2.8","6.7","-1.0"
"USC00201492","CHEBOYGAN, MI US","45.65225","-84.47239","177.4","1970-12","212.3","-18.9","14.4","1526.0","-4.4","-0.6","-8.3"
"USC00208043","TAHQUAMENON FALLS S P, MI US","46.6013","-85.2238","227.1","1970-07",,"1.1","31.7","37.5","19.0","26.5","11.5"
"USC00208043","TAHQUAMENON FALLS S P, MI US","46.6013","-85.2238","227.1","1970-08",,"0.6","31.1","103.0","17.5","24.9","10.2"
"USC00208043","TAHQUAMENON FALLS S P, MI US","46.6013","-85.2238","227.1","1970-09",,"-2.2","27.8","270.3","13.1","18.6","7.6"
"USC00208043","TAHQUAMENON FALLS S P, MI US","46.6013","-85.2238","227.1","1970-10",,"-6.7","24.4","559.8","9.0","14.6","3.4"
"USC00208043","TAHQUAMENON FALLS S P, MI US","46.6013","-85.2238","227.1","1970-11",,"-15.6","12.8","1093.2","0.6","4.5","-3.4"
"USC00208043","TAHQUAMENON FALLS S P, MI US","46.6013","-85.2238","227.1","1970-12",,"-23.3","9.4","1858.5","-6.4","-2.4","-10.4"
"USC00200718","BERGLAND DAM, MI US","46.5869","-89.5475","396.2","1970-07",,,,,,,
"USC00200718","BERGLAND DAM, MI US","46.5869","-89.5475","396.2","1970-08",,"0.6","33.3",,"17.9","26.0","9.7"
"USC00200718","BERGLAND DAM, MI US","46.5869","-89.5475","396.2","1970-09",,"-2.2","30.0",,"12.6","19.3","5.9"
"USC00200718","BERGLAND DAM, MI US","46.5869","-89.5475","396.2","1970-10",,"-3.9","23.3",,"7.6","13.9","1.2"
"USC00200718","BERGLAND DAM, MI US","46.5869","-89.5475","396.2","1970-11",,"-20.6","12.8",,"-1.1","3.0","-5.1"
"USC00200718","BERGLAND DAM, MI US","46.5869","-89.5475","396.2","1970-12",,"-30.6","8.9",,"-9.4","-3.8","-15.1"
"USC00471139","BRULE ISLAND, WI US","45.95","-88.21667","381.0","1970-07","100.8","3.3","33.3","30.6","19.6","27.4","11.7"
"USC00471139","BRULE ISLAND, WI US","45.95","-88.21667","381.0","1970-08","131.8","2.8","31.7","91.0","17.4","25.8","8.9"
"USC00471139","BRULE ISLAND, WI US","45.95","-88.21667","381.0","1970-09","138.0","-2.2","28.9","267.0","12.7","18.8","6.6"
"USC00471139","BRULE ISLAND, WI US","45.95","-88.21667","381.0","1970-10","138.0","-5.0","22.8","613.5","7.1","13.0","1.3"
"USC00471139","BRULE ISLAND, WI US","45.95","-88.21667","381.0","1970-11","138.0","-17.2","11.7","1196.1","-1.1","3.1","-5.3"
"USC00471139","BRULE ISLAND, WI US","45.95","-88.21667","381.0","1970-12","138.0","-28.3","6.7","2044.4","-9.0","-3.7","-14.4"
"USW00014850","TRAVERSE CITY CHERRY CAPITAL AIRPORT, MI US","44.73895","-85.5679","185.2","1970-07","216.9","7.2","33.9","12.2","22.2","28.4","16.0"
"USW00014850","TRAVERSE CITY CHERRY CAPITAL AIRPORT, MI US","44.73895","-85.5679","185.2","1970-08","308.4","7.2","32.8","25.5","20.9","27.4","14.3"
"USW00014850","TRAVERSE CITY CHERRY CAPITAL AIRPORT, MI US","44.73895","-85.5679","185.2","1970-09","335.2","2.2","30.0","119.2","16.1","21.1","11.1"
"USW00014850","TRAVERSE CITY CHERRY CAPITAL AIRPORT, MI US","44.73895","-85.5679","185.2","1970-10","341.6","-1.1","26.7","337.8","11.5","16.3","6.7"
"USW00014850","TRAVERSE CITY CHERRY CAPITAL AIRPORT, MI US","44.73895","-85.5679","185.2","1970-11","341.6","-6.7","15.6","801.4","2.9","6.1","-0.4"
"USW00014850","TRAVERSE CITY CHERRY CAPITAL AIRPORT, MI US","44.73895","-85.5679","185.2","1970-12","341.6","-15.6","16.7","1472.9","-3.3","-0.4","-6.2"
"USC00203429","GREENVILLE 2 NNE, MI US","43.2026","-85.2421","270.7","1970-07","233.1","6.7","32.8","7.2","22.1","28.3","15.9"
"USC00203429","GREENVILLE 2 NNE, MI US","43.2026","-85.2421","270.7","1970-08","326.2","7.2","32.2","14.1","21.1","28.2","14.1"
"USC00203429","GREENVILLE 2 NNE, MI US","43.2026","-85.2421","270.7","1970-09","362.3","-0.6","30.6","103.5","16.6","22.3","10.9"
"USC00203429","GREENVILLE 2 NNE, MI US","43.2026","-85.2421","270.7","1970-10","363.7","-3.3","25.6","328.6","11.1","16.3","5.9"
"USC00203429","GREENVILLE 2 NNE, MI US","43.2026","-85.2421","270.7","1970-11","363.7","-11.1","15.6","778.5","3.3","7.3","-0.6"
"USC00203429","GREENVILLE 2 NNE, MI US","43.2026","-85.2421","270.7","1970-12","363.7","-20.6","17.8","1450.9","-3.4","0.7","-7.4"
"USC00200710","BENTON HARBOR AIRPORT, MI US","42.1245","-86.4266","190.5","1970-07","278.7","6.7","34.4","7.5","22.2","27.9","16.5"
"USC00200710","BENTON HARBOR AIRPORT, MI US","42.1245","-86.4266","190.5","1970-08","389.6","9.4","32.2","12.8","21.7","28.4","15.1"
"USC00200710","BENTON HARBOR AIRPORT, MI US","42.1245","-86.4266","190.5","1970-09","440.8","2.2","32.2","66.3","18.3","24.9","11.6"
"USC00200710","BENTON HARBOR AIRPORT, MI US","42.1245","-86.4266","190.5","1970-10","441.7","1.1","25.6","230.9","13.1","18.4","7.7"
"USC00200710","BENTON HARBOR AIRPORT, MI US","42.1245","-86.4266","190.5","1970-11","441.7","-10.6","15.6","643.4","4.6","8.3","0.8"
"USC00200710","BENTON HARBOR AIRPORT, MI US","42.1245","-86.4266","190.5","1970-12","441.7","-19.4","20.6","1223.5","-0.4","3.8","-4.5"
"USC00201922","CRYSTAL FALLS 6 NE, MI US","46.16667","-88.23333","414.5","1970-09",,"-2.2","29.4",,"12.4","18.9","5.8"
"USC00201922","CRYSTAL FALLS 6 NE, MI US","46.16667","-88.23333","414.5","1970-10",,"-5.6","23.3",,"7.4","13.4","1.3"
"USC00201922","CRYSTAL FALLS 6 NE, MI US","46.16667","-88.23333","414.5","1970-11",,"-18.3","13.3",,"-1.2","3.2","-5.5"
"USC00201922","CRYSTAL FALLS 6 NE, MI US","46.16667","-88.23333","414.5","1970-12",,"-28.9","7.8",,"-9.1","-3.6","-14.5"
"USC00201800","CORNELL 4 WSW, MI US","45.88333","-87.3","268.2","1970-12",,"-20.6","9.4",,"-5.5","-0.8","-10.1"
"USC00203306","GRAND LEDGE 1 NW, MI US","42.7621","-84.7617","244.1","1970-07",,,,,,,
"USC00203306","GRAND LEDGE 1 NW, MI US","42.7621","-84.7617","244.1","1970-08",,,,,,,
"USC00203306","GRAND LEDGE 1 NW, MI US","42.7621","-84.7617","244.1","1970-09",,,,,,,
"USC00203306","GRAND LEDGE 1 NW, MI US","42.7621","-84.7617","244.1","1970-10",,,,,,,
"USC00203306","GRAND LEDGE 1 NW, MI US","42.7621","-84.7617","244.1","1970-11",,,,,,,
"USC00203306","GRAND LEDGE 1 NW, MI US","42.7621","-84.7617","244.1","1970-12",,,,,,,
"USC00203823","HILLSDALE, MI US","41.9352","-84.6411","329.2","1970-07","209.5","7.2","33.3","11.9","21.7","27.4","16.1"
"USC00203823","HILLSDALE, MI US","41.9352","-84.6411","329.2","1970-08","295.5","7.8","32.2","23.6","20.7","27.4","14.1"
"USC00203823","HILLSDALE, MI US","41.9352","-84.6411","329.2","1970-09","335.3","-1.7","30.6","95.3","17.3","23.6","11.0"
"USC00203823","HILLSDALE, MI US","41.9352","-84.6411","329.2","1970-10","335.3","-3.9","25.0","303.6","11.6","17.2","6.0"
"USC00203823","HILLSDALE, MI US","41.9352","-84.6411","329.2","1970-11","335.3","-12.8","17.8","753.0","3.4","7.1","-0.4"
"USC00203823","HILLSDALE, MI US","41.9352","-84.6411","329.2","1970-12","335.3","-21.1","17.8","1386.9","-2.1","2.3","-6.5"
"USC00202737","FAYETTE 4 SW, MI US","45.66667","-86.71667","227.1","1970-07","65.2","9.4","32.2","17.6","19.6","25.1","14.1"
"USC00202737","FAYETTE 4 SW, MI US","45.66667","-86.71667","227.1","1970-08","116.6","8.3","27.8","40.1","19.3","24.3","14.3"
"USC00202737","FAYETTE 4 SW, MI US","45.66667","-86.71667","227.1","1970-09","125.0","2.2","26.7","156.1","14.8","18.6","10.9"
"USC00202737","FAYETTE 4 SW, MI US","45.66667","-86.71667","227.1","1970-10","125.0","0.0","20.0","393.7","10.7","14.4","6.9"
"USC00202737","FAYETTE 4 SW, MI US","45.66667","-86.71667","227.1","1970-11","125.0","-8.9","11.7","863.5","2.7","6.1","-0.7"
"USC00202737","FAYETTE 4 SW, MI US","45.66667","-86.71667","227.1","1970-12","125.0","-17.2","10.0","1550.6","-3.8","0.1","-7.7"
"USC00203947","HOWELL WWTP, MI US","42.59382","-83.93251","279.5","1970-07",,,,,,,
"USC00203947","HOWELL WWTP, MI US","42.59382","-83.93251","279.5","1970-08",,,,,,,
"USC00203947","HOWELL WWTP, MI US","42.59382","-83.93251","279.5","1970-09",,,,,,,
"USC00203947","HOWELL WWTP, MI US","42.59382","-83.93251","279.5","1970-10",,,,,,,
"USC00203947","HOWELL WWTP, MI US","42.59382","-83.93251","279.5","1970-11",,,,,,,
"USC00203947","HOWELL WWTP, MI US","42.59382","-83.93251","279.5","1970-12",,,,,,,
"USW00014847","SAULT STE MARIE SANDERSON FIELD, MI US","46.47998","-84.35809","219.8","1970-07","47.3","5.6","30.6","37.7","18.3","24.6","12.0"
"USW00014847","SAULT STE MARIE SANDERSON FIELD, MI US","46.47998","-84.35809","219.8","1970-08","82.3","3.9","31.1","94.3","17.6","24.1","11.2"
"USW00014847","SAULT STE MARIE SANDERSON FIELD, MI US","46.47998","-84.35809","219.8","1970-09","85.7","-0.6","27.2","264.6","12.8","17.5","8.0"
"USW00014847","SAULT STE MARIE SANDERSON FIELD, MI US","46.47998","-84.35809","219.8","1970-10","85.7","-2.8","23.3","562.8","8.7","13.2","4.2"
"USW00014847","SAULT STE MARIE SANDERSON FIELD, MI US","46.47998","-84.35809","219.8","1970-11","85.7","-10.0","12.8","1098.2","0.5","3.9","-2.9"
"USW00014847","SAULT STE MARIE SANDERSON FIELD, MI US","46.47998","-84.35809","219.8","1970-12","85.7","-21.7","10.0","1919.3","-8.1","-4.6","-11.7"
"USC00207867","STEPHENSON 8 WNW, MI US","45.39028","-87.7025","210.3","1970-07","152.1","6.7","35.0","13.1","21.1","28.7","13.4"
"USC00207867","STEPHENSON 8 WNW, MI US","45.39028","-87.7025","210.3","1970-08","202.4","2.2","31.1","40.3","19.1","27.1","11.1"
"USC00207867","STEPHENSON 8 WNW, MI US","45.39028","-87.7025","210.3","1970-09","222.9","-1.7","29.4","169.7","14.7","20.6","8.8"
"USC00207867","STEPHENSON 8 WNW, MI US","45.39028","-87.7025","210.3","1970-10","222.9","-7.2","21.7","437.4","9.7","15.1","4.3"
"USC00207867","STEPHENSON 8 WNW, MI US","45.39028","-87.7025","210.3","1970-11","222.9","-16.7","13.9","959.3","0.9","5.1","-3.2"
"USC00207867","STEPHENSON 8 WNW, MI US","45.39028","-87.7025","210.3","1970-12","222.9","-26.1","11.1","1718.1","-6.1","-1.6","-10.7"
"USC00200032","ADRIAN 2 NNE, MI US","41.91636","-84.01635","231.6","1970-07","235.3","8.9","35.0","7.8","22.2","27.9","16.4"
"USC00200032","ADRIAN 2 NNE, MI US","41.91636","-84.01635","231.6","1970-08","330.0","7.8","33.3","16.7","21.1","28.0","14.3"
"USC00200032","ADRIAN 2 NNE, MI US","41.91636","-84.01635","231.6","1970-09","379.2","0.6","32.2","87.2","17.6","24.5","10.8"
"USC00200032","ADRIAN 2 NNE, MI US","41.91636","-84.01635","231.6","1970-10","382.5","-1.7","27.2","289.7","11.9","17.8","6.0"
"USC00200032","ADRIAN 2 NNE, MI US","41.91636","-84.01635","231.6","1970-11","382.5","-9.4","17.8","716.2","4.1","8.2","0.1"
"USC00200032","ADRIAN 2 NNE, MI US","41.91636","-84.01635","231.6","1970-12","382.5","-17.2","18.3","1320.9","-1.9","3.1","-6.9"
"USC00204078","IONIA 2 SSW, MI US","42.953","-85.0777","245.4","1970-07","225.1","7.2","32.2","6.6","22.0","28.2","15.8"
"USC00204078","IONIA 2 SSW, MI US","42.953","-85.0777","245.4","1970-08",,"7.2","31.7",,"21.3","28.3","14.2"
"USC00204078","IONIA 2 SSW, MI US","42.953","-85.0777","245.4","1970-09",,"-0.6","31.7",,"17.0","23.1","10.9"
"USC00204078","IONIA 2 SSW, MI US","42.953","-85.0777","245.4","1970-10",,"-2.8","26.7",,"11.9","17.4","6.3"
"USC00204078","IONIA 2 SSW, MI US","42.953","-85.0777","245.4","1970-11",,"-11.1","16.7",,"3.7","7.6","-0.2"
"USC00204078","IONIA 2 SSW, MI US","42.953","-85.0777","245.4","1970-12",,"-23.3","18.3",,"-3.4","0.7","-7.5"
"USC00202298","DUNBAR FOREST EXPERIMENTAL ST, MI US","46.31667","-84.23333","182.9","1970-07","62.1","6.7","30.0","23.6","19.2","25.1","13.2"
"USC00202298","DUNBAR FOREST EXPERIMENTAL ST, MI US","46.31667","-84.23333","182.9","1970-08","103.8","5.6","29.4","67.3","18.3","23.8","12.7"
"USC00202298","DUNBAR FOREST EXPERIMENTAL ST, MI US","46.31667","-84.23333","182.9","1970-09","107.2","-0.6","25.6","217.1","13.4","17.5","9.4"
"USC00202298","DUNBAR FOREST EXPERIMENTAL ST, MI US","46.31667","-84.23333","182.9","1970-10","107.2","-2.8","24.4","495.8","9.3","13.7","5.0"
"USC00202298","DUNBAR FOREST EXPERIMENTAL ST, MI US","46.31667","-84.23333","182.9","1970-11","107.2","-11.1","12.8","1006.0","1.3","4.7","-2.0"
"USC00202298","DUNBAR FOREST EXPERIMENTAL ST, MI US","46.31667","-84.23333","182.9","1970-12","107.2","-24.4","8.9","1811.8","-7.7","-3.7","-11.6"
"USC00203661","HASTINGS, MI US","42.64208","-85.28819","250.2","1970-07",,"6.1","33.3","7.5","22.4","29.0","15.7"
"USC00203661","HASTINGS, MI US","42.64208","-85.28819","250.2","1970-08",,"7.2","32.2","12.8","21.7","29.3","14.1"
"USC00203661","HASTINGS, MI US","42.64208","-85.28819","250.2","1970-09",,"-0.6","31.7","77.7","18.0","24.5","11.4"
"USC00203661","HASTINGS, MI US","42.64208","-85.28819","250.2","1970-10",,"-3.3","26.1","267.8","12.3","18.1","6.5"
"USC00203661","HASTINGS, MI US","42.64208","-85.28819","250.2","1970-11",,"-11.1","17.2","692.3","4.2","8.1","0.3"
"USC00203661","HASTINGS, MI US","42.64208","-85.28819","250.2","1970-12",,"-20.6","18.9","1325.2","-2.1","2.1","-6.3"
"USC00209006","WILLIAMSTON, MI US","42.7103","-84.2503","272.8","1970-07",,,,,,,
"USC00209006","WILLIAMSTON, MI US","42.7103","-84.2503","272.8","1970-08",,,,,,,
"USC00209006","WILLIAMSTON, MI US","42.7103","-84.2503","272.8","1970-09",,,,,,,
"USC00209006","WILLIAMSTON, MI US","42.7103","-84.2503","272.8","1970-10",,,,,,,
"USC00209006","WILLIAMSTON, MI US","42.7103","-84.2503","272.8","1970-11",,,,,,,
"USC00209006","WILLIAMSTON, MI US","42.7103","-84.2503","272.8","1970-12",,,,,,,
"USC00200552","BATTLE CREEK 5 NW, MI US","42.3678","-85.2634","281.3","1970-07","256.4","7.2","34.4","7.8","22.4","28.4","16.3"
"USC00200552","BATTLE CREEK 5 NW, MI US","42.3678","-85.2634","281.3","1970-08","365.4","7.8","33.9","18.1","21.5","28.3","14.7"
"USC00200552","BATTLE CREEK 5 NW, MI US","42.3678","-85.2634","281.3","1970-09","409.3","-1.1","31.7","87.3","17.5","23.6","11.4"
"USC00200552","BATTLE CREEK 5 NW, MI US","42.3678","-85.2634","281.3","1970-10","411.0","-3.9","26.7","283.4","12.1","17.6","6.5"
"USC00200552","BATTLE CREEK 5 NW, MI US","42.3678","-85.2634","281.3","1970-11","411.0","-10.6","17.2","719.2","3.8","7.4","0.2"
"USC00200552","BATTLE CREEK 5 NW, MI US","42.3678","-85.2634","281.3","1970-12","411.0","-18.3","18.9","1349.1","-2.0","2.5","-6.4"
"USC00207742","SPALDING 1 NW, MI US","45.7019","-87.5255","262.1","1970-07",,,,,,,
"USC00207742","SPALDING 1 NW, MI US","45.7019","-87.5255","262.1","1970-08",,,,,,,
"USC00207742","SPALDING 1 NW, MI US","45.7019","-87.5255","262.1","1970-09",,,,,,,
"USC00207742","SPALDING 1 NW, MI US","45.7019","-87.5255","262.1","1970-10",,,,,,,
"USC00207742","SPALDING 1 NW, MI US","45.7019","-87.5255","262.1","1970-11",,,,,,,
"USC00207742","SPALDING 1 NW, MI US","45.7019","-87.5255","262.1","1970-12",,,,,,,
"USC00203785","HIGGINS LAKE, MI US","44.51667","-84.75","363.0","1970-08",,,,,,,
"USC00203785","HIGGINS LAKE, MI US","44.51667","-84.75","363.0","1970-09",,"-1.7","26.7",,"14.7","20.6","8.9"
"USC00203785","HIGGINS LAKE, MI US","44.51667","-84.75","363.0","1970-10",,"-3.3","24.4",,"9.8","15.4","4.1"
"USC00203785","HIGGINS LAKE, MI US","44.51667","-84.75","363.0","1970-11",,"-13.3","15.0",,"2.1","6.3","-2.1"
"USC00203785","HIGGINS LAKE, MI US","44.51667","-84.75","363.0","1970-12",,"-25.0","14.4",,"-4.8","-0.5","-9.1"
"USC00202611","ENTRICAN 1 W, MI US","43.35","-85.16667","287.1","1970-07",,,,,,,
"USC00202611","ENTRICAN 1 W, MI US","43.35","-85.16667","287.1","1970-08",,,,,,,
"USC00202611","ENTRICAN 1 W, MI US","43.35","-85.16667","287.1","1970-09",,,,,,,
"USC00202611","ENTRICAN 1 W, MI US","43.35","-85.16667","287.1","1970-10",,,,,,,
"USC00202611","ENTRICAN 1 W, MI US","43.35","-85.16667","287.1","1970-11",,,,,,,
"USC00202611","ENTRICAN 1 W, MI US","43.35","-85.16667","287.1","1970-12",,,,,,,
"USC00205567","MONTAGUE 4 NW, MI US","43.461","-86.41773","198.1","1970-07","185.9","5.6","31.1","8.8","21.3","27.2","15.4"
"USC00205567","MONTAGUE 4 NW, MI US","43.461","-86.41773","198.1","1970-08","256.3","6.7","30.0","20.4","20.2","26.8","13.7"
"USC00205567","MONTAGUE 4 NW, MI US","43.461","-86.41773","198.1","1970-09","286.0","0.0","29.4","108.5","16.4","22.1","10.6"
"USC00205567","MONTAGUE 4 NW, MI US","43.461","-86.41773","198.1","1970-10","289.1","-2.8","23.9","292.9","12.5","18.0","7.0"
"USC00205567","MONTAGUE 4 NW, MI US","43.461","-86.41773","198.1","1970-11","289.1","-9.4","14.4","727.6","3.8","7.9","-0.2"
"USC00205567","MONTAGUE 4 NW, MI US","43.461","-86.41773","198.1","1970-12","289.1","-14.4","15.0","1363.7","-2.2","2.2","-6.6"
"USC00207880","STEUBEN, MI US","46.18535","-86.46418","221.9","1970-07",,,,,,,
"USC00207880","STEUBEN, MI US","46.18535","-86.46418","221.9","1970-08",,,,,,,
"USC00207880","STEUBEN, MI US","46.18535","-86.46418","221.9","1970-09",,,,,,,
"USC00207880","STEUBEN, MI US","46.18535","-86.46418","221.9","1970-10",,,,,,,
"USC00207880","STEUBEN, MI US","46.18535","-86.46418","221.9","1970-11",,,,,,,
"USC00207880","STEUBEN, MI US","46.18535","-86.46418","221.9","1970-12",,,,,,,
"USC00207089","ROGERS CITY 3 S, MI US","45.38333","-83.83333","224.9","1970-07",,"7.2","31.1","17.6","20.2","26.9","13.4"
"USC00207089","ROGERS CITY 3 S, MI US","45.38333","-83.83333","224.9","1970-08",,"3.3","31.7","57.0","18.5","25.8","11.2"
"USC00207089","ROGERS CITY 3 S, MI US","45.38333","-83.83333","224.9","1970-09",,"-0.6","28.3","181.5","14.6","20.6","8.6"
"USC00207089","ROGERS CITY 3 S, MI US","45.38333","-83.83333","224.9","1970-10",,"-1.7","26.7","428.5","10.4","15.8","5.1"
"USC00207089","ROGERS CITY 3 S, MI US","45.38333","-83.83333","224.9","1970-11",,"-8.3","15.6","900.3","2.6","6.4","-1.2"
"USC00207089","ROGERS CITY 3 S, MI US","45.38333","-83.83333","224.9","1970-12",,"-19.4",,,,,"-8.3"
"USW00094814","HOUGHTON LAKE ROSCOMMON CO AIRPORT, MI US","44.35904","-84.6739","350.6","1970-07","140.7","6.1","30.6","18.3","20.6","26.5","14.8"
"USW00094814","HOUGHTON LAKE ROSCOMMON CO AIRPORT, MI US","44.35904","-84.6739","350.6","1970-08","191.0","4.4","30.0","50.3","18.9","25.6","12.3"
"USW00094814","HOUGHTON LAKE ROSCOMMON CO AIRPORT, MI US","44.35904","-84.6739","350.6","1970-09","203.8","-1.7","28.3","178.4","14.5","19.8","9.2"
"USW00094814","HOUGHTON LAKE ROSCOMMON CO AIRPORT, MI US","44.35904","-84.6739","350.6","1970-10","204.3","-1.7","24.4","447.1","9.7","14.8","4.6"
"USW00094814","HOUGHTON LAKE ROSCOMMON CO AIRPORT, MI US","44.35904","-84.6739","350.6","1970-11","204.3","-9.4","13.9","938.8","1.9","5.4","-1.5"
"USW00094814","HOUGHTON LAKE ROSCOMMON CO AIRPORT, MI US","44.35904","-84.6739","350.6","1970-12","204.3","-26.1","15.0","1682.1","-5.6","-1.4","-9.9"
"USC00205065","MANISTEE 3 SE, MI US","44.2113","-86.2938","204.2","1970-07","194.6","8.3","32.8","8.6","21.7","27.2","16.1"
"USC00205065","MANISTEE 3 SE, MI US","44.2113","-86.2938","204.2","1970-08","284.8","7.8","30.6","20.2","20.9","26.5","15.2"
"USC00205065","MANISTEE 3 SE, MI US","44.2113","-86.2938","204.2","1970-09","313.7","2.2","29.4","86.4","17.1","21.9","12.3"
"USC00205065","MANISTEE 3 SE, MI US","44.2113","-86.2938","204.2","1970-10","317.6","-1.1","23.3","272.3","12.5","16.8","8.1"
"USC00205065","MANISTEE 3 SE, MI US","44.2113","-86.2938","204.2","1970-11","317.6","-8.3","15.6","708.5","3.8","7.0","0.6"
"USC00205065","MANISTEE 3 SE, MI US","44.2113","-86.2938","204.2","1970-12","317.6","-10.0","16.7","1337.1","-1.9","1.3","-5.2"
"USC00204090","IRON MTN KINGSFORD WWTP, MI US","45.7858","-88.0841","326.4","1970-07","147.7","4.4","33.3","19.7","20.8","27.9","13.8"
"USC00204090","IRON MTN KINGSFORD WWTP, MI US","45.7858","-88.0841","326.4","1970-08","193.9","2.2","31.1","56.2","18.6","25.9","11.4"
"USC00204090","IRON MTN KINGSFORD WWTP, MI US","45.7858","-88.0841","326.4","1970-09","214.7","-2.8","28.9","195.1","14.4","20.3","8.5"
"USC00204090","IRON MTN KINGSFORD WWTP, MI US","45.7858","-88.0841","326.4","1970-10","214.7","-5.0","23.3","477.3","9.2","14.8","3.7"
"USC00204090","IRON MTN KINGSFORD WWTP, MI US","45.7858","-88.0841","326.4","1970-11","214.7","-14.4","14.4","1018.3","0.3","4.5","-3.9"
"USC00204090","IRON MTN KINGSFORD WWTP, MI US","45.7858","-88.0841","326.4","1970-12","214.7","-24.4","8.3","1807.8","-7.1","-2.3","-12.0"
"USC00200446","BALDWIN, MI US","43.9005","-85.8505","254.5","1970-07",,"6.1","36.7","5.8","22.5","30.3","14.7"
"USC00200446","BALDWIN, MI US","43.9005","-85.8505","254.5","1970-08",,"4.4","33.9","18.6","20.7","28.6","12.9"
"USC00200446","BALDWIN, MI US","43.9005","-85.8505","254.5","1970-09",,"-2.2","29.4","107.2","16.3","22.7","10.0"
"USC00200446","BALDWIN, MI US","43.9005","-85.8505","254.5","1970-10",,"-3.9","26.1","303.4","11.4","17.1","5.8"
"USC00200446","BALDWIN, MI US","43.9005","-85.8505","254.5","1970-11",,"-10.0","16.1","695.2","3.7","8.2","-0.7"
"USC00200568","BAY CITY, MI US","43.61667","-83.86667","180.1","1970-07","216.3","11.1","33.9","6.0","22.2","27.1","17.3"
"USC00200568","BAY CITY, MI US","43.61667","-83.86667","180.1","1970-08","315.8","8.9","31.7","14.1","21.3","27.0","15.6"
"USC00200568","BAY CITY, MI US","43.61667","-83.86667","180.1","1970-09","347.3","2.2","28.9","82.8","17.1","22.2","12.0"
"USC00200568","BAY CITY, MI US","43.61667","-83.86667","180.1","1970-10","353.4","1.1","26.1","296.7","11.6","16.3","6.9"
"USC00200568","BAY CITY, MI US","43.61667","-83.86667","180.1","1970-11","353.4","-10.0","15.6","725.7","4.0","7.6","0.5"
"USC00200568","BAY CITY, MI US","43.61667","-83.86667","180.1","1970-12","353.4","-17.2","17.8","1363.3","-3.6","0.1","-7.4"
"USW00014859","GRAND MARAIS, MI US","46.66667","-85.95","190.2","1970-07","74.5","4.4","31.7","51.0","18.4","24.6","12.3"
"USW00014859","GRAND MARAIS, MI US","46.66667","-85.95","190.2","1970-08","115.7","5.0","30.6","91.9","18.3","23.8","12.9"
"USW00014859","GRAND MARAIS, MI US","46.66667","-85.95","190.2","1970-09","131.3","-0.6","26.7","232.3","14.2","18.8","9.6"
"USW00014859","GRAND MARAIS, MI US","46.66667","-85.95","190.2","1970-10","133.9","-4.4","25.0","478.1","10.5","15.3","5.6"
"USW00014859","GRAND MARAIS, MI US","46.66667","-85.95","190.2","1970-11","133.9","-7.2","13.3","975.3","1.8","4.9","-1.4"
"USW00014859","GRAND MARAIS, MI US","46.66667","-85.95","190.2","1970-12","133.9","-13.9","9.4","1700.3","-5.1","-1.9","-8.2"
"USW00014858","HANCOCK HOUGHTON CO AIRPORT, MI US","47.16594","-88.48076","323.9","1970-07","87.4","7.8","32.2","33.4","19.3","24.7","13.8"
"USW00014858","HANCOCK HOUGHTON CO AIRPORT, MI US","47.16594","-88.48076","323.9","1970-08","134.9","3.3","31.1","80.3","18.4","24.1","12.6"
"USW00014858","HANCOCK HOUGHTON CO AIRPORT, MI US","47.16594","-88.48076","323.9","1970-09","150.5","0.0","30.0","248.7","13.2","17.7","8.8"
"USW00014858","HANCOCK HOUGHTON CO AIRPORT, MI US","47.16594","-88.48076","323.9","1970-10","150.5","-1.7","22.8","552.9","8.5","13.1","3.9"
"USW00014858","HANCOCK HOUGHTON CO AIRPORT, MI US","47.16594","-88.48076","323.9","1970-11","150.5","-13.3","9.4","1117.7","-0.5","2.6","-3.5"
"USW00014858","HANCOCK HOUGHTON CO AIRPORT, MI US","47.16594","-88.48076","323.9","1970-12","150.5","-16.7","9.4","1886.1","-6.4","-3.3","-9.6"
"USC00207515","SENEY WILDLIFE REF, MI US","46.28333","-85.95","216.4","1970-07","105.7","6.7","31.7","20.6","20.4","27.2","13.5"
"USC00207515","SENEY WILDLIFE REF, MI US","46.28333","-85.95","216.4","1970-08","154.1","4.4","31.1","56.2","18.8","25.6","11.9"
"USC00207515","SENEY WILDLIFE REF, MI US","46.28333","-85.95","216.4","1970-09","166.7","0.6","25.6","184.5","14.5","19.6","9.3"
"USC00207515","SENEY WILDLIFE REF, MI US","46.28333","-85.95","216.4","1970-10","166.7","-3.9","21.1","440.1","9.8","14.8","4.9"
"USC00207515","SENEY WILDLIFE REF, MI US","46.28333","-85.95","216.4","1970-11","166.7","-15.0","14.4","944.3","1.5","5.3","-2.2"
"USC00207515","SENEY WILDLIFE REF, MI US","46.28333","-85.95","216.4","1970-12","166.7","-21.7","10.0","1692.8","-5.8","-1.7","-10.0"
"USC00206300","OWOSSO WWTP, MI US","43.0161","-84.18","222.5","1970-07","220.0","6.1","32.8","8.1","21.9","27.5","16.3"
"USC00206300","OWOSSO WWTP, MI US","43.0161","-84.18","222.5","1970-08","313.4","7.8","31.7","18.9","21.0","27.7","14.3"
"USC00206300","OWOSSO WWTP, MI US","43.0161","-84.18","222.5","1970-09","351.5","-1.1","31.1","101.7","16.8","22.5","11.2"
"USC00206300","OWOSSO WWTP, MI US","43.0161","-84.18","222.5","1970-10","355.7","-2.8","26.1","319.7","11.4","17.0","5.9"
"USC00206300","OWOSSO WWTP, MI US","43.0161","-84.18","222.5","1970-11","355.7","-11.1","17.8","757.6","3.7","8.0","-0.6"
"USC00206300","OWOSSO WWTP, MI US","43.0161","-84.18","222.5","1970-12","355.7","-21.1","18.3","1419.3","-3.0","1.4","-7.5"
"USC00204244","KALAMAZOO STATE HOSPITAL, MI US","42.28333","-85.6","289.6","1970-07","308.1","9.4","34.4","4.5","23.1","28.6","17.5"
"USC00204244","KALAMAZOO STATE HOSPITAL, MI US","42.28333","-85.6","289.6","1970-08","435.4","10.6","32.2","5.9","22.5","28.3","16.7"
"USC00204244","KALAMAZOO STATE HOSPITAL, MI US","42.28333","-85.6","289.6","1970-09","498.0","2.2","31.1","57.3","18.7","24.8","12.7"
"USC00204244","KALAMAZOO STATE HOSPITAL, MI US","42.28333","-85.6","289.6","1970-10","501.9","0.0","25.6","219.9","13.2","18.4","8.0"
"USC00204244","KALAMAZOO STATE HOSPITAL, MI US","42.28333","-85.6","289.6","1970-11","501.9","-10.6","17.2","641.2","4.3","7.7","0.9"
"USC00204244","KALAMAZOO STATE HOSPITAL, MI US","42.28333","-85.6","289.6","1970-12","501.9","-16.7","19.4","1242.5","-1.1","2.8","-4.9"
"USC00201896","CROSS VILLAGE 1 E, MI US","45.6413","-85.0141","219.8","1970-07","93.8","7.8","28.9","20.8","19.7","24.6","14.9"
"USC00201896","CROSS VILLAGE 1 E, MI US","45.6413","-85.0141","219.8","1970-08","149.9","6.7","29.4","44.2","19.4","24.1","14.7"
"USC00201896","CROSS VILLAGE 1 E, MI US","45.6413","-85.0141","219.8","1970-09","166.9","0.6","27.8","152.1","15.3","19.6","11.1"
"USC00201896","CROSS VILLAGE 1 E, MI US","45.6413","-85.0141","219.8","1970-10","168.6","-1.1","25.0","369.7","11.4","15.8","7.0"
"USC00201896","CROSS VILLAGE 1 E, MI US","45.6413","-85.0141","219.8","1970-11","168.6","-7.8","12.8","829.7","3.0","6.0","0.0"
"USC00201896","CROSS VILLAGE 1 E, MI US","45.6413","-85.0141","219.8","1970-12","168.6","-19.4","14.4","1530.4","-4.3","-0.7","-7.9"
"USC00204127","ISHPEMING, MI US","46.48333","-87.65","438.9","1970-07","132.2","4.4","32.8","21.0","20.5","27.7","13.3"
"USC00204127","ISHPEMING, MI US","46.48333","-87.65","438.9","1970-08","182.0","2.2","31.7","57.1","18.8","26.3","11.3"
"USC00204127","ISHPEMING, MI US","46.48333","-87.65","438.9","1970-09","199.5","1.1","27.8","196.1","14.3","20.1","8.5"
"USC00204127","ISHPEMING, MI US","46.48333","-87.65","438.9","1970-10","199.5","-4.4","23.9","472.1","9.4","15.0","3.9"
"USC00204127","ISHPEMING, MI US","46.48333","-87.65","438.9","1970-11","199.5","-13.9","13.3","1018.3","0.1","4.0","-3.8"
"USC00204127","ISHPEMING, MI US","46.48333","-87.65","438.9","1970-12","199.5","-23.3","7.2","1788.7","-6.5","-2.2","-10.8"
"USC00202984","FRANKFORT 2 NE, MI US","44.64822","-86.20986","289.0","1970-07","116.2","7.2","31.7","18.3","20.1","25.6","14.7"
"USC00202984","FRANKFORT 2 NE, MI US","44.64822","-86.20986","289.0","1970-08","183.9","7.8","31.1","36.0","19.9","25.3","14.6"
"USC00202984","FRANKFORT 2 NE, MI US","44.64822","-86.20986","289.0","1970-09","202.3","2.8","28.9","135.8","15.6","20.7","10.6"
"USC00202984","FRANKFORT 2 NE, MI US","44.64822","-86.20986","289.0","1970-10","204.6","1.7","22.8","349.8","11.5","15.7","7.3"
"USC00202984","FRANKFORT 2 NE, MI US","44.64822","-86.20986","289.0","1970-11","204.6","-8.3","15.6","808.2","3.1","6.2","-0.1"
"USC00202984","FRANKFORT 2 NE, MI US","44.64822","-86.20986","289.0","1970-12","204.6","-10.6","15.0","1464.8","-2.9","0.0","-5.7"
"USW00094824","KINCHELOE AFB, MI US","46.25","-84.46667","262.1","1970-07","57.4","5.0","30.0","28.4","18.9","25.0","12.8"
"USW00094824","KINCHELOE AFB, MI US","46.25","-84.46667","262.1","1970-08","93.5","2.8","29.4","89.3","17.5","23.6","11.4"
"USW00094824","KINCHELOE AFB, MI US","46.25","-84.46667","262.1","1970-09","99.1","-2.2","26.7","262.5","12.8","17.6","7.9"
"USW00094824","KINCHELOE AFB, MI US","46.25","-84.46667","262.1","1970-10","99.1","-2.8","23.9","547.6","9.1","13.8","4.5"
"USW00094824","KINCHELOE AFB, MI US","46.25","-84.46667","262.1","1970-11","99.1","-13.3","13.3","1052.5","1.5","5.4","-2.4"
"USW00094824","KINCHELOE AFB, MI US","46.25","-84.46667","262.1","1970-12","99.1","-22.8","11.1","1836.1","-6.9","-3.0","-10.9"
"USC00207253","SAINT CHARLES, MI US","43.3","-84.16667","182.9","1970-07","255.0","8.3","34.4","2.8","22.6","28.8","16.4"
"USC00207253","SAINT CHARLES, MI US","43.3","-84.16667","182.9","1970-08","354.6","8.3","32.2","8.7","21.4","28.2","14.5"
"USC00207253","SAINT CHARLES, MI US","43.3","-84.16667","182.9","1970-09","398.5","0.0","31.7","79.2","17.4","23.1","11.8"
"USC00207253","SAINT CHARLES, MI US","43.3","-84.16667","182.9","1970-10","402.6","-2.2","27.2","271.7","12.3","17.6","6.9"
"USC00207253","SAINT CHARLES, MI US","43.3","-84.16667","182.9","1970-11","402.6","-8.3","16.7","694.1","4.3","7.9","0.6"
"USC00207253","SAINT CHARLES, MI US","43.3","-84.16667","182.9","1970-12","402.6","-22.2","18.3","1345.0","-2.7","1.4","-6.7"
"USC00205073","MANISTIQUE WWTP, MI US","45.9512","-86.2513","182.9","1970-07",,"7.2","32.2","26.2","19.1","24.8","13.4"
"USC00205073","MANISTIQUE WWTP, MI US","45.9512","-86.2513","182.9","1970-08",,"2.8","29.4","68.7","18.0","25.2","10.8"
"USC00205073","MANISTIQUE WWTP, MI US","45.9512","-86.2513","182.9","1970-09",,"-1.1","26.1","203.7","13.9","19.3","8.5"
"USC00205073","MANISTIQUE WWTP, MI US","45.9512","-86.2513","182.9","1970-10",,"-5.6","19.4","469.9","9.3","15.5","3.0"
"USC00205073","MANISTIQUE WWTP, MI US","45.9512","-86.2513","182.9","1970-11",,"-16.1","15.0","963.7","1.9","6.7","-2.9"
"USC00205073","MANISTIQUE WWTP, MI US","45.9512","-86.2513","182.9","1970-12",,"-23.3","6.7","1682.0","-6.4","-0.7","-12.0"
"USC00203290","GRAND HAVEN FIRE DEPARTMENT, MI US","43.06222","-86.22444","189.0","1970-07","186.9","10.0","31.1","9.1","21.5","25.5","17.5"
"USC00203290","GRAND HAVEN FIRE DEPARTMENT, MI US","43.06222","-86.22444","189.0","1970-08","284.1","10.0","31.1","13.3","21.3","25.7","17.0"
"USC00203290","GRAND HAVEN FIRE DEPARTMENT, MI US","43.06222","-86.22444","189.0","1970-09","320.3","2.8","30.0","82.1","17.3","21.5","13.0"
"USC00203290","GRAND HAVEN FIRE DEPARTMENT, MI US","43.06222","-86.22444","189.0","1970-10","323.9","2.2","23.9","261.2","12.7","16.8","8.5"
"USC00203290","GRAND HAVEN FIRE DEPARTMENT, MI US","43.06222","-86.22444","189.0","1970-11","323.9","-8.9","15.6","671.7","4.6","7.7","1.6"
"USC00203290","GRAND HAVEN FIRE DEPARTMENT, MI US","43.06222","-86.22444","189.0","1970-12","323.9","-12.8","15.6","1283.4","-1.4","2.0","-4.8"
"USC00208184","THREE RIVERS, MI US","41.9299","-85.6385","246.9","1970-07","249.8","6.7","33.9","13.3","22.0","27.9","16.0"
"USC00208184","THREE RIVERS, MI US","41.9299","-85.6385","246.9","1970-08","346.3","8.3","33.3","20.0","21.2","28.0","14.4"
"USC00208184","THREE RIVERS, MI US","41.9299","-85.6385","246.9","1970-09","393.8","-1.1","31.7","88.9","17.6","23.9","11.3"
"USC00208184","THREE RIVERS, MI US","41.9299","-85.6385","246.9","1970-10","396.3","-1.1","25.0","283.9","12.1","17.3","6.9"
"USC00208184","THREE RIVERS, MI US","41.9299","-85.6385","246.9","1970-11","396.3","-11.7","16.1","725.9","3.6","7.5","-0.3"
"USC00208184","THREE RIVERS, MI US","41.9299","-85.6385","246.9","1970-12","396.3","-20.0","19.4","1340.5","-1.5","3.1","-6.1"
"USC00207097","ROMEO 1 N, MI US","42.81667","-83.01667","244.1","1970-07",,,,,,,
"USC00207097","ROMEO 1 N, MI US","42.81667","-83.01667","244.1","1970-08",,,,,,,
"USC00207097","ROMEO 1 N, MI US","42.81667","-83.01667","244.1","1970-09",,,,,,,
"USC00207097","ROMEO 1 N, MI US","42.81667","-83.01667","244.1","1970-10",,,,,,,
"USC00207097","ROMEO 1 N, MI US","42.81667","-83.01667","244.1","1970-11",,,,,,,
"USC00207097","ROMEO 1 N, MI US","42.81667","-83.01667","244.1","1970-12",,,,,,,
"USC00204257","KALKASKA, MI US","44.728","-85.1727","315.5","1970-07",,,,,,,
"USC00204257","KALKASKA, MI US","44.728","-85.1727","315.5","1970-08",,,,,,,
"USC00204257","KALKASKA, MI US","44.728","-85.1727","315.5","1970-09",,,,,,,
"USC00204257","KALKASKA, MI US","44.728","-85.1727","315.5","1970-10",,,,,,,
"USC00204257","KALKASKA, MI US","44.728","-85.1727","315.5","1970-11",,,,,,,
"USC00204257","KALKASKA, MI US","44.728","-85.1727","315.5","1970-12",,,,,,,
"USC00207405","SCOTTVILLE 1 NE, MI US","43.96667","-86.26667","207.0","1970-07",,,,,,,
"USC00207405","SCOTTVILLE 1 NE, MI US","43.96667","-86.26667","207.0","1970-08",,,,,,,
"USC00207405","SCOTTVILLE 1 NE, MI US","43.96667","-86.26667","207.0","1970-09",,,,,,,
"USC00207405","SCOTTVILLE 1 NE, MI US","43.96667","-86.26667","207.0","1970-10",,,,,,,
"USC00207405","SCOTTVILLE 1 NE, MI US","43.96667","-86.26667","207.0","1970-11",,,,,,,
"USC00207405","SCOTTVILLE 1 NE, MI US","43.96667","-86.26667","207.0","1970-12",,,,,,,
"USC00202754","FENTON, MI US","42.81167","-83.70444","271.3","1970-07",,,,,,,
"USC00202754","FENTON, MI US","42.81167","-83.70444","271.3","1970-08",,,,,,,
"USC00202754","FENTON, MI US","42.81167","-83.70444","271.3","1970-09",,,,,,,
"USC00202754","FENTON, MI US","42.81167","-83.70444","271.3","1970-10",,,,,,,
"USC00202754","FENTON, MI US","42.81167","-83.70444","271.3","1970-11",,,,,,,
"USC00202754","FENTON, MI US","42.81167","-83.70444","271.3","1970-12",,,,,,,
"USC00204655","LAPEER WWTP, MI US","43.0608","-83.3074","249.9","1970-07","242.9","8.3","32.8","7.0","22.0","28.2","15.9"
"USC00204655","LAPEER WWTP, MI US","43.0608","-83.3074","249.9","1970-08","340.9","7.2","32.2","16.7","21.2","28.3","14.0"
"USC00204655","LAPEER WWTP, MI US","43.0608","-83.3074","249.9","1970-09","386.7","-1.1","31.1","93.4","17.3","23.1","11.5"
"USC00204655","LAPEER WWTP, MI US","43.0608","-83.3074","249.9","1970-10","392.3","-2.8","26.7","298.6","11.9","17.4","6.4"
"USC00204655","LAPEER WWTP, MI US","43.0608","-83.3074","249.9","1970-11","392.3","-9.4","15.0","721.8","4.2","8.0","0.5"
"USC00204655","LAPEER WWTP, MI US","43.0608","-83.3074","249.9","1970-12","392.3","-23.3","17.2","1374.5","-2.7","1.8","-7.3"
"USW00094836","GWINN K I SAWYER AFB, MI US","46.35","-87.4","372.2","1970-07","79.2","5.6","32.8","48.2","18.6","24.7","12.5"
"USW00094836","GWINN K I SAWYER AFB, MI US","46.35","-87.4","372.2","1970-08","110.2","2.8","30.0","121.3","17.0","23.7","10.2"
"USW00094836","GWINN K I SAWYER AFB, MI US","46.35","-87.4","372.2","1970-09","119.7","-0.6","26.7","306.7","12.5","17.4","7.6"
"USW00094836","GWINN K I SAWYER AFB, MI US","46.35","-87.4","372.2","1970-10","119.7","-5.6","22.2","619.8","7.6","12.4","2.7"
"USW00094836","GWINN K I SAWYER AFB, MI US","46.35","-87.4","372.2","1970-11","119.7","-13.9","12.8","1188.5","-0.6","2.6","-3.8"
"USW00094836","GWINN K I SAWYER AFB, MI US","46.35","-87.4","372.2","1970-12","119.7","-22.8","6.7","1935.4","-7.6","-3.7","-11.5"
"USC00206210","ONTONAGON, MI US","46.86667","-89.31667","214.0","1970-07","101.1","4.4","34.4","28.7","19.9","26.5","13.4"
"USC00206210","ONTONAGON, MI US","46.86667","-89.31667","214.0","1970-08","161.4","3.9","34.4","57.0","19.4","25.8","12.9"
"USC00206210","ONTONAGON, MI US","46.86667","-89.31667","214.0","1970-09","189.4","1.1","32.2","198.8","14.5","19.4","9.6"
"USC00206210","ONTONAGON, MI US","46.86667","-89.31667","214.0","1970-10","189.7","-2.2","25.0","464.9","9.8","16.0","3.5"
"USC00206210","ONTONAGON, MI US","46.86667","-89.31667","214.0","1970-11","189.7","-16.7","10.0","1003.5","0.4","4.1","-3.3"
"USC00206210","ONTONAGON, MI US","46.86667","-89.31667","214.0","1970-12","189.7","-21.1","12.2","1751.0","-5.8","-1.4","-10.2"
"USC00205000","MACKINAW CITY 2, MI US","45.78333","-84.73333","180.1","1970-07","124.2","10.6","31.1","6.6","21.0","25.8","16.1"
"USC00205000","MACKINAW CITY 2, MI US","45.78333","-84.73333","180.1","1970-08","203.4","9.4","31.1","14.4","20.6","24.9","16.3"
"USC00205000","MACKINAW CITY 2, MI US","45.78333","-84.73333","180.1","1970-09","216.7","1.7","28.3","94.0","16.1","20.5","11.8"
"USC00205000","MACKINAW CITY 2, MI US","45.78333","-84.73333","180.1","1970-10","217.3","1.1","25.6","322.8","11.0","15.2","6.8"
"USC00205000","MACKINAW CITY 2, MI US","45.78333","-84.73333","180.1","1970-11","217.3","-7.8","13.3","751.9","4.0","8.1","-0.1"
"USC00205000","MACKINAW CITY 2, MI US","45.78333","-84.73333","180.1","1970-12","217.3","-21.1","10.6","1522.1","-6.5","-2.7","-10.4"
"USC00202250","DOWAGIAC 1 W, MI US","41.9856","-86.132","225.6","1970-07","258.6","6.1","35.0","11.5","22.3","29.0","15.6"
"USC00202250","DOWAGIAC 1 W, MI US","41.9856","-86.132","225.6","1970-08","337.9","5.0","31.1","25.6","20.4","27.3","13.5"
"USC00202250","DOWAGIAC 1 W, MI US","41.9856","-86.132","225.6","1970-09","379.9","-1.1","30.0","93.7","17.4","23.8","10.9"
"USC00202250","DOWAGIAC 1 W, MI US","41.9856","-86.132","225.6","1970-10","380.2","-2.2","23.9","288.9","12.1","17.6","6.5"
"USC00202250","DOWAGIAC 1 W, MI US","41.9856","-86.132","225.6","1970-11","380.2","-11.1","14.4","724.1","3.8","7.9","-0.2"
"USC00202250","DOWAGIAC 1 W, MI US","41.9856","-86.132","225.6","1970-12","380.2","-23.9","18.3","1342.8","-1.6","2.6","-5.9"
"USC00203616","HARRISON 1 NNW, MI US","44.03333","-84.8","352.3","1970-07",,,,,,,
"USC00203616","HARRISON 1 NNW, MI US","44.03333","-84.8","352.3","1970-08",,,,,,,
"USC00203616","HARRISON 1 NNW, MI US","44.03333","-84.8","352.3","1970-09",,,,,,,
"USC00203616","HARRISON 1 NNW, MI US","44.03333","-84.8","352.3","1970-10",,,,,,,
"USC00203616","HARRISON 1 NNW, MI US","44.03333","-84.8","352.3","1970-11",,,,,,,
"USC00203616","HARRISON 1 NNW, MI US","44.03333","-84.8","352.3","1970-12",,,,,,,
"USC00203858","HOLLAND WTP, MI US","42.7989","-86.20635","184.4","1970-07","217.1","7.2","32.2","11.3","21.6","27.4","15.7"
"USC00203858","HOLLAND WTP, MI US","42.7989","-86.20635","184.4","1970-08","289.8","5.6","30.6","25.7","20.2","26.7","13.7"
"USC00203858","HOLLAND WTP, MI US","42.7989","-86.20635","184.4","1970-09","327.9","0.6","30.0","102.1","17.1","22.9","11.2"
"USC00203858","HOLLAND WTP, MI US","42.7989","-86.20635","184.4","1970-10","330.4","-1.7","25.6","297.1","12.1","17.6","6.6"
"USC00203858","HOLLAND WTP, MI US","42.7989","-86.20635","184.4","1970-11","330.4","-10.0","16.1","731.6","3.9","7.7","0.0"
"USC00203858","HOLLAND WTP, MI US","42.7989","-86.20635","184.4","1970-12","330.4","-21.1","17.8","1369.3","-2.2","2.1","-6.6"
"USC00200864","BLOOMINGDALE, MI US","42.3838","-85.9626","224.3","1970-07","252.1","5.0","33.9","15.0","21.8","28.4","15.2"
"USC00200864","BLOOMINGDALE, MI US","42.3838","-85.9626","224.3","1970-08","338.6","7.2","31.7","25.9","20.8","28.0","13.6"
"USC00200864","BLOOMINGDALE, MI US","42.3838","-85.9626","224.3","1970-09","368.6","-0.6","32.8","118.9","16.2","23.1","9.4"
"USC00200864","BLOOMINGDALE, MI US","42.3838","-85.9626","224.3","1970-10","369.7","-1.7","26.1","338.3","11.3","17.5","5.1"
"USC00200864","BLOOMINGDALE, MI US","42.3838","-85.9626","224.3","1970-11","369.7","-11.1","16.7","793.9","3.1","7.9","-1.6"
"USC00200864","BLOOMINGDALE, MI US","42.3838","-85.9626","224.3","1970-12","369.7","-22.8","19.4","1450.5","-2.9","2.3","-8.0"
"USC00204944","LOWELL, MI US","42.92793","-85.34013","199.9","1970-07",,,,,,,
"USC00204944","LOWELL, MI US","42.92793","-85.34013","199.9","1970-08",,,,,,,
"USC00204944","LOWELL, MI US","42.92793","-85.34013","199.9","1970-09",,,,,,,
"USC00204944","LOWELL, MI US","42.92793","-85.34013","199.9","1970-10",,,,,,,
"USC00204944","LOWELL, MI US","42.92793","-85.34013","199.9","1970-11",,,,,,,
"USC00204944","LOWELL, MI US","42.92793","-85.34013","199.9","1970-12",,,,,,,
"USC00207419","SEBEWAING, MI US","43.73194","-83.45917","178.0","1970-07",,,,,,,
"USC00207419","SEBEWAING, MI US","43.73194","-83.45917","178.0","1970-08",,,,,,,
"USC00207419","SEBEWAING, MI US","43.73194","-83.45917","178.0","1970-09",,,,,,,
"USC00207419","SEBEWAING, MI US","43.73194","-83.45917","178.0","1970-10",,,,,,,
"USC00207419","SEBEWAING, MI US","43.73194","-83.45917","178.0","1970-11",,,,,,,
"USC00207419","SEBEWAING, MI US","43.73194","-83.45917","178.0","1970-12",,,,,,,
"USC00201439","CHAMPION VAN RIPER P, MI US","46.5193","-87.9859","487.4","1970-07","87.0","0.6","31.1","45.6","19.0","27.1","10.8"
"USC00201439","CHAMPION VAN RIPER P, MI US","46.5193","-87.9859","487.4","1970-08","109.4","0.0","30.6","93.8","17.3","25.8","8.9"
"USC00201439","CHAMPION VAN RIPER P, MI US","46.5193","-87.9859","487.4","1970-09","119.1","-3.9","27.2","267.7","12.9","19.2","6.5"
"USC00201439","CHAMPION VAN RIPER P, MI US","46.5193","-87.9859","487.4","1970-10","119.1","-6.7","22.8","587.1","8.0","14.5","1.5"
"USC00201439","CHAMPION VAN RIPER P, MI US","46.5193","-87.9859","487.4","1970-11","119.1","-17.8","12.2","1177.6","-1.4","2.8","-5.4"
"USC00201439","CHAMPION VAN RIPER P, MI US","46.5193","-87.9859","487.4","1970-12","119.1","-30.0","7.2","2005.2","-8.4","-2.9","-13.9"
"USC00207812","STAMBAUGH 2 SSE, MI US","46.0555","-88.6275","442.0","1970-07","121.0","2.2","33.3","35.5","19.6","27.6","11.6"
"USC00207812","STAMBAUGH 2 SSE, MI US","46.0555","-88.6275","442.0","1970-08","143.8","-0.6","30.6","83.5","17.5","26.4","8.6"
"USC00207812","STAMBAUGH 2 SSE, MI US","46.0555","-88.6275","442.0","1970-09","156.3","-2.8","29.4","243.0","13.4","20.3","6.6"
"USC00207812","STAMBAUGH 2 SSE, MI US","46.0555","-88.6275","442.0","1970-10","156.3","-7.2","23.3","540.5","8.7","15.2","2.3"
"USC00207812","STAMBAUGH 2 SSE, MI US","46.0555","-88.6275","442.0","1970-11","156.3","-21.1","13.3","1114.6","-0.8","3.6","-5.2"
"USC00207812","STAMBAUGH 2 SSE, MI US","46.0555","-88.6275","442.0","1970-12","156.3","-29.4","8.9","1937.2","-8.2","-2.7","-13.7"
"USC00200343","ATLANTA 5 WNW, MI US","45.02833","-84.23306","359.7","1970-07",,"6.1","32.8","15.9","20.8","27.6","14.0"
"USC00200343","ATLANTA 5 WNW, MI US","45.02833","-84.23306","359.7","1970-08",,"3.3","32.2","51.5","18.7","26.6","10.8"
"USC00200343","ATLANTA 5 WNW, MI US","45.02833","-84.23306","359.7","1970-09",,"-2.8","31.7","175.8","15.0","21.5","8.6"
"USC00200343","ATLANTA 5 WNW, MI US","45.02833","-84.23306","359.7","1970-10",,"-3.9","26.7","452.2","9.5","15.6","3.4"
"USC00200343","ATLANTA 5 WNW, MI US","45.02833","-84.23306","359.7","1970-11",,"-8.3","15.6",,"3.1","8.0","-1.9"
"USC00200343","ATLANTA 5 WNW, MI US","45.02833","-84.23306","359.7","1970-12",,"-28.3","14.4",,"-5.4","-0.3","-10.4"
"USC00201675","COLDWATER ST SCHOOL, MI US","41.9622","-84.9925","299.9","1970-07","224.9","7.2","33.9","13.8","21.7","27.6","15.9"
"USC00201675","COLDWATER ST SCHOOL, MI US","41.9622","-84.9925","299.9","1970-08","306.0","6.7","33.3","26.9","20.5","27.4","13.6"
"USC00201675","COLDWATER ST SCHOOL, MI US","41.9622","-84.9925","299.9","1970-09","342.5","-1.1","31.1","107.4","16.9","23.6","10.2"
"USC00201675","COLDWATER ST SCHOOL, MI US","41.9622","-84.9925","299.9","1970-10","342.5","-3.3","25.6","331.6","11.1","16.9","5.3"
"USC00201675","COLDWATER ST SCHOOL, MI US","41.9622","-84.9925","299.9","1970-11","342.5","-11.1","17.2","778.4","3.4","7.4","-0.5"
"USC00201675","COLDWATER ST SCHOOL, MI US","41.9622","-84.9925","299.9","1970-12","342.5","-21.7","18.9","1425.6","-2.5","2.3","-7.4"
"USC00206184","ONAWAY 4 N, MI US","45.4108","-84.2233","227.1","1970-07","160.6","8.3","33.3","7.2","21.3","28.1","14.4"
"USC00206184","ONAWAY 4 N, MI US","45.4108","-84.2233","227.1","1970-08","225.1","5.0","32.8","33.1","19.6","26.6","12.6"
"USC00206184","ONAWAY 4 N, MI US","45.4108","-84.2233","227.1","1970-09","248.7","-0.6","30.0","139.5","15.6","21.6","9.6"
"USC00206184","ONAWAY 4 N, MI US","45.4108","-84.2233","227.1","1970-10","252.9","-2.2","27.2","372.2","11.0","16.7","5.3"
"USC00206184","ONAWAY 4 N, MI US","45.4108","-84.2233","227.1","1970-11","252.9","-7.8","13.9","847.9","2.5","6.3","-1.3"
"USW00094847","DETROIT METRO AIRPORT, MI US","42.23113","-83.33121","191.9","1970-07","254.9","9.4","33.9","4.7","22.5","27.8","17.2"
"USW00094847","DETROIT METRO AIRPORT, MI US","42.23113","-83.33121","191.9","1970-08","381.7","9.4","33.3","9.7","22.3","28.6","15.9"
"USW00094847","DETROIT METRO AIRPORT, MI US","42.23113","-83.33121","191.9","1970-09","435.8","0.6","32.8","72.5","18.0","24.1","12.0"
"USW00094847","DETROIT METRO AIRPORT, MI US","42.23113","-83.33121","191.9","1970-10","442.0","-2.8","27.2","265.3","12.3","17.9","6.7"
"USW00094847","DETROIT METRO AIRPORT, MI US","42.23113","-83.33121","191.9","1970-11","442.0","-8.3","16.7","682.2","4.4","7.8","1.1"
"USW00094847","DETROIT METRO AIRPORT, MI US","42.23113","-83.33121","191.9","1970-12","442.0","-15.6","17.8","1301.6","-1.6","2.3","-5.5"
"USC00207277","BEAVER ISLAND, MI US","45.6911","-85.5463","204.8","1970-07",,"5.6","28.9","17.8","19.6","24.8","14.5"
"USC00207277","BEAVER ISLAND, MI US","45.6911","-85.5463","204.8","1970-08",,"7.8","31.1","34.0","19.4","24.4","14.4"
"USC00207277","BEAVER ISLAND, MI US","45.6911","-85.5463","204.8","1970-09",,"2.2","26.7","124.9","15.6","20.1","11.2"
"USC00207277","BEAVER ISLAND, MI US","45.6911","-85.5463","204.8","1970-10",,"1.1","20.6","342.0","11.3","15.9","6.8"
"USC00207277","BEAVER ISLAND, MI US","45.6911","-85.5463","204.8","1970-11",,"-4.4","12.2","770.0","4.1","6.4","1.7"
"USC00207277","BEAVER ISLAND, MI US","45.6911","-85.5463","204.8","1970-12",,"-12.8","12.8","1424.3","-2.8","-0.3","-5.3"
"USW00094849","ALPENA CO REGIONAL AIRPORT, MI US","45.0716","-83.56451","208.3","1970-07","122.0","6.7","33.3","16.1","20.5","26.8","14.3"
"USW00094849","ALPENA CO REGIONAL AIRPORT, MI US","45.0716","-83.56451","208.3","1970-08","173.6","5.0","32.8","53.5","18.8","26.1","11.5"
"USW00094849","ALPENA CO REGIONAL AIRPORT, MI US","45.0716","-83.56451","208.3","1970-09","187.0","-1.7","28.9","184.1","14.4","20.2","8.6"
"USW00094849","ALPENA CO REGIONAL AIRPORT, MI US","45.0716","-83.56451","208.3","1970-10","187.9","-3.9","26.7","453.8","9.7","15.4","3.9"
"USW00094849","ALPENA CO REGIONAL AIRPORT, MI US","45.0716","-83.56451","208.3","1970-11","187.9","-7.8","16.1","933.2","2.4","6.5","-1.8"
"USW00094849","ALPENA CO REGIONAL AIRPORT, MI US","45.0716","-83.56451","208.3","1970-12","187.9","-21.7","15.0","1654.9","-4.9","-0.9","-9.0"
"USC00202381","EAST JORDAN, MI US","45.15179","-85.1324","178.9","1970-07","149.4","1.7","32.2","16.6","20.9","27.8","13.9"
"USC00202381","EAST JORDAN, MI US","45.15179","-85.1324","178.9","1970-08","200.5","5.6","33.3","43.5","19.2","27.1","11.3"
"USC00202381","EAST JORDAN, MI US","45.15179","-85.1324","178.9","1970-09","217.7","-1.1","28.9","142.5","15.6","22.0","9.2"
"USC00202381","EAST JORDAN, MI US","45.15179","-85.1324","178.9","1970-10","221.3","-3.9","26.7","379.1","10.8","16.9","4.7"
"USC00202381","EAST JORDAN, MI US","45.15179","-85.1324","178.9","1970-11","221.3","-7.2","15.6","840.8","2.9","6.9","-1.0"
"USC00202381","EAST JORDAN, MI US","45.15179","-85.1324","178.9","1970-12","221.3","-23.3","17.8","1527.5","-3.8","0.3","-8.0"
"USC00205892","NILES, MI US","41.8405","-86.2658","198.1","1970-07",,,,,,,
"USC00205892","NILES, MI US","41.8405","-86.2658","198.1","1970-08",,,,,,,
"USC00205892","NILES, MI US","41.8405","-86.2658","198.1","1970-09",,,,,,,
"USC00205892","NILES, MI US","41.8405","-86.2658","198.1","1970-10",,,,,,,
"USC00205892","NILES, MI US","41.8405","-86.2658","198.1","1970-11",,,,,,,
"USC00205892","NILES, MI US","41.8405","-86.2658","198.1","1970-12",,,,,,,
"USC00205097","MAPLE CITY 1 E, MI US","44.855","-85.8352","243.5","1970-07","184.3","7.2","32.2","13.8","21.2","27.6","14.8"
"USC00205097","MAPLE CITY 1 E, MI US","44.855","-85.8352","243.5","1970-08","267.7","5.6","32.8","31.5","20.4","27.5","13.4"
"USC00205097","MAPLE CITY 1 E, MI US","44.855","-85.8352","243.5","1970-09","291.0","1.7","30.0","119.1","16.2","21.4","11.0"
"USC00205097","MAPLE CITY 1 E, MI US","44.855","-85.8352","243.5","1970-10","298.2","-1.7","26.7","332.4","11.7","16.9","6.4"
"USC00205097","MAPLE CITY 1 E, MI US","44.855","-85.8352","243.5","1970-11","298.2","-6.7","15.0","803.7","2.6","6.1","-0.8"
"USC00205097","MAPLE CITY 1 E, MI US","44.855","-85.8352","243.5","1970-12","298.2","-11.1","16.1","1464.4","-3.0","0.1","-6.0"
"USC00203627","HARRISVILLE, MI US","44.65","-83.3","198.1","1970-07","103.1","6.1","32.8","11.4","20.3","28.1","12.5"
"USC00203627","HARRISVILLE, MI US","44.65","-83.3","198.1","1970-08","143.9","2.2","31.1","33.2","19.0","27.0","11.1"
"USC00203627","HARRISVILLE, MI US","44.65","-83.3","198.1","1970-09","160.9","-2.2","30.6","147.8","15.1","21.5","8.6"
"USC00203627","HARRISVILLE, MI US","44.65","-83.3","198.1","1970-10","160.9","-3.9","26.1","372.0","10.9","17.2","4.5"
"USC00203627","HARRISVILLE, MI US","44.65","-83.3","198.1","1970-11","160.9","-8.3","15.0","837.8","2.8","7.1","-1.5"
"USC00203627","HARRISVILLE, MI US","44.65","-83.3","198.1","1970-12","160.9","-24.4","15.6","1526.5","-3.9","1.1","-8.8"
"USW00014808","OSCODA WURTSMITH AIRPORT, MI US","44.45","-83.4","192.9","1970-07","168.2","10.0","33.3","5.6","22.1","27.3","16.8"
"USW00014808","OSCODA WURTSMITH AIRPORT, MI US","44.45","-83.4","192.9","1970-08","254.2","9.4","32.8","19.3","20.7","26.6","14.7"
"USW00014808","OSCODA WURTSMITH AIRPORT, MI US","44.45","-83.4","192.9","1970-09","286.9","0.6","32.2","100.1","16.7","21.8","11.7"
"USW00014808","OSCODA WURTSMITH AIRPORT, MI US","44.45","-83.4","192.9","1970-10","290.5","-1.1","26.1","330.8","11.0","15.7","6.3"
"USW00014808","OSCODA WURTSMITH AIRPORT, MI US","44.45","-83.4","192.9","1970-11","290.5","-6.7","14.4","780.7","3.3","6.7","-0.1"
"USW00014808","OSCODA WURTSMITH AIRPORT, MI US","44.45","-83.4","192.9","1970-12","290.5","-17.2","15.0","1446.8","-3.1","0.0","-6.3"
"USC00205803","NEWAYGO HARDY DAM, MI US","43.48333","-85.63333","232.0","1970-07","135.3","4.4","32.2","15.5","20.6","27.6","13.6"
"USC00205803","NEWAYGO HARDY DAM, MI US","43.48333","-85.63333","232.0","1970-08","189.6","4.4","32.2","36.9","19.4","27.6","11.3"
"USC00205803","NEWAYGO HARDY DAM, MI US","43.48333","-85.63333","232.0","1970-09","206.7","-1.7","29.4","143.0","15.4","22.1","8.7"
"USC00205803","NEWAYGO HARDY DAM, MI US","43.48333","-85.63333","232.0","1970-10","207.8","-3.3","26.1","394.9","10.2","16.4","4.1"
"USC00205803","NEWAYGO HARDY DAM, MI US","43.48333","-85.63333","232.0","1970-11","207.8","-10.0","15.6","848.6","3.2","7.4","-1.0"
"USC00205803","NEWAYGO HARDY DAM, MI US","43.48333","-85.63333","232.0","1970-12","207.8","-20.0","17.2","1536.5","-3.9","0.9","-8.6"
"USC00203504","GULL LAKE BIOLOGICAL STATION, MI US","42.3941","-85.385","281.9","1970-07","257.6","9.4","33.3","3.1","22.7","28.4","17.1"
"USC00203504","GULL LAKE BIOLOGICAL STATION, MI US","42.3941","-85.385","281.9","1970-08","368.3","8.3","32.2","5.9","21.8","28.5","15.2"
"USC00203504","GULL LAKE BIOLOGICAL STATION, MI US","42.3941","-85.385","281.9","1970-09","406.4","1.7","30.0","65.0","17.8","23.5","12.1"
"USC00203504","GULL LAKE BIOLOGICAL STATION, MI US","42.3941","-85.385","281.9","1970-10","409.2","-1.1","24.4","241.5","12.7","18.2","7.3"
"USC00203504","GULL LAKE BIOLOGICAL STATION, MI US","42.3941","-85.385","281.9","1970-11","409.2","-10.0","17.2","673.0","3.9","7.5","0.4"
"USC00203504","GULL LAKE BIOLOGICAL STATION, MI US","42.3941","-85.385","281.9","1970-12","409.2","-20.6","18.3","1300.6","-1.9","2.3","-6.1"
"USW00014804","MOUNT CLEMENS ANG BASE, MI US","42.6083","-82.8183","176.8","1970-07","186.2","10.0","32.2","5.3","21.6","26.5","16.8"
"USW00014804","MOUNT CLEMENS ANG BASE, MI US","42.6083","-82.8183","176.8","1970-08","288.3","9.4","32.2","14.2","21.3","27.1","15.6"
"USW00014804","MOUNT CLEMENS ANG BASE, MI US","42.6083","-82.8183","176.8","1970-09","333.1","2.2","31.7","80.3","17.6","22.8","12.4"
"USW00014804","MOUNT CLEMENS ANG BASE, MI US","42.6083","-82.8183","176.8","1970-10","335.3","-0.6","23.3","267.7","12.4","16.6","8.1"
"USW00014804","MOUNT CLEMENS ANG BASE, MI US","42.6083","-82.8183","176.8","1970-11","335.3","-7.8","15.0","669.4","4.9","8.0","1.9"
"USW00014804","MOUNT CLEMENS ANG BASE, MI US","42.6083","-82.8183","176.8","1970-12","335.3","-15.0","17.2","1291.4","-1.7","1.9","-5.4"
"USC00203585","HARBOR BEACH 1 SSE, MI US","43.8322","-82.6427","181.4","1970-07","133.8","10.0","32.2","13.3","20.7","25.4","15.9"
"USC00203585","HARBOR BEACH 1 SSE, MI US","43.8322","-82.6427","181.4","1970-08","214.6","10.6","32.2","28.3","20.4","25.9","15.0"
"USC00203585","HARBOR BEACH 1 SSE, MI US","43.8322","-82.6427","181.4","1970-09","246.1","1.1","31.1","101.4","16.9","21.7","12.2"
"USC00203585","HARBOR BEACH 1 SSE, MI US","43.8322","-82.6427","181.4","1970-10","246.1","0.0","25.6","313.2","11.5","15.7","7.3"
"USC00203585","HARBOR BEACH 1 SSE, MI US","43.8322","-82.6427","181.4","1970-11","246.1","-7.8","13.9","728.0","4.5","7.6","1.4"
"USC00203585","HARBOR BEACH 1 SSE, MI US","43.8322","-82.6427","181.4","1970-12","246.1","-17.2","15.6","1375.1","-2.5","1.0","-6.1"
"USC00205488","MILLINGTON 3 SE, MI US","43.2836","-83.4791","249.9","1970-07",,,,,,,
"USC00205488","MILLINGTON 3 SE, MI US","43.2836","-83.4791","249.9","1970-08",,,,,,,
"USC00205488","MILLINGTON 3 SE, MI US","43.2836","-83.4791","249.9","1970-09",,,,,,,
"USC00205488","MILLINGTON 3 SE, MI US","43.2836","-83.4791","249.9","1970-10",,,,,,,
"USC00205488","MILLINGTON 3 SE, MI US","43.2836","-83.4791","249.9","1970-11",,,,,,,
"USC00205488","MILLINGTON 3 SE, MI US","43.2836","-83.4791","249.9","1970-12",,,,,,,
"USC00200230","ANN ARBOR U OF MICH, MI US","42.29806","-83.66388","247.8","1970-07","299.8","10.0","33.3","3.3","23.2","27.9","18.5"
"USC00200230","ANN ARBOR U OF MICH, MI US","42.29806","-83.66388","247.8","1970-08","445.6","11.7","31.7","3.3","23.0","28.2","17.9"
"USC00200230","ANN ARBOR U OF MICH, MI US","42.29806","-83.66388","247.8","1970-09","506.5","2.8","31.1","47.8","18.9","24.1","13.6"
"USC00200230","ANN ARBOR U OF MICH, MI US","42.29806","-83.66388","247.8","1970-10","513.4","-0.6","26.7","204.0","13.5","18.4","8.7"
"USC00200230","ANN ARBOR U OF MICH, MI US","42.29806","-83.66388","247.8","1970-11","513.4","-9.4","18.3","599.5","5.1","8.6","1.7"
"USC00200230","ANN ARBOR U OF MICH, MI US","42.29806","-83.66388","247.8","1970-12","513.4","-11.7","17.2","1181.7","-0.4","3.4","-4.3"
"USC00202015","DEARBORN, MI US","42.31917","-83.23839","184.4","1970-07","329.7","10.6","35.0","0.8","23.6","29.6","17.6"
"USC00202015","DEARBORN, MI US","42.31917","-83.23839","184.4","1970-08","496.4","11.1","33.9","0.8","23.7","30.3","17.1"
"USC00202015","DEARBORN, MI US","42.31917","-83.23839","184.4","1970-09","575.5","1.7","32.8","44.1","19.5","25.6","13.4"
"USC00202015","DEARBORN, MI US","42.31917","-83.23839","184.4","1970-10","586.4","-0.6","27.8","184.9","14.0","19.7","8.3"
"USC00202015","DEARBORN, MI US","42.31917","-83.23839","184.4","1970-11","586.4","-8.3","17.2","562.4","5.8","9.3","2.2"
"USC00202015","DEARBORN, MI US","42.31917","-83.23839","184.4","1970-12","586.4","-12.8","18.3","1139.7","-0.3","3.9","-4.5"
"USC00204954","LUDINGTON, MI US","43.9066","-86.3942","210.3","1970-07",,,,,,,
"USC00204954","LUDINGTON, MI US","43.9066","-86.3942","210.3","1970-08",,"6.1","31.1",,"20.4","26.1","14.6"
"USC00204954","LUDINGTON, MI US","43.9066","-86.3942","210.3","1970-09",,"5.0","30.0",,"16.6","21.9","11.3"
"USC00204954","LUDINGTON, MI US","43.9066","-86.3942","210.3","1970-10",,"-0.6","23.9",,"10.7","16.0","5.4"
"USC00204954","LUDINGTON, MI US","43.9066","-86.3942","210.3","1970-11",,"-5.6","15.6",,"3.6","6.9","0.2"
"USC00204954","LUDINGTON, MI US","43.9066","-86.3942","210.3","1970-12",,"-13.3","15.6",,"-3.1","1.3","-7.4"
"USC00203744","HERMAN, MI US","46.6653","-88.3772","523.3","1970-07","95.1","-0.6","30.6","53.2","18.6","25.9","11.2"
"USC00203744","HERMAN, MI US","46.6653","-88.3772","523.3","1970-08","119.3","-1.7","30.0","120.8","16.9","24.6","9.2"
"USC00203744","HERMAN, MI US","46.6653","-88.3772","523.3","1970-09","132.9","-2.8","27.8","299.7","12.8","18.6","7.0"
"USC00203744","HERMAN, MI US","46.6653","-88.3772","523.3","1970-10","132.9","-6.7","21.7","614.6","8.2","13.8","2.6"
"USC00203744","HERMAN, MI US","46.6653","-88.3772","523.3","1970-11","132.9","-18.3","12.2","1207.6","-1.4","2.5","-5.4"
"USC00203744","HERMAN, MI US","46.6653","-88.3772","523.3","1970-12","132.9","-28.3","7.2","2031.0","-8.2","-3.7","-12.7"
"USC00207820","STANDISH 4 NE, MI US","44.0126","-83.8977","187.5","1970-07","179.3","8.3","32.2","3.3","21.9","27.9","15.9"
"USC00207820","STANDISH 4 NE, MI US","44.0126","-83.8977","187.5","1970-08","254.7","6.1","32.2","28.8","19.9","27.0","12.9"
"USC00207820","STANDISH 4 NE, MI US","44.0126","-83.8977","187.5","1970-09","281.5","-1.7","31.1","109.7","16.4","22.5","10.3"
"USC00207820","STANDISH 4 NE, MI US","44.0126","-83.8977","187.5","1970-10",,,,,,,
"USC00207820","STANDISH 4 NE, MI US","44.0126","-83.8977","187.5","1970-11",,,,,,,
"USC00207820","STANDISH 4 NE, MI US","44.0126","-83.8977","187.5","1970-12",,"-23.9","16.7",,"-3.4","0.6","-7.4"
"USC00208772","WELLSTON TIPPY DAM, MI US","44.2586","-85.9394","198.1","1970-07",,,,,,,
"USC00208772","WELLSTON TIPPY DAM, MI US","44.2586","-85.9394","198.1","1970-08",,,,,,,
"USC00208772","WELLSTON TIPPY DAM, MI US","44.2586","-85.9394","198.1","1970-09",,,,,,,
"USC00208772","WELLSTON TIPPY DAM, MI US","44.2586","-85.9394","198.1","1970-10",,,,,,,
"USC00208772","WELLSTON TIPPY DAM, MI US","44.2586","-85.9394","198.1","1970-11",,,,,,,
"USC00208772","WELLSTON TIPPY DAM, MI US","44.2586","-85.9394","198.1","1970-12",,,,,,,
"USC00200094","ALBION, MI US","42.24941","-84.7732","285.0","1970-07",,,,,,,
"USC00200094","ALBION, MI US","42.24941","-84.7732","285.0","1970-08",,,,,,,
"USC00200094","ALBION, MI US","42.24941","-84.7732","285.0","1970-09",,,,,,,
"USC00200094","ALBION, MI US","42.24941","-84.7732","285.0","1970-10",,,,,,,
"USC00200094","ALBION, MI US","42.24941","-84.7732","285.0","1970-11",,,,,,,
"USC00200094","ALBION, MI US","42.24941","-84.7732","285.0","1970-12",,,,,,,
"USC00209188","YALE 1 NNW, MI US","43.1447","-82.8011","249.9","1970-07",,,,,,,
"USC00209188","YALE 1 NNW, MI US","43.1447","-82.8011","249.9","1970-08",,,,,,,
"USC00209188","YALE 1 NNW, MI US","43.1447","-82.8011","249.9","1970-09",,,,,,,
"USC00209188","YALE 1 NNW, MI US","43.1447","-82.8011","249.9","1970-10",,,,,,,
"USC00209188","YALE 1 NNW, MI US","43.1447","-82.8011","249.9","1970-11",,,,,,,
"USC00209188","YALE 1 NNW, MI US","43.1447","-82.8011","249.9","1970-12",,,,,,,
"USW00014822","DETROIT CITY AIRPORT, MI US","42.40725","-83.00899","189.8","1970-07","325.8","12.2","33.9","0.9","24.0","28.7","19.4"
"USW00014822","DETROIT CITY AIRPORT, MI US","42.40725","-83.00899","189.8","1970-08","473.7","11.7","33.3","3.7","23.0","28.2","17.8"
"USW00014822","DETROIT CITY AIRPORT, MI US","42.40725","-83.00899","189.8","1970-09","536.6","2.8","32.2","48.4","18.9","23.7","14.2"
"USW00014822","DETROIT CITY AIRPORT, MI US","42.40725","-83.00899","189.8","1970-10","546.9","1.1","26.7","216.5","13.2","17.3","9.2"
"USW00014822","DETROIT CITY AIRPORT, MI US","42.40725","-83.00899","189.8","1970-11","546.9","-7.8","16.7","612.3","5.1","7.9","2.4"
"USW00014822","DETROIT CITY AIRPORT, MI US","42.40725","-83.00899","189.8","1970-12","546.9","-12.2","17.2","1213.7","-1.1","2.3","-4.4"
"USW00094850","MARQUETTE WEATHER FORECAST OFFICE, MI US","46.5313","-87.5491","431.3","1970-07","99.1","6.1","31.7","39.1","19.3","25.7","12.8"
"USW00094850","MARQUETTE WEATHER FORECAST OFFICE, MI US","46.5313","-87.5491","431.3","1970-08","139.6","2.8","31.7","101.8","17.6","24.3","10.9"
"USW00094850","MARQUETTE WEATHER FORECAST OFFICE, MI US","46.5313","-87.5491","431.3","1970-09","152.1","-1.1","27.8","276.5","12.9","18.0","7.9"
"USW00094850","MARQUETTE WEATHER FORECAST OFFICE, MI US","46.5313","-87.5491","431.3","1970-10","152.1","-5.6","22.8","589.5","8.2","13.2","3.3"
"USW00094850","MARQUETTE WEATHER FORECAST OFFICE, MI US","46.5313","-87.5491","431.3","1970-11","152.1","-13.3","12.8","1156.0","-0.6","2.7","-3.8"
"USW00094850","MARQUETTE WEATHER FORECAST OFFICE, MI US","46.5313","-87.5491","431.3","1970-12","152.1","-26.1","7.2","1960.2","-7.6","-3.5","-11.7"
"USC00207280","SAINT JOHNS, MI US","43.0128","-84.5547","226.5","1970-07","265.0","8.3","33.9","4.2","22.5","28.5","16.5"
"USC00207280","SAINT JOHNS, MI US","43.0128","-84.5547","226.5","1970-08","377.7","8.3","32.2","6.5","21.9","28.9","14.9"
"USC00207280","SAINT JOHNS, MI US","43.0128","-84.5547","226.5","1970-09","432.8","1.7","31.1","72.7","18.0","23.5","12.4"
"USC00207280","SAINT JOHNS, MI US","43.0128","-84.5547","226.5","1970-10","439.7","-1.1","26.7","263.3","12.4","17.7","7.1"
"USC00207280","SAINT JOHNS, MI US","43.0128","-84.5547","226.5","1970-11","439.7","-10.0","17.8","685.9","4.3","8.2","0.3"
"USC00207280","SAINT JOHNS, MI US","43.0128","-84.5547","226.5","1970-12","439.7","-21.7","18.3","1338.2","-2.7","1.9","-7.3"
"USC00205816","NEWBERRY LUCE CO ROAD COMMISSION, MI US","46.35155","-85.51629","241.4","1970-07","65.7","5.0","30.6","31.1","18.9","25.6","12.3"
"USC00205816","NEWBERRY LUCE CO ROAD COMMISSION, MI US","46.35155","-85.51629","241.4","1970-08","103.7","3.9","30.0","85.0","17.8","24.2","11.4"
"USC00205816","NEWBERRY LUCE CO ROAD COMMISSION, MI US","46.35155","-85.51629","241.4","1970-09","109.8","-1.1","25.6","258.3","12.8","18.0","7.5"
"USC00205816","NEWBERRY LUCE CO ROAD COMMISSION, MI US","46.35155","-85.51629","241.4","1970-10","109.8","-3.3","21.7","557.6","8.7","13.6","3.7"
"USC00205816","NEWBERRY LUCE CO ROAD COMMISSION, MI US","46.35155","-85.51629","241.4","1970-11","109.8","-9.4","13.9","1085.7","0.7","4.5","-3.0"
"USC00205816","NEWBERRY LUCE CO ROAD COMMISSION, MI US","46.35155","-85.51629","241.4","1970-12","109.8","-18.9","9.4","1861.1","-6.7","-2.5","-10.8"
"USC00200128","ALLEGAN 5 NE, MI US","42.5799","-85.7893","228.6","1970-07",,"7.2","36.1",,"23.2","29.6","16.7"
"USC00200128","ALLEGAN 5 NE, MI US","42.5799","-85.7893","228.6","1970-08",,,,,,,
"USC00200128","ALLEGAN 5 NE, MI US","42.5799","-85.7893","228.6","1970-09",,"0.6","33.3",,"17.0","23.1","10.8"
"USC00200128","ALLEGAN 5 NE, MI US","42.5799","-85.7893","228.6","1970-10",,"-1.1","26.7",,"12.4","18.9","6.0"
"USC00200128","ALLEGAN 5 NE, MI US","42.5799","-85.7893","228.6","1970-11",,"-9.4","17.2",,"4.6","9.4","-0.2"
"USC00200128","ALLEGAN 5 NE, MI US","42.5799","-85.7893","228.6","1970-12",,"-21.1","20.0",,"-1.3","3.8","-6.4"
"USC00204328","KENTON, MI US","46.4863","-88.8916","355.7","1970-07","127.8","4.4","33.9","28.4","20.1","28.1","12.1"
"USC00204328","KENTON, MI US","46.4863","-88.8916","355.7","1970-08","169.1","-0.6","31.7","72.2","18.3","26.9","9.6"
"USC00204328","KENTON, MI US","46.4863","-88.8916","355.7","1970-09","191.6","-3.3","30.6","222.5","14.1","20.5","7.6"
"USC00204328","KENTON, MI US","46.4863","-88.8916","355.7","1970-10","191.6","-5.6","23.9","494.3","9.6","16.1","3.1"
"USC00204328","KENTON, MI US","46.4863","-88.8916","355.7","1970-11","191.6","-23.3","13.3","1061.6","-0.6","3.9","-5.1"
"USC00204328","KENTON, MI US","46.4863","-88.8916","355.7","1970-12","191.6","-30.0","9.4","1875.7","-7.9","-2.3","-13.6"
"USW00014817","CADILLAC, MI US","44.2655","-85.3966","394.7","1970-07","123.5","4.4","32.8","27.6","19.8","25.7","13.8"
"USW00014817","CADILLAC, MI US","44.2655","-85.3966","394.7","1970-08","164.0","2.2","29.4","77.6","18.0","25.0","11.0"
"USW00014817","CADILLAC, MI US","44.2655","-85.3966","394.7","1970-09","172.6","-1.7","25.6","231.5","13.5","18.3","8.7"
"USW00014817","CADILLAC, MI US","44.2655","-85.3966","394.7","1970-10","173.4","-3.9","23.3","533.6","8.6","13.0","4.2"
"USW00014817","CADILLAC, MI US","44.2655","-85.3966","394.7","1970-11","173.4","-10.0","12.8","1063.6","0.7","4.0","-2.7"
"USW00014817","CADILLAC, MI US","44.2655","-85.3966","394.7","1970-12","173.4","-23.9","13.3","1790.0","-6.5","-3.4","-9.7"
"USC00204967","LUPTON 1 S, MI US","44.4199","-84.0232","276.8","1970-07","124.8","4.4","35.0","13.9","20.6","28.2","13.0"
"USC00204967","LUPTON 1 S, MI US","44.4199","-84.0232","276.8","1970-08","179.8","2.2","31.7","41.4","19.2","27.8","10.6"
"USC00204967","LUPTON 1 S, MI US","44.4199","-84.0232","276.8","1970-09","198.8","-4.4","30.0","159.6","15.0","21.8","8.3"
"USC00204967","LUPTON 1 S, MI US","44.4199","-84.0232","276.8","1970-10","199.9","-4.4","26.7","416.8","10.1","16.5","3.6"
"USC00204967","LUPTON 1 S, MI US","44.4199","-84.0232","276.8","1970-11","199.9","-11.1","15.6","897.9","2.3","6.8","-2.2"
"USC00204967","LUPTON 1 S, MI US","44.4199","-84.0232","276.8","1970-12","199.9","-25.6","15.6","1608.5","-4.6","0.0","-9.2"
"USC00200647","BEECHWOOD 7 WNW, MI US","46.18333","-88.88333","506.0","1970-07","110.4","5.6","30.6","27.4","19.8","26.7","12.9"
"USC00200647","BEECHWOOD 7 WNW, MI US","46.18333","-88.88333","506.0","1970-08","143.4","2.8","29.4","63.8","18.2","25.4","11.0"
"USC00200647","BEECHWOOD 7 WNW, MI US","46.18333","-88.88333","506.0","1970-09","158.9","-2.2","28.9","216.1","13.8","19.4","8.1"
"USC00200647","BEECHWOOD 7 WNW, MI US","46.18333","-88.88333","506.0","1970-10","158.9","-4.4","22.2","508.9","8.9","14.3","3.4"
"USC00200647","BEECHWOOD 7 WNW, MI US","46.18333","-88.88333","506.0","1970-11","158.9","-15.6","12.8","1089.9","-1.0","2.7","-4.8"
"USC00200647","BEECHWOOD 7 WNW, MI US","46.18333","-88.88333","506.0","1970-12","158.9","-27.8","8.3","1907.8","-8.1","-3.4","-12.7"
"USW00014814","ALPENA WASTEWATER PLANT, MI US","45.0605","-83.428","179.8","1970-07","116.4","10.0","33.3","15.4","20.5","25.4","15.6"
"USW00014814","ALPENA WASTEWATER PLANT, MI US","45.0605","-83.428","179.8","1970-08","179.1","7.8","33.3","40.4","19.6","24.8","14.3"
"USW00014814","ALPENA WASTEWATER PLANT, MI US","45.0605","-83.428","179.8","1970-09","191.1","0.6","28.9","148.8","15.1","19.5","10.7"
"USW00014814","ALPENA WASTEWATER PLANT, MI US","45.0605","-83.428","179.8","1970-10","191.9","0.0","26.1","392.1","10.3","14.1","6.5"
"USW00014814","ALPENA WASTEWATER PLANT, MI US","45.0605","-83.428","179.8","1970-11","191.9","-7.2","15.6","840.7","3.4","6.5","0.3"
"USW00014814","ALPENA WASTEWATER PLANT, MI US","45.0605","-83.428","179.8","1970-12","191.9","-17.8","15.6","1524.7","-3.7","-0.6","-6.9"
"USC00200925","BOYNE FALLS, MI US","45.1672","-84.9138","221.9","1970-07","193.7","5.6","34.4","13.9","21.5","28.9","14.1"
"USC00200925","BOYNE FALLS, MI US","45.1672","-84.9138","221.9","1970-08","268.0","2.8","33.3","41.1","19.9","27.9","11.8"
"USC00200925","BOYNE FALLS, MI US","45.1672","-84.9138","221.9","1970-09","289.7","-1.7","29.4","143.9","15.6","21.8","9.4"
"USC00200925","BOYNE FALLS, MI US","45.1672","-84.9138","221.9","1970-10","292.8","-4.4","26.1","381.2","10.8","16.9","4.7"
"USC00200925","BOYNE FALLS, MI US","45.1672","-84.9138","221.9","1970-11","292.8","-10.6","15.0","865.1","2.2","6.4","-2.0"
"USC00200925","BOYNE FALLS, MI US","45.1672","-84.9138","221.9","1970-12","292.8","-23.9","15.6","1581.8","-4.8","-0.1","-9.4"
"USC00205531","MIO HYDRO PLANT, MI US","44.6613","-84.1316","292.6","1970-07","174.7","6.1","34.4","7.0","21.6","28.7","14.5"
"USC00205531","MIO HYDRO PLANT, MI US","44.6613","-84.1316","292.6","1970-08","243.7","5.0","31.7","25.0","20.0","28.1","12.0"
"USC00205531","MIO HYDRO PLANT, MI US","44.6613","-84.1316","292.6","1970-09","261.3","-2.8","27.2","135.2","15.3","21.4","9.1"
"USC00205531","MIO HYDRO PLANT, MI US","44.6613","-84.1316","292.6","1970-10","263.6","-2.8","25.6","345.1","10.4","16.3","4.5"
"USC00205531","MIO HYDRO PLANT, MI US","44.6613","-84.1316","292.6","1970-11","263.6","-8.9","14.4","803.5","3.1","7.1","-1.1"
"USC00205531","MIO HYDRO PLANT, MI US","44.6613","-84.1316","292.6","1970-12","263.6","-23.9","13.9","1485.0","-4.4","0.1","-8.8"
"USC00204320","KENT CITY 2 SW, MI US","43.2036","-85.7776","247.8","1970-07",,,,,,,
"USC00204320","KENT CITY 2 SW, MI US","43.2036","-85.7776","247.8","1970-08",,,,,,,
"USC00204320","KENT CITY 2 SW, MI US","43.2036","-85.7776","247.8","1970-09",,,,,,,
"USC00204320","KENT CITY 2 SW, MI US","43.2036","-85.7776","247.8","1970-10",,,,,,,
"USC00204320","KENT CITY 2 SW, MI US","43.2036","-85.7776","247.8","1970-11",,,,,,,
"USC00204320","KENT CITY 2 SW, MI US","43.2036","-85.7776","247.8","1970-12",,,,,,,
"USC00200089","ALBERTA FORD FOR CENTER, MI US","46.6448","-88.4812","399.3","1970-07","127.1","3.9","31.7","31.0","20.1","26.5","13.7"
"USC00200089","ALBERTA FORD FOR CENTER, MI US","46.6448","-88.4812","399.3","1970-08","173.0","1.1","31.1","67.4","18.6","25.7","11.6"
"USC00200089","ALBERTA FORD FOR CENTER, MI US","46.6448","-88.4812","399.3","1970-09","191.5","-1.1","29.4","219.5","13.9","19.4","8.4"
"USC00200089","ALBERTA FORD FOR CENTER, MI US","46.6448","-88.4812","399.3","1970-10","191.8","-5.0","22.2","490.5","9.6","15.0","4.2"
"USC00200089","ALBERTA FORD FOR CENTER, MI US","46.6448","-88.4812","399.3","1970-11","191.8","-20.0","11.7","1061.9","-0.7","2.7","-4.1"
"USC00200089","ALBERTA FORD FOR CENTER, MI US","46.6448","-88.4812","399.3","1970-12","191.8","-25.6","8.9","1868.2","-7.7","-3.3","-12.1"
"USC00200485","BARAGA, MI US","46.78333","-88.48333","195.1","1970-07","80.9","4.4","32.8","35.8","19.3","27.3","11.2"
"USC00200485","BARAGA, MI US","46.78333","-88.48333","195.1","1970-08","123.7","1.7","32.2","93.6","17.9","26.1","9.6"
"USC00200485","BARAGA, MI US","46.78333","-88.48333","195.1","1970-09","136.8","-1.7","31.1","257.5","13.3","20.0","6.6"
"USC00200485","BARAGA, MI US","46.78333","-88.48333","195.1","1970-10","136.8","-5.6","23.3","558.7","8.6","15.3","1.9"
"USC00200485","BARAGA, MI US","46.78333","-88.48333","195.1","1970-11","136.8","-20.6","12.8","1117.8","-0.3","4.1","-4.8"
"USC00200485","BARAGA, MI US","46.78333","-88.48333","195.1","1970-12","136.8","-25.6","10.0","1925.4","-7.7","-2.1","-13.4"
"USC00202784","FIFE LAKE 4 SW, MI US","44.55","-85.41667","328.9","1970-07","105.9","4.4","33.9","37.6","19.4","26.3","12.6"
"USC00202784","FIFE LAKE 4 SW, MI US","44.55","-85.41667","328.9","1970-08","142.4","3.3","30.0","92.0","17.8","25.3","10.2"
"USC00202784","FIFE LAKE 4 SW, MI US","44.55","-85.41667","328.9","1970-09","151.9","-2.2","26.7","237.0","13.7","19.1","8.2"
"USC00202784","FIFE LAKE 4 SW, MI US","44.55","-85.41667","328.9","1970-10","154.2","-6.7","25.6","533.1","8.9","14.4","3.3"
"USC00202784","FIFE LAKE 4 SW, MI US","44.55","-85.41667","328.9","1970-11","154.2","-12.2","15.0","1042.7","0.6","4.9","-3.6"
"USC00202784","FIFE LAKE 4 SW, MI US","44.55","-85.41667","328.9","1970-12","154.2","-20.0","16.1","1781.8","-5.5","-1.5","-9.5"
"USC00201299","CARO WWTP, MI US","43.4838","-83.3919","210.3","1970-07","227.6","7.8","33.9","6.1","22.1","28.5","15.6"
"USC00201299","CARO WWTP, MI US","43.4838","-83.3919","210.3","1970-08","320.3","6.7","32.2","14.1","21.1","28.3","13.8"
"USC00201299","CARO WWTP, MI US","43.4838","-83.3919","210.3","1970-09","363.7","-0.6","31.7","92.4","17.2","23.0","11.4"
"USC00201299","CARO WWTP, MI US","43.4838","-83.3919","210.3","1970-10","368.1","-2.2","26.1","297.8","11.9","17.6","6.1"
"USC00201299","CARO WWTP, MI US","43.4838","-83.3919","210.3","1970-11","368.1","-7.8","15.6","718.3","4.3","8.0","0.7"
"USC00201299","CARO WWTP, MI US","43.4838","-83.3919","210.3","1970-12","368.1","-24.4","17.8","1380.4","-3.0","1.3","-7.4"
"USC00203632","HART 3 WSW, MI US","43.6751","-86.4228","236.2","1970-07","217.9","7.8","32.8","6.9","22.0","27.8","16.2"
"USC00203632","HART 3 WSW, MI US","43.6751","-86.4228","236.2","1970-08","303.9","7.2","31.1","15.7","20.8","27.3","14.4"
"USC00203632","HART 3 WSW, MI US","43.6751","-86.4228","236.2","1970-09","336.6","1.7","29.4","95.0","16.8","22.0","11.6"
"USC00203632","HART 3 WSW, MI US","43.6751","-86.4228","236.2","1970-10","341.3","-0.6","23.3","291.1","12.2","17.0","7.4"
"USC00203632","HART 3 WSW, MI US","43.6751","-86.4228","236.2","1970-11","341.3","-12.2","15.0","727.1","3.8","7.7","-0.1"
"USC00203632","HART 3 WSW, MI US","43.6751","-86.4228","236.2","1970-12","341.3","-13.3","15.0","1371.8","-2.5","1.3","-6.2"
"USC00208800","WEST BRANCH 3 SE, MI US","44.2541","-84.2011","269.7","1970-07","149.3","7.8","31.7","10.9","21.1","27.3","14.8"
"USC00208800","WEST BRANCH 3 SE, MI US","44.2541","-84.2011","269.7","1970-08","216.0","5.6","30.6","31.7","19.8","26.3","13.4"
"USC00208800","WEST BRANCH 3 SE, MI US","44.2541","-84.2011","269.7","1970-09","234.9","-2.2","29.4","140.1","15.4","20.9","9.8"
"USC00208800","WEST BRANCH 3 SE, MI US","44.2541","-84.2011","269.7","1970-10","235.2","-1.7","25.0","394.7","10.1","15.3","4.9"
"USC00208800","WEST BRANCH 3 SE, MI US","44.2541","-84.2011","269.7","1970-11","235.2","-11.1","15.0","870.0","2.5","6.3","-1.3"
"USC00208800","WEST BRANCH 3 SE, MI US","44.2541","-84.2011","269.7","1970-12","235.2","-20.0","15.0","1569.9","-4.2","-0.5","-8.0"
"USC00202423","EAST TAWAS, MI US","44.2838","-83.5036","178.6","1970-07",,"8.9","32.8","11.3","20.9","26.5","15.2"
"USC00202423","EAST TAWAS, MI US","44.2838","-83.5036","178.6","1970-08",,"5.0","33.3","25.7","20.5","27.4","13.6"
"USC00202423","EAST TAWAS, MI US","44.2838","-83.5036","178.6","1970-09",,"-1.1","30.6","131.2","15.7","21.4","10.1"
"USC00202423","EAST TAWAS, MI US","44.2838","-83.5036","178.6","1970-10",,"-1.7","26.1","362.9","10.9","16.2","5.6"
"USC00202423","EAST TAWAS, MI US","44.2838","-83.5036","178.6","1970-11",,"-7.8","13.9","806.0","3.6","8.0","-0.9"
"USC00202423","EAST TAWAS, MI US","44.2838","-83.5036","178.6","1970-12",,"-19.4","15.0","1441.3","-2.8","1.3","-6.9"
"USC00207690","SOUTH HAVEN, MI US","42.4014","-86.2826","179.8","1970-07","229.2","7.2","32.2","9.2","22.0","27.1","16.9"
"USC00207690","SOUTH HAVEN, MI US","42.4014","-86.2826","179.8","1970-08","329.6","9.4","30.6","12.6","21.5","27.4","15.6"
"USC00207690","SOUTH HAVEN, MI US","42.4014","-86.2826","179.8","1970-09","374.6","2.2","31.1","72.9","17.8","23.5","12.1"
"USC00207690","SOUTH HAVEN, MI US","42.4014","-86.2826","179.8","1970-10","380.2","0.0","26.7","243.7","13.0","18.5","7.5"
"USC00207690","SOUTH HAVEN, MI US","42.4014","-86.2826","179.8","1970-11","380.2","-9.4","17.2","654.6","4.6","8.5","0.8"
"USC00207690","SOUTH HAVEN, MI US","42.4014","-86.2826","179.8","1970-12","380.2","-18.9","18.3","1241.2","-0.6","3.8","-5.0"
"USC00203096","GAYLORD, MI US","45.0332","-84.7113","401.7","1970-07","160.2","6.1","32.8","16.4","20.9","27.2","14.6"
"USC00203096","GAYLORD, MI US","45.0332","-84.7113","401.7","1970-08","221.5","5.0","31.1","44.0","19.4","26.2","12.7"
"USC00203096","GAYLORD, MI US","45.0332","-84.7113","401.7","1970-09","237.2","-2.2","27.2","159.9","15.0","20.4","9.6"
"USC00203096","GAYLORD, MI US","45.0332","-84.7113","401.7","1970-10","240.3","-2.2","26.7","419.4","10.1","15.0","5.1"
"USC00203096","GAYLORD, MI US","45.0332","-84.7113","401.7","1970-11","240.3","-10.0","13.3","924.1","1.5","4.8","-1.8"
"USC00203096","GAYLORD, MI US","45.0332","-84.7113","401.7","1970-12","240.3","-22.2","11.1","1657.2","-5.3","-1.9","-8.8"
"USW00094860","GRAND RAPIDS GERALD R FORD INTERNATIONAL AIRPORT, MI US","42.8821","-85.52297","240.3","1970-07","231.4","7.2","32.8","7.7","22.3","28.0","16.6"
"USW00094860","GRAND RAPIDS GERALD R FORD INTERNATIONAL AIRPORT, MI US","42.8821","-85.52297","240.3","1970-08","327.6","7.8","32.2","17.5","21.1","27.6","14.6"
"USW00094860","GRAND RAPIDS GERALD R FORD INTERNATIONAL AIRPORT, MI US","42.8821","-85.52297","240.3","1970-09","357.3","0.6","31.7","102.8","16.5","22.1","10.9"
"USW00094860","GRAND RAPIDS GERALD R FORD INTERNATIONAL AIRPORT, MI US","42.8821","-85.52297","240.3","1970-10","360.4","-1.1","25.6","326.9","11.2","16.4","5.9"
"USW00094860","GRAND RAPIDS GERALD R FORD INTERNATIONAL AIRPORT, MI US","42.8821","-85.52297","240.3","1970-11","360.4","-12.2","17.2","773.3","3.4","6.9","0.0"
"USW00094860","GRAND RAPIDS GERALD R FORD INTERNATIONAL AIRPORT, MI US","42.8821","-85.52297","240.3","1970-12","360.4","-21.1","18.3","1450.5","-3.5","0.6","-7.6"
"USW00014833","JACKSON REYNOLDS FIELD, MI US","42.26373","-84.45644","295.9","1970-07","317.0","9.4","35.0","6.4","23.2","28.4","17.9"
"USW00014833","JACKSON REYNOLDS FIELD, MI US","42.26373","-84.45644","295.9","1970-08","445.7","8.9","33.3","13.3","22.3","28.8","15.8"
"USW00014833","JACKSON REYNOLDS FIELD, MI US","42.26373","-84.45644","295.9","1970-09","502.4","1.1","32.2","76.1","18.1","23.8","12.4"
"USW00014833","JACKSON REYNOLDS FIELD, MI US","42.26373","-84.45644","295.9","1970-10","507.6","-0.6","26.1","275.5","12.1","17.3","6.8"
"USW00014833","JACKSON REYNOLDS FIELD, MI US","42.26373","-84.45644","295.9","1970-11","507.6","-9.4","18.3","704.2","4.0","7.4","0.7"
"USW00014833","JACKSON REYNOLDS FIELD, MI US","42.26373","-84.45644","295.9","1970-12","507.6","-20.0","18.3","1376.8","-3.4","0.9","-7.7"
"USC00203769","HESPERIA 4 WNW, MI US","43.5908","-86.1056","237.7","1970-07","187.3","5.6","33.3","10.1","21.6","28.6","14.5"
"USC00203769","HESPERIA 4 WNW, MI US","43.5908","-86.1056","237.7","1970-08","253.1","5.0","31.1","32.8","19.7","27.3","12.2"
"USC00203769","HESPERIA 4 WNW, MI US","43.5908","-86.1056","237.7","1970-09","275.3","-2.8","28.9","132.9","15.7","21.7","9.8"
"USC00203769","HESPERIA 4 WNW, MI US","43.5908","-86.1056","237.7","1970-10","276.4","0.0","24.4","358.0","11.1","15.9","6.3"
"USC00203769","HESPERIA 4 WNW, MI US","43.5908","-86.1056","237.7","1970-11","276.4","-10.0","15.0","824.3","2.8","6.5","-0.9"
"USC00203769","HESPERIA 4 WNW, MI US","43.5908","-86.1056","237.7","1970-12","276.4","-16.1","15.6","1498.4","-3.4","0.0","-6.8"
"USC00202437","EATON RAPIDS, MI US","42.518","-84.6521","265.2","1970-07",,,,,,,
"USC00202437","EATON RAPIDS, MI US","42.518","-84.6521","265.2","1970-08",,,,,,,
"USC00202437","EATON RAPIDS, MI US","42.518","-84.6521","265.2","1970-09",,,,,,,
"USC00202437","EATON RAPIDS, MI US","42.518","-84.6521","265.2","1970-10",,,,,,,
"USC00202437","EATON RAPIDS, MI US","42.518","-84.6521","265.2","1970-11",,,,,,,
"USC00202437","EATON RAPIDS, MI US","42.518","-84.6521","265.2","1970-12",,,,,,,
"USC00201468","CHARLEVOIX, MI US","45.3172","-85.2672","180.7","1970-07",,,,,,,
"USC00201468","CHARLEVOIX, MI US","45.3172","-85.2672","180.7","1970-08",,,,,,,
"USC00201468","CHARLEVOIX, MI US","45.3172","-85.2672","180.7","1970-09",,,,,,,
"USC00201468","CHARLEVOIX, MI US","45.3172","-85.2672","180.7","1970-10",,,,,,,
"USC00201468","CHARLEVOIX, MI US","45.3172","-85.2672","180.7","1970-11",,,,,,,
"USC00201468","CHARLEVOIX, MI US","45.3172","-85.2672","180.7","1970-12",,,,,,,
"USW00014828","GLADWIN, MI US","43.9758","-84.4908","236.2","1970-07","199.0","10.0","33.9","7.5","22.2","28.1","16.4"
"USW00014828","GLADWIN, MI US","43.9758","-84.4908","236.2","1970-08","268.6","6.1","32.2","28.0","19.9","27.3","12.5"
"USW00014828","GLADWIN, MI US","43.9758","-84.4908","236.2","1970-09","288.4","-1.7","29.4","134.4","15.4","21.8","9.1"
"USW00014828","GLADWIN, MI US","43.9758","-84.4908","236.2","1970-10","289.3","-3.9","27.8","396.0","9.9","16.4","3.5"
"USW00014828","GLADWIN, MI US","43.9758","-84.4908","236.2","1970-11","289.3","-10.0","15.6","865.2","2.7","7.4","-2.0"
"USW00014828","GLADWIN, MI US","43.9758","-84.4908","236.2","1970-12","289.3","-22.8","16.7","1557.4","-4.0","0.6","-8.6"
"USC00200779","BIG RAPIDS WATER TREATMENT PLANT, MI US","43.7072","-85.4819","273.7","1970-07","196.9","7.2","34.4","9.6","21.8","28.3","15.4"
"USC00200779","BIG RAPIDS WATER TREATMENT PLANT, MI US","43.7072","-85.4819","273.7","1970-08","272.0","6.1","32.8","23.4","20.3","27.7","12.9"
"USC00200779","BIG RAPIDS WATER TREATMENT PLANT, MI US","43.7072","-85.4819","273.7","1970-09","294.7","-0.6","29.4","128.2","15.6","21.4","9.8"
"USC00200779","BIG RAPIDS WATER TREATMENT PLANT, MI US","43.7072","-85.4819","273.7","1970-10","294.7","-2.2","25.6","377.4","10.3","15.9","4.7"
"USC00200779","BIG RAPIDS WATER TREATMENT PLANT, MI US","43.7072","-85.4819","273.7","1970-11","294.7","-10.0","14.4","833.9","3.1","6.9","-0.6"
"USC00200779","BIG RAPIDS WATER TREATMENT PLANT, MI US","43.7072","-85.4819","273.7","1970-12","294.7","-20.6","17.2","1524.2","-3.9","0.5","-8.4"
"USC00200417","BAD AXE, MI US","43.808","-82.9938","217.9","1970-07","226.7","9.4","31.1","3.4","22.1","27.9","16.3"
"USC00200417","BAD AXE, MI US","43.808","-82.9938","217.9","1970-08","329.8","8.9","31.7","12.0","21.4","27.7","15.1"
"USC00200417","BAD AXE, MI US","43.808","-82.9938","217.9","1970-09","369.5","1.7","30.6","81.8","17.3","22.6","12.1"
"USC00200417","BAD AXE, MI US","43.808","-82.9938","217.9","1970-10","375.0","0.0","26.1","281.8","12.1","17.0","7.1"
"USC00200417","BAD AXE, MI US","43.808","-82.9938","217.9","1970-11","375.0","-7.8","15.0","691.6","4.7","7.9","1.5"
"USC00200417","BAD AXE, MI US","43.808","-82.9938","217.9","1970-12","375.0","-17.8","17.2","1318.8","-1.9","1.5","-5.3"
"USW00014826","FLINT FCWOS, MI US","42.96684","-83.74996","234.8","1970-07","189.8","7.8","31.7","11.6","21.3","26.2","16.4"
"USW00014826","FLINT FCWOS, MI US","42.96684","-83.74996","234.8","1970-08","271.5","7.2","31.1","27.5","20.4","26.8","14.1"
"USW00014826","FLINT FCWOS, MI US","42.96684","-83.74996","234.8","1970-09","302.4","0.6","29.4","114.8","16.4","21.4","11.5"
"USW00014826","FLINT FCWOS, MI US","42.96684","-83.74996","234.8","1970-10","304.0","-1.1","23.9","338.2","11.2","16.0","6.4"
"USW00014826","FLINT FCWOS, MI US","42.96684","-83.74996","234.8","1970-11","304.0","-8.3","15.6","765.1","4.1","7.2","1.0"
"USW00014826","FLINT FCWOS, MI US","42.96684","-83.74996","234.8","1970-12","304.0","-21.1","17.2","1423.0","-2.9","0.9","-6.6"
"USC00203529","HALE LOUD DAM, MI US","44.4633","-83.7216","221.9","1970-07","144.0","8.3","31.7","7.4","20.9","27.4","14.6"
"USC00203529","HALE LOUD DAM, MI US","44.4633","-83.7216","221.9","1970-08","206.6","7.2","31.1","28.2","19.7","26.7","12.6"
"USC00203529","HALE LOUD DAM, MI US","44.4633","-83.7216","221.9","1970-09","227.2","-2.8","30.0","132.5","15.5","21.7","9.4"
"USC00203529","HALE LOUD DAM, MI US","44.4633","-83.7216","221.9","1970-10","227.2","-3.9","25.0","386.9","10.1","15.9","4.4"
"USC00203529","HALE LOUD DAM, MI US","44.4633","-83.7216","221.9","1970-11","227.2","-8.9","13.9","853.2","2.8","6.6","-1.0"
"USC00203529","HALE LOUD DAM, MI US","44.4633","-83.7216","221.9","1970-12","227.2","-22.2","14.4","1557.9","-4.4","0.1","-8.9"
"USC00202671","EVART, MI US","43.91667","-85.26667","312.4","1970-07","158.4","6.1","35.0","7.6","21.4","28.3","14.4"
"USC00202671","EVART, MI US","43.91667","-85.26667","312.4","1970-08","221.3","3.3","31.7","26.8","19.7","27.5","12.0"
"USC00202671","EVART, MI US","43.91667","-85.26667","312.4","1970-09","243.5","-2.8","28.3","131.3","15.6","21.7","9.4"
"USC00202671","EVART, MI US","43.91667","-85.26667","312.4","1970-10","243.5","-4.4","24.4","382.2","10.2","15.9","4.6"
"USC00202671","EVART, MI US","43.91667","-85.26667","312.4","1970-11","243.5","-10.6","13.9","848.2","2.8","6.8","-1.2"
"USC00202671","EVART, MI US","43.91667","-85.26667","312.4","1970-12","243.5","-21.7","16.1","1539.0","-3.9","-0.1","-7.8"
"USC00208417","VANDERBILT 11 ENE, MI US","45.1702","-84.4397","275.8","1970-07",,,,,,,
"USC00208417","VANDERBILT 11 ENE, MI US","45.1702","-84.4397","275.8","1970-08",,,,,,,
"USC00208417","VANDERBILT 11 ENE, MI US","45.1702","-84.4397","275.8","1970-09",,,,,,,
"USC00208417","VANDERBILT 11 ENE, MI US","45.1702","-84.4397","275.8","1970-10",,"-5.6","24.4",,"9.1","14.9","3.3"
"USC00208417","VANDERBILT 11 ENE, MI US","45.1702","-84.4397","275.8","1970-11",,"-10.6","12.2",,"1.0","4.8","-2.9"
"USC00208417","VANDERBILT 11 ENE, MI US","45.1702","-84.4397","275.8","1970-12",,"-29.4","12.8",,"-6.1","-1.6","-10.7"
"USC00202395","EAST LANSING 4 S, MI US","42.67417","-84.485","268.2","1970-07","236.5","8.9","33.3","7.5","22.3","27.8","16.8"
"USC00202395","EAST LANSING 4 S, MI US","42.67417","-84.485","268.2","1970-08","338.2","8.9","31.7","9.7","21.5","28.1","15.0"
"USC00202395","EAST LANSING 4 S, MI US","42.67417","-84.485","268.2","1970-09","388.2","1.1","30.6","74.3","17.9","23.6","12.1"
"USC00202395","EAST LANSING 4 S, MI US","42.67417","-84.485","268.2","1970-10","391.5","-1.1","26.1","273.3","12.0","17.4","6.6"
"USC00202395","EAST LANSING 4 S, MI US","42.67417","-84.485","268.2","1970-11","391.5","-9.4","17.8","698.4","4.2","7.8","0.6"
"USC00202395","EAST LANSING 4 S, MI US","42.67417","-84.485","268.2","1970-12","391.5","-20.6","18.9","1345.3","-2.5","1.7","-6.7"
"USC00200770","BIG BAY 1 NW, MI US","46.8325","-87.7504","233.2","1970-07","122.6","7.8","32.2","23.3","20.3","25.9","14.8"
"USC00200770","BIG BAY 1 NW, MI US","46.8325","-87.7504","233.2","1970-08","187.6","6.7","31.7","43.8","19.8","25.5","14.1"
"USC00200770","BIG BAY 1 NW, MI US","46.8325","-87.7504","233.2","1970-09","214.3","2.2","29.4","176.0","14.8","19.3","10.4"
"USC00200770","BIG BAY 1 NW, MI US","46.8325","-87.7504","233.2","1970-10","216.0","-3.3","24.4","412.9","10.7","16.4","5.1"
"USC00200770","BIG BAY 1 NW, MI US","46.8325","-87.7504","233.2","1970-11","216.0","-8.3","13.9","910.8","1.7","4.9","-1.4"
"USC00200770","BIG BAY 1 NW, MI US","46.8325","-87.7504","233.2","1970-12","216.0","-18.9","10.0","1623.0","-4.6","-1.1","-8.2"
"USC00205662","CENTRAL MICHIGAN UNIVERSITY, MI US","43.5859","-84.7694","242.3","1970-07","226.9","8.9","35.0","3.6","22.4","28.9","15.9"
"USC00205662","CENTRAL MICHIGAN UNIVERSITY, MI US","43.5859","-84.7694","242.3","1970-08","334.6","6.7","32.2","9.1","21.6","28.8","14.4"
"USC00205662","CENTRAL MICHIGAN UNIVERSITY, MI US","43.5859","-84.7694","242.3","1970-09","373.4","1.1","30.0","87.6","17.0","22.7","11.3"
"USC00205662","CENTRAL MICHIGAN UNIVERSITY, MI US","43.5859","-84.7694","242.3","1970-10","375.1","-1.7","25.6","297.0","11.6","17.0","6.3"
"USC00205662","CENTRAL MICHIGAN UNIVERSITY, MI US","43.5859","-84.7694","242.3","1970-11","375.1","-10.0","15.0","735.3","3.7","7.5","-0.1"
"USC00205662","CENTRAL MICHIGAN UNIVERSITY, MI US","43.5859","-84.7694","242.3","1970-12","375.1","-20.0","18.3","1397.4","-3.0","1.1","-7.2"
"USC00208034","NORTHPORT NUMBER 2, MI US","45.11667","-85.61667","220.1","1970-07",,,,,,,
"USC00208034","NORTHPORT NUMBER 2, MI US","45.11667","-85.61667","220.1","1970-08",,,,,,,
"USC00208034","NORTHPORT NUMBER 2, MI US","45.11667","-85.61667","220.1","1970-09",,,,,,,
"USC00208034","NORTHPORT NUMBER 2, MI US","45.11667","-85.61667","220.1","1970-10",,,,,,,
"USC00208034","NORTHPORT NUMBER 2, MI US","45.11667","-85.61667","220.1","1970-11",,,,,,,
"USC00208034","NORTHPORT NUMBER 2, MI US","45.11667","-85.61667","220.1","1970-12",,,,,,,
"USC00207068","ROCK 1 E, MI US","46.06667","-87.15","286.5","1970-07",,,,,,,
"USC00207068","ROCK 1 E, MI US","46.06667","-87.15","286.5","1970-08",,,,,,,
"USC00207068","ROCK 1 E, MI US","46.06667","-87.15","286.5","1970-09",,,,,,,
"USC00207068","ROCK 1 E, MI US","46.06667","-87.15","286.5","1970-10",,,,,,,
"USC00207068","ROCK 1 E, MI US","46.06667","-87.15","286.5","1970-11",,,,,,,
"USC00207068","ROCK 1 E, MI US","46.06667","-87.15","286.5","1970-12",,,,,,,
"USW00014845","SAGINAW MBS INTERNATIONAL AIRPORT, MI US","43.52808","-84.08133","201.7","1970-07","231.9","10.0","34.4","3.9","22.7","28.0","17.3"
"USW00014845","SAGINAW MBS INTERNATIONAL AIRPORT, MI US","43.52808","-84.08133","201.7","1970-08","341.5","8.3","32.2","13.9","21.6","27.8","15.3"
"USW00014845","SAGINAW MBS INTERNATIONAL AIRPORT, MI US","43.52808","-84.08133","201.7","1970-09","376.9","2.2","31.1","86.3","17.1","21.9","12.3"
"USW00014845","SAGINAW MBS INTERNATIONAL AIRPORT, MI US","43.52808","-84.08133","201.7","1970-10","382.2","-2.2","26.7","288.6","12.0","16.6","7.3"
"USW00014845","SAGINAW MBS INTERNATIONAL AIRPORT, MI US","43.52808","-84.08133","201.7","1970-11","382.2","-7.8","15.6","707.4","4.4","7.5","1.2"
"USW00014845","SAGINAW MBS INTERNATIONAL AIRPORT, MI US","43.52808","-84.08133","201.7","1970-12","382.2","-17.8","17.8","1368.5","-3.0","0.6","-6.6"
"USW00014841","PELLSTON REGIONAL AIRPORT, MI US","45.5644","-84.79291","215.3","1970-07","131.3","5.0","32.8","16.1","20.9","27.7","14.0"
"USW00014841","PELLSTON REGIONAL AIRPORT, MI US","45.5644","-84.79291","215.3","1970-08","182.1","3.9","32.2","55.4","18.7","26.5","10.9"
"USW00014841","PELLSTON REGIONAL AIRPORT, MI US","45.5644","-84.79291","215.3","1970-09","195.7","-3.3","29.4","200.4","13.9","20.3","7.6"
"USW00014841","PELLSTON REGIONAL AIRPORT, MI US","45.5644","-84.79291","215.3","1970-10","199.0","-5.6","26.7","466.3","9.9","16.0","3.7"
"USW00014841","PELLSTON REGIONAL AIRPORT, MI US","45.5644","-84.79291","215.3","1970-11","199.0","-12.2","13.3","966.6","1.7","5.9","-2.6"
"USW00014841","PELLSTON REGIONAL AIRPORT, MI US","45.5644","-84.79291","215.3","1970-12","199.0","-27.8","14.4","1723.4","-6.1","-1.2","-10.9"
"USW00014840","MUSKEGON CO AIRPORT, MI US","43.17111","-86.23685","190.3","1970-07","216.6","8.9","31.7","6.1","21.9","27.1","16.8"
"USW00014840","MUSKEGON CO AIRPORT, MI US","43.17111","-86.23685","190.3","1970-08","302.9","7.2","32.8","18.1","20.7","26.8","14.7"
"USW00014840","MUSKEGON CO AIRPORT, MI US","43.17111","-86.23685","190.3","1970-09","332.0","2.2","31.1","101.1","16.5","21.4","11.6"
"USW00014840","MUSKEGON CO AIRPORT, MI US","43.17111","-86.23685","190.3","1970-10","335.3","-1.1","23.9","307.7","11.8","16.4","7.1"
"USW00014840","MUSKEGON CO AIRPORT, MI US","43.17111","-86.23685","190.3","1970-11","335.3","-8.9","15.6","734.4","4.1","7.4","0.8"
"USW00014840","MUSKEGON CO AIRPORT, MI US","43.17111","-86.23685","190.3","1970-12","335.3","-17.2","15.6","1382.2","-2.6","1.1","-6.2"
"USC00203932","HOUGHTON LAKE 6 WSW, MI US","44.3119","-84.8922","345.9","1970-07","159.1","6.7","33.3","5.9","21.2","27.8","14.6"
"USC00203932","HOUGHTON LAKE 6 WSW, MI US","44.3119","-84.8922","345.9","1970-08","227.5","2.8","31.1","33.5","19.6","26.6","12.7"
"USC00203932","HOUGHTON LAKE 6 WSW, MI US","44.3119","-84.8922","345.9","1970-10",,"-4.4","25.0",,"9.9","15.1","4.8"
"USC00203932","HOUGHTON LAKE 6 WSW, MI US","44.3119","-84.8922","345.9","1970-11",,,"13.9",,,"6.4",
"USC00203932","HOUGHTON LAKE 6 WSW, MI US","44.3119","-84.8922","345.9","1970-12",,"-25.0","15.6",,"-5.0","-0.7","-9.2"
"USW00014838","MARQUETTE, MI US","46.5458","-87.3795","186.8","1970-07","132.6","8.9","34.4","27.8","20.5","25.5","15.5"
"USW00014838","MARQUETTE, MI US","46.5458","-87.3795","186.8","1970-08","206.2","8.9","32.2","54.3","19.9","24.4","15.3"
"USW00014838","MARQUETTE, MI US","46.5458","-87.3795","186.8","1970-09","229.9","2.2","29.4","181.8","14.9","19.0","10.7"
"USW00014838","MARQUETTE, MI US","46.5458","-87.3795","186.8","1970-10","233.3","0.0","25.6","432.2","10.4","14.6","6.1"
"USW00014838","MARQUETTE, MI US","46.5458","-87.3795","186.8","1970-11","233.3","-8.3","14.4","928.5","1.8","4.5","-0.9"
"USW00014838","MARQUETTE, MI US","46.5458","-87.3795","186.8","1970-12","233.3","-15.6","9.4","1632.8","-4.4","-1.7","-7.1"
"USW00014836","LANSING CAPITAL CITY AIRPORT, MI US","42.77609","-84.59972","261.2","1970-07","197.5","6.7","33.3","15.5","21.2","26.7","15.7"
"USW00014836","LANSING CAPITAL CITY AIRPORT, MI US","42.77609","-84.59972","261.2","1970-08","269.6","7.2","32.2","33.7","20.1","27.0","13.1"
"USW00014836","LANSING CAPITAL CITY AIRPORT, MI US","42.77609","-84.59972","261.2","1970-09","301.9","0.0","31.1","124.0","16.4","22.2","10.6"
"USW00014836","LANSING CAPITAL CITY AIRPORT, MI US","42.77609","-84.59972","261.2","1970-10","304.1","-2.2","25.6","354.1","11.0","16.4","5.5"
"USW00014836","LANSING CAPITAL CITY AIRPORT, MI US","42.77609","-84.59972","261.2","1970-11","304.1","-9.4","17.2","785.9","3.9","7.3","0.6"
"USW00014836","LANSING CAPITAL CITY AIRPORT, MI US","42.77609","-84.59972","261.2","1970-12","304.1","-22.8","18.3","1460.7","-3.4","1.1","-7.9"
"USC00205434","MIDLAND, MI US","43.6088","-84.2011","195.1","1970-10",,"-3.3","26.7",,"11.8","17.5","6.1"
"USC00205434","MIDLAND, MI US","43.6088","-84.2011","195.1","1970-11",,"-7.8","15.6",,"4.0","7.9","0.1"
"USC00205434","MIDLAND, MI US","43.6088","-84.2011","195.1","1970-12",,"-21.1","15.0",,"-2.7","1.2","-6.5"
"USC00207217","SAGINAW CON POWER CO, MI US","43.45","-83.96667","182.9","1970-07","285.5","8.9","34.4","2.5","23.2","29.2","17.3"
"USC00207217","SAGINAW CON POWER CO, MI US","43.45","-83.96667","182.9","1970-08","415.9","8.9","33.3","4.7","22.5","29.0","15.9"
"USC00207217","SAGINAW CON POWER CO, MI US","43.45","-83.96667","182.9","1970-09","469.3","1.1","31.1","63.2","18.2","23.3","13.1"
"USC00207217","SAGINAW CON POWER CO, MI US","43.45","-83.96667","182.9","1970-10","476.7","-1.1","26.1","245.5","12.7","17.9","7.5"
"USC00207217","SAGINAW CON POWER CO, MI US","43.45","-83.96667","182.9","1970-11","476.7","-8.3","16.1","653.9","4.7","8.3","1.1"
"USC00207217","SAGINAW CON POWER CO, MI US","43.45","-83.96667","182.9","1970-12","476.7","-17.2","17.8","1287.9","-2.1","1.7","-6.0"
"USC00201476","CHARLOTTE, MI US","42.5499","-84.825","274.9","1970-07","211.6","5.0","33.9","11.4","21.7","28.4","14.9"
"USC00201476","CHARLOTTE, MI US","42.5499","-84.825","274.9","1970-08","293.0","6.1","32.8","25.9","20.5","28.5","12.5"
"USC00201476","CHARLOTTE, MI US","42.5499","-84.825","274.9","1970-09","337.7","-1.7","31.7","106.5","17.1","23.7","10.6"
"USC00201476","CHARLOTTE, MI US","42.5499","-84.825","274.9","1970-10","338.8","-3.9","26.7","318.2","11.5","17.4","5.7"
"USC00201476","CHARLOTTE, MI US","42.5499","-84.825","274.9","1970-11","338.8","-12.8","17.8","770.1","3.3","7.3","-0.7"
"USC00201476","CHARLOTTE, MI US","42.5499","-84.825","274.9","1970-12",,"-22.2",,,,,"-7.8"
"USC00204502","LAKE CITY EXPERIMENTAL FARM, MI US","44.3088","-85.205","374.9","1970-07","140.4","6.7","31.7","9.6","21.0","27.7","14.3"
"USC00204502","LAKE CITY EXPERIMENTAL FARM, MI US","44.3088","-85.205","374.9","1970-08","211.2","3.3","31.7","29.1","20.0","27.9","12.1"
"USC00204502","LAKE CITY EXPERIMENTAL FARM, MI US","44.3088","-85.205","374.9","1970-09","231.5","-2.2","27.8","133.0","15.6","21.2","9.9"
"USC00204502","LAKE CITY EXPERIMENTAL FARM, MI US","44.3088","-85.205","374.9","1970-10","233.2","-2.8","25.0","386.3","10.2","15.5","4.9"
"USC00204502","LAKE CITY EXPERIMENTAL FARM, MI US","44.3088","-85.205","374.9","1970-11","233.2","-9.4","14.4","885.2","1.7","5.4","-1.9"
"USC00204502","LAKE CITY EXPERIMENTAL FARM, MI US","44.3088","-85.205","374.9","1970-12","233.2","-24.4","15.6","1586.4","-5.0","-0.8","-9.3"
"USC00205558","MONROE, MI US","41.91389","-83.39417","179.8","1970-07","267.5","10.6","35.0","3.6","22.8","28.0","17.6"
"USC00205558","MONROE, MI US","41.91389","-83.39417","179.8","1970-08","405.7","11.7","33.3","4.5","22.8","28.4","17.2"
"USC00205558","MONROE, MI US","41.91389","-83.39417","179.8","1970-09","469.3","2.2","32.8","50.3","18.9","24.1","13.7"
"USC00205558","MONROE, MI US","41.91389","-83.39417","179.8","1970-10","473.8","0.0","27.8","227.5","12.8","17.6","7.9"
"USC00205558","MONROE, MI US","41.91389","-83.39417","179.8","1970-11","473.8","-10.0","15.6","637.8","4.7","8.1","1.3"
"USC00205558","MONROE, MI US","41.91389","-83.39417","179.8","1970-12","473.8","-12.8","16.7","1231.3","-0.8","3.0","-4.6"
"USC00205436","MIDLAND NUMBER 2, MI US","43.595","-84.23611","196.6","1970-07","251.5","9.4","33.9","6.1","22.6","28.1","17.1"
"USC00205436","MIDLAND NUMBER 2, MI US","43.595","-84.23611","196.6","1970-08","366.4","7.8","32.8","16.4","21.7","28.0","15.4"
"USC00205436","MIDLAND NUMBER 2, MI US","43.595","-84.23611","196.6","1970-09","405.0","0.6","32.2","93.8","17.0","22.2","11.9"
"USC00202445","EAU CLAIRE 4 NE, MI US","42.0153","-86.243","256.0","1970-07","299.7","10.6","35.6","4.4","23.1","28.6","17.5"
"USC00202445","EAU CLAIRE 4 NE, MI US","42.0153","-86.243","256.0","1970-08","428.8","10.6","33.3","7.4","22.4","28.0","16.8"
"USC00202445","EAU CLAIRE 4 NE, MI US","42.0153","-86.243","256.0","1970-09","479.6","3.3","31.7","55.9","18.4","23.8","13.1"
"USC00202445","EAU CLAIRE 4 NE, MI US","42.0153","-86.243","256.0","1970-10","482.7","1.7","26.7","218.5","13.2","17.9","8.5"
"USC00202445","EAU CLAIRE 4 NE, MI US","42.0153","-86.243","256.0","1970-11","482.7","-11.1","15.6","649.8","4.0","7.5","0.4"
"USC00202445","EAU CLAIRE 4 NE, MI US","42.0153","-86.243","256.0","1970-12","482.7","-14.4","19.4","1229.3","-1.0","2.7","-4.7"
