"STATION","NAME","LATITUDE","LONGITUDE","ELEVATION","DATE","CDSD","EMNT","EMXT","HDSD","TAVG","TMAX","TMIN"
"USC00205690","MUNISING, MI US","46.4121","-86.6625","207.3","2000-01","0.0","-20.0","2.2","2524.8","-7.8","-3.9","-11.7"
"USC00205690","MUNISING, MI US","46.4121","-86.6625","207.3","2000-02","0.0","-19.4","10.6","3203.4","-5.1","-0.5","-9.6"
"USC00205690","MUNISING, MI US","46.4121","-86.6625","207.3","2000-03","0.0","-10.6","21.1","3736.3","1.1","5.2","-2.9"
"USC00205690","MUNISING, MI US","46.4121","-86.6625","207.3","2000-04","0.0","-6.1","20.6","4194.2","3.1","7.4","-1.2"
"USC00205690","MUNISING, MI US","46.4121","-86.6625","207.3","2000-05","3.9","-1.7","29.4","4418.4","11.2","17.3","5.1"
"USC00205690","MUNISING, MI US","46.4121","-86.6625","207.3","2000-06","5.5","4.4","28.3","4540.0","14.3","19.4","9.3"
"USC00203391","GRAYLING, MI US","44.64536","-84.69921","350.8","2000-01","0.0","-27.2","7.2","2521.6","-8.9","-3.5","-14.2"
"USC00203391","GRAYLING, MI US","44.64536","-84.69921","350.8","2000-02","0.0","-29.4","14.4","3228.1","-6.0","0.4","-12.5"
"USC00203391","GRAYLING, MI US","44.64536","-84.69921","350.8","2000-03","0.0","-14.4","25.6","3718.4","2.5","9.0","-4.0"
"USC00203391","GRAYLING, MI US","44.64536","-84.69921","350.8","2000-04","0.0","-8.9","22.2","4139.2","4.3","11.0","-2.4"
"USC00203391","GRAYLING, MI US","44.64536","-84.69921","350.8","2000-05","14.9","-3.9","29.4","4333.8","12.5","19.4","5.7"
"USC00203391","GRAYLING, MI US","44.64536","-84.69921","350.8","2000-06","40.5","1.7","30.6","4406.5","16.8","22.9","10.7"
"USC00205452","MILFORD GM PROVING GROUND, MI US","42.5794","-83.6844","295.7","2000-01",,,,,,,
"USC00205452","MILFORD GM PROVING GROUND, MI US","42.5794","-83.6844","295.7","2000-02",,,,,,,
"USC00205452","MILFORD GM PROVING GROUND, MI US","42.5794","-83.6844","295.7","2000-03",,"-8.9","25.6",,"5.2","11.4","-0.9"
"USC00205452","MILFORD GM PROVING GROUND, MI US","42.5794","-83.6844","295.7","2000-04",,"-5.0","24.4",,"7.4","13.3","1.6"
"USC00205452","MILFORD GM PROVING GROUND, MI US","42.5794","-83.6844","295.7","2000-05",,"2.2","28.9",,"14.9","20.6","9.2"
"USC00205452","MILFORD GM PROVING GROUND, MI US","42.5794","-83.6844","295.7","2000-06",,"5.6","31.1",,"19.1","24.4","13.8"
"USC00205450","MILAN 4 ESE, MI US","42.06639","-83.61861","204.2","2000-01","0.0","-23.9","13.3","1926.1","-5.0","-0.4","-9.5"
"USC00205450","MILAN 4 ESE, MI US","42.06639","-83.61861","204.2","2000-02",,"-18.3","19.4",,"-0.8","3.9","-5.5"
"USC00205450","MILAN 4 ESE, MI US","42.06639","-83.61861","204.2","2000-03",,"-8.3","26.1",,"6.2","12.8","-0.3"
"USC00205450","MILAN 4 ESE, MI US","42.06639","-83.61861","204.2","2000-04",,"-5.6","26.1",,"7.6","14.8","0.4"
"USC00205450","MILAN 4 ESE, MI US","42.06639","-83.61861","204.2","2000-05",,"-2.2","31.1",,"16.2","22.8","9.6"
"USC00205450","MILAN 4 ESE, MI US","42.06639","-83.61861","204.2","2000-06",,"5.6","32.2",,"20.1","26.0","14.3"
"USC00208043","TAHQUAMENON FALLS S P, MI US","46.6013","-85.2238","227.1","2000-01",,"-27.2","3.3",,"-9.8","-4.4","-15.3"
"USC00208043","TAHQUAMENON FALLS S P, MI US","46.6013","-85.2238","227.1","2000-02",,"-25.0","13.3",,"-6.0","-0.3","-11.6"
"USC00208043","TAHQUAMENON FALLS S P, MI US","46.6013","-85.2238","227.1","2000-03",,"-18.3","19.4",,"-0.1","5.8","-6.0"
"USC00208043","TAHQUAMENON FALLS S P, MI US","46.6013","-85.2238","227.1","2000-04",,"-10.0","21.1",,"2.9","9.3","-3.6"
"USC00208043","TAHQUAMENON FALLS S P, MI US","46.6013","-85.2238","227.1","2000-05",,"-4.4","27.8",,"10.4","17.6","3.2"
"USC00208043","TAHQUAMENON FALLS S P, MI US","46.6013","-85.2238","227.1","2000-06",,"-1.7","27.2",,"13.3","20.3","6.3"
"USC00207190","RUDYARD 4 N, MI US","46.2963","-84.5761","229.5","2000-01","0.0","-29.4","2.2","2524.4","-9.2","-4.1","-14.2"
"USC00207190","RUDYARD 4 N, MI US","46.2963","-84.5761","229.5","2000-02","0.0","-22.8","10.0","3193.5","-4.7","0.3","-9.8"
"USC00207190","RUDYARD 4 N, MI US","46.2963","-84.5761","229.5","2000-03","0.0","-16.1","18.3","3711.9","1.6","7.5","-4.3"
"USC00207190","RUDYARD 4 N, MI US","46.2963","-84.5761","229.5","2000-04","0.0","-10.0","22.8","4108.8","4.7","11.7","-2.2"
"USC00207190","RUDYARD 4 N, MI US","46.2963","-84.5761","229.5","2000-05","5.6","-2.8","28.9","4319.3","11.7","18.9","4.5"
"USC00207190","RUDYARD 4 N, MI US","46.2963","-84.5761","229.5","2000-06","14.3","1.7","26.7","4409.4","15.5","22.2","8.9"
"USC00203823","HILLSDALE, MI US","41.9352","-84.6411","329.2","2000-01","0.0","-25.6","13.3",,"-6.0","-0.8","-11.2"
"USC00203823","HILLSDALE, MI US","41.9352","-84.6411","329.2","2000-02","0.0","-20.0","18.9",,"-1.4","4.0","-6.8"
"USC00203823","HILLSDALE, MI US","41.9352","-84.6411","329.2","2000-03","1.1","-8.9","25.6",,"5.1","11.1","-0.9"
"USC00203823","HILLSDALE, MI US","41.9352","-84.6411","329.2","2000-04","1.1","-3.9","24.4",,"7.6","13.9","1.3"
"USC00203823","HILLSDALE, MI US","41.9352","-84.6411","329.2","2000-05","22.0","0.6","28.9",,"15.0","21.1","9.0"
"USC00203823","HILLSDALE, MI US","41.9352","-84.6411","329.2","2000-06","88.8","3.9","31.7",,"19.4","24.8","14.0"
"USC00203947","HOWELL WWTP, MI US","42.59382","-83.93251","279.5","2000-01",,,,,,,
"USC00203947","HOWELL WWTP, MI US","42.59382","-83.93251","279.5","2000-02",,,,,,,
"USC00203947","HOWELL WWTP, MI US","42.59382","-83.93251","279.5","2000-03",,,,,,,
"USC00203947","HOWELL WWTP, MI US","42.59382","-83.93251","279.5","2000-04",,,,,,,
"USC00203947","HOWELL WWTP, MI US","42.59382","-83.93251","279.5","2000-05",,,,,,,
"USC00203947","HOWELL WWTP, MI US","42.59382","-83.93251","279.5","2000-06",,,,,,,
"USC00207867","STEPHENSON 8 WNW, MI US","45.39028","-87.7025","210.3","2000-01","0.0","-27.2","2.8",,"-9.2","-3.4","-14.9"
"USC00207867","STEPHENSON 8 WNW, MI US","45.39028","-87.7025","210.3","2000-02","0.0","-31.1","12.2",,"-5.0","1.0","-11.0"
"USC00207867","STEPHENSON 8 WNW, MI US","45.39028","-87.7025","210.3","2000-03","0.0","-15.0","25.6",,"2.7","9.0","-3.6"
"USC00207867","STEPHENSON 8 WNW, MI US","45.39028","-87.7025","210.3","2000-04","0.0","-9.4","21.7",,"4.6","11.6","-2.3"
"USC00207867","STEPHENSON 8 WNW, MI US","45.39028","-87.7025","210.3","2000-05","12.3","-3.3","30.6",,"12.9","20.4","5.3"
"USC00207867","STEPHENSON 8 WNW, MI US","45.39028","-87.7025","210.3","2000-06","26.8","0.0","33.3",,"16.4","23.7","9.1"
"USC00202851","FLINT 7 W, MI US","43.0377","-83.7694","207.0","2000-01",,,,,,,
"USC00202851","FLINT 7 W, MI US","43.0377","-83.7694","207.0","2000-02",,,,,,,
"USC00202851","FLINT 7 W, MI US","43.0377","-83.7694","207.0","2000-03",,,,,,,
"USC00202851","FLINT 7 W, MI US","43.0377","-83.7694","207.0","2000-04",,,,,,,
"USC00202851","FLINT 7 W, MI US","43.0377","-83.7694","207.0","2000-05",,,,,,,
"USC00202851","FLINT 7 W, MI US","43.0377","-83.7694","207.0","2000-06",,,,,,,
"USC00209006","WILLIAMSTON, MI US","42.7103","-84.2503","272.8","2000-01",,,,,,,
"USC00209006","WILLIAMSTON, MI US","42.7103","-84.2503","272.8","2000-02",,,,,,,
"USC00209006","WILLIAMSTON, MI US","42.7103","-84.2503","272.8","2000-03",,,,,,,
"USC00209006","WILLIAMSTON, MI US","42.7103","-84.2503","272.8","2000-04",,,,,,,
"USC00209006","WILLIAMSTON, MI US","42.7103","-84.2503","272.8","2000-05",,,,,,,
"USC00209006","WILLIAMSTON, MI US","42.7103","-84.2503","272.8","2000-06",,,,,,,
"USC00200552","BATTLE CREEK 5 NW, MI US","42.3678","-85.2634","281.3","2000-01","0.0","-21.7","14.4",,"-4.1","0.9","-9.1"
"USC00200552","BATTLE CREEK 5 NW, MI US","42.3678","-85.2634","281.3","2000-02","0.0","-16.7","19.4",,"0.6","5.7","-4.4"
"USC00200552","BATTLE CREEK 5 NW, MI US","42.3678","-85.2634","281.3","2000-03","0.0","-9.4","26.1",,"6.0","12.6","-0.5"
"USC00200552","BATTLE CREEK 5 NW, MI US","42.3678","-85.2634","281.3","2000-04","0.0","-3.9","23.3",,"8.5","14.9","2.1"
"USC00200552","BATTLE CREEK 5 NW, MI US","42.3678","-85.2634","281.3","2000-05","29.9","1.7","29.4",,"15.8","22.1","9.5"
"USC00200552","BATTLE CREEK 5 NW, MI US","42.3678","-85.2634","281.3","2000-06","94.8","4.4","31.7",,"19.6","25.4","13.9"
"USC00207742","SPALDING 1 NW, MI US","45.7019","-87.5255","262.1","2000-01",,,,,,,
"USC00207742","SPALDING 1 NW, MI US","45.7019","-87.5255","262.1","2000-02",,,,,,,
"USC00207742","SPALDING 1 NW, MI US","45.7019","-87.5255","262.1","2000-03",,,,,,,
"USC00207742","SPALDING 1 NW, MI US","45.7019","-87.5255","262.1","2000-04",,,,,,,
"USC00207742","SPALDING 1 NW, MI US","45.7019","-87.5255","262.1","2000-05",,,,,,,
"USC00207742","SPALDING 1 NW, MI US","45.7019","-87.5255","262.1","2000-06",,,,,,,
"USC00205567","MONTAGUE 4 NW, MI US","43.461","-86.41773","198.1","2000-01","0.0","-24.4","10.0",,"-4.4","-0.4","-8.4"
"USC00205567","MONTAGUE 4 NW, MI US","43.461","-86.41773","198.1","2000-02","0.0","-20.0","18.3",,"-0.2","4.2","-4.6"
"USC00205567","MONTAGUE 4 NW, MI US","43.461","-86.41773","198.1","2000-03","0.0","-10.6","21.1",,"4.6","10.2","-1.1"
"USC00205567","MONTAGUE 4 NW, MI US","43.461","-86.41773","198.1","2000-04","0.0","-8.3","19.4",,"5.9","12.1","-0.4"
"USC00205567","MONTAGUE 4 NW, MI US","43.461","-86.41773","198.1","2000-05",,,,,,,
"USC00205567","MONTAGUE 4 NW, MI US","43.461","-86.41773","198.1","2000-06",,"2.2","27.2",,"17.6","22.7","12.6"
"USW00094814","HOUGHTON LAKE ROSCOMMON CO AIRPORT, MI US","44.35904","-84.6739","350.6","2000-01","0.0","-26.1","7.8","2456.3","-7.9","-3.3","-12.5"
"USW00094814","HOUGHTON LAKE ROSCOMMON CO AIRPORT, MI US","44.35904","-84.6739","350.6","2000-02","0.0","-23.9","15.0","3101.5","-3.9","1.4","-9.3"
"USW00094814","HOUGHTON LAKE ROSCOMMON CO AIRPORT, MI US","44.35904","-84.6739","350.6","2000-03","0.0","-11.7","23.3","3565.5","3.4","9.5","-2.7"
"USW00094814","HOUGHTON LAKE ROSCOMMON CO AIRPORT, MI US","44.35904","-84.6739","350.6","2000-04","0.0","-8.3","21.1","3958.9","5.2","11.6","-1.1"
"USW00094814","HOUGHTON LAKE ROSCOMMON CO AIRPORT, MI US","44.35904","-84.6739","350.6","2000-05","12.5","-1.7","28.3","4128.4","13.3","19.6","6.9"
"USW00094814","HOUGHTON LAKE ROSCOMMON CO AIRPORT, MI US","44.35904","-84.6739","350.6","2000-06","39.2","2.8","30.0","4194.4","17.0","23.3","10.8"
"USW00094815","KALAMAZOO BATTLE CREEK INTERNATIONAL AIRPORT, MI US","42.22826","-85.546","263.3","2000-01","0.0","-19.4","14.4","2007.7","-4.5","-0.4","-8.6"
"USW00094815","KALAMAZOO BATTLE CREEK INTERNATIONAL AIRPORT, MI US","42.22826","-85.546","263.3","2000-02","0.0","-15.6","21.1","2541.3","-0.1","4.7","-4.9"
"USW00094815","KALAMAZOO BATTLE CREEK INTERNATIONAL AIRPORT, MI US","42.22826","-85.546","263.3","2000-03","0.3","-8.3","26.1","2923.2","6.0","11.9","0.1"
"USW00094815","KALAMAZOO BATTLE CREEK INTERNATIONAL AIRPORT, MI US","42.22826","-85.546","263.3","2000-04","0.3","-4.4","22.8","3221.8","8.4","14.2","2.6"
"USW00094815","KALAMAZOO BATTLE CREEK INTERNATIONAL AIRPORT, MI US","42.22826","-85.546","263.3","2000-05","28.4","2.2","29.4","3340.0","15.4","20.8","10.1"
"USW00094815","KALAMAZOO BATTLE CREEK INTERNATIONAL AIRPORT, MI US","42.22826","-85.546","263.3","2000-06","86.7","3.3","32.2","3380.1","18.9","24.4","13.5"
"USW00094817","PONTIAC OAKLAND CO INTERNATIONAL AIRPORT, MI US","42.66314","-83.41016","295.4","2000-01","0.0","-22.8","12.2","1989.5","-5.9","-1.1","-10.7"
"USW00094817","PONTIAC OAKLAND CO INTERNATIONAL AIRPORT, MI US","42.66314","-83.41016","295.4","2000-02","0.0","-16.7","18.3","2557.0","-1.2","3.4","-5.9"
"USW00094817","PONTIAC OAKLAND CO INTERNATIONAL AIRPORT, MI US","42.66314","-83.41016","295.4","2000-03","0.0","-7.8","25.6","2942.9","5.5","11.1","-0.1"
"USW00094817","PONTIAC OAKLAND CO INTERNATIONAL AIRPORT, MI US","42.66314","-83.41016","295.4","2000-04","0.0","-3.9","25.0","3261.5","7.7","13.2","2.2"
"USW00094817","PONTIAC OAKLAND CO INTERNATIONAL AIRPORT, MI US","42.66314","-83.41016","295.4","2000-06",,"7.2","32.2",,"19.7","24.7","14.7"
"USC00208293","TROUT LAKE 1 SW, MI US","46.1796","-85.0311","250.9","2000-01","0.0","-28.9","5.0","2393.4","-8.9","-3.2","-14.6"
"USC00208293","TROUT LAKE 1 SW, MI US","46.1796","-85.0311","250.9","2000-02","0.0","-27.2","12.8","3039.7","-4.7","1.8","-11.2"
"USC00208293","TROUT LAKE 1 SW, MI US","46.1796","-85.0311","250.9","2000-03","0.0","-17.8","20.0","3518.0","1.4","7.9","-5.2"
"USC00208293","TROUT LAKE 1 SW, MI US","46.1796","-85.0311","250.9","2000-04","0.0","-11.1","23.3","3876.7","4.7","11.7","-2.3"
"USC00208293","TROUT LAKE 1 SW, MI US","46.1796","-85.0311","250.9","2000-05","2.3","-3.9","27.8","4054.5","12.5","19.8","5.1"
"USC00208293","TROUT LAKE 1 SW, MI US","46.1796","-85.0311","250.9","2000-06",,"0.0",,,,,"8.9"
"USC00200446","BALDWIN, MI US","43.9005","-85.8505","254.5","2000-01","0.0","-25.0","9.4",,"-6.2","-0.8","-11.5"
"USC00200446","BALDWIN, MI US","43.9005","-85.8505","254.5","2000-02","0.0","-25.0","16.1",,"-3.4","3.6","-10.5"
"USC00200446","BALDWIN, MI US","43.9005","-85.8505","254.5","2000-03","0.0","-10.0","22.8",,"4.9","11.4","-1.6"
"USC00200446","BALDWIN, MI US","43.9005","-85.8505","254.5","2000-04","0.0","-8.9","22.2",,"6.4","12.8","0.1"
"USC00200446","BALDWIN, MI US","43.9005","-85.8505","254.5","2000-05",,,,,,,
"USC00200446","BALDWIN, MI US","43.9005","-85.8505","254.5","2000-06",,,,,,,
"USC00203712","HELL, MI US","42.4344","-83.9858","271.3","2000-01",,,"13.3",,,"-0.8",
"USC00203712","HELL, MI US","42.4344","-83.9858","271.3","2000-02",,"-20.0","16.7",,"-2.7","4.3","-9.7"
"USC00203712","HELL, MI US","42.4344","-83.9858","271.3","2000-03",,"-8.9","25.6",,"4.3","11.2","-2.6"
"USC00203712","HELL, MI US","42.4344","-83.9858","271.3","2000-04",,"-6.7","24.4",,"7.2","14.0","0.3"
"USC00203712","HELL, MI US","42.4344","-83.9858","271.3","2000-05",,"3.3","28.9",,"14.9","21.2","8.6"
"USC00203712","HELL, MI US","42.4344","-83.9858","271.3","2000-06",,"4.4","31.1",,"19.1","24.6","13.5"
"USC00206303","OXFORD, MI US","42.8094","-83.2569","317.0","2000-01",,,,,,,
"USC00206303","OXFORD, MI US","42.8094","-83.2569","317.0","2000-02",,,,,,,
"USC00206303","OXFORD, MI US","42.8094","-83.2569","317.0","2000-03",,,,,,,
"USC00206303","OXFORD, MI US","42.8094","-83.2569","317.0","2000-04",,,,,,,
"USC00206303","OXFORD, MI US","42.8094","-83.2569","317.0","2000-05",,,,,,,
"USC00206303","OXFORD, MI US","42.8094","-83.2569","317.0","2000-06",,,,,,,
"USC00207515","SENEY WILDLIFE REF, MI US","46.28333","-85.95","216.4","2000-01","0.0","-25.0","2.2","2382.1","-8.3","-3.3","-13.2"
"USC00207515","SENEY WILDLIFE REF, MI US","46.28333","-85.95","216.4","2000-02","0.0","-28.9","13.3","3037.6","-4.3","1.4","-10.0"
"USC00207515","SENEY WILDLIFE REF, MI US","46.28333","-85.95","216.4","2000-03","0.0","-15.0","18.9","3525.1","2.6","7.9","-2.7"
"USC00207515","SENEY WILDLIFE REF, MI US","46.28333","-85.95","216.4","2000-04","0.0","-6.7","23.3","3904.3","5.7","11.6","-0.2"
"USC00207515","SENEY WILDLIFE REF, MI US","46.28333","-85.95","216.4","2000-05","3.3","0.0","27.2","4064.3","13.3","19.9","6.7"
"USC00207515","SENEY WILDLIFE REF, MI US","46.28333","-85.95","216.4","2000-06","17.1","3.9","28.3","4117.6","17.0","23.7","10.3"
"USC00206300","OWOSSO WWTP, MI US","43.0161","-84.18","222.5","2000-01","0.0","-22.2","13.3","2062.3","-6.0","-0.6","-11.4"
"USC00206300","OWOSSO WWTP, MI US","43.0161","-84.18","222.5","2000-02","0.0","-16.7","17.2","2621.5","-1.8","3.5","-7.0"
"USC00206300","OWOSSO WWTP, MI US","43.0161","-84.18","222.5","2000-03","1.4","-8.9","26.7","3020.9","5.1","11.2","-1.0"
"USC00206300","OWOSSO WWTP, MI US","43.0161","-84.18","222.5","2000-04","1.4","-5.0","23.3","3369.5","6.7","12.4","1.0"
"USC00206300","OWOSSO WWTP, MI US","43.0161","-84.18","222.5","2000-05","23.1","2.2","29.4","3505.3","14.6","20.6","8.7"
"USC00206300","OWOSSO WWTP, MI US","43.0161","-84.18","222.5","2000-06","80.2","4.4","31.7","3546.6","18.9","24.3","13.6"
"USC00206663","PORT HOPE, MI US","43.9483","-82.7141","182.9","2000-01","0.0","-18.9","12.2",,"-4.7","-0.8","-8.5"
"USC00206663","PORT HOPE, MI US","43.9483","-82.7141","182.9","2000-02","0.0","-16.7","18.9",,"-2.3","2.3","-7.0"
"USC00206663","PORT HOPE, MI US","43.9483","-82.7141","182.9","2000-03","0.0","-6.7","27.8",,"4.9","9.8","-0.1"
"USC00206663","PORT HOPE, MI US","43.9483","-82.7141","182.9","2000-04",,,,,,,
"USC00206663","PORT HOPE, MI US","43.9483","-82.7141","182.9","2000-05",,"0.6","30.6",,"12.9","17.9","7.8"
"USC00206663","PORT HOPE, MI US","43.9483","-82.7141","182.9","2000-06",,"7.2","32.8",,"17.6","23.1","12.1"
"USC00201896","CROSS VILLAGE 1 E, MI US","45.6413","-85.0141","219.8","2000-01","0.0","-26.1","3.3","2269.9","-8.8","-3.6","-13.9"
"USC00201896","CROSS VILLAGE 1 E, MI US","45.6413","-85.0141","219.8","2000-02","0.0","-22.2","16.1","2899.4","-5.1","-0.2","-10.0"
"USC00201896","CROSS VILLAGE 1 E, MI US","45.6413","-85.0141","219.8","2000-03","0.0","-12.8","22.8","3405.1","1.6","6.7","-3.5"
"USC00201896","CROSS VILLAGE 1 E, MI US","45.6413","-85.0141","219.8","2000-04","0.0","-8.3","18.9","3816.8","3.6","9.0","-1.8"
"USC00201896","CROSS VILLAGE 1 E, MI US","45.6413","-85.0141","219.8","2000-05","2.2","-3.9","25.6","4028.9","11.6","16.9","6.2"
"USC00201896","CROSS VILLAGE 1 E, MI US","45.6413","-85.0141","219.8","2000-06","9.7","1.1","29.4","4132.5","15.1","20.5","9.7"
"USC00202984","FRANKFORT 2 NE, MI US","44.64822","-86.20986","289.0","2000-01","0.0","-16.7","7.2","1965.7","-3.9","-0.5","-7.4"
"USC00202984","FRANKFORT 2 NE, MI US","44.64822","-86.20986","289.0","2000-02","0.0","-13.3","17.2","2480.1","-1.1","2.7","-4.9"
"USC00202984","FRANKFORT 2 NE, MI US","44.64822","-86.20986","289.0","2000-03","0.0","-7.8","21.1","2909.4","4.5","8.8","0.1"
"USC00202984","FRANKFORT 2 NE, MI US","44.64822","-86.20986","289.0","2000-04","0.0","-5.0","18.3","3271.2","6.3","11.1","1.5"
"USC00202984","FRANKFORT 2 NE, MI US","44.64822","-86.20986","289.0","2000-05","3.4","1.1","24.4","3434.3","13.2","18.3","8.0"
"USC00202984","FRANKFORT 2 NE, MI US","44.64822","-86.20986","289.0","2000-06","23.7","3.9","28.3","3484.9","17.3","22.4","12.2"
"USC00206680","PORT HURON, MI US","42.975","-82.4194","179.8","2000-01","0.0","-16.7","12.2",,"-3.5","0.8","-7.9"
"USC00206680","PORT HURON, MI US","42.975","-82.4194","179.8","2000-02","0.0","-11.7","20.6",,"-0.4","4.1","-4.9"
"USC00206680","PORT HURON, MI US","42.975","-82.4194","179.8","2000-03","0.0","-5.6","26.1",,"6.3","11.7","0.9"
"USC00206680","PORT HURON, MI US","42.975","-82.4194","179.8","2000-04","0.0","-2.8","25.0",,"7.6","12.3","2.8"
"USC00206680","PORT HURON, MI US","42.975","-82.4194","179.8","2000-05","27.8","5.0","30.0",,"16.1","21.6","10.5"
"USC00206680","PORT HURON, MI US","42.975","-82.4194","179.8","2000-06","108.3","10.0","33.3",,"20.4","25.6","15.1"
"USC00203290","GRAND HAVEN FIRE DEPARTMENT, MI US","43.06222","-86.22444","189.0","2000-01",,,,,,,
"USC00203290","GRAND HAVEN FIRE DEPARTMENT, MI US","43.06222","-86.22444","189.0","2000-02",,"-13.3","18.3",,"0.1","3.7","-3.6"
"USC00203290","GRAND HAVEN FIRE DEPARTMENT, MI US","43.06222","-86.22444","189.0","2000-03",,,,,,,
"USC00203290","GRAND HAVEN FIRE DEPARTMENT, MI US","43.06222","-86.22444","189.0","2000-04",,,,,,,
"USC00203290","GRAND HAVEN FIRE DEPARTMENT, MI US","43.06222","-86.22444","189.0","2000-05",,,,,,,
"USC00203290","GRAND HAVEN FIRE DEPARTMENT, MI US","43.06222","-86.22444","189.0","2000-06",,,,,,,
"USC00208184","THREE RIVERS, MI US","41.9299","-85.6385","246.9","2000-01","0.0","-21.7","15.0","1901.7","-4.2","0.8","-9.2"
"USC00208184","THREE RIVERS, MI US","41.9299","-85.6385","246.9","2000-02","0.0","-17.2","23.3","2397.4","-0.5","5.3","-6.4"
"USC00208184","THREE RIVERS, MI US","41.9299","-85.6385","246.9","2000-03","0.0","-6.7","26.1","2761.7","5.7","12.4","-0.9"
"USC00208184","THREE RIVERS, MI US","41.9299","-85.6385","246.9","2000-04","0.0","-7.8","24.4","3053.8","7.7","14.8","0.5"
"USC00208184","THREE RIVERS, MI US","41.9299","-85.6385","246.9","2000-05","19.4","1.1","31.1","3162.8","15.3","22.0","8.6"
"USC00208184","THREE RIVERS, MI US","41.9299","-85.6385","246.9","2000-06","93.4","5.6","32.8","3194.8","19.7","25.7","13.7"
"USC00207094","ROGERS CITY, MI US","45.4169","-83.8158","187.5","2000-01","0.0","-19.4","5.0","2191.4","-6.7","-2.5","-11.0"
"USC00207094","ROGERS CITY, MI US","45.4169","-83.8158","187.5","2000-02","0.0","-16.7","15.6","2800.5","-3.4","1.4","-8.2"
"USC00207094","ROGERS CITY, MI US","45.4169","-83.8158","187.5","2000-03","0.0","-13.9","21.1","3295.9","2.4","8.4","-3.6"
"USC00207094","ROGERS CITY, MI US","45.4169","-83.8158","187.5","2000-04","0.0","-6.7","21.7","3698.0","4.9","10.9","-1.0"
"USC00207094","ROGERS CITY, MI US","45.4169","-83.8158","187.5","2000-05","8.6","-2.2","31.1","3896.9","12.2","18.8","5.6"
"USC00207094","ROGERS CITY, MI US","45.4169","-83.8158","187.5","2000-06","26.9","3.9","32.2","3977.0","16.3","22.5","10.1"
"USC00203969","HUDSON 3 E, MI US","41.8483","-84.2938","266.7","2000-01",,,,,,,
"USC00203969","HUDSON 3 E, MI US","41.8483","-84.2938","266.7","2000-02",,,,,,,
"USC00203969","HUDSON 3 E, MI US","41.8483","-84.2938","266.7","2000-03",,,,,,,
"USC00203969","HUDSON 3 E, MI US","41.8483","-84.2938","266.7","2000-04",,,,,,,
"USC00203969","HUDSON 3 E, MI US","41.8483","-84.2938","266.7","2000-05",,,,,,,
"USC00203969","HUDSON 3 E, MI US","41.8483","-84.2938","266.7","2000-06",,,,,,,
"USC00201780","COPPER HARBOR FORT WILKINS, MI US","47.4679","-87.8671","190.5","2000-01","0.0","-20.6","3.9",,"-7.0","-3.1","-10.9"
"USC00201780","COPPER HARBOR FORT WILKINS, MI US","47.4679","-87.8671","190.5","2000-02","0.0","-18.3","12.2",,"-3.5","0.7","-7.7"
"USC00201780","COPPER HARBOR FORT WILKINS, MI US","47.4679","-87.8671","190.5","2000-03","0.0","-11.7","16.1",,"2.0","6.2","-2.2"
"USC00201780","COPPER HARBOR FORT WILKINS, MI US","47.4679","-87.8671","190.5","2000-04","0.0","-5.0","17.2",,"2.8","6.6","-1.1"
"USC00201780","COPPER HARBOR FORT WILKINS, MI US","47.4679","-87.8671","190.5","2000-05","0.6","-1.7","29.4",,"11.1","17.3","5.0"
"USC00201780","COPPER HARBOR FORT WILKINS, MI US","47.4679","-87.8671","190.5","2000-06","2.8","1.7","25.0",,"12.9","17.8","8.0"
"USC00204257","KALKASKA, MI US","44.728","-85.1727","315.5","2000-01","0.0","-28.3","7.2","2423.3","-8.0","-2.9","-13.1"
"USC00204257","KALKASKA, MI US","44.728","-85.1727","315.5","2000-02","0.0","-24.4","16.7","3082.2","-4.4","1.4","-10.1"
"USC00204257","KALKASKA, MI US","44.728","-85.1727","315.5","2000-03","0.0","-11.1","25.6","3542.5","3.5","9.4","-2.5"
"USC00204257","KALKASKA, MI US","44.728","-85.1727","315.5","2000-04","0.0","-6.7","22.8","3930.5","5.0","11.0","-1.1"
"USC00204257","KALKASKA, MI US","44.728","-85.1727","315.5","2000-05","16.4","-1.7","28.9","4110.8","13.1","19.3","6.8"
"USC00204257","KALKASKA, MI US","44.728","-85.1727","315.5","2000-06","46.4","1.1","30.0","4176.0","17.1","22.6","11.6"
"USC00202631","ESSEXVILLE, MI US","43.6155","-83.845","179.2","2000-01","0.0","-20.6","11.1","1951.9","-5.8","-2.0","-9.6"
"USC00202631","ESSEXVILLE, MI US","43.6155","-83.845","179.2","2000-02","0.0","-17.8","15.6","2477.7","-2.4","2.5","-7.4"
"USC00202631","ESSEXVILLE, MI US","43.6155","-83.845","179.2","2000-03","2.2","-8.3","27.2","2854.5","5.5","10.8","0.1"
"USC00202631","ESSEXVILLE, MI US","43.6155","-83.845","179.2","2000-04","2.2","-7.8","23.9","3199.9","6.5","11.3","1.6"
"USC00202631","ESSEXVILLE, MI US","43.6155","-83.845","179.2","2000-05","30.6","4.4","30.0","3311.5","15.3","20.1","10.5"
"USC00202631","ESSEXVILLE, MI US","43.6155","-83.845","179.2","2000-06","102.9","2.2","33.3","3334.3","19.9","24.9","15.0"
"USC00202094","DETOUR VILLAGE, MI US","45.9983","-83.9013","181.4","2000-01","0.0","-27.8","2.8","2361.3","-9.2","-4.3","-14.2"
"USC00202094","DETOUR VILLAGE, MI US","45.9983","-83.9013","181.4","2000-02","0.0","-22.2","9.4","3058.5","-5.7","-1.4","-10.1"
"USC00202094","DETOUR VILLAGE, MI US","45.9983","-83.9013","181.4","2000-03","0.0","-12.8","11.7","3596.7","1.0","4.9","-2.9"
"USC00202094","DETOUR VILLAGE, MI US","45.9983","-83.9013","181.4","2000-04","0.0","-5.6","18.9","4009.1","4.6","8.9","0.3"
"USC00202094","DETOUR VILLAGE, MI US","45.9983","-83.9013","181.4","2000-05","2.8","1.1","28.3","4226.2","11.4","15.8","7.1"
"USC00202094","DETOUR VILLAGE, MI US","45.9983","-83.9013","181.4","2000-06","9.2","4.4","27.2","4323.4","15.3","19.7","10.9"
"USC00203858","HOLLAND WTP, MI US","42.7989","-86.20635","184.4","2000-01","0.0","-18.9","17.2",,"-2.9","1.5","-7.2"
"USC00203858","HOLLAND WTP, MI US","42.7989","-86.20635","184.4","2000-02","0.0","-15.6","18.9",,"0.6","5.8","-4.6"
"USC00203858","HOLLAND WTP, MI US","42.7989","-86.20635","184.4","2000-04",,"-3.9","22.8",,"8.5","14.3","2.7"
"USC00203858","HOLLAND WTP, MI US","42.7989","-86.20635","184.4","2000-05",,"1.7","31.1",,"15.4","21.2","9.7"
"USC00203858","HOLLAND WTP, MI US","42.7989","-86.20635","184.4","2000-06",,"4.4","31.7",,"19.7","25.6","13.9"
"USC00204944","LOWELL, MI US","42.92793","-85.34013","199.9","2000-01",,,,,,,
"USC00204944","LOWELL, MI US","42.92793","-85.34013","199.9","2000-02",,,,,,,
"USC00204944","LOWELL, MI US","42.92793","-85.34013","199.9","2000-03",,,,,,,
"USC00204944","LOWELL, MI US","42.92793","-85.34013","199.9","2000-04",,,,,,,
"USC00204944","LOWELL, MI US","42.92793","-85.34013","199.9","2000-05",,,,,,,
"USC00204944","LOWELL, MI US","42.92793","-85.34013","199.9","2000-06",,,,,,,
"USC00207419","SEBEWAING, MI US","43.73194","-83.45917","178.0","2000-01",,,,,,,
"USC00207419","SEBEWAING, MI US","43.73194","-83.45917","178.0","2000-02",,,,,,,
"USC00207419","SEBEWAING, MI US","43.73194","-83.45917","178.0","2000-03",,,,,,,
"USC00207419","SEBEWAING, MI US","43.73194","-83.45917","178.0","2000-04",,,,,,,
"USC00207419","SEBEWAING, MI US","43.73194","-83.45917","178.0","2000-05",,,,,,,
"USC00207419","SEBEWAING, MI US","43.73194","-83.45917","178.0","2000-06",,,,,,,
"USC00201439","CHAMPION VAN RIPER P, MI US","46.5193","-87.9859","487.4","2000-01","0.0","-34.4","2.2","2968.1","-12.7","-6.2","-19.2"
"USC00201439","CHAMPION VAN RIPER P, MI US","46.5193","-87.9859","487.4","2000-02","0.0","-39.4","13.3","3731.7","-8.9","-0.5","-17.3"
"USC00201439","CHAMPION VAN RIPER P, MI US","46.5193","-87.9859","487.4","2000-03","0.0","-26.1","20.0","4320.9","-1.3","6.6","-9.1"
"USC00201439","CHAMPION VAN RIPER P, MI US","46.5193","-87.9859","487.4","2000-04","0.0","-15.0","22.8","4787.8","0.9","9.2","-7.3"
"USC00201439","CHAMPION VAN RIPER P, MI US","46.5193","-87.9859","487.4","2000-05","3.0","-7.8","30.6","4981.1","11.0","20.2","1.8"
"USC00201439","CHAMPION VAN RIPER P, MI US","46.5193","-87.9859","487.4","2000-06","4.1","-3.3","30.0","5123.1","13.5","22.1","4.9"
"USC00208869","WHEELER 7 NE, MI US","43.48056","-84.38861","207.9","2000-01",,,,,,,
"USC00208869","WHEELER 7 NE, MI US","43.48056","-84.38861","207.9","2000-02",,,,,,,
"USC00208869","WHEELER 7 NE, MI US","43.48056","-84.38861","207.9","2000-03",,,,,,,
"USC00208869","WHEELER 7 NE, MI US","43.48056","-84.38861","207.9","2000-04",,,,,,,
"USC00208869","WHEELER 7 NE, MI US","43.48056","-84.38861","207.9","2000-05",,,,,,,
"USC00208869","WHEELER 7 NE, MI US","43.48056","-84.38861","207.9","2000-06",,,,,,,
"USC00200343","ATLANTA 5 WNW, MI US","45.02833","-84.23306","359.7","2000-01","0.0","-23.3","5.0","2095.7","-8.6","-4.8","-12.3"
"USC00200343","ATLANTA 5 WNW, MI US","45.02833","-84.23306","359.7","2000-02","0.0","-22.2","16.7","2679.3","-4.0","0.3","-8.2"
"USC00200343","ATLANTA 5 WNW, MI US","45.02833","-84.23306","359.7","2000-03","0.6","-10.6","27.8","3040.4","4.9","10.2","-0.4"
"USC00200343","ATLANTA 5 WNW, MI US","45.02833","-84.23306","359.7","2000-04","0.6","-6.7","22.8","3418.6","5.7","11.8","-0.4"
"USC00200343","ATLANTA 5 WNW, MI US","45.02833","-84.23306","359.7","2000-05","15.5","-3.3","30.6","3626.5","11.9","17.7","6.1"
"USC00200343","ATLANTA 5 WNW, MI US","45.02833","-84.23306","359.7","2000-06","23.3","2.8","30.0","3750.2","14.2","19.5","8.9"
"USC00201675","COLDWATER ST SCHOOL, MI US","41.9622","-84.9925","299.9","2000-01","0.0","-20.0","13.3",,"-5.3","-1.5","-9.1"
"USC00201675","COLDWATER ST SCHOOL, MI US","41.9622","-84.9925","299.9","2000-02","0.0","-14.4","18.9",,"0.0","4.1","-4.1"
"USC00201675","COLDWATER ST SCHOOL, MI US","41.9622","-84.9925","299.9","2000-03","0.0","-7.2","23.9",,"4.8","9.8","-0.2"
"USC00201675","COLDWATER ST SCHOOL, MI US","41.9622","-84.9925","299.9","2000-04","0.0","-3.9","22.2",,"7.8","13.1","2.5"
"USC00201675","COLDWATER ST SCHOOL, MI US","41.9622","-84.9925","299.9","2000-05","26.2","3.3","29.4",,"15.2","20.5","9.9"
"USC00201675","COLDWATER ST SCHOOL, MI US","41.9622","-84.9925","299.9","2000-06","85.7","3.9","31.7",,"19.1","24.4","13.8"
"USC00206220","ONTONAGON 6 SE, MI US","46.8343","-89.2074","240.8","2000-01","0.0","-24.4","6.1","2380.8","-8.6","-3.1","-14.1"
"USC00206220","ONTONAGON 6 SE, MI US","46.8343","-89.2074","240.8","2000-02","0.0","-26.1","16.7","3018.2","-3.6","2.7","-10.0"
"USC00206220","ONTONAGON 6 SE, MI US","46.8343","-89.2074","240.8","2000-03","0.0","-21.1","21.1","3482.6","3.0","8.7","-2.6"
"USC00206220","ONTONAGON 6 SE, MI US","46.8343","-89.2074","240.8","2000-04","0.0","-7.8","22.2","3907.5","4.2","10.4","-2.0"
"USC00206220","ONTONAGON 6 SE, MI US","46.8343","-89.2074","240.8","2000-05","13.6","-5.0","30.6","4078.2","13.1","20.0","6.1"
"USC00206220","ONTONAGON 6 SE, MI US","46.8343","-89.2074","240.8","2000-06","22.5","-1.1","28.9","4168.3","15.6","22.4","8.8"
"USC00208080","TECUMSEH, MI US","42.0027","-83.9336","237.7","2000-01",,,,,,,
"USC00208080","TECUMSEH, MI US","42.0027","-83.9336","237.7","2000-02",,,,,,,
"USC00208080","TECUMSEH, MI US","42.0027","-83.9336","237.7","2000-03",,,,,,,
"USC00208080","TECUMSEH, MI US","42.0027","-83.9336","237.7","2000-04",,,,,,,
"USC00203504","GULL LAKE BIOLOGICAL STATION, MI US","42.3941","-85.385","281.9","2000-01","0.0","-20.6","12.8","1645.6","-3.6","1.0","-8.2"
"USC00203504","GULL LAKE BIOLOGICAL STATION, MI US","42.3941","-85.385","281.9","2000-02","0.0","-16.1","18.9","2130.9","1.3","6.1","-3.5"
"USC00203504","GULL LAKE BIOLOGICAL STATION, MI US","42.3941","-85.385","281.9","2000-03","0.0","-7.2","26.1","2426.5","7.1","13.4","0.9"
"USC00203504","GULL LAKE BIOLOGICAL STATION, MI US","42.3941","-85.385","281.9","2000-04","0.0","-3.9","23.9","2680.3","9.3","16.0","2.7"
"USC00203504","GULL LAKE BIOLOGICAL STATION, MI US","42.3941","-85.385","281.9","2000-05","42.3","3.3","31.7","2755.4","17.2","23.9","10.6"
"USC00203504","GULL LAKE BIOLOGICAL STATION, MI US","42.3941","-85.385","281.9","2000-06","118.9","3.3","33.3","2773.3","20.5","27.1","13.9"
"USW00014804","MOUNT CLEMENS ANG BASE, MI US","42.6083","-82.8183","176.8","2000-01","0.0","-20.6","14.4","1855.3","-4.9","0.2","-10.0"
"USW00014804","MOUNT CLEMENS ANG BASE, MI US","42.6083","-82.8183","176.8","2000-02","0.0","-16.7","21.7","2370.6","-0.9","4.5","-6.2"
"USW00014804","MOUNT CLEMENS ANG BASE, MI US","42.6083","-82.8183","176.8","2000-03","1.7","-7.2","26.7","2753.0","5.5","11.8","-0.7"
"USW00014804","MOUNT CLEMENS ANG BASE, MI US","42.6083","-82.8183","176.8","2000-04","1.7","-5.6","25.6","3048.2","7.6","13.7","1.5"
"USW00014804","MOUNT CLEMENS ANG BASE, MI US","42.6083","-82.8183","176.8","2000-05","25.8","0.6","30.6","3156.4","15.4","21.6","9.2"
"USW00014804","MOUNT CLEMENS ANG BASE, MI US","42.6083","-82.8183","176.8","2000-06","102.8","7.8","34.4","3182.2","20.0","25.9","14.1"
"USC00203628","HARRISVILLE STATE PARK, MI US","44.64975","-83.29585","186.5","2000-01","0.0","-21.1","8.3","2157.6","-6.0","-2.1","-9.8"
"USC00203628","HARRISVILLE STATE PARK, MI US","44.64975","-83.29585","186.5","2000-02","0.0","-18.9","12.8","2797.6","-3.7","1.3","-8.7"
"USC00203628","HARRISVILLE STATE PARK, MI US","44.64975","-83.29585","186.5","2000-03","0.0","-10.6","21.1","3279.6","2.8","7.4","-1.8"
"USC00203628","HARRISVILLE STATE PARK, MI US","44.64975","-83.29585","186.5","2000-04","0.0","-6.7","22.8","3689.6","4.7","9.0","0.4"
"USC00203628","HARRISVILLE STATE PARK, MI US","44.64975","-83.29585","186.5","2000-05","14.4","-0.6","31.1","3892.0","12.3","17.2","7.3"
"USC00203628","HARRISVILLE STATE PARK, MI US","44.64975","-83.29585","186.5","2000-06","33.0","6.7","33.9","3974.6","16.1","20.8","11.4"
"USC00205807","NEW BALTIMORE 5 SW, MI US","42.6502","-82.8044","173.7","2000-01",,,,,,,
"USC00205807","NEW BALTIMORE 5 SW, MI US","42.6502","-82.8044","173.7","2000-02",,,,,,,
"USC00205807","NEW BALTIMORE 5 SW, MI US","42.6502","-82.8044","173.7","2000-03",,,,,,,
"USC00205807","NEW BALTIMORE 5 SW, MI US","42.6502","-82.8044","173.7","2000-04",,,,,,,
"USC00205807","NEW BALTIMORE 5 SW, MI US","42.6502","-82.8044","173.7","2000-05",,,,,,,
"USC00205807","NEW BALTIMORE 5 SW, MI US","42.6502","-82.8044","173.7","2000-06",,,,,,,
"USC00205488","MILLINGTON 3 SE, MI US","43.2836","-83.4791","249.9","2000-01",,,,,,,
"USC00205488","MILLINGTON 3 SE, MI US","43.2836","-83.4791","249.9","2000-02",,,,,,,
"USC00205488","MILLINGTON 3 SE, MI US","43.2836","-83.4791","249.9","2000-03",,,,,,,
"USC00205488","MILLINGTON 3 SE, MI US","43.2836","-83.4791","249.9","2000-04",,,,,,,
"USC00205488","MILLINGTON 3 SE, MI US","43.2836","-83.4791","249.9","2000-05",,,,,,,
"USC00205488","MILLINGTON 3 SE, MI US","43.2836","-83.4791","249.9","2000-06",,,,,,,
"USC00200230","ANN ARBOR U OF MICH, MI US","42.29806","-83.66388","247.8","2000-01","0.0","-18.9","13.3","1897.8","-4.4","0.1","-8.8"
"USC00200230","ANN ARBOR U OF MICH, MI US","42.29806","-83.66388","247.8","2000-02","0.0","-13.3","18.3","2422.2","0.3","4.6","-4.1"
"USC00200230","ANN ARBOR U OF MICH, MI US","42.29806","-83.66388","247.8","2000-03","0.6","-7.2","25.6","2795.8","6.3","12.0","0.6"
"USC00200230","ANN ARBOR U OF MICH, MI US","42.29806","-83.66388","247.8","2000-04","0.6","-3.3","24.4","3074.7","9.0","15.1","3.0"
"USC00200230","ANN ARBOR U OF MICH, MI US","42.29806","-83.66388","247.8","2000-05","34.7","4.4","29.4","3165.0","16.5","22.5","10.6"
"USC00200230","ANN ARBOR U OF MICH, MI US","42.29806","-83.66388","247.8","2000-06","117.1","6.7","31.7","3186.9","20.4","25.9","14.8"
"USC00204954","LUDINGTON, MI US","43.9066","-86.3942","210.3","2000-01","0.0","-16.1","9.4",,"-3.9","-0.6","-7.2"
"USC00204954","LUDINGTON, MI US","43.9066","-86.3942","210.3","2000-02","0.0","-15.0","17.2",,"0.4","4.1","-3.3"
"USC00204954","LUDINGTON, MI US","43.9066","-86.3942","210.3","2000-03","0.0","-6.7","21.1",,"5.0","9.6","0.3"
"USC00204954","LUDINGTON, MI US","43.9066","-86.3942","210.3","2000-04","0.0","-3.9","21.7",,"7.4","12.9","1.9"
"USC00204954","LUDINGTON, MI US","43.9066","-86.3942","210.3","2000-05","16.5","2.2","26.7",,"15.0","20.1","9.8"
"USC00204954","LUDINGTON, MI US","43.9066","-86.3942","210.3","2000-06","57.4","4.4","30.0",,"18.7","23.6","13.8"
"USC00203744","HERMAN, MI US","46.6653","-88.3772","523.3","2000-01","0.0","-26.7","2.8","2640.3","-10.9","-5.4","-16.3"
"USC00203744","HERMAN, MI US","46.6653","-88.3772","523.3","2000-02","0.0","-31.1","13.3","3247.1","-5.2","0.6","-11.1"
"USC00203744","HERMAN, MI US","46.6653","-88.3772","523.3","2000-03","0.0","-25.6","21.7","3790.4","0.8","7.3","-5.7"
"USC00203744","HERMAN, MI US","46.6653","-88.3772","523.3","2000-04","0.0","-14.4","23.3","4278.5","2.1","9.9","-5.8"
"USC00203744","HERMAN, MI US","46.6653","-88.3772","523.3","2000-05","10.6","-7.8","30.0","4451.5","12.7","20.2","5.2"
"USC00203744","HERMAN, MI US","46.6653","-88.3772","523.3","2000-06","16.2","-0.6","29.4","4550.1","14.9","21.7","8.0"
"USC00208772","WELLSTON TIPPY DAM, MI US","44.2586","-85.9394","198.1","2000-01",,,,,,,
"USC00208772","WELLSTON TIPPY DAM, MI US","44.2586","-85.9394","198.1","2000-02",,,,,,,
"USC00208772","WELLSTON TIPPY DAM, MI US","44.2586","-85.9394","198.1","2000-03",,,,,,,
"USC00208772","WELLSTON TIPPY DAM, MI US","44.2586","-85.9394","198.1","2000-04",,,,,,,
"USC00208772","WELLSTON TIPPY DAM, MI US","44.2586","-85.9394","198.1","2000-05",,,,,,,
"USC00208772","WELLSTON TIPPY DAM, MI US","44.2586","-85.9394","198.1","2000-06",,,,,,,
"USC00208774","WELLSTON 1 N, MI US","44.2294","-85.9572","235.6","2000-01","0.0","-25.0","6.7",,"-6.3","-1.0","-11.6"
"USC00208774","WELLSTON 1 N, MI US","44.2294","-85.9572","235.6","2000-02","0.0","-23.9","16.7",,"-3.5","3.1","-10.1"
"USC00208774","WELLSTON 1 N, MI US","44.2294","-85.9572","235.6","2000-03",,,"23.9",,,"10.4",
"USC00208774","WELLSTON 1 N, MI US","44.2294","-85.9572","235.6","2000-04",,"-9.4","23.3",,"5.8","13.1","-1.5"
"USC00208774","WELLSTON 1 N, MI US","44.2294","-85.9572","235.6","2000-05",,,"29.4",,,"20.5",
"USC00208774","WELLSTON 1 N, MI US","44.2294","-85.9572","235.6","2000-06",,,"30.6",,,"23.4",
"USC00208890","WHITE CLOUD 9 E, MI US","43.5491","-85.5841","263.7","2000-01",,,,,,,
"USC00208890","WHITE CLOUD 9 E, MI US","43.5491","-85.5841","263.7","2000-04",,,,,,,
"USC00208890","WHITE CLOUD 9 E, MI US","43.5491","-85.5841","263.7","2000-05",,,,,,,
"USC00208890","WHITE CLOUD 9 E, MI US","43.5491","-85.5841","263.7","2000-06",,,,,,,
"USC00209188","YALE 1 NNW, MI US","43.1447","-82.8011","249.9","2000-01",,,,,,,
"USC00209188","YALE 1 NNW, MI US","43.1447","-82.8011","249.9","2000-02",,,,,,,
"USC00209188","YALE 1 NNW, MI US","43.1447","-82.8011","249.9","2000-03",,,,,,,
"USC00209188","YALE 1 NNW, MI US","43.1447","-82.8011","249.9","2000-04",,,,,,,
"USC00209188","YALE 1 NNW, MI US","43.1447","-82.8011","249.9","2000-05",,,,,,,
"USC00209188","YALE 1 NNW, MI US","43.1447","-82.8011","249.9","2000-06",,,,,,,
"USW00014822","DETROIT CITY AIRPORT, MI US","42.40725","-83.00899","189.8","2000-01","0.0","-16.1","14.4","1774.9","-3.1","0.7","-7.0"
"USW00014822","DETROIT CITY AIRPORT, MI US","42.40725","-83.00899","189.8","2000-02","0.0","-12.2","21.1","2285.7","0.7","4.7","-3.3"
"USW00014822","DETROIT CITY AIRPORT, MI US","42.40725","-83.00899","189.8","2000-03","2.8","-5.0","26.7","2640.4","7.0","12.3","1.7"
"USW00014822","DETROIT CITY AIRPORT, MI US","42.40725","-83.00899","189.8","2000-04","3.1","-1.7","25.0","2914.5","9.2","14.4","4.0"
"USW00014822","DETROIT CITY AIRPORT, MI US","42.40725","-83.00899","189.8","2000-05","42.6","5.6","30.6","2995.2","17.0","22.4","11.7"
"USW00014822","DETROIT CITY AIRPORT, MI US","42.40725","-83.00899","189.8","2000-06","149.1","9.4","32.8","3010.4","21.4","26.5","16.3"
"USC00205816","NEWBERRY LUCE CO ROAD COMMISSION, MI US","46.35155","-85.51629","241.4","2000-01","0.0","-25.0","3.3",,"-8.9","-4.7","-13.0"
"USC00205816","NEWBERRY LUCE CO ROAD COMMISSION, MI US","46.35155","-85.51629","241.4","2000-02","0.0","-18.9","11.1",,"-3.7","0.6","-8.1"
"USC00205816","NEWBERRY LUCE CO ROAD COMMISSION, MI US","46.35155","-85.51629","241.4","2000-03","0.0","-13.9","16.7",,"2.0","7.6","-3.6"
"USC00205816","NEWBERRY LUCE CO ROAD COMMISSION, MI US","46.35155","-85.51629","241.4","2000-04","0.0","-8.3","21.7",,"5.1","11.0","-0.8"
"USC00205816","NEWBERRY LUCE CO ROAD COMMISSION, MI US","46.35155","-85.51629","241.4","2000-05","1.4","-0.6","25.6",,"12.4","18.8","5.9"
"USC00205816","NEWBERRY LUCE CO ROAD COMMISSION, MI US","46.35155","-85.51629","241.4","2000-06","5.8","1.7","26.7",,"15.8","22.5","9.2"
"USC00200128","ALLEGAN 5 NE, MI US","42.5799","-85.7893","228.6","2000-01","0.0","-23.9","14.4","1933.8","-5.8","-0.9","-10.7"
"USC00200128","ALLEGAN 5 NE, MI US","42.5799","-85.7893","228.6","2000-02","0.0","-17.2","18.3","2495.2","-2.2","4.0","-8.4"
"USC00200128","ALLEGAN 5 NE, MI US","42.5799","-85.7893","228.6","2000-03","0.0","-7.8","25.6","2871.1","5.7","11.8","-0.4"
"USC00200128","ALLEGAN 5 NE, MI US","42.5799","-85.7893","228.6","2000-04","0.0","-5.6","22.8","3223.6","6.6","13.1","0.1"
"USC00200128","ALLEGAN 5 NE, MI US","42.5799","-85.7893","228.6","2000-05","15.3","2.8","29.4","3355.5","14.2","20.1","8.4"
"USC00200128","ALLEGAN 5 NE, MI US","42.5799","-85.7893","228.6","2000-06","56.7","3.9","31.1","3400.6","18.2","23.8","12.6"
"USW00014817","CADILLAC, MI US","44.2655","-85.3966","394.7","2000-01","0.0","-27.2","8.3",,"-7.6","-2.9","-12.3"
"USW00014817","CADILLAC, MI US","44.2655","-85.3966","394.7","2000-02",,,"18.3",,,"1.4",
"USW00014817","CADILLAC, MI US","44.2655","-85.3966","394.7","2000-03",,,"23.9",,,"9.4",
"USW00014817","CADILLAC, MI US","44.2655","-85.3966","394.7","2000-04",,"-11.1","24.4",,"4.9","11.4","-1.5"
"USW00014817","CADILLAC, MI US","44.2655","-85.3966","394.7","2000-05",,"-1.1","27.8",,"13.0","19.3","6.7"
"USW00014817","CADILLAC, MI US","44.2655","-85.3966","394.7","2000-06",,"3.3","30.0",,"17.9","23.0","12.8"
"USC00204967","LUPTON 1 S, MI US","44.4199","-84.0232","276.8","2000-01",,,,,,,
"USC00204967","LUPTON 1 S, MI US","44.4199","-84.0232","276.8","2000-03",,,,,,,
"USC00204967","LUPTON 1 S, MI US","44.4199","-84.0232","276.8","2000-04",,"-10.0","22.8",,"5.4","12.8","-1.9"
"USC00204967","LUPTON 1 S, MI US","44.4199","-84.0232","276.8","2000-05",,"-3.3","30.6",,"12.8","20.8","4.7"
"USC00204967","LUPTON 1 S, MI US","44.4199","-84.0232","276.8","2000-06",,"3.9","31.1",,"16.9","23.6","10.1"
"USW00014815","BATTLE CREEK KELLOGG AIRPORT, MI US","42.31192","-85.24147","282.5","2000-01","0.0","-20.0","13.3","2024.9","-5.0","-0.8","-9.2"
"USW00014815","BATTLE CREEK KELLOGG AIRPORT, MI US","42.31192","-85.24147","282.5","2000-02","0.0","-16.7","19.4","2563.7","-0.2","4.3","-4.8"
"USW00014815","BATTLE CREEK KELLOGG AIRPORT, MI US","42.31192","-85.24147","282.5","2000-03","0.0","-7.2","25.6","2929.0","6.2","11.8","0.5"
"USW00014815","BATTLE CREEK KELLOGG AIRPORT, MI US","42.31192","-85.24147","282.5","2000-04","0.0","-3.9","22.8","3230.5","8.3","13.9","2.6"
"USW00014815","BATTLE CREEK KELLOGG AIRPORT, MI US","42.31192","-85.24147","282.5","2000-05","27.4","3.9","28.9","3344.9","15.5","20.7","10.4"
"USW00014815","BATTLE CREEK KELLOGG AIRPORT, MI US","42.31192","-85.24147","282.5","2000-06","91.8","2.8","32.8","3381.5","19.3","24.4","14.1"
"USW00014814","ALPENA WASTEWATER PLANT, MI US","45.0605","-83.428","179.8","2000-01","0.0","-26.1","5.6","2146.2","-6.7","-2.4","-11.0"
"USW00014814","ALPENA WASTEWATER PLANT, MI US","45.0605","-83.428","179.8","2000-02","0.0","-18.9","11.7","2727.5","-3.8","0.6","-8.3"
"USW00014814","ALPENA WASTEWATER PLANT, MI US","45.0605","-83.428","179.8","2000-03","0.0","-9.4","22.8","3202.9","3.0","7.6","-1.6"
"USW00014814","ALPENA WASTEWATER PLANT, MI US","45.0605","-83.428","179.8","2000-04","0.0","-5.6","24.4","3581.1","4.8","8.8","0.9"
"USW00014814","ALPENA WASTEWATER PLANT, MI US","45.0605","-83.428","179.8","2000-05","6.7","-6.1","30.6","3817.4","10.9","17.9","3.9"
"USW00014814","ALPENA WASTEWATER PLANT, MI US","45.0605","-83.428","179.8","2000-06",,,"32.2",,,"20.7",
"USC00200925","BOYNE FALLS, MI US","45.1672","-84.9138","221.9","2000-01","0.0","-27.8","6.1","2080.7","-6.6","-2.2","-11.0"
"USC00200925","BOYNE FALLS, MI US","45.1672","-84.9138","221.9","2000-02","0.0","-23.9","18.3","2678.9","-2.3","3.0","-7.6"
"USC00200925","BOYNE FALLS, MI US","45.1672","-84.9138","221.9","2000-03","0.0","-11.1","27.8","3094.4","4.9","11.7","-1.9"
"USC00200925","BOYNE FALLS, MI US","45.1672","-84.9138","221.9","2000-04","0.0","-7.2","23.9","3436.3","6.9","14.1","-0.2"
"USC00200925","BOYNE FALLS, MI US","45.1672","-84.9138","221.9","2000-05","18.6","-2.8","30.6","3575.7","14.3","21.6","7.0"
"USC00200925","BOYNE FALLS, MI US","45.1672","-84.9138","221.9","2000-06","57.8","1.7","31.1","3623.4","18.1","24.5","11.6"
"USC00203632","HART 3 WSW, MI US","43.6751","-86.4228","236.2","2000-01","0.0","-21.7","10.0","2035.6","-5.6","-1.3","-9.9"
"USC00203632","HART 3 WSW, MI US","43.6751","-86.4228","236.2","2000-02","0.0","-16.7","17.8","2584.5","-1.3","3.4","-5.9"
"USC00203632","HART 3 WSW, MI US","43.6751","-86.4228","236.2","2000-03","0.0","-8.3","21.1","2978.9","5.1","10.3","-0.1"
"USC00203632","HART 3 WSW, MI US","43.6751","-86.4228","236.2","2000-04","0.0","-5.0","21.1","3311.9","6.1","12.2","0.0"
"USC00203632","HART 3 WSW, MI US","43.6751","-86.4228","236.2","2000-05","11.7","-0.6","27.2","3436.3","14.4","20.2","8.6"
"USC00203632","HART 3 WSW, MI US","43.6751","-86.4228","236.2","2000-06","49.5","3.3","29.4","3470.1","18.5","23.0","14.0"
"USC00202423","EAST TAWAS, MI US","44.2838","-83.5036","178.6","2000-01","0.0","-21.7","9.4","2164.9","-5.5","-0.9","-10.1"
"USC00202423","EAST TAWAS, MI US","44.2838","-83.5036","178.6","2000-02","0.0","-23.3","15.0","2771.9","-2.6","2.8","-8.0"
"USC00202423","EAST TAWAS, MI US","44.2838","-83.5036","178.6","2000-03","0.0","-10.6","23.9","3193.2","4.3","10.3","-1.7"
"USC00202423","EAST TAWAS, MI US","44.2838","-83.5036","178.6","2000-04","0.0","-7.2","21.7","3560.3","6.1","11.5","0.7"
"USC00202423","EAST TAWAS, MI US","44.2838","-83.5036","178.6","2000-05","17.2","0.6","30.0","3706.9","14.2","20.0","8.4"
"USC00202423","EAST TAWAS, MI US","44.2838","-83.5036","178.6","2000-06","56.1","6.7","32.2","3752.7","18.1","23.8","12.4"
"USC00203096","GAYLORD, MI US","45.0332","-84.7113","401.7","2000-01","0.0","-23.3","5.6","2365.9","-7.5","-3.2","-11.7"
"USC00203096","GAYLORD, MI US","45.0332","-84.7113","401.7","2000-02","0.0","-23.3","13.9","2992.9","-3.3","1.2","-7.8"
"USC00203096","GAYLORD, MI US","45.0332","-84.7113","401.7","2000-03","0.0","-11.7","24.4","3443.6","3.3","9.0","-2.3"
"USC00203096","GAYLORD, MI US","45.0332","-84.7113","401.7","2000-04","0.0","-7.8","22.2","3816.6","5.4","13.2","-2.4"
"USC00203096","GAYLORD, MI US","45.0332","-84.7113","401.7","2000-05","14.5","-2.8","28.9","3991.7","13.1","19.4","6.9"
"USC00203096","GAYLORD, MI US","45.0332","-84.7113","401.7","2000-06","34.3","2.8","28.9","4064.0","16.6","22.5","10.7"
"USW00014833","JACKSON REYNOLDS FIELD, MI US","42.26373","-84.45644","295.9","2000-01","0.0","-21.7","13.3","2036.0","-5.3","-0.5","-10.2"
"USW00014833","JACKSON REYNOLDS FIELD, MI US","42.26373","-84.45644","295.9","2000-02","0.0","-15.6","18.3","2582.6","-0.5","4.4","-5.4"
"USW00014833","JACKSON REYNOLDS FIELD, MI US","42.26373","-84.45644","295.9","2000-03","1.1","-8.9","26.1","2973.6","5.8","11.9","-0.4"
"USW00014833","JACKSON REYNOLDS FIELD, MI US","42.26373","-84.45644","295.9","2000-04","1.1","-5.0","23.9","3274.0","8.3","14.4","2.3"
"USW00014833","JACKSON REYNOLDS FIELD, MI US","42.26373","-84.45644","295.9","2000-05","34.1","3.3","28.9","3381.4","15.9","21.6","10.2"
"USW00014833","JACKSON REYNOLDS FIELD, MI US","42.26373","-84.45644","295.9","2000-06","99.1","5.6","31.7","3412.5","19.7","25.0","14.4"
"USC00203769","HESPERIA 4 WNW, MI US","43.5908","-86.1056","237.7","2000-01","0.0","-23.3","11.1","2251.9","-5.5","-0.5","-10.5"
"USC00203769","HESPERIA 4 WNW, MI US","43.5908","-86.1056","237.7","2000-02","0.0","-20.0","18.9","2806.9","-2.2","4.6","-9.1"
"USC00203769","HESPERIA 4 WNW, MI US","43.5908","-86.1056","237.7","2000-03","0.0","-11.1","22.8","3231.2","4.3","11.0","-2.4"
"USC00203769","HESPERIA 4 WNW, MI US","43.5908","-86.1056","237.7","2000-04","0.0","-9.4","22.2","3605.7","5.9","12.9","-1.2"
"USC00203769","HESPERIA 4 WNW, MI US","43.5908","-86.1056","237.7","2000-05","9.2","-1.7","28.3","3774.8","13.2","20.0","6.3"
"USC00203769","HESPERIA 4 WNW, MI US","43.5908","-86.1056","237.7","2000-06","28.7","1.1","30.6","3846.1","16.6","23.4","9.9"
"USC00202437","EATON RAPIDS, MI US","42.518","-84.6521","265.2","2000-01",,,,,,,
"USC00202437","EATON RAPIDS, MI US","42.518","-84.6521","265.2","2000-02",,,,,,,
"USC00202437","EATON RAPIDS, MI US","42.518","-84.6521","265.2","2000-03",,,,,,,
"USC00202437","EATON RAPIDS, MI US","42.518","-84.6521","265.2","2000-04",,,,,,,
"USC00202437","EATON RAPIDS, MI US","42.518","-84.6521","265.2","2000-05",,,,,,,
"USC00202437","EATON RAPIDS, MI US","42.518","-84.6521","265.2","2000-06",,,,,,,
"USC00201468","CHARLEVOIX, MI US","45.3172","-85.2672","180.7","2000-01","0.0","-20.0","4.4","2097.2","-5.6","-1.8","-9.4"
"USC00201468","CHARLEVOIX, MI US","45.3172","-85.2672","180.7","2000-02","0.0","-17.8","18.3","2704.4","-2.6","1.4","-6.6"
"USC00201468","CHARLEVOIX, MI US","45.3172","-85.2672","180.7","2000-03","0.0","-9.4","23.3","3180.2","3.0","7.3","-1.3"
"USC00201468","CHARLEVOIX, MI US","45.3172","-85.2672","180.7","2000-04","0.0","-3.9","19.4","3595.8","4.5","8.3","0.7"
"USC00201468","CHARLEVOIX, MI US","45.3172","-85.2672","180.7","2000-05","7.8","0.6","28.3","3784.0","12.5","17.2","7.8"
"USC00201468","CHARLEVOIX, MI US","45.3172","-85.2672","180.7","2000-06","25.0","5.6","30.6","3849.0","16.7","21.0","12.5"
"USW00014828","GLADWIN, MI US","43.9758","-84.4908","236.2","2000-01","0.0","-25.6","10.0","2138.7","-6.4","-1.2","-11.7"
"USW00014828","GLADWIN, MI US","43.9758","-84.4908","236.2","2000-02","0.0","-23.9","16.7","2756.0","-3.7","2.4","-9.9"
"USW00014828","GLADWIN, MI US","43.9758","-84.4908","236.2","2000-03","0.0","-10.6","25.6","3186.2","4.5","11.2","-2.3"
"USW00014828","GLADWIN, MI US","43.9758","-84.4908","236.2","2000-04","0.0","-6.7","22.2","3543.5","5.9","12.3","-0.4"
"USW00014828","GLADWIN, MI US","43.9758","-84.4908","236.2","2000-05","10.3","-1.1","30.0","3669.1","14.0","21.3","6.8"
"USW00014828","GLADWIN, MI US","43.9758","-84.4908","236.2","2000-06","42.2","5.0","31.7","3709.6","18.1","24.0","12.1"
"USW00014826","FLINT FCWOS, MI US","42.96684","-83.74996","234.8","2000-01","0.0","-25.0","13.3","2135.6","-6.3","-1.2","-11.5"
"USW00014826","FLINT FCWOS, MI US","42.96684","-83.74996","234.8","2000-02","0.0","-19.4","17.2","2710.6","-1.5","3.6","-6.6"
"USW00014826","FLINT FCWOS, MI US","42.96684","-83.74996","234.8","2000-03","2.0","-8.9","26.7","3120.7","5.2","11.3","-1.0"
"USW00014826","FLINT FCWOS, MI US","42.96684","-83.74996","234.8","2000-04","2.0","-6.1","23.9","3456.9","7.1","13.1","1.2"
"USW00014826","FLINT FCWOS, MI US","42.96684","-83.74996","234.8","2000-05","27.8","1.1","29.4","3578.6","15.2","21.2","9.3"
"USW00014826","FLINT FCWOS, MI US","42.96684","-83.74996","234.8","2000-06","92.8","5.6","31.7","3614.4","19.3","24.8","13.8"
"USC00203529","HALE LOUD DAM, MI US","44.4633","-83.7216","221.9","2000-01","0.0","-26.7","8.3","2099.6","-6.4","-0.9","-11.9"
"USC00203529","HALE LOUD DAM, MI US","44.4633","-83.7216","221.9","2000-02","0.0","-29.4","16.1","2742.1","-3.8","2.6","-10.3"
"USC00203529","HALE LOUD DAM, MI US","44.4633","-83.7216","221.9","2000-03","0.0","-13.3","26.7","3177.2","3.4","10.6","-3.8"
"USC00203529","HALE LOUD DAM, MI US","44.4633","-83.7216","221.9","2000-04","0.0","-9.4","22.2","3563.2","5.5","12.2","-1.3"
"USC00203529","HALE LOUD DAM, MI US","44.4633","-83.7216","221.9","2000-05","12.2","-2.2","29.4","3725.9","13.4","19.4","7.4"
"USC00203529","HALE LOUD DAM, MI US","44.4633","-83.7216","221.9","2000-06","37.7","5.0","30.6","3786.8","17.2","23.5","10.9"
"USC00208417","VANDERBILT 11 ENE, MI US","45.1702","-84.4397","275.8","2000-01","0.0","-28.9","3.9","2636.8","-9.1","-3.5","-14.7"
"USC00208417","VANDERBILT 11 ENE, MI US","45.1702","-84.4397","275.8","2000-02","0.0","-29.4","15.6","3358.7","-6.6","0.6","-13.8"
"USC00208417","VANDERBILT 11 ENE, MI US","45.1702","-84.4397","275.8","2000-03","0.0","-15.6","26.1","3865.2","2.0","9.2","-5.2"
"USC00208417","VANDERBILT 11 ENE, MI US","45.1702","-84.4397","275.8","2000-04","0.0","-10.6","23.9","4268.3","4.5","12.1","-3.1"
"USC00208417","VANDERBILT 11 ENE, MI US","45.1702","-84.4397","275.8","2000-05","14.5","-5.6","30.6","4471.6","12.2","20.1","4.4"
"USC00208417","VANDERBILT 11 ENE, MI US","45.1702","-84.4397","275.8","2000-06","38.1","-1.7","31.7","4567.9","15.9","23.0","8.9"
"USC00200373","AVOCA 4 N, MI US","43.12556","-82.68861","234.7","2000-01","0.0","-22.8","12.8","2022.7","-5.4","-0.5","-10.4"
"USC00200373","AVOCA 4 N, MI US","43.12556","-82.68861","234.7","2000-02","0.0","-20.0","20.0","2600.0","-2.3","2.7","-7.2"
"USC00200373","AVOCA 4 N, MI US","43.12556","-82.68861","234.7","2000-03","1.4","-7.8","26.1","3018.1","4.9","10.6","-0.8"
"USC00200373","AVOCA 4 N, MI US","43.12556","-82.68861","234.7","2000-04","1.4","-5.0","24.4","3375.2","5.9","11.4","0.4"
"USC00200373","AVOCA 4 N, MI US","43.12556","-82.68861","234.7","2000-05","25.0","1.7","28.9","3495.3","14.8","20.6","8.9"
"USC00200373","AVOCA 4 N, MI US","43.12556","-82.68861","234.7","2000-06","81.3","6.7","31.7","3528.6","19.1","24.4","13.8"
"US1MIKZ0006","WESTERN MICHIGAN UNIVERSITY, MI US","42.283","-85.615","271.9","2000-01",,,,,,,
"US1MIKZ0006","WESTERN MICHIGAN UNIVERSITY, MI US","42.283","-85.615","271.9","2000-02",,,,,,,
"US1MIKZ0006","WESTERN MICHIGAN UNIVERSITY, MI US","42.283","-85.615","271.9","2000-03",,,,,,,
"USC00207220","SAGINAW 9 W, MI US","43.4099","-84.1316","195.1","2000-01",,,,,,,
"USC00207220","SAGINAW 9 W, MI US","43.4099","-84.1316","195.1","2000-02",,,,,,,
"USC00207220","SAGINAW 9 W, MI US","43.4099","-84.1316","195.1","2000-03",,,,,,,
"USC00207220","SAGINAW 9 W, MI US","43.4099","-84.1316","195.1","2000-04",,,,,,,
"USC00207220","SAGINAW 9 W, MI US","43.4099","-84.1316","195.1","2000-05",,,,,,,
"USC00207220","SAGINAW 9 W, MI US","43.4099","-84.1316","195.1","2000-06",,,,,,,
"USC00207222","SAGINAW NUMBER 3, MI US","43.4122","-83.9561","182.9","2000-01",,,,,,,
"USC00207222","SAGINAW NUMBER 3, MI US","43.4122","-83.9561","182.9","2000-02",,,,,,,
"USC00207222","SAGINAW NUMBER 3, MI US","43.4122","-83.9561","182.9","2000-03",,,,,,,
"USC00207222","SAGINAW NUMBER 3, MI US","43.4122","-83.9561","182.9","2000-04",,,,,,,
"USC00207222","SAGINAW NUMBER 3, MI US","43.4122","-83.9561","182.9","2000-05",,,,,,,
"USC00207222","SAGINAW NUMBER 3, MI US","43.4122","-83.9561","182.9","2000-06",,,,,,,
"USC00206012","NW MICHIGAN RESEARCH FARM, MI US","44.883","-85.6752","249.9","2000-01","0.0","-15.0","5.6","2109.0","-5.7","-2.4","-8.9"
"USC00206012","NW MICHIGAN RESEARCH FARM, MI US","44.883","-85.6752","249.9","2000-02","0.0","-13.3","16.7","2684.7","-2.1","1.6","-5.8"
"USC00206012","NW MICHIGAN RESEARCH FARM, MI US","44.883","-85.6752","249.9","2000-03","0.0","-7.8","24.4","3128.3","4.0","8.4","-0.3"
"USC00206012","NW MICHIGAN RESEARCH FARM, MI US","44.883","-85.6752","249.9","2000-04","0.0","-3.3","22.8","3508.9","5.6","10.3","1.0"
"USC00206012","NW MICHIGAN RESEARCH FARM, MI US","44.883","-85.6752","249.9","2000-05","13.3","1.7","28.3","3663.9","13.8","18.9","8.7"
"USC00206012","NW MICHIGAN RESEARCH FARM, MI US","44.883","-85.6752","249.9","2000-06","45.8","5.6","30.0","3707.8","17.9","22.6","13.2"
"USW00014845","SAGINAW MBS INTERNATIONAL AIRPORT, MI US","43.52808","-84.08133","201.7","2000-01","0.0","-22.2","12.2","2130.5","-6.2","-1.8","-10.5"
"USW00014845","SAGINAW MBS INTERNATIONAL AIRPORT, MI US","43.52808","-84.08133","201.7","2000-02","0.0","-18.9","15.6","2721.9","-2.1","2.7","-6.8"
"USW00014845","SAGINAW MBS INTERNATIONAL AIRPORT, MI US","43.52808","-84.08133","201.7","2000-03","0.6","-8.3","25.6","3128.5","5.2","10.8","-0.3"
"USW00014845","SAGINAW MBS INTERNATIONAL AIRPORT, MI US","43.52808","-84.08133","201.7","2000-04","0.6","-6.1","23.3","3474.7","6.8","11.9","1.7"
"USW00014845","SAGINAW MBS INTERNATIONAL AIRPORT, MI US","43.52808","-84.08133","201.7","2000-05","26.6","2.8","30.0","3593.9","15.3","20.6","10.1"
"USW00014845","SAGINAW MBS INTERNATIONAL AIRPORT, MI US","43.52808","-84.08133","201.7","2000-06","87.7","6.1","33.9","3623.9","19.4","24.8","13.9"
"USW00014841","PELLSTON REGIONAL AIRPORT, MI US","45.5644","-84.79291","215.3","2000-01","0.0","-28.9","4.4","2347.0","-7.7","-2.5","-13.0"
"USW00014841","PELLSTON REGIONAL AIRPORT, MI US","45.5644","-84.79291","215.3","2000-02","0.0","-25.0","16.1","3014.8","-4.7","1.5","-10.9"
"USW00014841","PELLSTON REGIONAL AIRPORT, MI US","45.5644","-84.79291","215.3","2000-03","0.0","-14.4","25.6","3494.2","2.9","9.0","-3.3"
"USW00014841","PELLSTON REGIONAL AIRPORT, MI US","45.5644","-84.79291","215.3","2000-04","0.0","-8.3","21.7","3893.5","5.0","11.3","-1.2"
"USW00014841","PELLSTON REGIONAL AIRPORT, MI US","45.5644","-84.79291","215.3","2000-05","14.1","-1.1","30.0","4084.0","12.6","19.2","6.1"
"USW00014841","PELLSTON REGIONAL AIRPORT, MI US","45.5644","-84.79291","215.3","2000-06","35.5","1.7","31.7","4164.7","16.4","22.2","10.5"
"USW00014840","MUSKEGON CO AIRPORT, MI US","43.17111","-86.23685","190.3","2000-01","0.0","-21.7","11.7","1978.3","-3.7","-0.1","-7.3"
"USW00014840","MUSKEGON CO AIRPORT, MI US","43.17111","-86.23685","190.3","2000-02","0.0","-15.0","18.9","2501.6","0.3","4.6","-4.0"
"USW00014840","MUSKEGON CO AIRPORT, MI US","43.17111","-86.23685","190.3","2000-03","0.0","-9.4","22.8","2909.4","5.2","10.3","0.1"
"USW00014840","MUSKEGON CO AIRPORT, MI US","43.17111","-86.23685","190.3","2000-04","0.0","-6.1","20.6","3251.9","6.9","12.2","1.7"
"USW00014840","MUSKEGON CO AIRPORT, MI US","43.17111","-86.23685","190.3","2000-05","13.6","3.3","28.3","3383.4","14.5","19.5","9.6"
"USW00014840","MUSKEGON CO AIRPORT, MI US","43.17111","-86.23685","190.3","2000-06","45.9","5.6","29.4","3423.9","18.1","22.8","13.3"
"USW00014838","MARQUETTE, MI US","46.5458","-87.3795","186.8","2000-01","0.0","-19.4","5.0","2283.2","-5.4","-1.6","-9.3"
"USW00014838","MARQUETTE, MI US","46.5458","-87.3795","186.8","2000-02","0.0","-15.0","15.0","2852.1","-1.3","2.9","-5.4"
"USW00014838","MARQUETTE, MI US","46.5458","-87.3795","186.8","2000-03","0.0","-7.8","25.0","3309.4","3.6","7.6","-0.4"
"USW00014838","MARQUETTE, MI US","46.5458","-87.3795","186.8","2000-04","0.0","-3.9","22.2","3721.9","4.6","8.1","1.0"
"USW00014838","MARQUETTE, MI US","46.5458","-87.3795","186.8","2000-05","8.3","0.6","31.1","3858.6","14.1","19.0","9.3"
"USW00014838","MARQUETTE, MI US","46.5458","-87.3795","186.8","2000-06","14.2","4.4","25.6","3950.0","15.5","19.9","11.1"
"USW00014836","LANSING CAPITAL CITY AIRPORT, MI US","42.77609","-84.59972","261.2","2000-01","0.0","-27.2","13.3","2172.2","-6.3","-1.0","-11.6"
"USW00014836","LANSING CAPITAL CITY AIRPORT, MI US","42.77609","-84.59972","261.2","2000-02","0.0","-21.1","17.2","2739.1","-1.2","3.9","-6.4"
"USW00014836","LANSING CAPITAL CITY AIRPORT, MI US","42.77609","-84.59972","261.2","2000-03","1.4","-10.0","26.1","3153.8","5.0","11.4","-1.4"
"USW00014836","LANSING CAPITAL CITY AIRPORT, MI US","42.77609","-84.59972","261.2","2000-04","1.4","-6.7","22.8","3501.2","6.8","13.1","0.4"
"USW00014836","LANSING CAPITAL CITY AIRPORT, MI US","42.77609","-84.59972","261.2","2000-05","24.6","1.1","28.3","3625.4","15.1","20.8","9.4"
"USW00014836","LANSING CAPITAL CITY AIRPORT, MI US","42.77609","-84.59972","261.2","2000-06","83.2","5.6","31.7","3666.5","18.9","24.6","13.3"
"USC00203099","GAYLORD 9 SSW, MI US","44.90715","-84.71891","447.4","2000-01","0.0","-21.7","6.1","2505.9","-8.4","-4.6","-12.3"
"USC00203099","GAYLORD 9 SSW, MI US","44.90715","-84.71891","447.4","2000-02","0.0","-17.2","13.9","3162.3","-4.3","-0.4","-8.2"
"USC00203099","GAYLORD 9 SSW, MI US","44.90715","-84.71891","447.4","2000-03","0.0","-12.2","25.0","3648.4","2.6","8.2","-2.9"
"USC00203099","GAYLORD 9 SSW, MI US","44.90715","-84.71891","447.4","2000-04","0.0","-6.7","21.7","4058.1","4.7","10.0","-0.6"
"USC00203099","GAYLORD 9 SSW, MI US","44.90715","-84.71891","447.4","2000-05","12.0","-1.1","28.3","4250.7","12.5","18.1","6.9"
"USC00203099","GAYLORD 9 SSW, MI US","44.90715","-84.71891","447.4","2000-06","30.9","3.9","28.3","4333.0","16.1","21.3","11.0"
"USC00201476","CHARLOTTE, MI US","42.5499","-84.825","274.9","2000-01","0.0","-21.1","13.3",,"-5.8","-1.4","-10.3"
"USC00201476","CHARLOTTE, MI US","42.5499","-84.825","274.9","2000-02","0.0","-17.2","17.8",,"-1.5","3.7","-6.7"
"USC00201476","CHARLOTTE, MI US","42.5499","-84.825","274.9","2000-03","0.3","-11.1","26.1",,"5.0","11.2","-1.1"
"USC00201476","CHARLOTTE, MI US","42.5499","-84.825","274.9","2000-04","0.3","-5.0","22.8",,"7.0","13.0","0.9"
"USC00201476","CHARLOTTE, MI US","42.5499","-84.825","274.9","2000-05","18.4","3.3","28.9",,"14.7","20.5","8.9"
"USC00201476","CHARLOTTE, MI US","42.5499","-84.825","274.9","2000-06","76.2","5.6","31.7",,"19.1","24.3","13.9"
"USC00204502","LAKE CITY EXPERIMENTAL FARM, MI US","44.3088","-85.205","374.9","2000-01","0.0","-27.2","7.8","2483.3","-8.2","-2.8","-13.5"
"USC00204502","LAKE CITY EXPERIMENTAL FARM, MI US","44.3088","-85.205","374.9","2000-02","0.0","-28.9","15.6","3158.7","-5.0","1.1","-11.1"
"USC00204502","LAKE CITY EXPERIMENTAL FARM, MI US","44.3088","-85.205","374.9","2000-03","0.0","-11.1","23.9","3617.3","3.5","9.5","-2.4"
"USC00204502","LAKE CITY EXPERIMENTAL FARM, MI US","44.3088","-85.205","374.9","2000-04","0.0","-9.4","21.7","4025.0","4.7","11.2","-1.7"
"USC00204502","LAKE CITY EXPERIMENTAL FARM, MI US","44.3088","-85.205","374.9","2000-05","8.9","-1.7","27.8","4201.7","12.9","19.3","6.6"
"USC00204502","LAKE CITY EXPERIMENTAL FARM, MI US","44.3088","-85.205","374.9","2000-06","35.5","2.8","29.4","4265.7","17.1","22.7","11.5"
"USC00200146","ALMA, MI US","43.38686","-84.64818","221.9","2000-01","0.0","-22.2","12.8","2048.5","-5.7","-1.0","-10.4"
"USC00200146","ALMA, MI US","43.38686","-84.64818","221.9","2000-02","0.0","-18.9","16.1","2638.2","-2.0","3.2","-7.2"
"USC00200146","ALMA, MI US","43.38686","-84.64818","221.9","2000-03","1.4","-9.4","26.1","3031.2","5.7","11.5","-0.1"
"USC00200146","ALMA, MI US","43.38686","-84.64818","221.9","2000-04","1.4","-5.6","22.8","3337.1","7.8","13.5","2.1"
"USC00200146","ALMA, MI US","43.38686","-84.64818","221.9","2000-05","25.0","2.8","30.0","3444.9","15.6","21.3","9.9"
"USC00200146","ALMA, MI US","43.38686","-84.64818","221.9","2000-06","90.2","7.2","33.3","3470.2","19.7","25.3","14.0"
"USC00202445","EAU CLAIRE 4 NE, MI US","42.0153","-86.243","256.0","2000-01","0.0","-17.8","15.0","1829.2","-3.4","0.6","-7.4"
"USC00202445","EAU CLAIRE 4 NE, MI US","42.0153","-86.243","256.0","2000-02","0.0","-11.7","21.7","2319.1","1.4","5.6","-2.7"
"USC00202445","EAU CLAIRE 4 NE, MI US","42.0153","-86.243","256.0","2000-03","0.3","-6.7","25.0","2675.3","6.9","12.3","1.4"
"USC00202445","EAU CLAIRE 4 NE, MI US","42.0153","-86.243","256.0","2000-04","0.6","-2.8","23.9","2946.0","9.3","15.2","3.5"
"USC00202445","EAU CLAIRE 4 NE, MI US","42.0153","-86.243","256.0","2000-05","38.6","4.4","30.0","3021.6","17.1","22.7","11.6"
"USC00202445","EAU CLAIRE 4 NE, MI US","42.0153","-86.243","256.0","2000-06","117.7","5.6","32.2","3045.5","20.2","25.4","14.9"
"USC00206007","NORTHPORT 2 W, MI US","45.1322","-85.6472","227.4","2000-01",,,,,,,
"USC00206007","NORTHPORT 2 W, MI US","45.1322","-85.6472","227.4","2000-02",,,,,,,
"USC00206007","NORTHPORT 2 W, MI US","45.1322","-85.6472","227.4","2000-03",,,,,,,
"USC00206007","NORTHPORT 2 W, MI US","45.1322","-85.6472","227.4","2000-04",,,,,,,
"USC00206007","NORTHPORT 2 W, MI US","45.1322","-85.6472","227.4","2000-05",,,,,,,
"USC00206007","NORTHPORT 2 W, MI US","45.1322","-85.6472","227.4","2000-06",,,,,,,
"USC00201492","CHEBOYGAN, MI US","45.65225","-84.47239","177.4","2000-01","0.0","-24.4","5.0","2275.2","-7.7","-2.0","-13.4"
"USC00201492","CHEBOYGAN, MI US","45.65225","-84.47239","177.4","2000-02","0.0","-21.1","16.7","2945.0","-4.8","0.9","-10.5"
"USC00201492","CHEBOYGAN, MI US","45.65225","-84.47239","177.4","2000-03","0.0","-11.7","18.9","3445.9","1.7","7.0","-3.7"
"USC00201492","CHEBOYGAN, MI US","45.65225","-84.47239","177.4","2000-04","0.0","-11.7","20.0","3852.4","4.2","10.1","-1.8"
"USC00201492","CHEBOYGAN, MI US","45.65225","-84.47239","177.4","2000-05","3.8","-2.8","29.4","4041.1","11.8","17.5","6.0"
"USC00201492","CHEBOYGAN, MI US","45.65225","-84.47239","177.4","2000-06","15.5","1.7","30.0","4123.1","15.9","21.0","10.7"
"USC00207350","SANDUSKY, MI US","43.4194","-82.8191","235.9","2000-01",,,,,,,
"USC00207350","SANDUSKY, MI US","43.4194","-82.8191","235.9","2000-02",,,"18.3",,,"2.8",
"USC00207350","SANDUSKY, MI US","43.4194","-82.8191","235.9","2000-03",,"-7.2","26.7",,"5.1","11.3","-1.1"
"USC00207350","SANDUSKY, MI US","43.4194","-82.8191","235.9","2000-04",,"-5.6","23.3",,"6.2","11.8","0.7"
"USC00207350","SANDUSKY, MI US","43.4194","-82.8191","235.9","2000-05",,,"28.9",,,"20.1",
"USC00207350","SANDUSKY, MI US","43.4194","-82.8191","235.9","2000-06",,,,,,,
"USC00200718","BERGLAND DAM, MI US","46.5869","-89.5475","396.2","2000-01","0.0","-26.7","4.4","2684.1","-11.6","-5.3","-17.9"
"USC00200718","BERGLAND DAM, MI US","46.5869","-89.5475","396.2","2000-02","0.0","-30.6","13.3","3354.4","-7.4","0.0","-14.7"
"USC00200718","BERGLAND DAM, MI US","46.5869","-89.5475","396.2","2000-03","0.0","-25.0","21.1","3903.4","0.1","7.2","-7.0"
"USC00200718","BERGLAND DAM, MI US","46.5869","-89.5475","396.2","2000-04","0.0","-8.9","23.9","4344.5","2.7","9.2","-3.9"
"USC00200718","BERGLAND DAM, MI US","46.5869","-89.5475","396.2","2000-05","3.4","-5.0","30.6","4550.5","11.8","20.0","3.5"
"USC00200718","BERGLAND DAM, MI US","46.5869","-89.5475","396.2","2000-06","4.3","0.0","30.0","4665.0","14.5","21.7","7.2"
"USW00014853","DETROIT WILLOW RUN AIRPORT, MI US","42.23666","-83.52638","215.7","2000-01","0.0","-21.7","13.3","2049.6","-5.4","-0.5","-10.3"
"USW00014853","DETROIT WILLOW RUN AIRPORT, MI US","42.23666","-83.52638","215.7","2000-02","0.0","-17.8","21.1","2615.2","-1.2","4.1","-6.4"
"USW00014853","DETROIT WILLOW RUN AIRPORT, MI US","42.23666","-83.52638","215.7","2000-03","0.0","-9.4","26.1","3008.4","5.6","12.0","-0.7"
"USW00014853","DETROIT WILLOW RUN AIRPORT, MI US","42.23666","-83.52638","215.7","2000-04","0.0","-5.6","25.6","3324.4","7.8","14.3","1.3"
"USW00014853","DETROIT WILLOW RUN AIRPORT, MI US","42.23666","-83.52638","215.7","2000-05","29.1","2.2","30.0","3439.3","15.6","21.7","9.4"
"USW00014853","DETROIT WILLOW RUN AIRPORT, MI US","42.23666","-83.52638","215.7","2000-06","106.8","5.6","32.2","3465.2","20.1","25.7","14.4"
"USW00014850","TRAVERSE CITY CHERRY CAPITAL AIRPORT, MI US","44.73895","-85.5679","185.2","2000-01","0.0","-22.8","7.8","2184.2","-5.8","-1.9","-9.7"
"USW00014850","TRAVERSE CITY CHERRY CAPITAL AIRPORT, MI US","44.73895","-85.5679","185.2","2000-02","0.0","-21.7","18.3","2765.5","-1.7","3.0","-6.4"
"USW00014850","TRAVERSE CITY CHERRY CAPITAL AIRPORT, MI US","44.73895","-85.5679","185.2","2000-03","1.1","-8.3","25.0","3189.3","4.7","10.3","-0.9"
"USW00014850","TRAVERSE CITY CHERRY CAPITAL AIRPORT, MI US","44.73895","-85.5679","185.2","2000-04","1.1","-6.1","23.3","3578.9","5.4","11.4","-0.8"
"USW00014850","TRAVERSE CITY CHERRY CAPITAL AIRPORT, MI US","44.73895","-85.5679","185.2","2000-05","14.9","-1.7","29.4","3748.0","13.3","19.6","7.1"
"USW00014850","TRAVERSE CITY CHERRY CAPITAL AIRPORT, MI US","44.73895","-85.5679","185.2","2000-06","51.2","2.8","30.6","3795.3","18.0","23.7","12.3"
"USW00094889","ANN ARBOR MUNICIPAL AIRPORT, MI US","42.22393","-83.73983","250.6","2000-01","0.0","-25.6","13.3","2161.5","-6.1","-0.4","-11.8"
"USW00094889","ANN ARBOR MUNICIPAL AIRPORT, MI US","42.22393","-83.73983","250.6","2000-02","0.0","-19.4","19.4","2744.8","-1.8","3.8","-7.3"
"USW00094889","ANN ARBOR MUNICIPAL AIRPORT, MI US","42.22393","-83.73983","250.6","2000-03","0.0","-8.3","26.1","3151.6","5.2","11.9","-1.5"
"USW00094889","ANN ARBOR MUNICIPAL AIRPORT, MI US","42.22393","-83.73983","250.6","2000-04","0.0","-6.7","25.0","3472.4","7.6","14.4","0.9"
"USW00094889","ANN ARBOR MUNICIPAL AIRPORT, MI US","42.22393","-83.73983","250.6","2000-05","22.2","0.0","30.0","3589.4","15.1","21.6","8.5"
"USW00094889","ANN ARBOR MUNICIPAL AIRPORT, MI US","42.22393","-83.73983","250.6","2000-06","84.1","5.0","31.7","3618.6","19.4","25.4","13.5"
"USC00203429","GREENVILLE 2 NNE, MI US","43.2026","-85.2421","270.7","2000-01","0.0","-21.7","13.9","1984.4","-4.6","-0.1","-9.2"
"USC00203429","GREENVILLE 2 NNE, MI US","43.2026","-85.2421","270.7","2000-02","0.0","-17.8","18.3","2516.7","0.0","5.0","-5.0"
"USC00203429","GREENVILLE 2 NNE, MI US","43.2026","-85.2421","270.7","2000-03","1.1","-8.9","26.7","2899.6","6.0","12.4","-0.4"
"USC00203429","GREENVILLE 2 NNE, MI US","43.2026","-85.2421","270.7","2000-04","1.1","-5.0","22.8","3198.5","8.4","15.0","1.7"
"USC00203429","GREENVILLE 2 NNE, MI US","43.2026","-85.2421","270.7","2000-05","26.3","1.7","29.4","3300.0","15.9","21.8","9.9"
"USC00203429","GREENVILLE 2 NNE, MI US","43.2026","-85.2421","270.7","2000-06","90.9","3.3","32.2","3325.9","19.6","25.4","13.9"
"USC00200710","BENTON HARBOR AIRPORT, MI US","42.1245","-86.4266","190.5","2000-01","0.0","-17.8","15.6",,"-2.6","1.1","-6.3"
"USC00200710","BENTON HARBOR AIRPORT, MI US","42.1245","-86.4266","190.5","2000-02","0.0","-13.3","20.6",,"0.8","4.3","-2.8"
"USC00200710","BENTON HARBOR AIRPORT, MI US","42.1245","-86.4266","190.5","2000-03","0.9","-7.8","25.6",,"6.1","11.8","0.3"
"USC00200710","BENTON HARBOR AIRPORT, MI US","42.1245","-86.4266","190.5","2000-04",,"-6.1",,,,,"2.3"
"USC00200710","BENTON HARBOR AIRPORT, MI US","42.1245","-86.4266","190.5","2000-05",,"-0.6",,,,,"10.5"
"USC00200710","BENTON HARBOR AIRPORT, MI US","42.1245","-86.4266","190.5","2000-06",,"2.8",,,,,"12.9"
"USC00203306","GRAND LEDGE 1 NW, MI US","42.7621","-84.7617","244.1","2000-01",,,,,,,
"USC00203306","GRAND LEDGE 1 NW, MI US","42.7621","-84.7617","244.1","2000-02",,,,,,,
"USC00203306","GRAND LEDGE 1 NW, MI US","42.7621","-84.7617","244.1","2000-03",,,,,,,
"USC00203306","GRAND LEDGE 1 NW, MI US","42.7621","-84.7617","244.1","2000-04",,,,,,,
"USC00203306","GRAND LEDGE 1 NW, MI US","42.7621","-84.7617","244.1","2000-05",,,,,,,
"USC00201802","CORNELL 5 SE, MI US","45.8269","-87.1589","242.0","2000-01","0.0","-26.1","3.9","2435.5","-9.0","-3.4","-14.6"
"USC00201802","CORNELL 5 SE, MI US","45.8269","-87.1589","242.0","2000-02","0.0","-22.8","12.2","3122.0","-5.3","0.0","-10.7"
"USC00201802","CORNELL 5 SE, MI US","45.8269","-87.1589","242.0","2000-03","0.0","-13.9","23.9","3586.7","2.3","8.4","-3.8"
"USC00201802","CORNELL 5 SE, MI US","45.8269","-87.1589","242.0","2000-04","0.0","-7.2","21.1","4006.2","4.4","10.2","-1.5"
"USC00201802","CORNELL 5 SE, MI US","45.8269","-87.1589","242.0","2000-05","6.1","-1.1","28.9","4194.0","12.5","19.3","5.7"
"USC00201802","CORNELL 5 SE, MI US","45.8269","-87.1589","242.0","2000-06","11.4","2.2","32.8","4259.0","15.9","22.2","9.7"
"USW00014847","SAULT STE MARIE SANDERSON FIELD, MI US","46.47998","-84.35809","219.8","2000-01","0.0","-28.3","2.8","2609.9","-9.9","-5.3","-14.6"
"USW00014847","SAULT STE MARIE SANDERSON FIELD, MI US","46.47998","-84.35809","219.8","2000-02","0.0","-20.6","9.4","3295.0","-5.3","-0.7","-9.9"
"USW00014847","SAULT STE MARIE SANDERSON FIELD, MI US","46.47998","-84.35809","219.8","2000-03","0.0","-14.4","15.6","3831.4","1.0","5.6","-3.5"
"USW00014847","SAULT STE MARIE SANDERSON FIELD, MI US","46.47998","-84.35809","219.8","2000-04","0.0","-7.2","20.6","4244.6","4.6","9.9","-0.7"
"USW00014847","SAULT STE MARIE SANDERSON FIELD, MI US","46.47998","-84.35809","219.8","2000-05","3.6","-1.1","27.8","4472.7","11.1","16.8","5.4"
"USW00014847","SAULT STE MARIE SANDERSON FIELD, MI US","46.47998","-84.35809","219.8","2000-06","8.3","3.9","26.7","4594.9","14.4","19.8","9.1"
"USC00201361","CASS CITY 1 SSW, MI US","43.5861","-83.1805","212.8","2000-01",,,"12.2",,,"-1.0",
"USC00201361","CASS CITY 1 SSW, MI US","43.5861","-83.1805","212.8","2000-02",,,"18.9",,,"4.1",
"USC00201361","CASS CITY 1 SSW, MI US","43.5861","-83.1805","212.8","2000-03",,"-8.9","27.8",,"4.9","11.6","-1.9"
"USC00201361","CASS CITY 1 SSW, MI US","43.5861","-83.1805","212.8","2000-04",,,"25.6",,,"13.1",
"USC00201361","CASS CITY 1 SSW, MI US","43.5861","-83.1805","212.8","2000-05",,"2.2","30.6",,"15.3","21.7","8.9"
"USC00201361","CASS CITY 1 SSW, MI US","43.5861","-83.1805","212.8","2000-06",,,"33.3",,,"25.7",
"USC00200032","ADRIAN 2 NNE, MI US","41.91636","-84.01635","231.6","2000-01","0.0","-21.1","13.9","1985.9","-4.7","0.6","-10.0"
"USC00200032","ADRIAN 2 NNE, MI US","41.91636","-84.01635","231.6","2000-02","0.0","-16.1","19.4","2522.9","-0.2","5.3","-5.7"
"USC00200032","ADRIAN 2 NNE, MI US","41.91636","-84.01635","231.6","2000-03","0.0","-8.9","26.1","2904.9","6.0","12.2","-0.2"
"USC00200032","ADRIAN 2 NNE, MI US","41.91636","-84.01635","231.6","2000-04","0.0","-3.9","25.0","3183.8","8.4","15.0","1.9"
"USC00200032","ADRIAN 2 NNE, MI US","41.91636","-84.01635","231.6","2000-05","30.5","3.3","30.0","3280.8","16.2","22.3","10.1"
"USC00200032","ADRIAN 2 NNE, MI US","41.91636","-84.01635","231.6","2000-06","107.9","6.1","32.2","3306.7","20.1","25.4","14.7"
"USC00204078","IONIA 2 SSW, MI US","42.953","-85.0777","245.4","2000-01","0.0","-20.6","13.9",,"-5.7","-1.3","-10.0"
"USC00204078","IONIA 2 SSW, MI US","42.953","-85.0777","245.4","2000-02","0.0","-16.7","16.7",,"-1.9","3.1","-6.9"
"USC00204078","IONIA 2 SSW, MI US","42.953","-85.0777","245.4","2000-03","0.9","-8.9","25.6",,"5.2","11.0","-0.6"
"USC00204078","IONIA 2 SSW, MI US","42.953","-85.0777","245.4","2000-04","0.9","-5.0","22.8",,"6.7","12.3","1.1"
"USC00204078","IONIA 2 SSW, MI US","42.953","-85.0777","245.4","2000-05","24.7","2.8","29.4",,"15.1","20.4","9.8"
"USC00204078","IONIA 2 SSW, MI US","42.953","-85.0777","245.4","2000-06","82.5","4.4","32.2",,"19.0","24.1","13.9"
"USC00203661","HASTINGS, MI US","42.64208","-85.28819","250.2","2000-01","0.0","-20.0","14.4","2045.1","-4.7","0.8","-10.2"
"USC00203661","HASTINGS, MI US","42.64208","-85.28819","250.2","2000-02","0.0","-17.8","19.4","2599.3","-0.8","5.6","-7.2"
"USC00203661","HASTINGS, MI US","42.64208","-85.28819","250.2","2000-03","2.2","-8.3","26.7","2990.0","5.8","12.5","-0.9"
"USC00203661","HASTINGS, MI US","42.64208","-85.28819","250.2","2000-04","2.2","-6.1","23.9","3319.6","7.4","14.3","0.4"
"USC00203661","HASTINGS, MI US","42.64208","-85.28819","250.2","2000-05","26.3","2.2","30.0","3444.4","15.1","21.5","8.7"
"USC00203661","HASTINGS, MI US","42.64208","-85.28819","250.2","2000-06","85.4","3.3","32.2","3482.8","19.1","25.2","13.1"
"USC00205603","MORENCI, MI US","41.7216","-84.2147","234.7","2000-01",,,,,,,
"USC00205603","MORENCI, MI US","41.7216","-84.2147","234.7","2000-02",,,,,,,
"USC00205603","MORENCI, MI US","41.7216","-84.2147","234.7","2000-03",,,,,,,
"USC00205603","MORENCI, MI US","41.7216","-84.2147","234.7","2000-04",,,,,,,
"USC00205603","MORENCI, MI US","41.7216","-84.2147","234.7","2000-05",,,,,,,
"USC00205603","MORENCI, MI US","41.7216","-84.2147","234.7","2000-06",,,,,,,
"USC00201486","CHATHAM EXPERIMENT FARM 2, MI US","46.3414","-86.9242","265.2","2000-01","0.0","-23.3","2.8","2428.7","-8.1","-2.8","-13.3"
"USC00201486","CHATHAM EXPERIMENT FARM 2, MI US","46.3414","-86.9242","265.2","2000-02","0.0","-28.3","12.2","3111.5","-5.2","1.7","-12.1"
"USC00201486","CHATHAM EXPERIMENT FARM 2, MI US","46.3414","-86.9242","265.2","2000-03","0.0","-16.7","22.8","3608.2","1.8","8.6","-5.1"
"USC00201486","CHATHAM EXPERIMENT FARM 2, MI US","46.3414","-86.9242","265.2","2000-04","0.0","-9.4","21.7","4051.2","3.6","10.6","-3.4"
"USC00201486","CHATHAM EXPERIMENT FARM 2, MI US","46.3414","-86.9242","265.2","2000-05","7.5","-3.9","29.4","4225.0","13.0","21.0","5.0"
"USC00201486","CHATHAM EXPERIMENT FARM 2, MI US","46.3414","-86.9242","265.2","2000-06","11.7","-1.1","29.4","4302.9","15.7","23.9","7.6"
"USC00207364","SAULT STE MARIE, MI US","46.48913","-84.31932","183.5","2000-01","0.0","-32.2","2.8","2725.6","-11.7","-5.1","-18.3"
"USC00207364","SAULT STE MARIE, MI US","46.48913","-84.31932","183.5","2000-02","0.0","-25.0","10.0","3471.2","-7.4","-1.1","-13.6"
"USC00207364","SAULT STE MARIE, MI US","46.48913","-84.31932","183.5","2000-03","0.0","-17.8","16.7","4036.3","0.1","5.2","-5.0"
"USC00207364","SAULT STE MARIE, MI US","46.48913","-84.31932","183.5","2000-04","0.0","-7.8","20.6","4474.3","3.7","9.8","-2.4"
"USC00207364","SAULT STE MARIE, MI US","46.48913","-84.31932","183.5","2000-05","3.3","-2.8","28.3","4714.6","10.7","17.2","4.1"
"USC00207364","SAULT STE MARIE, MI US","46.48913","-84.31932","183.5","2000-06","7.8","1.7","27.8","4839.9","14.3","20.1","8.5"
"USC00205065","MANISTEE 3 SE, MI US","44.2113","-86.2938","204.2","2000-01","0.0","-17.2","8.9","2019.2","-4.3","-0.7","-8.0"
"USC00205065","MANISTEE 3 SE, MI US","44.2113","-86.2938","204.2","2000-02","0.0","-17.8","17.8","2560.8","-0.3","3.5","-4.2"
"USC00205065","MANISTEE 3 SE, MI US","44.2113","-86.2938","204.2","2000-03","0.0","-8.3","22.8","2968.6","5.2","10.4","0.0"
"USC00205065","MANISTEE 3 SE, MI US","44.2113","-86.2938","204.2","2000-04","0.0","-5.6","21.1","3332.0","6.2","11.6","0.9"
"USC00205065","MANISTEE 3 SE, MI US","44.2113","-86.2938","204.2","2000-05","14.7","-0.6","27.2","3472.2","14.3","19.4","9.2"
"USC00205065","MANISTEE 3 SE, MI US","44.2113","-86.2938","204.2","2000-06","56.3","3.3","30.0","3517.9","18.2","23.5","12.9"
"USW00094893","IRON MOUNTAIN FORD AIRPORT, MI US","45.81339","-88.11292","343.2","2000-01","0.0","-28.9","3.9","2733.9","-11.0","-4.8","-17.3"
"USW00094893","IRON MOUNTAIN FORD AIRPORT, MI US","45.81339","-88.11292","343.2","2000-02","0.0","-30.6","13.3","3447.1","-7.1","-0.2","-14.1"
"USW00094893","IRON MOUNTAIN FORD AIRPORT, MI US","45.81339","-88.11292","343.2","2000-03","0.0","-17.2","24.4","3971.3","1.4","8.1","-5.2"
"USW00094893","IRON MOUNTAIN FORD AIRPORT, MI US","45.81339","-88.11292","343.2","2000-04","0.0","-9.4","23.9","4417.1","3.5","10.3","-3.3"
"USW00094893","IRON MOUNTAIN FORD AIRPORT, MI US","45.81339","-88.11292","343.2","2000-05","10.2","-2.2","30.6","4607.5","12.5","20.0","5.1"
"USW00094893","IRON MOUNTAIN FORD AIRPORT, MI US","45.81339","-88.11292","343.2","2000-06","18.6","-0.6","32.8","4691.8","15.7","22.4","9.0"
"USW00094898","PORT HOPE, MI US","44.021772","-82.792932","180.0","2000-01","0.0","-17.8","11.7","1929.1","-3.9","-0.6","-7.3"
"USW00094898","PORT HOPE, MI US","44.021772","-82.792932","180.0","2000-02","0.0","-15.0","19.4","2490.4","-1.0","3.6","-5.6"
"USW00094898","PORT HOPE, MI US","44.021772","-82.792932","180.0","2000-04",,"-3.3","22.8",,"7.3","12.3","2.3"
"USW00094899","COPPER HARBOR, MI US","47.467386","-87.875032","185.0","2000-01","0.0","-20.6","2.8",,"-6.9","-3.6","-10.1"
"USW00094899","COPPER HARBOR, MI US","47.467386","-87.875032","185.0","2000-02","0.0","-16.1","13.3",,"-3.3","0.4","-7.0"
"USW00094899","COPPER HARBOR, MI US","47.467386","-87.875032","185.0","2000-03","0.0","-11.1","15.6",,"1.4","5.0","-2.2"
"USW00094899","COPPER HARBOR, MI US","47.467386","-87.875032","185.0","2000-04","0.0","-4.4","17.2",,"2.7","6.0","-0.6"
"USW00094899","COPPER HARBOR, MI US","47.467386","-87.875032","185.0","2000-05","3.1","-1.1","28.9",,"10.3","15.5","5.2"
"USW00094899","COPPER HARBOR, MI US","47.467386","-87.875032","185.0","2000-06","5.9","3.3","27.2",,"12.6","16.9","8.4"
"USW00014859","GRAND MARAIS, MI US","46.66667","-85.95","190.2","2000-01","0.0","-23.3","4.4","2449.4","-7.7","-2.4","-13.0"
"USW00014859","GRAND MARAIS, MI US","46.66667","-85.95","190.2","2000-02","0.0","-24.4","11.7","3106.6","-4.3","1.6","-10.3"
"USW00014859","GRAND MARAIS, MI US","46.66667","-85.95","190.2","2000-03","0.0","-17.8","22.8","3633.7","1.3","8.6","-5.9"
"USW00014859","GRAND MARAIS, MI US","46.66667","-85.95","190.2","2000-04","0.0","-11.1","17.2","4113.8","2.3","9.1","-4.4"
"USW00014859","GRAND MARAIS, MI US","46.66667","-85.95","190.2","2000-05","0.0","-5.0","26.7","4360.2","9.8","17.8","1.9"
"USW00014859","GRAND MARAIS, MI US","46.66667","-85.95","190.2","2000-06","5.6","-0.6","31.1","4501.5","13.8","21.6","6.0"
"USW00014858","HANCOCK HOUGHTON CO AIRPORT, MI US","47.16594","-88.48076","323.9","2000-01","0.0","-21.7","1.1","2617.0","-8.9","-5.6","-12.3"
"USW00014858","HANCOCK HOUGHTON CO AIRPORT, MI US","47.16594","-88.48076","323.9","2000-02","0.0","-17.8","13.3","3226.1","-4.5","-0.4","-8.5"
"USW00014858","HANCOCK HOUGHTON CO AIRPORT, MI US","47.16594","-88.48076","323.9","2000-03","0.0","-14.4","15.6","3766.9","0.9","4.6","-2.8"
"USW00014858","HANCOCK HOUGHTON CO AIRPORT, MI US","47.16594","-88.48076","323.9","2000-04","0.0","-5.6","21.1","4212.7","3.5","7.7","-0.8"
"USW00014858","HANCOCK HOUGHTON CO AIRPORT, MI US","47.16594","-88.48076","323.9","2000-05","5.8","0.6","30.0","4422.8","11.7","17.2","6.3"
"USW00014858","HANCOCK HOUGHTON CO AIRPORT, MI US","47.16594","-88.48076","323.9","2000-06","9.2","2.8","26.7","4556.4","14.0","18.8","9.2"
"USC00200166","ALPENA 10 NW, MI US","45.1627","-83.5905","225.6","2000-01","0.0","-23.9","5.6",,"-7.5","-2.4","-12.6"
"USC00200166","ALPENA 10 NW, MI US","45.1627","-83.5905","225.6","2000-02","0.0","-24.4","16.1",,"-4.5","1.8","-10.7"
"USC00200166","ALPENA 10 NW, MI US","45.1627","-83.5905","225.6","2000-03","0.0","-12.8","27.2",,"2.9","9.1","-3.3"
"USC00200166","ALPENA 10 NW, MI US","45.1627","-83.5905","225.6","2000-04","0.0","-8.9","23.9",,"4.7","11.2","-1.7"
"USC00200166","ALPENA 10 NW, MI US","45.1627","-83.5905","225.6","2000-05","16.6","-2.2","31.1",,"12.7","19.6","5.8"
"USC00200166","ALPENA 10 NW, MI US","45.1627","-83.5905","225.6","2000-06","38.1","3.3","31.1",,"16.4","22.7","10.0"
"USC00205073","MANISTIQUE WWTP, MI US","45.9512","-86.2513","182.9","2000-01","0.0","-21.1","2.8","2516.0","-8.6","-3.4","-13.7"
"USC00205073","MANISTIQUE WWTP, MI US","45.9512","-86.2513","182.9","2000-02","0.0","-23.3","7.2","3200.6","-5.3","-0.3","-10.2"
"USC00205073","MANISTIQUE WWTP, MI US","45.9512","-86.2513","182.9","2000-03","0.0","-11.1","11.1","3758.5","0.3","4.4","-3.7"
"USC00205073","MANISTIQUE WWTP, MI US","45.9512","-86.2513","182.9","2000-04","0.0","-5.6","20.6","4207.6","3.4","8.0","-1.3"
"USC00205073","MANISTIQUE WWTP, MI US","45.9512","-86.2513","182.9","2000-05","0.0","0.0","21.1","4459.6","10.2","14.3","6.1"
"USC00205073","MANISTIQUE WWTP, MI US","45.9512","-86.2513","182.9","2000-06","2.5","3.3","25.0","4562.5","15.0","19.2","10.8"
"USC00207255","ST CHARLES 3 SSW, MI US","43.26778","-84.17417","190.5","2000-01","0.0","-24.4","13.9",,"-6.4","-1.1","-11.8"
"USC00207255","ST CHARLES 3 SSW, MI US","43.26778","-84.17417","190.5","2000-02","0.0","-21.1","16.1",,"-3.2","2.7","-9.1"
"USC00207255","ST CHARLES 3 SSW, MI US","43.26778","-84.17417","190.5","2000-03","0.6","-11.1","27.2",,"5.2","12.1","-1.8"
"USC00207255","ST CHARLES 3 SSW, MI US","43.26778","-84.17417","190.5","2000-05",,"1.7","30.6",,"15.7","22.4","9.0"
"USC00206158","OLD MISSION 3 SSW, MI US","44.9215","-85.5161","199.9","2000-01","0.0","-20.0","5.6","2118.6","-6.5","-1.9","-11.1"
"USC00206158","OLD MISSION 3 SSW, MI US","44.9215","-85.5161","199.9","2000-02","0.0","-17.8","18.3","2675.9","-2.9","1.9","-7.7"
"USC00206158","OLD MISSION 3 SSW, MI US","44.9215","-85.5161","199.9","2000-03","0.0","-11.7","23.9","3110.8","3.3","9.1","-2.5"
"USC00206158","OLD MISSION 3 SSW, MI US","44.9215","-85.5161","199.9","2000-04","0.0","-8.3","22.2","3485.8","4.1","10.8","-2.7"
"USC00206158","OLD MISSION 3 SSW, MI US","44.9215","-85.5161","199.9","2000-05","13.6","-2.8","29.4","3682.9","12.4","18.9","5.9"
"USC00206158","OLD MISSION 3 SSW, MI US","44.9215","-85.5161","199.9","2000-06","29.4","1.1","30.0","3758.0","16.2","22.4","10.1"
"USC00205981","N HIGGINS LAKE ST PARK, MI US","44.51556","-84.76083","358.7","2000-01",,,,,,,
"USC00205981","N HIGGINS LAKE ST PARK, MI US","44.51556","-84.76083","358.7","2000-02",,,,,,,
"USC00205981","N HIGGINS LAKE ST PARK, MI US","44.51556","-84.76083","358.7","2000-03",,,,,,,
"USC00205981","N HIGGINS LAKE ST PARK, MI US","44.51556","-84.76083","358.7","2000-04",,,,,,,
"USC00205981","N HIGGINS LAKE ST PARK, MI US","44.51556","-84.76083","358.7","2000-05",,,,,,,
"USC00205981","N HIGGINS LAKE ST PARK, MI US","44.51556","-84.76083","358.7","2000-06",,,,,,,
"USC00204655","LAPEER WWTP, MI US","43.0608","-83.3074","249.9","2000-01","0.0","-26.1","13.3","2067.4","-6.4","-1.1","-11.7"
"USC00204655","LAPEER WWTP, MI US","43.0608","-83.3074","249.9","2000-02","0.0","-21.1","16.7","2598.9","-2.3","3.0","-7.7"
"USC00204655","LAPEER WWTP, MI US","43.0608","-83.3074","249.9","2000-03","3.1","-9.4","27.2","3023.1","4.8","10.8","-1.3"
"USC00204655","LAPEER WWTP, MI US","43.0608","-83.3074","249.9","2000-04","3.1","-6.1","24.4","3380.1","6.4","12.2","0.6"
"USC00204655","LAPEER WWTP, MI US","43.0608","-83.3074","249.9","2000-05","29.2","0.6","29.4","3518.7","14.7","20.8","8.6"
"USC00204655","LAPEER WWTP, MI US","43.0608","-83.3074","249.9","2000-06","96.1","5.6","32.2","3552.3","19.3","24.7","14.0"
"USC00206297","OWOSSO 5 SSE, MI US","42.92611","-84.15472","252.1","2000-01",,,,,,,
"USC00206297","OWOSSO 5 SSE, MI US","42.92611","-84.15472","252.1","2000-02",,,,,,,
"USC00206297","OWOSSO 5 SSE, MI US","42.92611","-84.15472","252.1","2000-03",,,,,,,
"USC00206297","OWOSSO 5 SSE, MI US","42.92611","-84.15472","252.1","2000-04",,,,,,,
"USC00206297","OWOSSO 5 SSE, MI US","42.92611","-84.15472","252.1","2000-05",,,,,,,
"USC00206297","OWOSSO 5 SSE, MI US","42.92611","-84.15472","252.1","2000-06",,,,,,,
"USC00202250","DOWAGIAC 1 W, MI US","41.9856","-86.132","225.6","2000-01","0.0","-23.9","15.0","1953.3","-4.0","0.7","-8.8"
"USC00202250","DOWAGIAC 1 W, MI US","41.9856","-86.132","225.6","2000-02","0.0","-14.4","22.2","2468.4","-0.1","5.4","-5.7"
"USC00202250","DOWAGIAC 1 W, MI US","41.9856","-86.132","225.6","2000-03","0.8","-7.8","26.1","2853.7","5.9","12.1","-0.2"
"USC00202250","DOWAGIAC 1 W, MI US","41.9856","-86.132","225.6","2000-04","0.8","-7.2","23.9","3145.4","8.1","14.9","1.4"
"USC00202250","DOWAGIAC 1 W, MI US","41.9856","-86.132","225.6","2000-05","23.6","1.7","30.6","3248.6","15.7","22.1","9.2"
"USC00202250","DOWAGIAC 1 W, MI US","41.9856","-86.132","225.6","2000-06","95.2","2.2","32.8","3281.5","19.6","25.6","13.7"
"USW00004839","HOLLAND TULIP CITY AIRPORT, MI US","42.74634","-86.09677","206.5","2000-01","0.0","-21.1","14.4","1931.9","-3.7","0.1","-7.6"
"USW00004839","HOLLAND TULIP CITY AIRPORT, MI US","42.74634","-86.09677","206.5","2000-02","0.0","-13.9","18.9","2398.8","1.0","5.3","-3.2"
"USW00004839","HOLLAND TULIP CITY AIRPORT, MI US","42.74634","-86.09677","206.5","2000-03","0.3","-7.2","25.0","2781.6","6.0","11.3","0.7"
"USW00004839","HOLLAND TULIP CITY AIRPORT, MI US","42.74634","-86.09677","206.5","2000-04","0.3","-4.4","21.7","3105.7","7.5","12.8","2.2"
"USW00004839","HOLLAND TULIP CITY AIRPORT, MI US","42.74634","-86.09677","206.5","2000-05","23.9","3.3","29.4","3218.5","15.4","20.3","10.6"
"USW00004839","HOLLAND TULIP CITY AIRPORT, MI US","42.74634","-86.09677","206.5","2000-06","73.9","4.4","31.1","3257.1","18.7","23.7","13.7"
"USC00200864","BLOOMINGDALE, MI US","42.3838","-85.9626","224.3","2000-01","0.0","-24.4","15.6",,"-4.2","0.3","-8.7"
"USC00200864","BLOOMINGDALE, MI US","42.3838","-85.9626","224.3","2000-03",,"-8.9","26.1",,"6.3","11.9","0.6"
"USC00200864","BLOOMINGDALE, MI US","42.3838","-85.9626","224.3","2000-04",,"-5.6","23.9",,"7.3","13.7","0.9"
"USC00200864","BLOOMINGDALE, MI US","42.3838","-85.9626","224.3","2000-05",,"1.1","30.6",,"14.8","20.8","8.8"
"USC00200864","BLOOMINGDALE, MI US","42.3838","-85.9626","224.3","2000-06",,"1.7","33.3",,"18.9","25.0","12.8"
"USC00205759","NAUBINWAY 6 E, MI US","46.09083","-85.32194","179.5","2000-06",,"-1.1","22.2",,"14.0","18.8","9.2"
"USC00202804","FILION 5 NNW, MI US","43.9158","-83.083","193.5","2000-01","0.0","-23.3","10.6",,"-6.3","-2.5","-10.1"
"USC00202804","FILION 5 NNW, MI US","43.9158","-83.083","193.5","2000-02","0.0","-24.4","16.7",,"-4.4","0.8","-9.6"
"USC00202804","FILION 5 NNW, MI US","43.9158","-83.083","193.5","2000-03","0.0","-9.4","25.0",,"3.3","8.8","-2.2"
"USC00202804","FILION 5 NNW, MI US","43.9158","-83.083","193.5","2000-04","0.0","-8.3","21.7",,"4.4","9.5","-0.6"
"USC00202804","FILION 5 NNW, MI US","43.9158","-83.083","193.5","2000-05","19.5","-1.1","28.9",,"12.9","18.6","7.3"
"USC00202804","FILION 5 NNW, MI US","43.9158","-83.083","193.5","2000-06","56.8","5.6","31.7",,"17.6","23.0","12.2"
"USC00207812","STAMBAUGH 2 SSE, MI US","46.0555","-88.6275","442.0","2000-01","0.0","-31.1","2.8","3017.2","-12.8","-5.6","-20.1"
"USC00207812","STAMBAUGH 2 SSE, MI US","46.0555","-88.6275","442.0","2000-02","0.0","-33.3","15.0","3794.8","-8.5","-0.2","-16.8"
"USC00207812","STAMBAUGH 2 SSE, MI US","46.0555","-88.6275","442.0","2000-03","0.0","-22.8","22.8","4373.0","-0.3","6.7","-7.4"
"USC00207812","STAMBAUGH 2 SSE, MI US","46.0555","-88.6275","442.0","2000-04","0.0","-11.1","23.3","4845.6","2.6","9.5","-4.3"
"USC00207812","STAMBAUGH 2 SSE, MI US","46.0555","-88.6275","442.0","2000-05","6.1","-5.0","29.4","5064.6","11.5","19.3","3.6"
"USC00207812","STAMBAUGH 2 SSE, MI US","46.0555","-88.6275","442.0","2000-06","9.1","-1.7","31.1","5183.6","14.4","21.4","7.4"
"USC00204662","LAPEER 4 SW, MI US","43.00806","-83.375","271.3","2000-01",,,,,,,
"USC00204662","LAPEER 4 SW, MI US","43.00806","-83.375","271.3","2000-02",,,,,,,
"USC00204662","LAPEER 4 SW, MI US","43.00806","-83.375","271.3","2000-03",,,,,,,
"USC00204662","LAPEER 4 SW, MI US","43.00806","-83.375","271.3","2000-04",,,,,,,
"USC00204662","LAPEER 4 SW, MI US","43.00806","-83.375","271.3","2000-05",,,,,,,
"USC00204662","LAPEER 4 SW, MI US","43.00806","-83.375","271.3","2000-06",,,,,,,
"USC00208468","VESTABURG, MI US","43.3925","-84.90917","278.9","2000-01",,,,,,,
"USC00208468","VESTABURG, MI US","43.3925","-84.90917","278.9","2000-02",,,,,,,
"USC00208468","VESTABURG, MI US","43.3925","-84.90917","278.9","2000-03",,,,,,,
"USC00208468","VESTABURG, MI US","43.3925","-84.90917","278.9","2000-04",,,,,,,
"USC00208468","VESTABURG, MI US","43.3925","-84.90917","278.9","2000-05",,,,,,,
"USC00206184","ONAWAY 4 N, MI US","45.4108","-84.2233","227.1","2000-01","0.0","-25.0","6.1",,"-6.4","-1.3","-11.4"
"USC00206184","ONAWAY 4 N, MI US","45.4108","-84.2233","227.1","2000-02","0.0","-23.3","17.8",,"-2.5","3.4","-8.4"
"USC00206184","ONAWAY 4 N, MI US","45.4108","-84.2233","227.1","2000-03","0.0","-13.3","26.1",,"4.0","10.7","-2.8"
"USC00206184","ONAWAY 4 N, MI US","45.4108","-84.2233","227.1","2000-04","0.0","-6.7","23.9",,"6.5","13.4","-0.4"
"USC00206184","ONAWAY 4 N, MI US","45.4108","-84.2233","227.1","2000-05","18.4","-2.8","31.7",,"13.8","20.9","6.7"
"USC00206184","ONAWAY 4 N, MI US","45.4108","-84.2233","227.1","2000-06","49.9","2.2","31.7",,"17.6","24.4","10.8"
"USW00094847","DETROIT METRO AIRPORT, MI US","42.23113","-83.33121","191.9","2000-01","0.0","-18.9","13.9","1878.3","-4.1","-0.1","-8.2"
"USW00094847","DETROIT METRO AIRPORT, MI US","42.23113","-83.33121","191.9","2000-02","0.0","-13.3","20.6","2412.7","-0.1","4.3","-4.5"
"USW00094847","DETROIT METRO AIRPORT, MI US","42.23113","-83.33121","191.9","2000-03","1.7","-5.0","26.7","2776.0","6.7","12.1","1.2"
"USW00094847","DETROIT METRO AIRPORT, MI US","42.23113","-83.33121","191.9","2000-04","1.7","-2.8","25.6","3059.7","8.9","14.1","3.6"
"USW00094847","DETROIT METRO AIRPORT, MI US","42.23113","-83.33121","191.9","2000-05","37.3","3.9","30.0","3151.1","16.5","21.9","11.2"
"USW00094847","DETROIT METRO AIRPORT, MI US","42.23113","-83.33121","191.9","2000-06","129.4","9.4","32.8","3169.4","20.8","25.7","15.9"
"USC00207277","BEAVER ISLAND, MI US","45.6911","-85.5463","204.8","2000-01","0.0","-21.7","3.9","2019.3","-6.6","-2.7","-10.5"
"USC00207277","BEAVER ISLAND, MI US","45.6911","-85.5463","204.8","2000-02",,"-19.4",,,,,"-7.2"
"USC00207277","BEAVER ISLAND, MI US","45.6911","-85.5463","204.8","2000-03",,"-19.4",,,,,"-7.3"
"USC00207277","BEAVER ISLAND, MI US","45.6911","-85.5463","204.8","2000-04",,"-6.1","17.2",,"4.5","9.5","-0.5"
"USC00207277","BEAVER ISLAND, MI US","45.6911","-85.5463","204.8","2000-05",,"-1.7","25.6",,"12.1","17.2","7.0"
"USC00207277","BEAVER ISLAND, MI US","45.6911","-85.5463","204.8","2000-06",,"3.9","26.7",,"15.8","20.9","10.7"
"USW00094849","ALPENA CO REGIONAL AIRPORT, MI US","45.0716","-83.56451","208.3","2000-01","0.0","-23.9","7.2","2367.9","-7.0","-2.8","-11.1"
"USW00094849","ALPENA CO REGIONAL AIRPORT, MI US","45.0716","-83.56451","208.3","2000-02","0.0","-26.1","15.0","3027.8","-4.4","1.3","-10.1"
"USW00094849","ALPENA CO REGIONAL AIRPORT, MI US","45.0716","-83.56451","208.3","2000-03","0.0","-12.8","26.7","3513.6","2.7","9.1","-3.8"
"USW00094849","ALPENA CO REGIONAL AIRPORT, MI US","45.0716","-83.56451","208.3","2000-04","0.0","-9.4","23.3","3919.3","4.8","10.5","-0.9"
"USW00094849","ALPENA CO REGIONAL AIRPORT, MI US","45.0716","-83.56451","208.3","2000-05","14.7","-2.2","31.1","4116.7","12.4","19.1","5.8"
"USW00094849","ALPENA CO REGIONAL AIRPORT, MI US","45.0716","-83.56451","208.3","2000-06","36.1","2.8","31.7","4207.0","16.0","22.1","10.0"
"USC00202381","EAST JORDAN, MI US","45.15179","-85.1324","178.9","2000-01","0.0","-29.4","6.7","2096.6","-5.9","-1.0","-10.9"
"USC00202381","EAST JORDAN, MI US","45.15179","-85.1324","178.9","2000-02","0.0","-23.9","16.7","2701.1","-2.5","3.3","-8.3"
"USC00202381","EAST JORDAN, MI US","45.15179","-85.1324","178.9","2000-03","0.0","-11.1","26.7","3112.7","4.6","11.2","-2.0"
"USC00202381","EAST JORDAN, MI US","45.15179","-85.1324","178.9","2000-04","0.0","-7.8","22.2","3480.4","5.6","12.1","-0.8"
"USC00202381","EAST JORDAN, MI US","45.15179","-85.1324","178.9","2000-05","2.0","-3.9","30.0","3643.4","13.1","21.4","4.8"
"USC00202381","EAST JORDAN, MI US","45.15179","-85.1324","178.9","2000-06","44.4","0.6","36.1","3691.7","18.1","24.8","11.5"
"USC00205892","NILES, MI US","41.8405","-86.2658","198.1","2000-01",,,,,,,
"USC00205892","NILES, MI US","41.8405","-86.2658","198.1","2000-02",,,,,,,
"USC00205892","NILES, MI US","41.8405","-86.2658","198.1","2000-03",,,,,,,
"USC00205892","NILES, MI US","41.8405","-86.2658","198.1","2000-04",,,,,,,
"USC00205892","NILES, MI US","41.8405","-86.2658","198.1","2000-05",,,,,,,
"USC00205892","NILES, MI US","41.8405","-86.2658","198.1","2000-06",,,,,,,
"USC00201052","BROWN CITY, MI US","43.2172","-82.9905","246.9","2000-02",,,,,,,
"USC00201052","BROWN CITY, MI US","43.2172","-82.9905","246.9","2000-03",,,,,,,
"USC00201052","BROWN CITY, MI US","43.2172","-82.9905","246.9","2000-04",,"-6.7","24.4",,"6.0","11.9","0.0"
"USC00201052","BROWN CITY, MI US","43.2172","-82.9905","246.9","2000-05",,,,,,,
"USC00201052","BROWN CITY, MI US","43.2172","-82.9905","246.9","2000-06",,,,,,,
"USC00205097","MAPLE CITY 1 E, MI US","44.855","-85.8352","243.5","2000-01",,"-23.3",,,,,"-8.4"
"USC00205097","MAPLE CITY 1 E, MI US","44.855","-85.8352","243.5","2000-02",,"-18.3","16.7",,"-0.9","2.7","-4.6"
"USC00205097","MAPLE CITY 1 E, MI US","44.855","-85.8352","243.5","2000-03",,"-13.9",,,,,"-1.0"
"USC00205097","MAPLE CITY 1 E, MI US","44.855","-85.8352","243.5","2000-04",,,,,,,
"USC00205097","MAPLE CITY 1 E, MI US","44.855","-85.8352","243.5","2000-05",,"-2.8",,,,,"6.9"
"USC00205097","MAPLE CITY 1 E, MI US","44.855","-85.8352","243.5","2000-06",,,,,,,
"USC00200084","AKRON 7 NW, MI US","43.6097","-83.6336","179.5","2000-04",,"-4.4","24.4",,"6.3","11.4","1.1"
"USC00200084","AKRON 7 NW, MI US","43.6097","-83.6336","179.5","2000-05",,"1.1","31.7",,"14.5","20.3","8.7"
"USC00200084","AKRON 7 NW, MI US","43.6097","-83.6336","179.5","2000-06",,"8.9","32.8",,"18.9","23.9","14.0"
"USC00201172","BYRON 4 WSW, MI US","42.80861","-84.035","262.1","2000-01","0.0","-25.0","13.3","2135.2","-5.9","-0.6","-11.3"
"USC00201172","BYRON 4 WSW, MI US","42.80861","-84.035","262.1","2000-02","0.0","-20.0","17.2","2695.4","-1.8","4.0","-7.6"
"USC00201172","BYRON 4 WSW, MI US","42.80861","-84.035","262.1","2000-03","1.4","-8.9","27.2","3108.1","5.1","11.6","-1.5"
"USC00201172","BYRON 4 WSW, MI US","42.80861","-84.035","262.1","2000-04","1.4","-5.0","24.4","3450.5","6.9","13.1","0.8"
"USC00201172","BYRON 4 WSW, MI US","42.80861","-84.035","262.1","2000-05","23.1","1.7","30.0","3581.8","14.7","21.0","8.4"
"USC00201172","BYRON 4 WSW, MI US","42.80861","-84.035","262.1","2000-06","80.0","6.1","30.6","3617.3","19.1","24.9","13.2"
"USC00207274","ST IGNACE MACKINAC B, MI US","45.8488","-84.7227","181.4","2000-01","0.0","-21.1","2.8","2158.5","-7.0","-3.1","-11.0"
"USC00207274","ST IGNACE MACKINAC B, MI US","45.8488","-84.7227","181.4","2000-02","0.0","-19.4","12.2","2779.7","-3.9","1.0","-8.7"
"USC00207274","ST IGNACE MACKINAC B, MI US","45.8488","-84.7227","181.4","2000-03","0.0","-11.7","15.6","3288.2","1.9","6.1","-2.2"
"USC00207274","ST IGNACE MACKINAC B, MI US","45.8488","-84.7227","181.4","2000-04","0.0","-5.6","17.8","3662.0","5.1","10.1","0.1"
"USC00207274","ST IGNACE MACKINAC B, MI US","45.8488","-84.7227","181.4","2000-05","0.0","0.6","22.2","3873.3","11.3","16.0","6.5"
"USC00207274","ST IGNACE MACKINAC B, MI US","45.8488","-84.7227","181.4","2000-06","5.3","5.0","27.2","3948.7","16.0","20.4","11.6"
"USC00202140","DIMONDALE 1 WSW, MI US","42.6444","-84.6503","266.7","2000-01",,,,,,,
"USC00202140","DIMONDALE 1 WSW, MI US","42.6444","-84.6503","266.7","2000-02",,,,,,,
"USC00202140","DIMONDALE 1 WSW, MI US","42.6444","-84.6503","266.7","2000-03",,,,,,,
"USC00202140","DIMONDALE 1 WSW, MI US","42.6444","-84.6503","266.7","2000-04",,,,,,,
"USC00202140","DIMONDALE 1 WSW, MI US","42.6444","-84.6503","266.7","2000-05",,,,,,,
"USC00202140","DIMONDALE 1 WSW, MI US","42.6444","-84.6503","266.7","2000-06",,,,,,,
"USW00004847","ADRIAN LENAWEE CO AIRPORT, MI US","41.86784","-84.07946","244.1","2000-01","0.0","-22.2","13.9",,"-5.2","-0.2","-10.2"
"USW00004847","ADRIAN LENAWEE CO AIRPORT, MI US","41.86784","-84.07946","244.1","2000-02","0.0","-16.7","19.4",,"-0.6","4.3","-5.4"
"USW00004847","ADRIAN LENAWEE CO AIRPORT, MI US","41.86784","-84.07946","244.1","2000-03","0.0","-8.9","26.1",,"5.9","12.1","-0.3"
"USW00004847","ADRIAN LENAWEE CO AIRPORT, MI US","41.86784","-84.07946","244.1","2000-04","0.0","-3.9","24.4",,"8.4","14.4","2.4"
"USW00004847","ADRIAN LENAWEE CO AIRPORT, MI US","41.86784","-84.07946","244.1","2000-05",,,,,,,
"USW00004847","ADRIAN LENAWEE CO AIRPORT, MI US","41.86784","-84.07946","244.1","2000-06",,"7.2","31.7",,"20.8","26.3","15.3"
"USW00004854","GAYLORD OTSEGO CO AIRPORT, MI US","45.01657","-84.68942","405.9","2000-01","0.0","-28.3","5.6","2557.9","-8.5","-4.3","-12.8"
"USW00004854","GAYLORD OTSEGO CO AIRPORT, MI US","45.01657","-84.68942","405.9","2000-02","0.0","-27.2","13.3","3222.2","-4.6","0.4","-9.5"
"USW00004854","GAYLORD OTSEGO CO AIRPORT, MI US","45.01657","-84.68942","405.9","2000-03","0.0","-12.8","25.0","3711.2","2.6","8.1","-3.0"
"USW00004854","GAYLORD OTSEGO CO AIRPORT, MI US","45.01657","-84.68942","405.9","2000-04","0.0","-8.3","22.2","4125.2","4.5","10.6","-1.5"
"USW00004854","GAYLORD OTSEGO CO AIRPORT, MI US","45.01657","-84.68942","405.9","2000-05","13.4","-4.4","28.9","4325.1","12.3","18.2","6.4"
"USW00004854","GAYLORD OTSEGO CO AIRPORT, MI US","45.01657","-84.68942","405.9","2000-06","29.2","0.6","29.4","4419.3","15.7","21.4","10.1"
"USW00004856","MANISTIQUE, MI US","45.95","-86.22972","178.0","2000-01","0.0","-20.0","2.8","2476.4","-7.7","-3.3","-12.1"
"USW00004856","MANISTIQUE, MI US","45.95","-86.22972","178.0","2000-02","0.0","-22.8","6.7","3144.5","-4.7","-0.5","-8.9"
"USW00004856","MANISTIQUE, MI US","45.95","-86.22972","178.0","2000-03","0.0","-11.1","11.7","3692.7","0.6","4.4","-3.1"
"USW00004856","MANISTIQUE, MI US","45.95","-86.22972","178.0","2000-04","0.0","-6.7","20.0","4131.3","3.7","7.9","-0.5"
"USW00004856","MANISTIQUE, MI US","45.95","-86.22972","178.0","2000-05","0.0","-0.6","21.1","4388.3","10.0","13.9","6.2"
"USW00004856","MANISTIQUE, MI US","45.95","-86.22972","178.0","2000-06","0.3","2.2","24.4","4502.9","14.5","18.5","10.5"
"USC00203585","HARBOR BEACH 1 SSE, MI US","43.8322","-82.6427","181.4","2000-01","0.0","-19.4","10.6","2058.3","-5.0","-1.2","-8.8"
"USC00203585","HARBOR BEACH 1 SSE, MI US","43.8322","-82.6427","181.4","2000-02","0.0","-17.8","18.3","2675.2","-2.9","1.6","-7.5"
"USC00203585","HARBOR BEACH 1 SSE, MI US","43.8322","-82.6427","181.4","2000-03","0.0","-6.1","26.7","3122.2","3.9","8.6","-0.7"
"USC00203585","HARBOR BEACH 1 SSE, MI US","43.8322","-82.6427","181.4","2000-04","0.0","-5.0","23.3","3505.3","4.8","8.9","0.8"
"USC00203585","HARBOR BEACH 1 SSE, MI US","43.8322","-82.6427","181.4","2000-05","19.1","-0.6","30.0","3690.8","12.6","17.2","7.9"
"USC00203585","HARBOR BEACH 1 SSE, MI US","43.8322","-82.6427","181.4","2000-06","54.4","5.0","32.8","3753.3","17.4","22.2","12.7"
"USC00200197","AMASA 1 W, MI US","46.2347","-88.4544","448.1","2000-01","0.0","-33.9","3.9",,"-12.8","-6.0","-19.6"
"USC00200197","AMASA 1 W, MI US","46.2347","-88.4544","448.1","2000-02","0.0","-33.3","15.0",,"-8.3","-0.7","-15.8"
"USC00200197","AMASA 1 W, MI US","46.2347","-88.4544","448.1","2000-03","0.0","-24.4","22.8",,"0.0","6.3","-6.2"
"USC00200197","AMASA 1 W, MI US","46.2347","-88.4544","448.1","2000-04","0.0","-10.6","22.8",,"2.8","9.5","-3.9"
"USC00200197","AMASA 1 W, MI US","46.2347","-88.4544","448.1","2000-05","7.2","-5.0","30.0",,"11.7","18.8","4.5"
"USC00200197","AMASA 1 W, MI US","46.2347","-88.4544","448.1","2000-06","9.7","-1.1","31.7",,"14.7","21.2","8.2"
"USC00202376","EAST HOUGHTON LAKE, MI US","44.36694","-84.68917","349.6","2000-01","0.0","-25.0","6.1",,"-8.0","-3.2","-12.8"
"USC00202376","EAST HOUGHTON LAKE, MI US","44.36694","-84.68917","349.6","2000-02","0.0","-25.6","13.3",,"-4.8","0.8","-10.3"
"USC00202376","EAST HOUGHTON LAKE, MI US","44.36694","-84.68917","349.6","2000-03","0.0","-11.7","18.9",,"2.8","8.2","-2.5"
"USC00202376","EAST HOUGHTON LAKE, MI US","44.36694","-84.68917","349.6","2000-04","0.0","-6.7","20.6",,"4.8","10.8","-1.2"
"USC00202376","EAST HOUGHTON LAKE, MI US","44.36694","-84.68917","349.6","2000-05","9.5","-1.7","26.1",,"13.1","18.5","7.6"
"USC00202376","EAST HOUGHTON LAKE, MI US","44.36694","-84.68917","349.6","2000-06","35.6","4.4","27.8",,"17.2","21.8","12.6"
"USC00202015","DEARBORN, MI US","42.31917","-83.23839","184.4","2000-01","0.0","-20.6","13.9","1768.0","-4.0","1.8","-9.7"
"USC00202015","DEARBORN, MI US","42.31917","-83.23839","184.4","2000-02","0.0","-16.1","21.7","2241.0","0.2","5.6","-5.2"
"USC00202015","DEARBORN, MI US","42.31917","-83.23839","184.4","2000-03","3.1","-7.8","27.2","2614.7","6.4","12.7","0.0"
"USC00202015","DEARBORN, MI US","42.31917","-83.23839","184.4","2000-04","3.1","-5.6","26.1","2887.3","8.4","15.2","1.6"
"USC00202015","DEARBORN, MI US","42.31917","-83.23839","184.4","2000-05","26.8","1.1","30.6","2983.3","16.0","22.9","9.0"
"USC00202015","DEARBORN, MI US","42.31917","-83.23839","184.4","2000-06","115.6","7.2","32.8","3005.0","20.7","27.0","14.3"
"USC00207820","STANDISH 4 NE, MI US","44.0126","-83.8977","187.5","2000-01","0.0","-27.2","11.7","2214.0","-6.3","-0.9","-11.7"
"USC00207820","STANDISH 4 NE, MI US","44.0126","-83.8977","187.5","2000-02","0.0","-26.7","15.6","2872.4","-4.4","2.2","-11.0"
"USC00207820","STANDISH 4 NE, MI US","44.0126","-83.8977","187.5","2000-03","0.6","-9.4","26.1","3304.8","4.4","11.0","-2.2"
"USC00207820","STANDISH 4 NE, MI US","44.0126","-83.8977","187.5","2000-04","0.6","-6.1","22.8","3682.7","5.7","12.3","-0.8"
"USC00207820","STANDISH 4 NE, MI US","44.0126","-83.8977","187.5","2000-05","20.9","-1.7","30.0","3847.5","13.6","20.5","6.8"
"USC00207820","STANDISH 4 NE, MI US","44.0126","-83.8977","187.5","2000-06","57.7","4.4","32.2","3896.2","17.9","24.0","11.9"
"USC00202270","DRYDEN 5 W, MI US","42.95833","-83.22167","313.9","2000-01",,,,,,,
"USC00202270","DRYDEN 5 W, MI US","42.95833","-83.22167","313.9","2000-02",,,,,,,
"USC00202270","DRYDEN 5 W, MI US","42.95833","-83.22167","313.9","2000-03",,,,,,,
"USC00202270","DRYDEN 5 W, MI US","42.95833","-83.22167","313.9","2000-04",,,,,,,
"USC00202270","DRYDEN 5 W, MI US","42.95833","-83.22167","313.9","2000-05",,,,,,,
"USC00202270","DRYDEN 5 W, MI US","42.95833","-83.22167","313.9","2000-06",,,,,,,
"USC00208252","TRAVERSE CITY AIRPORT NUMBER 2, MI US","44.745","-85.58444","189.9","2000-01","0.0","-21.7","7.8","1974.2","-5.2","-0.8","-9.7"
"USC00208252","TRAVERSE CITY AIRPORT NUMBER 2, MI US","44.745","-85.58444","189.9","2000-02","0.0","-17.8","20.0","2566.8","-2.1","3.0","-7.2"
"USC00208252","TRAVERSE CITY AIRPORT NUMBER 2, MI US","44.745","-85.58444","189.9","2000-03","0.0","-8.3","25.6","2965.1","4.7","10.6","-1.1"
"USC00208252","TRAVERSE CITY AIRPORT NUMBER 2, MI US","44.745","-85.58444","189.9","2000-04","0.0","-4.4","23.9","3323.5","5.9","12.1","-0.2"
"USC00208252","TRAVERSE CITY AIRPORT NUMBER 2, MI US","44.745","-85.58444","189.9","2000-05","21.6","-0.6","31.7","3459.9","14.4","20.4","8.4"
"USC00208252","TRAVERSE CITY AIRPORT NUMBER 2, MI US","44.745","-85.58444","189.9","2000-06","72.4","4.4","34.4","3498.7","18.8","24.2","13.3"
"USC00200094","ALBION, MI US","42.24941","-84.7732","285.0","2000-01",,,,,,,
"USC00200094","ALBION, MI US","42.24941","-84.7732","285.0","2000-02",,,,,,,
"USC00200094","ALBION, MI US","42.24941","-84.7732","285.0","2000-03",,,,,,,
"USC00200094","ALBION, MI US","42.24941","-84.7732","285.0","2000-04",,,,,,,
"USC00200094","ALBION, MI US","42.24941","-84.7732","285.0","2000-05",,,,,,,
"USC00200094","ALBION, MI US","42.24941","-84.7732","285.0","2000-06",,,,,,,
"USW00094850","MARQUETTE WEATHER FORECAST OFFICE, MI US","46.5313","-87.5491","431.3","2000-01","0.0","-29.4","2.2","2775.6","-10.6","-5.5","-15.8"
"USW00094850","MARQUETTE WEATHER FORECAST OFFICE, MI US","46.5313","-87.5491","431.3","2000-02","0.0","-29.4","13.3","3498.9","-6.6","-0.3","-12.9"
"USW00094850","MARQUETTE WEATHER FORECAST OFFICE, MI US","46.5313","-87.5491","431.3","2000-03","0.0","-18.3","21.7","4053.2","0.4","6.4","-5.5"
"USW00094850","MARQUETTE WEATHER FORECAST OFFICE, MI US","46.5313","-87.5491","431.3","2000-04","0.0","-9.4","20.6","4540.2","2.1","7.2","-3.0"
"USW00094850","MARQUETTE WEATHER FORECAST OFFICE, MI US","46.5313","-87.5491","431.3","2000-05","7.8","-1.1","31.1","4739.1","12.2","18.4","5.9"
"USW00094850","MARQUETTE WEATHER FORECAST OFFICE, MI US","46.5313","-87.5491","431.3","2000-06","10.9","2.2","27.8","4845.2","14.7","20.6","8.8"
"USC00207280","SAINT JOHNS, MI US","43.0128","-84.5547","226.5","2000-01","0.0","-20.6","13.3",,"-5.8","-1.2","-10.5"
"USC00207280","SAINT JOHNS, MI US","43.0128","-84.5547","226.5","2000-02","0.0","-18.3","16.7",,"-1.6","3.5","-6.6"
"USC00207280","SAINT JOHNS, MI US","43.0128","-84.5547","226.5","2000-03","1.4","-8.9","25.6",,"5.3","11.1","-0.4"
"USC00207280","SAINT JOHNS, MI US","43.0128","-84.5547","226.5","2000-04","1.4","-5.0","22.8",,"7.1","13.6","0.7"
"USC00207280","SAINT JOHNS, MI US","43.0128","-84.5547","226.5","2000-05","25.3","3.3","33.3",,"14.9","20.8","9.1"
"USC00207280","SAINT JOHNS, MI US","43.0128","-84.5547","226.5","2000-06","84.5","5.0","32.2",,"19.2","25.1","13.4"
"USC00206507","PETOSKEY, MI US","45.3725","-84.9766","182.6","2000-01","0.0","-22.8","3.9","2169.9","-6.6","-2.4","-10.7"
"USC00206507","PETOSKEY, MI US","45.3725","-84.9766","182.6","2000-02","0.0","-21.1","17.2","2781.1","-3.6","1.0","-8.1"
"USC00206507","PETOSKEY, MI US","45.3725","-84.9766","182.6","2000-03","0.0","-9.4","19.4","3265.6","2.7","7.0","-1.6"
"USC00206507","PETOSKEY, MI US","45.3725","-84.9766","182.6","2000-04","0.0","-5.0","18.9","3676.1","4.6","8.8","0.5"
"USC00206507","PETOSKEY, MI US","45.3725","-84.9766","182.6","2000-05","1.5","-0.6","26.7","3867.7","12.2","17.0","7.4"
"USC00206507","PETOSKEY, MI US","45.3725","-84.9766","182.6","2000-06","15.1","3.9","31.1","3942.1","16.3","20.4","12.2"
"USC00204328","KENTON, MI US","46.4863","-88.8916","355.7","2000-01",,"-27.2",,,,,"-15.8"
"USC00204328","KENTON, MI US","46.4863","-88.8916","355.7","2000-02",,"-24.4","13.9",,"-6.2","-0.1","-12.2"
"USC00204328","KENTON, MI US","46.4863","-88.8916","355.7","2000-03",,"-14.4","21.1",,"0.2","6.7","-6.4"
"USC00204328","KENTON, MI US","46.4863","-88.8916","355.7","2000-04",,"-18.9",,,,,"-4.2"
"USC00204328","KENTON, MI US","46.4863","-88.8916","355.7","2000-05",,,,,,,
"USC00204328","KENTON, MI US","46.4863","-88.8916","355.7","2000-06",,,,,,,
"USC00203917","HOUGHTON MTU, MI US","47.11667","-88.55","259.1","2000-01","0.0","-23.9","4.4",,"-8.6","-4.0","-13.2"
"USC00203917","HOUGHTON MTU, MI US","47.11667","-88.55","259.1","2000-02","0.0","-22.8","16.1",,"-3.8","1.8","-9.4"
"USC00203917","HOUGHTON MTU, MI US","47.11667","-88.55","259.1","2000-03","0.0","-15.6","17.8",,"2.3","7.8","-3.2"
"USC00203917","HOUGHTON MTU, MI US","47.11667","-88.55","259.1","2000-04","0.0","-7.2","22.2",,"4.3","10.0","-1.4"
"USC00203917","HOUGHTON MTU, MI US","47.11667","-88.55","259.1","2000-05","13.9","-1.1","31.7",,"13.1","19.9","6.3"
"USC00203917","HOUGHTON MTU, MI US","47.11667","-88.55","259.1","2000-06","22.6","2.2","27.2",,"15.4","21.3","9.5"
"USC00205531","MIO HYDRO PLANT, MI US","44.6613","-84.1316","292.6","2000-01",,"-27.2","8.3",,"-7.0","-1.9","-12.2"
"USC00205531","MIO HYDRO PLANT, MI US","44.6613","-84.1316","292.6","2000-02",,"-26.7","16.1",,"-4.6","2.3","-11.4"
"USC00205531","MIO HYDRO PLANT, MI US","44.6613","-84.1316","292.6","2000-03",,"-12.2","25.6",,"3.8","10.6","-3.0"
"USC00205531","MIO HYDRO PLANT, MI US","44.6613","-84.1316","292.6","2000-04",,"-8.3","22.2",,"5.6","11.8","-0.6"
"USC00205531","MIO HYDRO PLANT, MI US","44.6613","-84.1316","292.6","2000-05",,"-2.2","29.4",,"12.9","20.4","5.4"
"USC00205531","MIO HYDRO PLANT, MI US","44.6613","-84.1316","292.6","2000-06",,"2.2","30.6",,"17.6","23.6","11.5"
"USC00204320","KENT CITY 2 SW, MI US","43.2036","-85.7776","247.8","2000-01",,,,,,,
"USC00204320","KENT CITY 2 SW, MI US","43.2036","-85.7776","247.8","2000-02",,,,,,,
"USC00204320","KENT CITY 2 SW, MI US","43.2036","-85.7776","247.8","2000-03",,,,,,,
"USC00204320","KENT CITY 2 SW, MI US","43.2036","-85.7776","247.8","2000-04",,,,,,,
"USC00204320","KENT CITY 2 SW, MI US","43.2036","-85.7776","247.8","2000-05",,,,,,,
"USC00204320","KENT CITY 2 SW, MI US","43.2036","-85.7776","247.8","2000-06",,,,,,,
"USC00201299","CARO WWTP, MI US","43.4838","-83.3919","210.3","2000-03",,"-10.6","26.7",,"5.7","12.2","-0.7"
"USC00201299","CARO WWTP, MI US","43.4838","-83.3919","210.3","2000-04",,"-7.2","23.9",,"7.5","14.0","0.9"
"USC00203477","GROSSE POINTE FARMS, MI US","42.4077","-82.8891","186.8","2000-01","0.0","-16.1","13.9",,"-3.0","1.4","-7.4"
"USC00203477","GROSSE POINTE FARMS, MI US","42.4077","-82.8891","186.8","2000-02","0.0","-11.1","20.6",,"0.4","5.2","-4.3"
"USC00203477","GROSSE POINTE FARMS, MI US","42.4077","-82.8891","186.8","2000-03","1.7","-5.6","25.0",,"6.8","12.4","1.2"
"USC00203477","GROSSE POINTE FARMS, MI US","42.4077","-82.8891","186.8","2000-04","1.7","-3.9","25.0",,"8.1","13.0","3.1"
"USC00203477","GROSSE POINTE FARMS, MI US","42.4077","-82.8891","186.8","2000-05","36.4","5.0","30.6",,"16.7","22.3","11.1"
"USC00203477","GROSSE POINTE FARMS, MI US","42.4077","-82.8891","186.8","2000-06","135.4","7.2","32.8",,"21.3","26.8","15.8"
"USC00208920","WHITEFISH POINT, MI US","46.7475","-84.9857","189.6","2000-01","0.0","-23.9","2.8","2391.4","-7.8","-4.2","-11.4"
"USC00208920","WHITEFISH POINT, MI US","46.7475","-84.9857","189.6","2000-02","0.0","-20.6","7.2","3055.9","-4.6","-0.6","-8.5"
"USC00208920","WHITEFISH POINT, MI US","46.7475","-84.9857","189.6","2000-03","0.0","-16.7","12.8","3617.3","0.2","4.4","-3.9"
"USC00208920","WHITEFISH POINT, MI US","46.7475","-84.9857","189.6","2000-04","0.0","-7.2","20.0","4068.2","3.3","8.0","-1.4"
"USC00208920","WHITEFISH POINT, MI US","46.7475","-84.9857","189.6","2000-05","0.3","-1.7","26.7","4334.6","9.5","14.8","4.2"
"USC00208920","WHITEFISH POINT, MI US","46.7475","-84.9857","189.6","2000-06","0.3","1.1","23.9","4490.7","12.9","18.4","7.4"
"USC00208800","WEST BRANCH 3 SE, MI US","44.2541","-84.2011","269.7","2000-01","0.0","-24.4","7.2","2259.7","-7.5","-2.1","-12.9"
"USC00208800","WEST BRANCH 3 SE, MI US","44.2541","-84.2011","269.7","2000-02","0.0","-24.4","16.7","2855.5","-4.4","2.3","-11.2"
"USC00208800","WEST BRANCH 3 SE, MI US","44.2541","-84.2011","269.7","2000-03","0.0","-10.6","25.6","3261.9","4.1","10.9","-2.6"
"USC00208800","WEST BRANCH 3 SE, MI US","44.2541","-84.2011","269.7","2000-04","0.0","-7.2","25.6","3626.0","5.6","12.3","-1.1"
"USC00208800","WEST BRANCH 3 SE, MI US","44.2541","-84.2011","269.7","2000-05","11.1","-1.1","30.6","3787.4","13.5","20.6","6.4"
"USC00208800","WEST BRANCH 3 SE, MI US","44.2541","-84.2011","269.7","2000-06","43.4","2.8","31.7","3832.0","17.9","24.0","11.8"
"USW00094860","GRAND RAPIDS GERALD R FORD INTERNATIONAL AIRPORT, MI US","42.8821","-85.52297","240.3","2000-01","0.0","-20.0","13.9","2015.9","-4.8","-0.6","-8.9"
"USW00094860","GRAND RAPIDS GERALD R FORD INTERNATIONAL AIRPORT, MI US","42.8821","-85.52297","240.3","2000-02","0.0","-16.7","17.2","2557.8","-0.4","4.1","-4.8"
"USW00094860","GRAND RAPIDS GERALD R FORD INTERNATIONAL AIRPORT, MI US","42.8821","-85.52297","240.3","2000-03","0.9","-7.8","25.6","2952.3","5.6","11.2","0.1"
"USW00094860","GRAND RAPIDS GERALD R FORD INTERNATIONAL AIRPORT, MI US","42.8821","-85.52297","240.3","2000-04","0.9","-5.0","22.8","3271.0","7.7","13.2","2.3"
"USW00094860","GRAND RAPIDS GERALD R FORD INTERNATIONAL AIRPORT, MI US","42.8821","-85.52297","240.3","2000-05","26.6","3.9","29.4","3390.8","15.3","20.4","10.2"
"USW00094860","GRAND RAPIDS GERALD R FORD INTERNATIONAL AIRPORT, MI US","42.8821","-85.52297","240.3","2000-06","81.4","6.1","32.2","3427.4","18.9","24.1","13.8"
"USC00201502","CHELSEA, MI US","42.3263","-84.0133","274.3","2000-01",,,,,,,
"USC00201502","CHELSEA, MI US","42.3263","-84.0133","274.3","2000-02",,,,,,,
"USC00201502","CHELSEA, MI US","42.3263","-84.0133","274.3","2000-03",,,,,,,
"USC00201502","CHELSEA, MI US","42.3263","-84.0133","274.3","2000-04",,,,,,,
"USC00201502","CHELSEA, MI US","42.3263","-84.0133","274.3","2000-05",,,,,,,
"USC00201502","CHELSEA, MI US","42.3263","-84.0133","274.3","2000-06",,,,,,,
"USC00200779","BIG RAPIDS WATER TREATMENT PLANT, MI US","43.7072","-85.4819","273.7","2000-01","0.0","-25.6","11.1","2231.3","-6.4","-0.9","-12.0"
"USC00200779","BIG RAPIDS WATER TREATMENT PLANT, MI US","43.7072","-85.4819","273.7","2000-02","0.0","-24.4","17.8","2822.7","-2.1","4.4","-8.5"
"USC00200779","BIG RAPIDS WATER TREATMENT PLANT, MI US","43.7072","-85.4819","273.7","2000-03","0.0","-9.4","24.4","3208.3","4.4","11.3","-2.4"
"USC00200779","BIG RAPIDS WATER TREATMENT PLANT, MI US","43.7072","-85.4819","273.7","2000-04","0.0","-13.3","23.3","3540.0","6.4","13.4","-0.6"
"USC00200779","BIG RAPIDS WATER TREATMENT PLANT, MI US","43.7072","-85.4819","273.7","2000-05","14.4","-0.6","29.4","3680.6","14.3","20.9","7.6"
"USC00200779","BIG RAPIDS WATER TREATMENT PLANT, MI US","43.7072","-85.4819","273.7","2000-06","47.8","2.2","31.7","3722.0","18.2","24.7","11.7"
"USC00200417","BAD AXE, MI US","43.808","-82.9938","217.9","2000-01","0.0","-21.1","12.2","1939.7","-5.6","-1.8","-9.3"
"USC00200417","BAD AXE, MI US","43.808","-82.9938","217.9","2000-02","0.0","-20.6","17.8","2496.6","-3.1","1.4","-7.6"
"USC00200417","BAD AXE, MI US","43.808","-82.9938","217.9","2000-03","0.9","-8.3","26.7","2876.0","4.2","9.7","-1.4"
"USC00200417","BAD AXE, MI US","43.808","-82.9938","217.9","2000-04","0.9","-7.8","22.8","3230.5","5.5","10.6","0.3"
"USC00200417","BAD AXE, MI US","43.808","-82.9938","217.9","2000-05","21.7","-1.1","28.9","3396.0","13.7","19.4","8.0"
"USC00200417","BAD AXE, MI US","43.808","-82.9938","217.9","2000-06","67.8","6.7","32.2","3435.7","18.5","23.6","13.3"
"USC00202395","EAST LANSING 4 S, MI US","42.67417","-84.485","268.2","2000-01","0.0","-23.9","13.9",,"-5.9","-0.9","-10.8"
"USC00202395","EAST LANSING 4 S, MI US","42.67417","-84.485","268.2","2000-02","0.0","-20.6","17.2",,"-2.4","3.8","-8.6"
"USC00202395","EAST LANSING 4 S, MI US","42.67417","-84.485","268.2","2000-03","1.4","-7.8","26.7",,"5.2","11.6","-1.3"
"USC00202395","EAST LANSING 4 S, MI US","42.67417","-84.485","268.2","2000-04",,,"22.8",,,"13.4",
"USC00202395","EAST LANSING 4 S, MI US","42.67417","-84.485","268.2","2000-05",,"3.9","29.4",,"15.4","21.7","9.0"
"USC00202395","EAST LANSING 4 S, MI US","42.67417","-84.485","268.2","2000-06",,"4.4","32.2",,"19.7","25.4","13.9"
"USC00205662","CENTRAL MICHIGAN UNIVERSITY, MI US","43.5859","-84.7694","242.3","2000-01","0.0","-20.0","12.2",,"-6.1","-1.9","-10.4"
"USC00205662","CENTRAL MICHIGAN UNIVERSITY, MI US","43.5859","-84.7694","242.3","2000-02","0.0","-20.0","15.6",,"-2.5","2.5","-7.5"
"USC00205662","CENTRAL MICHIGAN UNIVERSITY, MI US","43.5859","-84.7694","242.3","2000-03","1.4","-8.9","25.6",,"4.9","10.6","-0.8"
"USC00205662","CENTRAL MICHIGAN UNIVERSITY, MI US","43.5859","-84.7694","242.3","2000-04","1.4","-4.4","22.2",,"7.1","13.1","1.1"
"USC00205662","CENTRAL MICHIGAN UNIVERSITY, MI US","43.5859","-84.7694","242.3","2000-05","23.4","2.8","29.4",,"15.0","20.6","9.4"
"USC00205662","CENTRAL MICHIGAN UNIVERSITY, MI US","43.5859","-84.7694","242.3","2000-06","80.0","6.1","32.2",,"19.2","24.5","13.9"
"USW00094871","BENTON HARBOR, MI US","42.12894","-86.41518","195.4","2000-01","0.0","-22.8","16.1","1880.5","-3.3","0.6","-7.3"
"USW00094871","BENTON HARBOR, MI US","42.12894","-86.41518","195.4","2000-02","0.0","-14.4","22.2","2368.2","1.5","5.6","-2.6"
"USW00094871","BENTON HARBOR, MI US","42.12894","-86.41518","195.4","2000-03","1.7","-8.3","26.1","2759.0","5.8","11.3","0.2"
"USW00094871","BENTON HARBOR, MI US","42.12894","-86.41518","195.4","2000-04","1.7","-7.2","23.9","3081.3","7.2","13.0","1.4"
"USW00094871","BENTON HARBOR, MI US","42.12894","-86.41518","195.4","2000-05","27.5","1.7","30.0","3203.8","15.2","20.7","9.8"
"USW00094871","BENTON HARBOR, MI US","42.12894","-86.41518","195.4","2000-06","87.7","2.2","31.1","3252.3","18.7","24.0","13.5"
"USC00207180","RUBY, MI US","43.0341","-82.608","213.7","2000-01",,,,,,,
"USC00207180","RUBY, MI US","43.0341","-82.608","213.7","2000-02",,,,,,,
"USC00207180","RUBY, MI US","43.0341","-82.608","213.7","2000-03",,,,,,,
"USC00207180","RUBY, MI US","43.0341","-82.608","213.7","2000-04",,,,,,,
"USC00207180","RUBY, MI US","43.0341","-82.608","213.7","2000-05",,,,,,,
"USC00207180","RUBY, MI US","43.0341","-82.608","213.7","2000-06",,,,,,,
"USC00203932","HOUGHTON LAKE 6 WSW, MI US","44.3119","-84.8922","345.9","2000-01","0.0","-27.8","7.2","2410.4","-7.8","-2.0","-13.6"
"USC00203932","HOUGHTON LAKE 6 WSW, MI US","44.3119","-84.8922","345.9","2000-02","0.0","-29.4","16.1","3060.7","-4.9","2.0","-11.8"
"USC00203932","HOUGHTON LAKE 6 WSW, MI US","44.3119","-84.8922","345.9","2000-03",,"-20.6","25.6",,"1.5","10.4","-7.4"
"USC00203932","HOUGHTON LAKE 6 WSW, MI US","44.3119","-84.8922","345.9","2000-04",,,"22.8",,,"12.7",
"USC00203932","HOUGHTON LAKE 6 WSW, MI US","44.3119","-84.8922","345.9","2000-05",,"-2.8","30.0",,"12.9","20.5","5.4"
"USC00203932","HOUGHTON LAKE 6 WSW, MI US","44.3119","-84.8922","345.9","2000-06",,"0.0","31.1",,"16.8","23.7","9.8"
"USC00205434","MIDLAND, MI US","43.6088","-84.2011","195.1","2000-01","0.0","-21.1","12.2","1941.9","-4.6","-0.2","-8.9"
"USC00205434","MIDLAND, MI US","43.6088","-84.2011","195.1","2000-02","0.0","-18.3","16.1","2490.5","-0.6","3.5","-4.7"
"USC00205434","MIDLAND, MI US","43.6088","-84.2011","195.1","2000-03","5.6","-9.4","26.7","2858.0","6.7","12.4","0.9"
"USC00205434","MIDLAND, MI US","43.6088","-84.2011","195.1","2000-04","5.6","-4.4","23.3","3159.1","8.3","14.1","2.5"
"USC00205434","MIDLAND, MI US","43.6088","-84.2011","195.1","2000-05","36.6","2.8","29.4","3251.8","16.4","22.1","10.6"
"USC00205434","MIDLAND, MI US","43.6088","-84.2011","195.1","2000-06","108.9","5.6","32.8","3273.7","20.0","25.3","14.7"
"USC00203930","HOUGHTON LAKE 2 NW, MI US","44.3122","-84.7747","353.9","2000-05",,"-2.8","29.4",,"13.2","20.1","6.3"
"USC00203930","HOUGHTON LAKE 2 NW, MI US","44.3122","-84.7747","353.9","2000-06",,"1.1","30.6",,"17.2","23.5","10.9"
"USC00208941","WHITE LAKE 4 E, MI US","42.698","-83.4716","321.0","2000-04",,"-7.2","24.4",,"7.1","13.1","1.1"
"USC00208941","WHITE LAKE 4 E, MI US","42.698","-83.4716","321.0","2000-05",,"1.7","28.9",,"14.9","20.8","9.0"
"USC00208941","WHITE LAKE 4 E, MI US","42.698","-83.4716","321.0","2000-06",,"4.4","31.1",,"18.7","24.0","13.4"
"USC00200420","BAD AXE 8 E, MI US","43.8302","-82.8425","225.6","2000-01","0.0","-23.9","11.7","2059.8","-6.7","-1.8","-11.7"
"USC00200420","BAD AXE 8 E, MI US","43.8302","-82.8425","225.6","2000-02",,"-25.0","17.8",,"-4.0","2.4","-10.3"
"USC00200420","BAD AXE 8 E, MI US","43.8302","-82.8425","225.6","2000-03",,"-11.1","26.1",,"3.3","9.6","-3.1"
"USC00200420","BAD AXE 8 E, MI US","43.8302","-82.8425","225.6","2000-04",,"-8.9","23.3",,"4.6","10.8","-1.5"
"USC00200420","BAD AXE 8 E, MI US","43.8302","-82.8425","225.6","2000-05",,"-0.6","30.0",,"13.0","19.3","6.7"
"USC00200420","BAD AXE 8 E, MI US","43.8302","-82.8425","225.6","2000-06",,"4.4","32.2",,"18.1","23.9","12.3"
"USC00205558","MONROE, MI US","41.91389","-83.39417","179.8","2000-01","0.0","-17.2","15.0","1831.5","-4.1","0.9","-9.1"
"USC00205558","MONROE, MI US","41.91389","-83.39417","179.8","2000-02","0.0","-11.1","21.7","2368.6","-0.2","4.4","-4.7"
"USC00205558","MONROE, MI US","41.91389","-83.39417","179.8","2000-03","1.1","-5.0","26.1","2747.6","5.8","10.9","0.7"
"USC00205558","MONROE, MI US","41.91389","-83.39417","179.8","2000-04","1.1","-2.8","25.6","3042.2","8.3","13.2","3.3"
"USC00205558","MONROE, MI US","41.91389","-83.39417","179.8","2000-05","39.5","5.6","30.6","3134.9","16.6","21.5","11.7"
"USC00205558","MONROE, MI US","41.91389","-83.39417","179.8","2000-06","136.6","6.1","32.8","3157.9","20.8","25.6","16.0"
"USC00204104","IRONWOOD, MI US","46.4656","-90.1892","435.9","2000-01","0.0","-23.9","3.9","2776.1","-11.1","-5.8","-16.4"
"USC00204104","IRONWOOD, MI US","46.4656","-90.1892","435.9","2000-02","0.0","-27.8","13.9","3474.9","-5.8","0.1","-11.6"
"USC00204104","IRONWOOD, MI US","46.4656","-90.1892","435.9","2000-03","0.0","-22.2","21.1","4026.5","0.5","6.7","-5.6"
"USC00204104","IRONWOOD, MI US","46.4656","-90.1892","435.9","2000-04","0.0","-8.3","22.2","4469.3","3.6","8.9","-1.8"
"USC00204104","IRONWOOD, MI US","46.4656","-90.1892","435.9","2000-05","11.4","-5.0","30.0","4675.9","12.0","18.0","6.1"
"USC00204104","IRONWOOD, MI US","46.4656","-90.1892","435.9","2000-06","13.0","-0.6","29.4","4808.5","14.0","20.0","8.0"
