"STATION","NAME","LATITUDE","LONGITUDE","ELEVATION","DATE","CDSD","EMNT","EMXT","HDSD","TAVG","TMAX","TMIN"
"USC00205690","MUNISING, MI US","46.4121","-86.6625","207.3","2010-07","90.6","6.7","30.0","19.2","19.8","24.3","15.3"
"USC00205690","MUNISING, MI US","46.4121","-86.6625","207.3","2010-08","150.4","8.9","30.6","40.9","19.6","23.8","15.3"
"USC00205690","MUNISING, MI US","46.4121","-86.6625","207.3","2010-09","156.3","3.3","27.8","224.6","12.4","16.3","8.5"
"USC00205690","MUNISING, MI US","46.4121","-86.6625","207.3","2010-10","156.3","1.1","21.7","520.9","8.8","12.9","4.7"
"USC00205690","MUNISING, MI US","46.4121","-86.6625","207.3","2010-11","156.3","-12.2","13.3","1013.3","1.9","5.4","-1.5"
"USC00205690","MUNISING, MI US","46.4121","-86.6625","207.3","2010-12","156.3","-12.8","6.1","1727.1","-4.7","-2.3","-7.1"
"USC00203270","GLADSTONE NUMBER 2, MI US","45.8433","-87.0391","218.5","2010-07",,,,,,,
"USC00203270","GLADSTONE NUMBER 2, MI US","45.8433","-87.0391","218.5","2010-08",,,,,,,
"USC00203270","GLADSTONE NUMBER 2, MI US","45.8433","-87.0391","218.5","2010-09",,,,,,,
"USC00203270","GLADSTONE NUMBER 2, MI US","45.8433","-87.0391","218.5","2010-10",,,,,,,
"USC00203270","GLADSTONE NUMBER 2, MI US","45.8433","-87.0391","218.5","2010-11",,,,,,,
"USC00203270","GLADSTONE NUMBER 2, MI US","45.8433","-87.0391","218.5","2010-12",,,,,,,
"USC00203391","GRAYLING, MI US","44.64536","-84.69921","350.8","2010-07",,"6.1","31.7","9.7","21.4","27.9","14.8"
"USC00203391","GRAYLING, MI US","44.64536","-84.69921","350.8","2010-08",,"5.0","32.2","27.9","21.0","27.1","14.8"
"USC00203391","GRAYLING, MI US","44.64536","-84.69921","350.8","2010-09",,"-0.6","31.1","183.9","13.6","19.6","7.6"
"USC00203391","GRAYLING, MI US","44.64536","-84.69921","350.8","2010-10",,"-4.4","25.0","487.8","8.5","15.5","1.6"
"USC00203391","GRAYLING, MI US","44.64536","-84.69921","350.8","2010-11",,"-8.9","18.3","958.9","2.6","7.5","-2.2"
"USC00203391","GRAYLING, MI US","44.64536","-84.69921","350.8","2010-12",,"-16.7","9.4","1698.8","-5.5","-2.2","-8.9"
"USC00206662","PORT AUSTIN WWTP, MI US","44.0469","-82.9702","184.4","2010-07","172.4","10.0","32.8","4.5","22.2","27.1","17.3"
"USC00206662","PORT AUSTIN WWTP, MI US","44.0469","-82.9702","184.4","2010-08","270.0","10.0","32.2","10.6","21.6","26.3","16.8"
"USC00206662","PORT AUSTIN WWTP, MI US","44.0469","-82.9702","184.4","2010-09","293.4","6.1","32.8","109.7","15.6","19.9","11.3"
"USC00206662","PORT AUSTIN WWTP, MI US","44.0469","-82.9702","184.4","2010-10","293.4","0.6","23.3","332.5","10.6","15.0","6.3"
"USC00206662","PORT AUSTIN WWTP, MI US","44.0469","-82.9702","184.4","2010-11","293.4","-4.4","16.7","773.9","3.6","8.1","-0.9"
"USC00206662","PORT AUSTIN WWTP, MI US","44.0469","-82.9702","184.4","2010-12","293.4","-12.8","13.3","1447.1","-3.4","-1.1","-5.7"
"USC00205452","MILFORD GM PROVING GROUND, MI US","42.5794","-83.6844","295.7","2010-07","218.2","6.7","32.8","4.7","22.5","28.5","16.5"
"USC00205452","MILFORD GM PROVING GROUND, MI US","42.5794","-83.6844","295.7","2010-08","337.5","8.3","32.2","5.6","22.3","28.2","16.4"
"USC00205452","MILFORD GM PROVING GROUND, MI US","42.5794","-83.6844","295.7","2010-09","353.8","4.4","31.7","93.9","15.7","21.9","9.5"
"USC00205452","MILFORD GM PROVING GROUND, MI US","42.5794","-83.6844","295.7","2010-10","353.8","-2.2","25.6","303.2","10.5","16.6","4.3"
"USC00205452","MILFORD GM PROVING GROUND, MI US","42.5794","-83.6844","295.7","2010-11","353.8","-7.8","19.4","690.5","3.9","9.9","-2.1"
"USC00205452","MILFORD GM PROVING GROUND, MI US","42.5794","-83.6844","295.7","2010-12","353.8","-18.9","11.1","1394.3","-5.1","-1.6","-8.6"
"USC00205451","MILAN WWTP, MI US","42.0811","-83.6769","207.3","2010-07","316.7","9.4","34.4","2.8","23.8","29.9","17.7"
"USC00205451","MILAN WWTP, MI US","42.0811","-83.6769","207.3","2010-08","457.7","10.0","33.9","4.5","22.8","28.5","17.1"
"USC00205451","MILAN WWTP, MI US","42.0811","-83.6769","207.3","2010-09","497.2","6.7","33.9","69.5","17.5","23.3","11.6"
"USC00205451","MILAN WWTP, MI US","42.0811","-83.6769","207.3","2010-10","498.3","0.6","28.9","261.3","12.2","18.4","5.9"
"USC00205451","MILAN WWTP, MI US","42.0811","-83.6769","207.3","2010-11","498.3","-6.1","17.8","666.6","4.3","10.1","-1.4"
"USC00205451","MILAN WWTP, MI US","42.0811","-83.6769","207.3","2010-12","498.3","-14.4","13.3","1313.6","-4.0","-0.6","-7.5"
"US1MIME0002","BIG RAPIDS 0.7 ENE, MI US","43.707458","-85.47386","281.9","2010-07",,,,,,,
"US1MIME0002","BIG RAPIDS 0.7 ENE, MI US","43.707458","-85.47386","281.9","2010-08",,,,,,,
"US1MIME0002","BIG RAPIDS 0.7 ENE, MI US","43.707458","-85.47386","281.9","2010-09",,,,,,,
"US1MIME0002","BIG RAPIDS 0.7 ENE, MI US","43.707458","-85.47386","281.9","2010-10",,,,,,,
"US1MIME0002","BIG RAPIDS 0.7 ENE, MI US","43.707458","-85.47386","281.9","2010-11",,,,,,,
"US1MIME0002","BIG RAPIDS 0.7 ENE, MI US","43.707458","-85.47386","281.9","2010-12",,,,,,,
"US1MIME0003","BIG RAPIDS 3.2 NE, MI US","43.738311","-85.443267","307.5","2010-09",,,,,,,
"US1MIME0003","BIG RAPIDS 3.2 NE, MI US","43.738311","-85.443267","307.5","2010-10",,,,,,,
"US1MIOW0014","HOLLAND 4.4 NW, MI US","42.823464","-86.151194","199.0","2010-07",,,,,,,
"US1MIOW0014","HOLLAND 4.4 NW, MI US","42.823464","-86.151194","199.0","2010-08",,,,,,,
"US1MIOW0014","HOLLAND 4.4 NW, MI US","42.823464","-86.151194","199.0","2010-09",,,,,,,
"US1MIOW0014","HOLLAND 4.4 NW, MI US","42.823464","-86.151194","199.0","2010-10",,,,,,,
"US1MIOW0014","HOLLAND 4.4 NW, MI US","42.823464","-86.151194","199.0","2010-11",,,,,,,
"US1MIOW0014","HOLLAND 4.4 NW, MI US","42.823464","-86.151194","199.0","2010-12",,,,,,,
"US1MIVB0005","GRAND JUNCTION 2.9 SSW, MI US","42.375558","-86.091491","210.0","2010-07",,,,,,,
"US1MIVB0005","GRAND JUNCTION 2.9 SSW, MI US","42.375558","-86.091491","210.0","2010-08",,,,,,,
"USC00203025","FREMONT 4 WSW, MI US","43.44527","-86.02646","242.9","2010-07","193.3","7.2","31.7","5.0","21.9","27.4","16.4"
"USC00203025","FREMONT 4 WSW, MI US","43.44527","-86.02646","242.9","2010-08","298.0","8.3","31.1","11.4","21.5","27.1","15.9"
"USC00203025","FREMONT 4 WSW, MI US","43.44527","-86.02646","242.9","2010-09","314.5","4.4","30.0","137.2","14.7","19.6","9.8"
"USC00203025","FREMONT 4 WSW, MI US","43.44527","-86.02646","242.9","2010-10","314.5","-1.7","24.4","388.3","10.2","16.6","3.8"
"USC00203025","FREMONT 4 WSW, MI US","43.44527","-86.02646","242.9","2010-11","314.5","-5.6","19.4","817.6","4.0","9.0","-0.9"
"USC00203025","FREMONT 4 WSW, MI US","43.44527","-86.02646","242.9","2010-12","314.5","-14.4","9.4","1483.9","-3.9","-0.9","-6.9"
"USC00205563","MONROE, MI US","41.9069","-83.4158","178.6","2010-07",,,,,,,
"USC00205563","MONROE, MI US","41.9069","-83.4158","178.6","2010-08",,"9.4","33.3",,"23.2","29.1","17.2"
"USC00205563","MONROE, MI US","41.9069","-83.4158","178.6","2010-09",,,,,,,
"USC00205563","MONROE, MI US","41.9069","-83.4158","178.6","2010-10",,"-1.1","31.1",,"12.0","18.3","5.8"
"USC00205563","MONROE, MI US","41.9069","-83.4158","178.6","2010-11",,"-6.7","18.3",,"4.6","10.6","-1.4"
"USC00205563","MONROE, MI US","41.9069","-83.4158","178.6","2010-12",,"-16.1","13.3",,"-3.8","-0.4","-7.1"
"US1MIAN0001","WAYLAND 2.0 W, MI US","42.6732292","-85.68013763","225.2","2010-07",,,,,,,
"US1MIAN0001","WAYLAND 2.0 W, MI US","42.6732292","-85.68013763","225.2","2010-08",,,,,,,
"US1MIAN0001","WAYLAND 2.0 W, MI US","42.6732292","-85.68013763","225.2","2010-11",,,,,,,
"US1MIAN0001","WAYLAND 2.0 W, MI US","42.6732292","-85.68013763","225.2","2010-12",,,,,,,
"USC00206658","PONTIAC WWTP, MI US","42.6388","-83.2555","271.3","2010-07",,,,,,,
"USC00206658","PONTIAC WWTP, MI US","42.6388","-83.2555","271.3","2010-08",,,,,,,
"USC00206658","PONTIAC WWTP, MI US","42.6388","-83.2555","271.3","2010-09",,,,,,,
"USC00206658","PONTIAC WWTP, MI US","42.6388","-83.2555","271.3","2010-10",,,,,,,
"USC00206658","PONTIAC WWTP, MI US","42.6388","-83.2555","271.3","2010-11",,,,,,,
"USC00206658","PONTIAC WWTP, MI US","42.6388","-83.2555","271.3","2010-12",,,,,,,
"USC00203268","GLADSTONE 4 NW, MI US","45.8806","-87.0911","225.9","2010-07",,,,,,,
"USC00203268","GLADSTONE 4 NW, MI US","45.8806","-87.0911","225.9","2010-08",,,,,,,
"USC00203268","GLADSTONE 4 NW, MI US","45.8806","-87.0911","225.9","2010-09",,,,,,,
"USC00203268","GLADSTONE 4 NW, MI US","45.8806","-87.0911","225.9","2010-10",,,,,,,
"USC00203268","GLADSTONE 4 NW, MI US","45.8806","-87.0911","225.9","2010-11",,,,,,,
"USC00203268","GLADSTONE 4 NW, MI US","45.8806","-87.0911","225.9","2010-12",,,,,,,
"USC00205567","MONTAGUE 4 NW, MI US","43.461","-86.41773","198.1","2010-07",,"0.0","31.1","32.0","19.8","27.9","11.6"
"USC00205567","MONTAGUE 4 NW, MI US","43.461","-86.41773","198.1","2010-08",,,,,,,
"USC00205567","MONTAGUE 4 NW, MI US","43.461","-86.41773","198.1","2010-09",,"1.1","29.4",,"15.9","21.1","10.7"
"USC00205567","MONTAGUE 4 NW, MI US","43.461","-86.41773","198.1","2010-10",,"-3.3","24.4",,"10.6","16.7","4.6"
"USC00205567","MONTAGUE 4 NW, MI US","43.461","-86.41773","198.1","2010-11",,"-5.6","18.3",,"5.7","10.1","1.2"
"USC00205567","MONTAGUE 4 NW, MI US","43.461","-86.41773","198.1","2010-12",,"-17.2","11.1",,"-2.5","0.1","-5.1"
"USC00208972","WHITMORE LAKE 1 NW, MI US","42.4355","-83.783","276.1","2010-07","214.6","7.8","33.3","8.3","22.3","28.5","16.1"
"USC00208972","WHITMORE LAKE 1 NW, MI US","42.4355","-83.783","276.1","2010-08","325.9","8.9","32.8","11.9","21.8","27.9","15.8"
"USC00208972","WHITMORE LAKE 1 NW, MI US","42.4355","-83.783","276.1","2010-09","356.5","5.0","32.2","105.1","16.3","22.1","10.4"
"USC00208972","WHITMORE LAKE 1 NW, MI US","42.4355","-83.783","276.1","2010-10","357.1","-1.7","27.2","317.1","11.4","18.0","4.7"
"USC00208972","WHITMORE LAKE 1 NW, MI US","42.4355","-83.783","276.1","2010-11","357.1","-6.7","19.4","769.2","3.3","9.2","-2.7"
"USC00208972","WHITMORE LAKE 1 NW, MI US","42.4355","-83.783","276.1","2010-12","357.1","-15.6","12.2","1444.2","-5.0","-1.5","-8.4"
"US1MIAN0004","FENNVILLE 0.8 W, MI US","42.594218","-86.120119","204.2","2010-07",,,,,,,
"US1MIAN0004","FENNVILLE 0.8 W, MI US","42.594218","-86.120119","204.2","2010-08",,,,,,,
"US1MIAN0004","FENNVILLE 0.8 W, MI US","42.594218","-86.120119","204.2","2010-10",,,,,,,
"US1MIAN0004","FENNVILLE 0.8 W, MI US","42.594218","-86.120119","204.2","2010-11",,,,,,,
"USC00204130","ISHPEMING WWTP, MI US","46.4911","-87.6894","428.5","2010-07","130.5","4.4","31.7","15.6","20.3","26.6","14.1"
"USC00204130","ISHPEMING WWTP, MI US","46.4911","-87.6894","428.5","2010-08","211.5","5.6","32.2","38.4","20.2","26.5","14.0"
"USC00204130","ISHPEMING WWTP, MI US","46.4911","-87.6894","428.5","2010-09","216.2","0.0","25.6","241.1","11.7","17.9","5.6"
"USC00204130","ISHPEMING WWTP, MI US","46.4911","-87.6894","428.5","2010-10","216.2","-2.2","26.7","546.5","8.5","14.9","2.0"
"USC00204130","ISHPEMING WWTP, MI US","46.4911","-87.6894","428.5","2010-11","216.2","-13.3","15.6","1054.2","1.4","5.6","-2.8"
"USC00204130","ISHPEMING WWTP, MI US","46.4911","-87.6894","428.5","2010-12","216.2","-22.2","6.1","1801.2","-6.6","-3.1","-10.0"
"US1MIVB0004","PAW PAW 3.6 NNE, MI US","42.265824","-85.861936","216.1","2010-07",,,,,,,
"US1MIVB0004","PAW PAW 3.6 NNE, MI US","42.265824","-85.861936","216.1","2010-08",,,,,,,
"US1MIVB0004","PAW PAW 3.6 NNE, MI US","42.265824","-85.861936","216.1","2010-09",,,,,,,
"US1MIVB0004","PAW PAW 3.6 NNE, MI US","42.265824","-85.861936","216.1","2010-10",,,,,,,
"US1MIVB0004","PAW PAW 3.6 NNE, MI US","42.265824","-85.861936","216.1","2010-11",,,,,,,
"US1MIVB0004","PAW PAW 3.6 NNE, MI US","42.265824","-85.861936","216.1","2010-12",,,,,,,
"USR0000MSPI","SPINCICH LAKE MICHIGAN, MI US","46.4578","-85.6272","273.1","2010-07",,"-0.6","30.6","37.5","17.9","25.8","10.1"
"USR0000MSPI","SPINCICH LAKE MICHIGAN, MI US","46.4578","-85.6272","273.1","2010-08",,"1.1","31.7","103.7","18.2","25.3","11.2"
"US1MIVB0002","GRAND JUNCTION 1.3 ENE, MI US","42.40925586","-86.04813018","202.7","2010-07",,,,,,,
"US1MIVB0002","GRAND JUNCTION 1.3 ENE, MI US","42.40925586","-86.04813018","202.7","2010-08",,,,,,,
"US1MIVB0002","GRAND JUNCTION 1.3 ENE, MI US","42.40925586","-86.04813018","202.7","2010-09",,,,,,,
"US1MIVB0002","GRAND JUNCTION 1.3 ENE, MI US","42.40925586","-86.04813018","202.7","2010-10",,,,,,,
"US1MIVB0002","GRAND JUNCTION 1.3 ENE, MI US","42.40925586","-86.04813018","202.7","2010-11",,,,,,,
"US1MIVB0002","GRAND JUNCTION 1.3 ENE, MI US","42.40925586","-86.04813018","202.7","2010-12",,,,,,,
"US1MIOW0002","HOLLAND 3.9 NNE, MI US","42.822957","-86.06784","188.1","2010-07",,,,,,,
"US1MIOW0002","HOLLAND 3.9 NNE, MI US","42.822957","-86.06784","188.1","2010-08",,,,,,,
"US1MIOW0002","HOLLAND 3.9 NNE, MI US","42.822957","-86.06784","188.1","2010-09",,,,,,,
"US1MIOW0002","HOLLAND 3.9 NNE, MI US","42.822957","-86.06784","188.1","2010-10",,,,,,,
"US1MIOW0002","HOLLAND 3.9 NNE, MI US","42.822957","-86.06784","188.1","2010-11",,,,,,,
"US1MIOW0002","HOLLAND 3.9 NNE, MI US","42.822957","-86.06784","188.1","2010-12",,,,,,,
"US1MIOW0001","JENISON 1.0 NE, MI US","42.920457","-85.817255","196.0","2010-07",,,,,,,
"US1MIOW0003","WALKER 3.2 W, MI US","42.98804","-85.8103","218.8","2010-07",,,,,,,
"US1MIOW0003","WALKER 3.2 W, MI US","42.98804","-85.8103","218.8","2010-08",,,,,,,
"US1MIOW0003","WALKER 3.2 W, MI US","42.98804","-85.8103","218.8","2010-09",,,,,,,
"US1MIOW0003","WALKER 3.2 W, MI US","42.98804","-85.8103","218.8","2010-10",,,,,,,
"US1MIOW0003","WALKER 3.2 W, MI US","42.98804","-85.8103","218.8","2010-11",,,,,,,
"US1MIOW0003","WALKER 3.2 W, MI US","42.98804","-85.8103","218.8","2010-12",,,,,,,
"US1MIAG0001","CHATHAM 0.2 SSE, MI US","46.344986","-86.927417","274.3","2010-08",,,,,,,
"US1MIAG0001","CHATHAM 0.2 SSE, MI US","46.344986","-86.927417","274.3","2010-09",,,,,,,
"US1MIAG0001","CHATHAM 0.2 SSE, MI US","46.344986","-86.927417","274.3","2010-10",,,,,,,
"US1MIAG0001","CHATHAM 0.2 SSE, MI US","46.344986","-86.927417","274.3","2010-11",,,,,,,
"US1MIAG0001","CHATHAM 0.2 SSE, MI US","46.344986","-86.927417","274.3","2010-12",,,,,,,
"USC00203278","GOODRICH, MI US","42.9163","-83.5097","277.4","2010-07","266.8","7.2","34.4","4.5","23.1","29.3","16.9"
"USC00203278","GOODRICH, MI US","42.9163","-83.5097","277.4","2010-08","404.4","8.9","34.4","6.5","22.7","28.8","16.6"
"USC00203278","GOODRICH, MI US","42.9163","-83.5097","277.4","2010-09","433.8","4.4","33.3","100.9","16.2","22.1","10.3"
"USC00203278","GOODRICH, MI US","42.9163","-83.5097","277.4","2010-10","433.8","-1.7","24.4","328.2","11.0","17.6","4.4"
"USC00203278","GOODRICH, MI US","42.9163","-83.5097","277.4","2010-11","433.8","-6.1","21.7","756.2","4.1","9.9","-1.8"
"USC00203278","GOODRICH, MI US","42.9163","-83.5097","277.4","2010-12","433.8","-17.2","13.3","1467.6","-4.6","-1.1","-8.1"
"USC00206300","OWOSSO WWTP, MI US","43.0161","-84.18","222.5","2010-07","269.9","7.8","33.9","5.3","23.2","29.3","17.1"
"USC00206300","OWOSSO WWTP, MI US","43.0161","-84.18","222.5","2010-08","413.6","8.9","35.0","7.8","23.0","29.4","16.6"
"USC00206300","OWOSSO WWTP, MI US","43.0161","-84.18","222.5","2010-09","447.0","5.0","33.3","103.4","16.3","22.0","10.5"
"USC00206300","OWOSSO WWTP, MI US","43.0161","-84.18","222.5","2010-10","447.0","-1.1","25.6","328.3","11.1","17.5","4.6"
"USC00206300","OWOSSO WWTP, MI US","43.0161","-84.18","222.5","2010-11","447.0","-5.0","19.4","752.8","4.2","9.6","-1.2"
"USC00206300","OWOSSO WWTP, MI US","43.0161","-84.18","222.5","2010-12","447.0","-16.7","13.3","1440.4","-4.5","-1.1","-7.9"
"USC00206663","PORT HOPE, MI US","43.9483","-82.7141","182.9","2010-07","146.1","8.3","34.4","7.3","22.4","27.4","17.4"
"USC00206663","PORT HOPE, MI US","43.9483","-82.7141","182.9","2010-08","232.9","10.6","32.2","12.5","21.2","25.6","16.8"
"USC00206663","PORT HOPE, MI US","43.9483","-82.7141","182.9","2010-09","258.8","6.1","32.8","112.2","15.7","20.1","11.3"
"USC00206663","PORT HOPE, MI US","43.9483","-82.7141","182.9","2010-10","258.8","0.0","23.9","331.1","10.8","15.0","6.6"
"USC00206663","PORT HOPE, MI US","43.9483","-82.7141","182.9","2010-11","258.8","-4.4","17.2","744.7","3.9","7.7","0.2"
"USC00206663","PORT HOPE, MI US","43.9483","-82.7141","182.9","2010-12","258.8","-11.1","12.8","1369.1","-3.3","-1.3","-5.3"
"US1MILN0003","ADRIAN 6.4 ENE, MI US","41.9356","-83.9294","235.9","2010-07",,,,,,,
"US1MILN0003","ADRIAN 6.4 ENE, MI US","41.9356","-83.9294","235.9","2010-08",,,,,,,
"US1MILN0003","ADRIAN 6.4 ENE, MI US","41.9356","-83.9294","235.9","2010-09",,,,,,,
"US1MILN0003","ADRIAN 6.4 ENE, MI US","41.9356","-83.9294","235.9","2010-10",,,,,,,
"US1MILN0003","ADRIAN 6.4 ENE, MI US","41.9356","-83.9294","235.9","2010-11",,,,,,,
"US1MILN0003","ADRIAN 6.4 ENE, MI US","41.9356","-83.9294","235.9","2010-12",,,,,,,
"USC00205591","MORAN, MI US","45.9902","-84.8361","211.8","2010-07","69.5","6.1","30.0","13.6","19.4","25.6","13.3"
"USC00205591","MORAN, MI US","45.9902","-84.8361","211.8","2010-08","136.5","5.0","30.6","40.5","19.6","25.1","14.2"
"USC00205591","MORAN, MI US","45.9902","-84.8361","211.8","2010-09","143.7","0.6","30.0","212.7","12.8","18.4","7.3"
"USC00205591","MORAN, MI US","45.9902","-84.8361","211.8","2010-10","143.7","-2.8","20.0","533.5","8.0","14.2","1.8"
"USC00205591","MORAN, MI US","45.9902","-84.8361","211.8","2010-11","143.7","-13.9","11.1","1024.6","2.0","6.3","-2.4"
"USC00205591","MORAN, MI US","45.9902","-84.8361","211.8","2010-12","143.7","-21.7","8.9","1772.9","-5.8","-1.4","-10.2"
"USC00206680","PORT HURON, MI US","42.975","-82.4194","179.8","2010-07","300.1","11.1","36.1","1.9","24.3","29.1","19.4"
"USC00206680","PORT HURON, MI US","42.975","-82.4194","179.8","2010-08","464.3","13.3","32.8","2.7","23.8","28.4","19.1"
"USC00206680","PORT HURON, MI US","42.975","-82.4194","179.8","2010-09","500.7","7.2","32.2","54.8","17.8","22.4","13.2"
"USC00206680","PORT HURON, MI US","42.975","-82.4194","179.8","2010-10","500.7","1.1","25.0","233.2","12.6","16.6","8.5"
"USC00206680","PORT HURON, MI US","42.975","-82.4194","179.8","2010-11","500.7","-7.2","16.1","624.6","4.8","9.2","0.5"
"USC00206680","PORT HURON, MI US","42.975","-82.4194","179.8","2010-12","500.7","-15.6","11.1","1300.4","-3.5","-0.9","-6.0"
"USC00207891","STEVENSVILLE 1 SE, MI US","42.0017","-86.5222","179.8","2010-07",,,,,,,
"USC00207891","STEVENSVILLE 1 SE, MI US","42.0017","-86.5222","179.8","2010-08",,,,,,,
"USC00207891","STEVENSVILLE 1 SE, MI US","42.0017","-86.5222","179.8","2010-09",,,,,,,
"USC00207891","STEVENSVILLE 1 SE, MI US","42.0017","-86.5222","179.8","2010-10",,,,,,,
"USC00207891","STEVENSVILLE 1 SE, MI US","42.0017","-86.5222","179.8","2010-11",,,,,,,
"USC00206442","PELLSTON AIRPORT NUMBER 2, MI US","45.5719","-84.7858","217.0","2010-07","114.6","6.7","32.2","8.6","20.4","26.8","14.0"
"USC00206442","PELLSTON AIRPORT NUMBER 2, MI US","45.5719","-84.7858","217.0","2010-08","184.9","7.2","32.8","30.3","20.1","26.1","14.1"
"USC00206442","PELLSTON AIRPORT NUMBER 2, MI US","45.5719","-84.7858","217.0","2010-09","192.7","-0.6","31.7","197.7","12.8","18.9","6.8"
"USC00206442","PELLSTON AIRPORT NUMBER 2, MI US","45.5719","-84.7858","217.0","2010-10","192.7","-4.4","21.7","519.2","7.6","14.1","1.2"
"USC00206442","PELLSTON AIRPORT NUMBER 2, MI US","45.5719","-84.7858","217.0","2010-11","192.7","-7.8","17.8","960.5","2.6","7.5","-2.4"
"USC00206442","PELLSTON AIRPORT NUMBER 2, MI US","45.5719","-84.7858","217.0","2010-12",,,,,,,
"USC00203295","GRAND HAVEN WASTEWATER PLANT, MI US","43.0618","-86.2044","182.9","2010-07","172.6","9.4","30.6","5.0","22.0","26.6","17.4"
"USC00203295","GRAND HAVEN WASTEWATER PLANT, MI US","43.0618","-86.2044","182.9","2010-08","283.2","10.0","31.1","9.2","21.8","26.3","17.2"
"USC00203295","GRAND HAVEN WASTEWATER PLANT, MI US","43.0618","-86.2044","182.9","2010-09","304.8","5.6","29.4","116.2","15.3","20.3","10.4"
"USC00203295","GRAND HAVEN WASTEWATER PLANT, MI US","43.0618","-86.2044","182.9","2010-10","304.8","-1.7","22.8","370.2","10.1","15.7","4.6"
"USC00203295","GRAND HAVEN WASTEWATER PLANT, MI US","43.0618","-86.2044","182.9","2010-11","304.8","-8.3","16.1","861.0","2.0","6.9","-3.0"
"USC00203295","GRAND HAVEN WASTEWATER PLANT, MI US","43.0618","-86.2044","182.9","2010-12","304.8","-10.0","10.0","1515.4","-2.8","-0.5","-5.1"
"USC00204257","KALKASKA, MI US","44.728","-85.1727","315.5","2010-07","140.2","3.3","31.7","7.8","20.8","26.9","14.7"
"USC00204257","KALKASKA, MI US","44.728","-85.1727","315.5","2010-08","218.4","6.1","31.7","28.0","20.3","26.2","14.4"
"USC00204257","KALKASKA, MI US","44.728","-85.1727","315.5","2010-09","226.8","0.0","30.6","196.3","13.0","18.7","7.3"
"USC00204257","KALKASKA, MI US","44.728","-85.1727","315.5","2010-10","226.8","-3.9","24.4","488.7","8.3","15.1","1.4"
"USC00204257","KALKASKA, MI US","44.728","-85.1727","315.5","2010-11","226.8","-8.3","17.8","963.6","2.5","7.1","-2.1"
"USC00204257","KALKASKA, MI US","44.728","-85.1727","315.5","2010-12","226.8","-17.2","8.9","1696.3","-6.1","-2.9","-9.3"
"USC00207407","SCOTTVILLE 2 SE, MI US","43.93364","-86.24508","203.0","2010-07",,,,,,,
"USC00207407","SCOTTVILLE 2 SE, MI US","43.93364","-86.24508","203.0","2010-08",,,,,,,
"USC00207407","SCOTTVILLE 2 SE, MI US","43.93364","-86.24508","203.0","2010-09",,,,,,,
"USC00207407","SCOTTVILLE 2 SE, MI US","43.93364","-86.24508","203.0","2010-10",,,,,,,
"USC00207407","SCOTTVILLE 2 SE, MI US","43.93364","-86.24508","203.0","2010-11",,,,,,,
"USC00207407","SCOTTVILLE 2 SE, MI US","43.93364","-86.24508","203.0","2010-12",,,,,,,
"USC00204258","KALKASKA 11 SE, MI US","44.5897","-85.0486","330.1","2010-07","124.4","2.8","31.7","12.5","20.4","26.9","13.8"
"USC00204258","KALKASKA 11 SE, MI US","44.5897","-85.0486","330.1","2010-08","195.8","5.0","32.2","37.5","19.8","26.3","13.4"
"USC00204258","KALKASKA 11 SE, MI US","44.5897","-85.0486","330.1","2010-09","205.7","-1.1","31.1","216.2","12.7","18.7","6.8"
"USC00204258","KALKASKA 11 SE, MI US","44.5897","-85.0486","330.1","2010-10","205.7","-4.4","24.4","544.3","7.8","14.8","0.7"
"USC00204258","KALKASKA 11 SE, MI US","44.5897","-85.0486","330.1","2010-11","205.7","-7.8","17.2","1028.1","2.2","6.9","-2.5"
"USC00204258","KALKASKA 11 SE, MI US","44.5897","-85.0486","330.1","2010-12","205.7","-17.2","8.9","1789.7","-6.2","-2.9","-9.6"
"US1MIMM0001","SPALDING 0.5 NW, MI US","45.698937","-87.5153","262.7","2010-07",,,,,,,
"US1MIMM0001","SPALDING 0.5 NW, MI US","45.698937","-87.5153","262.7","2010-08",,,,,,,
"US1MIMM0001","SPALDING 0.5 NW, MI US","45.698937","-87.5153","262.7","2010-09",,,,,,,
"US1MIMM0001","SPALDING 0.5 NW, MI US","45.698937","-87.5153","262.7","2010-10",,,,,,,
"US1MIMM0001","SPALDING 0.5 NW, MI US","45.698937","-87.5153","262.7","2010-11",,,,,,,
"US1MIMM0001","SPALDING 0.5 NW, MI US","45.698937","-87.5153","262.7","2010-12",,,,,,,
"US1MIHG0003","CHASSELL 4.0 N, MI US","47.083129","-88.526941","213.1","2010-09",,,,,,,
"US1MIHG0003","CHASSELL 4.0 N, MI US","47.083129","-88.526941","213.1","2010-10",,,,,,,
"USC00202094","DETOUR VILLAGE, MI US","45.9983","-83.9013","181.4","2010-07","82.7","9.4","28.9","8.3","20.2","25.0","15.3"
"USC00202094","DETOUR VILLAGE, MI US","45.9983","-83.9013","181.4","2010-08","141.0","9.4","31.1","25.0","19.7","23.8","15.6"
"USC00202094","DETOUR VILLAGE, MI US","45.9983","-83.9013","181.4","2010-09","148.2","3.9","30.0","183.4","13.3","17.5","9.1"
"USC00202094","DETOUR VILLAGE, MI US","45.9983","-83.9013","181.4","2010-10","148.2","0.0","22.2","471.4","9.0","13.2","4.9"
"USC00202094","DETOUR VILLAGE, MI US","45.9983","-83.9013","181.4","2010-11","148.2","-10.6","9.4","945.4","2.5","5.7","-0.6"
"USC00202094","DETOUR VILLAGE, MI US","45.9983","-83.9013","181.4","2010-12","148.2","-20.6","7.2","1683.3","-6.3","-2.9","-9.6"
"USC00207419","SEBEWAING, MI US","43.73194","-83.45917","178.0","2010-07",,,,,,,
"USC00207419","SEBEWAING, MI US","43.73194","-83.45917","178.0","2010-08",,,,,,,
"USC00207419","SEBEWAING, MI US","43.73194","-83.45917","178.0","2010-09",,,,,,,
"USC00207419","SEBEWAING, MI US","43.73194","-83.45917","178.0","2010-11",,,,,,,
"USC00206203","ONSTED 2 NW, MI US","42.04","-84.2225","310.9","2010-08",,,,,,,
"USC00206203","ONSTED 2 NW, MI US","42.04","-84.2225","310.9","2010-09",,,,,,,
"USC00206203","ONSTED 2 NW, MI US","42.04","-84.2225","310.9","2010-10",,,,,,,
"USC00206203","ONSTED 2 NW, MI US","42.04","-84.2225","310.9","2010-11",,,,,,,
"USC00206203","ONSTED 2 NW, MI US","42.04","-84.2225","310.9","2010-12",,,,,,,
"US1MIHG0001","HOUGHTON 1.6 ESE, MI US","47.107741","-88.529386","190.8","2010-07",,,,,,,
"US1MIHG0001","HOUGHTON 1.6 ESE, MI US","47.107741","-88.529386","190.8","2010-08",,,,,,,
"US1MIHG0001","HOUGHTON 1.6 ESE, MI US","47.107741","-88.529386","190.8","2010-09",,,,,,,
"US1MIHG0001","HOUGHTON 1.6 ESE, MI US","47.107741","-88.529386","190.8","2010-11",,,,,,,
"USC00204161","JACOBSVILLE, MI US","47.0083","-88.4318","198.1","2010-07","59.9","2.8","32.8","25.1","19.0","25.9","12.1"
"USC00204161","JACOBSVILLE, MI US","47.0083","-88.4318","198.1","2010-08","117.3","4.4","33.9","63.5","18.9","25.9","12.0"
"USC00204161","JACOBSVILLE, MI US","47.0083","-88.4318","198.1","2010-09","123.1","-1.7","29.4","296.0","10.8","17.0","4.6"
"USC00204161","JACOBSVILLE, MI US","47.0083","-88.4318","198.1","2010-10","123.1","-2.8","25.6","626.5","7.7","13.8","1.6"
"USC00204161","JACOBSVILLE, MI US","47.0083","-88.4318","198.1","2010-11","123.1","-13.9","14.4","1131.5","1.5","5.7","-2.7"
"USC00204161","JACOBSVILLE, MI US","47.0083","-88.4318","198.1","2010-12","123.1","-22.8","7.8","1899.4","-6.4","-2.9","-9.9"
"US1MIJC0010","HANOVER 4.1 E, MI US","42.092634","-84.472924","317.9","2010-08",,,,,,,
"US1MIJC0010","HANOVER 4.1 E, MI US","42.092634","-84.472924","317.9","2010-09",,,,,,,
"US1MIJC0010","HANOVER 4.1 E, MI US","42.092634","-84.472924","317.9","2010-10",,,,,,,
"US1MIJC0010","HANOVER 4.1 E, MI US","42.092634","-84.472924","317.9","2010-11",,,,,,,
"US1MIJC0010","HANOVER 4.1 E, MI US","42.092634","-84.472924","317.9","2010-12",,,,,,,
"USC00206220","ONTONAGON 6 SE, MI US","46.8343","-89.2074","240.8","2010-07","159.0","8.3","33.3","3.1","21.3","27.7","14.9"
"USC00206220","ONTONAGON 6 SE, MI US","46.8343","-89.2074","240.8","2010-08","282.0","6.1","34.4","15.0","21.9","28.2","15.6"
"USC00206220","ONTONAGON 6 SE, MI US","46.8343","-89.2074","240.8","2010-09","285.0","-1.7","26.1","195.8","12.4","18.2","6.6"
"USC00206220","ONTONAGON 6 SE, MI US","46.8343","-89.2074","240.8","2010-10","285.0","-2.8","25.6","475.7","9.3","15.7","2.9"
"USC00206220","ONTONAGON 6 SE, MI US","46.8343","-89.2074","240.8","2010-11","285.0","-12.8","18.9","960.8","2.2","6.6","-2.3"
"USC00206220","ONTONAGON 6 SE, MI US","46.8343","-89.2074","240.8","2010-12","285.0","-25.6","7.2","1720.7","-6.2","-2.4","-9.9"
"USC00206583","PICKFORD 3 NE, MI US","46.1863","-84.3238","191.7","2010-07","94.7","3.3","31.7","11.6","20.1","27.4","12.9"
"USC00206583","PICKFORD 3 NE, MI US","46.1863","-84.3238","191.7","2010-08","170.8","3.3","31.7","39.9","19.9","26.4","13.4"
"USC00206583","PICKFORD 3 NE, MI US","46.1863","-84.3238","191.7","2010-09","176.6","-1.1","28.3","206.6","13.0","18.9","7.1"
"USC00206583","PICKFORD 3 NE, MI US","46.1863","-84.3238","191.7","2010-10","176.6","-4.4","24.4","533.7","7.8","14.6","1.0"
"USC00206583","PICKFORD 3 NE, MI US","46.1863","-84.3238","191.7","2010-11","176.6","-12.2","12.8","1001.6","2.2","7.3","-2.9"
"USC00206583","PICKFORD 3 NE, MI US","46.1863","-84.3238","191.7","2010-12","176.6","-25.6","7.2","1777.2","-6.7","-2.2","-11.2"
"US1MICB0001","CHEBOYGAN 2.9 S, MI US","45.6","-84.4628","181.1","2010-07",,,,,,,
"US1MICB0001","CHEBOYGAN 2.9 S, MI US","45.6","-84.4628","181.1","2010-08",,,,,,,
"US1MICB0001","CHEBOYGAN 2.9 S, MI US","45.6","-84.4628","181.1","2010-09",,,,,,,
"US1MICB0001","CHEBOYGAN 2.9 S, MI US","45.6","-84.4628","181.1","2010-10",,,,,,,
"US1MICB0001","CHEBOYGAN 2.9 S, MI US","45.6","-84.4628","181.1","2010-11",,,,,,,
"US1MIJC0013","HANOVER 3.8 W, MI US","42.107","-84.626","328.0","2010-07",,,,,,,
"US1MIJC0013","HANOVER 3.8 W, MI US","42.107","-84.626","328.0","2010-08",,,,,,,
"US1MIJC0013","HANOVER 3.8 W, MI US","42.107","-84.626","328.0","2010-10",,,,,,,
"US1MIJC0013","HANOVER 3.8 W, MI US","42.107","-84.626","328.0","2010-11",,,,,,,
"US1MIJC0014","RIVES JUNCTION 4.0 NW, MI US","42.41127","-84.5276","286.2","2010-08",,,,,,,
"US1MIJC0014","RIVES JUNCTION 4.0 NW, MI US","42.41127","-84.5276","286.2","2010-09",,,,,,,
"US1MIJC0014","RIVES JUNCTION 4.0 NW, MI US","42.41127","-84.5276","286.2","2010-10",,,,,,,
"US1MIJC0014","RIVES JUNCTION 4.0 NW, MI US","42.41127","-84.5276","286.2","2010-11",,,,,,,
"US1MIJC0014","RIVES JUNCTION 4.0 NW, MI US","42.41127","-84.5276","286.2","2010-12",,,,,,,
"US1MIJC0011","JACKSON 3.2 W, MI US","42.240611","-84.466918","304.2","2010-08",,,,,,,
"US1MIJC0011","JACKSON 3.2 W, MI US","42.240611","-84.466918","304.2","2010-09",,,,,,,
"US1MIJC0011","JACKSON 3.2 W, MI US","42.240611","-84.466918","304.2","2010-10",,,,,,,
"US1MIJC0011","JACKSON 3.2 W, MI US","42.240611","-84.466918","304.2","2010-11",,,,,,,
"US1MIJC0011","JACKSON 3.2 W, MI US","42.240611","-84.466918","304.2","2010-12",,,,,,,
"US1MICX0004","CHARLEVOIX 4.3 SSE, MI US","45.2572","-85.2165","235.3","2010-07",,,,,,,
"US1MICX0004","CHARLEVOIX 4.3 SSE, MI US","45.2572","-85.2165","235.3","2010-08",,,,,,,
"US1MICX0004","CHARLEVOIX 4.3 SSE, MI US","45.2572","-85.2165","235.3","2010-09",,,,,,,
"US1MICX0004","CHARLEVOIX 4.3 SSE, MI US","45.2572","-85.2165","235.3","2010-10",,,,,,,
"US1MICX0004","CHARLEVOIX 4.3 SSE, MI US","45.2572","-85.2165","235.3","2010-11",,,,,,,
"US1MICX0004","CHARLEVOIX 4.3 SSE, MI US","45.2572","-85.2165","235.3","2010-12",,,,,,,
"USC00204399","KINGSLEY 2 WSW, MI US","44.5694","-85.5722","330.7","2010-07","214.4","4.4","31.7","4.5","22.2","28.6","15.9"
"USC00204399","KINGSLEY 2 WSW, MI US","44.5694","-85.5722","330.7","2010-08","337.4","6.1","33.3","12.3","22.1","28.4","15.7"
"USC00204399","KINGSLEY 2 WSW, MI US","44.5694","-85.5722","330.7","2010-09","348.0","1.1","29.4","137.1","14.5","20.3","8.7"
"USC00204399","KINGSLEY 2 WSW, MI US","44.5694","-85.5722","330.7","2010-10","348.0","-3.3","25.6","395.9","10.0","16.4","3.6"
"USC00204399","KINGSLEY 2 WSW, MI US","44.5694","-85.5722","330.7","2010-11","348.0","-8.9","18.9","823.8","4.1","8.9","-0.8"
"USC00204399","KINGSLEY 2 WSW, MI US","44.5694","-85.5722","330.7","2010-12","348.0","-18.3","7.8","1491.2","-4.7","-1.5","-7.9"
"USC00205488","MILLINGTON 3 SE, MI US","43.2836","-83.4791","249.9","2010-07",,,,,,,
"USC00205488","MILLINGTON 3 SE, MI US","43.2836","-83.4791","249.9","2010-08",,,,,,,
"USC00205488","MILLINGTON 3 SE, MI US","43.2836","-83.4791","249.9","2010-09",,,,,,,
"USC00205488","MILLINGTON 3 SE, MI US","43.2836","-83.4791","249.9","2010-10",,,,,,,
"USC00205488","MILLINGTON 3 SE, MI US","43.2836","-83.4791","249.9","2010-11",,,,,,,
"USC00205488","MILLINGTON 3 SE, MI US","43.2836","-83.4791","249.9","2010-12",,,,,,,
"US1MICX0002","BEAVER ISLAND 5.9 NNW, MI US","45.74985016","-85.51033475","181.1","2010-07",,,,,,,
"US1MICX0002","BEAVER ISLAND 5.9 NNW, MI US","45.74985016","-85.51033475","181.1","2010-08",,,,,,,
"US1MICX0002","BEAVER ISLAND 5.9 NNW, MI US","45.74985016","-85.51033475","181.1","2010-10",,,,,,,
"US1MICX0002","BEAVER ISLAND 5.9 NNW, MI US","45.74985016","-85.51033475","181.1","2010-12",,,,,,,
"USC00207308","SALINE WWTP, MI US","42.1611","-83.7819","228.6","2010-07","346.2","6.7","36.7","3.6","25.0","31.9","18.0"
"USC00207308","SALINE WWTP, MI US","42.1611","-83.7819","228.6","2010-08",,"8.9","33.9",,"23.3","29.5","17.1"
"USC00207308","SALINE WWTP, MI US","42.1611","-83.7819","228.6","2010-09",,"3.9","33.9",,"16.9","23.6","10.1"
"USC00207308","SALINE WWTP, MI US","42.1611","-83.7819","228.6","2010-10",,"-2.2","28.9",,"12.0","19.2","4.8"
"USC00207308","SALINE WWTP, MI US","42.1611","-83.7819","228.6","2010-11",,"-7.8","20.0",,"3.8","10.5","-2.9"
"USC00207308","SALINE WWTP, MI US","42.1611","-83.7819","228.6","2010-12",,"-15.6","12.8",,"-4.4","-0.2","-8.5"
"USC00203188","GLENNIE 2 SE, MI US","44.5358","-83.7022","272.5","2010-07","112.4","6.1","31.1","8.9","20.6","26.6","14.6"
"USC00203188","GLENNIE 2 SE, MI US","44.5358","-83.7022","272.5","2010-08","180.3","6.1","31.7","26.7","19.9","26.4","13.5"
"USC00203188","GLENNIE 2 SE, MI US","44.5358","-83.7022","272.5","2010-09","193.7","0.0","30.6","190.5","13.3","19.6","7.0"
"USC00203188","GLENNIE 2 SE, MI US","44.5358","-83.7022","272.5","2010-10","193.7","-3.3","25.0","487.5","8.8","15.8","1.7"
"USC00203188","GLENNIE 2 SE, MI US","44.5358","-83.7022","272.5","2010-11","193.7","-7.8","15.6","964.9","1.9","7.4","-3.7"
"USC00203188","GLENNIE 2 SE, MI US","44.5358","-83.7022","272.5","2010-12","193.7","-17.2","10.0","1713.1","-5.8","-2.4","-9.2"
"USR0000MDOE","DOE LAKE MICHIGAN, MI US","46.2536","-86.7142","248.4","2010-07",,"0.6","30.0","23.7","19.1","26.2","11.9"
"USR0000MDOE","DOE LAKE MICHIGAN, MI US","46.2536","-86.7142","248.4","2010-08",,"1.7","32.2","64.6","19.3","26.6","12.0"
"USR0000MDOE","DOE LAKE MICHIGAN, MI US","46.2536","-86.7142","248.4","2010-09",,"-3.3","23.3","298.3","10.5","17.4","3.7"
"USR0000MDOE","DOE LAKE MICHIGAN, MI US","46.2536","-86.7142","248.4","2010-10",,"-5.0","27.8","646.3","7.1","14.5","-0.3"
"USR0000MDOE","DOE LAKE MICHIGAN, MI US","46.2536","-86.7142","248.4","2010-11",,"-12.8","16.1","1129.8","1.7","6.2","-2.9"
"USR0000MDOE","DOE LAKE MICHIGAN, MI US","46.2536","-86.7142","248.4","2010-12",,"-21.7","5.6","1849.8","-5.6","-2.2","-8.9"
"US1MIGR0001","BRECKENRIDGE 0.2 ESE, MI US","43.40691757","-84.4745636","223.1","2010-11",,,,,,,
"USC00205382","MENOMINEE NUMBER 2, MI US","45.111","-87.6117","180.1","2010-07",,,,,,,
"USC00205382","MENOMINEE NUMBER 2, MI US","45.111","-87.6117","180.1","2010-08",,,,,,,
"USC00205382","MENOMINEE NUMBER 2, MI US","45.111","-87.6117","180.1","2010-09",,,,,,,
"USC00205382","MENOMINEE NUMBER 2, MI US","45.111","-87.6117","180.1","2010-10",,,,,,,
"USC00205382","MENOMINEE NUMBER 2, MI US","45.111","-87.6117","180.1","2010-11",,,,,,,
"USC00205382","MENOMINEE NUMBER 2, MI US","45.111","-87.6117","180.1","2010-12",,,,,,,
"USC00208772","WELLSTON TIPPY DAM, MI US","44.2586","-85.9394","198.1","2010-07",,,,,,,
"USC00208772","WELLSTON TIPPY DAM, MI US","44.2586","-85.9394","198.1","2010-08",,,,,,,
"USC00208772","WELLSTON TIPPY DAM, MI US","44.2586","-85.9394","198.1","2010-09",,,,,,,
"USC00208772","WELLSTON TIPPY DAM, MI US","44.2586","-85.9394","198.1","2010-10",,,,,,,
"USC00208772","WELLSTON TIPPY DAM, MI US","44.2586","-85.9394","198.1","2010-11",,,,,,,
"USC00208772","WELLSTON TIPPY DAM, MI US","44.2586","-85.9394","198.1","2010-12",,,,,,,
"USC00207320","SAMARIA, MI US","41.8069","-83.583","198.7","2010-08",,"8.9","34.4",,"22.6","29.2","16.0"
"USC00207320","SAMARIA, MI US","41.8069","-83.583","198.7","2010-09",,"5.0","33.3",,"17.6","24.4","10.7"
"USC00207320","SAMARIA, MI US","41.8069","-83.583","198.7","2010-10",,"-0.6","30.6",,"12.0","19.0","5.0"
"USC00207320","SAMARIA, MI US","41.8069","-83.583","198.7","2010-11",,"-6.7","18.3",,"3.9","10.4","-2.7"
"USC00207320","SAMARIA, MI US","41.8069","-83.583","198.7","2010-12",,,"13.9",,,"-0.7",
"USC00207684","SOUTH BOARDMAN 2 W, MI US","44.6391","-85.325","318.8","2010-07",,"3.3","32.2","6.4","21.5","28.2","14.9"
"USC00207684","SOUTH BOARDMAN 2 W, MI US","44.6391","-85.325","318.8","2010-08",,"6.7","33.3","14.4","21.4","27.6","15.2"
"USC00207684","SOUTH BOARDMAN 2 W, MI US","44.6391","-85.325","318.8","2010-09",,"0.0","26.7","151.5","14.0","19.8","8.2"
"USC00207684","SOUTH BOARDMAN 2 W, MI US","44.6391","-85.325","318.8","2010-10",,"-5.0","25.6","416.8","9.5","15.8","3.1"
"USC00207684","SOUTH BOARDMAN 2 W, MI US","44.6391","-85.325","318.8","2010-11",,"-7.8","17.8","854.1","3.8","8.5","-1.0"
"USC00207684","SOUTH BOARDMAN 2 W, MI US","44.6391","-85.325","318.8","2010-12",,"-15.6","7.2","1577.1","-5.0","-2.1","-7.9"
"USC00208774","WELLSTON 1 N, MI US","44.2294","-85.9572","235.6","2010-07","244.0","5.0","32.2","5.5","22.6","29.0","16.1"
"USC00208774","WELLSTON 1 N, MI US","44.2294","-85.9572","235.6","2010-08","377.4","6.7","33.3","13.6","22.4","28.5","16.3"
"USC00208774","WELLSTON 1 N, MI US","44.2294","-85.9572","235.6","2010-09","395.5","1.1","31.7","134.9","14.9","20.6","9.2"
"USC00208774","WELLSTON 1 N, MI US","44.2294","-85.9572","235.6","2010-10","395.5","-5.0","25.6","412.5","9.4","16.4","2.3"
"USC00208774","WELLSTON 1 N, MI US","44.2294","-85.9572","235.6","2010-11","395.5","-7.8","17.8","854.3","3.6","8.9","-1.7"
"USC00208774","WELLSTON 1 N, MI US","44.2294","-85.9572","235.6","2010-12","395.5","-18.9","8.3","1569.2","-4.7","-1.5","-8.0"
"USC00208653","WASHINGTON TOWNSHIP, MI US","42.7256","-83.0394","228.6","2010-07",,,,,,,
"USC00208653","WASHINGTON TOWNSHIP, MI US","42.7256","-83.0394","228.6","2010-08",,,,,,,
"USC00208653","WASHINGTON TOWNSHIP, MI US","42.7256","-83.0394","228.6","2010-09",,,,,,,
"USC00208890","WHITE CLOUD 9 E, MI US","43.5491","-85.5841","263.7","2010-07","128.5","4.4","30.6","10.3","20.6","26.9","14.3"
"USC00208890","WHITE CLOUD 9 E, MI US","43.5491","-85.5841","263.7","2010-08","210.1","6.1","31.7","24.2","20.5","26.9","14.2"
"USC00208890","WHITE CLOUD 9 E, MI US","43.5491","-85.5841","263.7","2010-09","223.1","2.8","31.1","173.8","13.8","19.4","8.2"
"USC00208890","WHITE CLOUD 9 E, MI US","43.5491","-85.5841","263.7","2010-10","223.1","-3.3","24.4","462.8","9.0","16.2","1.9"
"USC00208890","WHITE CLOUD 9 E, MI US","43.5491","-85.5841","263.7","2010-11","223.1","-7.2","16.1","939.2","2.4","7.8","-2.9"
"USC00208890","WHITE CLOUD 9 E, MI US","43.5491","-85.5841","263.7","2010-12","223.1","-20.0","8.3","1677.3","-5.5","-2.0","-9.0"
"USC00200925","BOYNE FALLS, MI US","45.1672","-84.9138","221.9","2010-07","291.0","5.0","34.4","3.9","23.7","30.7","16.7"
"USC00200925","BOYNE FALLS, MI US","45.1672","-84.9138","221.9","2010-08","460.6","8.3","34.4","6.7","23.7","30.1","17.4"
"USC00200925","BOYNE FALLS, MI US","45.1672","-84.9138","221.9","2010-09","482.3","1.7","33.9","117.5","15.4","21.2","9.5"
"USC00200925","BOYNE FALLS, MI US","45.1672","-84.9138","221.9","2010-10","482.3","-3.3","25.6","380.7","9.8","16.4","3.3"
"USC00200925","BOYNE FALLS, MI US","45.1672","-84.9138","221.9","2010-11","482.3","-7.8","19.4","797.6","4.4","9.1","-0.2"
"USC00200925","BOYNE FALLS, MI US","45.1672","-84.9138","221.9","2010-12","482.3","-16.7","8.3","1477.9","-4.2","-1.7","-6.8"
"USC00206587","PINCONNING WWTP, MI US","43.85667","-83.95611","178.9","2010-07",,,"35.0",,,"29.5",
"USC00206587","PINCONNING WWTP, MI US","43.85667","-83.95611","178.9","2010-08",,,"35.6",,,"29.3",
"USC00206587","PINCONNING WWTP, MI US","43.85667","-83.95611","178.9","2010-09",,,"35.0",,,"22.4",
"USC00206587","PINCONNING WWTP, MI US","43.85667","-83.95611","178.9","2010-10",,,"27.2",,,"17.6",
"USC00206587","PINCONNING WWTP, MI US","43.85667","-83.95611","178.9","2010-11",,,"17.8",,,"8.7",
"USC00206587","PINCONNING WWTP, MI US","43.85667","-83.95611","178.9","2010-12",,,"13.3",,,"-0.2",
"USC00203078","GARDEN CORNERS, MI US","45.8983","-86.5485","178.9","2010-07",,,,,,,
"USC00203078","GARDEN CORNERS, MI US","45.8983","-86.5485","178.9","2010-08",,,,,,,
"USC00203078","GARDEN CORNERS, MI US","45.8983","-86.5485","178.9","2010-09",,,,,,,
"USC00203078","GARDEN CORNERS, MI US","45.8983","-86.5485","178.9","2010-10",,,,,,,
"USC00203078","GARDEN CORNERS, MI US","45.8983","-86.5485","178.9","2010-11",,,,,,,
"USC00203078","GARDEN CORNERS, MI US","45.8983","-86.5485","178.9","2010-12",,,,,,,
"USC00207312","SALINE 4 SW, MI US","42.1236","-83.8199","256.0","2010-07","251.6","8.3","33.9","2.8","23.0","29.8","16.2"
"USC00207312","SALINE 4 SW, MI US","42.1236","-83.8199","256.0","2010-08","369.8","6.7","33.9","5.6","22.2","29.1","15.3"
"USC00207312","SALINE 4 SW, MI US","42.1236","-83.8199","256.0","2010-09","396.9","3.9","33.3","91.2","16.4","23.7","9.1"
"USC00207312","SALINE 4 SW, MI US","42.1236","-83.8199","256.0","2010-10","397.4","-2.2","29.4","303.8","11.5","19.3","3.7"
"USC00207312","SALINE 4 SW, MI US","42.1236","-83.8199","256.0","2010-11","397.4","-8.9","20.0","752.2","3.4","10.1","-3.4"
"USC00207312","SALINE 4 SW, MI US","42.1236","-83.8199","256.0","2010-12","397.4","-17.8","12.8","1485.9","-5.3","-0.7","-10.0"
"USC00206228","ONTONAGON 8 WSW, MI US","46.8374","-89.4833","186.8","2010-07",,,,,,,
"USC00206228","ONTONAGON 8 WSW, MI US","46.8374","-89.4833","186.8","2010-08",,,,,,,
"USC00206228","ONTONAGON 8 WSW, MI US","46.8374","-89.4833","186.8","2010-09",,,,,,,
"USC00206228","ONTONAGON 8 WSW, MI US","46.8374","-89.4833","186.8","2010-10",,,,,,,
"USC00206228","ONTONAGON 8 WSW, MI US","46.8374","-89.4833","186.8","2010-11",,,,,,,
"USC00206228","ONTONAGON 8 WSW, MI US","46.8374","-89.4833","186.8","2010-12",,,,,,,
"USC00205390","MERRILL 1 N, MI US","43.4155","-83.2894","203.6","2010-07",,"6.7","33.9","5.3","22.6","29.7","15.5"
"USC00205390","MERRILL 1 N, MI US","43.4155","-83.2894","203.6","2010-08",,"6.7","33.9","11.7","21.7","29.1","14.4"
"USC00205390","MERRILL 1 N, MI US","43.4155","-83.2894","203.6","2010-09",,"1.7","33.3","126.9","14.9","22.1","7.6"
"USC00205390","MERRILL 1 N, MI US","43.4155","-83.2894","203.6","2010-10",,"-2.2","26.1","366.6","10.3","17.7","2.9"
"USC00205390","MERRILL 1 N, MI US","43.4155","-83.2894","203.6","2010-11",,,,,,,
"USC00205390","MERRILL 1 N, MI US","43.4155","-83.2894","203.6","2010-12",,"-17.8","13.3",,"-4.3","-0.6","-8.0"
"USC00207690","SOUTH HAVEN, MI US","42.4014","-86.2826","179.8","2010-07","326.9","10.6","33.3","1.1","24.5","28.7","20.4"
"USC00207690","SOUTH HAVEN, MI US","42.4014","-86.2826","179.8","2010-08","517.2","12.8","33.9","1.4","24.5","28.5","20.4"
"USC00207690","SOUTH HAVEN, MI US","42.4014","-86.2826","179.8","2010-09","562.6","7.8","30.6","37.0","18.7","22.8","14.5"
"USC00207690","SOUTH HAVEN, MI US","42.4014","-86.2826","179.8","2010-10","562.9","1.1","21.7","201.7","13.0","17.3","8.8"
"USC00207690","SOUTH HAVEN, MI US","42.4014","-86.2826","179.8","2010-11",,,,,,,
"USC00207690","SOUTH HAVEN, MI US","42.4014","-86.2826","179.8","2010-12",,"-10.6","11.7",,"-1.4","0.9","-3.7"
"US1MILV0002","HOWELL 2.2 ENE, MI US","42.626864","-83.899035","282.9","2010-07",,,,,,,
"USC00203096","GAYLORD, MI US","45.0332","-84.7113","401.7","2010-07","157.8","5.6","31.7","8.9","21.3","26.8","15.8"
"USC00203096","GAYLORD, MI US","45.0332","-84.7113","401.7","2010-08","250.3","8.3","31.7","26.6","20.8","26.0","15.5"
"USC00203096","GAYLORD, MI US","45.0332","-84.7113","401.7","2010-09","258.7","1.1","30.6","190.2","13.2","18.3","8.0"
"USC00203096","GAYLORD, MI US","45.0332","-84.7113","401.7","2010-10","258.7","-3.3","23.9","495.8","8.5","14.2","2.7"
"USC00203096","GAYLORD, MI US","45.0332","-84.7113","401.7","2010-11","258.7","-8.9","17.2","979.4","2.2","6.5","-2.0"
"USC00203096","GAYLORD, MI US","45.0332","-84.7113","401.7","2010-12","258.7","-18.3","8.9","1736.4","-6.1","-3.5","-8.7"
"US1MIOG0002","WEST BRANCH 1.1 NE, MI US","44.286448","-84.218655","293.2","2010-07",,,,,,,
"US1MIOG0002","WEST BRANCH 1.1 NE, MI US","44.286448","-84.218655","293.2","2010-08",,,,,,,
"US1MIOG0002","WEST BRANCH 1.1 NE, MI US","44.286448","-84.218655","293.2","2010-09",,,,,,,
"US1MIOG0002","WEST BRANCH 1.1 NE, MI US","44.286448","-84.218655","293.2","2010-10",,,,,,,
"US1MIOG0002","WEST BRANCH 1.1 NE, MI US","44.286448","-84.218655","293.2","2010-11",,,,,,,
"US1MIMS0001","SCOTTVILLE 6.6 NNW, MI US","44.035312","-86.340031","209.7","2010-07",,,,,,,
"US1MIMS0001","SCOTTVILLE 6.6 NNW, MI US","44.035312","-86.340031","209.7","2010-09",,,,,,,
"US1MIMS0001","SCOTTVILLE 6.6 NNW, MI US","44.035312","-86.340031","209.7","2010-10",,,,,,,
"US1MIMS0001","SCOTTVILLE 6.6 NNW, MI US","44.035312","-86.340031","209.7","2010-12",,,,,,,
"US1MIEM0001","PETOSKEY 1.7 ENE, MI US","45.3717","-84.922","230.7","2010-07",,,,,,,
"US1MIEM0001","PETOSKEY 1.7 ENE, MI US","45.3717","-84.922","230.7","2010-08",,,,,,,
"US1MICP0003","SAULT STE. MARIE 7.1 SSW, MI US","46.3854","-84.4031","199.9","2010-07",,,,,,,
"US1MICP0003","SAULT STE. MARIE 7.1 SSW, MI US","46.3854","-84.4031","199.9","2010-08",,,,,,,
"US1MICP0003","SAULT STE. MARIE 7.1 SSW, MI US","46.3854","-84.4031","199.9","2010-09",,,,,,,
"USC00208779","WEST BLOOMFIELD, MI US","42.5413","-83.343","271.3","2010-07",,,,,,,
"USC00208779","WEST BLOOMFIELD, MI US","42.5413","-83.343","271.3","2010-08",,,,,,,
"USC00208779","WEST BLOOMFIELD, MI US","42.5413","-83.343","271.3","2010-09",,,,,,,
"USC00208779","WEST BLOOMFIELD, MI US","42.5413","-83.343","271.3","2010-10",,,,,,,
"USC00208779","WEST BLOOMFIELD, MI US","42.5413","-83.343","271.3","2010-11",,,,,,,
"USC00208779","WEST BLOOMFIELD, MI US","42.5413","-83.343","271.3","2010-12",,,,,,,
"USC00208417","VANDERBILT 11 ENE, MI US","45.1702","-84.4397","275.8","2010-07",,"1.7","32.2","16.1","20.0","27.6","12.4"
"USC00208417","VANDERBILT 11 ENE, MI US","45.1702","-84.4397","275.8","2010-08",,"4.4","32.8","49.2","19.6","26.7","12.4"
"USC00208417","VANDERBILT 11 ENE, MI US","45.1702","-84.4397","275.8","2010-09",,"-1.7","31.1","238.6","12.2","18.8","5.7"
"USC00208417","VANDERBILT 11 ENE, MI US","45.1702","-84.4397","275.8","2010-10",,"-5.6","23.9","589.1","7.0","14.6","-0.5"
"USC00208417","VANDERBILT 11 ENE, MI US","45.1702","-84.4397","275.8","2010-11",,"-9.4","17.8","1056.1","2.2","7.3","-3.0"
"USC00208417","VANDERBILT 11 ENE, MI US","45.1702","-84.4397","275.8","2010-12",,"-20.6","6.7","1736.7","-6.9","-2.2","-11.5"
"USC00207222","SAGINAW NUMBER 3, MI US","43.4122","-83.9561","182.9","2010-07","326.5","10.0","34.4","2.2","24.3","30.3","18.4"
"USC00207222","SAGINAW NUMBER 3, MI US","43.4122","-83.9561","182.9","2010-08","475.4","10.0","34.4","3.6","23.4","29.3","17.5"
"USC00207222","SAGINAW NUMBER 3, MI US","43.4122","-83.9561","182.9","2010-09","501.0","6.1","33.9","90.0","16.4","21.9","10.9"
"USC00207222","SAGINAW NUMBER 3, MI US","43.4122","-83.9561","182.9","2010-10","501.0","0.0","26.1","303.0","11.5","17.4","5.5"
"USC00207222","SAGINAW NUMBER 3, MI US","43.4122","-83.9561","182.9","2010-11","501.0","-4.4","17.2","721.9","4.4","9.2","-0.5"
"USC00207222","SAGINAW NUMBER 3, MI US","43.4122","-83.9561","182.9","2010-12","501.0","-15.0","13.3","1412.1","-3.9","-0.9","-7.0"
"US1MISW0005","DURAND 6.2 WNW, MI US","42.9299547","-84.1046428","249.9","2010-08",,,,,,,
"US1MISW0005","DURAND 6.2 WNW, MI US","42.9299547","-84.1046428","249.9","2010-10",,,,,,,
"US1MISW0005","DURAND 6.2 WNW, MI US","42.9299547","-84.1046428","249.9","2010-11",,,,,,,
"US1MISW0005","DURAND 6.2 WNW, MI US","42.9299547","-84.1046428","249.9","2010-12",,,,,,,
"USC00206012","NW MICHIGAN RESEARCH FARM, MI US","44.883","-85.6752","249.9","2010-07","209.2","8.9","32.8","6.7","22.6","27.3","18.0"
"USC00206012","NW MICHIGAN RESEARCH FARM, MI US","44.883","-85.6752","249.9","2010-08","337.1","13.3","32.2","10.0","22.4","26.6","18.1"
"USC00206012","NW MICHIGAN RESEARCH FARM, MI US","44.883","-85.6752","249.9","2010-09","354.6","6.1","32.2","117.2","15.3","19.4","11.3"
"USC00206012","NW MICHIGAN RESEARCH FARM, MI US","44.883","-85.6752","249.9","2010-10","354.6","2.2","23.3","343.9","11.0","15.2","6.9"
"USC00206012","NW MICHIGAN RESEARCH FARM, MI US","44.883","-85.6752","249.9","2010-11","354.6","-5.6","18.3","751.3","4.8","8.2","1.3"
"USC00206012","NW MICHIGAN RESEARCH FARM, MI US","44.883","-85.6752","249.9","2010-12","354.6","-11.7","10.0","1421.9","-3.3","-1.1","-5.5"
"USC00207580","SKANEE, MI US","46.879","-88.2184","192.0","2010-07",,,,,,,
"USC00207580","SKANEE, MI US","46.879","-88.2184","192.0","2010-08",,,,,,,
"USC00207580","SKANEE, MI US","46.879","-88.2184","192.0","2010-09",,"-1.7","28.3",,"12.0","18.4","5.5"
"USC00207580","SKANEE, MI US","46.879","-88.2184","192.0","2010-10",,"-1.1","26.1",,"8.7","15.1","2.4"
"USC00207580","SKANEE, MI US","46.879","-88.2184","192.0","2010-11",,"-13.3","20.0",,"2.1","7.5","-3.3"
"USC00207580","SKANEE, MI US","46.879","-88.2184","192.0","2010-12",,"-20.6","7.8",,"-6.1","-1.6","-10.5"
"US1MISW0001","OWOSSO 4.6 SW, MI US","42.956041","-84.248723","239.9","2010-07",,,,,,,
"US1MISW0001","OWOSSO 4.6 SW, MI US","42.956041","-84.248723","239.9","2010-08",,,,,,,
"US1MISW0001","OWOSSO 4.6 SW, MI US","42.956041","-84.248723","239.9","2010-09",,,,,,,
"US1MIJC0007","JACKSON 1.2 ENE, MI US","42.248449","-84.383023","292.3","2010-07",,,,,,,
"US1MICP0005","PARADISE 0.1 N, MI US","46.628867","-85.037118","189.0","2010-08",,,,,,,
"US1MICP0005","PARADISE 0.1 N, MI US","46.628867","-85.037118","189.0","2010-10",,,,,,,
"US1MICP0005","PARADISE 0.1 N, MI US","46.628867","-85.037118","189.0","2010-11",,,,,,,
"US1MICP0005","PARADISE 0.1 N, MI US","46.628867","-85.037118","189.0","2010-12",,,,,,,
"USW00054810","CHATHAM 1 SE, MI US","46.3345","-86.92","266.7","2010-07","69.3","3.5","29.0","16.6","19.3","25.1","13.5"
"USW00054810","CHATHAM 1 SE, MI US","46.3345","-86.92","266.7","2010-08","136.4","6.2","30.9","47.8","19.5","25.3","13.7"
"USW00054810","CHATHAM 1 SE, MI US","46.3345","-86.92","266.7","2010-09","136.4","-0.3","23.2","246.8","11.2","16.9","5.5"
"USW00054810","CHATHAM 1 SE, MI US","46.3345","-86.92","266.7","2010-10","136.4","-1.8","25.9","576.6","7.7","13.8","1.6"
"USW00054810","CHATHAM 1 SE, MI US","46.3345","-86.92","266.7","2010-11","136.4","-13.2","15.9","1070.8","1.9","6.1","-2.4"
"USW00054810","CHATHAM 1 SE, MI US","46.3345","-86.92","266.7","2010-12","136.4","-19.4","4.9","1813.8","-5.6","-2.8","-8.5"
"USW00054813","MUNSING LAKESHORE, MI US","46.412036","-86.650452","186.5","2010-07","99.3","4.4","30.6","11.4","20.2","25.3","15.1"
"USW00054813","MUNSING LAKESHORE, MI US","46.412036","-86.650452","186.5","2010-08","190.7","8.3","32.8","26.4","20.8","25.6","16.1"
"USW00054813","MUNSING LAKESHORE, MI US","46.412036","-86.650452","186.5","2010-09","191.0","1.1","23.9","200.6","12.5","17.4","7.7"
"USW00054813","MUNSING LAKESHORE, MI US","46.412036","-86.650452","186.5","2010-10","191.0","-0.5","21.7","485.6","9.1","14.0","4.3"
"USW00054813","MUNSING LAKESHORE, MI US","46.412036","-86.650452","186.5","2010-11","191.0","-12.1","16.7","933.0","3.4","7.3","-0.4"
"USW00054813","MUNSING LAKESHORE, MI US","46.412036","-86.650452","186.5","2010-12","191.0","-14.3","6.7","1606.3","-3.4","-0.8","-6.0"
"US1MISN0001","BROWN CITY 0.7 ESE, MI US","43.206959","-82.976599","245.1","2010-07",,,,,,,
"US1MISN0001","BROWN CITY 0.7 ESE, MI US","43.206959","-82.976599","245.1","2010-08",,,,,,,
"US1MISN0001","BROWN CITY 0.7 ESE, MI US","43.206959","-82.976599","245.1","2010-09",,,,,,,
"US1MISN0001","BROWN CITY 0.7 ESE, MI US","43.206959","-82.976599","245.1","2010-10",,,,,,,
"US1MISN0001","BROWN CITY 0.7 ESE, MI US","43.206959","-82.976599","245.1","2010-11",,,,,,,
"USC00203099","GAYLORD 9 SSW, MI US","44.90715","-84.71891","447.4","2010-07","143.9","5.0","31.1","12.2","20.8","26.4","15.1"
"USC00203099","GAYLORD 9 SSW, MI US","44.90715","-84.71891","447.4","2010-08","226.4","7.8","31.7","36.3","20.2","25.7","14.8"
"USC00203099","GAYLORD 9 SSW, MI US","44.90715","-84.71891","447.4","2010-09","234.5","2.2","31.1","204.6","13.0","18.3","7.7"
"USC00203099","GAYLORD 9 SSW, MI US","44.90715","-84.71891","447.4","2010-10","234.5","-2.2","23.9","502.4","8.7","14.1","3.3"
"USC00203099","GAYLORD 9 SSW, MI US","44.90715","-84.71891","447.4","2010-11","234.5","-8.9","17.8","989.2","2.1","6.3","-2.1"
"USC00203099","GAYLORD 9 SSW, MI US","44.90715","-84.71891","447.4","2010-12","234.5","-18.3","8.3","1752.4","-6.3","-3.7","-8.8"
"USC00206007","NORTHPORT 2 W, MI US","45.1322","-85.6472","227.4","2010-07","127.3","7.8","31.1","7.5","21.1","25.5","16.6"
"USC00206007","NORTHPORT 2 W, MI US","45.1322","-85.6472","227.4","2010-08","228.8","11.7","30.0","13.2","21.4","25.3","17.5"
"USC00206007","NORTHPORT 2 W, MI US","45.1322","-85.6472","227.4","2010-09","243.0","5.0","29.4","127.2","15.0","19.0","11.0"
"USC00206007","NORTHPORT 2 W, MI US","45.1322","-85.6472","227.4","2010-10","243.0","0.6","20.6","373.0","10.4","14.3","6.5"
"USC00206007","NORTHPORT 2 W, MI US","45.1322","-85.6472","227.4","2010-11","243.0","-6.7","17.2","791.8","4.4","7.9","0.8"
"USC00206007","NORTHPORT 2 W, MI US","45.1322","-85.6472","227.4","2010-12","243.0","-12.2","9.4","1449.2","-2.9","-0.6","-5.2"
"USC00201250","CARLETON 2 W, MI US","42.0636","-83.4358","191.1","2010-07","310.0","10.0","34.4","0.9","24.1","30.1","18.1"
"USC00201250","CARLETON 2 W, MI US","42.0636","-83.4358","191.1","2010-08","461.2","9.4","33.3","1.5","23.3","29.0","17.5"
"USC00201250","CARLETON 2 W, MI US","42.0636","-83.4358","191.1","2010-09","503.1","6.1","32.8","66.7","17.6","23.4","11.7"
"USC00201250","CARLETON 2 W, MI US","42.0636","-83.4358","191.1","2010-10","503.7","-0.6","29.4","243.6","12.3","18.5","6.0"
"USC00201250","CARLETON 2 W, MI US","42.0636","-83.4358","191.1","2010-11","504.0","-6.1","21.7","649.7","4.8","11.3","-1.7"
"USC00201250","CARLETON 2 W, MI US","42.0636","-83.4358","191.1","2010-12","504.0","-16.7","12.8","1336.6","-3.8","-0.4","-7.3"
"USC00201492","CHEBOYGAN, MI US","45.65225","-84.47239","177.4","2010-07","113.9","6.7","32.8","7.2","21.1","26.3","15.8"
"USC00201492","CHEBOYGAN, MI US","45.65225","-84.47239","177.4","2010-08","201.4","8.3","32.2","18.9","20.8","25.8","15.7"
"USC00201492","CHEBOYGAN, MI US","45.65225","-84.47239","177.4","2010-09","209.8","2.8","31.1","154.1","14.1","19.3","8.9"
"USC00201492","CHEBOYGAN, MI US","45.65225","-84.47239","177.4","2010-10","209.8","0.0","23.9","429.7","9.4","14.9","4.0"
"USC00201492","CHEBOYGAN, MI US","45.65225","-84.47239","177.4","2010-11","209.8","-7.8","17.8","876.9","3.4","7.6","-0.8"
"USC00201492","CHEBOYGAN, MI US","45.65225","-84.47239","177.4","2010-12","209.8","-15.6","10.0","1582.7","-4.4","-1.3","-7.6"
"US1MIOC0002","MONTAGUE 8.1 NW, MI US","43.5","-86.47","224.6","2010-07",,,,,,,
"US1MIOC0002","MONTAGUE 8.1 NW, MI US","43.5","-86.47","224.6","2010-08",,,,,,,
"US1MIOC0002","MONTAGUE 8.1 NW, MI US","43.5","-86.47","224.6","2010-09",,,,,,,
"US1MIOC0002","MONTAGUE 8.1 NW, MI US","43.5","-86.47","224.6","2010-10",,,,,,,
"US1MIOC0002","MONTAGUE 8.1 NW, MI US","43.5","-86.47","224.6","2010-11",,,,,,,
"US1MIOC0002","MONTAGUE 8.1 NW, MI US","43.5","-86.47","224.6","2010-12",,,,,,,
"USW00014853","DETROIT WILLOW RUN AIRPORT, MI US","42.23666","-83.52638","215.7","2010-07","332.7","8.9","35.6","1.4","24.5","30.9","18.1"
"USW00014853","DETROIT WILLOW RUN AIRPORT, MI US","42.23666","-83.52638","215.7","2010-08","489.2","10.0","34.4","2.2","23.4","29.4","17.3"
"USW00014853","DETROIT WILLOW RUN AIRPORT, MI US","42.23666","-83.52638","215.7","2010-09","530.0","6.1","34.4","67.6","17.5","23.5","11.5"
"USW00014853","DETROIT WILLOW RUN AIRPORT, MI US","42.23666","-83.52638","215.7","2010-10","530.8","-1.6","28.9","254.3","12.3","18.6","6.1"
"USW00014853","DETROIT WILLOW RUN AIRPORT, MI US","42.23666","-83.52638","215.7","2010-11","530.8","-6.6","18.3","659.2","4.8","11.0","-1.4"
"USW00014853","DETROIT WILLOW RUN AIRPORT, MI US","42.23666","-83.52638","215.7","2010-12","530.8","-15.5","11.7","1340.4","-3.6","-0.6","-6.7"
"US1MIOC0001","WALKERVILLE 4.2 NNE, MI US","43.77334","-86.10715","270.1","2010-07",,,,,,,
"US1MIOC0001","WALKERVILLE 4.2 NNE, MI US","43.77334","-86.10715","270.1","2010-08",,,,,,,
"US1MIOC0001","WALKERVILLE 4.2 NNE, MI US","43.77334","-86.10715","270.1","2010-09",,,,,,,
"US1MIOC0001","WALKERVILLE 4.2 NNE, MI US","43.77334","-86.10715","270.1","2010-10",,,,,,,
"US1MIOC0001","WALKERVILLE 4.2 NNE, MI US","43.77334","-86.10715","270.1","2010-11",,,,,,,
"US1MIOC0001","WALKERVILLE 4.2 NNE, MI US","43.77334","-86.10715","270.1","2010-12",,,,,,,
"USW00014850","TRAVERSE CITY CHERRY CAPITAL AIRPORT, MI US","44.73895","-85.5679","185.2","2010-07","189.7","6.7","32.8","4.4","22.5","27.9","17.0"
"USW00014850","TRAVERSE CITY CHERRY CAPITAL AIRPORT, MI US","44.73895","-85.5679","185.2","2010-08","322.0","10.0","32.8","8.0","22.5","27.8","17.2"
"USW00014850","TRAVERSE CITY CHERRY CAPITAL AIRPORT, MI US","44.73895","-85.5679","185.2","2010-09","332.9","3.3","27.8","133.1","14.5","19.6","9.5"
"USW00014850","TRAVERSE CITY CHERRY CAPITAL AIRPORT, MI US","44.73895","-85.5679","185.2","2010-10","332.9","-2.1","25.0","393.2","9.9","15.3","4.6"
"USW00014850","TRAVERSE CITY CHERRY CAPITAL AIRPORT, MI US","44.73895","-85.5679","185.2","2010-11","332.9","-6.0","18.3","808.1","4.5","9.0","0.0"
"USW00014850","TRAVERSE CITY CHERRY CAPITAL AIRPORT, MI US","44.73895","-85.5679","185.2","2010-12","332.9","-16.0","8.3","1481.6","-3.4","-0.9","-5.9"
"USW00094889","ANN ARBOR MUNICIPAL AIRPORT, MI US","42.22393","-83.73983","250.6","2010-07","231.1","6.7","33.9","5.0","22.4","29.6","15.3"
"USW00094889","ANN ARBOR MUNICIPAL AIRPORT, MI US","42.22393","-83.73983","250.6","2010-08","348.4","7.2","33.3","8.4","22.0","28.5","15.5"
"USW00094889","ANN ARBOR MUNICIPAL AIRPORT, MI US","42.22393","-83.73983","250.6","2010-09","379.8","2.8","32.2","96.2","16.4","22.7","10.2"
"USW00094889","ANN ARBOR MUNICIPAL AIRPORT, MI US","42.22393","-83.73983","250.6","2010-10","379.8","-4.3","28.3","317.7","11.2","18.1","4.2"
"USW00094889","ANN ARBOR MUNICIPAL AIRPORT, MI US","42.22393","-83.73983","250.6","2010-11","379.8","-8.2","18.9","748.9","4.0","10.5","-2.6"
"USW00094889","ANN ARBOR MUNICIPAL AIRPORT, MI US","42.22393","-83.73983","250.6","2010-12","379.8","-19.3","10.6","1454.6","-4.4","-1.1","-7.7"
"USC00203429","GREENVILLE 2 NNE, MI US","43.2026","-85.2421","270.7","2010-07","218.2","5.0","33.3","3.3","22.5","29.6","15.3"
"USC00203429","GREENVILLE 2 NNE, MI US","43.2026","-85.2421","270.7","2010-08","343.5","6.7","34.4","6.6","22.3","30.1","14.5"
"USC00203429","GREENVILLE 2 NNE, MI US","43.2026","-85.2421","270.7","2010-09","363.8","2.2","31.7","113.8","15.4","22.3","8.6"
"USC00203429","GREENVILLE 2 NNE, MI US","43.2026","-85.2421","270.7","2010-10","363.8","-4.4","26.7","355.1","10.6","18.7","2.4"
"USC00203429","GREENVILLE 2 NNE, MI US","43.2026","-85.2421","270.7","2010-11","363.8","-8.3","18.3","794.8","3.7","10.1","-2.7"
"USC00203429","GREENVILLE 2 NNE, MI US","43.2026","-85.2421","270.7","2010-12","363.8","-19.4","10.0","1510.0","-4.7","-0.4","-9.0"
"US1MIBY0001","BAY CITY 4.8 N, MI US","43.6595101","-83.8884558","178.3","2010-07",,,,,,,
"US1MIBY0001","BAY CITY 4.8 N, MI US","43.6595101","-83.8884558","178.3","2010-08",,,,,,,
"US1MIBY0001","BAY CITY 4.8 N, MI US","43.6595101","-83.8884558","178.3","2010-09",,,,,,,
"US1MIBY0001","BAY CITY 4.8 N, MI US","43.6595101","-83.8884558","178.3","2010-10",,,,,,,
"US1MIBY0001","BAY CITY 4.8 N, MI US","43.6595101","-83.8884558","178.3","2010-11",,,,,,,
"USC00203306","GRAND LEDGE 1 NW, MI US","42.7621","-84.7617","244.1","2010-07",,,,,,,
"USC00203306","GRAND LEDGE 1 NW, MI US","42.7621","-84.7617","244.1","2010-08",,,,,,,
"USC00203306","GRAND LEDGE 1 NW, MI US","42.7621","-84.7617","244.1","2010-09",,,,,,,
"USC00203306","GRAND LEDGE 1 NW, MI US","42.7621","-84.7617","244.1","2010-10",,,,,,,
"USC00203306","GRAND LEDGE 1 NW, MI US","42.7621","-84.7617","244.1","2010-11",,,,,,,
"USC00203306","GRAND LEDGE 1 NW, MI US","42.7621","-84.7617","244.1","2010-12",,,,,,,
"US1MILP0001","LUM 1.0 NW, MI US","43.1131","-83.1587","264.9","2010-07",,,,,,,
"US1MILP0001","LUM 1.0 NW, MI US","43.1131","-83.1587","264.9","2010-08",,,,,,,
"US1MILP0001","LUM 1.0 NW, MI US","43.1131","-83.1587","264.9","2010-09",,,,,,,
"US1MILP0001","LUM 1.0 NW, MI US","43.1131","-83.1587","264.9","2010-10",,,,,,,
"US1MIBR0012","FREEPORT 1.6 S, MI US","42.740322","-85.31609","264.0","2010-07",,,,,,,
"US1MIBR0012","FREEPORT 1.6 S, MI US","42.740322","-85.31609","264.0","2010-08",,,,,,,
"US1MIBR0012","FREEPORT 1.6 S, MI US","42.740322","-85.31609","264.0","2010-09",,,,,,,
"US1MIBR0012","FREEPORT 1.6 S, MI US","42.740322","-85.31609","264.0","2010-10",,,,,,,
"US1MIIH0020","LANSING 4.0 NNW, MI US","42.761567","-84.585331","257.3","2010-08",,,,,,,
"US1MIIH0020","LANSING 4.0 NNW, MI US","42.761567","-84.585331","257.3","2010-09",,,,,,,
"US1MIIH0020","LANSING 4.0 NNW, MI US","42.761567","-84.585331","257.3","2010-10",,,,,,,
"USW00014847","SAULT STE MARIE SANDERSON FIELD, MI US","46.47998","-84.35809","219.8","2010-07","85.3","8.3","31.1","5.6","20.2","25.7","14.8"
"USW00014847","SAULT STE MARIE SANDERSON FIELD, MI US","46.47998","-84.35809","219.8","2010-08","162.9","7.2","31.1","32.0","20.0","25.0","15.0"
"USW00014847","SAULT STE MARIE SANDERSON FIELD, MI US","46.47998","-84.35809","219.8","2010-09","162.9","3.3","22.8","192.5","13.0","17.5","8.4"
"USW00014847","SAULT STE MARIE SANDERSON FIELD, MI US","46.47998","-84.35809","219.8","2010-10","162.9","-1.1","21.1","500.9","8.4","13.0","3.8"
"USW00014847","SAULT STE MARIE SANDERSON FIELD, MI US","46.47998","-84.35809","219.8","2010-11","162.9","-11.7","11.7","979.7","2.4","6.2","-1.4"
"USW00014847","SAULT STE MARIE SANDERSON FIELD, MI US","46.47998","-84.35809","219.8","2010-12","162.9","-20.6","6.1","1742.0","-6.3","-2.9","-9.6"
"USC00203421","GREENLAND 6 N, MI US","46.8736","-89.1006","241.1","2010-07",,,,,,,
"USC00203421","GREENLAND 6 N, MI US","46.8736","-89.1006","241.1","2010-08",,,,,,,
"USC00203421","GREENLAND 6 N, MI US","46.8736","-89.1006","241.1","2010-09",,,,,,,
"USC00203421","GREENLAND 6 N, MI US","46.8736","-89.1006","241.1","2010-10",,"-1.7","23.3",,"8.0","14.3","1.7"
"USC00203421","GREENLAND 6 N, MI US","46.8736","-89.1006","241.1","2010-11",,"-11.1","19.4",,"1.7","6.1","-2.7"
"USC00203421","GREENLAND 6 N, MI US","46.8736","-89.1006","241.1","2010-12",,"-18.9","7.2",,"-5.4","-2.4","-8.4"
"USC00201361","CASS CITY 1 SSW, MI US","43.5861","-83.1805","212.8","2010-07","207.5","7.8","33.9","3.4","22.3","28.4","16.1"
"USC00201361","CASS CITY 1 SSW, MI US","43.5861","-83.1805","212.8","2010-08","321.5","8.3","33.3","8.7","21.8","28.1","15.6"
"USC00201361","CASS CITY 1 SSW, MI US","43.5861","-83.1805","212.8","2010-09","339.6","3.9","31.7","123.2","15.1","21.0","9.3"
"USC00201361","CASS CITY 1 SSW, MI US","43.5861","-83.1805","212.8","2010-10","339.6","-5.0","24.4","377.2","10.1","16.9","3.4"
"USC00201361","CASS CITY 1 SSW, MI US","43.5861","-83.1805","212.8","2010-11","339.6","-6.1","17.8","817.3","3.7","9.0","-1.7"
"USC00201361","CASS CITY 1 SSW, MI US","43.5861","-83.1805","212.8","2010-12","339.6","-15.6","10.6","1502.2","-4.4","-1.6","-7.3"
"USC00200032","ADRIAN 2 NNE, MI US","41.91636","-84.01635","231.6","2010-07","290.3","8.9","33.9","2.2","23.7","30.0","17.4"
"USC00200032","ADRIAN 2 NNE, MI US","41.91636","-84.01635","231.6","2010-08","425.9","8.9","33.3","4.7","22.6","28.4","16.9"
"USC00200032","ADRIAN 2 NNE, MI US","41.91636","-84.01635","231.6","2010-09","450.7","6.1","31.1","70.5","17.0","22.6","11.5"
"USC00200032","ADRIAN 2 NNE, MI US","41.91636","-84.01635","231.6","2010-10","451.3","-1.1","28.9","270.4","11.7","17.7","5.7"
"USC00200032","ADRIAN 2 NNE, MI US","41.91636","-84.01635","231.6","2010-11","451.3","-6.7","17.8","695.2","4.2","9.7","-1.3"
"USC00200032","ADRIAN 2 NNE, MI US","41.91636","-84.01635","231.6","2010-12","451.3","-13.3","11.1","1326.8","-4.1","-1.3","-7.0"
"USC00203661","HASTINGS, MI US","42.64208","-85.28819","250.2","2010-07","234.7","7.8","32.2","5.3","22.7","28.8","16.6"
"USC00203661","HASTINGS, MI US","42.64208","-85.28819","250.2","2010-08","360.6","8.3","33.9","9.5","22.3","28.5","16.1"
"USC00203661","HASTINGS, MI US","42.64208","-85.28819","250.2","2010-09","392.1","5.0","32.8","101.8","16.3","21.9","10.7"
"USC00203661","HASTINGS, MI US","42.64208","-85.28819","250.2","2010-10","392.1","-1.7","27.2","324.6","11.1","17.9","4.4"
"USC00203661","HASTINGS, MI US","42.64208","-85.28819","250.2","2010-11","392.1","-6.1","21.1","750.4","4.1","9.9","-1.6"
"USC00203661","HASTINGS, MI US","42.64208","-85.28819","250.2","2010-12","392.1","-16.1","11.1","1443.2","-4.0","-0.9","-7.1"
"USC00205603","MORENCI, MI US","41.7216","-84.2147","234.7","2010-07",,,,,,,
"USC00205603","MORENCI, MI US","41.7216","-84.2147","234.7","2010-08",,"6.7","35.0",,"22.0","29.8","14.2"
"USC00205603","MORENCI, MI US","41.7216","-84.2147","234.7","2010-09",,"3.3","33.9",,"16.8","24.4","9.2"
"USC00205603","MORENCI, MI US","41.7216","-84.2147","234.7","2010-10",,"-2.2","30.6",,"11.2","19.2","3.3"
"USC00205603","MORENCI, MI US","41.7216","-84.2147","234.7","2010-11",,"-10.0","20.6",,"3.2","10.5","-4.1"
"USC00205603","MORENCI, MI US","41.7216","-84.2147","234.7","2010-12",,"-16.7","12.8",,"-5.2","-0.4","-10.0"
"USC00201486","CHATHAM EXPERIMENT FARM 2, MI US","46.3414","-86.9242","265.2","2010-07","96.5","2.8","31.1","16.8","19.9","26.5","13.2"
"USC00201486","CHATHAM EXPERIMENT FARM 2, MI US","46.3414","-86.9242","265.2","2010-08","166.8","4.4","33.9","46.9","19.6","26.9","12.4"
"USC00201486","CHATHAM EXPERIMENT FARM 2, MI US","46.3414","-86.9242","265.2","2010-09","170.4","-1.7","29.4","248.8","11.7","18.8","4.7"
"USC00201486","CHATHAM EXPERIMENT FARM 2, MI US","46.3414","-86.9242","265.2","2010-10","170.4","-3.3","27.8","568.4","8.0","15.3","0.7"
"USC00201486","CHATHAM EXPERIMENT FARM 2, MI US","46.3414","-86.9242","265.2","2010-11","170.4","-15.6","16.7","1084.5","1.1","6.4","-4.1"
"USC00201486","CHATHAM EXPERIMENT FARM 2, MI US","46.3414","-86.9242","265.2","2010-12","170.4","-21.7","7.2","1852.9","-6.4","-2.0","-10.9"
"US1MION0001","ONTONAGON 0.3 NE, MI US","46.8695528","-89.309289","193.9","2010-07",,,,,,,
"US1MION0001","ONTONAGON 0.3 NE, MI US","46.8695528","-89.309289","193.9","2010-08",,,,,,,
"US1MION0001","ONTONAGON 0.3 NE, MI US","46.8695528","-89.309289","193.9","2010-09",,,,,,,
"US1MION0001","ONTONAGON 0.3 NE, MI US","46.8695528","-89.309289","193.9","2010-10",,,,,,,
"US1MION0001","ONTONAGON 0.3 NE, MI US","46.8695528","-89.309289","193.9","2010-11",,,,,,,
"USC00200050","AHMEEK 1 SW, MI US","47.292","-88.4209","331.6","2010-07",,"7.8","33.3","11.9","20.2","25.1","15.3"
"USC00200050","AHMEEK 1 SW, MI US","47.292","-88.4209","331.6","2010-08",,"8.3","33.9","41.7","20.1","24.8","15.3"
"USC00200050","AHMEEK 1 SW, MI US","47.292","-88.4209","331.6","2010-09",,,,,,,
"USC00200050","AHMEEK 1 SW, MI US","47.292","-88.4209","331.6","2010-10",,"0.0","20.0",,"8.5","12.4","4.6"
"USC00200050","AHMEEK 1 SW, MI US","47.292","-88.4209","331.6","2010-11",,"-13.9","12.2",,"0.8","4.3","-2.6"
"USC00200050","AHMEEK 1 SW, MI US","47.292","-88.4209","331.6","2010-12",,,,,,,
"USW00094893","IRON MOUNTAIN FORD AIRPORT, MI US","45.81339","-88.11292","343.2","2010-07","137.5","5.0","31.7","4.2","21.0","27.3","14.8"
"USW00094893","IRON MOUNTAIN FORD AIRPORT, MI US","45.81339","-88.11292","343.2","2010-08","230.0","5.0","32.2","18.1","20.9","27.2","14.6"
"USW00094893","IRON MOUNTAIN FORD AIRPORT, MI US","45.81339","-88.11292","343.2","2010-09","231.4","-0.5","25.0","207.5","12.1","18.4","5.7"
"USW00094893","IRON MOUNTAIN FORD AIRPORT, MI US","45.81339","-88.11292","343.2","2010-10","231.4","-4.9","28.9","518.7","8.3","15.1","1.5"
"USW00094893","IRON MOUNTAIN FORD AIRPORT, MI US","45.81339","-88.11292","343.2","2010-11","231.4","-12.7","15.0","1043.7","0.8","5.5","-3.8"
"USW00094893","IRON MOUNTAIN FORD AIRPORT, MI US","45.81339","-88.11292","343.2","2010-12","231.4","-27.7","5.0","1845.5","-7.5","-3.6","-11.5"
"USW00094898","PORT HOPE, MI US","44.021772","-82.792932","180.0","2010-07","172.9","9.4","32.8","3.6","22.4","26.5","18.3"
"USW00094898","PORT HOPE, MI US","44.021772","-82.792932","180.0","2010-08","305.7","11.7","33.3","6.4","22.5","26.6","18.5"
"USW00094898","PORT HOPE, MI US","44.021772","-82.792932","180.0","2010-09","328.8","7.8","31.1","86.5","16.4","20.3","12.6"
"USW00094898","PORT HOPE, MI US","44.021772","-82.792932","180.0","2010-10","328.8","1.7","23.9","297.4","11.5","15.2","7.9"
"USW00094898","PORT HOPE, MI US","44.021772","-82.792932","180.0","2010-11","328.8","-3.8","17.2","697.7","5.0","8.8","1.2"
"USW00094898","PORT HOPE, MI US","44.021772","-82.792932","180.0","2010-12","328.8","-9.9","7.8","1345.8","-2.6","-0.8","-4.4"
"US1MIBR0010","MIDDLEVILLE 1.2 E, MI US","42.711139","-85.441934","272.8","2010-07",,,,,,,
"US1MIBR0010","MIDDLEVILLE 1.2 E, MI US","42.711139","-85.441934","272.8","2010-08",,,,,,,
"US1MIBR0010","MIDDLEVILLE 1.2 E, MI US","42.711139","-85.441934","272.8","2010-09",,,,,,,
"US1MIBR0010","MIDDLEVILLE 1.2 E, MI US","42.711139","-85.441934","272.8","2010-10",,,,,,,
"US1MIBR0010","MIDDLEVILLE 1.2 E, MI US","42.711139","-85.441934","272.8","2010-12",,,,,,,
"USW00094899","COPPER HARBOR, MI US","47.467386","-87.875032","185.0","2010-07","84.0","8.3","31.1","8.9","20.5","24.7","16.4"
"USW00094899","COPPER HARBOR, MI US","47.467386","-87.875032","185.0","2010-08","168.0","10.0","32.2","24.1","20.7","24.6","16.8"
"USW00094899","COPPER HARBOR, MI US","47.467386","-87.875032","185.0","2010-09","168.0","3.9","22.2","212.5","11.8","15.4","8.3"
"USW00094899","COPPER HARBOR, MI US","47.467386","-87.875032","185.0","2010-10","168.0","-0.5","20.6","489.2","9.1","12.2","6.0"
"USW00094899","COPPER HARBOR, MI US","47.467386","-87.875032","185.0","2010-11","168.0","-11.6","12.2","959.3","2.7","5.8","-0.5"
"USW00094899","COPPER HARBOR, MI US","47.467386","-87.875032","185.0","2010-12","168.0","-13.2","6.1","1644.1","-3.8","-1.7","-5.9"
"USC00201017","BROOKLYN 2 ENE, MI US","42.1128","-84.2097","304.8","2010-07",,,,,,,
"USC00201017","BROOKLYN 2 ENE, MI US","42.1128","-84.2097","304.8","2010-08",,,,,,,
"USC00201017","BROOKLYN 2 ENE, MI US","42.1128","-84.2097","304.8","2010-09",,,,,,,
"USC00201017","BROOKLYN 2 ENE, MI US","42.1128","-84.2097","304.8","2010-10",,,,,,,
"USC00201017","BROOKLYN 2 ENE, MI US","42.1128","-84.2097","304.8","2010-11",,,,,,,
"USC00201017","BROOKLYN 2 ENE, MI US","42.1128","-84.2097","304.8","2010-12",,,,,,,
"US1MIBR0003","MIDDLEVILLE 4.3 SSE, MI US","42.653203","-85.440492","238.4","2010-07",,,,,,,
"US1MIBR0003","MIDDLEVILLE 4.3 SSE, MI US","42.653203","-85.440492","238.4","2010-08",,,,,,,
"US1MIBR0003","MIDDLEVILLE 4.3 SSE, MI US","42.653203","-85.440492","238.4","2010-09",,,,,,,
"US1MIBR0003","MIDDLEVILLE 4.3 SSE, MI US","42.653203","-85.440492","238.4","2010-10",,,,,,,
"US1MIBR0003","MIDDLEVILLE 4.3 SSE, MI US","42.653203","-85.440492","238.4","2010-11",,,,,,,
"US1MIBR0003","MIDDLEVILLE 4.3 SSE, MI US","42.653203","-85.440492","238.4","2010-12",,,,,,,
"US1MIBR0007","HASTINGS 3.2 WNW, MI US","42.670723","-85.344754","243.2","2010-07",,,,,,,
"US1MIBR0007","HASTINGS 3.2 WNW, MI US","42.670723","-85.344754","243.2","2010-08",,,,,,,
"US1MIBR0007","HASTINGS 3.2 WNW, MI US","42.670723","-85.344754","243.2","2010-09",,,,,,,
"US1MIBR0007","HASTINGS 3.2 WNW, MI US","42.670723","-85.344754","243.2","2010-10",,,,,,,
"US1MIBR0007","HASTINGS 3.2 WNW, MI US","42.670723","-85.344754","243.2","2010-11",,,,,,,
"USW00014858","HANCOCK HOUGHTON CO AIRPORT, MI US","47.16594","-88.48076","323.9","2010-07","89.7","6.1","32.2","10.9","20.1","25.5","14.6"
"USW00014858","HANCOCK HOUGHTON CO AIRPORT, MI US","47.16594","-88.48076","323.9","2010-08","170.3","7.2","32.8","37.1","20.1","25.1","15.0"
"USW00014858","HANCOCK HOUGHTON CO AIRPORT, MI US","47.16594","-88.48076","323.9","2010-09","170.3","0.6","21.7","263.2","10.8","15.6","6.0"
"USW00014858","HANCOCK HOUGHTON CO AIRPORT, MI US","47.16594","-88.48076","323.9","2010-10","170.3","-2.8","21.7","578.1","8.2","12.6","3.8"
"USW00014858","HANCOCK HOUGHTON CO AIRPORT, MI US","47.16594","-88.48076","323.9","2010-11","170.3","-13.3","12.8","1099.5","0.9","4.7","-2.8"
"USW00014858","HANCOCK HOUGHTON CO AIRPORT, MI US","47.16594","-88.48076","323.9","2010-12","170.3","-22.8","6.7","1877.0","-6.7","-3.7","-9.8"
"US1MIBR0006","BELLEVUE 3.9 W, MI US","42.4511333","-85.0961","279.2","2010-07",,,,,,,
"US1MIBR0006","BELLEVUE 3.9 W, MI US","42.4511333","-85.0961","279.2","2010-08",,,,,,,
"US1MIBR0006","BELLEVUE 3.9 W, MI US","42.4511333","-85.0961","279.2","2010-10",,,,,,,
"US1MIBR0009","PLAINWELL 5.4 E, MI US","42.450664","-85.537907","278.3","2010-07",,,,,,,
"US1MIBR0009","PLAINWELL 5.4 E, MI US","42.450664","-85.537907","278.3","2010-08",,,,,,,
"US1MIBR0009","PLAINWELL 5.4 E, MI US","42.450664","-85.537907","278.3","2010-09",,,,,,,
"US1MIBR0009","PLAINWELL 5.4 E, MI US","42.450664","-85.537907","278.3","2010-10",,,,,,,
"US1MIBR0009","PLAINWELL 5.4 E, MI US","42.450664","-85.537907","278.3","2010-11",,,,,,,
"US1MIBR0009","PLAINWELL 5.4 E, MI US","42.450664","-85.537907","278.3","2010-12",,,,,,,
"USC00201150","BURTON 4 N, MI US","43.0675","-83.5919","230.7","2010-09",,,,,,,
"USC00201150","BURTON 4 N, MI US","43.0675","-83.5919","230.7","2010-10",,"-2.8","24.4",,"10.3","17.4","3.3"
"USC00201150","BURTON 4 N, MI US","43.0675","-83.5919","230.7","2010-11",,"-7.2","20.0",,"3.8","9.9","-2.3"
"USC00201150","BURTON 4 N, MI US","43.0675","-83.5919","230.7","2010-12",,"-17.2","11.7",,"-4.1","-0.5","-7.7"
"USC00204659","LAPEER 2 W, MI US","43.05733","-83.36032","255.1","2010-07","281.9","7.8","34.4","6.1","23.2","28.8","17.6"
"USC00204659","LAPEER 2 W, MI US","43.05733","-83.36032","255.1","2010-08","411.4","8.9","33.3","10.2","22.4","27.9","16.8"
"USC00204659","LAPEER 2 W, MI US","43.05733","-83.36032","255.1","2010-09","442.6","3.9","32.8","105.1","16.2","21.6","10.8"
"USC00204659","LAPEER 2 W, MI US","43.05733","-83.36032","255.1","2010-10","443.5","-1.7","24.4","316.7","11.5","17.6","5.5"
"USC00204659","LAPEER 2 W, MI US","43.05733","-83.36032","255.1","2010-11","443.5","-6.1","21.1","732.5","4.5","9.9","-1.0"
"USC00204659","LAPEER 2 W, MI US","43.05733","-83.36032","255.1","2010-12","443.5","-16.1","13.9","1415.2","-3.7","-0.7","-6.7"
"US1MIMK0001","LAKE CITY 5.0 SSW, MI US","44.265899","-85.255264","374.3","2010-07",,,,,,,
"US1MIMK0001","LAKE CITY 5.0 SSW, MI US","44.265899","-85.255264","374.3","2010-08",,,,,,,
"US1MIMK0001","LAKE CITY 5.0 SSW, MI US","44.265899","-85.255264","374.3","2010-09",,,,,,,
"US1MIMK0001","LAKE CITY 5.0 SSW, MI US","44.265899","-85.255264","374.3","2010-10",,,,,,,
"US1MIMK0001","LAKE CITY 5.0 SSW, MI US","44.265899","-85.255264","374.3","2010-11",,,,,,,
"US1MIMK0001","LAKE CITY 5.0 SSW, MI US","44.265899","-85.255264","374.3","2010-12",,,,,,,
"USC00202598","ENGADINE MDOT, MI US","46.128","-85.5696","208.8","2010-07",,"5.0","29.4","13.2","19.5","26.4","12.6"
"USC00202598","ENGADINE MDOT, MI US","46.128","-85.5696","208.8","2010-08",,"6.7","31.1","43.7","19.0","25.3","12.7"
"USC00202598","ENGADINE MDOT, MI US","46.128","-85.5696","208.8","2010-09",,"0.0","27.2","211.5","12.3","18.8","5.8"
"USC00202598","ENGADINE MDOT, MI US","46.128","-85.5696","208.8","2010-10",,"-2.8","25.0","527.5","7.8","14.7","0.9"
"USC00202598","ENGADINE MDOT, MI US","46.128","-85.5696","208.8","2010-11",,"-11.7","12.8","929.2","2.3","6.7","-2.2"
"USC00202598","ENGADINE MDOT, MI US","46.128","-85.5696","208.8","2010-12",,"-17.8","7.8","1616.0","-6.2","-2.0","-10.4"
"USC00204655","LAPEER WWTP, MI US","43.0608","-83.3074","249.9","2010-07","268.6","8.3","34.4","5.9","23.1","29.2","17.0"
"USC00204655","LAPEER WWTP, MI US","43.0608","-83.3074","249.9","2010-08","396.4","8.9","33.9","8.4","22.4","28.3","16.4"
"USC00204655","LAPEER WWTP, MI US","43.0608","-83.3074","249.9","2010-09","429.9","5.6","33.3","97.6","16.4","21.9","10.9"
"USC00204655","LAPEER WWTP, MI US","43.0608","-83.3074","249.9","2010-10","430.5","-1.1","24.4","319.1","11.2","17.1","5.4"
"USC00204655","LAPEER WWTP, MI US","43.0608","-83.3074","249.9","2010-11","430.5","-5.6","20.0","745.9","4.1","9.4","-1.2"
"USC00204655","LAPEER WWTP, MI US","43.0608","-83.3074","249.9","2010-12","430.5","-16.7","13.3","1458.6","-4.7","-1.4","-7.9"
"USC00202250","DOWAGIAC 1 W, MI US","41.9856","-86.132","225.6","2010-07","258.1","7.2","33.3","5.0","23.0","28.9","17.1"
"USC00202250","DOWAGIAC 1 W, MI US","41.9856","-86.132","225.6","2010-08","384.1","8.9","32.8","10.0","22.2","27.7","16.8"
"USC00202250","DOWAGIAC 1 W, MI US","41.9856","-86.132","225.6","2010-09","420.7","4.4","31.7","82.7","17.1","23.0","11.3"
"USC00202250","DOWAGIAC 1 W, MI US","41.9856","-86.132","225.6","2010-10","421.3","-1.7","28.9","304.4","11.2","18.3","4.1"
"USC00202250","DOWAGIAC 1 W, MI US","41.9856","-86.132","225.6","2010-11","421.3","-7.2","21.1","716.5","4.6","10.6","-1.4"
"USC00202250","DOWAGIAC 1 W, MI US","41.9856","-86.132","225.6","2010-12","421.3","-15.0","11.1","1410.5","-4.1","-0.6","-7.5"
"US1MIIS0001","MOUNT PLEASANT 5.1 NE, MI US","43.650088","-84.708107","227.4","2010-07",,,,,,,
"US1MIIS0001","MOUNT PLEASANT 5.1 NE, MI US","43.650088","-84.708107","227.4","2010-08",,,,,,,
"US1MIIS0001","MOUNT PLEASANT 5.1 NE, MI US","43.650088","-84.708107","227.4","2010-09",,,,,,,
"US1MIIS0001","MOUNT PLEASANT 5.1 NE, MI US","43.650088","-84.708107","227.4","2010-10",,,,,,,
"US1MIIS0001","MOUNT PLEASANT 5.1 NE, MI US","43.650088","-84.708107","227.4","2010-11",,,,,,,
"USW00004839","HOLLAND TULIP CITY AIRPORT, MI US","42.74634","-86.09677","206.5","2010-07","322.8","10.6","33.9","0.5","24.1","29.2","18.9"
"USW00004839","HOLLAND TULIP CITY AIRPORT, MI US","42.74634","-86.09677","206.5","2010-08","500.7","10.6","34.4","1.6","24.0","29.1","18.9"
"USW00004839","HOLLAND TULIP CITY AIRPORT, MI US","42.74634","-86.09677","206.5","2010-09","536.9","6.1","31.7","57.3","17.7","22.6","12.8"
"USW00004839","HOLLAND TULIP CITY AIRPORT, MI US","42.74634","-86.09677","206.5","2010-10","540.0","-2.1","28.9","251.1","12.2","18.1","6.3"
"USW00004839","HOLLAND TULIP CITY AIRPORT, MI US","42.74634","-86.09677","206.5","2010-11","540.0","-4.9","21.7","609.0","6.4","11.5","1.4"
"USW00004839","HOLLAND TULIP CITY AIRPORT, MI US","42.74634","-86.09677","206.5","2010-12","540.0","-10.5","13.9","1223.3","-1.5","0.8","-3.7"
"US1MIIH0016","MASON 6.4 W, MI US","42.5814","-84.5697","287.7","2010-07",,,,,,,
"US1MIIH0016","MASON 6.4 W, MI US","42.5814","-84.5697","287.7","2010-08",,,,,,,
"US1MIIH0016","MASON 6.4 W, MI US","42.5814","-84.5697","287.7","2010-09",,,,,,,
"US1MIIH0016","MASON 6.4 W, MI US","42.5814","-84.5697","287.7","2010-10",,,,,,,
"US1MIIH0016","MASON 6.4 W, MI US","42.5814","-84.5697","287.7","2010-11",,,,,,,
"US1MIBG0001","AURA 1.3 ENE, MI US","46.875355","-88.296649","245.7","2010-07",,,,,,,
"US1MIMD0001","MIDLAND 8.2 NNE, MI US","43.735733","-84.176851","196.6","2010-07",,,,,,,
"US1MIMD0001","MIDLAND 8.2 NNE, MI US","43.735733","-84.176851","196.6","2010-08",,,,,,,
"US1MIMD0001","MIDLAND 8.2 NNE, MI US","43.735733","-84.176851","196.6","2010-09",,,,,,,
"US1MIMD0001","MIDLAND 8.2 NNE, MI US","43.735733","-84.176851","196.6","2010-10",,,,,,,
"US1MIMD0001","MIDLAND 8.2 NNE, MI US","43.735733","-84.176851","196.6","2010-12",,,,,,,
"US1MIMD0005","MIDLAND 1.8 ENE, MI US","43.6312","-84.19433","205.4","2010-07",,,,,,,
"US1MIMD0005","MIDLAND 1.8 ENE, MI US","43.6312","-84.19433","205.4","2010-08",,,,,,,
"US1MIMD0005","MIDLAND 1.8 ENE, MI US","43.6312","-84.19433","205.4","2010-09",,,,,,,
"US1MIMD0005","MIDLAND 1.8 ENE, MI US","43.6312","-84.19433","205.4","2010-10",,,,,,,
"US1MIMD0005","MIDLAND 1.8 ENE, MI US","43.6312","-84.19433","205.4","2010-11",,,,,,,
"US1MIMD0005","MIDLAND 1.8 ENE, MI US","43.6312","-84.19433","205.4","2010-12",,,,,,,
"USC00207812","STAMBAUGH 2 SSE, MI US","46.0555","-88.6275","442.0","2010-07","78.4","2.2","30.6","22.2","19.1","25.9","12.3"
"USC00207812","STAMBAUGH 2 SSE, MI US","46.0555","-88.6275","442.0","2010-08","121.5","2.2","31.1","66.3","18.3","25.6","11.1"
"USC00207812","STAMBAUGH 2 SSE, MI US","46.0555","-88.6275","442.0","2010-09","123.7","-2.2","25.0","306.1","10.4","17.3","3.5"
"USC00207812","STAMBAUGH 2 SSE, MI US","46.0555","-88.6275","442.0","2010-10","123.7","-5.6","27.2","666.4","6.7","14.4","-1.0"
"USC00207812","STAMBAUGH 2 SSE, MI US","46.0555","-88.6275","442.0","2010-11","123.7","-17.2","15.6","1228.0","-0.4","4.4","-5.1"
"USC00207812","STAMBAUGH 2 SSE, MI US","46.0555","-88.6275","442.0","2010-12","123.7","-31.7","5.6","2084.5","-9.3","-4.6","-14.0"
"US1MIMD0004","MIDLAND 4.4 W, MI US","43.6263","-84.3173","188.1","2010-07",,,,,,,
"US1MIMD0004","MIDLAND 4.4 W, MI US","43.6263","-84.3173","188.1","2010-08",,,,,,,
"US1MIMD0004","MIDLAND 4.4 W, MI US","43.6263","-84.3173","188.1","2010-09",,,,,,,
"US1MIMD0004","MIDLAND 4.4 W, MI US","43.6263","-84.3173","188.1","2010-10",,,,,,,
"US1MIRS0005","ROSCOMMON 4.6 WSW, MI US","44.4644","-84.6736","353.6","2010-08",,,,,,,
"US1MIRS0005","ROSCOMMON 4.6 WSW, MI US","44.4644","-84.6736","353.6","2010-09",,,,,,,
"USC00206840","RAPID RIVER 4 SSE, MI US","45.8727","-86.9496","182.3","2010-07",,,,,,,
"USC00206840","RAPID RIVER 4 SSE, MI US","45.8727","-86.9496","182.3","2010-08",,,,,,,
"USC00206840","RAPID RIVER 4 SSE, MI US","45.8727","-86.9496","182.3","2010-09",,,,,,,
"USC00206840","RAPID RIVER 4 SSE, MI US","45.8727","-86.9496","182.3","2010-10",,,,,,,
"USC00206840","RAPID RIVER 4 SSE, MI US","45.8727","-86.9496","182.3","2010-11",,,,,,,
"USC00206840","RAPID RIVER 4 SSE, MI US","45.8727","-86.9496","182.3","2010-12",,,,,,,
"US1MIRS0004","ROSCOMMON 4.7 SW, MI US","44.4515762","-84.6672015","361.8","2010-10",,,,,,,
"US1MIRS0004","ROSCOMMON 4.7 SW, MI US","44.4515762","-84.6672015","361.8","2010-11",,,,,,,
"US1MIRS0003","HOUGHTON LAKE 0.7 SSE, MI US","44.30331","-84.7597","367.6","2010-07",,,,,,,
"US1MIRS0003","HOUGHTON LAKE 0.7 SSE, MI US","44.30331","-84.7597","367.6","2010-08",,,,,,,
"US1MIRS0002","ST. HELEN 1.0 SSW, MI US","44.348913","-84.423916","364.8","2010-07",,,,,,,
"US1MIRS0002","ST. HELEN 1.0 SSW, MI US","44.348913","-84.423916","364.8","2010-08",,,,,,,
"USC00204668","CALUMET TAMARACK, MI US","47.24559","-88.46793","377.6","2010-07","93.4","7.2","32.8","8.6","20.5","25.1","15.9"
"USC00204668","CALUMET TAMARACK, MI US","47.24559","-88.46793","377.6","2010-08",,,,,,,
"USC00204668","CALUMET TAMARACK, MI US","47.24559","-88.46793","377.6","2010-09",,"2.8","21.7",,"11.3","15.4","7.2"
"USC00204668","CALUMET TAMARACK, MI US","47.24559","-88.46793","377.6","2010-10",,"0.6","21.7",,"8.9","12.8","5.1"
"USC00204668","CALUMET TAMARACK, MI US","47.24559","-88.46793","377.6","2010-11",,,,,,,
"US1MIRS0001","HOUGHTON LAKE 4.9 NE, MI US","44.354296","-84.683218","346.3","2010-07",,,,,,,
"US1MIRS0001","HOUGHTON LAKE 4.9 NE, MI US","44.354296","-84.683218","346.3","2010-08",,,,,,,
"US1MIRS0001","HOUGHTON LAKE 4.9 NE, MI US","44.354296","-84.683218","346.3","2010-09",,,,,,,
"US1MIRS0001","HOUGHTON LAKE 4.9 NE, MI US","44.354296","-84.683218","346.3","2010-10",,,,,,,
"US1MIRS0001","HOUGHTON LAKE 4.9 NE, MI US","44.354296","-84.683218","346.3","2010-11",,,,,,,
"US1MIRS0001","HOUGHTON LAKE 4.9 NE, MI US","44.354296","-84.683218","346.3","2010-12",,,,,,,
"USW00094847","DETROIT METRO AIRPORT, MI US","42.23113","-83.33121","191.9","2010-07","370.3","11.7","34.4","0.3","24.8","30.1","19.4"
"USW00094847","DETROIT METRO AIRPORT, MI US","42.23113","-83.33121","191.9","2010-08","546.5","11.1","33.3","0.3","24.0","29.2","18.9"
"USW00094847","DETROIT METRO AIRPORT, MI US","42.23113","-83.33121","191.9","2010-09","591.8","7.8","33.3","53.3","18.1","23.2","13.0"
"USW00094847","DETROIT METRO AIRPORT, MI US","42.23113","-83.33121","191.9","2010-10","594.3","1.1","28.3","229.1","12.7","18.2","7.3"
"USW00094847","DETROIT METRO AIRPORT, MI US","42.23113","-83.33121","191.9","2010-11","594.3","-5.0","17.2","612.6","5.6","10.8","0.3"
"USW00094847","DETROIT METRO AIRPORT, MI US","42.23113","-83.33121","191.9","2010-12","594.3","-14.4","11.1","1290.4","-3.5","-0.8","-6.3"
"USW00094849","ALPENA CO REGIONAL AIRPORT, MI US","45.0716","-83.56451","208.3","2010-07","128.8","7.2","33.3","5.9","21.2","27.6","14.8"
"USW00094849","ALPENA CO REGIONAL AIRPORT, MI US","45.0716","-83.56451","208.3","2010-08","227.6","6.7","33.3","22.1","21.0","27.1","14.9"
"USW00094849","ALPENA CO REGIONAL AIRPORT, MI US","45.0716","-83.56451","208.3","2010-09","238.2","0.6","28.9","165.4","13.9","19.6","8.2"
"USW00094849","ALPENA CO REGIONAL AIRPORT, MI US","45.0716","-83.56451","208.3","2010-10","238.2","-5.6","26.1","460.5","8.8","15.1","2.5"
"USW00094849","ALPENA CO REGIONAL AIRPORT, MI US","45.0716","-83.56451","208.3","2010-11","238.2","-7.2","15.6","914.6","3.2","8.0","-1.6"
"USW00094849","ALPENA CO REGIONAL AIRPORT, MI US","45.0716","-83.56451","208.3","2010-12","238.2","-17.8","6.7","1630.1","-4.7","-2.0","-7.5"
"USC00202381","EAST JORDAN, MI US","45.15179","-85.1324","178.9","2010-07","206.8","3.3","33.3","7.0","22.0","29.3","14.6"
"USC00202381","EAST JORDAN, MI US","45.15179","-85.1324","178.9","2010-08","312.0","5.0","32.8","15.9","21.9","29.0","14.7"
"USC00202381","EAST JORDAN, MI US","45.15179","-85.1324","178.9","2010-09","331.3","0.6","32.2","130.7","15.1","21.2","9.1"
"USC00202381","EAST JORDAN, MI US","45.15179","-85.1324","178.9","2010-10","331.3","-3.3","25.6","397.1","9.7","17.4","2.1"
"USC00202381","EAST JORDAN, MI US","45.15179","-85.1324","178.9","2010-11","331.3","-6.7","19.4","787.2","4.8","10.3","-0.6"
"USC00202381","EAST JORDAN, MI US","45.15179","-85.1324","178.9","2010-12","331.3","-15.6","10.0","1454.2","-3.2","0.3","-6.7"
"USC00205892","NILES, MI US","41.8405","-86.2658","198.1","2010-07","319.1","8.9","33.3","1.1","24.0","29.6","18.5"
"USC00205892","NILES, MI US","41.8405","-86.2658","198.1","2010-08","476.3","11.1","33.3","2.2","23.4","28.6","18.1"
"USC00205892","NILES, MI US","41.8405","-86.2658","198.1","2010-09","513.6","5.0","32.2","56.7","17.8","23.0","12.5"
"USC00205892","NILES, MI US","41.8405","-86.2658","198.1","2010-10","517.8","-0.6","30.0","237.8","12.2","18.7","5.8"
"USC00205892","NILES, MI US","41.8405","-86.2658","198.1","2010-11","517.8","-6.7","21.7","610.0","5.4","10.7","0.1"
"USC00205892","NILES, MI US","41.8405","-86.2658","198.1","2010-12","517.8","-12.8","13.3","1288.0","-3.5","-0.6","-6.4"
"US1MIWS0007","ANN ARBOR 3.1 SE, MI US","42.239144","-83.69582","251.5","2010-07",,,,,,,
"US1MIWS0007","ANN ARBOR 3.1 SE, MI US","42.239144","-83.69582","251.5","2010-08",,,,,,,
"US1MIWS0007","ANN ARBOR 3.1 SE, MI US","42.239144","-83.69582","251.5","2010-09",,,,,,,
"US1MIWS0007","ANN ARBOR 3.1 SE, MI US","42.239144","-83.69582","251.5","2010-10",,,,,,,
"US1MIWS0007","ANN ARBOR 3.1 SE, MI US","42.239144","-83.69582","251.5","2010-11",,,,,,,
"US1MIWS0007","ANN ARBOR 3.1 SE, MI US","42.239144","-83.69582","251.5","2010-12",,,,,,,
"USC00201052","BROWN CITY, MI US","43.2172","-82.9905","246.9","2010-07",,,,,,,
"USC00201052","BROWN CITY, MI US","43.2172","-82.9905","246.9","2010-08",,,,,,,
"USC00201052","BROWN CITY, MI US","43.2172","-82.9905","246.9","2010-09",,,,,,,
"USC00201052","BROWN CITY, MI US","43.2172","-82.9905","246.9","2010-10",,,,,,,
"USC00201052","BROWN CITY, MI US","43.2172","-82.9905","246.9","2010-11",,,,,,,
"USC00201052","BROWN CITY, MI US","43.2172","-82.9905","246.9","2010-12",,,,,,,
"US1MIWS0006","ANN ARBOR 2.4 WNW, MI US","42.293461","-83.769877","298.1","2010-08",,,,,,,
"US1MIWS0006","ANN ARBOR 2.4 WNW, MI US","42.293461","-83.769877","298.1","2010-09",,,,,,,
"US1MIWS0006","ANN ARBOR 2.4 WNW, MI US","42.293461","-83.769877","298.1","2010-10",,,,,,,
"US1MIWS0006","ANN ARBOR 2.4 WNW, MI US","42.293461","-83.769877","298.1","2010-11",,,,,,,
"USW00004847","ADRIAN LENAWEE CO AIRPORT, MI US","41.86784","-84.07946","244.1","2010-07","335.8","8.9","35.0","1.6","24.3","30.6","18.0"
"USW00004847","ADRIAN LENAWEE CO AIRPORT, MI US","41.86784","-84.07946","244.1","2010-08","485.9","9.4","34.4","2.5","23.1","29.1","17.2"
"USW00004847","ADRIAN LENAWEE CO AIRPORT, MI US","41.86784","-84.07946","244.1","2010-09","533.4","6.1","33.3","58.9","18.0","24.0","12.1"
"USW00004847","ADRIAN LENAWEE CO AIRPORT, MI US","41.86784","-84.07946","244.1","2010-10","536.7","-1.0","31.1","234.6","12.8","19.2","6.4"
"USW00004847","ADRIAN LENAWEE CO AIRPORT, MI US","41.86784","-84.07946","244.1","2010-11","536.7","-7.1","19.4","641.9","4.8","10.7","-1.2"
"USW00004847","ADRIAN LENAWEE CO AIRPORT, MI US","41.86784","-84.07946","244.1","2010-12","536.7","-15.5","11.1","1340.7","-4.2","-1.1","-7.4"
"USC00205406","MICHIGAMME 3 WNW, MI US","46.5453","-88.18","521.2","2010-07",,,,,,,
"USC00205406","MICHIGAMME 3 WNW, MI US","46.5453","-88.18","521.2","2010-08",,,,,,,
"USC00205406","MICHIGAMME 3 WNW, MI US","46.5453","-88.18","521.2","2010-09",,,,,,,
"USC00205406","MICHIGAMME 3 WNW, MI US","46.5453","-88.18","521.2","2010-10",,,,,,,
"USC00205406","MICHIGAMME 3 WNW, MI US","46.5453","-88.18","521.2","2010-11",,,,,,,
"USC00205406","MICHIGAMME 3 WNW, MI US","46.5453","-88.18","521.2","2010-12",,,,,,,
"USW00004854","GAYLORD OTSEGO CO AIRPORT, MI US","45.01657","-84.68942","405.9","2010-07","130.2","3.9","31.1","9.2","20.7","26.7","14.8"
"USW00004854","GAYLORD OTSEGO CO AIRPORT, MI US","45.01657","-84.68942","405.9","2010-08","223.3","7.2","31.7","26.1","20.8","26.3","15.3"
"USW00004854","GAYLORD OTSEGO CO AIRPORT, MI US","45.01657","-84.68942","405.9","2010-09","227.2","0.0","26.7","196.0","12.8","17.9","7.7"
"USW00004854","GAYLORD OTSEGO CO AIRPORT, MI US","45.01657","-84.68942","405.9","2010-10","227.2","-4.9","23.9","519.7","7.9","13.8","2.0"
"USW00004854","GAYLORD OTSEGO CO AIRPORT, MI US","45.01657","-84.68942","405.9","2010-11","227.2","-8.8","17.2","984.6","2.8","7.0","-1.3"
"USW00004854","GAYLORD OTSEGO CO AIRPORT, MI US","45.01657","-84.68942","405.9","2010-12","227.2","-17.1","6.1","1731.6","-5.8","-3.1","-8.4"
"USC00203585","HARBOR BEACH 1 SSE, MI US","43.8322","-82.6427","181.4","2010-07","124.8","8.3","32.2","11.1","21.2","25.7","16.7"
"USC00203585","HARBOR BEACH 1 SSE, MI US","43.8322","-82.6427","181.4","2010-08","214.1","8.9","31.7","19.4","20.9","25.4","16.5"
"USC00203585","HARBOR BEACH 1 SSE, MI US","43.8322","-82.6427","181.4","2010-09","237.5","5.6","32.2","131.0","15.4","20.0","10.8"
"USC00203585","HARBOR BEACH 1 SSE, MI US","43.8322","-82.6427","181.4","2010-10","237.5","-0.6","23.9","383.7","10.2","14.8","5.6"
"USC00203585","HARBOR BEACH 1 SSE, MI US","43.8322","-82.6427","181.4","2010-11","237.5","-5.0","16.1","831.6","3.4","7.3","-0.5"
"USC00203585","HARBOR BEACH 1 SSE, MI US","43.8322","-82.6427","181.4","2010-12","237.5","-12.2","12.2","1523.7","-4.0","-1.8","-6.2"
"US1MIWS0003","PLYMOUTH 5.4 W, MI US","42.382785","-83.571244","266.4","2010-07",,,,,,,
"US1MIWS0003","PLYMOUTH 5.4 W, MI US","42.382785","-83.571244","266.4","2010-08",,,,,,,
"US1MIWS0003","PLYMOUTH 5.4 W, MI US","42.382785","-83.571244","266.4","2010-09",,,,,,,
"US1MIWS0003","PLYMOUTH 5.4 W, MI US","42.382785","-83.571244","266.4","2010-10",,,,,,,
"US1MIWS0003","PLYMOUTH 5.4 W, MI US","42.382785","-83.571244","266.4","2010-11",,,,,,,
"US1MIWS0003","PLYMOUTH 5.4 W, MI US","42.382785","-83.571244","266.4","2010-12",,,,,,,
"USC00200197","AMASA 1 W, MI US","46.2347","-88.4544","448.1","2010-07","91.4","2.8","31.1","11.1","19.8","26.1","13.4"
"USC00200197","AMASA 1 W, MI US","46.2347","-88.4544","448.1","2010-08","154.7","2.8","31.7","39.7","19.6","26.6","12.6"
"USC00200197","AMASA 1 W, MI US","46.2347","-88.4544","448.1","2010-09","154.7","-1.7","23.9","235.6","10.5","17.0","3.9"
"USC00200197","AMASA 1 W, MI US","46.2347","-88.4544","448.1","2010-10","154.7","-5.6","28.3","521.4","7.5","15.2","-0.1"
"USC00200197","AMASA 1 W, MI US","46.2347","-88.4544","448.1","2010-11","154.7","-15.0","15.0","1035.1","0.6","5.3","-4.0"
"USC00200197","AMASA 1 W, MI US","46.2347","-88.4544","448.1","2010-12","154.7","-29.4","4.4","1762.3","-9.6","-5.3","-13.9"
"USC00204793","LINDEN WWTP, MI US","42.8133","-83.8038","263.0","2010-07",,"8.3","33.3","5.3","22.5","28.1","16.9"
"USC00204793","LINDEN WWTP, MI US","42.8133","-83.8038","263.0","2010-08",,"8.9","32.8","8.6","22.2","27.6","16.8"
"USC00204793","LINDEN WWTP, MI US","42.8133","-83.8038","263.0","2010-09",,"5.0","32.8","98.5","16.2","21.7","10.8"
"USC00204793","LINDEN WWTP, MI US","42.8133","-83.8038","263.0","2010-10",,"-1.1","24.4","322.0","10.9","16.9","4.9"
"USC00204793","LINDEN WWTP, MI US","42.8133","-83.8038","263.0","2010-11",,"-6.1","19.4","724.1","4.0","9.3","-1.4"
"USC00204793","LINDEN WWTP, MI US","42.8133","-83.8038","263.0","2010-12",,"-15.6","13.3","1444.9","-4.9","-1.7","-8.1"
"US1MIOD0003","LUZERNE 2.4 NE, MI US","44.6414","-84.2383","344.1","2010-10",,,,,,,
"US1MIOD0003","LUZERNE 2.4 NE, MI US","44.6414","-84.2383","344.1","2010-11",,,,,,,
"USC00202015","DEARBORN, MI US","42.31917","-83.23839","184.4","2010-07",,"8.3","35.6","2.5","23.8","30.8","16.8"
"USC00202015","DEARBORN, MI US","42.31917","-83.23839","184.4","2010-08",,"10.6","35.0","3.9","23.8","29.8","17.8"
"USC00202015","DEARBORN, MI US","42.31917","-83.23839","184.4","2010-09",,"6.7","33.9","53.7","18.1","24.1","12.2"
"USC00202015","DEARBORN, MI US","42.31917","-83.23839","184.4","2010-12",,"-14.4","12.8",,"-3.8","-0.6","-7.0"
"USC00207820","STANDISH 4 NE, MI US","44.0126","-83.8977","187.5","2010-07",,"6.7","32.8","7.7","22.0","28.5","15.5"
"USC00207820","STANDISH 4 NE, MI US","44.0126","-83.8977","187.5","2010-08",,"7.2","32.8","15.0","21.6","27.8","15.3"
"USC00207820","STANDISH 4 NE, MI US","44.0126","-83.8977","187.5","2010-09",,"3.3","32.2","121.6","15.2","21.1","9.3"
"USC00207820","STANDISH 4 NE, MI US","44.0126","-83.8977","187.5","2010-10",,"-1.7","25.6","360.2","10.4","17.2","3.5"
"USC00207820","STANDISH 4 NE, MI US","44.0126","-83.8977","187.5","2010-11",,"-7.2","16.7","767.1","3.3","8.7","-2.2"
"USC00207820","STANDISH 4 NE, MI US","44.0126","-83.8977","187.5","2010-12",,"-17.2","11.7","1457.6","-4.7","-0.9","-8.5"
"USC00202016","DEARBORN NUMBER 2, MI US","42.3469","-83.1736","184.4","2010-07",,"10.6","35.6","1.4","24.8","30.9","18.7"
"USC00202016","DEARBORN NUMBER 2, MI US","42.3469","-83.1736","184.4","2010-08",,"12.2","35.6","1.4","24.2","29.8","18.7"
"USC00202016","DEARBORN NUMBER 2, MI US","42.3469","-83.1736","184.4","2010-09",,"7.8","34.4","52.0","18.5","24.1","12.9"
"USC00202016","DEARBORN NUMBER 2, MI US","42.3469","-83.1736","184.4","2010-10",,"0.0","28.3","218.1","13.1","19.3","6.8"
"USC00202016","DEARBORN NUMBER 2, MI US","42.3469","-83.1736","184.4","2010-11",,"-3.3","18.3","604.7","5.4","11.0","-0.1"
"USC00202016","DEARBORN NUMBER 2, MI US","42.3469","-83.1736","184.4","2010-12",,"-13.3","13.3","1257.7","-3.3","0.0","-6.6"
"USC00200094","ALBION, MI US","42.24941","-84.7732","285.0","2010-07",,,,,,,
"USC00200094","ALBION, MI US","42.24941","-84.7732","285.0","2010-08",,,,,,,
"USC00200094","ALBION, MI US","42.24941","-84.7732","285.0","2010-09",,,,,,,
"USC00200094","ALBION, MI US","42.24941","-84.7732","285.0","2010-10",,,,,,,
"USC00200094","ALBION, MI US","42.24941","-84.7732","285.0","2010-11",,,,,,,
"USC00200094","ALBION, MI US","42.24941","-84.7732","285.0","2010-12",,,,,,,
"US1MIWS0016","ANN ARBOR 1.5 N, MI US","42.297286","-83.731525","245.1","2010-07",,,,,,,
"US1MIWS0016","ANN ARBOR 1.5 N, MI US","42.297286","-83.731525","245.1","2010-09",,,,,,,
"US1MIWS0016","ANN ARBOR 1.5 N, MI US","42.297286","-83.731525","245.1","2010-10",,,,,,,
"US1MIWS0016","ANN ARBOR 1.5 N, MI US","42.297286","-83.731525","245.1","2010-11",,,,,,,
"US1MIHL0001","LITCHFIELD 0.3 ENE, MI US","42.045278","-84.753056","317.0","2010-07",,,,,,,
"US1MIHL0001","LITCHFIELD 0.3 ENE, MI US","42.045278","-84.753056","317.0","2010-08",,,,,,,
"US1MIHL0001","LITCHFIELD 0.3 ENE, MI US","42.045278","-84.753056","317.0","2010-09",,,,,,,
"US1MIHL0001","LITCHFIELD 0.3 ENE, MI US","42.045278","-84.753056","317.0","2010-10",,,,,,,
"US1MIHL0001","LITCHFIELD 0.3 ENE, MI US","42.045278","-84.753056","317.0","2010-11",,,,,,,
"US1MIHL0001","LITCHFIELD 0.3 ENE, MI US","42.045278","-84.753056","317.0","2010-12",,,,,,,
"USW00094850","MARQUETTE WEATHER FORECAST OFFICE, MI US","46.5313","-87.5491","431.3","2010-07","101.1","5.0","31.7","13.1","20.0","25.6","14.4"
"USW00094850","MARQUETTE WEATHER FORECAST OFFICE, MI US","46.5313","-87.5491","431.3","2010-08","175.9","6.7","31.7","41.7","19.8","25.3","14.3"
"USW00094850","MARQUETTE WEATHER FORECAST OFFICE, MI US","46.5313","-87.5491","431.3","2010-09","175.9","-0.6","22.8","272.7","10.6","16.0","5.2"
"USW00094850","MARQUETTE WEATHER FORECAST OFFICE, MI US","46.5313","-87.5491","431.3","2010-10","175.9","-2.2","26.1","600.2","7.8","13.2","2.4"
"USW00094850","MARQUETTE WEATHER FORECAST OFFICE, MI US","46.5313","-87.5491","431.3","2010-11","175.9","-15.0","15.0","1127.2","0.8","5.0","-3.4"
"USW00094850","MARQUETTE WEATHER FORECAST OFFICE, MI US","46.5313","-87.5491","431.3","2010-12","175.9","-19.4","5.0","1920.1","-7.2","-4.3","-10.2"
"US1MIHL0004","JONESVILLE 5.9 ENE, MI US","42.014718","-84.561902","364.8","2010-08",,,,,,,
"US1MIHL0004","JONESVILLE 5.9 ENE, MI US","42.014718","-84.561902","364.8","2010-09",,,,,,,
"US1MIHL0004","JONESVILLE 5.9 ENE, MI US","42.014718","-84.561902","364.8","2010-11",,,,,,,
"US1MIHL0004","JONESVILLE 5.9 ENE, MI US","42.014718","-84.561902","364.8","2010-12",,,,,,,
"US1MIGG0001","MARENISCO 8.0 SSW, MI US","46.26150131","-89.71766663","505.4","2010-07",,,,,,,
"US1MIGG0002","IRONWOOD 1.0 E, MI US","46.455629","-90.13105","516.0","2010-07",,,,,,,
"US1MIGG0002","IRONWOOD 1.0 E, MI US","46.455629","-90.13105","516.0","2010-08",,,,,,,
"US1MIGG0002","IRONWOOD 1.0 E, MI US","46.455629","-90.13105","516.0","2010-09",,,,,,,
"USC00206507","PETOSKEY, MI US","45.3725","-84.9766","182.6","2010-07","124.4","8.3","32.8","9.2","21.0","25.3","16.7"
"USC00206507","PETOSKEY, MI US","45.3725","-84.9766","182.6","2010-08","223.6","10.0","31.7","18.1","21.4","25.4","17.3"
"USC00206507","PETOSKEY, MI US","45.3725","-84.9766","182.6","2010-09","235.5","3.9","31.7","141.0","14.6","19.1","10.2"
"USC00206507","PETOSKEY, MI US","45.3725","-84.9766","182.6","2010-10","235.5","-0.6","22.8","402.1","9.6","13.9","5.3"
"USC00206507","PETOSKEY, MI US","45.3725","-84.9766","182.6","2010-11","235.5","-6.7","18.3","834.9","3.9","7.9","0.0"
"USC00206507","PETOSKEY, MI US","45.3725","-84.9766","182.6","2010-12","235.5","-13.9","10.6","1520.3","-3.8","-0.7","-6.8"
"US1MIGG0004","WATERSMEET 5.0 SE, MI US","46.203333","-89.131667","518.5","2010-07",,,,,,,
"US1MIGG0004","WATERSMEET 5.0 SE, MI US","46.203333","-89.131667","518.5","2010-08",,,,,,,
"US1MIGG0004","WATERSMEET 5.0 SE, MI US","46.203333","-89.131667","518.5","2010-10",,,,,,,
"US1MIGG0004","WATERSMEET 5.0 SE, MI US","46.203333","-89.131667","518.5","2010-11",,,,,,,
"US1MIGG0004","WATERSMEET 5.0 SE, MI US","46.203333","-89.131667","518.5","2010-12",,,,,,,
"USC00205533","MIO WWTP, MI US","44.6466","-84.1158","316.1","2010-07","168.6","4.4","32.2","9.2","21.4","28.0","14.8"
"USC00205533","MIO WWTP, MI US","44.6466","-84.1158","316.1","2010-08","258.3","5.0","33.3","26.5","20.7","27.2","14.1"
"USC00205533","MIO WWTP, MI US","44.6466","-84.1158","316.1","2010-09","272.3","-1.1","31.7","177.9","13.8","20.0","7.5"
"USC00205533","MIO WWTP, MI US","44.6466","-84.1158","316.1","2010-10","272.3","-5.0","25.6","474.3","8.8","16.1","1.4"
"USC00205533","MIO WWTP, MI US","44.6466","-84.1158","316.1","2010-11","272.3","-8.3","17.2","940.2","2.8","8.0","-2.4"
"USC00205533","MIO WWTP, MI US","44.6466","-84.1158","316.1","2010-12","272.3","-17.8","10.6","1674.0","-5.3","-1.6","-9.1"
"US1MIWS0015","ANN ARBOR 2.1 WNW, MI US","42.286541","-83.769909","274.0","2010-07",,,,,,,
"US1MISG0011","SAGINAW 3.0 NW, MI US","43.45566","-83.98455","185.6","2010-07",,,,,,,
"US1MISG0011","SAGINAW 3.0 NW, MI US","43.45566","-83.98455","185.6","2010-08",,,,,,,
"US1MISG0011","SAGINAW 3.0 NW, MI US","43.45566","-83.98455","185.6","2010-10",,,,,,,
"US1MISG0011","SAGINAW 3.0 NW, MI US","43.45566","-83.98455","185.6","2010-11",,,,,,,
"US1MISG0011","SAGINAW 3.0 NW, MI US","43.45566","-83.98455","185.6","2010-12",,,,,,,
"US1MIWS0014","YPSILANTI 2.5 WSW, MI US","42.231639","-83.666552","252.1","2010-07",,,,,,,
"US1MIWS0014","YPSILANTI 2.5 WSW, MI US","42.231639","-83.666552","252.1","2010-08",,,,,,,
"US1MIWS0014","YPSILANTI 2.5 WSW, MI US","42.231639","-83.666552","252.1","2010-09",,,,,,,
"US1MIWS0014","YPSILANTI 2.5 WSW, MI US","42.231639","-83.666552","252.1","2010-10",,,,,,,
"US1MIWS0014","YPSILANTI 2.5 WSW, MI US","42.231639","-83.666552","252.1","2010-11",,,,,,,
"USC00204320","KENT CITY 2 SW, MI US","43.2036","-85.7776","247.8","2010-07",,"5.6","33.9","6.3","22.2","29.9","14.6"
"USC00204320","KENT CITY 2 SW, MI US","43.2036","-85.7776","247.8","2010-08",,"4.4","34.4","13.6","21.1","29.7","12.6"
"USC00204320","KENT CITY 2 SW, MI US","43.2036","-85.7776","247.8","2010-09",,"1.7","33.9","141.3","14.6","22.4","6.8"
"USC00204320","KENT CITY 2 SW, MI US","43.2036","-85.7776","247.8","2010-10",,"-5.6","27.8","409.8","9.7","18.6","0.7"
"USC00204320","KENT CITY 2 SW, MI US","43.2036","-85.7776","247.8","2010-11",,"-9.4","20.6","845.6","3.3","10.2","-3.6"
"USC00204320","KENT CITY 2 SW, MI US","43.2036","-85.7776","247.8","2010-12",,"-17.2","10.0","1535.7","-4.6","0.2","-9.4"
"USC00206982","RICHMOND 4 NNW, MI US","42.8783","-82.7958","233.2","2010-07","250.2","7.2","35.0","7.2","22.9","28.9","16.9"
"USC00206982","RICHMOND 4 NNW, MI US","42.8783","-82.7958","233.2","2010-08","366.1","8.3","32.8","13.0","21.9","27.8","15.9"
"USC00206982","RICHMOND 4 NNW, MI US","42.8783","-82.7958","233.2","2010-09","395.5","5.6","32.8","110.8","16.1","21.6","10.5"
"USC00206982","RICHMOND 4 NNW, MI US","42.8783","-82.7958","233.2","2010-10","395.5","-1.7","23.9","346.7","10.7","16.2","5.2"
"USC00206982","RICHMOND 4 NNW, MI US","42.8783","-82.7958","233.2","2010-11","395.5","-6.7","15.0","802.2","3.1","8.2","-1.9"
"USC00206982","RICHMOND 4 NNW, MI US","42.8783","-82.7958","233.2","2010-12","395.5","-19.4","11.1","1527.1","-5.1","-1.9","-8.2"
"USC00200089","ALBERTA FORD FOR CENTER, MI US","46.6448","-88.4812","399.3","2010-07","113.4","6.7","31.7","12.1","20.2","25.5","15.0"
"USC00200089","ALBERTA FORD FOR CENTER, MI US","46.6448","-88.4812","399.3","2010-08","202.1","6.7","31.7","47.2","20.1","25.3","14.8"
"USC00200089","ALBERTA FORD FOR CENTER, MI US","46.6448","-88.4812","399.3","2010-09","205.2","-1.1","26.7","262.3","11.3","16.5","6.0"
"USC00200089","ALBERTA FORD FOR CENTER, MI US","46.6448","-88.4812","399.3","2010-10","205.2","-5.0","26.7","582.3","8.0","13.9","2.1"
"USC00200089","ALBERTA FORD FOR CENTER, MI US","46.6448","-88.4812","399.3","2010-11","205.2","-15.0","16.7","1105.4","0.9","4.7","-2.9"
"USC00200089","ALBERTA FORD FOR CENTER, MI US","46.6448","-88.4812","399.3","2010-12","205.2","-24.4","6.1","1916.0","-7.8","-4.7","-10.9"
"US1MIWS0011","ANN ARBOR 2.1 WNW, MI US","42.283233","-83.771503","275.5","2010-07",,,,,,,
"US1MIWS0011","ANN ARBOR 2.1 WNW, MI US","42.283233","-83.771503","275.5","2010-08",,,,,,,
"US1MIWS0011","ANN ARBOR 2.1 WNW, MI US","42.283233","-83.771503","275.5","2010-09",,,,,,,
"US1MIWS0011","ANN ARBOR 2.1 WNW, MI US","42.283233","-83.771503","275.5","2010-10",,,,,,,
"US1MIWS0011","ANN ARBOR 2.1 WNW, MI US","42.283233","-83.771503","275.5","2010-11",,,,,,,
"US1MIWS0011","ANN ARBOR 2.1 WNW, MI US","42.283233","-83.771503","275.5","2010-12",,,,,,,
"USC00201178","CADILLAC 9 AND 10 NEWS, MI US","44.21138","-85.40865","415.4","2010-07","159.9","3.9","31.1","10.0","21.2","27.4","15.0"
"USC00201178","CADILLAC 9 AND 10 NEWS, MI US","44.21138","-85.40865","415.4","2010-08","251.5","6.1","31.7","24.4","20.8","26.8","14.9"
"USC00201178","CADILLAC 9 AND 10 NEWS, MI US","44.21138","-85.40865","415.4","2010-09","264.7","1.1","30.0","183.1","13.5","19.4","7.6"
"USC00201178","CADILLAC 9 AND 10 NEWS, MI US","44.21138","-85.40865","415.4","2010-10","264.7","-3.3","24.4","475.2","8.9","15.7","2.1"
"USC00201178","CADILLAC 9 AND 10 NEWS, MI US","44.21138","-85.40865","415.4","2010-11","264.7","-7.8","16.7","945.2","2.7","7.5","-2.2"
"USC00201178","CADILLAC 9 AND 10 NEWS, MI US","44.21138","-85.40865","415.4","2010-12","264.7","-18.3","8.3","1695.1","-5.9","-2.1","-9.6"
"USC00201299","CARO WWTP, MI US","43.4838","-83.3919","210.3","2010-07","268.7","7.8","35.0","5.8","23.3","29.6","17.0"
"USC00201299","CARO WWTP, MI US","43.4838","-83.3919","210.3","2010-08","401.8","9.4","34.4","8.0","22.6","28.5","16.6"
"USC00201299","CARO WWTP, MI US","43.4838","-83.3919","210.3","2010-09","422.1","5.0","33.3","123.4","15.2","21.1","9.2"
"USC00201299","CARO WWTP, MI US","43.4838","-83.3919","210.3","2010-10","422.1","-0.6","25.0","338.3","11.1","16.9","5.2"
"USC00201299","CARO WWTP, MI US","43.4838","-83.3919","210.3","2010-11","422.1","-9.4","17.2","746.7","3.9","8.9","-1.2"
"USC00201299","CARO WWTP, MI US","43.4838","-83.3919","210.3","2010-12","422.1","-14.4","13.9","1436.6","-4.7","-1.3","-8.2"
"USC00203477","GROSSE POINTE FARMS, MI US","42.4077","-82.8891","186.8","2010-07",,,"35.6",,,"29.6",
"USC00203477","GROSSE POINTE FARMS, MI US","42.4077","-82.8891","186.8","2010-08",,,"33.9",,,"28.4",
"USC00203477","GROSSE POINTE FARMS, MI US","42.4077","-82.8891","186.8","2010-09",,"7.2","32.2",,"17.5","22.5","12.5"
"USC00203477","GROSSE POINTE FARMS, MI US","42.4077","-82.8891","186.8","2010-10",,"0.6","24.4",,"11.9","16.9","6.9"
"USC00203477","GROSSE POINTE FARMS, MI US","42.4077","-82.8891","186.8","2010-11",,"-4.4","15.6",,"4.1","8.3","-0.2"
"USC00203477","GROSSE POINTE FARMS, MI US","42.4077","-82.8891","186.8","2010-12",,,,,,,
"USC00208920","WHITEFISH POINT, MI US","46.7475","-84.9857","189.6","2010-07","24.8","7.8","27.8","22.3","18.4","24.3","12.5"
"USC00208920","WHITEFISH POINT, MI US","46.7475","-84.9857","189.6","2010-08","77.7","6.1","32.2","55.1","19.0","25.4","12.6"
"USC00208920","WHITEFISH POINT, MI US","46.7475","-84.9857","189.6","2010-09","86.6","2.2","32.2","227.9","12.8","18.7","7.0"
"USC00208920","WHITEFISH POINT, MI US","46.7475","-84.9857","189.6","2010-10","86.6","-11.1","18.3","505.2","7.6","13.1","2.2"
"USC00208920","WHITEFISH POINT, MI US","46.7475","-84.9857","189.6","2010-11","86.6","-12.8","10.0","990.8","2.1","6.5","-2.2"
"USC00208920","WHITEFISH POINT, MI US","46.7475","-84.9857","189.6","2010-12","86.6","-18.3","5.0","1723.1","-6.1","-2.7","-9.4"
"USC00208800","WEST BRANCH 3 SE, MI US","44.2541","-84.2011","269.7","2010-07","165.5","6.1","32.8","7.0","21.4","27.9","15.0"
"USC00208800","WEST BRANCH 3 SE, MI US","44.2541","-84.2011","269.7","2010-08","259.2","7.8","33.3","18.4","21.1","27.4","14.8"
"USC00208800","WEST BRANCH 3 SE, MI US","44.2541","-84.2011","269.7","2010-09","273.9","2.2","31.7","161.8","14.0","20.0","8.1"
"USC00208800","WEST BRANCH 3 SE, MI US","44.2541","-84.2011","269.7","2010-10","273.9","-2.2","26.1","434.1","9.6","16.4","2.7"
"USC00208800","WEST BRANCH 3 SE, MI US","44.2541","-84.2011","269.7","2010-11","273.9","-6.7","15.6","915.8","2.3","7.4","-2.9"
"USC00208800","WEST BRANCH 3 SE, MI US","44.2541","-84.2011","269.7","2010-12","273.9","-16.7","10.6","1639.8","-5.0","-1.8","-8.2"
"USW00094860","GRAND RAPIDS GERALD R FORD INTERNATIONAL AIRPORT, MI US","42.8821","-85.52297","240.3","2010-07","320.0","10.0","33.3","0.8","24.2","29.4","18.9"
"USW00094860","GRAND RAPIDS GERALD R FORD INTERNATIONAL AIRPORT, MI US","42.8821","-85.52297","240.3","2010-08","491.4","10.6","33.9","1.4","23.8","29.2","18.5"
"USW00094860","GRAND RAPIDS GERALD R FORD INTERNATIONAL AIRPORT, MI US","42.8821","-85.52297","240.3","2010-09","520.6","6.1","31.1","68.3","17.1","22.0","12.1"
"USW00094860","GRAND RAPIDS GERALD R FORD INTERNATIONAL AIRPORT, MI US","42.8821","-85.52297","240.3","2010-10","520.6","-1.1","26.7","265.7","12.0","17.9","6.1"
"USW00094860","GRAND RAPIDS GERALD R FORD INTERNATIONAL AIRPORT, MI US","42.8821","-85.52297","240.3","2010-11","520.6","-6.1","20.6","652.3","5.4","10.6","0.3"
"USW00094860","GRAND RAPIDS GERALD R FORD INTERNATIONAL AIRPORT, MI US","42.8821","-85.52297","240.3","2010-12","520.6","-13.9","12.8","1300.7","-2.6","-0.1","-5.1"
"US1MIBH0001","BRONSON 5.9 SE, MI US","41.825123","-85.096779","293.5","2010-07",,,,,,,
"US1MIBH0001","BRONSON 5.9 SE, MI US","41.825123","-85.096779","293.5","2010-09",,,,,,,
"US1MIBH0001","BRONSON 5.9 SE, MI US","41.825123","-85.096779","293.5","2010-10",,,,,,,
"US1MIBH0001","BRONSON 5.9 SE, MI US","41.825123","-85.096779","293.5","2010-11",,,,,,,
"US1MIBH0001","BRONSON 5.9 SE, MI US","41.825123","-85.096779","293.5","2010-12",,,,,,,
"USC00206510","PETOSKEY NCMC, MI US","45.3613","-84.9512","228.0","2010-07","144.9","5.6","32.2","10.5","20.9","26.3","15.5"
"USC00206510","PETOSKEY NCMC, MI US","45.3613","-84.9512","228.0","2010-08","240.0","8.3","32.2","26.1","20.9","25.9","15.9"
"USC00206510","PETOSKEY NCMC, MI US","45.3613","-84.9512","228.0","2010-09","252.0","1.1","31.7","164.8","14.1","19.1","9.1"
"USC00206510","PETOSKEY NCMC, MI US","45.3613","-84.9512","228.0","2010-10","252.0","-2.8","23.9","450.1","9.1","14.7","3.6"
"USC00206510","PETOSKEY NCMC, MI US","45.3613","-84.9512","228.0","2010-11","252.0","-7.8","18.3","893.4","3.6","7.9","-0.7"
"USC00206510","PETOSKEY NCMC, MI US","45.3613","-84.9512","228.0","2010-12","252.0","-16.1","10.0","1594.5","-4.3","-1.2","-7.4"
"USC00205662","CENTRAL MICHIGAN UNIVERSITY, MI US","43.5859","-84.7694","242.3","2010-07","297.1","8.9","34.4","3.6","23.8","29.8","17.7"
"USC00205662","CENTRAL MICHIGAN UNIVERSITY, MI US","43.5859","-84.7694","242.3","2010-08","443.1","10.6","35.0","4.1","23.0","29.2","16.8"
"USC00205662","CENTRAL MICHIGAN UNIVERSITY, MI US","43.5859","-84.7694","242.3","2010-09","468.4","5.0","33.3","100.8","15.9","21.3","10.6"
"USC00205662","CENTRAL MICHIGAN UNIVERSITY, MI US","43.5859","-84.7694","242.3","2010-10","468.4","0.6","25.6","312.3","11.5","17.4","5.6"
"USC00205662","CENTRAL MICHIGAN UNIVERSITY, MI US","43.5859","-84.7694","242.3","2010-11","468.4","-5.0","15.6","744.7","3.9","8.4","-0.6"
"USC00205662","CENTRAL MICHIGAN UNIVERSITY, MI US","43.5859","-84.7694","242.3","2010-12","468.4","-13.3","10.6","1435.7","-4.0","-1.2","-6.7"
"US1MIOW0030","ALLENDALE 1.3 SSW, MI US","42.96742","-85.95743","199.3","2010-11",,,,,,,
"USW00094871","BENTON HARBOR, MI US","42.12894","-86.41518","195.4","2010-07","263.7","6.7","33.3","3.9","23.0","28.6","17.4"
"USW00094871","BENTON HARBOR, MI US","42.12894","-86.41518","195.4","2010-08","410.2","9.4","33.9","6.4","23.0","28.0","18.0"
"USW00094871","BENTON HARBOR, MI US","42.12894","-86.41518","195.4","2010-09","444.6","3.3","31.7","76.4","17.1","22.2","12.1"
"USW00094871","BENTON HARBOR, MI US","42.12894","-86.41518","195.4","2010-10","444.9","-2.1","24.4","282.5","11.2","17.6","4.8"
"USW00094871","BENTON HARBOR, MI US","42.12894","-86.41518","195.4","2010-11","444.9","-5.5","22.2","631.9","6.3","11.5","1.1"
"USW00094871","BENTON HARBOR, MI US","42.12894","-86.41518","195.4","2010-12","444.9","-16.6","13.9","1274.3","-2.4","0.4","-5.2"
"US1MIOW0026","GRAND HAVEN 4.2 S, MI US","42.995035","-86.218045","192.0","2010-07",,,,,,,
"US1MIOW0025","HOLLAND 5.1 WNW, MI US","42.801147","-86.194791","182.6","2010-07",,,,,,,
"US1MIOW0025","HOLLAND 5.1 WNW, MI US","42.801147","-86.194791","182.6","2010-08",,,,,,,
"US1MIOW0025","HOLLAND 5.1 WNW, MI US","42.801147","-86.194791","182.6","2010-09",,,,,,,
"US1MIOW0025","HOLLAND 5.1 WNW, MI US","42.801147","-86.194791","182.6","2010-10",,,,,,,
"US1MIOW0025","HOLLAND 5.1 WNW, MI US","42.801147","-86.194791","182.6","2010-11",,,,,,,
"US1MIOW0025","HOLLAND 5.1 WNW, MI US","42.801147","-86.194791","182.6","2010-12",,,,,,,
"USC00208706","WATTON 2 WSW, MI US","46.52664","-88.64243","424.9","2010-07","64.8","2.2","30.0","26.3","18.7","24.1","13.3"
"USC00208706","WATTON 2 WSW, MI US","46.52664","-88.64243","424.9","2010-08","118.4","4.4","30.0","75.8","18.5","23.9","13.1"
"USC00208706","WATTON 2 WSW, MI US","46.52664","-88.64243","424.9","2010-09","120.6","-1.7","25.0","314.2","10.5","15.7","5.2"
"USC00208706","WATTON 2 WSW, MI US","46.52664","-88.64243","424.9","2010-10","120.6","-4.4","25.6","652.7","7.4","13.1","1.7"
"USC00208706","WATTON 2 WSW, MI US","46.52664","-88.64243","424.9","2010-11","120.6","-15.0","16.7","1196.9","0.2","4.1","-3.7"
"USC00208706","WATTON 2 WSW, MI US","46.52664","-88.64243","424.9","2010-12","120.6","-24.4","5.6","2022.4","-8.3","-5.0","-11.6"
"US1MIOW0029","HOLLAND 4.2 NNE, MI US","42.827726","-86.069676","196.0","2010-07",,,,,,,
"US1MIOW0029","HOLLAND 4.2 NNE, MI US","42.827726","-86.069676","196.0","2010-08",,,,,,,
"USC00205434","MIDLAND, MI US","43.6088","-84.2011","195.1","2010-07","293.3","8.3","33.3","2.2","23.8","29.1","18.4"
"USC00205434","MIDLAND, MI US","43.6088","-84.2011","195.1","2010-08","432.5","10.0","34.4","3.0","23.3","28.9","17.7"
"USC00205434","MIDLAND, MI US","43.6088","-84.2011","195.1","2010-09","456.8","5.0","30.6","92.4","16.2","21.6","10.7"
"USC00205434","MIDLAND, MI US","43.6088","-84.2011","195.1","2010-10","456.8","-1.7","26.1","309.2","11.3","17.1","5.6"
"USC00205434","MIDLAND, MI US","43.6088","-84.2011","195.1","2010-11","456.8","-4.4","15.6","700.6","4.8","9.6","-0.1"
"USC00205434","MIDLAND, MI US","43.6088","-84.2011","195.1","2010-12","456.8","-15.6","10.6","1338.9","-3.7","-0.7","-6.6"
"US1MIAC0001","MIKADO 2.3 SE, MI US","44.569671","-83.385862","201.8","2010-07",,,,,,,
"US1MIAC0001","MIKADO 2.3 SE, MI US","44.569671","-83.385862","201.8","2010-08",,,,,,,
"US1MIAC0001","MIKADO 2.3 SE, MI US","44.569671","-83.385862","201.8","2010-09",,,,,,,
"US1MIAC0001","MIKADO 2.3 SE, MI US","44.569671","-83.385862","201.8","2010-10",,,,,,,
"US1MIAC0001","MIKADO 2.3 SE, MI US","44.569671","-83.385862","201.8","2010-11",,,,,,,
"US1MIAC0001","MIKADO 2.3 SE, MI US","44.569671","-83.385862","201.8","2010-12",,,,,,,
"USR0000MSEN","SENEY MICHIGAN, MI US","46.2403","-85.9428","221.3","2010-07","87.7","4.4","30.0","7.6","20.1","26.1","14.1"
"USR0000MSEN","SENEY MICHIGAN, MI US","46.2403","-85.9428","221.3","2010-08","173.3","6.1","31.7","29.9","20.4","25.9","14.9"
"USR0000MSEN","SENEY MICHIGAN, MI US","46.2403","-85.9428","221.3","2010-09","173.3","0.6","23.9","212.6","12.2","17.9","6.6"
"USR0000MSEN","SENEY MICHIGAN, MI US","46.2403","-85.9428","221.3","2010-10","173.3","-1.7","26.1","526.9","8.2","14.4","2.0"
"USR0000MSEN","SENEY MICHIGAN, MI US","46.2403","-85.9428","221.3","2010-11","173.3","-12.2","13.3","954.2","2.8","6.8","-1.2"
"USR0000MSEN","SENEY MICHIGAN, MI US","46.2403","-85.9428","221.3","2010-12","173.3","-15.0","6.7","1673.2","-4.9","-1.8","-7.9"
"US1MIOW0020","HUDSONVILLE 0.3 E, MI US","42.865302","-85.857425","198.1","2010-07",,,,,,,
"US1MIOW0020","HUDSONVILLE 0.3 E, MI US","42.865302","-85.857425","198.1","2010-08",,,,,,,
"US1MIOW0020","HUDSONVILLE 0.3 E, MI US","42.865302","-85.857425","198.1","2010-09",,,,,,,
"US1MIOW0020","HUDSONVILLE 0.3 E, MI US","42.865302","-85.857425","198.1","2010-10",,,,,,,
"US1MIOW0020","HUDSONVILLE 0.3 E, MI US","42.865302","-85.857425","198.1","2010-12",,,,,,,
"USC00208941","WHITE LAKE 4 E, MI US","42.698","-83.4716","321.0","2010-07","219.7","7.2","34.4","4.7","22.4","28.6","16.2"
"USC00208941","WHITE LAKE 4 E, MI US","42.698","-83.4716","321.0","2010-08","338.8","7.8","32.8","8.3","22.1","27.9","16.2"
"USC00208941","WHITE LAKE 4 E, MI US","42.698","-83.4716","321.0","2010-09","362.7","3.3","32.2","111.9","15.7","21.2","10.1"
"USC00208941","WHITE LAKE 4 E, MI US","42.698","-83.4716","321.0","2010-10","363.0","-3.3","25.0","346.4","10.7","16.7","4.6"
"USC00208941","WHITE LAKE 4 E, MI US","42.698","-83.4716","321.0","2010-11","363.0","-7.8","18.3","783.7","3.8","9.3","-1.8"
"USC00208941","WHITE LAKE 4 E, MI US","42.698","-83.4716","321.0","2010-12","363.0","-17.8","10.0","1468.1","-5.3","-2.2","-8.3"
"USC00204104","IRONWOOD, MI US","46.4656","-90.1892","435.9","2010-07","102.8","8.9","30.6","7.2","20.3","25.6","15.0"
"USC00204104","IRONWOOD, MI US","46.4656","-90.1892","435.9","2010-08","176.5","6.7","31.1","34.1","19.9","25.5","14.3"
"USC00204104","IRONWOOD, MI US","46.4656","-90.1892","435.9","2010-09","178.4","-1.1","26.1","251.5","11.1","16.6","5.7"
"USC00204104","IRONWOOD, MI US","46.4656","-90.1892","435.9","2010-10","178.4","-4.4","26.7","558.9","8.4","14.2","2.6"
"USC00204104","IRONWOOD, MI US","46.4656","-90.1892","435.9","2010-11","178.4","-15.0","17.2","1104.9","0.1","4.0","-3.7"
"USC00204104","IRONWOOD, MI US","46.4656","-90.1892","435.9","2010-12","178.4","-27.2","6.1","1925.2","-9.0","-5.2","-12.8"
"US1MIOW0021","JENISON 1.5 WNW, MI US","42.918576","-85.856887","212.1","2010-07",,,,,,,
"US1MIOW0021","JENISON 1.5 WNW, MI US","42.918576","-85.856887","212.1","2010-08",,,,,,,
"US1MIOW0021","JENISON 1.5 WNW, MI US","42.918576","-85.856887","212.1","2010-09",,,,,,,
"US1MIOW0021","JENISON 1.5 WNW, MI US","42.918576","-85.856887","212.1","2010-10",,,,,,,
"US1MIOW0021","JENISON 1.5 WNW, MI US","42.918576","-85.856887","212.1","2010-11",,,,,,,
"US1MIOL0001","REED CITY 9.3 NE, MI US","43.970592","-85.380751","394.4","2010-07",,,,,,,
"US1MIOL0001","REED CITY 9.3 NE, MI US","43.970592","-85.380751","394.4","2010-08",,,,,,,
"US1MIOL0001","REED CITY 9.3 NE, MI US","43.970592","-85.380751","394.4","2010-09",,,,,,,
"US1MIOL0001","REED CITY 9.3 NE, MI US","43.970592","-85.380751","394.4","2010-10",,,,,,,
"US1MIOL0001","REED CITY 9.3 NE, MI US","43.970592","-85.380751","394.4","2010-11",,,,,,,
"USC00208043","TAHQUAMENON FALLS S P, MI US","46.6013","-85.2238","227.1","2010-07","68.3","3.3","30.6","35.1","18.7","25.7","11.7"
"USC00208043","TAHQUAMENON FALLS S P, MI US","46.6013","-85.2238","227.1","2010-08","132.4","4.4","32.8","84.8","18.8","25.3","12.3"
"USC00208043","TAHQUAMENON FALLS S P, MI US","46.6013","-85.2238","227.1","2010-09","139.3","-1.1","29.4","289.6","11.7","17.9","5.6"
"USC00208043","TAHQUAMENON FALLS S P, MI US","46.6013","-85.2238","227.1","2010-10",,,"21.1",,,"13.2",
"USC00208043","TAHQUAMENON FALLS S P, MI US","46.6013","-85.2238","227.1","2010-11",,"-12.8","15.0",,"1.4","6.2","-3.3"
"USC00208043","TAHQUAMENON FALLS S P, MI US","46.6013","-85.2238","227.1","2010-12",,"-17.2","7.2",,"-6.5","-2.7","-10.3"
"US1MIMB0024","RAY 2.1 WNW, MI US","42.77873","-82.93591","214.9","2010-09",,,,,,,
"US1MIMB0024","RAY 2.1 WNW, MI US","42.77873","-82.93591","214.9","2010-10",,,,,,,
"US1MIMB0024","RAY 2.1 WNW, MI US","42.77873","-82.93591","214.9","2010-11",,,,,,,
"US1MIMB0024","RAY 2.1 WNW, MI US","42.77873","-82.93591","214.9","2010-12",,,,,,,
"US1MIMB0023","CLINTON 1.0 S, MI US","42.573168","-82.917344","184.7","2010-09",,,,,,,
"US1MIMB0023","CLINTON 1.0 S, MI US","42.573168","-82.917344","184.7","2010-10",,,,,,,
"USC00201768","COOKS 2 NE, MI US","45.9248","-86.4435","225.6","2010-07",,,,,,,
"USC00201768","COOKS 2 NE, MI US","45.9248","-86.4435","225.6","2010-08",,,,,,,
"USC00201768","COOKS 2 NE, MI US","45.9248","-86.4435","225.6","2010-09",,,,,,,
"USC00201768","COOKS 2 NE, MI US","45.9248","-86.4435","225.6","2010-10",,,,,,,
"USC00201768","COOKS 2 NE, MI US","45.9248","-86.4435","225.6","2010-11",,,,,,,
"USC00201768","COOKS 2 NE, MI US","45.9248","-86.4435","225.6","2010-12",,,,,,,
"US1MIMB0022","UTICA 0.8 NNW, MI US","42.639577","-83.027232","198.4","2010-07",,,,,,,
"US1MIMB0022","UTICA 0.8 NNW, MI US","42.639577","-83.027232","198.4","2010-08",,,,,,,
"US1MIMB0022","UTICA 0.8 NNW, MI US","42.639577","-83.027232","198.4","2010-09",,,,,,,
"US1MIMB0022","UTICA 0.8 NNW, MI US","42.639577","-83.027232","198.4","2010-10",,,,,,,
"US1MIMB0022","UTICA 0.8 NNW, MI US","42.639577","-83.027232","198.4","2010-11",,,,,,,
"US1MIMB0022","UTICA 0.8 NNW, MI US","42.639577","-83.027232","198.4","2010-12",,,,,,,
"USC00203823","HILLSDALE, MI US","41.9352","-84.6411","329.2","2010-07","293.7","8.3","33.9","5.3","23.3","29.6","17.0"
"USC00203823","HILLSDALE, MI US","41.9352","-84.6411","329.2","2010-08","416.1","8.3","33.3","9.8","22.1","27.7","16.6"
"USC00203823","HILLSDALE, MI US","41.9352","-84.6411","329.2","2010-09","453.3","4.4","32.2","88.4","16.9","22.7","11.2"
"USC00203823","HILLSDALE, MI US","41.9352","-84.6411","329.2","2010-10","456.1","-2.2","29.4","299.4","11.6","18.5","4.8"
"USC00203823","HILLSDALE, MI US","41.9352","-84.6411","329.2","2010-11","456.1","-7.8","21.1","737.9","3.7","9.9","-2.4"
"USC00203823","HILLSDALE, MI US","41.9352","-84.6411","329.2","2010-12",,,"12.2",,,"-1.3",
"USC00203947","HOWELL WWTP, MI US","42.59382","-83.93251","279.5","2010-07","260.3","7.2","34.4","5.9","22.9","29.8","16.1"
"USC00203947","HOWELL WWTP, MI US","42.59382","-83.93251","279.5","2010-08","380.5","6.7","34.4","9.8","22.2","29.0","15.5"
"USC00203947","HOWELL WWTP, MI US","42.59382","-83.93251","279.5","2010-09","408.7","3.9","33.3","99.8","16.2","22.8","9.6"
"USC00203947","HOWELL WWTP, MI US","42.59382","-83.93251","279.5","2010-10","409.2","-3.3","27.2","321.4","11.0","18.3","3.6"
"USC00203947","HOWELL WWTP, MI US","42.59382","-83.93251","279.5","2010-11","409.2","-7.2","21.1","759.1","3.7","10.1","-2.6"
"USC00203947","HOWELL WWTP, MI US","42.59382","-83.93251","279.5","2010-12","409.2","-16.1","14.4","1467.6","-4.5","-0.6","-8.4"
"USC00202851","FLINT 7 W, MI US","43.0377","-83.7694","207.0","2010-07","267.7","7.8","34.4","6.7","23.0","28.9","17.1"
"USC00202851","FLINT 7 W, MI US","43.0377","-83.7694","207.0","2010-08","404.7","9.4","33.9","9.8","22.6","28.4","16.9"
"USC00202851","FLINT 7 W, MI US","43.0377","-83.7694","207.0","2010-09","436.1","5.0","34.4","110.8","16.0","21.3","10.7"
"USC00202851","FLINT 7 W, MI US","43.0377","-83.7694","207.0","2010-10","436.1","-1.7","24.4","349.3","10.6","17.1","4.2"
"USC00202851","FLINT 7 W, MI US","43.0377","-83.7694","207.0","2010-11","436.1","-5.0","19.4","785.3","3.8","9.3","-1.7"
"USC00202851","FLINT 7 W, MI US","43.0377","-83.7694","207.0","2010-12","436.1","-16.7","13.9","1493.0","-4.5","-1.4","-7.6"
"USC00209006","WILLIAMSTON, MI US","42.7103","-84.2503","272.8","2010-08",,,,,,,
"USC00209006","WILLIAMSTON, MI US","42.7103","-84.2503","272.8","2010-09",,,,,,,
"USC00209006","WILLIAMSTON, MI US","42.7103","-84.2503","272.8","2010-10",,,,,,,
"USC00209006","WILLIAMSTON, MI US","42.7103","-84.2503","272.8","2010-11",,,,,,,
"USC00209006","WILLIAMSTON, MI US","42.7103","-84.2503","272.8","2010-12",,,,,,,
"USC00200552","BATTLE CREEK 5 NW, MI US","42.3678","-85.2634","281.3","2010-07",,,,,,,
"USC00200552","BATTLE CREEK 5 NW, MI US","42.3678","-85.2634","281.3","2010-08",,"6.1","33.9",,"21.9","28.8","15.0"
"USC00200552","BATTLE CREEK 5 NW, MI US","42.3678","-85.2634","281.3","2010-09",,,,,,,
"USC00200552","BATTLE CREEK 5 NW, MI US","42.3678","-85.2634","281.3","2010-10",,,,,,,
"USC00200552","BATTLE CREEK 5 NW, MI US","42.3678","-85.2634","281.3","2010-11",,"-10.6","22.2",,"3.9","11.4","-3.5"
"USC00200552","BATTLE CREEK 5 NW, MI US","42.3678","-85.2634","281.3","2010-12",,"-20.6","10.6",,"-5.4","0.0","-10.9"
"USC00201522","CHESANING, MI US","43.1936","-84.1113","189.0","2010-07",,,,,,,
"USC00201522","CHESANING, MI US","43.1936","-84.1113","189.0","2010-08",,,,,,,
"USC00201522","CHESANING, MI US","43.1936","-84.1113","189.0","2010-09",,,,,,,
"USC00201522","CHESANING, MI US","43.1936","-84.1113","189.0","2010-10",,,,,,,
"USC00201522","CHESANING, MI US","43.1936","-84.1113","189.0","2010-11",,,,,,,
"USC00201522","CHESANING, MI US","43.1936","-84.1113","189.0","2010-12",,,,,,,
"USW00094814","HOUGHTON LAKE ROSCOMMON CO AIRPORT, MI US","44.35904","-84.6739","350.6","2010-07","155.9","5.6","31.1","6.1","21.3","27.4","15.1"
"USW00094814","HOUGHTON LAKE ROSCOMMON CO AIRPORT, MI US","44.35904","-84.6739","350.6","2010-08","257.6","4.4","31.7","23.0","21.1","27.0","15.1"
"USW00094814","HOUGHTON LAKE ROSCOMMON CO AIRPORT, MI US","44.35904","-84.6739","350.6","2010-09","265.6","-1.1","26.7","178.8","13.4","19.3","7.6"
"USW00094814","HOUGHTON LAKE ROSCOMMON CO AIRPORT, MI US","44.35904","-84.6739","350.6","2010-10","265.6","-5.6","24.4","478.2","8.7","15.1","2.3"
"USW00094814","HOUGHTON LAKE ROSCOMMON CO AIRPORT, MI US","44.35904","-84.6739","350.6","2010-11","265.6","-8.9","15.0","940.1","2.9","7.8","-2.0"
"USW00094814","HOUGHTON LAKE ROSCOMMON CO AIRPORT, MI US","44.35904","-84.6739","350.6","2010-12","265.6","-16.7","7.8","1682.5","-5.6","-2.5","-8.7"
"USW00094815","KALAMAZOO BATTLE CREEK INTERNATIONAL AIRPORT, MI US","42.22826","-85.546","263.3","2010-07","322.1","9.4","35.0","1.1","24.2","30.2","18.3"
"USW00094815","KALAMAZOO BATTLE CREEK INTERNATIONAL AIRPORT, MI US","42.22826","-85.546","263.3","2010-08","478.5","10.0","33.9","2.5","23.3","28.8","17.9"
"USW00094815","KALAMAZOO BATTLE CREEK INTERNATIONAL AIRPORT, MI US","42.22826","-85.546","263.3","2010-09","511.4","4.4","31.7","69.2","17.2","22.6","11.9"
"USW00094815","KALAMAZOO BATTLE CREEK INTERNATIONAL AIRPORT, MI US","42.22826","-85.546","263.3","2010-10","515.4","-0.5","29.4","268.5","12.0","18.4","5.7"
"USW00094815","KALAMAZOO BATTLE CREEK INTERNATIONAL AIRPORT, MI US","42.22826","-85.546","263.3","2010-11","515.4","-7.1","21.1","655.5","5.4","11.1","-0.3"
"USW00094815","KALAMAZOO BATTLE CREEK INTERNATIONAL AIRPORT, MI US","42.22826","-85.546","263.3","2010-12","515.4","-13.8","12.2","1338.4","-3.7","-0.6","-6.8"
"USW00094817","PONTIAC OAKLAND CO INTERNATIONAL AIRPORT, MI US","42.66314","-83.41016","295.4","2010-07","311.6","10.0","34.4","1.1","24.1","29.5","18.8"
"USW00094817","PONTIAC OAKLAND CO INTERNATIONAL AIRPORT, MI US","42.66314","-83.41016","295.4","2010-08","471.9","11.1","33.9","1.7","23.5","28.9","18.1"
"USW00094817","PONTIAC OAKLAND CO INTERNATIONAL AIRPORT, MI US","42.66314","-83.41016","295.4","2010-09","502.5","6.7","33.3","77.7","16.8","21.6","12.0"
"USW00094817","PONTIAC OAKLAND CO INTERNATIONAL AIRPORT, MI US","42.66314","-83.41016","295.4","2010-10","502.8","-1.0","25.0","284.9","11.7","16.8","6.5"
"USW00094817","PONTIAC OAKLAND CO INTERNATIONAL AIRPORT, MI US","42.66314","-83.41016","295.4","2010-11","502.8","-4.9","17.2","708.0","4.2","9.3","-0.9"
"USW00094817","PONTIAC OAKLAND CO INTERNATIONAL AIRPORT, MI US","42.66314","-83.41016","295.4","2010-12","502.8","-15.5","10.0","1416.8","-4.5","-1.7","-7.4"
"USC00208293","TROUT LAKE 1 SW, MI US","46.1796","-85.0311","250.9","2010-07","77.5","7.2","28.9","7.5","19.9","25.5","14.3"
"USC00208293","TROUT LAKE 1 SW, MI US","46.1796","-85.0311","250.9","2010-08","153.2","6.1","28.9","34.2","19.9","24.8","15.0"
"USC00208293","TROUT LAKE 1 SW, MI US","46.1796","-85.0311","250.9","2010-09","156.0","1.1","23.9","216.6","12.4","17.1","7.6"
"USC00208293","TROUT LAKE 1 SW, MI US","46.1796","-85.0311","250.9","2010-10","156.0","-2.2","22.8","528.0","8.3","14.1","2.5"
"USC00208293","TROUT LAKE 1 SW, MI US","46.1796","-85.0311","250.9","2010-11","156.0","-12.2","13.3","1001.6","2.6","6.5","-1.4"
"USC00208293","TROUT LAKE 1 SW, MI US","46.1796","-85.0311","250.9","2010-12","156.0","-17.8","6.1","1743.2","-5.6","-2.3","-8.9"
"USC00202503","ELLSWORTH 2 ENE, MI US","45.18056","-85.19917","214.0","2010-07","122.8","3.3","31.7","12.8","20.5","26.8","14.2"
"USC00202503","ELLSWORTH 2 ENE, MI US","45.18056","-85.19917","214.0","2010-08","212.6","7.8","31.7","32.5","20.6","26.6","14.6"
"USC00202503","ELLSWORTH 2 ENE, MI US","45.18056","-85.19917","214.0","2010-09","223.8","0.6","31.7","190.2","13.4","19.1","7.8"
"USC00202503","ELLSWORTH 2 ENE, MI US","45.18056","-85.19917","214.0","2010-10","223.8","-3.9","23.9","492.6","8.6","14.9","2.2"
"USC00202503","ELLSWORTH 2 ENE, MI US","45.18056","-85.19917","214.0","2010-11","223.8","-7.2","17.8","947.6","3.2","8.1","-1.7"
"USC00202503","ELLSWORTH 2 ENE, MI US","45.18056","-85.19917","214.0","2010-12","223.8","-15.6","10.0","1652.6","-4.4","-1.5","-7.3"
"USC00200446","BALDWIN, MI US","43.9005","-85.8505","254.5","2010-08",,,,,,,
"USC00200446","BALDWIN, MI US","43.9005","-85.8505","254.5","2010-09",,,,,,,
"USC00200446","BALDWIN, MI US","43.9005","-85.8505","254.5","2010-10",,,,,,,
"USC00200446","BALDWIN, MI US","43.9005","-85.8505","254.5","2010-11",,,,,,,
"USC00200446","BALDWIN, MI US","43.9005","-85.8505","254.5","2010-12",,,,,,,
"USC00203712","HELL, MI US","42.4344","-83.9858","271.3","2010-07","250.5","8.3","33.3","6.7","22.9","28.5","17.4"
"USC00203712","HELL, MI US","42.4344","-83.9858","271.3","2010-08","382.2","9.4","32.8","9.5","22.5","28.2","16.8"
"USC00203712","HELL, MI US","42.4344","-83.9858","271.3","2010-09","403.8","5.0","31.7","84.9","16.3","21.8","10.7"
"USC00203712","HELL, MI US","42.4344","-83.9858","271.3","2010-10",,,,,,,
"USC00203712","HELL, MI US","42.4344","-83.9858","271.3","2010-11",,,,,,,
"USC00203712","HELL, MI US","42.4344","-83.9858","271.3","2010-12",,"-16.7","13.3",,"-4.5","-1.2","-7.9"
"USC00204808","LEXINGTON WATER PLANT, MI US","43.26319","-82.5327","189.6","2010-07","182.1","8.9","33.9","7.8","22.4","27.5","17.3"
"USC00204808","LEXINGTON WATER PLANT, MI US","43.26319","-82.5327","189.6","2010-08","300.6","8.3","33.3","13.0","22.0","27.1","16.9"
"USC00204808","LEXINGTON WATER PLANT, MI US","43.26319","-82.5327","189.6","2010-09","333.7","6.1","33.3","102.2","16.5","21.4","11.5"
"USC00204808","LEXINGTON WATER PLANT, MI US","43.26319","-82.5327","189.6","2010-10","333.7","-0.6","25.0","321.5","11.3","16.1","6.4"
"USC00204808","LEXINGTON WATER PLANT, MI US","43.26319","-82.5327","189.6","2010-11","333.7","-3.9","16.1","749.8","4.1","8.3","-0.2"
"USC00204808","LEXINGTON WATER PLANT, MI US","43.26319","-82.5327","189.6","2010-12","333.7","-14.4","12.8","1415.3","-4.0","-1.4","-6.5"
"USC00201896","CROSS VILLAGE 1 E, MI US","45.6413","-85.0141","219.8","2010-07","84.9","7.8","30.6","9.7","19.9","24.4","15.4"
"USC00201896","CROSS VILLAGE 1 E, MI US","45.6413","-85.0141","219.8","2010-08","155.7","10.6","28.9","22.0","20.2","24.1","16.4"
"USC00201896","CROSS VILLAGE 1 E, MI US","45.6413","-85.0141","219.8","2010-09","162.7","3.9","28.9","159.2","13.6","17.9","9.4"
"USC00201896","CROSS VILLAGE 1 E, MI US","45.6413","-85.0141","219.8","2010-10",,,,,,,
"USC00201896","CROSS VILLAGE 1 E, MI US","45.6413","-85.0141","219.8","2010-11",,"-7.2","18.3",,"3.4","7.6","-0.7"
"USC00201896","CROSS VILLAGE 1 E, MI US","45.6413","-85.0141","219.8","2010-12",,"-15.0","10.0",,"-4.1","-1.2","-7.1"
"USC00202984","FRANKFORT 2 NE, MI US","44.64822","-86.20986","289.0","2010-07",,"10.0","29.4","1.9","22.2","26.6","17.9"
"USC00202984","FRANKFORT 2 NE, MI US","44.64822","-86.20986","289.0","2010-08",,"13.3","31.7","2.2","22.3","26.3","18.3"
"USC00202984","FRANKFORT 2 NE, MI US","44.64822","-86.20986","289.0","2010-09",,"6.7","27.2","106.5","15.1","19.0","11.2"
"USC00202984","FRANKFORT 2 NE, MI US","44.64822","-86.20986","289.0","2010-10",,"1.7","20.6","345.6","10.6","13.8","7.5"
"USC00202984","FRANKFORT 2 NE, MI US","44.64822","-86.20986","289.0","2010-11",,"-7.2","17.2","752.4","4.8","8.5","1.0"
"USC00202984","FRANKFORT 2 NE, MI US","44.64822","-86.20986","289.0","2010-12",,"-10.0","8.3","1412.8","-3.0","-0.9","-5.0"
"USR0000MRAC","RACO MICHIGAN, MI US","46.25","-84.5833","274.3","2010-07","60.4","5.6","30.6","16.1","19.2","26.0","12.4"
"USR0000MRAC","RACO MICHIGAN, MI US","46.25","-84.5833","274.3","2010-08","126.3","3.3","30.6","64.4","18.9","24.8","13.0"
"USR0000MRAC","RACO MICHIGAN, MI US","46.25","-84.5833","274.3","2010-09","128.2","-1.7","23.3","275.0","11.1","16.6","5.7"
"USR0000MRAC","RACO MICHIGAN, MI US","46.25","-84.5833","274.3","2010-10","128.2","-6.1","22.8","634.7","6.7","12.9","0.6"
"USR0000MRAC","RACO MICHIGAN, MI US","46.25","-84.5833","274.3","2010-11",,"-12.8","12.8",,"2.1","6.4","-2.2"
"USR0000MRAC","RACO MICHIGAN, MI US","46.25","-84.5833","274.3","2010-12",,"-22.2","6.7",,"-6.7","-3.0","-10.4"
"USC00208184","THREE RIVERS, MI US","41.9299","-85.6385","246.9","2010-07","299.0","8.3","34.4","5.3","23.4","29.8","17.0"
"USC00208184","THREE RIVERS, MI US","41.9299","-85.6385","246.9","2010-08","441.7","9.4","33.9","7.3","22.9","28.9","16.9"
"USC00208184","THREE RIVERS, MI US","41.9299","-85.6385","246.9","2010-09","479.8","4.4","32.2","77.2","17.3","23.6","11.0"
"USC00208184","THREE RIVERS, MI US","41.9299","-85.6385","246.9","2010-10","484.4","-1.1","30.0","275.8","12.1","19.4","4.8"
"USC00208184","THREE RIVERS, MI US","41.9299","-85.6385","246.9","2010-11","484.4","-7.8","21.7","695.6","4.3","10.9","-2.3"
"USC00208184","THREE RIVERS, MI US","41.9299","-85.6385","246.9","2010-12","484.4","-14.4","12.2","1375.8","-3.6","0.2","-7.4"
"US1MIGT0001","TRAVERSE CITY 4.1 E, MI US","44.746623","-85.519284","195.4","2010-07",,,,,,,
"US1MIGT0001","TRAVERSE CITY 4.1 E, MI US","44.746623","-85.519284","195.4","2010-08",,,,,,,
"US1MIGT0001","TRAVERSE CITY 4.1 E, MI US","44.746623","-85.519284","195.4","2010-09",,,,,,,
"US1MIGT0001","TRAVERSE CITY 4.1 E, MI US","44.746623","-85.519284","195.4","2010-10",,,,,,,
"USC00207096","ROGERS CITY HOEFT SP, MI US","45.46477","-83.88252","185.0","2010-07","138.1","8.3","32.8","12.3","21.1","26.4","15.8"
"USC00207096","ROGERS CITY HOEFT SP, MI US","45.46477","-83.88252","185.0","2010-08","224.9","8.9","33.3","27.6","20.7","25.9","15.6"
"USC00207096","ROGERS CITY HOEFT SP, MI US","45.46477","-83.88252","185.0","2010-09","236.9","2.2","32.8","167.6","14.1","19.1","9.0"
"USC00207096","ROGERS CITY HOEFT SP, MI US","45.46477","-83.88252","185.0","2010-10","236.9","-1.7","25.0","445.4","9.4","14.7","4.1"
"USC00207096","ROGERS CITY HOEFT SP, MI US","45.46477","-83.88252","185.0","2010-11","236.9","-6.7","16.1","884.4","3.2","6.8","-0.4"
"USC00207096","ROGERS CITY HOEFT SP, MI US","45.46477","-83.88252","185.0","2010-12","236.9","-16.1","11.7","1594.5","-4.6","-1.9","-7.2"
"US1MIGT0002","TRAVERSE CITY 9.4 WSW, MI US","44.713","-85.78558","273.1","2010-08",,,,,,,
"US1MIGT0002","TRAVERSE CITY 9.4 WSW, MI US","44.713","-85.78558","273.1","2010-09",,,,,,,
"US1MIGT0002","TRAVERSE CITY 9.4 WSW, MI US","44.713","-85.78558","273.1","2010-10",,,,,,,
"US1MIGT0002","TRAVERSE CITY 9.4 WSW, MI US","44.713","-85.78558","273.1","2010-11",,,,,,,
"US1MIHR0002","BAD AXE 0.5 SSW, MI US","43.796139","-82.999626","228.0","2010-08",,,,,,,
"US1MIHR0002","BAD AXE 0.5 SSW, MI US","43.796139","-82.999626","228.0","2010-09",,,,,,,
"US1MIHR0002","BAD AXE 0.5 SSW, MI US","43.796139","-82.999626","228.0","2010-10",,,,,,,
"US1MIHR0002","BAD AXE 0.5 SSW, MI US","43.796139","-82.999626","228.0","2010-11",,,,,,,
"USR0000MBAL","BALDWIN MICHIGAN, MI US","43.8933","-85.8506","253.6","2010-07","224.0","5.6","32.8","2.5","22.4","28.9","16.0"
"USR0000MBAL","BALDWIN MICHIGAN, MI US","43.8933","-85.8506","253.6","2010-08","341.9","7.2","32.8","8.6","21.9","28.4","15.4"
"USR0000MBAL","BALDWIN MICHIGAN, MI US","43.8933","-85.8506","253.6","2010-09","353.6","2.8","27.2","138.3","14.4","20.3","8.5"
"USR0000MBAL","BALDWIN MICHIGAN, MI US","43.8933","-85.8506","253.6","2010-10","353.6","-3.9","25.6","421.3","9.2","16.4","2.1"
"USR0000MBAL","BALDWIN MICHIGAN, MI US","43.8933","-85.8506","253.6","2010-11","353.6","-7.8","17.2","837.2","3.6","8.9","-1.7"
"USR0000MBAL","BALDWIN MICHIGAN, MI US","43.8933","-85.8506","253.6","2010-12","353.6","-23.9","11.7","1545.6","-4.5","-1.1","-8.0"
"US1MIHR0003","CASEVILLE 4.2 NE, MI US","43.97705","-83.20605","181.7","2010-07",,,,,,,
"US1MIHR0003","CASEVILLE 4.2 NE, MI US","43.97705","-83.20605","181.7","2010-08",,,,,,,
"US1MIHR0003","CASEVILLE 4.2 NE, MI US","43.97705","-83.20605","181.7","2010-09",,,,,,,
"US1MIHR0003","CASEVILLE 4.2 NE, MI US","43.97705","-83.20605","181.7","2010-10",,,,,,,
"US1MIHR0003","CASEVILLE 4.2 NE, MI US","43.97705","-83.20605","181.7","2010-11",,,,,,,
"US1MIHR0003","CASEVILLE 4.2 NE, MI US","43.97705","-83.20605","181.7","2010-12",,,,,,,
"USC00203969","HUDSON 3 E, MI US","41.8483","-84.2938","266.7","2010-07",,,,,,,
"USC00203969","HUDSON 3 E, MI US","41.8483","-84.2938","266.7","2010-08",,,,,,,
"USC00203969","HUDSON 3 E, MI US","41.8483","-84.2938","266.7","2010-09",,,,,,,
"USC00203969","HUDSON 3 E, MI US","41.8483","-84.2938","266.7","2010-10",,,,,,,
"USC00203969","HUDSON 3 E, MI US","41.8483","-84.2938","266.7","2010-11",,,,,,,
"USC00203969","HUDSON 3 E, MI US","41.8483","-84.2938","266.7","2010-12",,,,,,,
"USC00201780","COPPER HARBOR FORT WILKINS, MI US","47.4679","-87.8671","190.5","2010-07","86.1","7.2","31.1","15.1","20.4","25.5","15.3"
"USC00201780","COPPER HARBOR FORT WILKINS, MI US","47.4679","-87.8671","190.5","2010-08","173.5","8.9","31.7","32.3","20.6","25.2","16.0"
"USC00201780","COPPER HARBOR FORT WILKINS, MI US","47.4679","-87.8671","190.5","2010-11",,"-12.8","12.2",,"1.6","5.3","-2.1"
"USC00201780","COPPER HARBOR FORT WILKINS, MI US","47.4679","-87.8671","190.5","2010-12",,"-13.3","6.1",,"-4.8","-2.3","-7.3"
"US1MIMB0009","NEW BALTIMORE 0.4 SSE, MI US","42.677025","-82.735671","175.0","2010-07",,,,,,,
"US1MIMB0009","NEW BALTIMORE 0.4 SSE, MI US","42.677025","-82.735671","175.0","2010-08",,,,,,,
"US1MIMB0009","NEW BALTIMORE 0.4 SSE, MI US","42.677025","-82.735671","175.0","2010-09",,,,,,,
"US1MIMB0009","NEW BALTIMORE 0.4 SSE, MI US","42.677025","-82.735671","175.0","2010-10",,,,,,,
"US1MIMB0009","NEW BALTIMORE 0.4 SSE, MI US","42.677025","-82.735671","175.0","2010-11",,,,,,,
"US1MIMB0009","NEW BALTIMORE 0.4 SSE, MI US","42.677025","-82.735671","175.0","2010-12",,,,,,,
"US1MIMB0007","SHELBY 0.4 SSE, MI US","42.665936","-83.028694","207.3","2010-07",,,,,,,
"US1MIMB0007","SHELBY 0.4 SSE, MI US","42.665936","-83.028694","207.3","2010-08",,,,,,,
"US1MIMB0007","SHELBY 0.4 SSE, MI US","42.665936","-83.028694","207.3","2010-09",,,,,,,
"US1MIMB0007","SHELBY 0.4 SSE, MI US","42.665936","-83.028694","207.3","2010-10",,,,,,,
"US1MIMB0007","SHELBY 0.4 SSE, MI US","42.665936","-83.028694","207.3","2010-11",,,,,,,
"US1MIMB0007","SHELBY 0.4 SSE, MI US","42.665936","-83.028694","207.3","2010-12",,,,,,,
"US1MIWS0021","SALINE 1.2 SE, MI US","42.1617","-83.7669","236.2","2010-07",,,,,,,
"US1MIWS0021","SALINE 1.2 SE, MI US","42.1617","-83.7669","236.2","2010-08",,,,,,,
"US1MIWS0021","SALINE 1.2 SE, MI US","42.1617","-83.7669","236.2","2010-09",,,,,,,
"US1MIWS0021","SALINE 1.2 SE, MI US","42.1617","-83.7669","236.2","2010-10",,,,,,,
"US1MIWS0021","SALINE 1.2 SE, MI US","42.1617","-83.7669","236.2","2010-11",,,,,,,
"USC00202751","FENNVILLE 3 W, MI US","42.5939","-86.1558","216.4","2010-07",,,,,,,
"USC00202751","FENNVILLE 3 W, MI US","42.5939","-86.1558","216.4","2010-08",,,,,,,
"USC00202751","FENNVILLE 3 W, MI US","42.5939","-86.1558","216.4","2010-09",,,,,,,
"USC00202751","FENNVILLE 3 W, MI US","42.5939","-86.1558","216.4","2010-10",,,,,,,
"USC00202751","FENNVILLE 3 W, MI US","42.5939","-86.1558","216.4","2010-11",,,,,,,
"USC00202751","FENNVILLE 3 W, MI US","42.5939","-86.1558","216.4","2010-12",,,,,,,
"US1MIWY0013","BELLEVILLE 3.0 SE, MI US","42.17811","-83.43507","199.6","2010-07",,,,,,,
"US1MIWY0013","BELLEVILLE 3.0 SE, MI US","42.17811","-83.43507","199.6","2010-08",,,,,,,
"US1MIWY0013","BELLEVILLE 3.0 SE, MI US","42.17811","-83.43507","199.6","2010-09",,,,,,,
"US1MIWY0013","BELLEVILLE 3.0 SE, MI US","42.17811","-83.43507","199.6","2010-10",,,,,,,
"US1MIWY0013","BELLEVILLE 3.0 SE, MI US","42.17811","-83.43507","199.6","2010-11",,,,,,,
"US1MIWY0013","BELLEVILLE 3.0 SE, MI US","42.17811","-83.43507","199.6","2010-12",,,,,,,
"US1MIGT0011","TRAVERSE CITY 7.6 SSW, MI US","44.6531905","-85.6639838","269.1","2010-09",,,,,,,
"US1MIGT0011","TRAVERSE CITY 7.6 SSW, MI US","44.6531905","-85.6639838","269.1","2010-10",,,,,,,
"US1MIGT0011","TRAVERSE CITY 7.6 SSW, MI US","44.6531905","-85.6639838","269.1","2010-11",,,,,,,
"US1MIGT0011","TRAVERSE CITY 7.6 SSW, MI US","44.6531905","-85.6639838","269.1","2010-12",,,,,,,
"USC00203858","HOLLAND WTP, MI US","42.7989","-86.20635","184.4","2010-07",,"10.0","33.9","1.1","23.7","29.6","17.8"
"USC00203858","HOLLAND WTP, MI US","42.7989","-86.20635","184.4","2010-08",,,,,,,
"USC00203858","HOLLAND WTP, MI US","42.7989","-86.20635","184.4","2010-09",,,,,,,
"USC00203858","HOLLAND WTP, MI US","42.7989","-86.20635","184.4","2010-10",,"-1.1","25.0",,"11.8","17.6","5.9"
"USC00203858","HOLLAND WTP, MI US","42.7989","-86.20635","184.4","2010-11",,,,,,,
"USC00203858","HOLLAND WTP, MI US","42.7989","-86.20635","184.4","2010-12",,"-10.0","10.6",,"-2.3","0.2","-4.8"
"USC00201435","CLARKSBURG, MI US","46.49909","-87.84506","473.7","2010-07",,"0.6","32.2","30.3","18.7","26.8","10.7"
"USC00201435","CLARKSBURG, MI US","46.49909","-87.84506","473.7","2010-08",,"3.3","33.3","75.1","18.8","26.7","10.9"
"USC00201435","CLARKSBURG, MI US","46.49909","-87.84506","473.7","2010-09",,"-2.2","26.7","321.5","10.3","17.8","2.8"
"USC00201435","CLARKSBURG, MI US","46.49909","-87.84506","473.7","2010-10",,"-6.1","26.7","677.7","6.8","14.5","-0.8"
"USC00201435","CLARKSBURG, MI US","46.49909","-87.84506","473.7","2010-11",,"-16.1","15.0","1243.3","-0.5","4.8","-5.8"
"USC00201435","CLARKSBURG, MI US","46.49909","-87.84506","473.7","2010-12",,"-27.8","5.0","2025.2","-8.6","-3.8","-13.5"
"USC00200106","ALGONAC WWTP, MI US","42.6158","-82.5436","178.3","2010-07","341.7","8.3","36.1","3.7","24.8","30.9","18.7"
"USC00200106","ALGONAC WWTP, MI US","42.6158","-82.5436","178.3","2010-08","513.2","11.1","36.1","4.0","24.0","30.2","17.9"
"USC00200106","ALGONAC WWTP, MI US","42.6158","-82.5436","178.3","2010-09","542.0","6.7","33.9","61.9","17.6","23.1","12.1"
"USC00200106","ALGONAC WWTP, MI US","42.6158","-82.5436","178.3","2010-10","542.0","0.6","26.1","221.2","12.6","18.7","6.5"
"USC00200106","ALGONAC WWTP, MI US","42.6158","-82.5436","178.3","2010-11","542.0","-3.3","17.8","577.9","5.1","10.9","-0.7"
"USC00200106","ALGONAC WWTP, MI US","42.6158","-82.5436","178.3","2010-12","542.0","-14.4","12.2","1181.6","-3.4","-0.5","-6.3"
"USC00204944","LOWELL, MI US","42.92793","-85.34013","199.9","2010-07",,,,,,,
"USC00204944","LOWELL, MI US","42.92793","-85.34013","199.9","2010-08",,,,,,,
"USC00204944","LOWELL, MI US","42.92793","-85.34013","199.9","2010-09",,,,,,,
"USC00204944","LOWELL, MI US","42.92793","-85.34013","199.9","2010-10",,,,,,,
"USC00204944","LOWELL, MI US","42.92793","-85.34013","199.9","2010-11",,,,,,,
"USC00204944","LOWELL, MI US","42.92793","-85.34013","199.9","2010-12",,,,,,,
"USC00200228","ANN ARBOR SE, MI US","42.2416","-83.6933","253.6","2010-07","279.8","8.3","35.0","4.5","23.2","30.1","16.3"
"USC00200228","ANN ARBOR SE, MI US","42.2416","-83.6933","253.6","2010-08","406.5","8.3","33.9","7.0","22.3","28.8","15.9"
"USC00200228","ANN ARBOR SE, MI US","42.2416","-83.6933","253.6","2010-09","439.3","5.6","33.3","87.2","16.8","23.2","10.3"
"USC00200228","ANN ARBOR SE, MI US","42.2416","-83.6933","253.6","2010-10","439.3","-1.1","28.3","292.2","11.7","18.8","4.7"
"USC00200228","ANN ARBOR SE, MI US","42.2416","-83.6933","253.6","2010-11","439.3","-6.7","20.0","726.2","3.9","10.3","-2.5"
"USC00200228","ANN ARBOR SE, MI US","42.2416","-83.6933","253.6","2010-12","439.3","-15.0","12.8","1428.6","-4.3","-0.8","-7.9"
"US1MIGT0004","TRAVERSE CITY 7.4 WSW, MI US","44.710907","-85.741211","261.2","2010-07",,,,,,,
"US1MIGT0006","TRAVERSE CITY 4.0 WSW, MI US","44.7339","-85.6789","288.0","2010-07",,,,,,,
"US1MIGT0006","TRAVERSE CITY 4.0 WSW, MI US","44.7339","-85.6789","288.0","2010-08",,,,,,,
"US1MIGT0006","TRAVERSE CITY 4.0 WSW, MI US","44.7339","-85.6789","288.0","2010-09",,,,,,,
"US1MIGT0006","TRAVERSE CITY 4.0 WSW, MI US","44.7339","-85.6789","288.0","2010-10",,,,,,,
"US1MIGT0006","TRAVERSE CITY 4.0 WSW, MI US","44.7339","-85.6789","288.0","2010-12",,,,,,,
"US1MIWY0006","DEARBORN 1.6 W, MI US","42.314","-83.245","183.2","2010-07",,,,,,,
"US1MIWY0006","DEARBORN 1.6 W, MI US","42.314","-83.245","183.2","2010-08",,,,,,,
"US1MIWY0006","DEARBORN 1.6 W, MI US","42.314","-83.245","183.2","2010-09",,,,,,,
"US1MIWY0006","DEARBORN 1.6 W, MI US","42.314","-83.245","183.2","2010-10",,,,,,,
"US1MIWY0006","DEARBORN 1.6 W, MI US","42.314","-83.245","183.2","2010-11",,,,,,,
"US1MIWY0006","DEARBORN 1.6 W, MI US","42.314","-83.245","183.2","2010-12",,,,,,,
"USC00200220","ANN ARBOR 1 W, MI US","42.2875","-83.7611","263.7","2010-07","281.6","9.4","33.9","4.5","23.6","29.1","18.1"
"USC00200220","ANN ARBOR 1 W, MI US","42.2875","-83.7611","263.7","2010-08","413.8","9.4","33.9","6.7","22.7","27.9","17.5"
"USC00200220","ANN ARBOR 1 W, MI US","42.2875","-83.7611","263.7","2010-09","449.2","5.6","32.8","78.9","17.1","22.9","11.3"
"USC00200220","ANN ARBOR 1 W, MI US","42.2875","-83.7611","263.7","2010-10",,"-1.1",,,,,"5.3"
"USC00200220","ANN ARBOR 1 W, MI US","42.2875","-83.7611","263.7","2010-11",,"-5.6","19.4",,"4.5","10.2","-1.2"
"USC00200220","ANN ARBOR 1 W, MI US","42.2875","-83.7611","263.7","2010-12",,"-13.9","12.8",,"-3.9","-0.4","-7.4"
"US1MIMB0018","MACOMB 3.9 SE, MI US","42.663525","-82.902502","182.9","2010-07",,,,,,,
"US1MIMB0018","MACOMB 3.9 SE, MI US","42.663525","-82.902502","182.9","2010-08",,,,,,,
"US1MIMB0018","MACOMB 3.9 SE, MI US","42.663525","-82.902502","182.9","2010-09",,,,,,,
"US1MIMB0018","MACOMB 3.9 SE, MI US","42.663525","-82.902502","182.9","2010-10",,,,,,,
"US1MIMB0018","MACOMB 3.9 SE, MI US","42.663525","-82.902502","182.9","2010-11",,,,,,,
"US1MIMB0018","MACOMB 3.9 SE, MI US","42.663525","-82.902502","182.9","2010-12",,,,,,,
"USC00200342","ATLANTA, MI US","45.00471","-84.14043","267.9","2010-07","121.9","2.8","33.3","11.6","20.6","28.1","13.1"
"USC00200342","ATLANTA, MI US","45.00471","-84.14043","267.9","2010-08","195.1","4.4","33.3","42.7","19.7","26.9","12.4"
"USC00200342","ATLANTA, MI US","45.00471","-84.14043","267.9","2010-09","203.7","-1.7","31.7","216.6","12.8","19.6","6.0"
"USC00200342","ATLANTA, MI US","45.00471","-84.14043","267.9","2010-10","203.7","-5.6","25.6","553.0","7.5","15.1","-0.1"
"USC00200342","ATLANTA, MI US","45.00471","-84.14043","267.9","2010-11","203.7","-9.4","17.8","1039.9","2.1","7.5","-3.3"
"USC00200342","ATLANTA, MI US","45.00471","-84.14043","267.9","2010-12","203.7","-17.8","10.0","1791.7","-5.9","-2.2","-9.6"
"US1MIGT0009","TRAVERSE CITY 4.2 E, MI US","44.7455831","-85.5183882","210.3","2010-07",,,,,,,
"US1MIGT0009","TRAVERSE CITY 4.2 E, MI US","44.7455831","-85.5183882","210.3","2010-08",,,,,,,
"US1MIGT0009","TRAVERSE CITY 4.2 E, MI US","44.7455831","-85.5183882","210.3","2010-09",,,,,,,
"US1MIGT0009","TRAVERSE CITY 4.2 E, MI US","44.7455831","-85.5183882","210.3","2010-10",,,,,,,
"USC00201675","COLDWATER ST SCHOOL, MI US","41.9622","-84.9925","299.9","2010-07","264.7","8.9","32.8","2.8","23.1","28.4","17.7"
"USC00201675","COLDWATER ST SCHOOL, MI US","41.9622","-84.9925","299.9","2010-08","397.6","8.9","32.2","5.6","22.5","27.7","17.4"
"USC00201675","COLDWATER ST SCHOOL, MI US","41.9622","-84.9925","299.9","2010-09","417.4","5.0","31.1","72.2","16.8","22.2","11.4"
"USC00201675","COLDWATER ST SCHOOL, MI US","41.9622","-84.9925","299.9","2010-10","421.1","-0.6","28.9","262.3","12.1","17.9","6.2"
"USC00201675","COLDWATER ST SCHOOL, MI US","41.9622","-84.9925","299.9","2010-11","421.1","-7.8","21.1","670.1","4.7","9.9","-0.4"
"USC00201675","COLDWATER ST SCHOOL, MI US","41.9622","-84.9925","299.9","2010-12","421.1","-15.0","11.7","1386.3","-4.8","-1.8","-7.8"
"US1MIKN0027","GRAND RAPIDS 3.2 S, MI US","42.914681","-85.649234","200.3","2010-07",,,,,,,
"US1MIKN0027","GRAND RAPIDS 3.2 S, MI US","42.914681","-85.649234","200.3","2010-08",,,,,,,
"US1MIKN0027","GRAND RAPIDS 3.2 S, MI US","42.914681","-85.649234","200.3","2010-10",,,,,,,
"US1MIKN0027","GRAND RAPIDS 3.2 S, MI US","42.914681","-85.649234","200.3","2010-11",,,,,,,
"USC00208080","TECUMSEH, MI US","42.0027","-83.9336","237.7","2010-07","276.3","7.2","35.6","2.5","23.4","30.9","15.9"
"USC00208080","TECUMSEH, MI US","42.0027","-83.9336","237.7","2010-08","415.3","8.9","33.9","3.9","22.8","29.9","15.6"
"USC00208080","TECUMSEH, MI US","42.0027","-83.9336","237.7","2010-09","441.4","4.4","33.3","81.3","16.6","24.0","9.3"
"USC00208080","TECUMSEH, MI US","42.0027","-83.9336","237.7","2010-10","442.5","-3.3","30.6","298.6","11.4","19.2","3.6"
"USC00208080","TECUMSEH, MI US","42.0027","-83.9336","237.7","2010-11","442.5","-8.3","18.9","717.7","3.7","10.7","-3.3"
"USC00208080","TECUMSEH, MI US","42.0027","-83.9336","237.7","2010-12","442.5","-14.4","11.1","1432.6","-4.7","-0.3","-9.1"
"USC00203504","GULL LAKE BIOLOGICAL STATION, MI US","42.3941","-85.385","281.9","2010-07",,,,,,,
"USC00203504","GULL LAKE BIOLOGICAL STATION, MI US","42.3941","-85.385","281.9","2010-09",,"5.0","33.3",,"18.1","24.6","11.7"
"USC00203504","GULL LAKE BIOLOGICAL STATION, MI US","42.3941","-85.385","281.9","2010-10",,"-2.2","29.4",,"12.9","20.4","5.5"
"USC00203504","GULL LAKE BIOLOGICAL STATION, MI US","42.3941","-85.385","281.9","2010-11",,"-6.7","21.7",,"5.5","12.2","-1.1"
"USC00203504","GULL LAKE BIOLOGICAL STATION, MI US","42.3941","-85.385","281.9","2010-12",,"-15.0","8.3",,"-4.3","-0.2","-8.4"
"USW00014804","MOUNT CLEMENS ANG BASE, MI US","42.6083","-82.8183","176.8","2010-07","298.6","9.4","35.0","3.1","23.9","29.4","18.4"
"USW00014804","MOUNT CLEMENS ANG BASE, MI US","42.6083","-82.8183","176.8","2010-08","450.0","11.1","33.3","3.9","23.2","28.5","17.9"
"USW00014804","MOUNT CLEMENS ANG BASE, MI US","42.6083","-82.8183","176.8","2010-09","485.5","7.2","32.2","73.6","17.2","22.4","12.0"
"USW00014804","MOUNT CLEMENS ANG BASE, MI US","42.6083","-82.8183","176.8","2010-10","485.5","-1.1","25.6","271.6","11.9","17.1","6.7"
"USW00014804","MOUNT CLEMENS ANG BASE, MI US","42.6083","-82.8183","176.8","2010-11","485.5","-3.9","17.8","685.7","4.5","9.6","-0.5"
"USW00014804","MOUNT CLEMENS ANG BASE, MI US","42.6083","-82.8183","176.8","2010-12","485.5","-13.9","9.4","1372.7","-3.8","-0.9","-6.7"
"USC00203628","HARRISVILLE STATE PARK, MI US","44.64975","-83.29585","186.5","2010-07","109.7","8.9","31.1","7.0","20.9","25.7","16.0"
"USC00203628","HARRISVILLE STATE PARK, MI US","44.64975","-83.29585","186.5","2010-08","197.4","9.4","33.9","14.0","20.9","25.9","16.0"
"USC00203628","HARRISVILLE STATE PARK, MI US","44.64975","-83.29585","186.5","2010-09","216.6","5.0","32.8","136.2","14.9","19.9","9.9"
"USC00203628","HARRISVILLE STATE PARK, MI US","44.64975","-83.29585","186.5","2010-10","216.6","-1.7","25.6","407.2","9.6","14.6","4.5"
"USC00203628","HARRISVILLE STATE PARK, MI US","44.64975","-83.29585","186.5","2010-11","216.6","-5.6","13.3","860.1","3.2","6.8","-0.4"
"USC00203628","HARRISVILLE STATE PARK, MI US","44.64975","-83.29585","186.5","2010-12","216.6","-16.1","9.4","1565.6","-4.4","-1.6","-7.2"
"USC00205807","NEW BALTIMORE 5 SW, MI US","42.6502","-82.8044","173.7","2010-07",,,,,,,
"USC00205807","NEW BALTIMORE 5 SW, MI US","42.6502","-82.8044","173.7","2010-08",,,,,,,
"USC00205807","NEW BALTIMORE 5 SW, MI US","42.6502","-82.8044","173.7","2010-09",,,,,,,
"USC00205807","NEW BALTIMORE 5 SW, MI US","42.6502","-82.8044","173.7","2010-10",,,,,,,
"USC00205807","NEW BALTIMORE 5 SW, MI US","42.6502","-82.8044","173.7","2010-11",,,,,,,
"USC00205807","NEW BALTIMORE 5 SW, MI US","42.6502","-82.8044","173.7","2010-12",,,,,,,
"USR0000MWDO","WINDIGO MICHIGAN, MI US","47.9117","-89.1547","213.4","2010-07",,"11.1","30.0","5.0","20.8","26.0","15.6"
"USR0000MWDO","WINDIGO MICHIGAN, MI US","47.9117","-89.1547","213.4","2010-08",,"10.0","30.6","29.5","20.0","24.5","15.4"
"USR0000MWDO","WINDIGO MICHIGAN, MI US","47.9117","-89.1547","213.4","2010-09",,"5.0","21.1","239.0","11.4","14.8","7.9"
"USR0000MWDO","WINDIGO MICHIGAN, MI US","47.9117","-89.1547","213.4","2010-10",,"0.0","24.4","532.9","8.9","12.3","5.4"
"USR0000MWDO","WINDIGO MICHIGAN, MI US","47.9117","-89.1547","213.4","2010-11",,"-13.3","12.2","1003.8","1.4","4.2","-1.5"
"USC00200230","ANN ARBOR U OF MICH, MI US","42.29806","-83.66388","247.8","2010-07","332.5","9.4","34.4","2.0","24.1","29.9","18.3"
"USC00200230","ANN ARBOR U OF MICH, MI US","42.29806","-83.66388","247.8","2010-08","493.5","10.0","33.9","3.4","23.5","29.0","18.0"
"USC00200230","ANN ARBOR U OF MICH, MI US","42.29806","-83.66388","247.8","2010-09","540.6","5.6","32.2","63.4","17.9","23.4","12.4"
"USC00200230","ANN ARBOR U OF MICH, MI US","42.29806","-83.66388","247.8","2010-10","543.4","-0.6","28.9","236.8","12.8","19.0","6.5"
"USC00200230","ANN ARBOR U OF MICH, MI US","42.29806","-83.66388","247.8","2010-11","543.4","-5.0","18.9","629.6","5.2","10.5","0.0"
"USC00200230","ANN ARBOR U OF MICH, MI US","42.29806","-83.66388","247.8","2010-12","543.4","-14.4","9.4","1314.4","-3.8","-0.8","-6.7"
"USC00204954","LUDINGTON, MI US","43.9066","-86.3942","210.3","2010-07","151.7","7.2","30.6","4.7","21.4","26.8","16.1"
"USC00204954","LUDINGTON, MI US","43.9066","-86.3942","210.3","2010-08","243.6","10.6","32.8","9.7","21.2","26.3","16.2"
"USC00204954","LUDINGTON, MI US","43.9066","-86.3942","210.3","2010-09","253.7","2.2","26.1","131.6","14.4","19.2","9.6"
"USC00204954","LUDINGTON, MI US","43.9066","-86.3942","210.3","2010-10","253.7","-2.2","21.7","397.9","9.7","14.9","4.6"
"USC00204954","LUDINGTON, MI US","43.9066","-86.3942","210.3","2010-11","253.7","-8.3","17.2","813.8","4.0","8.5","-0.5"
"USC00204954","LUDINGTON, MI US","43.9066","-86.3942","210.3","2010-12","253.7","-18.3","12.8","1479.9","-3.9","-0.9","-6.8"
"USC00203744","HERMAN, MI US","46.6653","-88.3772","523.3","2010-07","75.7","2.8","31.1","23.4","19.0","25.1","13.0"
"USC00203744","HERMAN, MI US","46.6653","-88.3772","523.3","2010-08","134.6","3.9","30.6","68.1","18.8","24.8","12.8"
"USC00203744","HERMAN, MI US","46.6653","-88.3772","523.3","2010-09","136.6","-1.7","25.0","306.3","10.2","15.9","4.4"
"USC00203744","HERMAN, MI US","46.6653","-88.3772","523.3","2010-10","136.6","-3.9","25.6","649.8","7.3","13.1","1.4"
"USC00203744","HERMAN, MI US","46.6653","-88.3772","523.3","2010-11","136.6","-16.1","15.6","1206.1","-0.2","3.9","-4.4"
"USC00203744","HERMAN, MI US","46.6653","-88.3772","523.3","2010-12","136.6","-28.3","4.4","2054.6","-9.0","-5.4","-12.7"
"US1MIGN0007","LINDEN 0.8 NNW, MI US","42.830532","-83.78516","267.3","2010-08",,,,,,,
"US1MIGN0007","LINDEN 0.8 NNW, MI US","42.830532","-83.78516","267.3","2010-09",,,,,,,
"US1MIGN0007","LINDEN 0.8 NNW, MI US","42.830532","-83.78516","267.3","2010-10",,,,,,,
"US1MIGN0007","LINDEN 0.8 NNW, MI US","42.830532","-83.78516","267.3","2010-11",,,,,,,
"US1MIGN0007","LINDEN 0.8 NNW, MI US","42.830532","-83.78516","267.3","2010-12",,,,,,,
"US1MIIC0003","EAST TAWAS 0.8 WSW, MI US","44.2832232","-83.4992036","179.8","2010-07",,,,,,,
"US1MIIC0003","EAST TAWAS 0.8 WSW, MI US","44.2832232","-83.4992036","179.8","2010-08",,,,,,,
"US1MIIC0003","EAST TAWAS 0.8 WSW, MI US","44.2832232","-83.4992036","179.8","2010-09",,,,,,,
"US1MIIC0003","EAST TAWAS 0.8 WSW, MI US","44.2832232","-83.4992036","179.8","2010-10",,,,,,,
"US1MIIC0003","EAST TAWAS 0.8 WSW, MI US","44.2832232","-83.4992036","179.8","2010-11",,,,,,,
"US1MIIC0003","EAST TAWAS 0.8 WSW, MI US","44.2832232","-83.4992036","179.8","2010-12",,,,,,,
"USC00200234","ARNOLD 2 N, MI US","46.07511","-87.48987","338.6","2010-09",,,,,,,
"USC00200234","ARNOLD 2 N, MI US","46.07511","-87.48987","338.6","2010-10",,,,,,,
"USC00200234","ARNOLD 2 N, MI US","46.07511","-87.48987","338.6","2010-11",,,,,,,
"USC00200234","ARNOLD 2 N, MI US","46.07511","-87.48987","338.6","2010-12",,,,,,,
"US1MICT0004","EAGLE 3.0 ENE, MI US","42.82838","-84.737898","244.4","2010-08",,,,,,,
"US1MIKN0035","WYOMING 2.6 NNW, MI US","42.927321","-85.720931","185.9","2010-07",,,,,,,
"US1MICT0001","LAINGSBURG 5.0 SW, MI US","42.8402777","-84.4197222","247.2","2010-08",,,,,,,
"US1MICT0001","LAINGSBURG 5.0 SW, MI US","42.8402777","-84.4197222","247.2","2010-09",,,,,,,
"US1MICT0001","LAINGSBURG 5.0 SW, MI US","42.8402777","-84.4197222","247.2","2010-10",,,,,,,
"US1MICT0001","LAINGSBURG 5.0 SW, MI US","42.8402777","-84.4197222","247.2","2010-11",,,,,,,
"US1MICT0001","LAINGSBURG 5.0 SW, MI US","42.8402777","-84.4197222","247.2","2010-12",,,,,,,
"US1MICT0002","HASLETT 1.2 N, MI US","42.76997","-84.40314","263.0","2010-07",,,,,,,
"US1MICT0002","HASLETT 1.2 N, MI US","42.76997","-84.40314","263.0","2010-08",,,,,,,
"US1MICT0002","HASLETT 1.2 N, MI US","42.76997","-84.40314","263.0","2010-09",,,,,,,
"US1MICT0002","HASLETT 1.2 N, MI US","42.76997","-84.40314","263.0","2010-10",,,,,,,
"US1MICT0002","HASLETT 1.2 N, MI US","42.76997","-84.40314","263.0","2010-11",,,,,,,
"US1MICT0002","HASLETT 1.2 N, MI US","42.76997","-84.40314","263.0","2010-12",,,,,,,
"US1MIKN0031","BYRON CENTER 2.9 NE, MI US","42.841573","-85.683517","217.6","2010-07",,,,,,,
"US1MIKN0031","BYRON CENTER 2.9 NE, MI US","42.841573","-85.683517","217.6","2010-08",,,,,,,
"US1MIKN0031","BYRON CENTER 2.9 NE, MI US","42.841573","-85.683517","217.6","2010-09",,,,,,,
"US1MIKN0031","BYRON CENTER 2.9 NE, MI US","42.841573","-85.683517","217.6","2010-10",,,,,,,
"US1MIKN0031","BYRON CENTER 2.9 NE, MI US","42.841573","-85.683517","217.6","2010-11",,,,,,,
"US1MIKN0031","BYRON CENTER 2.9 NE, MI US","42.841573","-85.683517","217.6","2010-12",,,,,,,
"US1MICT0003","DE WITT 1.2 W, MI US","42.832602","-84.598212","244.1","2010-07",,,,,,,
"US1MICT0003","DE WITT 1.2 W, MI US","42.832602","-84.598212","244.1","2010-08",,,,,,,
"US1MICT0003","DE WITT 1.2 W, MI US","42.832602","-84.598212","244.1","2010-09",,,,,,,
"US1MICT0003","DE WITT 1.2 W, MI US","42.832602","-84.598212","244.1","2010-10",,,,,,,
"US1MICT0003","DE WITT 1.2 W, MI US","42.832602","-84.598212","244.1","2010-11",,,,,,,
"USC00209188","YALE 1 NNW, MI US","43.1447","-82.8011","249.9","2010-07","197.2","6.1","35.0","9.7","22.5","29.0","15.9"
"USC00209188","YALE 1 NNW, MI US","43.1447","-82.8011","249.9","2010-08","295.6","8.3","34.4","14.5","21.7","28.6","14.7"
"USC00209188","YALE 1 NNW, MI US","43.1447","-82.8011","249.9","2010-09","321.1","2.8","33.3","118.6","15.7","22.3","9.0"
"USC00209188","YALE 1 NNW, MI US","43.1447","-82.8011","249.9","2010-10","321.1","-0.6","25.0","354.8","10.7","16.8","4.6"
"USC00209188","YALE 1 NNW, MI US","43.1447","-82.8011","249.9","2010-11","321.1","-6.1","17.8","775.6","3.3","9.1","-2.5"
"USC00209188","YALE 1 NNW, MI US","43.1447","-82.8011","249.9","2010-12","321.1","-15.6","11.7","1496.2","-4.9","-1.9","-7.9"
"US1MICF0005","FREDERIC 5.5 NNE, MI US","44.8365","-84.7298","390.1","2010-11",,,,,,,
"US1MICF0005","FREDERIC 5.5 NNE, MI US","44.8365","-84.7298","390.1","2010-12",,,,,,,
"USW00014822","DETROIT CITY AIRPORT, MI US","42.40725","-83.00899","189.8","2010-07","364.9","12.2","35.0","0.0","24.9","29.9","20.0"
"USW00014822","DETROIT CITY AIRPORT, MI US","42.40725","-83.00899","189.8","2010-08","550.9","12.8","33.9","0.0","24.3","29.0","19.6"
"USW00014822","DETROIT CITY AIRPORT, MI US","42.40725","-83.00899","189.8","2010-09","597.6","8.3","32.8","51.8","18.2","23.0","13.4"
"USW00014822","DETROIT CITY AIRPORT, MI US","42.40725","-83.00899","189.8","2010-10","597.9","1.1","26.7","225.8","12.7","17.6","7.9"
"USW00014822","DETROIT CITY AIRPORT, MI US","42.40725","-83.00899","189.8","2010-11","597.9","-3.3","17.2","616.0","5.3","10.1","0.6"
"USW00014822","DETROIT CITY AIRPORT, MI US","42.40725","-83.00899","189.8","2010-12","597.9","-13.3","12.2","1288.2","-3.4","-0.7","-6.0"
"US1MICF0003","GRAYLING 6.1 E, MI US","44.6557977","-84.5856645","343.8","2010-07",,,,,,,
"US1MICF0003","GRAYLING 6.1 E, MI US","44.6557977","-84.5856645","343.8","2010-08",,,,,,,
"US1MICF0003","GRAYLING 6.1 E, MI US","44.6557977","-84.5856645","343.8","2010-09",,,,,,,
"US1MICF0003","GRAYLING 6.1 E, MI US","44.6557977","-84.5856645","343.8","2010-10",,,,,,,
"US1MICF0003","GRAYLING 6.1 E, MI US","44.6557977","-84.5856645","343.8","2010-11",,,,,,,
"US1MICF0003","GRAYLING 6.1 E, MI US","44.6557977","-84.5856645","343.8","2010-12",,,,,,,
"US1MIKN0039","WYOMING 0.5 NNE, MI US","42.898951","-85.697975","209.1","2010-07",,,,,,,
"US1MIKN0039","WYOMING 0.5 NNE, MI US","42.898951","-85.697975","209.1","2010-08",,,,,,,
"US1MIKN0039","WYOMING 0.5 NNE, MI US","42.898951","-85.697975","209.1","2010-09",,,,,,,
"US1MIKN0039","WYOMING 0.5 NNE, MI US","42.898951","-85.697975","209.1","2010-10",,,,,,,
"US1MIKN0039","WYOMING 0.5 NNE, MI US","42.898951","-85.697975","209.1","2010-11",,,,,,,
"US1MIKN0039","WYOMING 0.5 NNE, MI US","42.898951","-85.697975","209.1","2010-12",,,,,,,
"USC00202788","FIFE LAKE 3 WSW, MI US","44.565","-85.4133","338.9","2010-07",,"3.9","33.3","5.0","22.4","28.9","16.0"
"USC00202788","FIFE LAKE 3 WSW, MI US","44.565","-85.4133","338.9","2010-08",,"6.7","33.3","10.6","22.2","28.7","15.8"
"USC00202788","FIFE LAKE 3 WSW, MI US","44.565","-85.4133","338.9","2010-09",,"1.1","27.2","135.0","14.5","20.1","8.9"
"USC00202788","FIFE LAKE 3 WSW, MI US","44.565","-85.4133","338.9","2010-10",,,,,,,
"USC00202788","FIFE LAKE 3 WSW, MI US","44.565","-85.4133","338.9","2010-12",,"-16.1","7.8",,"-4.3","-1.3","-7.4"
"USC00202427","EASTPOINTE, MI US","42.4588","-82.9438","182.9","2010-07","358.2","10.6","35.6","0.5","24.6","30.6","18.6"
"USC00202427","EASTPOINTE, MI US","42.4588","-82.9438","182.9","2010-08","533.5","11.7","34.4","0.5","24.0","29.6","18.4"
"USC00202427","EASTPOINTE, MI US","42.4588","-82.9438","182.9","2010-09","584.6","7.8","33.9","60.3","18.0","23.6","12.5"
"USC00202427","EASTPOINTE, MI US","42.4588","-82.9438","182.9","2010-10","585.2","0.6","27.2","235.8","12.7","18.5","6.9"
"USC00202427","EASTPOINTE, MI US","42.4588","-82.9438","182.9","2010-11","585.2","-3.3","16.7","644.7","4.7","9.9","-0.5"
"USC00202427","EASTPOINTE, MI US","42.4588","-82.9438","182.9","2010-12","585.2","-13.3","10.6","1314.1","-3.3","-0.2","-6.3"
"USW00014817","CADILLAC, MI US","44.2655","-85.3966","394.7","2010-07","158.7","3.9","31.7","8.3","21.4","27.9","14.9"
"USW00014817","CADILLAC, MI US","44.2655","-85.3966","394.7","2010-08","246.5","6.1","32.2","25.8","20.6","27.2","14.0"
"USW00014817","CADILLAC, MI US","44.2655","-85.3966","394.7","2010-09","258.1","0.0","30.0","183.5","13.3","19.4","7.2"
"USW00014817","CADILLAC, MI US","44.2655","-85.3966","394.7","2010-10","258.1","-3.9","23.9","495.8","8.3","15.1","1.4"
"USW00014817","CADILLAC, MI US","44.2655","-85.3966","394.7","2010-11","258.1","-7.2","18.3","963.2","2.8","7.7","-2.1"
"USW00014817","CADILLAC, MI US","44.2655","-85.3966","394.7","2010-12","258.1","-16.1","8.3","1700.6","-5.4","-2.1","-8.8"
"USC00204967","LUPTON 1 S, MI US","44.4199","-84.0232","276.8","2010-07","115.9","5.0","32.2","10.0","20.6","27.9","13.4"
"USC00204967","LUPTON 1 S, MI US","44.4199","-84.0232","276.8","2010-08","193.8","5.6","32.8","29.1","20.2","27.3","13.2"
"USC00204967","LUPTON 1 S, MI US","44.4199","-84.0232","276.8","2010-09","206.6","0.6","31.7","183.9","13.6","20.0","7.2"
"USC00204967","LUPTON 1 S, MI US","44.4199","-84.0232","276.8","2010-10","206.6","-3.3","26.1","477.2","8.6","16.4","0.8"
"USC00204967","LUPTON 1 S, MI US","44.4199","-84.0232","276.8","2010-11","206.6","-7.2","15.0","925.2","2.3","7.7","-3.0"
"USC00204967","LUPTON 1 S, MI US","44.4199","-84.0232","276.8","2010-12","206.6","-17.2","10.0","1602.5","-5.9","-2.2","-9.5"
"USC00202308","DUNDEE, MI US","41.9552","-83.6488","201.2","2010-07",,"11.1","35.0","1.1","24.8","30.9","18.6"
"USC00202308","DUNDEE, MI US","41.9552","-83.6488","201.2","2010-08",,"10.6","34.4","1.9","23.6","29.3","17.8"
"USC00202308","DUNDEE, MI US","41.9552","-83.6488","201.2","2010-09",,"7.2","33.9","55.4","18.3","24.1","12.4"
"USC00202308","DUNDEE, MI US","41.9552","-83.6488","201.2","2010-10",,"1.1","30.0","230.2","12.7","19.2","6.3"
"USC00202308","DUNDEE, MI US","41.9552","-83.6488","201.2","2010-11",,"-5.6","18.3","628.3","4.6","10.3","-1.0"
"USW00014815","BATTLE CREEK KELLOGG AIRPORT, MI US","42.31192","-85.24147","282.5","2010-07","320.5","10.0","33.3","1.4","23.9","29.3","18.4"
"USW00014815","BATTLE CREEK KELLOGG AIRPORT, MI US","42.31192","-85.24147","282.5","2010-08","473.4","9.4","33.3","3.6","23.2","28.3","18.1"
"USW00014815","BATTLE CREEK KELLOGG AIRPORT, MI US","42.31192","-85.24147","282.5","2010-09","505.5","5.6","31.1","70.3","17.2","22.1","12.2"
"USW00014815","BATTLE CREEK KELLOGG AIRPORT, MI US","42.31192","-85.24147","282.5","2010-10","509.4","-1.6","28.9","268.0","12.1","18.1","6.1"
"USW00014815","BATTLE CREEK KELLOGG AIRPORT, MI US","42.31192","-85.24147","282.5","2010-11","509.4","-6.6","21.7","661.0","5.2","10.6","-0.1"
"USW00014815","BATTLE CREEK KELLOGG AIRPORT, MI US","42.31192","-85.24147","282.5","2010-12","509.4","-14.3","12.2","1309.8","-4.0","-1.1","-7.0"
"USW00014814","ALPENA WASTEWATER PLANT, MI US","45.0605","-83.428","179.8","2010-07","162.5","8.9","33.3","4.7","22.3","27.3","17.2"
"USW00014814","ALPENA WASTEWATER PLANT, MI US","45.0605","-83.428","179.8","2010-08","268.2","10.6","34.4","13.2","21.5","26.2","16.8"
"USW00014814","ALPENA WASTEWATER PLANT, MI US","45.0605","-83.428","179.8","2010-09","284.9","5.0","32.8","134.5","14.9","19.6","10.1"
"USW00014814","ALPENA WASTEWATER PLANT, MI US","45.0605","-83.428","179.8","2010-10","284.9","-0.6","25.6","389.9","10.1","15.4","4.8"
"USW00014814","ALPENA WASTEWATER PLANT, MI US","45.0605","-83.428","179.8","2010-11","284.9","-6.1","13.3","833.7","3.5","6.9","0.2"
"USW00014814","ALPENA WASTEWATER PLANT, MI US","45.0605","-83.428","179.8","2010-12","284.9","-16.1","9.4","1525.6","-4.7","-2.2","-7.2"
"USC00203518","GWINN SHAG LAKE, MI US","46.2643","-87.5149","359.1","2010-07",,,,,,,
"USC00203518","GWINN SHAG LAKE, MI US","46.2643","-87.5149","359.1","2010-08",,,,,,,
"USC00203518","GWINN SHAG LAKE, MI US","46.2643","-87.5149","359.1","2010-09",,,,,,,
"USC00203518","GWINN SHAG LAKE, MI US","46.2643","-87.5149","359.1","2010-10",,,,,,,
"USC00203518","GWINN SHAG LAKE, MI US","46.2643","-87.5149","359.1","2010-11",,,,,,,
"USC00203518","GWINN SHAG LAKE, MI US","46.2643","-87.5149","359.1","2010-12",,,,,,,
"USC00203639","HARVEY, MI US","46.4907","-87.3544","195.1","2010-07",,,,,,,
"USC00203639","HARVEY, MI US","46.4907","-87.3544","195.1","2010-09",,,,,,,
"USC00203639","HARVEY, MI US","46.4907","-87.3544","195.1","2010-12",,,,,,,
"USC00200361","AUBURN 2 NE, MI US","43.6252","-84.0188","184.4","2010-07","230.4","6.7","33.9","1.7","22.8","29.4","16.2"
"USC00200361","AUBURN 2 NE, MI US","43.6252","-84.0188","184.4","2010-08","352.6","7.8","34.4","3.1","22.5","29.2","15.8"
"USC00200361","AUBURN 2 NE, MI US","43.6252","-84.0188","184.4","2010-09","379.2","0.0","33.9","105.5","15.6","22.4","8.8"
"USC00200361","AUBURN 2 NE, MI US","43.6252","-84.0188","184.4","2010-10","379.2","-2.2","26.1","337.5","10.5","17.3","3.7"
"USC00200361","AUBURN 2 NE, MI US","43.6252","-84.0188","184.4","2010-11",,,,,,,
"USC00200361","AUBURN 2 NE, MI US","43.6252","-84.0188","184.4","2010-12",,"-16.1","12.8",,"-4.4","-0.3","-8.5"
"USC00205810","NEWBERRY 1 N, MI US","46.3724","-85.5089","219.5","2010-07","61.9","4.4","30.0","25.7","18.9","25.5","12.3"
"USC00205810","NEWBERRY 1 N, MI US","46.3724","-85.5089","219.5","2010-08","121.1","4.4","31.1","72.9","18.7","25.3","12.1"
"USC00205810","NEWBERRY 1 N, MI US","46.3724","-85.5089","219.5","2010-09","126.4","0.6","26.7","279.0","11.6","17.6","5.6"
"USC00205810","NEWBERRY 1 N, MI US","46.3724","-85.5089","219.5","2010-10","126.4","-2.2","25.0","611.2","7.6","14.3","1.0"
"USC00205810","NEWBERRY 1 N, MI US","46.3724","-85.5089","219.5","2010-11","126.4","-12.2","13.9","1117.1","0.9","5.6","-3.8"
"USC00205810","NEWBERRY 1 N, MI US","46.3724","-85.5089","219.5","2010-12","126.4","-16.1","7.2","1886.7","-6.5","-2.6","-10.4"
"USC00203632","HART 3 WSW, MI US","43.6751","-86.4228","236.2","2010-07","213.7","7.8","31.1","5.8","22.6","28.2","16.9"
"USC00203632","HART 3 WSW, MI US","43.6751","-86.4228","236.2","2010-08","337.9","8.3","32.2","9.8","22.2","27.8","16.7"
"USC00203632","HART 3 WSW, MI US","43.6751","-86.4228","236.2","2010-09",,,,,,,
"USC00203632","HART 3 WSW, MI US","43.6751","-86.4228","236.2","2010-10",,"-1.7","24.4",,"10.4","17.1","3.7"
"USC00203632","HART 3 WSW, MI US","43.6751","-86.4228","236.2","2010-11",,"-6.7","18.3",,"4.3","8.8","-0.1"
"USC00203632","HART 3 WSW, MI US","43.6751","-86.4228","236.2","2010-12",,"-18.9","9.4",,"-3.9","-0.8","-6.9"
"USC00202423","EAST TAWAS, MI US","44.2838","-83.5036","178.6","2010-07","171.0","6.7","32.8","6.7","21.8","27.4","16.2"
"USC00202423","EAST TAWAS, MI US","44.2838","-83.5036","178.6","2010-08","284.5","8.3","33.3","12.2","21.8","27.5","16.1"
"USC00202423","EAST TAWAS, MI US","44.2838","-83.5036","178.6","2010-09","305.0","3.3","33.3","128.7","15.1","20.9","9.4"
"USC00202423","EAST TAWAS, MI US","44.2838","-83.5036","178.6","2010-10","305.0","-1.7","26.7","394.9","9.8","16.4","3.1"
"USC00202423","EAST TAWAS, MI US","44.2838","-83.5036","178.6","2010-11","305.0","-6.7","14.4","849.2","3.2","8.0","-1.6"
"USC00202423","EAST TAWAS, MI US","44.2838","-83.5036","178.6","2010-12","305.0","-16.1","10.6","1541.2","-4.0","-0.6","-7.4"
"US1MIKZ0012","GALESBURG 1.3 N, MI US","42.3067543","-85.4145595","260.6","2010-08",,,,,,,
"US1MIKZ0012","GALESBURG 1.3 N, MI US","42.3067543","-85.4145595","260.6","2010-09",,,,,,,
"US1MIKZ0012","GALESBURG 1.3 N, MI US","42.3067543","-85.4145595","260.6","2010-10",,,,,,,
"US1MIKZ0012","GALESBURG 1.3 N, MI US","42.3067543","-85.4145595","260.6","2010-11",,,,,,,
"US1MIKZ0012","GALESBURG 1.3 N, MI US","42.3067543","-85.4145595","260.6","2010-12",,,,,,,
"US1MIKN0048","KENTWOOD 1.6 WSW, MI US","42.874211","-85.622056","227.1","2010-07",,,,,,,
"US1MIKN0048","KENTWOOD 1.6 WSW, MI US","42.874211","-85.622056","227.1","2010-08",,,,,,,
"US1MIKN0048","KENTWOOD 1.6 WSW, MI US","42.874211","-85.622056","227.1","2010-09",,,,,,,
"US1MIKN0048","KENTWOOD 1.6 WSW, MI US","42.874211","-85.622056","227.1","2010-10",,,,,,,
"US1MIKN0048","KENTWOOD 1.6 WSW, MI US","42.874211","-85.622056","227.1","2010-11",,,,,,,
"US1MIKN0048","KENTWOOD 1.6 WSW, MI US","42.874211","-85.622056","227.1","2010-12",,,,,,,
"US1MIKZ0011","KALAMAZOO 2.3 NE, MI US","42.301414","-85.561363","255.4","2010-07",,,,,,,
"US1MIKZ0011","KALAMAZOO 2.3 NE, MI US","42.301414","-85.561363","255.4","2010-08",,,,,,,
"US1MIKZ0011","KALAMAZOO 2.3 NE, MI US","42.301414","-85.561363","255.4","2010-09",,,,,,,
"US1MIKZ0011","KALAMAZOO 2.3 NE, MI US","42.301414","-85.561363","255.4","2010-10",,,,,,,
"US1MIKZ0011","KALAMAZOO 2.3 NE, MI US","42.301414","-85.561363","255.4","2010-11",,,,,,,
"US1MIKZ0011","KALAMAZOO 2.3 NE, MI US","42.301414","-85.561363","255.4","2010-12",,,,,,,
"US1MIKN0049","CALEDONIA 2.6 NNW, MI US","42.826924","-85.538196","246.3","2010-08",,,,,,,
"US1MIKN0049","CALEDONIA 2.6 NNW, MI US","42.826924","-85.538196","246.3","2010-09",,,,,,,
"US1MIKN0042","SPARTA 2.8 W, MI US","43.16158","-85.76498","249.3","2010-07",,,,,,,
"US1MIKN0042","SPARTA 2.8 W, MI US","43.16158","-85.76498","249.3","2010-08",,,,,,,
"US1MIKN0042","SPARTA 2.8 W, MI US","43.16158","-85.76498","249.3","2010-09",,,,,,,
"US1MIKN0042","SPARTA 2.8 W, MI US","43.16158","-85.76498","249.3","2010-10",,,,,,,
"US1MIKN0042","SPARTA 2.8 W, MI US","43.16158","-85.76498","249.3","2010-11",,,,,,,
"US1MIKN0043","CALEDONIA 4.4 WNW, MI US","42.825262288","-85.589418411","232.3","2010-07",,,,,,,
"US1MIKN0043","CALEDONIA 4.4 WNW, MI US","42.825262288","-85.589418411","232.3","2010-08",,,,,,,
"US1MIKN0043","CALEDONIA 4.4 WNW, MI US","42.825262288","-85.589418411","232.3","2010-09",,,,,,,
"US1MIKN0043","CALEDONIA 4.4 WNW, MI US","42.825262288","-85.589418411","232.3","2010-11",,,,,,,
"USW00014833","JACKSON REYNOLDS FIELD, MI US","42.26373","-84.45644","295.9","2010-07","273.0","8.3","33.3","2.8","23.2","29.0","17.4"
"USW00014833","JACKSON REYNOLDS FIELD, MI US","42.26373","-84.45644","295.9","2010-08","399.0","8.3","32.8","6.7","22.3","27.7","16.8"
"USW00014833","JACKSON REYNOLDS FIELD, MI US","42.26373","-84.45644","295.9","2010-09","429.5","4.4","31.1","86.1","16.7","22.1","11.3"
"USW00014833","JACKSON REYNOLDS FIELD, MI US","42.26373","-84.45644","295.9","2010-10","431.2","-1.1","28.3","283.4","11.8","18.2","5.4"
"USW00014833","JACKSON REYNOLDS FIELD, MI US","42.26373","-84.45644","295.9","2010-11","431.2","-6.7","20.6","690.4","4.8","10.3","-0.8"
"USW00014833","JACKSON REYNOLDS FIELD, MI US","42.26373","-84.45644","295.9","2010-12","431.2","-15.6","13.3","1363.3","-4.1","-1.0","-7.2"
"US1MISJ0002","WHITE PIGEON 3.4 ESE, MI US","41.7778","-85.5833","248.4","2010-12",,,,,,,
"US1MIOK0018","ORTONVILLE 2.4 WSW, MI US","42.83907","-83.48824","313.0","2010-08",,,,,,,
"US1MIOK0018","ORTONVILLE 2.4 WSW, MI US","42.83907","-83.48824","313.0","2010-09",,,,,,,
"USC00203769","HESPERIA 4 WNW, MI US","43.5908","-86.1056","237.7","2010-07","207.2","5.6","32.2","6.1","22.0","28.7","15.3"
"USC00203769","HESPERIA 4 WNW, MI US","43.5908","-86.1056","237.7","2010-08","316.4","5.6","33.3","15.0","21.6","28.4","14.7"
"USC00203769","HESPERIA 4 WNW, MI US","43.5908","-86.1056","237.7","2010-09","337.8","2.2","30.6","137.6","15.0","21.4","8.6"
"USC00203769","HESPERIA 4 WNW, MI US","43.5908","-86.1056","237.7","2010-10","337.8","-4.4","26.1","406.9","9.6","17.6","1.7"
"USC00203769","HESPERIA 4 WNW, MI US","43.5908","-86.1056","237.7","2010-11","337.8","-7.2","18.3","837.6","4.0","9.6","-1.6"
"USC00203769","HESPERIA 4 WNW, MI US","43.5908","-86.1056","237.7","2010-12","337.8","-18.3","9.4","1531.0","-4.0","0.1","-8.1"
"USC00201468","CHARLEVOIX, MI US","45.3172","-85.2672","180.7","2010-07","150.0","10.6","33.3","6.4","21.7","25.7","17.7"
"USC00201468","CHARLEVOIX, MI US","45.3172","-85.2672","180.7","2010-08","270.0","11.7","32.8","10.2","22.1","26.3","17.9"
"USC00201468","CHARLEVOIX, MI US","45.3172","-85.2672","180.7","2010-09","286.9","5.6","32.2","111.9","15.5","19.6","11.4"
"USC00201468","CHARLEVOIX, MI US","45.3172","-85.2672","180.7","2010-10","286.9","0.6","22.2","347.1","10.8","14.8","6.7"
"USC00201468","CHARLEVOIX, MI US","45.3172","-85.2672","180.7","2010-11","286.9","-6.1","17.2","761.1","4.5","8.3","0.8"
"USC00201468","CHARLEVOIX, MI US","45.3172","-85.2672","180.7","2010-12","286.9","-10.6","10.0","1407.8","-2.5","-0.1","-4.9"
"US1MIOK0014","FARMINGTON HILLS 2.3 SSW, MI US","42.456454","-83.398073","224.3","2010-07",,,,,,,
"US1MIOK0014","FARMINGTON HILLS 2.3 SSW, MI US","42.456454","-83.398073","224.3","2010-09",,,,,,,
"US1MIOK0014","FARMINGTON HILLS 2.3 SSW, MI US","42.456454","-83.398073","224.3","2010-10",,,,,,,
"US1MIOK0014","FARMINGTON HILLS 2.3 SSW, MI US","42.456454","-83.398073","224.3","2010-11",,,,,,,
"US1MIOK0013","PLEASANT RIDGE 0.5 WNW, MI US","42.472465","-83.153615","200.3","2010-07",,,,,,,
"US1MIOK0013","PLEASANT RIDGE 0.5 WNW, MI US","42.472465","-83.153615","200.3","2010-09",,,,,,,
"US1MIOK0013","PLEASANT RIDGE 0.5 WNW, MI US","42.472465","-83.153615","200.3","2010-10",,,,,,,
"US1MIOK0013","PLEASANT RIDGE 0.5 WNW, MI US","42.472465","-83.153615","200.3","2010-11",,,,,,,
"US1MIOK0013","PLEASANT RIDGE 0.5 WNW, MI US","42.472465","-83.153615","200.3","2010-12",,,,,,,
"USW00014828","GLADWIN, MI US","43.9758","-84.4908","236.2","2010-07","198.3","7.2","32.2","5.6","22.0","28.7","15.3"
"USW00014828","GLADWIN, MI US","43.9758","-84.4908","236.2","2010-08","306.4","7.2","33.9","12.5","21.6","28.3","14.9"
"USW00014828","GLADWIN, MI US","43.9758","-84.4908","236.2","2010-09","322.8","2.2","32.2","138.2","14.7","20.9","8.4"
"USW00014828","GLADWIN, MI US","43.9758","-84.4908","236.2","2010-10","322.8","-2.2","26.1","397.3","10.0","16.9","3.1"
"USW00014828","GLADWIN, MI US","43.9758","-84.4908","236.2","2010-11","322.8","-6.1","16.7","860.5","2.9","8.3","-2.5"
"USW00014828","GLADWIN, MI US","43.9758","-84.4908","236.2","2010-12","322.8","-15.0","10.6","1575.8","-4.7","-1.1","-8.3"
"US1MIOK0012","WEST BLOOMFIELD TOWNSHIP 2.8 SE, MI US","42.53805","-83.347558","268.2","2010-08",,,,,,,
"USW00014826","FLINT FCWOS, MI US","42.96684","-83.74996","234.8","2010-07","282.5","8.3","34.4","3.1","23.5","29.6","17.4"
"USW00014826","FLINT FCWOS, MI US","42.96684","-83.74996","234.8","2010-08","433.3","8.9","34.4","4.5","23.1","29.6","16.7"
"USW00014826","FLINT FCWOS, MI US","42.96684","-83.74996","234.8","2010-09","462.4","3.3","32.2","88.4","16.5","22.0","11.0"
"USW00014826","FLINT FCWOS, MI US","42.96684","-83.74996","234.8","2010-10","462.4","-4.4","25.0","312.2","11.1","17.2","5.0"
"USW00014826","FLINT FCWOS, MI US","42.96684","-83.74996","234.8","2010-11","462.4","-6.7","20.0","728.6","4.4","10.3","-1.4"
"USW00014826","FLINT FCWOS, MI US","42.96684","-83.74996","234.8","2010-12","462.4","-18.9","12.8","1430.0","-4.3","-1.1","-7.5"
"USC00203529","HALE LOUD DAM, MI US","44.4633","-83.7216","221.9","2010-07","135.5","6.1","32.2","6.7","21.4","27.9","15.0"
"USC00203529","HALE LOUD DAM, MI US","44.4633","-83.7216","221.9","2010-08","225.2","7.8","32.8","16.8","21.1","27.6","14.6"
"USC00203529","HALE LOUD DAM, MI US","44.4633","-83.7216","221.9","2010-09","239.6","2.8","31.7","130.2","14.9","21.6","8.2"
"USC00203529","HALE LOUD DAM, MI US","44.4633","-83.7216","221.9","2010-10","239.6","-2.8","25.0","402.0","9.6","18.3","0.8"
"USC00203529","HALE LOUD DAM, MI US","44.4633","-83.7216","221.9","2010-11","239.6","-7.2","17.2","781.8","3.8","11.6","-4.0"
"USC00203529","HALE LOUD DAM, MI US","44.4633","-83.7216","221.9","2010-12","239.6","-16.7","10.6","1386.7","-4.2","1.0","-9.4"
"US1MIKZ0009","KALAMAZOO 5.6 E, MI US","42.26897","-85.47888","260.9","2010-09",,,,,,,
"US1MIKZ0009","KALAMAZOO 5.6 E, MI US","42.26897","-85.47888","260.9","2010-10",,,,,,,
"US1MIKZ0008","KALAMAZOO 3.0 WNW, MI US","42.290483","-85.642516","285.9","2010-07",,,,,,,
"US1MIKZ0008","KALAMAZOO 3.0 WNW, MI US","42.290483","-85.642516","285.9","2010-08",,,,,,,
"US1MIKZ0008","KALAMAZOO 3.0 WNW, MI US","42.290483","-85.642516","285.9","2010-09",,,,,,,
"US1MIKZ0008","KALAMAZOO 3.0 WNW, MI US","42.290483","-85.642516","285.9","2010-10",,,,,,,
"US1MIKZ0008","KALAMAZOO 3.0 WNW, MI US","42.290483","-85.642516","285.9","2010-11",,,,,,,
"USC00200495","BARAGA 5 W, MI US","46.7953","-88.6014","236.5","2010-07","112.4","2.2","32.8","10.6","20.5","27.8","13.2"
"USC00200495","BARAGA 5 W, MI US","46.7953","-88.6014","236.5","2010-08","206.1","5.0","33.3","33.5","20.6","27.4","13.9"
"USC00200495","BARAGA 5 W, MI US","46.7953","-88.6014","236.5","2010-09","211.1","-2.8","30.0","253.9","11.2","17.8","4.5"
"USC00200495","BARAGA 5 W, MI US","46.7953","-88.6014","236.5","2010-10","211.1","-7.2","27.8","568.3","8.2","15.5","0.9"
"USC00200495","BARAGA 5 W, MI US","46.7953","-88.6014","236.5","2010-11",,,,,,,
"US1MIKZ0006","WESTERN MICHIGAN UNIVERSITY, MI US","42.283","-85.615","271.9","2010-12",,,,,,,
"USC00200497","BARAGA 7 NW, MI US","46.8208","-88.6064","198.7","2010-07",,"3.9","33.9","9.2","20.9","28.1","13.6"
"USC00200497","BARAGA 7 NW, MI US","46.8208","-88.6064","198.7","2010-08",,,,,,,
"USC00200497","BARAGA 7 NW, MI US","46.8208","-88.6064","198.7","2010-09",,,,,,,
"USC00200497","BARAGA 7 NW, MI US","46.8208","-88.6064","198.7","2010-10",,"-5.0","27.2",,"9.0","16.2","1.7"
"USC00200497","BARAGA 7 NW, MI US","46.8208","-88.6064","198.7","2010-11",,"-14.4","17.2",,"1.4","6.4","-3.5"
"USC00200497","BARAGA 7 NW, MI US","46.8208","-88.6064","198.7","2010-12",,"-25.6","7.2",,"-6.2","-1.8","-10.6"
"USC00201343","CASEVILLE, MI US","43.9416","-83.2669","181.4","2010-07","237.4","10.0","33.9","2.5","23.1","28.4","17.8"
"USC00201343","CASEVILLE, MI US","43.9416","-83.2669","181.4","2010-08","361.7","8.9","33.9","6.9","22.3","27.9","16.8"
"USC00201343","CASEVILLE, MI US","43.9416","-83.2669","181.4","2010-09","387.0","7.2","32.8","69.6","16.8","21.4","12.1"
"USC00201343","CASEVILLE, MI US","43.9416","-83.2669","181.4","2010-10","387.0","-3.9","22.8","282.6","11.0","15.3","6.7"
"USC00201343","CASEVILLE, MI US","43.9416","-83.2669","181.4","2010-11","387.0","-3.9","17.2","672.5","4.1","8.6","-0.5"
"USC00201343","CASEVILLE, MI US","43.9416","-83.2669","181.4","2010-12","387.0","-12.8","9.4","1268.6","-3.1","-0.9","-5.3"
"USC00205822","NEWPORT 4 SSE, MI US","41.9497","-83.28","176.2","2010-07","352.6","8.9","35.6","1.7","24.6","30.9","18.3"
"USC00205822","NEWPORT 4 SSE, MI US","41.9497","-83.28","176.2","2010-08","522.3","11.1","34.4","1.7","23.8","29.6","18.1"
"USC00205822","NEWPORT 4 SSE, MI US","41.9497","-83.28","176.2","2010-09","583.8","7.2","33.9","47.6","18.9","24.4","13.3"
"USC00205822","NEWPORT 4 SSE, MI US","41.9497","-83.28","176.2","2010-10","586.3","0.6","30.6","219.4","12.9","19.2","6.6"
"USC00205822","NEWPORT 4 SSE, MI US","41.9497","-83.28","176.2","2010-11","586.3","-6.1","15.6","626.8","4.8","10.6","-1.1"
"USC00205822","NEWPORT 4 SSE, MI US","41.9497","-83.28","176.2","2010-12","586.3","-13.3","11.1","1302.3","-3.5","-0.3","-6.6"
"US1MIKZ0001","KALAMAZOO 6.0 SW, MI US","42.206126","-85.658962","274.0","2010-07",,,,,,,
"US1MIKZ0001","KALAMAZOO 6.0 SW, MI US","42.206126","-85.658962","274.0","2010-08",,,,,,,
"US1MIKZ0001","KALAMAZOO 6.0 SW, MI US","42.206126","-85.658962","274.0","2010-09",,,,,,,
"US1MIKZ0001","KALAMAZOO 6.0 SW, MI US","42.206126","-85.658962","274.0","2010-12",,,,,,,
"US1MIOT0006","GAYLORD 5.0 WNW, MI US","45.053056","-84.770833","357.8","2010-07",,,,,,,
"US1MIOT0006","GAYLORD 5.0 WNW, MI US","45.053056","-84.770833","357.8","2010-08",,,,,,,
"US1MIOT0006","GAYLORD 5.0 WNW, MI US","45.053056","-84.770833","357.8","2010-09",,,,,,,
"US1MIOT0006","GAYLORD 5.0 WNW, MI US","45.053056","-84.770833","357.8","2010-10",,,,,,,
"US1MIOT0006","GAYLORD 5.0 WNW, MI US","45.053056","-84.770833","357.8","2010-11",,,,,,,
"US1MIOT0007","GAYLORD 1.8 ESE, MI US","45.009317","-84.646769","397.8","2010-07",,,,,,,
"US1MIOT0007","GAYLORD 1.8 ESE, MI US","45.009317","-84.646769","397.8","2010-09",,,,,,,
"US1MIOT0007","GAYLORD 1.8 ESE, MI US","45.009317","-84.646769","397.8","2010-10",,,,,,,
"US1MIOT0007","GAYLORD 1.8 ESE, MI US","45.009317","-84.646769","397.8","2010-11",,,,,,,
"US1MIOT0007","GAYLORD 1.8 ESE, MI US","45.009317","-84.646769","397.8","2010-12",,,,,,,
"US1MIKN0056","GRAND RAPIDS 5.5 NNE, MI US","43.0309985","-85.6126616","220.1","2010-08",,,,,,,
"US1MIKN0056","GRAND RAPIDS 5.5 NNE, MI US","43.0309985","-85.6126616","220.1","2010-09",,,,,,,
"US1MIKN0056","GRAND RAPIDS 5.5 NNE, MI US","43.0309985","-85.6126616","220.1","2010-10",,,,,,,
"US1MIKN0056","GRAND RAPIDS 5.5 NNE, MI US","43.0309985","-85.6126616","220.1","2010-11",,,,,,,
"US1MIKN0056","GRAND RAPIDS 5.5 NNE, MI US","43.0309985","-85.6126616","220.1","2010-12",,,,,,,
"USC00202691","FARMINGTON, MI US","42.4669","-83.3625","219.5","2010-07","285.3","9.4","34.4","3.4","23.5","29.6","17.4"
"USC00202691","FARMINGTON, MI US","42.4669","-83.3625","219.5","2010-08","423.3","10.0","33.9","5.1","22.7","28.6","16.9"
"USC00202691","FARMINGTON, MI US","42.4669","-83.3625","219.5","2010-09","456.6","6.7","33.3","87.2","16.7","22.1","11.3"
"USC00202691","FARMINGTON, MI US","42.4669","-83.3625","219.5","2010-10","456.6","-0.6","25.6","300.0","11.5","17.2","5.7"
"USC00202691","FARMINGTON, MI US","42.4669","-83.3625","219.5","2010-11","456.6","-5.0","17.2","705.7","3.9","9.3","-1.6"
"USC00202691","FARMINGTON, MI US","42.4669","-83.3625","219.5","2010-12","456.6","-14.4","12.8","1400.5","-4.6","-1.4","-7.8"
"US1MIKN0053","ADA 1.8 W, MI US","42.949178","-85.526282","241.1","2010-07",,,,,,,
"USW00014845","SAGINAW MBS INTERNATIONAL AIRPORT, MI US","43.52808","-84.08133","201.7","2010-07","291.0","8.3","33.3","2.5","23.5","28.8","18.2"
"USW00014845","SAGINAW MBS INTERNATIONAL AIRPORT, MI US","43.52808","-84.08133","201.7","2010-08","435.5","9.4","33.3","4.5","22.9","28.5","17.3"
"USW00014845","SAGINAW MBS INTERNATIONAL AIRPORT, MI US","43.52808","-84.08133","201.7","2010-09","460.2","5.6","30.6","96.6","16.1","21.2","11.0"
"USW00014845","SAGINAW MBS INTERNATIONAL AIRPORT, MI US","43.52808","-84.08133","201.7","2010-10","460.2","-1.7","25.6","324.9","11.0","16.6","5.4"
"USW00014845","SAGINAW MBS INTERNATIONAL AIRPORT, MI US","43.52808","-84.08133","201.7","2010-11","460.2","-3.9","16.1","742.7","4.4","9.4","-0.6"
"USW00014845","SAGINAW MBS INTERNATIONAL AIRPORT, MI US","43.52808","-84.08133","201.7","2010-12","460.2","-14.4","10.6","1432.9","-3.9","-1.0","-6.9"
"US1MIOT0001","GAYLORD 2.2 SE, MI US","44.997831","-84.653117","402.0","2010-07",,,,,,,
"US1MIOT0001","GAYLORD 2.2 SE, MI US","44.997831","-84.653117","402.0","2010-08",,,,,,,
"US1MIOT0001","GAYLORD 2.2 SE, MI US","44.997831","-84.653117","402.0","2010-10",,,,,,,
"US1MIOT0001","GAYLORD 2.2 SE, MI US","44.997831","-84.653117","402.0","2010-11",,,,,,,
"US1MIOT0001","GAYLORD 2.2 SE, MI US","44.997831","-84.653117","402.0","2010-12",,,,,,,
"USW00014841","PELLSTON REGIONAL AIRPORT, MI US","45.5644","-84.79291","215.3","2010-07","100.1","4.4","32.2","10.1","20.2","27.1","13.4"
"USW00014841","PELLSTON REGIONAL AIRPORT, MI US","45.5644","-84.79291","215.3","2010-08","175.5","5.6","31.7","35.9","19.9","26.4","13.4"
"USW00014841","PELLSTON REGIONAL AIRPORT, MI US","45.5644","-84.79291","215.3","2010-09","176.3","-0.6","26.1","210.0","12.6","18.6","6.5"
"USW00014841","PELLSTON REGIONAL AIRPORT, MI US","45.5644","-84.79291","215.3","2010-10","176.3","-5.0","22.2","536.3","7.8","14.9","0.8"
"USW00014841","PELLSTON REGIONAL AIRPORT, MI US","45.5644","-84.79291","215.3","2010-11","176.3","-8.3","17.8","995.2","3.0","7.9","-1.8"
"USW00014841","PELLSTON REGIONAL AIRPORT, MI US","45.5644","-84.79291","215.3","2010-12","176.3","-21.1","8.3","1729.6","-5.4","-1.9","-8.8"
"USW00014840","MUSKEGON CO AIRPORT, MI US","43.17111","-86.23685","190.3","2010-07","282.7","9.4","32.2","2.0","23.9","28.4","19.5"
"USW00014840","MUSKEGON CO AIRPORT, MI US","43.17111","-86.23685","190.3","2010-08","456.0","10.0","33.3","3.7","23.9","28.4","19.4"
"USW00014840","MUSKEGON CO AIRPORT, MI US","43.17111","-86.23685","190.3","2010-09","482.2","7.2","29.4","73.7","16.9","21.5","12.3"
"USW00014840","MUSKEGON CO AIRPORT, MI US","43.17111","-86.23685","190.3","2010-10","482.2","-1.7","25.0","280.3","11.7","17.0","6.3"
"USW00014840","MUSKEGON CO AIRPORT, MI US","43.17111","-86.23685","190.3","2010-11","482.2","-4.4","18.3","653.6","5.9","10.5","1.3"
"USW00014840","MUSKEGON CO AIRPORT, MI US","43.17111","-86.23685","190.3","2010-12","482.2","-11.7","14.4","1280.8","-1.9","0.3","-4.1"
"USC00201238","CAPAC 2 N, MI US","43.048","-82.9238","248.4","2010-07","191.4","4.4","36.1","9.2","22.1","29.9","14.3"
"USC00201238","CAPAC 2 N, MI US","43.048","-82.9238","248.4","2010-08","295.1","5.6","35.6","15.3","21.5","29.4","13.6"
"USC00201238","CAPAC 2 N, MI US","43.048","-82.9238","248.4","2010-09","315.9","1.7","34.4","128.4","15.0","22.8","7.3"
"USC00201238","CAPAC 2 N, MI US","43.048","-82.9238","248.4","2010-10","315.9","-3.9","26.7","385.2","10.1","18.3","1.8"
"USC00201238","CAPAC 2 N, MI US","43.048","-82.9238","248.4","2010-11","315.9","-8.9","18.3","810.6","3.1","10.0","-3.7"
"USC00201238","CAPAC 2 N, MI US","43.048","-82.9238","248.4","2010-12","315.9","-16.1","12.2","1519.3","-4.5","-0.7","-8.4"
"USC00202328","DURAND WWTP, MI US","42.9269","-83.9894","234.7","2010-07","298.6","8.9","34.4","4.4","23.7","29.7","17.6"
"USC00202328","DURAND WWTP, MI US","42.9269","-83.9894","234.7","2010-08","449.7","7.2","35.0","7.2","23.1","29.5","16.7"
"USC00202328","DURAND WWTP, MI US","42.9269","-83.9894","234.7","2010-09","484.2","4.4","33.3","98.6","16.4","22.2","10.6"
"USC00202328","DURAND WWTP, MI US","42.9269","-83.9894","234.7","2010-10","484.2","-0.6","25.6","315.2","11.4","17.6","5.1"
"USC00202328","DURAND WWTP, MI US","42.9269","-83.9894","234.7","2010-11","484.2","-6.1","20.6","752.2","3.8","9.7","-2.2"
"USC00202328","DURAND WWTP, MI US","42.9269","-83.9894","234.7","2010-12","484.2","-16.1","13.9","1436.4","-4.5","-1.0","-8.0"
"USW00014838","MARQUETTE, MI US","46.5458","-87.3795","186.8","2010-07","141.0","10.0","31.7","8.0","21.3","25.1","17.4"
"USW00014838","MARQUETTE, MI US","46.5458","-87.3795","186.8","2010-08","234.1","11.7","32.2","14.9","21.1","25.3","17.0"
"USW00014838","MARQUETTE, MI US","46.5458","-87.3795","186.8","2010-09","238.0","5.0","27.8","151.8","13.9","18.1","9.7"
"USW00014838","MARQUETTE, MI US","46.5458","-87.3795","186.8","2010-10","238.0","0.0","21.7","395.2","10.5","14.1","6.8"
"USW00014838","MARQUETTE, MI US","46.5458","-87.3795","186.8","2010-11","238.0","-11.7","16.7","850.3","3.2","6.6","-0.3"
"USW00014838","MARQUETTE, MI US","46.5458","-87.3795","186.8","2010-12","238.0","-10.0","7.8","1531.2","-3.6","-1.2","-6.0"
"USW00014836","LANSING CAPITAL CITY AIRPORT, MI US","42.77609","-84.59972","261.2","2010-07","292.3","7.2","33.3","3.1","23.7","29.4","17.9"
"USW00014836","LANSING CAPITAL CITY AIRPORT, MI US","42.77609","-84.59972","261.2","2010-08","449.1","8.3","34.4","5.1","23.3","29.1","17.5"
"USW00014836","LANSING CAPITAL CITY AIRPORT, MI US","42.77609","-84.59972","261.2","2010-09","476.7","5.0","30.6","87.9","16.5","21.6","11.4"
"USW00014836","LANSING CAPITAL CITY AIRPORT, MI US","42.77609","-84.59972","261.2","2010-10","476.7","-1.7","26.7","309.1","11.2","17.1","5.3"
"USW00014836","LANSING CAPITAL CITY AIRPORT, MI US","42.77609","-84.59972","261.2","2010-11","476.7","-6.7","20.6","715.9","4.8","10.1","-0.5"
"USW00014836","LANSING CAPITAL CITY AIRPORT, MI US","42.77609","-84.59972","261.2","2010-12","476.7","-15.6","12.2","1415.1","-4.2","-1.2","-7.3"
"US1MIDC0002","IRON MOUNTAIN 0.5 SSW, MI US","45.8203051","-88.0652224","347.8","2010-07",,,,,,,
"USC00201476","CHARLOTTE, MI US","42.5499","-84.825","274.9","2010-07","250.8","10.0","32.8","1.9","22.9","28.7","17.0"
"USC00201476","CHARLOTTE, MI US","42.5499","-84.825","274.9","2010-08","376.3","8.9","32.8","6.6","22.2","27.9","16.5"
"USC00201476","CHARLOTTE, MI US","42.5499","-84.825","274.9","2010-09",,,,,,,
"USC00201476","CHARLOTTE, MI US","42.5499","-84.825","274.9","2010-10",,"-1.7","27.2",,"11.1","17.6","4.6"
"USC00201476","CHARLOTTE, MI US","42.5499","-84.825","274.9","2010-11",,"-6.7","21.1",,"3.8","9.4","-1.7"
"USC00201476","CHARLOTTE, MI US","42.5499","-84.825","274.9","2010-12",,"-15.6","11.7",,"-4.7","-1.5","-8.0"
"USC00203413","GREEN GARDEN NUMBER 2, MI US","46.4533","-87.3038","205.7","2010-07",,,,,,,
"USC00203413","GREEN GARDEN NUMBER 2, MI US","46.4533","-87.3038","205.7","2010-08",,,,,,,
"USC00203413","GREEN GARDEN NUMBER 2, MI US","46.4533","-87.3038","205.7","2010-09",,,,,,,
"USC00203413","GREEN GARDEN NUMBER 2, MI US","46.4533","-87.3038","205.7","2010-10",,,,,,,
"USC00203413","GREEN GARDEN NUMBER 2, MI US","46.4533","-87.3038","205.7","2010-11",,,,,,,
"USC00203413","GREEN GARDEN NUMBER 2, MI US","46.4533","-87.3038","205.7","2010-12",,,,,,,
"USC00204502","LAKE CITY EXPERIMENTAL FARM, MI US","44.3088","-85.205","374.9","2010-07","156.0","3.9","33.3","8.4","21.3","28.0","14.5"
"USC00204502","LAKE CITY EXPERIMENTAL FARM, MI US","44.3088","-85.205","374.9","2010-08","239.2","5.0","32.2","25.3","20.5","27.2","13.8"
"USC00204502","LAKE CITY EXPERIMENTAL FARM, MI US","44.3088","-85.205","374.9","2010-09","251.2","0.6","31.1","177.8","13.6","19.7","7.6"
"USC00204502","LAKE CITY EXPERIMENTAL FARM, MI US","44.3088","-85.205","374.9","2010-10","251.2","-3.3","24.4","459.8","9.0","16.1","1.8"
"USC00204502","LAKE CITY EXPERIMENTAL FARM, MI US","44.3088","-85.205","374.9","2010-11","251.2","-7.8","16.1","933.3","2.6","7.9","-2.8"
"USC00204502","LAKE CITY EXPERIMENTAL FARM, MI US","44.3088","-85.205","374.9","2010-12","251.2","-21.7","8.3","1596.3","-5.5","-1.3","-9.8"
"USC00200146","ALMA, MI US","43.38686","-84.64818","221.9","2010-07","255.1","8.3","33.3","5.3","23.0","29.1","16.9"
"USC00200146","ALMA, MI US","43.38686","-84.64818","221.9","2010-08","385.8","9.4","33.9","7.3","22.5","28.7","16.3"
"USC00200146","ALMA, MI US","43.38686","-84.64818","221.9","2010-09","412.7","4.4","33.3","121.4","15.4","21.3","9.6"
"USC00200146","ALMA, MI US","43.38686","-84.64818","221.9","2010-10","412.7","-0.6","26.1","347.5","11.0","17.5","4.6"
"USC00200146","ALMA, MI US","43.38686","-84.64818","221.9","2010-11","412.7","-5.0","16.1","787.2","3.7","8.8","-1.4"
"USC00200146","ALMA, MI US","43.38686","-84.64818","221.9","2010-12","412.7","-14.4","12.2","1485.8","-4.2","-1.0","-7.4"
"USC00202445","EAU CLAIRE 4 NE, MI US","42.0153","-86.243","256.0","2010-07","387.1","11.1","35.0","0.0","25.2","31.0","19.4"
"USC00202445","EAU CLAIRE 4 NE, MI US","42.0153","-86.243","256.0","2010-08","567.5","12.2","34.4","0.0","24.1","29.4","18.9"
"USC00202445","EAU CLAIRE 4 NE, MI US","42.0153","-86.243","256.0","2010-09","630.1","6.1","32.2","34.4","19.3","24.4","14.2"
"USC00202445","EAU CLAIRE 4 NE, MI US","42.0153","-86.243","256.0","2010-10","644.8","0.6","31.1","178.5","14.2","19.7","8.6"
"USC00202445","EAU CLAIRE 4 NE, MI US","42.0153","-86.243","256.0","2010-11","644.8","-5.6","22.2","533.4","6.5","11.7","1.3"
"USC00202445","EAU CLAIRE 4 NE, MI US","42.0153","-86.243","256.0","2010-12","644.8","-11.7","11.7","1197.9","-3.1","0.2","-6.4"
"USC00208443","VASSAR, MI US","43.3656","-83.5828","192.0","2010-07","229.2","6.1","34.4","7.0","22.5","29.6","15.4"
"USC00208443","VASSAR, MI US","43.3656","-83.5828","192.0","2010-08","343.4","7.8","34.4","11.5","21.9","28.6","15.2"
"USC00208443","VASSAR, MI US","43.3656","-83.5828","192.0","2010-09","372.6","2.8","33.9","123.5","15.6","21.8","9.4"
"USC00208443","VASSAR, MI US","43.3656","-83.5828","192.0","2010-10","372.6","-2.8","25.6","371.4","10.3","17.2","3.5"
"USC00208443","VASSAR, MI US","43.3656","-83.5828","192.0","2010-11","372.6","-7.2","18.3","798.3","3.6","9.4","-2.2"
"USC00208443","VASSAR, MI US","43.3656","-83.5828","192.0","2010-12","372.6","-16.1","14.4","1500.0","-4.3","-1.1","-7.6"
"USC00205050","MANCHESTER, MI US","42.1508","-84.0236","294.1","2010-07",,,"34.4",,,"29.9",
"USC00205050","MANCHESTER, MI US","42.1508","-84.0236","294.1","2010-08",,,"33.9",,,"28.6",
"USC00205050","MANCHESTER, MI US","42.1508","-84.0236","294.1","2010-09",,,"32.8",,,"23.3",
"USC00205050","MANCHESTER, MI US","42.1508","-84.0236","294.1","2010-10",,"-3.3","29.4",,"11.2","18.6","3.8"
"USC00205050","MANCHESTER, MI US","42.1508","-84.0236","294.1","2010-11",,,"20.0",,,"10.9",
"USC00205050","MANCHESTER, MI US","42.1508","-84.0236","294.1","2010-12",,,"11.7",,,"-0.7",
"USC00208202","TIPTON 2 WNW, MI US","42.0283","-84.1108","295.7","2010-07","271.6","9.4","33.9","3.9","23.4","30.0","16.7"
"USC00208202","TIPTON 2 WNW, MI US","42.0283","-84.1108","295.7","2010-08","392.5","9.4","33.3","5.9","22.4","28.6","16.1"
"USC00208202","TIPTON 2 WNW, MI US","42.0283","-84.1108","295.7","2010-09","425.1","5.6","32.8","77.1","16.9","23.2","10.6"
"USC00208202","TIPTON 2 WNW, MI US","42.0283","-84.1108","295.7","2010-10","426.8","-2.8","30.0","265.0","12.0","18.8","5.1"
"USC00208202","TIPTON 2 WNW, MI US","42.0283","-84.1108","295.7","2010-11","426.8","-8.9","20.6","678.6","4.1","10.1","-1.9"
"USC00208202","TIPTON 2 WNW, MI US","42.0283","-84.1108","295.7","2010-12","426.8","-14.4","12.8","1368.7","-4.6","-0.7","-8.4"
"US1MIBN0004","NILES 2.7 W, MI US","41.83705","-86.30048","219.2","2010-07",,,,,,,
"US1MIBN0004","NILES 2.7 W, MI US","41.83705","-86.30048","219.2","2010-08",,,,,,,
"US1MIBN0004","NILES 2.7 W, MI US","41.83705","-86.30048","219.2","2010-09",,,,,,,
"US1MIBN0004","NILES 2.7 W, MI US","41.83705","-86.30048","219.2","2010-10",,,,,,,
"US1MIBN0004","NILES 2.7 W, MI US","41.83705","-86.30048","219.2","2010-11",,,,,,,
"US1MIBN0004","NILES 2.7 W, MI US","41.83705","-86.30048","219.2","2010-12",,,,,,,
"US1MIBN0003","BUCHANAN 1.4 ESE, MI US","41.818287","-86.342251","231.3","2010-07",,,,,,,
"US1MIBN0003","BUCHANAN 1.4 ESE, MI US","41.818287","-86.342251","231.3","2010-08",,,,,,,
"US1MIBN0003","BUCHANAN 1.4 ESE, MI US","41.818287","-86.342251","231.3","2010-09",,,,,,,
"US1MIBN0003","BUCHANAN 1.4 ESE, MI US","41.818287","-86.342251","231.3","2010-10",,,,,,,
"US1MIBN0003","BUCHANAN 1.4 ESE, MI US","41.818287","-86.342251","231.3","2010-12",,,,,,,
"US1MIMY0003","HILLMAN 6.9 WSW, MI US","45.01577899","-84.02238487","267.0","2010-07",,,,,,,
"US1MIMY0003","HILLMAN 6.9 WSW, MI US","45.01577899","-84.02238487","267.0","2010-08",,,,,,,
"US1MIMY0003","HILLMAN 6.9 WSW, MI US","45.01577899","-84.02238487","267.0","2010-09",,,,,,,
"USC00208680","WATERSMEET, MI US","46.2778","-89.1742","484.6","2010-07",,,,,,,
"USC00208680","WATERSMEET, MI US","46.2778","-89.1742","484.6","2010-08",,,,,,,
"USC00208680","WATERSMEET, MI US","46.2778","-89.1742","484.6","2010-09",,,,,,,
"USC00208680","WATERSMEET, MI US","46.2778","-89.1742","484.6","2010-10",,,,,,,
"USC00208680","WATERSMEET, MI US","46.2778","-89.1742","484.6","2010-11",,,,,,,
"USC00208680","WATERSMEET, MI US","46.2778","-89.1742","484.6","2010-12",,,,,,,
"US1MIBN0002","STEVENSVILLE 1.7 SSE, MI US","41.991137","-86.508585","187.8","2010-07",,,,,,,
"US1MIBN0002","STEVENSVILLE 1.7 SSE, MI US","41.991137","-86.508585","187.8","2010-08",,,,,,,
"US1MIBN0002","STEVENSVILLE 1.7 SSE, MI US","41.991137","-86.508585","187.8","2010-09",,,,,,,
"US1MIBN0002","STEVENSVILLE 1.7 SSE, MI US","41.991137","-86.508585","187.8","2010-10",,,,,,,
"US1MIBN0002","STEVENSVILLE 1.7 SSE, MI US","41.991137","-86.508585","187.8","2010-11",,,,,,,
"US1MIBN0002","STEVENSVILLE 1.7 SSE, MI US","41.991137","-86.508585","187.8","2010-12",,,,,,,
"USC00207350","SANDUSKY, MI US","43.4194","-82.8191","235.9","2010-07","213.5","8.9","34.4","6.7","22.7","28.2","17.1"
"USC00207350","SANDUSKY, MI US","43.4194","-82.8191","235.9","2010-08","329.8","8.9","33.9","10.4","22.0","27.6","16.3"
"USC00207350","SANDUSKY, MI US","43.4194","-82.8191","235.9","2010-09","360.6","2.8","33.9","108.9","16.1","21.6","10.5"
"USC00207350","SANDUSKY, MI US","43.4194","-82.8191","235.9","2010-10","360.6","-0.6","23.9","338.3","10.9","15.8","6.1"
"USC00207350","SANDUSKY, MI US","43.4194","-82.8191","235.9","2010-11","360.6","-4.4","17.2","757.0","3.9","8.4","-0.7"
"USC00207350","SANDUSKY, MI US","43.4194","-82.8191","235.9","2010-12","360.6","-14.4","12.2","1451.7","-4.1","-1.5","-6.7"
"USC00208682","WATERSMEET 12 WSW, MI US","46.2231","-89.4085","515.1","2010-07",,,,,,,
"USC00208682","WATERSMEET 12 WSW, MI US","46.2231","-89.4085","515.1","2010-08",,,,,,,
"USC00208682","WATERSMEET 12 WSW, MI US","46.2231","-89.4085","515.1","2010-09",,,,,,,
"USC00208682","WATERSMEET 12 WSW, MI US","46.2231","-89.4085","515.1","2010-10",,,,,,,
"USC00208682","WATERSMEET 12 WSW, MI US","46.2231","-89.4085","515.1","2010-11",,,,,,,
"USC00208682","WATERSMEET 12 WSW, MI US","46.2231","-89.4085","515.1","2010-12",,,,,,,
"US1MINW0004","NEWAYGO 7.7 ESE, MI US","43.39378","-85.65228","265.8","2010-07",,,,,,,
"US1MINW0004","NEWAYGO 7.7 ESE, MI US","43.39378","-85.65228","265.8","2010-08",,,,,,,
"US1MINW0004","NEWAYGO 7.7 ESE, MI US","43.39378","-85.65228","265.8","2010-09",,,,,,,
"US1MINW0004","NEWAYGO 7.7 ESE, MI US","43.39378","-85.65228","265.8","2010-10",,,,,,,
"USC00200718","BERGLAND DAM, MI US","46.5869","-89.5475","396.2","2010-07",,"4.4","32.2","10.6","19.7","26.3","13.1"
"USC00200718","BERGLAND DAM, MI US","46.5869","-89.5475","396.2","2010-08",,"6.7","31.7","36.4","19.4","26.2","12.6"
"USC00200718","BERGLAND DAM, MI US","46.5869","-89.5475","396.2","2010-09",,"-1.1","26.1","266.5","10.8","17.0","4.5"
"USC00200718","BERGLAND DAM, MI US","46.5869","-89.5475","396.2","2010-10",,,,,,,
"USC00200718","BERGLAND DAM, MI US","46.5869","-89.5475","396.2","2010-11",,"-15.0","18.3",,"1.3","6.1","-3.6"
"USC00200718","BERGLAND DAM, MI US","46.5869","-89.5475","396.2","2010-12",,"-29.4","5.6",,"-9.0","-4.8","-13.2"
"US1MINW0006","FREMONT 3.5 NNW, MI US","43.5106824","-85.9665925","263.7","2010-07",,,,,,,
"US1MINW0006","FREMONT 3.5 NNW, MI US","43.5106824","-85.9665925","263.7","2010-08",,,,,,,
"US1MINW0006","FREMONT 3.5 NNW, MI US","43.5106824","-85.9665925","263.7","2010-09",,,,,,,
"US1MINW0006","FREMONT 3.5 NNW, MI US","43.5106824","-85.9665925","263.7","2010-10",,,,,,,
"US1MINW0006","FREMONT 3.5 NNW, MI US","43.5106824","-85.9665925","263.7","2010-11",,,,,,,
"US1MINW0006","FREMONT 3.5 NNW, MI US","43.5106824","-85.9665925","263.7","2010-12",,,,,,,
"US1MINW0007","WHITE CLOUD 2.9 NW, MI US","43.591","-85.798","294.7","2010-07",,,,,,,
"US1MINW0007","WHITE CLOUD 2.9 NW, MI US","43.591","-85.798","294.7","2010-08",,,,,,,
"US1MINW0007","WHITE CLOUD 2.9 NW, MI US","43.591","-85.798","294.7","2010-09",,,,,,,
"US1MINW0007","WHITE CLOUD 2.9 NW, MI US","43.591","-85.798","294.7","2010-10",,,,,,,
"US1MINW0007","WHITE CLOUD 2.9 NW, MI US","43.591","-85.798","294.7","2010-11",,,,,,,
"US1MINW0007","WHITE CLOUD 2.9 NW, MI US","43.591","-85.798","294.7","2010-12",,,,,,,
"US1MINW0003","NEWAYGO 10.3 ENE, MI US","43.46164","-85.60268","251.2","2010-07",,,,,,,
"US1MINW0003","NEWAYGO 10.3 ENE, MI US","43.46164","-85.60268","251.2","2010-08",,,,,,,
"US1MINW0003","NEWAYGO 10.3 ENE, MI US","43.46164","-85.60268","251.2","2010-09",,,,,,,
"US1MINW0003","NEWAYGO 10.3 ENE, MI US","43.46164","-85.60268","251.2","2010-10",,,,,,,
"US1MIOK0036","TROY 2.1 S, MI US","42.549398","-83.145344","206.0","2010-07",,,,,,,
"US1MIOK0036","TROY 2.1 S, MI US","42.549398","-83.145344","206.0","2010-08",,,,,,,
"US1MIOK0036","TROY 2.1 S, MI US","42.549398","-83.145344","206.0","2010-09",,,,,,,
"US1MIOK0036","TROY 2.1 S, MI US","42.549398","-83.145344","206.0","2010-10",,,,,,,
"USC00200710","BENTON HARBOR AIRPORT, MI US","42.1245","-86.4266","190.5","2010-07","328.2","7.8","34.4","3.3","24.9","30.5","19.2"
"USC00200710","BENTON HARBOR AIRPORT, MI US","42.1245","-86.4266","190.5","2010-08","511.5","10.0","34.4","3.3","24.4","29.5","19.4"
"USC00200710","BENTON HARBOR AIRPORT, MI US","42.1245","-86.4266","190.5","2010-09","577.5","3.9","33.9","44.7","19.1","24.2","13.9"
"USC00200710","BENTON HARBOR AIRPORT, MI US","42.1245","-86.4266","190.5","2010-10","581.4","-2.2","26.1","229.4","12.2","18.9","5.5"
"USC00200710","BENTON HARBOR AIRPORT, MI US","42.1245","-86.4266","190.5","2010-11","581.4","-6.1","22.2","546.2","6.9","12.3","1.6"
"USC00200710","BENTON HARBOR AIRPORT, MI US","42.1245","-86.4266","190.5","2010-12","581.4","-16.1","11.1","1190.7","-2.5","0.5","-5.4"
"US1MIOK0035","WATERFORD 2.1 NW, MI US","42.687418","-83.413166","299.3","2010-07",,,,,,,
"US1MIOK0035","WATERFORD 2.1 NW, MI US","42.687418","-83.413166","299.3","2010-08",,,,,,,
"US1MIOK0035","WATERFORD 2.1 NW, MI US","42.687418","-83.413166","299.3","2010-09",,,,,,,
"US1MIOK0035","WATERFORD 2.1 NW, MI US","42.687418","-83.413166","299.3","2010-10",,,,,,,
"US1MIOK0035","WATERFORD 2.1 NW, MI US","42.687418","-83.413166","299.3","2010-11",,,,,,,
"US1MIOK0035","WATERFORD 2.1 NW, MI US","42.687418","-83.413166","299.3","2010-12",,,,,,,
"US1MIOK0032","MILFORD 1.4 NE, MI US","42.602462","-83.585393","302.4","2010-07",,,,,,,
"US1MIOK0032","MILFORD 1.4 NE, MI US","42.602462","-83.585393","302.4","2010-08",,,,,,,
"US1MIOK0032","MILFORD 1.4 NE, MI US","42.602462","-83.585393","302.4","2010-09",,,,,,,
"US1MIOK0032","MILFORD 1.4 NE, MI US","42.602462","-83.585393","302.4","2010-10",,,,,,,
"USC00201802","CORNELL 5 SE, MI US","45.8269","-87.1589","242.0","2010-07","127.9","4.4","30.6","10.6","20.9","27.2","14.5"
"USC00201802","CORNELL 5 SE, MI US","45.8269","-87.1589","242.0","2010-08","216.8","6.7","31.7","17.2","21.4","27.5","15.3"
"USC00201802","CORNELL 5 SE, MI US","45.8269","-87.1589","242.0","2010-09","223.7","0.6","31.1","165.7","13.3","19.8","6.7"
"USC00201802","CORNELL 5 SE, MI US","45.8269","-87.1589","242.0","2010-10","223.7","-2.8","26.7","427.3","9.3","16.1","2.6"
"USC00201802","CORNELL 5 SE, MI US","45.8269","-87.1589","242.0","2010-11","223.7","-11.7","17.2","881.3","2.7","7.0","-1.7"
"USC00201802","CORNELL 5 SE, MI US","45.8269","-87.1589","242.0","2010-12","223.7","-18.3","7.2","1545.9","-5.4","-1.5","-9.3"
"US1MIOK0031","WATERFORD 2.6 N, MI US","42.70081","-83.39073","294.1","2010-07",,,,,,,
"US1MIOK0031","WATERFORD 2.6 N, MI US","42.70081","-83.39073","294.1","2010-08",,,,,,,
"US1MIOK0031","WATERFORD 2.6 N, MI US","42.70081","-83.39073","294.1","2010-10",,,,,,,
"US1MIOK0031","WATERFORD 2.6 N, MI US","42.70081","-83.39073","294.1","2010-11",,,,,,,
"US1MIOK0030","OAK PARK 0.8 NE, MI US","42.473","-83.171","201.8","2010-07",,,,,,,
"US1MIOK0030","OAK PARK 0.8 NE, MI US","42.473","-83.171","201.8","2010-08",,,,,,,
"USC00205168","MARLETTE, MI US","43.3308","-83.0663","249.9","2010-07",,"7.8","33.9","8.8","22.2","28.4","16.1"
"USC00205168","MARLETTE, MI US","43.3308","-83.0663","249.9","2010-08",,"9.4","33.9","12.4","21.5","27.6","15.4"
"USC00205168","MARLETTE, MI US","43.3308","-83.0663","249.9","2010-09",,"3.9","33.9","122.1","15.4","21.5","9.3"
"USC00205168","MARLETTE, MI US","43.3308","-83.0663","249.9","2010-10",,"0.0","23.3","357.5","10.7","16.5","5.0"
"USC00205168","MARLETTE, MI US","43.3308","-83.0663","249.9","2010-11",,"-5.0","17.8","780.0","3.4","9.1","-2.4"
"USC00205168","MARLETTE, MI US","43.3308","-83.0663","249.9","2010-12",,"-15.6","12.2","1510.4","-5.2","-2.2","-8.3"
"USC00204078","IONIA 2 SSW, MI US","42.953","-85.0777","245.4","2010-07",,"7.8","32.2","4.4","22.8","27.8","17.7"
"USC00204078","IONIA 2 SSW, MI US","42.953","-85.0777","245.4","2010-08",,"8.9","32.8","8.0","22.3","27.8","16.9"
"USC00204078","IONIA 2 SSW, MI US","42.953","-85.0777","245.4","2010-09",,"5.0","32.2","114.5","15.7","21.0","10.4"
"USC00204078","IONIA 2 SSW, MI US","42.953","-85.0777","245.4","2010-10",,"-2.2","25.0","351.7","10.7","16.9","4.5"
"USC00204078","IONIA 2 SSW, MI US","42.953","-85.0777","245.4","2010-11",,"-5.6","18.9","785.0","3.9","9.0","-1.2"
"USC00204078","IONIA 2 SSW, MI US","42.953","-85.0777","245.4","2010-12",,"-16.1","11.1","1493.6","-4.5","-1.4","-7.7"
"USC00207225","SAGINAW 5 W, MI US","43.4172","-84.0641","179.8","2010-07","276.6","7.8","33.3","2.8","23.4","29.0","17.8"
"USC00207225","SAGINAW 5 W, MI US","43.4172","-84.0641","179.8","2010-08","421.3","9.4","33.9","4.5","22.9","28.7","17.2"
"USC00207225","SAGINAW 5 W, MI US","43.4172","-84.0641","179.8","2010-09",,"4.4","30.0",,"16.1","21.4","10.9"
"USC00207225","SAGINAW 5 W, MI US","43.4172","-84.0641","179.8","2010-10",,"-2.8",,,,,"5.0"
"USC00207225","SAGINAW 5 W, MI US","43.4172","-84.0641","179.8","2010-11",,"-5.6","16.7",,"4.2","9.5","-1.1"
"USC00207225","SAGINAW 5 W, MI US","43.4172","-84.0641","179.8","2010-12",,"-16.7","10.6",,"-4.4","-1.3","-7.4"
"US1MIMR0004","MONROE 3.0 S, MI US","41.872635","-83.380939","182.3","2010-07",,,,,,,
"US1MIMR0004","MONROE 3.0 S, MI US","41.872635","-83.380939","182.3","2010-08",,,,,,,
"US1MIMR0004","MONROE 3.0 S, MI US","41.872635","-83.380939","182.3","2010-09",,,,,,,
"US1MIMR0004","MONROE 3.0 S, MI US","41.872635","-83.380939","182.3","2010-10",,,,,,,
"US1MIMR0004","MONROE 3.0 S, MI US","41.872635","-83.380939","182.3","2010-11",,,,,,,
"US1MIMR0004","MONROE 3.0 S, MI US","41.872635","-83.380939","182.3","2010-12",,,,,,,
"USC00207364","SAULT STE MARIE, MI US","46.48913","-84.31932","183.5","2010-07","102.3","7.8","32.2","12.2","20.3","26.4","14.1"
"USC00207364","SAULT STE MARIE, MI US","46.48913","-84.31932","183.5","2010-08","176.5","6.1","32.8","44.7","19.7","25.4","14.0"
"USC00207364","SAULT STE MARIE, MI US","46.48913","-84.31932","183.5","2010-09","183.2","2.2","28.9","212.2","13.0","18.2","7.8"
"USC00207364","SAULT STE MARIE, MI US","46.48913","-84.31932","183.5","2010-10","183.2","-2.2","20.6","538.2","7.8","13.4","2.2"
"USC00207364","SAULT STE MARIE, MI US","46.48913","-84.31932","183.5","2010-11","183.2","-11.7","12.8","1040.6","1.6","6.1","-2.9"
"USC00207364","SAULT STE MARIE, MI US","46.48913","-84.31932","183.5","2010-12","183.2","-21.1","7.8","1831.3","-7.2","-3.0","-11.4"
"US1MIMR0005","PETERSBURG 5.1 ENE, MI US","41.914571","-83.61429","200.9","2010-07",,,,,,,
"US1MIMR0005","PETERSBURG 5.1 ENE, MI US","41.914571","-83.61429","200.9","2010-08",,,,,,,
"US1MIMR0005","PETERSBURG 5.1 ENE, MI US","41.914571","-83.61429","200.9","2010-09",,,,,,,
"US1MIMR0005","PETERSBURG 5.1 ENE, MI US","41.914571","-83.61429","200.9","2010-10",,,,,,,
"US1MIMR0005","PETERSBURG 5.1 ENE, MI US","41.914571","-83.61429","200.9","2010-11",,,,,,,
"USC00205065","MANISTEE 3 SE, MI US","44.2113","-86.2938","204.2","2010-07","214.0","7.2","30.6","3.6","22.6","27.8","17.5"
"USC00205065","MANISTEE 3 SE, MI US","44.2113","-86.2938","204.2","2010-08","351.8","10.0","35.0","4.1","23.0","27.8","18.1"
"USC00205065","MANISTEE 3 SE, MI US","44.2113","-86.2938","204.2","2010-09","372.0","2.8","30.0","95.9","15.9","20.7","11.1"
"USC00205065","MANISTEE 3 SE, MI US","44.2113","-86.2938","204.2","2010-10","372.0","-1.1","24.4","326.3","10.7","15.7","5.7"
"USC00205065","MANISTEE 3 SE, MI US","44.2113","-86.2938","204.2","2010-11","372.0","-6.1","17.8","696.2","5.6","10.0","1.1"
"USC00205065","MANISTEE 3 SE, MI US","44.2113","-86.2938","204.2","2010-12","372.0","-11.7","8.9","1333.5","-2.9","-0.7","-5.2"
"USC00201818","CORUNNA 2 NE, MI US","42.9986","-84.0744","232.3","2010-07",,,"35.0",,,"29.5",
"USC00201818","CORUNNA 2 NE, MI US","42.9986","-84.0744","232.3","2010-08",,,"34.4",,,"29.4",
"USC00201818","CORUNNA 2 NE, MI US","42.9986","-84.0744","232.3","2010-09",,,"32.2",,,"22.6",
"USC00201818","CORUNNA 2 NE, MI US","42.9986","-84.0744","232.3","2010-10",,,"26.7",,,"17.5",
"USC00201818","CORUNNA 2 NE, MI US","42.9986","-84.0744","232.3","2010-11",,,"20.0",,,"10.8",
"USC00201818","CORUNNA 2 NE, MI US","42.9986","-84.0744","232.3","2010-12",,,"12.2",,,"-0.4",
"USC00204090","IRON MTN KINGSFORD WWTP, MI US","45.7858","-88.0841","326.4","2010-07","161.1","6.1","31.1","4.8","21.4","27.2","15.6"
"USC00204090","IRON MTN KINGSFORD WWTP, MI US","45.7858","-88.0841","326.4","2010-08","253.3","7.2","32.8","16.5","20.9","27.2","14.6"
"USC00204090","IRON MTN KINGSFORD WWTP, MI US","45.7858","-88.0841","326.4","2010-09","258.8","1.1","26.1","190.2","12.7","18.7","6.7"
"USC00204090","IRON MTN KINGSFORD WWTP, MI US","45.7858","-88.0841","326.4","2010-10","258.8","-3.9","28.9","482.7","8.9","15.6","2.2"
"USC00204090","IRON MTN KINGSFORD WWTP, MI US","45.7858","-88.0841","326.4","2010-11","258.8","-12.2","15.0","999.7","1.1","5.6","-3.4"
"USC00204090","IRON MTN KINGSFORD WWTP, MI US","45.7858","-88.0841","326.4","2010-12","258.8","-25.6","6.1","1797.1","-7.4","-3.2","-11.6"
"US1MIMG0015","WOLF LAKE 3.2 ESE, MI US","43.2262","-86.047914","205.7","2010-12",,,,,,,
"US1MIOK0026","MILFORD 4.1 SW, MI US","42.548628","-83.664879","295.0","2010-11",,,,,,,
"US1MIOK0026","MILFORD 4.1 SW, MI US","42.548628","-83.664879","295.0","2010-12",,,,,,,
"USC00200842","BLISSFIELD 1 NNE, MI US","41.84","-83.8608","210.3","2010-07","291.3","8.9","34.4","4.5","23.3","29.7","16.8"
"USC00200842","BLISSFIELD 1 NNE, MI US","41.84","-83.8608","210.3","2010-08","405.2","7.8","33.9","9.2","21.9","28.3","15.4"
"USC00200842","BLISSFIELD 1 NNE, MI US","41.84","-83.8608","210.3","2010-09","440.8","5.6","32.8","89.2","16.9","23.7","10.0"
"USC00200842","BLISSFIELD 1 NNE, MI US","41.84","-83.8608","210.3","2010-10","441.6","-1.1","30.0","300.0","11.6","18.5","4.6"
"USC00200842","BLISSFIELD 1 NNE, MI US","41.84","-83.8608","210.3","2010-11","441.6","-8.3","18.3","712.9","3.6","10.1","-2.9"
"USC00200842","BLISSFIELD 1 NNE, MI US","41.84","-83.8608","210.3","2010-12","441.6","-16.7","12.8","1428.8","-4.8","-1.1","-8.4"
"US1MIMG0016","TWIN LAKE 5.1 SSE, MI US","43.297622","-86.15307","200.6","2010-12",,,,,,,
"US1MIMG0010","NORTON SHORES 0.9 W, MI US","43.16025","-86.271083","183.5","2010-07",,,,,,,
"US1MIMG0010","NORTON SHORES 0.9 W, MI US","43.16025","-86.271083","183.5","2010-08",,,,,,,
"US1MIMG0010","NORTON SHORES 0.9 W, MI US","43.16025","-86.271083","183.5","2010-09",,,,,,,
"US1MIMG0010","NORTON SHORES 0.9 W, MI US","43.16025","-86.271083","183.5","2010-10",,,,,,,
"US1MIOK0021","ORTONVILLE 3.3 ESE, MI US","42.837798","-83.381241","327.7","2010-07",,,,,,,
"US1MIOK0021","ORTONVILLE 3.3 ESE, MI US","42.837798","-83.381241","327.7","2010-08",,,,,,,
"US1MIOK0021","ORTONVILLE 3.3 ESE, MI US","42.837798","-83.381241","327.7","2010-10",,,,,,,
"US1MIOK0021","ORTONVILLE 3.3 ESE, MI US","42.837798","-83.381241","327.7","2010-11",,,,,,,
"US1MIMG0013","MUSKEGON 3.5 SSE, MI US","43.1791279","-86.2363559","189.3","2010-07",,,,,,,
"US1MIMG0013","MUSKEGON 3.5 SSE, MI US","43.1791279","-86.2363559","189.3","2010-08",,,,,,,
"US1MIMG0013","MUSKEGON 3.5 SSE, MI US","43.1791279","-86.2363559","189.3","2010-09",,,,,,,
"US1MIMG0012","NORTON SHORES 3.0 WNW, MI US","43.1843999","-86.3028861","187.5","2010-07",,,,,,,
"US1MIAP0001","ALPENA 1.6 SSW, MI US","45.051565","-83.44876","178.9","2010-07",,,,,,,
"US1MIAP0001","ALPENA 1.6 SSW, MI US","45.051565","-83.44876","178.9","2010-08",,,,,,,
"US1MIAP0001","ALPENA 1.6 SSW, MI US","45.051565","-83.44876","178.9","2010-09",,,,,,,
"US1MIAP0001","ALPENA 1.6 SSW, MI US","45.051565","-83.44876","178.9","2010-10",,,,,,,
"US1MIAP0001","ALPENA 1.6 SSW, MI US","45.051565","-83.44876","178.9","2010-11",,,,,,,
"US1MIAP0001","ALPENA 1.6 SSW, MI US","45.051565","-83.44876","178.9","2010-12",,,,,,,
"US1MIKN0004","ROCKFORD 2.6 S, MI US","43.08949","-85.5662","249.3","2010-07",,,,,,,
"US1MIKN0004","ROCKFORD 2.6 S, MI US","43.08949","-85.5662","249.3","2010-08",,,,,,,
"US1MIKN0004","ROCKFORD 2.6 S, MI US","43.08949","-85.5662","249.3","2010-09",,,,,,,
"US1MIKN0004","ROCKFORD 2.6 S, MI US","43.08949","-85.5662","249.3","2010-10",,,,,,,
"USC00205073","MANISTIQUE WWTP, MI US","45.9512","-86.2513","182.9","2010-07","34.6","6.1","28.9","20.7","18.6","23.0","14.2"
"USC00205073","MANISTIQUE WWTP, MI US","45.9512","-86.2513","182.9","2010-08","105.2","9.4","29.4","31.9","20.3","24.4","16.1"
"USC00205073","MANISTIQUE WWTP, MI US","45.9512","-86.2513","182.9","2010-09","109.1","3.3","25.6","187.9","13.1","18.3","7.9"
"USC00205073","MANISTIQUE WWTP, MI US","45.9512","-86.2513","182.9","2010-10","109.1","0.0","21.7","480.9","8.9","14.1","3.7"
"USC00205073","MANISTIQUE WWTP, MI US","45.9512","-86.2513","182.9","2010-11","109.1","-11.7","15.0","929.7","2.3","6.2","-1.6"
"USC00205073","MANISTIQUE WWTP, MI US","45.9512","-86.2513","182.9","2010-12","109.1","-15.0","6.1","1640.9","-5.4","-2.4","-8.4"
"US1MIKN0005","ALTO 5.6 WNW, MI US","42.86181","-85.47993","243.5","2010-11",,,,,,,
"USC00208345","TWIN LAKES, MI US","46.88306","-88.86083","367.6","2010-07","95.5","4.4","31.1","14.0","19.8","25.5","14.1"
"USC00208345","TWIN LAKES, MI US","46.88306","-88.86083","367.6","2010-08","176.5","5.0","31.7","50.4","19.8","25.5","14.1"
"USC00208345","TWIN LAKES, MI US","46.88306","-88.86083","367.6","2010-09","179.3","-1.7","27.2","293.1","10.3","16.1","4.6"
"USC00208345","TWIN LAKES, MI US","46.88306","-88.86083","367.6","2010-10","179.3","-3.3","25.0","625.2","7.6","13.7","1.5"
"USC00208345","TWIN LAKES, MI US","46.88306","-88.86083","367.6","2010-11","179.3","-15.0","17.2","1163.1","0.4","4.5","-3.7"
"USC00208345","TWIN LAKES, MI US","46.88306","-88.86083","367.6","2010-12","179.3","-27.8","6.1","1988.0","-8.3","-4.6","-12.0"
"US1MIKN0008","GRAND RAPIDS 3.1 NNE, MI US","43.0053","-85.641146","212.4","2010-07",,,,,,,
"US1MIKN0008","GRAND RAPIDS 3.1 NNE, MI US","43.0053","-85.641146","212.4","2010-09",,,,,,,
"US1MIKN0008","GRAND RAPIDS 3.1 NNE, MI US","43.0053","-85.641146","212.4","2010-10",,,,,,,
"US1MIKN0008","GRAND RAPIDS 3.1 NNE, MI US","43.0053","-85.641146","212.4","2010-11",,,,,,,
"US1MIKN0008","GRAND RAPIDS 3.1 NNE, MI US","43.0053","-85.641146","212.4","2010-12",,,,,,,
"US1MIKN0006","ADA 0.7 SE, MI US","42.9492","-85.4775","190.2","2010-09",,,,,,,
"US1MIKN0006","ADA 0.7 SE, MI US","42.9492","-85.4775","190.2","2010-10",,,,,,,
"US1MIKN0006","ADA 0.7 SE, MI US","42.9492","-85.4775","190.2","2010-11",,,,,,,
"US1MIKN0006","ADA 0.7 SE, MI US","42.9492","-85.4775","190.2","2010-12",,,,,,,
"US1MICS0002","DOWAGIAC 5.3 NNW, MI US","42.05762","-86.13992","242.3","2010-07",,,,,,,
"US1MICS0002","DOWAGIAC 5.3 NNW, MI US","42.05762","-86.13992","242.3","2010-08",,,,,,,
"US1MICS0002","DOWAGIAC 5.3 NNW, MI US","42.05762","-86.13992","242.3","2010-09",,,,,,,
"US1MICS0002","DOWAGIAC 5.3 NNW, MI US","42.05762","-86.13992","242.3","2010-10",,,,,,,
"US1MICS0002","DOWAGIAC 5.3 NNW, MI US","42.05762","-86.13992","242.3","2010-11",,,,,,,
"US1MICS0002","DOWAGIAC 5.3 NNW, MI US","42.05762","-86.13992","242.3","2010-12",,,,,,,
"USC00206158","OLD MISSION 3 SSW, MI US","44.9215","-85.5161","199.9","2010-07",,,,,,,
"USC00206158","OLD MISSION 3 SSW, MI US","44.9215","-85.5161","199.9","2010-08",,,,,,,
"USC00206158","OLD MISSION 3 SSW, MI US","44.9215","-85.5161","199.9","2010-09",,,,,,,
"USC00206158","OLD MISSION 3 SSW, MI US","44.9215","-85.5161","199.9","2010-10",,,,,,,
"USC00206158","OLD MISSION 3 SSW, MI US","44.9215","-85.5161","199.9","2010-11",,,,,,,
"USC00206158","OLD MISSION 3 SSW, MI US","44.9215","-85.5161","199.9","2010-12",,,,,,,
"US1MILL0001","NORTHPORT 5.0 SSW, MI US","45.061489","-85.648567","273.7","2010-07",,,,,,,
"US1MILL0001","NORTHPORT 5.0 SSW, MI US","45.061489","-85.648567","273.7","2010-08",,,,,,,
"US1MILL0001","NORTHPORT 5.0 SSW, MI US","45.061489","-85.648567","273.7","2010-09",,,,,,,
"US1MILL0001","NORTHPORT 5.0 SSW, MI US","45.061489","-85.648567","273.7","2010-10",,,,,,,
"US1MILL0001","NORTHPORT 5.0 SSW, MI US","45.061489","-85.648567","273.7","2010-11",,,,,,,
"US1MILL0001","NORTHPORT 5.0 SSW, MI US","45.061489","-85.648567","273.7","2010-12",,,,,,,
"US1MIKN0011","LOWELL 1.4 ESE, MI US","42.923687","-85.322221","215.8","2010-07",,,,,,,
"US1MIKN0011","LOWELL 1.4 ESE, MI US","42.923687","-85.322221","215.8","2010-08",,,,,,,
"US1MIKN0011","LOWELL 1.4 ESE, MI US","42.923687","-85.322221","215.8","2010-09",,,,,,,
"US1MIKN0011","LOWELL 1.4 ESE, MI US","42.923687","-85.322221","215.8","2010-10",,,,,,,
"US1MIKN0019","CUTLERVILLE 1.0 E, MI US","42.840301","-85.641208","221.9","2010-07",,,,,,,
"US1MIKN0019","CUTLERVILLE 1.0 E, MI US","42.840301","-85.641208","221.9","2010-08",,,,,,,
"US1MIKN0019","CUTLERVILLE 1.0 E, MI US","42.840301","-85.641208","221.9","2010-09",,,,,,,
"US1MIKN0019","CUTLERVILLE 1.0 E, MI US","42.840301","-85.641208","221.9","2010-10",,,,,,,
"US1MIKN0019","CUTLERVILLE 1.0 E, MI US","42.840301","-85.641208","221.9","2010-11",,,,,,,
"USR0000MWAT","WATERSMEET MICHIGAN, MI US","46.2689","-89.17","489.2","2010-07",,"5.6","30.6","5.8","19.9","26.0","13.9"
"USR0000MWAT","WATERSMEET MICHIGAN, MI US","46.2689","-89.17","489.2","2010-08",,"4.4","31.1","29.9","19.9","25.8","14.1"
"USR0000MWAT","WATERSMEET MICHIGAN, MI US","46.2689","-89.17","489.2","2010-09",,"-1.7","22.8","234.3","10.8","16.3","5.2"
"USR0000MWAT","WATERSMEET MICHIGAN, MI US","46.2689","-89.17","489.2","2010-10",,"-3.9","27.2","567.2","7.6","14.1","1.1"
"USR0000MWAT","WATERSMEET MICHIGAN, MI US","46.2689","-89.17","489.2","2010-11",,"-14.4","17.2","1104.1","0.4","4.7","-3.8"
"USR0000MWAT","WATERSMEET MICHIGAN, MI US","46.2689","-89.17","489.2","2010-12",,"-30.6","5.6","1934.4","-8.4","-4.6","-12.3"
"US1MIKN0017","ALTO 4.5 SW, MI US","42.817793","-85.452579","227.4","2010-07",,,,,,,
"US1MIKN0017","ALTO 4.5 SW, MI US","42.817793","-85.452579","227.4","2010-08",,,,,,,
"US1MIKN0017","ALTO 4.5 SW, MI US","42.817793","-85.452579","227.4","2010-09",,,,,,,
"US1MIKN0017","ALTO 4.5 SW, MI US","42.817793","-85.452579","227.4","2010-10",,,,,,,
"US1MIKN0017","ALTO 4.5 SW, MI US","42.817793","-85.452579","227.4","2010-11",,,,,,,
"USW00054854","GAYLORD 9 SSW, MI US","44.908","-84.7203","445.3","2010-07","113.8","5.5","30.1","8.4","20.3","25.9","14.7"
"USW00054854","GAYLORD 9 SSW, MI US","44.908","-84.7203","445.3","2010-08","200.2","7.4","31.0","27.9","20.5","25.8","15.2"
"USW00054854","GAYLORD 9 SSW, MI US","44.908","-84.7203","445.3","2010-09","202.7","2.3","26.3","192.0","12.8","17.8","7.7"
"USW00054854","GAYLORD 9 SSW, MI US","44.908","-84.7203","445.3","2010-10","202.7","-2.3","23.7","497.9","8.5","13.7","3.2"
"USW00054854","GAYLORD 9 SSW, MI US","44.908","-84.7203","445.3","2010-11","202.7","-8.8","17.5","967.5","2.7","6.8","-1.4"
"USW00054854","GAYLORD 9 SSW, MI US","44.908","-84.7203","445.3","2010-12","202.7","-17.7","6.8","1722.0","-6.0","-3.6","-8.4"
"USC00200864","BLOOMINGDALE, MI US","42.3838","-85.9626","224.3","2010-07",,,"35.0",,,"30.3",
"USC00200864","BLOOMINGDALE, MI US","42.3838","-85.9626","224.3","2010-08",,"6.7","34.4",,"22.4","29.6","15.3"
"USC00200864","BLOOMINGDALE, MI US","42.3838","-85.9626","224.3","2010-09",,"2.2","34.4",,"16.2","23.2","9.2"
"USC00200864","BLOOMINGDALE, MI US","42.3838","-85.9626","224.3","2010-10",,"-5.6","30.0",,"10.8","19.1","2.4"
"USC00200864","BLOOMINGDALE, MI US","42.3838","-85.9626","224.3","2010-11",,,"23.3",,,"11.6",
"USC00200864","BLOOMINGDALE, MI US","42.3838","-85.9626","224.3","2010-12",,"-16.1","13.3",,"-4.5","0.6","-9.5"
"US1MIOK0044","MILFORD 4.3 ESE, MI US","42.5727","-83.517587","283.8","2010-09",,,,,,,
"US1MIOK0044","MILFORD 4.3 ESE, MI US","42.5727","-83.517587","283.8","2010-10",,,,,,,
"US1MIOK0044","MILFORD 4.3 ESE, MI US","42.5727","-83.517587","283.8","2010-11",,,,,,,
"US1MINW0008","WHITE CLOUD 7.5 ENE, MI US","43.606302","-85.641918","298.1","2010-07",,,,,,,
"US1MINW0008","WHITE CLOUD 7.5 ENE, MI US","43.606302","-85.641918","298.1","2010-08",,,,,,,
"US1MINW0008","WHITE CLOUD 7.5 ENE, MI US","43.606302","-85.641918","298.1","2010-09",,,,,,,
"US1MINW0008","WHITE CLOUD 7.5 ENE, MI US","43.606302","-85.641918","298.1","2010-10",,,,,,,
"US1MINW0008","WHITE CLOUD 7.5 ENE, MI US","43.606302","-85.641918","298.1","2010-11",,,,,,,
"US1MINW0008","WHITE CLOUD 7.5 ENE, MI US","43.606302","-85.641918","298.1","2010-12",,,,,,,
"USC00202804","FILION 5 NNW, MI US","43.9158","-83.083","193.5","2010-07","183.9","6.7","33.9","8.3","21.9","27.8","15.9"
"USC00202804","FILION 5 NNW, MI US","43.9158","-83.083","193.5","2010-08","290.4","9.4","33.9","12.7","21.6","27.1","16.2"
"USC00202804","FILION 5 NNW, MI US","43.9158","-83.083","193.5","2010-09",,"3.9","33.3",,"15.6","21.0","10.1"
"USC00202804","FILION 5 NNW, MI US","43.9158","-83.083","193.5","2010-10",,"-0.6","23.3",,"10.4","15.7","5.2"
"USC00202804","FILION 5 NNW, MI US","43.9158","-83.083","193.5","2010-11",,"-5.6","17.2",,"4.3","9.3","-0.6"
"USC00202804","FILION 5 NNW, MI US","43.9158","-83.083","193.5","2010-12",,"-13.9","12.8",,"-3.9","-1.6","-6.1"
"US1MIOK0042","CLARKSTON 1.2 E, MI US","42.732577","-83.398241","315.5","2010-07",,,,,,,
"US1MIBN0007","WATERVLIET 0.7 NNE, MI US","42.19669","-86.25339","197.8","2010-07",,,,,,,
"US1MIBN0007","WATERVLIET 0.7 NNE, MI US","42.19669","-86.25339","197.8","2010-08",,,,,,,
"US1MIBN0007","WATERVLIET 0.7 NNE, MI US","42.19669","-86.25339","197.8","2010-10",,,,,,,
"US1MIBN0007","WATERVLIET 0.7 NNE, MI US","42.19669","-86.25339","197.8","2010-11",,,,,,,
"US1MIBN0007","WATERVLIET 0.7 NNE, MI US","42.19669","-86.25339","197.8","2010-12",,,,,,,
"USC00207275","ST. IGNACE, MI US","45.8608","-84.7196","201.5","2010-07","69.3","8.9","29.4","6.9","20.1","24.6","15.6"
"USC00207275","ST. IGNACE, MI US","45.8608","-84.7196","201.5","2010-08","136.9","10.6","28.9","15.4","20.3","24.5","16.1"
"USC00207275","ST. IGNACE, MI US","45.8608","-84.7196","201.5","2010-09",,,,,,,
"USC00207275","ST. IGNACE, MI US","45.8608","-84.7196","201.5","2010-10",,,,,,,
"USC00207275","ST. IGNACE, MI US","45.8608","-84.7196","201.5","2010-11",,"-5.0","10.6",,"3.2","6.0","0.3"
"USC00207275","ST. IGNACE, MI US","45.8608","-84.7196","201.5","2010-12",,"-16.1","8.3",,"-5.2","-2.4","-7.9"
"USC00206184","ONAWAY 4 N, MI US","45.4108","-84.2233","227.1","2010-07","162.2","5.0","33.3","5.0","21.6","28.4","14.9"
"USC00206184","ONAWAY 4 N, MI US","45.4108","-84.2233","227.1","2010-08","262.8","5.6","32.2","15.7","21.2","27.2","15.2"
"USC00206184","ONAWAY 4 N, MI US","45.4108","-84.2233","227.1","2010-09","273.7","0.6","31.7","156.4","14.0","19.7","8.3"
"USC00206184","ONAWAY 4 N, MI US","45.4108","-84.2233","227.1","2010-10","273.7","-3.3","25.0","435.6","9.3","15.8","2.9"
"USC00206184","ONAWAY 4 N, MI US","45.4108","-84.2233","227.1","2010-11","273.7","-7.8","18.3","874.7","3.7","8.3","-0.9"
"USC00206184","ONAWAY 4 N, MI US","45.4108","-84.2233","227.1","2010-12","273.7","-17.8","8.3","1594.9","-4.9","-1.8","-8.0"
"USC00207277","BEAVER ISLAND, MI US","45.6911","-85.5463","204.8","2010-07","117.4","7.2","29.4","6.4","21.0","26.1","15.9"
"USC00207277","BEAVER ISLAND, MI US","45.6911","-85.5463","204.8","2010-08","219.7","10.6","30.0","12.5","21.4","25.6","17.3"
"USC00207277","BEAVER ISLAND, MI US","45.6911","-85.5463","204.8","2010-09","222.8","3.9","25.6","147.0","13.9","17.7","10.2"
"USC00207277","BEAVER ISLAND, MI US","45.6911","-85.5463","204.8","2010-10","222.8","1.1","20.0","398.4","10.2","14.0","6.5"
"USC00207277","BEAVER ISLAND, MI US","45.6911","-85.5463","204.8","2010-11","222.8","-8.3","15.0","824.8","4.1","7.8","0.5"
"USC00207277","BEAVER ISLAND, MI US","45.6911","-85.5463","204.8","2010-12","222.8","-13.9","6.7","1503.7","-3.6","-1.3","-5.8"
"US1MIWY0031","CANTON 0.7 NW, MI US","42.3155","-83.4925","210.6","2010-08",,,,,,,
"US1MIWY0031","CANTON 0.7 NW, MI US","42.3155","-83.4925","210.6","2010-09",,,,,,,
"US1MIWY0031","CANTON 0.7 NW, MI US","42.3155","-83.4925","210.6","2010-10",,,,,,,
"US1MIWY0031","CANTON 0.7 NW, MI US","42.3155","-83.4925","210.6","2010-11",,,,,,,
"US1MIWY0031","CANTON 0.7 NW, MI US","42.3155","-83.4925","210.6","2010-12",,,,,,,
"USR0000MMIO","MIO MICHIGAN, MI US","44.6761","-84.1283","320.0","2010-07","134.2","5.0","32.2","8.4","20.8","27.8","13.7"
"USR0000MMIO","MIO MICHIGAN, MI US","44.6761","-84.1283","320.0","2010-08","226.8","3.9","32.8","29.8","20.6","27.4","13.8"
"USR0000MMIO","MIO MICHIGAN, MI US","44.6761","-84.1283","320.0","2010-09","234.6","-1.7","27.8","191.6","13.2","19.2","7.2"
"USR0000MMIO","MIO MICHIGAN, MI US","44.6761","-84.1283","320.0","2010-10","234.6","-6.7","25.6","517.2","7.8","15.2","0.4"
"USR0000MMIO","MIO MICHIGAN, MI US","44.6761","-84.1283","320.0","2010-11","234.6","-8.3","15.6","958.0","2.7","7.9","-2.6"
"USR0000MMIO","MIO MICHIGAN, MI US","44.6761","-84.1283","320.0","2010-12","234.6","-20.0","7.8","1694.7","-5.4","-1.9","-8.9"
"USC00205097","MAPLE CITY 1 E, MI US","44.855","-85.8352","243.5","2010-07","166.7","6.7","32.2","5.5","21.8","27.5","16.2"
"USC00205097","MAPLE CITY 1 E, MI US","44.855","-85.8352","243.5","2010-08","285.7","9.4","32.2","11.0","22.2","27.3","17.1"
"USC00205097","MAPLE CITY 1 E, MI US","44.855","-85.8352","243.5","2010-09",,,,,,,
"USC00205097","MAPLE CITY 1 E, MI US","44.855","-85.8352","243.5","2010-10",,"-1.1","23.9",,"10.3","15.3","5.4"
"USC00205097","MAPLE CITY 1 E, MI US","44.855","-85.8352","243.5","2010-11",,"-6.7","18.3",,"4.7","9.4","0.0"
"USC00205097","MAPLE CITY 1 E, MI US","44.855","-85.8352","243.5","2010-12",,"-13.9","7.8",,"-3.3","-0.8","-5.8"
"USC00206060","NUNICA 4 W, MI US","43.0975","-86.0894","192.0","2010-07",,,,,,,
"USC00206060","NUNICA 4 W, MI US","43.0975","-86.0894","192.0","2010-08",,,,,,,
"USC00206060","NUNICA 4 W, MI US","43.0975","-86.0894","192.0","2010-09",,,,,,,
"USC00206060","NUNICA 4 W, MI US","43.0975","-86.0894","192.0","2010-10",,,,,,,
"USC00206060","NUNICA 4 W, MI US","43.0975","-86.0894","192.0","2010-11",,,,,,,
"US1MIET0005","GRAND LEDGE 0.3 NNE, MI US","42.7569","-84.7453","254.2","2010-07",,,,,,,
"US1MIET0005","GRAND LEDGE 0.3 NNE, MI US","42.7569","-84.7453","254.2","2010-08",,,,,,,
"US1MIET0005","GRAND LEDGE 0.3 NNE, MI US","42.7569","-84.7453","254.2","2010-09",,,,,,,
"US1MIET0005","GRAND LEDGE 0.3 NNE, MI US","42.7569","-84.7453","254.2","2010-10",,,,,,,
"US1MIET0005","GRAND LEDGE 0.3 NNE, MI US","42.7569","-84.7453","254.2","2010-11",,,,,,,
"US1MIET0005","GRAND LEDGE 0.3 NNE, MI US","42.7569","-84.7453","254.2","2010-12",,,,,,,
"US1MIET0002","GRAND LEDGE 4.5 ESE, MI US","42.73693","-84.66184","262.1","2010-08",,,,,,,
"US1MIET0002","GRAND LEDGE 4.5 ESE, MI US","42.73693","-84.66184","262.1","2010-11",,,,,,,
"US1MIET0003","LANSING 3.9 WNW, MI US","42.724201","-84.627866","267.3","2010-09",,,,,,,
"US1MIET0003","LANSING 3.9 WNW, MI US","42.724201","-84.627866","267.3","2010-10",,,,,,,
"US1MIET0003","LANSING 3.9 WNW, MI US","42.724201","-84.627866","267.3","2010-11",,,,,,,
"USC00200758","BEULAH 7 SSW, MI US","44.5316","-86.1311","235.6","2010-07","197.7","7.2","31.7","5.8","22.4","27.5","17.2"
"USC00200758","BEULAH 7 SSW, MI US","44.5316","-86.1311","235.6","2010-08","313.1","10.0","32.2","11.1","22.0","27.0","17.1"
"USC00200758","BEULAH 7 SSW, MI US","44.5316","-86.1311","235.6","2010-09","329.8","4.4","31.1","127.6","15.0","20.1","9.9"
"USC00200758","BEULAH 7 SSW, MI US","44.5316","-86.1311","235.6","2010-10","329.8","0.6","23.9","363.2","10.7","15.7","5.7"
"USC00200758","BEULAH 7 SSW, MI US","44.5316","-86.1311","235.6","2010-11","329.8","-6.7","18.3","778.4","4.5","8.7","0.3"
"USC00200758","BEULAH 7 SSW, MI US","44.5316","-86.1311","235.6","2010-12","329.8","-12.8","8.3","1431.3","-3.5","-0.7","-6.2"
"US1MIWY0032","BELLEVILLE 2.3 NNE, MI US","42.235438","-83.472417","207.9","2010-09",,,,,,,
"US1MIWY0032","BELLEVILLE 2.3 NNE, MI US","42.235438","-83.472417","207.9","2010-10",,,,,,,
"US1MIWY0032","BELLEVILLE 2.3 NNE, MI US","42.235438","-83.472417","207.9","2010-11",,,,,,,
"US1MIWY0033","LIVONIA 2.3 NNW, MI US","42.431002","-83.381911","210.9","2010-07",,,,,,,
"US1MIWY0033","LIVONIA 2.3 NNW, MI US","42.431002","-83.381911","210.9","2010-09",,,,,,,
"US1MIWY0033","LIVONIA 2.3 NNW, MI US","42.431002","-83.381911","210.9","2010-10",,,,,,,
"US1MIWY0033","LIVONIA 2.3 NNW, MI US","42.431002","-83.381911","210.9","2010-11",,,,,,,
"US1MIWY0033","LIVONIA 2.3 NNW, MI US","42.431002","-83.381911","210.9","2010-12",,,,,,,
"US1MIMQ0012","ISHPEMING 2.5 W, MI US","46.489911","-87.715361","449.6","2010-07",,,,,,,
"US1MIMQ0012","ISHPEMING 2.5 W, MI US","46.489911","-87.715361","449.6","2010-08",,,,,,,
"US1MIMQ0012","ISHPEMING 2.5 W, MI US","46.489911","-87.715361","449.6","2010-09",,,,,,,
"US1MIWY0020","LIVONIA 2.2 WNW, MI US","42.406371","-83.413232","208.2","2010-07",,,,,,,
"US1MIWY0020","LIVONIA 2.2 WNW, MI US","42.406371","-83.413232","208.2","2010-08",,,,,,,
"US1MIWY0020","LIVONIA 2.2 WNW, MI US","42.406371","-83.413232","208.2","2010-09",,,,,,,
"US1MIWY0020","LIVONIA 2.2 WNW, MI US","42.406371","-83.413232","208.2","2010-10",,,,,,,
"US1MIWY0020","LIVONIA 2.2 WNW, MI US","42.406371","-83.413232","208.2","2010-11",,,,,,,
"USC00207280","SAINT JOHNS, MI US","43.0128","-84.5547","226.5","2010-07","364.1","10.6","35.0","0.8","24.6","30.6","18.6"
"USC00207280","SAINT JOHNS, MI US","43.0128","-84.5547","226.5","2010-08","540.4","11.7","35.6","0.8","24.0","29.9","18.1"
"USC00207280","SAINT JOHNS, MI US","43.0128","-84.5547","226.5","2010-09","580.9","6.1","33.3","62.6","17.5","23.3","11.7"
"USC00207280","SAINT JOHNS, MI US","43.0128","-84.5547","226.5","2010-10","582.1","1.7","27.2","243.9","12.5","18.5","6.6"
"USC00207280","SAINT JOHNS, MI US","43.0128","-84.5547","226.5","2010-11","582.1","-4.4","20.0","635.6","5.3","10.6","0.0"
"USC00207280","SAINT JOHNS, MI US","43.0128","-84.5547","226.5","2010-12","582.1","-12.2","13.3","1275.8","-3.0","0.3","-6.2"
"USC00208490","VICKSBURG 1 NE, MI US","42.1147","-85.4856","258.2","2010-07",,,,,,,
"USC00208490","VICKSBURG 1 NE, MI US","42.1147","-85.4856","258.2","2010-08",,,,,,,
"USC00208490","VICKSBURG 1 NE, MI US","42.1147","-85.4856","258.2","2010-09",,,,,,,
"USC00208490","VICKSBURG 1 NE, MI US","42.1147","-85.4856","258.2","2010-10",,,,,,,
"USC00208490","VICKSBURG 1 NE, MI US","42.1147","-85.4856","258.2","2010-11",,,,,,,
"USC00208490","VICKSBURG 1 NE, MI US","42.1147","-85.4856","258.2","2010-12",,,,,,,
"US1MIMQ0007","SKANDIA 2.1 NNW, MI US","46.40579","-87.24775","230.1","2010-07",,,,,,,
"US1MIMQ0007","SKANDIA 2.1 NNW, MI US","46.40579","-87.24775","230.1","2010-08",,,,,,,
"US1MIMQ0007","SKANDIA 2.1 NNW, MI US","46.40579","-87.24775","230.1","2010-09",,,,,,,
"US1MIMQ0007","SKANDIA 2.1 NNW, MI US","46.40579","-87.24775","230.1","2010-10",,,,,,,
"US1MIET0001","LANSING 3.8 WNW, MI US","42.722426","-84.626935","267.9","2010-07",,,,,,,
"US1MIET0001","LANSING 3.8 WNW, MI US","42.722426","-84.626935","267.9","2010-09",,,,,,,
"US1MIET0001","LANSING 3.8 WNW, MI US","42.722426","-84.626935","267.9","2010-10",,,,,,,
"USC00203913","HOPE 3 SW, MI US","43.73","-84.3702","199.6","2010-07",,,,,,,
"USR0000MBRR","BEAR MICHIGAN, MI US","44.8019","-86.0508","289.9","2010-07","186.3","9.4","31.7","2.8","22.2","27.3","17.2"
"USR0000MBRR","BEAR MICHIGAN, MI US","44.8019","-86.0508","289.9","2010-08","309.3","11.7","32.2","4.2","22.3","27.0","17.5"
"USR0000MBRR","BEAR MICHIGAN, MI US","44.8019","-86.0508","289.9","2010-09","316.2","5.6","26.1","113.9","14.9","19.4","10.4"
"USR0000MBRR","BEAR MICHIGAN, MI US","44.8019","-86.0508","289.9","2010-10","316.2","0.6","23.3","351.3","10.7","14.6","6.7"
"USR0000MBRR","BEAR MICHIGAN, MI US","44.8019","-86.0508","289.9","2010-11","316.2","-6.1","17.8","742.6","4.4","8.3","0.6"
"USR0000MBRR","BEAR MICHIGAN, MI US","44.8019","-86.0508","289.9","2010-12","316.2","-10.6","7.8","1400.6","-2.9","-1.0","-4.8"
"US1MIIN0001","SARANAC 2.6 NE, MI US","42.957642","-85.173759","203.3","2010-07",,,,,,,
"US1MIIN0001","SARANAC 2.6 NE, MI US","42.957642","-85.173759","203.3","2010-08",,,,,,,
"US1MIIN0001","SARANAC 2.6 NE, MI US","42.957642","-85.173759","203.3","2010-09",,,,,,,
"US1MIIN0001","SARANAC 2.6 NE, MI US","42.957642","-85.173759","203.3","2010-10",,,,,,,
"US1MIIN0001","SARANAC 2.6 NE, MI US","42.957642","-85.173759","203.3","2010-11",,,,,,,
"US1MIIN0001","SARANAC 2.6 NE, MI US","42.957642","-85.173759","203.3","2010-12",,,,,,,
"US1MIIN0003","ORLEANS 1.3 SSE, MI US","43.0513","-85.1245","259.1","2010-07",,,,,,,
"US1MIIN0003","ORLEANS 1.3 SSE, MI US","43.0513","-85.1245","259.1","2010-08",,,,,,,
"US1MIIN0003","ORLEANS 1.3 SSE, MI US","43.0513","-85.1245","259.1","2010-09",,,,,,,
"US1MIIN0003","ORLEANS 1.3 SSE, MI US","43.0513","-85.1245","259.1","2010-10",,,,,,,
"US1MIIN0003","ORLEANS 1.3 SSE, MI US","43.0513","-85.1245","259.1","2010-11",,,,,,,
"US1MIMQ0004","MARQUETTE 6.5 SSE, MI US","46.4631","-87.34705","219.5","2010-07",,,,,,,
"US1MIMQ0004","MARQUETTE 6.5 SSE, MI US","46.4631","-87.34705","219.5","2010-08",,,,,,,
"US1MIMQ0004","MARQUETTE 6.5 SSE, MI US","46.4631","-87.34705","219.5","2010-09",,,,,,,
"US1MIMQ0001","MARQUETTE 5.5 SSE, MI US","46.4731","-87.3678","220.1","2010-07",,,,,,,
"US1MIMQ0001","MARQUETTE 5.5 SSE, MI US","46.4731","-87.3678","220.1","2010-09",,,,,,,
"US1MIMQ0001","MARQUETTE 5.5 SSE, MI US","46.4731","-87.3678","220.1","2010-10",,,,,,,
"US1MIMQ0001","MARQUETTE 5.5 SSE, MI US","46.4731","-87.3678","220.1","2010-11",,,,,,,
"USC00208249","TRAVERSE CITY MUNSON, MI US","44.7607","-85.6443","193.5","2010-07","216.8","8.3","33.3","6.1","22.7","27.6","17.7"
"USC00208249","TRAVERSE CITY MUNSON, MI US","44.7607","-85.6443","193.5","2010-08","337.5","11.7","32.8","10.8","22.1","27.3","16.8"
"USC00208249","TRAVERSE CITY MUNSON, MI US","44.7607","-85.6443","193.5","2010-09","352.8","4.4","32.2","135.4","14.7","19.7","9.7"
"USC00208249","TRAVERSE CITY MUNSON, MI US","44.7607","-85.6443","193.5","2010-10","352.8","0.0","24.4","376.8","10.6","15.5","5.6"
"USC00208249","TRAVERSE CITY MUNSON, MI US","44.7607","-85.6443","193.5","2010-11","352.8","-6.7","18.3","797.9","4.3","8.5","0.1"
"USC00208249","TRAVERSE CITY MUNSON, MI US","44.7607","-85.6443","193.5","2010-12","352.8","-12.2","8.9","1471.2","-3.4","-1.1","-5.7"
"USC00209110","WYANDOTTE, MI US","42.20844","-83.1626","176.8","2010-07",,,,,,,
"USC00209110","WYANDOTTE, MI US","42.20844","-83.1626","176.8","2010-08",,,,,,,
"USC00209110","WYANDOTTE, MI US","42.20844","-83.1626","176.8","2010-09",,,,,,,
"USC00209110","WYANDOTTE, MI US","42.20844","-83.1626","176.8","2010-10",,,,,,,
"USC00209110","WYANDOTTE, MI US","42.20844","-83.1626","176.8","2010-11",,,,,,,
"USC00209110","WYANDOTTE, MI US","42.20844","-83.1626","176.8","2010-12",,,,,,,
"USC00201502","CHELSEA, MI US","42.3263","-84.0133","274.3","2010-07","280.8","8.3","33.3","5.6","23.3","29.4","17.3"
"USC00201502","CHELSEA, MI US","42.3263","-84.0133","274.3","2010-08","406.3","8.3","33.3","7.3","22.3","28.2","16.5"
"USC00201502","CHELSEA, MI US","42.3263","-84.0133","274.3","2010-09","445.5","4.4","32.8","88.2","16.9","22.6","11.3"
"USC00201502","CHELSEA, MI US","42.3263","-84.0133","274.3","2010-10","447.0","-2.2","27.8","284.6","11.8","18.1","5.5"
"USC00201502","CHELSEA, MI US","42.3263","-84.0133","274.3","2010-11","447.0","-7.2","20.0","725.6","3.6","9.6","-2.4"
"USC00201502","CHELSEA, MI US","42.3263","-84.0133","274.3","2010-12","447.0","-16.7","13.3","1434.6","-4.5","-1.3","-7.8"
"USC00202955","FRANKENMUTH 1 SE, MI US","43.3194","-83.7161","193.5","2010-07",,,,,,,
"USC00202955","FRANKENMUTH 1 SE, MI US","43.3194","-83.7161","193.5","2010-08",,,,,,,
"USC00202955","FRANKENMUTH 1 SE, MI US","43.3194","-83.7161","193.5","2010-09",,"4.4","32.8",,"15.8","21.2","10.4"
"USC00202955","FRANKENMUTH 1 SE, MI US","43.3194","-83.7161","193.5","2010-10",,,"25.0",,,"17.1",
"USC00202955","FRANKENMUTH 1 SE, MI US","43.3194","-83.7161","193.5","2010-11",,"-5.0","17.2",,"3.7","9.3","-1.9"
"USC00202955","FRANKENMUTH 1 SE, MI US","43.3194","-83.7161","193.5","2010-12",,"-16.1","13.9",,"-4.6","-1.7","-7.4"
"USC00200779","BIG RAPIDS WATER TREATMENT PLANT, MI US","43.7072","-85.4819","273.7","2010-07","205.5","6.1","32.2","6.7","22.3","28.8","15.7"
"USC00200779","BIG RAPIDS WATER TREATMENT PLANT, MI US","43.7072","-85.4819","273.7","2010-08","311.1","7.8","32.8","13.1","21.5","27.9","15.2"
"USC00200779","BIG RAPIDS WATER TREATMENT PLANT, MI US","43.7072","-85.4819","273.7","2010-09","329.1","1.7","32.2","155.8","14.2","20.6","7.7"
"USC00200779","BIG RAPIDS WATER TREATMENT PLANT, MI US","43.7072","-85.4819","273.7","2010-10","329.1","-2.2","25.6","430.7","9.5","16.6","2.4"
"USC00200779","BIG RAPIDS WATER TREATMENT PLANT, MI US","43.7072","-85.4819","273.7","2010-11","329.1","-6.1","15.6","891.1","3.0","8.1","-2.1"
"USC00200779","BIG RAPIDS WATER TREATMENT PLANT, MI US","43.7072","-85.4819","273.7","2010-12","329.1","-19.4","8.9","1609.2","-4.8","-1.7","-8.0"
"USC00200417","BAD AXE, MI US","43.808","-82.9938","217.9","2010-07","229.3","8.3","33.3","5.8","22.7","28.2","17.2"
"USC00200417","BAD AXE, MI US","43.808","-82.9938","217.9","2010-08","353.3","11.1","33.9","8.3","22.3","27.5","17.0"
"USC00200417","BAD AXE, MI US","43.808","-82.9938","217.9","2010-09","380.8","5.0","33.9","111.6","15.7","20.9","10.4"
"USC00200417","BAD AXE, MI US","43.808","-82.9938","217.9","2010-10","380.8","0.6","24.4","347.2","10.7","15.9","5.6"
"USC00200417","BAD AXE, MI US","43.808","-82.9938","217.9","2010-11","380.8","-6.1","16.7","764.1","3.9","8.4","-0.6"
"USC00200417","BAD AXE, MI US","43.808","-82.9938","217.9","2010-12","380.8","-13.9","13.3","1450.7","-3.8","-1.7","-6.0"
"USC00200770","BIG BAY 1 NW, MI US","46.8325","-87.7504","233.2","2010-07","122.0","5.0","33.3","18.4","20.5","25.6","15.3"
"USC00200770","BIG BAY 1 NW, MI US","46.8325","-87.7504","233.2","2010-08","206.9","9.4","34.4","37.8","20.4","25.5","15.4"
"USC00200770","BIG BAY 1 NW, MI US","46.8325","-87.7504","233.2","2010-09","211.1","0.6","28.3","231.5","12.0","17.3","6.7"
"USC00200770","BIG BAY 1 NW, MI US","46.8325","-87.7504","233.2","2010-10","211.1","0.0","26.1","506.5","9.5","14.5","4.4"
"USC00200770","BIG BAY 1 NW, MI US","46.8325","-87.7504","233.2","2010-11","211.1","-13.9","17.2","1002.1","1.8","6.0","-2.4"
"USC00200770","BIG BAY 1 NW, MI US","46.8325","-87.7504","233.2","2010-12","211.1","-14.4","8.3","1726.3","-5.0","-2.2","-7.9"
"US1MISC0003","PORT HURON 1.6 W, MI US","42.996173","-82.464307","186.2","2010-07",,,,,,,
"US1MISC0003","PORT HURON 1.6 W, MI US","42.996173","-82.464307","186.2","2010-08",,,,,,,
"US1MISC0003","PORT HURON 1.6 W, MI US","42.996173","-82.464307","186.2","2010-09",,,,,,,
"US1MISC0003","PORT HURON 1.6 W, MI US","42.996173","-82.464307","186.2","2010-10",,,,,,,
"US1MISC0003","PORT HURON 1.6 W, MI US","42.996173","-82.464307","186.2","2010-11",,,,,,,
"US1MISC0003","PORT HURON 1.6 W, MI US","42.996173","-82.464307","186.2","2010-12",,,,,,,
"US1MISC0001","ST. CLAIR 4.8 W, MI US","42.8365","-82.5873","192.9","2010-07",,,,,,,
"US1MISC0001","ST. CLAIR 4.8 W, MI US","42.8365","-82.5873","192.9","2010-08",,,,,,,
"US1MISC0001","ST. CLAIR 4.8 W, MI US","42.8365","-82.5873","192.9","2010-09",,,,,,,
"US1MISC0001","ST. CLAIR 4.8 W, MI US","42.8365","-82.5873","192.9","2010-10",,,,,,,
"US1MISC0001","ST. CLAIR 4.8 W, MI US","42.8365","-82.5873","192.9","2010-11",,,,,,,
"USC00203932","HOUGHTON LAKE 6 WSW, MI US","44.3119","-84.8922","345.9","2010-07","152.1","1.7","32.8","10.3","21.1","28.6","13.5"
"USC00203932","HOUGHTON LAKE 6 WSW, MI US","44.3119","-84.8922","345.9","2010-08","230.1","3.3","33.9","28.4","20.5","27.9","13.0"
"USC00203932","HOUGHTON LAKE 6 WSW, MI US","44.3119","-84.8922","345.9","2010-09","241.8","-1.7","32.8","193.5","13.2","20.2","6.2"
"USC00203932","HOUGHTON LAKE 6 WSW, MI US","44.3119","-84.8922","345.9","2010-10","241.8","-6.1","25.6","491.7","8.7","16.8","0.6"
"USC00203932","HOUGHTON LAKE 6 WSW, MI US","44.3119","-84.8922","345.9","2010-11","241.8","-10.0","16.1","970.5","2.4","8.1","-3.4"
"USC00203932","HOUGHTON LAKE 6 WSW, MI US","44.3119","-84.8922","345.9","2010-12","241.8","-21.1","10.0","1715.6","-5.7","-1.5","-9.9"
"USC00203930","HOUGHTON LAKE 2 NW, MI US","44.3122","-84.7747","353.9","2010-07","164.9","3.9","31.7","9.4","21.3","28.0","14.7"
"USC00203930","HOUGHTON LAKE 2 NW, MI US","44.3122","-84.7747","353.9","2010-08","255.7","6.1","32.2","24.7","20.8","27.2","14.4"
"USC00203930","HOUGHTON LAKE 2 NW, MI US","44.3122","-84.7747","353.9","2010-09","270.7","0.0","31.7","169.7","13.8","19.8","7.9"
"USC00203930","HOUGHTON LAKE 2 NW, MI US","44.3122","-84.7747","353.9","2010-10","270.7","-3.9","25.0","447.3","8.7","16.2","1.2"
"USC00203930","HOUGHTON LAKE 2 NW, MI US","44.3122","-84.7747","353.9","2010-11","270.7","-8.9","15.6","920.4","2.6","7.6","-2.5"
"USC00203930","HOUGHTON LAKE 2 NW, MI US","44.3122","-84.7747","353.9","2010-12","270.7","-17.8","9.4","1648.9","-5.9","-1.8","-10.1"
